14,0,広島電鉄,,共通
15,0,広島バス,,共通
1F,0,中国JRバス,,共通
1F,BB8,中国JRバス,,西条駅
1F,BC5,中国JRバス,,広大西口
22,0,阪急バス,,共通
33,0,神姫バス,,共通
33,68F,神姫バス,,大原
FF,0,中国JRバス,,共通
FF,DDB,中国JRバス,,江熊
102,1,旭川電気軌道,,東光11条3丁目
102,2,旭川電気軌道,,東光10条3丁目
102,3,旭川電気軌道,,東光9条2丁目
102,4,旭川電気軌道,,東光6条1丁目
102,5,旭川電気軌道,,東光3条1丁目
102,6,旭川電気軌道,自動券売機,道の駅ひがしかわ 道草館
102,7,旭川電気軌道,,1条25丁目
102,8,旭川電気軌道,,1条22丁目
102,9,旭川電気軌道,,1条20丁目
102,A,旭川電気軌道,,1条18丁目
102,B,旭川電気軌道,,1条15丁目
102,C,旭川電気軌道,,1条12丁目
102,D,旭川電気軌道,,1条9丁目
102,E,旭川電気軌道,,1条7丁目
102,F,旭川電気軌道,,1条4丁目
102,11,旭川電気軌道,,旭川赤十字病院前 (曙1条2丁目)
102,12,旭川電気軌道,,曙1条5丁目
102,13,旭川電気軌道,,4条西4丁目
102,14,旭川電気軌道,,新町小学校
102,15,旭川電気軌道,,4条1丁目
102,16,旭川電気軌道,,4条4丁目
102,17,旭川電気軌道,,4条7丁目
102,18,旭川電気軌道,,4条9丁目
102,19,旭川電気軌道,,4条11丁目
102,1A,旭川電気軌道,,4条14丁目
102,1B,旭川電気軌道,,4条18丁目
102,1C,旭川電気軌道,,4条21丁目
102,1D,旭川電気軌道,,4条24丁目
102,1E,旭川電気軌道,,豊岡4条1丁目
102,1F,旭川電気軌道,,豊岡4条2丁目
102,20,旭川電気軌道,,豊岡4条3丁目
102,21,旭川電気軌道,,豊岡2条3丁目
102,22,旭川電気軌道,,東光1条3丁目
102,23,旭川電気軌道,,東光4条3丁目
102,24,旭川電気軌道,,東光7条3丁目
102,25,旭川電気軌道,,豊岡1条1丁目
102,27,旭川電気軌道,,東光1条4丁目
102,28,旭川電気軌道,,旭神3条5丁目
102,29,旭川電気軌道,,宮下11丁目
102,2F,旭川電気軌道,,4条12丁目
102,30,旭川電気軌道,,4条8丁目
102,31,旭川電気軌道,,1条2丁目
102,32,旭川電気軌道,,1条5丁目
102,33,旭川電気軌道,,1条8丁目
102,34,旭川電気軌道,,旭川赤十字病院前 (曙1条1丁目)
102,35,旭川電気軌道,,東光スポーツ公園前
102,36,旭川電気軌道,,東光17条9丁目
102,37,旭川電気軌道,,東光20条9丁目
102,38,旭川電気軌道,,東光20条8丁目
102,39,旭川電気軌道,,東光17条6丁目
102,3A,旭川電気軌道,,東光22条6丁目
102,3B,旭川電気軌道,,東光23条6丁目
102,3C,旭川電気軌道,,東光19条5丁目
102,3D,旭川電気軌道,,東光16条7丁目
102,3E,旭川電気軌道,,東光16条5丁目
102,3F,旭川電気軌道,,東光14条4丁目
102,40,旭川電気軌道,,豊岡3条2丁目
102,41,旭川電気軌道,,東光2条5丁目
102,42,旭川電気軌道,,東光6条5丁目
102,43,旭川電気軌道,,東光9条5丁目
102,44,旭川電気軌道,,東光13条5丁目
102,48,旭川電気軌道,,東光7条10丁目
102,49,旭川電気軌道,,豊岡7条10丁目
102,4A,旭川電気軌道,,東光4条10丁目
102,4B,旭川電気軌道,,豊岡1条10丁目
102,4C,旭川電気軌道,,豊岡4条10丁目
102,4D,旭川電気軌道,,豊岡8条10丁目
102,4E,旭川電気軌道,,豊岡8条7丁目
102,4F,旭川電気軌道,,豊岡8条6丁目
102,50,旭川電気軌道,,豊岡8条5丁目
102,51,旭川電気軌道,,豊岡7条3丁目
102,52,旭川電気軌道,,豊岡7条2丁目
102,53,旭川電気軌道,,豊岡7条1丁目
102,54,旭川電気軌道,,豊岡5条1丁目
102,55,旭川電気軌道,,神楽3条4丁目
102,56,旭川電気軌道,,神楽4条4丁目
102,58,旭川電気軌道,,神居2条12丁目
102,59,旭川電気軌道,,神居4条13丁目
102,5A,旭川電気軌道,,神居7条12丁目
102,5B,旭川電気軌道,,神居6条10丁目
102,5C,旭川電気軌道,,神居4条10丁目
102,5D,旭川電気軌道,,神居3条10丁目
102,5E,旭川電気軌道,,神居1条10丁目
102,69,旭川電気軌道,,8条24丁目
102,6A,旭川電気軌道,,8条22丁目
102,6B,旭川電気軌道,,8条19丁目
102,6C,旭川電気軌道,,8条17丁目
102,6D,旭川電気軌道,,8条15丁目
102,6E,旭川電気軌道,,6条15丁目
102,6F,旭川電気軌道,,6条12丁目
102,70,旭川電気軌道,,6条10丁目
102,71,旭川電気軌道,,10条12丁目
102,7B,旭川電気軌道,,新富2条2丁目
102,7D,旭川電気軌道,,新富2条1丁目
102,7E,旭川電気軌道,,東6条8丁目
102,7F,旭川電気軌道,,東6条6丁目
102,80,旭川電気軌道,,東6条4丁目
102,81,旭川電気軌道,,東6条2丁目
102,83,旭川電気軌道,,9条15丁目
102,84,旭川電気軌道,,神居2条9丁目
102,85,旭川電気軌道,,神居2条6丁目
102,86,旭川電気軌道,,神居2条4丁目
102,87,旭川電気軌道,,神居2条3丁目
102,88,旭川電気軌道,,神居2条1丁目
102,89,旭川電気軌道,,新富2条2丁目5
102,92,旭川電気軌道,,末広6条1丁目
102,93,旭川電気軌道,,末広5条1丁目
102,94,旭川電気軌道,,末広4条1丁目
102,95,旭川電気軌道,,春光5条8丁目
102,96,旭川電気軌道,,春光5条7丁目
102,97,旭川電気軌道,,春光園前
102,98,旭川電気軌道,,春光5条4丁目
102,99,旭川電気軌道,,春光5条3丁目
102,9A,旭川電気軌道,,春光5条1丁目
102,9B,旭川電気軌道,,北星中学校
102,9C,旭川電気軌道,,向陵小学校
102,9D,旭川電気軌道,,大町2条10丁目
102,9E,旭川電気軌道,,大町1条10丁目
102,9F,旭川電気軌道,,旭町2条10丁目
102,A0,旭川電気軌道,,旭町2条6丁目
102,A1,旭川電気軌道,,旭町2条4丁目
102,A2,旭川電気軌道,,本町
102,A3,旭川電気軌道,,常磐公園前
102,A4,旭川電気軌道,,市役所前
102,A5,旭川電気軌道,,5条9丁目
102,A6,旭川電気軌道,,3条9丁目
102,A7,旭川電気軌道,,旭川駅 (1〜10番)
102,A8,旭川電気軌道,,2条昭和通
102,A9,旭川電気軌道,,4条昭和通
102,AA,旭川電気軌道,,6条昭和通
102,AB,旭川電気軌道,,大町1条3丁目
102,AC,旭川電気軌道,,護国神社
102,AD,旭川電気軌道,,スタルヒン球場前
102,AE,旭川電気軌道,,花咲4丁目・自衛隊前
102,AF,旭川電気軌道,,花咲6丁目 (藤高前)
102,B0,旭川電気軌道,,花咲7丁目 (旭川医療センター前)
102,B1,旭川電気軌道,,春光小学校
102,B2,旭川電気軌道,,末広3条1丁目
102,B3,旭川電気軌道,,北消防署春光前
102,C1,旭川電気軌道,,1条昭和通
102,D8,旭川電気軌道,,曙1条7丁目
102,D9,旭川電気軌道,,亀吉3条1丁目
102,E1,旭川電気軌道,,大雪クリスタルホール前 (神楽3条7丁目)
102,E2,旭川電気軌道,,神楽4条10丁目
102,E3,旭川電気軌道,,神楽4条5丁目
102,E4,旭川電気軌道,,神楽4条7丁目
102,E5,旭川電気軌道,,神楽4条8丁目
102,E6,旭川電気軌道,,神楽4条11丁目
102,E7,旭川電気軌道,,神楽4条12丁目
102,E8,旭川電気軌道,,神楽岡駅前
102,E9,旭川電気軌道,,神楽岡12条3丁目
102,EA,旭川電気軌道,,神楽岡12条4丁目
102,EB,旭川電気軌道,,神楽岡12条5丁目
102,EC,旭川電気軌道,,神楽岡12条6丁目
102,ED,旭川電気軌道,,神楽岡10条6丁目
102,EE,旭川電気軌道,,神楽岡6条7丁目
102,EF,旭川電気軌道,,緑が丘4条1丁目
102,F0,旭川電気軌道,,緑が丘4条3丁目
102,F1,旭川電気軌道,,緑が丘4条4丁目
102,F2,旭川電気軌道,,緑が丘3条4丁目
102,F5,旭川電気軌道,,医大病院前
102,F6,旭川電気軌道,,旭川医大前
102,FF,旭川電気軌道,,春光3条7丁目
102,100,旭川電気軌道,,春光4条4丁目
102,101,旭川電気軌道,,春光4条2丁目
102,102,旭川電気軌道,,春光4条1丁目
102,103,旭川電気軌道,,大町2条8丁目
102,104,旭川電気軌道,,大町2条5丁目
102,105,旭川電気軌道,,大町2条1丁目
102,106,旭川電気軌道,,東1条2丁目
102,107,旭川電気軌道,,市立病院
102,108,旭川電気軌道,,10条9丁目
102,109,旭川電気軌道,,6条7丁目
102,116,旭川電気軌道,,春光5条5丁目
102,118,旭川電気軌道,,春光6条7丁目
102,119,旭川電気軌道,,春光6条8丁目
102,121,旭川電気軌道,,近文25丁目
102,122,旭川電気軌道,,緑町25丁目
102,123,旭川電気軌道,,緑町22丁目
102,124,旭川電気軌道,,緑町20丁目
102,126,旭川電気軌道,,北門19丁目
102,127,旭川電気軌道,,旭町19丁目
102,128,旭川電気軌道,,旭町2条18丁目
102,129,旭川電気軌道,,旭町2条15丁目
102,12A,旭川電気軌道,,旭町2条13丁目
102,135,旭川電気軌道,,北門21丁目
102,136,旭川電気軌道,,北門16丁目
102,137,旭川電気軌道,,北門14丁目
102,138,旭川電気軌道,,アイヌ記念館
102,139,旭川電気軌道,,北門9丁目
102,13A,旭川電気軌道,,川端3条8丁目
102,13B,旭川電気軌道,,川端3条6丁目
102,13C,旭川電気軌道,,川端3条4丁目
102,13D,旭川電気軌道,,8条西1丁目
102,13E,旭川電気軌道,,旭岡6丁目
102,13F,旭川電気軌道,,旭岡5丁目
102,148,旭川電気軌道,,旭岡3丁目
102,149,旭川電気軌道,,北邦野草園入口
102,14A,旭川電気軌道,,緑町17丁目
102,14B,旭川電気軌道,,緑町15丁目
102,14C,旭川電気軌道,,緑町13丁目
102,14D,旭川電気軌道,,川端6条10丁目
102,14E,旭川電気軌道,,6条西6丁目
102,164,旭川電気軌道,,大町2条15丁目
102,165,旭川電気軌道,,北門15丁目
102,16F,旭川電気軌道,,東4条11丁目
102,170,旭川電気軌道,,秋月2条2丁目
102,171,旭川電気軌道,,東4条9丁目
102,172,旭川電気軌道,,東4条6丁目
102,173,旭川電気軌道,,東4条4丁目
102,174,旭川電気軌道,,東4条2丁目
102,178,旭川電気軌道,,2条緑橋通
102,196,旭川電気軌道,,旭山公園入口
102,197,旭川電気軌道,,東旭川工業団地1条2丁目
102,198,旭川電気軌道,,東旭川工業団地1条1丁目
102,199,旭川電気軌道,,東旭川1条7丁目
102,19A,旭川電気軌道,,東旭川1条6丁目
102,19B,旭川電気軌道,,東旭川1条5丁目
102,19C,旭川電気軌道,,東旭川1条3丁目
102,19D,旭川電気軌道,,東旭川1条2丁目
102,19E,旭川電気軌道,,豊岡14条9丁目
102,19F,旭川電気軌道,,豊岡14条7丁目
102,1A0,旭川電気軌道,,豊岡13条6丁目
102,1A1,旭川電気軌道,,豊岡10条5丁目
102,1A2,旭川電気軌道,,豊岡5条4丁目
102,1A3,旭川電気軌道,,旭川駅前 (21〜27番)
102,1A4,旭川電気軌道,,豊岡7条6丁目
102,1A6,旭川電気軌道,,豊岡1条6丁目
102,1A7,旭川電気軌道,,東光5条6丁目
102,1A8,旭川電気軌道,,東光12条6丁目
102,1AE,旭川電気軌道,,豊岡13条5丁目
102,1AF,旭川電気軌道,,豊岡12条3丁目
102,1B0,旭川電気軌道,,豊岡11条2丁目
102,1B1,旭川電気軌道,,10条22丁目
102,1B2,旭川電気軌道,,8条18丁目
102,1B3,旭川電気軌道,,6条18丁目
102,1B4,旭川電気軌道,,6条20丁目
102,1E6,旭川電気軌道,,ひがしかわ道草館
102,1EB,旭川電気軌道,,東旭川駅
102,200,旭川電気軌道,,東光13条7丁目
102,201,旭川電気軌道,,東光9条7丁目
102,202,旭川電気軌道,,東光6条7丁目
102,203,旭川電気軌道,,東光3条7丁目
102,204,旭川電気軌道,,豊岡2条7丁目
102,205,旭川電気軌道,,豊岡4条7丁目
102,206,旭川電気軌道,,豊岡4条6丁目
102,207,旭川電気軌道,,豊岡4条5丁目
102,208,旭川電気軌道,,豊岡4条4丁目
102,209,旭川電気軌道,,豊岡4条9丁目
102,20A,旭川電気軌道,,豊岡2条9丁目
102,20B,旭川電気軌道,,東光2条9丁目
102,20C,旭川電気軌道,,東光7条9丁目
102,222,旭川電気軌道,,東川小学校
102,223,旭川電気軌道,,東川町役場前
102,224,旭川電気軌道,,東川北町1丁目
102,225,旭川電気軌道,,東川東町2丁目
102,226,旭川電気軌道,,東川北町3丁目
102,227,旭川電気軌道,,東川北町4丁目
102,228,旭川電気軌道,,東川北町6丁目
102,229,旭川電気軌道,,東川北町8丁目
102,22A,旭川電気軌道,,東川北町10丁目
102,22B,旭川電気軌道,,東旭川忠別西10号
102,22C,旭川電気軌道,,東旭川忠別上7号
102,22D,旭川電気軌道,,東旭川旭正上6号
102,22E,旭川電気軌道,,東旭川上旭正
102,22F,旭川電気軌道,,東旭川旭正
102,230,旭川電気軌道,,東旭川共栄坂の上
102,231,旭川電気軌道,,共栄営業所前
102,232,旭川電気軌道,,東郵便局前
102,233,旭川電気軌道,,東光8条9丁目
102,25D,旭川電気軌道,,東川東町4丁目
102,25E,旭川電気軌道,,旭川駅前
102,25F,旭川電気軌道,,宮下6丁目
102,269,旭川電気軌道,,旭神町
102,26A,旭川電気軌道,,リサーチパーク入口
102,26B,旭川電気軌道,,南高校
102,26C,旭川電気軌道,,緑が丘東4条1丁目
102,26D,旭川電気軌道,,工業高校前
102,26E,旭川電気軌道,,神楽岡5条5丁目
102,26F,旭川電気軌道,,神楽岡5条4丁目
102,270,旭川電気軌道,,神楽岡7条3丁目
102,271,旭川電気軌道,,神楽岡8条1丁目
102,272,旭川電気軌道,,上川神社
102,273,旭川電気軌道,,科学館前
102,274,旭川電気軌道,,合同庁舎前
102,275,旭川電気軌道,,1条17丁目
102,276,旭川電気軌道,,3条22丁目 (メープル地所前)
102,277,旭川電気軌道,,南3条23丁目
102,278,旭川電気軌道,,南6条19丁目
102,279,旭川電気軌道,,宮前通東
102,27A,旭川電気軌道,,森山病院前
102,27E,旭川電気軌道,,緑が丘2条3丁目
102,27F,旭川電気軌道,,旭神2条3丁目
102,280,旭川電気軌道,,東光12条2丁目
102,281,旭川電気軌道,,東光8条1丁目
102,282,旭川電気軌道,,南6条通26丁目
102,283,旭川電気軌道,,ホクト電子
102,284,旭川電気軌道,,南5条通20丁目
102,285,旭川電気軌道,,南1条通20丁目
102,286,旭川電気軌道,,4条20丁目
102,289,旭川電気軌道,,東橋(東神楽)
102,291,旭川電気軌道,,東神楽バスセンター
102,292,旭川電気軌道,,東神楽北1条西3丁目
102,293,旭川電気軌道,,東神楽北1条西4丁目
102,294,旭川電気軌道,,東神楽9号
102,295,旭川電気軌道,,東神楽8号
102,296,旭川電気軌道,,東神楽7号
102,297,旭川電気軌道,,東神楽6号
102,298,旭川電気軌道,,ひじり野1条1丁目
102,299,旭川電気軌道,,ひじり野1条5丁目
102,29A,旭川電気軌道,,ひじり野1条7丁目 (水源地)
102,29B,旭川電気軌道,,ひじり野1条10丁目
102,29C,旭川電気軌道,,旭神町2号
102,29D,旭川電気軌道,,旭神2条5丁目
102,29E,旭川電気軌道,,神楽岡1条5丁目
102,2A1,旭川電気軌道,,西御料3条1丁目
102,2A2,旭川電気軌道,,緑が丘駅
102,2A5,旭川電気軌道,,ごりょう公園前
102,2A6,旭川電気軌道,,緑が丘南3条2丁目
102,2AC,旭川電気軌道,,東神楽18号
102,2AD,旭川電気軌道,,東神楽19号
102,2AE,旭川電気軌道,,東神楽16号
102,2AF,旭川電気軌道,,東神楽15号
102,2B0,旭川電気軌道,,東神楽14号
102,2B2,旭川電気軌道,,東神楽北1条東
102,2B3,旭川電気軌道,,ひじり野大橋
102,2BC,旭川電気軌道,,共栄バスセンター
102,2BD,旭川電気軌道,,旭山動物園
102,2BE,旭川電気軌道,,旭神2条2丁目
102,2BF,旭川電気軌道,,春光バスセンター
102,2C0,旭川電気軌道,,あじさい橋
102,2E6,旭川電気軌道,,イオンモール旭川西
102,389,旭川電気軌道,,旭川空港
102,6A5,旭川電気軌道,,総合案内所
102,6A6,旭川電気軌道,,総合案内所 窓口(右)
103,7EF,道北バス,窓口,旭川駅前営業所
103,7F1,道北バス,窓口,道北窓口
103,7F2,道北バス,窓口,旭川駅前営業所
103,83F,道北バス,道北券売機,イオン旭川永山店 (2111号機)
103,849,道北バス,道北券売機,旭川駅前営業所
103,271A,道北バス,,旭川駅前
103,2724,道北バス,,2条緑橋通
103,272E,道北バス,,5条緑橋通
103,2738,道北バス,,旭川市役所前
103,2742,道北バス,,常磐公園前
103,274C,道北バス,,本町
103,2756,道北バス,,大町1条3丁目
103,2760,道北バス,,護国神社前
103,276A,道北バス,,北高前
103,2774,道北バス,,花咲町4丁目 (自衛隊)
103,277E,道北バス,,花咲町6丁目 (藤高前)
103,2788,道北バス,,花咲町7丁目
103,2792,道北バス,,末広1条2丁目
103,27A3,道北バス,,末広1条5丁目
103,27BA,道北バス,,永山2条4丁目
103,27C4,道北バス,,永山2条6丁目
103,27CE,道北バス,,永山2条8丁目
103,27D8,道北バス,,永山2条10丁目
103,27E2,道北バス,,永山2条12丁目
103,27EC,道北バス,,永山2条14丁目
103,27F6,道北バス,,永山2条16丁目
103,2800,道北バス,,永山2条18丁目
103,280A,道北バス,,永山2条19丁目
103,2814,道北バス,,永山2条20丁目
103,281E,道北バス,,永山2条21丁目
103,2828,道北バス,,永山2条22丁目
103,2832,道北バス,,永山2条24丁目
103,283C,道北バス,,永山13丁目
103,28BE,道北バス,,当麻駅前
103,28C8,道北バス,,1条8丁目
103,28D2,道北バス,,4条9丁目
103,28E6,道北バス,,4条14丁目
103,28F0,道北バス,,4条18丁目
103,28FA,道北バス,,6条18丁目
103,2904,道北バス,,8条18丁目
103,290E,道北バス,,大雪通2丁目
103,297C,道北バス,,永山6条18丁目
103,2986,道北バス,,日本製紙前
103,29A4,道北バス,,永山2条2丁目
103,2A30,道北バス,,男山公園
103,2A4E,道北バス,,基線2号
103,2A8A,道北バス,,比布
103,2AD0,道北バス,,北5線11号
103,2B3E,道北バス,,末広4条1丁目
103,2D78,道北バス,,末広4条7丁目
103,2D7D,道北バス,10線22号線/永山橋線 17/19,末広4条8丁目
103,2DA1,道北バス,,末広6条3丁目
103,2DC8,道北バス,,2条昭和通
103,2DD2,道北バス,,6条昭和通
103,2DE6,道北バス,,大町2条10丁目
103,2E0E,道北バス,,春光5条4丁目
103,2E2C,道北バス,,高専前
103,2E86,道北バス,,旭町2条13丁目
103,3250,道北バス,,3条9丁目
103,325A,道北バス,,1条7丁目
103,326E,道北バス,,1条2丁目
103,3278,道北バス,,神楽3条
103,3282,道北バス,,神楽4条4丁目
103,32A0,道北バス,,神居2条6丁目
103,32B4,道北バス,,神居7条6丁目
103,3304,道北バス,,神居2条4丁目
103,3309,道北バス,,神居2条3丁目
103,332C,道北バス,,高砂台入口 (ユーカラ)
103,3336,道北バス,,ゴルフ場入口(旭川市)
103,344E,道北バス,神楽岡15条線/神楽岡末広線,神楽4条7丁目 (大雪アリーナ)
103,3458,道北バス,,神楽4条8丁目 (見本林)
103,349F,道北バス,,ごりょう公園前
103,34A8,道北バス,,4号(旭川市)
103,34B2,道北バス,,5号(旭川市)
103,34BC,道北バス,,6号(旭川市)
103,34C6,道北バス,,7号(旭川市)
103,34D0,道北バス,,8号(旭川市)
103,34DA,道北バス,,9号(旭川市)
103,34E4,道北バス,,10号(旭川市)
103,34EE,道北バス,,11号(旭川市)
103,34F8,道北バス,,12号(旭川市)
103,3502,道北バス,,14号(旭川市)
103,350C,道北バス,,西神楽駅前
103,3516,道北バス,,15号(旭川市)
103,3520,道北バス,,16号(旭川市)
103,352A,道北バス,,17号(旭川市)
103,3534,道北バス,,西神楽18号
103,353E,道北バス,,聖和小学校前
103,3548,道北バス,,聖和6区
103,3552,道北バス,,聖和
103,355C,道北バス,,稲場前
103,3566,道北バス,,19号(旭川市)
103,3570,道北バス,,西神楽20号
103,357A,道北バス,,新区画
103,3584,道北バス,,西神楽24号
103,358E,道北バス,,千代ヶ岡駅前
103,3598,道北バス,,千代ヶ岡小学校前
103,35A2,道北バス,,6区(旭川市)
103,35AC,道北バス,,西神楽26号
103,35B6,道北バス,,7区(旭川市)
103,35C0,道北バス,,辺別川橋
103,35CA,道北バス,,宇莫別入口
103,35D4,道北バス,,美瑛坂
103,35DE,道北バス,,大久保
103,35E8,道北バス,,美瑛入口
103,35F2,道北バス,,中町1丁目
103,35FC,道北バス,,美瑛中央
103,3606,道北バス,,美瑛駅前(南側)
103,36EC,道北バス,,永山6条10丁目
103,36F6,道北バス,,永山6条12丁目
103,376E,道北バス,,忠和5条7丁目
103,3778,道北バス,,忠和5条6丁目
103,3782,道北バス,,忠和5条5丁目
103,378C,道北バス,,忠和5条4丁目
103,3868,道北バス,,神楽1条9丁目
103,3EA8,道北バス,,神居古潭神社前
103,3FA2,道北バス,,和寒
103,3FCA,道北バス,,東9線
103,4042,道北バス,,難波田橋
103,406A,道北バス,,士別駅前
103,407E,道北バス,,士別大通6丁目
103,40BF,道北バス,,42線(士別市)
103,4100,道北バス,,多寄
103,415A,道北バス,,風連(名寄市)
103,41C8,道北バス,,大通11丁目(名寄市)
103,41D2,道北バス,,名寄駅前
103,41DC,道北バス,,神居2条1丁目
103,41E6,道北バス,,台場小学校入口
103,41F0,道北バス,,台場2条1丁目
103,41FA,道北バス,,春志内
103,4204,道北バス,,夢殿観音前
103,420E,道北バス,,高津山入口
103,4218,道北バス,,集会所前
103,4222,道北バス,,内園
103,422C,道北バス,,出合沢
103,4236,道北バス,,国見峠
103,4240,道北バス,,音江分岐点
103,424A,道北バス,,音江広里交流館前
103,4254,道北バス,,広里工業団地前
103,425E,道北バス,,広里町1丁目
103,4268,道北バス,,深川大橋
103,4272,道北バス,,深川十字街
103,427C,道北バス,,北光町1丁目
103,4286,道北バス,,北光町3丁目
103,4290,道北バス,,深川第一病院
103,429A,道北バス,,1番通5丁目
103,442A,道北バス,,元川町
103,4434,道北バス,,五十嵐町
103,443E,道北バス,,高砂町
103,4448,道北バス,,末広町(留萌市)
103,4452,道北バス,,留萌駅前
103,445C,道北バス,,開運町2丁目
103,4466,道北バス,,錦町(留萌市)
103,4470,道北バス,,留萌十字街
103,468C,道北バス,,白金牧場入口
103,4691,道北バス,,白金青い池入口
103,4696,道北バス,,不動の滝
103,46A0,道北バス,,白金温泉
103,496C,道北バス,神楽岡15条線,宮下6丁目
103,49CF,道北バス,旭台上野ファーム線 666番,上野ファーム
103,4C06,道北バス,,緑町13丁目
103,4C5E,道北バス,,旭川大橋
103,4C8B,道北バス,,1条9丁目(旭川市)
367,2,富山地方鉄道,富山市内軌道線 本線,南富山駅前
367,4,富山地方鉄道,富山市内軌道線 本線,大町
367,6,富山地方鉄道,富山市内軌道線 本線,堀川小泉
367,8,富山地方鉄道,富山市内軌道線 本線,小泉町
367,A,富山地方鉄道,富山市内軌道線 本線,西中野
367,C,富山地方鉄道,富山市内軌道線 本線,広貫堂前
367,E,富山地方鉄道,富山市内軌道線 本線,上本町
367,10,富山地方鉄道,富山市内軌道線 本線,西町
367,11,富山地方鉄道,富山市内軌道線 本線,中町(西町北)
367,12,富山地方鉄道,富山市内軌道線 本線,荒町
367,14,富山地方鉄道,富山市内軌道線 本線,桜橋
367,16,富山地方鉄道,富山市内軌道線 本線,電気ビル前
367,18,富山地方鉄道,富山市内軌道線 本線,地鉄ビル前
367,1A,富山地方鉄道,富山市内軌道線 本線,電鉄富山駅・エスタ前
367,1B,富山地方鉄道,富山市内軌道線 富山駅南北接続線,富山駅
367,1C,富山地方鉄道,富山市内軌道線 支線,新富町
367,1E,富山地方鉄道,富山市内軌道線 支線,県庁前
367,20,富山地方鉄道,富山市内軌道線 安野屋線,丸の内
367,22,富山地方鉄道,富山市内軌道線 安野屋線,諏訪川原
367,24,富山地方鉄道,富山市内軌道線 安野屋線,安野屋
367,26,富山地方鉄道,富山市内軌道線 呉羽線,トヨタモビリティ富山Gスクエア五福前(五福末広町)
367,28,富山地方鉄道,富山市内軌道線 呉羽線,大学前
367,32,富山地方鉄道,富山市内軌道線 富山都心線,国際会議場前
367,33,富山地方鉄道,富山市内軌道線 富山都心線,大手モール
367,34,富山地方鉄道,富山市内軌道線 富山都心線,グランドプラザ前
367,35,富山地方鉄道,富山市内軌道線 富山都心線,中町(西町北)
367,3D,富山地方鉄道,富山港線,岩瀬浜
367,3E,富山地方鉄道,富山港線,競輪場前
367,3F,富山地方鉄道,富山港線,東岩瀬
367,40,富山地方鉄道,富山港線,萩浦小学校前
367,41,富山地方鉄道,富山港線,蓮町(馬場記念公園前)
367,42,富山地方鉄道,富山港線,犬島新町
367,43,富山地方鉄道,富山港線,城川原
367,44,富山地方鉄道,富山港線,越中中島
367,45,富山地方鉄道,富山港線,粟島(大阪屋ショップ前)
367,46,富山地方鉄道,富山港線,下奥井
367,47,富山地方鉄道,富山港線,奥田中学校前
367,48,富山地方鉄道,富山港線,インテック本社前
367,4A,富山地方鉄道,富山港線,オークスカナルパークホテル富山前
367,4B,富山地方鉄道,富山港線,龍谷富山高校前(永楽町)
367,101,富山地鉄バス,,富山駅前
367,102,富山地鉄バス,,富山市役所前
367,103,富山地鉄バス,,城址公園前
367,104,富山地鉄バス,,荒町
367,105,富山地鉄バス,,北新町
367,106,富山地鉄バス,,東町(富山)
367,107,富山地鉄バス,,舘出
367,108,富山地鉄バス,,双代町
367,109,富山地鉄バス,,新田中
367,10A,富山地鉄バス,,新荒川
367,10B,富山地鉄バス,,東荒川
367,10C,富山地鉄バス,,新庄新町
367,10D,富山地鉄バス,,中新庄富山銀行前
367,10E,富山地鉄バス,,向新庄口
367,10F,富山地鉄バス,,機械工業センター
367,110,富山地鉄バス,,鶴ヶ丘
367,111,富山地鉄バス,,金泉寺
367,112,富山地鉄バス,,針原新町
367,113,富山地鉄バス,,針原小学校前
367,114,富山地鉄バス,,町袋宮条
367,115,富山地鉄バス,,芝草口
367,12A,富山地鉄バス,,魚津東口
367,12E,富山地鉄バス,,木下新
367,12F,富山地鉄バス,,東布施口
367,130,富山地鉄バス,,田家新
367,131,富山地鉄バス,,前沢口
367,136,富山地鉄バス,,三上
367,137,富山地鉄バス,,ケアハウスとやま前
367,138,富山地鉄バス,,宮園町
367,301,富山地鉄バス,,総曲輪
367,303,富山地鉄バス,,星井町1丁目
367,304,富山地鉄バス,,星井町
367,305,富山地鉄バス,,西中野口
367,306,富山地鉄バス,,花園町
367,307,富山地鉄バス,,太郎丸口
367,308,富山地鉄バス,,富山市民病院前
367,309,富山地鉄バス,,今泉(笹津)
367,30A,富山地鉄バス,,掛尾
367,30B,富山地鉄バス,,西上袋
367,30C,富山地鉄バス,,西赤田
367,30D,富山地鉄バス,,黒崎
367,30E,富山地鉄バス,,最勝寺
367,30F,富山地鉄バス,,小中
367,310,富山地鉄バス,,下熊野
367,311,富山地鉄バス,,安養寺
367,312,富山地鉄バス,,栗山
367,313,富山地鉄バス,,栗山南口
367,314,富山地鉄バス,,法林寺口
367,315,富山地鉄バス,,北陸電気工業前
367,316,富山地鉄バス,,大久保小学校前
367,317,富山地鉄バス,,上大久保六区
367,318,富山地鉄バス,,上大久保
367,319,富山地鉄バス,,上二杉
367,31A,富山地鉄バス,,田村町
367,31C,富山地鉄バス,,大沢野小学校前
367,31D,富山地鉄バス,,西大沢
367,31E,富山地鉄バス,,敷島紡績前
367,31F,富山地鉄バス,,笹津変電所前
367,320,富山地鉄バス,,笹津
367,321,富山地鉄バス,,笹津橋詰
367,322,富山地鉄バス,,第二発電所前
367,323,富山地鉄バス,,岩稲
367,324,富山地鉄バス,,岩稲温泉楽今日館前
367,325,富山地鉄バス,,楡原口
367,326,富山地鉄バス,,楡原
367,327,富山地鉄バス,,楡原駅前
367,328,富山地鉄バス,,庵谷北口
367,329,富山地鉄バス,,庵谷
367,32A,富山地鉄バス,,片掛北口
367,32B,富山地鉄バス,,片掛
367,32C,富山地鉄バス,,片掛南口
367,32D,富山地鉄バス,,猪谷
367,32E,富山地鉄バス,,中山(神岡)
367,32F,富山地鉄バス,,横山(神岡)
367,330,富山地鉄バス,,茂住
367,331,富山地鉄バス,,土
367,332,富山地鉄バス,,鍋り谷
367,333,富山地鉄バス,,漆山
367,334,富山地鉄バス,,割石温泉口
367,336,富山地鉄バス,,神岡鉱山口
367,337,富山地鉄バス,,神岡
367,338,富山地鉄バス,,笹津駅前
367,339,富山地鉄バス,,笹津春日温泉
367,33A,富山地鉄バス,,笹津関電前
367,33B,富山地鉄バス,,春日(笹津)
367,33C,富山地鉄バス,,富山市民病院
367,33D,富山地鉄バス,,南央町
367,33E,富山地鉄バス,,新保企業団地
367,33F,富山地鉄バス,,栄町北口
367,340,富山地鉄バス,,大沢野中学校口
367,341,富山地鉄バス,,坂本二区
367,343,富山地鉄バス,,大沢野健康福祉センター前
367,345,富山地鉄バス,,栃尾温泉
367,346,富山地鉄バス,,新平湯温泉
367,349,富山地鉄バス,,平湯温泉
367,34C,富山地鉄バス,,スカイドーム神岡
367,34D,富山地鉄バス,,新穂高温泉
367,34E,富山地鉄バス,,新穂高ロープウェイ
367,34F,富山地鉄バス,,濃飛神岡営業所
367,355,富山地鉄バス,,町村2丁目
367,357,富山地鉄バス,,深谷
367,359,富山地鉄バス,,ガーデンホテル焼岳
367,35B,富山地鉄バス,,福地温泉上
367,35C,富山地鉄バス,,福地温泉下
367,35D,富山地鉄バス,,福地温泉口
367,35E,富山地鉄バス,,古屋ヶ根
367,35F,富山地鉄バス,,禅通寺前
367,360,富山地鉄バス,,新平湯温泉口
367,361,富山地鉄バス,,村上
367,362,富山地鉄バス,,栃尾保育園前
367,363,富山地鉄バス,,今見橋
367,400,富山地鉄バス,,クマ牧場前
367,401,富山地鉄バス,,西町
367,402,富山地鉄バス,,中教院前
367,403,富山地鉄バス,,清水町
367,404,富山地鉄バス,,元町
367,405,富山地鉄バス,,石金
367,406,富山地鉄バス,,西長江
367,407,富山地鉄バス,,東長江
367,408,富山地鉄バス,,秋吉
367,409,富山地鉄バス,,天正寺
367,40A,富山地鉄バス,,町村
367,40B,富山地鉄バス,,大島新町
367,40C,富山地鉄バス,,大島(藤の木)
367,40D,富山地鉄バス,,大日橋
367,40E,富山地鉄バス,,日置
367,40F,富山地鉄バス,,蔵本口
367,410,富山地鉄バス,,大石原
367,411,富山地鉄バス,,同心口
367,412,富山地鉄バス,,草野
367,413,富山地鉄バス,,雄山高校前
367,414,富山地鉄バス,,立山町役場前
367,415,富山地鉄バス,,五百石駅前
367,416,富山地鉄バス,,五百石
367,417,富山地鉄バス,,米沢
367,418,富山地鉄バス,,上町(大森)
367,432,富山地鉄バス,,蔵本団地
367,433,富山地鉄バス,,町村西口
367,434,富山地鉄バス,,蔵本新
367,43C,富山地鉄バス,,藤の木台
367,500,富山地鉄バス,,富山赤十字病院
367,505,富山地鉄バス,,永楽町
367,50A,富山地鉄バス,,中島
367,50F,富山地鉄バス,,昭和町
367,510,富山地鉄バス,,西の宮町
367,511,富山地鉄バス,,東岩瀬駅
367,514,富山地鉄バス,,岩瀬浜駅前
367,515,富山地鉄バス,,岩瀬浜
367,526,富山地鉄バス,,深山荘前
367,527,富山地鉄バス,,国立公園口
367,529,富山地鉄バス,,栃尾診療所
367,52A,富山地鉄バス,,上栃尾
367,52B,富山地鉄バス,,神坂
367,52C,富山地鉄バス,,新穂高温泉口
367,52D,富山地鉄バス,,佳留萱
367,52E,富山地鉄バス,,山のホテル前
367,52F,富山地鉄バス,,中尾高原口
367,530,富山地鉄バス,,見座
367,531,富山地鉄バス,,上宝支所前
367,532,富山地鉄バス,,今見
367,533,富山地鉄バス,,田頃家
367,534,富山地鉄バス,,笹嶋
367,535,富山地鉄バス,,笠谷
367,536,富山地鉄バス,,芋生茂橋
367,537,富山地鉄バス,,葛山
367,538,富山地鉄バス,,細越
367,539,富山地鉄バス,,長倉
367,53A,富山地鉄バス,,古橋
367,53B,富山地鉄バス,,岩井戸
367,53C,富山地鉄バス,,新田口
367,53D,富山地鉄バス,,かなた口
367,53E,富山地鉄バス,,宮原
367,53F,富山地鉄バス,,本郷(平湯)
367,540,富山地鉄バス,,本田前
367,541,富山地鉄バス,,宮原
367,542,富山地鉄バス,,見座公民館前
367,543,富山地鉄バス,,中山口
367,544,富山地鉄バス,,双六口
367,545,富山地鉄バス,,浅井田
367,546,富山地鉄バス,,上数河
367,547,富山地鉄バス,,下数河
367,548,富山地鉄バス,,営農センター前
367,549,富山地鉄バス,,東雲口
367,54A,富山地鉄バス,,麻生野
367,54B,富山地鉄バス,,坂巻
367,54C,富山地鉄バス,,釣瓶橋
367,54D,富山地鉄バス,,旧奥飛騨温泉口駅
367,54E,富山地鉄バス,,釜崎
367,54F,富山地鉄バス,,神岡大橋
367,550,富山地鉄バス,,殿
367,551,富山地鉄バス,,殿村(神岡)
367,552,富山地鉄バス,,神岡城口
367,553,富山地鉄バス,,東町(神岡)
367,554,富山地鉄バス,,飛騨市民病院
367,555,富山地鉄バス,,西里橋
367,556,富山地鉄バス,,一宝水
367,557,富山地鉄バス,,上地ヶ根
367,558,富山地鉄バス,,上地ヶ根高原
367,559,富山地鉄バス,,千歳橋
367,55A,富山地鉄バス,,西里
367,601,富山地鉄バス,,水橋新保新町
367,602,富山地鉄バス,,水橋新保
367,603,富山地鉄バス,,水橋口
367,604,富山地鉄バス,,水橋支所前
367,605,富山地鉄バス,,浄土橋
367,606,富山地鉄バス,,東大町
367,607,富山地鉄バス,,照蓮寺前
367,608,富山地鉄バス,,水橋児童館前
367,609,富山地鉄バス,,東出町
367,60A,富山地鉄バス,,朝日町
367,60B,富山地鉄バス,,高月町
367,610,富山地鉄バス,,中滑川
367,611,富山地鉄バス,,晒屋口
367,612,富山地鉄バス,,吾妻町
367,613,富山地鉄バス,,厚生連滑川病院口
367,614,富山地鉄バス,,滑川駅前
367,618,富山地鉄バス,,日参製薬前
367,619,富山地鉄バス,,田中小学校前
367,61A,富山地鉄バス,,河端町
367,61D,富山地鉄バス,,水橋中村町
367,61E,富山地鉄バス,,滑川高校前
367,61F,富山地鉄バス,,水橋東部団地口
367,620,富山地鉄バス,,水橋東部団地
367,621,富山地鉄バス,,東出町口
367,622,富山地鉄バス,,中新町団地
367,701,富山地鉄バス,,音羽町
367,702,富山地鉄バス,,稲荷元町
367,703,富山地鉄バス,,奥田中学校口
367,704,富山地鉄バス,,奥井
367,705,富山地鉄バス,,上赤江住宅前
367,706,富山地鉄バス,,上赤江
367,707,富山地鉄バス,,上赤江口
367,708,富山地鉄バス,,下赤江
367,709,富山地鉄バス,,下冨居口
367,70A,富山地鉄バス,,豊田口
367,70B,富山地鉄バス,,豊若町
367,70C,富山地鉄バス,,米田すずかけ台
367,70D,富山地鉄バス,,米田
367,70E,富山地鉄バス,,中田
367,70F,富山地鉄バス,,中田北口
367,710,富山地鉄バス,,加古町
367,713,富山地鉄バス,,永久町口
367,714,富山地鉄バス,,豊田本町一丁目
367,715,富山地鉄バス,,犬島六丁目
367,716,富山地鉄バス,,犬島四丁目
367,717,富山地鉄バス,,米田すずかけ台団地
367,719,富山地鉄バス,,豊田本町
367,71A,富山地鉄バス,,東富山駅前
367,801,富山地鉄バス,,富山斎場前
367,802,富山地鉄バス,,西の番南口
367,803,富山地鉄バス,,西の番
367,804,富山地鉄バス,,西の番公民館前
367,805,富山地鉄バス,,西の番北口
367,806,富山地鉄バス,,中村口(西の番)
367,807,富山地鉄バス,,城村
367,808,富山地鉄バス,,城ヶ丘
367,809,富山地鉄バス,,大場
367,80A,富山地鉄バス,,城村口
367,80B,富山地鉄バス,,八川
367,80C,富山地鉄バス,,石屋
367,80D,富山地鉄バス,,太田小学校前
367,80E,富山地鉄バス,,太田
367,80F,富山地鉄バス,,太田北口
367,810,富山地鉄バス,,山室中学校前
367,811,富山地鉄バス,,山室
367,812,富山地鉄バス,,高原町
367,813,富山地鉄バス,,不二栄町
367,814,富山地鉄バス,,不二栄口
367,815,富山地鉄バス,,高屋敷
367,816,富山地鉄バス,,高原西口
367,817,富山地鉄バス,,中川原新町
367,818,富山地鉄バス,,中川原
367,819,富山地鉄バス,,山室荒屋
367,81A,富山地鉄バス,,横内
367,81B,富山地鉄バス,,西の新
367,81C,富山地鉄バス,,流杉
367,81D,富山地鉄バス,,流杉東
367,81E,富山地鉄バス,,松ヶ丘
367,81F,富山地鉄バス,,新町村
367,820,富山地鉄バス,,第二機械センター前
367,821,富山地鉄バス,,大島口
367,822,富山地鉄バス,,中市
367,823,富山地鉄バス,,山室小学校前
367,824,富山地鉄バス,,不二越6丁目
367,825,富山地鉄バス,,不二越12丁目
367,827,富山地鉄バス,,不二越正門前
367,829,富山地鉄バス,,中央病院
367,82F,富山地鉄バス,,飯野新屋
367,830,富山地鉄バス,,新屋橋
367,832,富山地鉄バス,,楠木
367,833,富山地鉄バス,,下飯野
367,836,富山地鉄バス,,針原中町
367,837,富山地鉄バス,,高島口
367,838,富山地鉄バス,,運転教育センター
367,839,富山地鉄バス,,上飯野
367,83B,富山地鉄バス,,上飯野北口
367,83C,富山地鉄バス,,古寺新町
367,83D,富山地鉄バス,,山室中部小学校前
367,83E,富山地鉄バス,,下飯野東口
367,83F,富山地鉄バス,,県リハビリセンター南口
367,840,富山地鉄バス,,中川原北口
367,841,富山地鉄バス,,上飯野新町
367,842,富山地鉄バス,,上飯野団地
367,84B,富山地鉄バス,,富山市民病院口
367,84C,富山地鉄バス,,太郎丸一区
367,84F,富山地鉄バス,,東福沢
367,850,富山地鉄バス,,済生会病院
367,851,富山地鉄バス,,昭和新町
367,852,富山地鉄バス,,片山学園前
367,85A,富山地鉄バス,,流杉病院
367,863,富山地鉄バス,,県リハビリセンター
367,910,まいどはやバス,清水町ルート,富山駅地鉄ビル前
367,A01,富山地鉄バス,,奥田中学校前
367,A02,富山地鉄バス,,牛島新町
367,A03,富山地鉄バス,,北日本放送会館前
367,A04,富山地鉄バス,,湊入船町
367,A05,富山地鉄バス,,双葉町
367,A06,富山地鉄バス,,奥田町
367,A07,富山地鉄バス,,奥田本町
367,A08,富山地鉄バス,,千代田町(興人)
367,A09,富山地鉄バス,,奥田北小学校前
367,A0A,富山地鉄バス,,興人団地
367,A0B,富山地鉄バス,,下新北町3区
367,A0C,富山地鉄バス,,富山駅北口
367,A0D,富山地鉄バス,,富山県美術館
367,C00,富山地鉄バス,,宮成口
367,C01,富山地鉄バス,,針原
367,C03,富山地鉄バス,,問屋センター口
367,D01,富山地鉄バス,,新園町
367,D02,富山地鉄バス,,自動車学校前
367,D03,富山地鉄バス,,荏原新町
367,D04,富山地鉄バス,,技術専門学院前
367,D05,富山地鉄バス,,荏原
367,D09,富山地鉄バス,,藤の木北口
367,D0A,富山地鉄バス,,藤の木小学校前
367,D0B,富山地鉄バス,,藤の木団地前
367,D0C,富山地鉄バス,,藤の木新町
367,D0D,富山地鉄バス,,金代
367,D0E,富山地鉄バス,,新金代
367,D0F,富山地鉄バス,,開
367,D10,富山地鉄バス,,藤代町
367,D20,富山地鉄バス,,町新
367,F01,富山地鉄バス,,雄山中学校前
367,F02,富山地鉄バス,,貫田
367,F03,富山地鉄バス,,八ツ屋口
367,F04,富山地鉄バス,,大清水
367,F05,富山地鉄バス,,東大森
367,F06,富山地鉄バス,,大森公民館前(大森)
367,F07,富山地鉄バス,,西大森
367,F08,富山地鉄バス,,大橋
367,F09,富山地鉄バス,,三ツ塚
367,F0A,富山地鉄バス,,一夜泊
367,F0B,富山地鉄バス,,西大森口
367,1101,富山地鉄バス,,富山東高校前
367,1102,富山地鉄バス,,東ヶ丘
367,1103,富山地鉄バス,,東富山駅口
367,1104,富山地鉄バス,,中田二丁目
367,1107,富山地鉄バス,,千原崎
367,1108,富山地鉄バス,,草島
367,1109,富山地鉄バス,,金山新口
367,110A,富山地鉄バス,,荒屋(四方)
367,110B,富山地鉄バス,,南町
367,110C,富山地鉄バス,,ちてつ四方
367,110D,富山地鉄バス,,四方町
367,110E,富山地鉄バス,,四方神明町
367,110F,富山地鉄バス,,荒屋南部
367,111C,富山地鉄バス,,射北中学校前
367,111D,富山地鉄バス,,古明神
367,111E,富山地鉄バス,,堀岡局前
367,111F,富山地鉄バス,,堀岡中町
367,1120,富山地鉄バス,,新港東口
367,1129,富山地鉄バス,,新港の森
367,112A,富山地鉄バス,,牧野金屋
367,112B,富山地鉄バス,,姫野
367,112C,富山地鉄バス,,中新湊駅前
367,112D,富山地鉄バス,,立町
367,112E,富山地鉄バス,,中央町
367,112F,富山地鉄バス,,クロスベイ新湊
367,1130,富山地鉄バス,,新湊高校前
367,1131,富山地鉄バス,,新湊車庫前
367,1132,富山地鉄バス,,新湊きっときと市場
367,1135,富山地鉄バス,,浜開
367,1136,富山地鉄バス,,西海老江
367,1137,富山地鉄バス,,海老江
367,1138,富山地鉄バス,,海老江口
367,1139,富山地鉄バス,,槍ヶ崎口
367,113A,富山地鉄バス,,練合
367,113B,富山地鉄バス,,練合東口
367,113C,富山地鉄バス,,足洗潟公園口
367,113D,富山地鉄バス,,足洗西口
367,113E,富山地鉄バス,,足洗
367,1140,富山地鉄バス,,打出
367,1141,富山地鉄バス,,新出町
367,1144,富山地鉄バス,,本江(新湊)
367,1146,富山地鉄バス,,川の駅新湊
367,1147,富山地鉄バス,,氷見漁港前
367,1148,富山地鉄バス,,ひみ番屋街
367,1149,富山地鉄バス,,樂翠亭美術館
367,114A,富山地鉄バス,,民俗民芸村
367,114B,富山地鉄バス,,水墨美術館
367,114C,富山地鉄バス,,科学博物館
367,114D,富山地鉄バス,,広貫堂資料館
367,114E,富山地鉄バス,,高志の国文学館
367,114F,富山地鉄バス,,森秋水美術館
367,1155,富山地鉄バス,,海王丸パーク
367,1201,富山地鉄バス,,五番町
367,1202,富山地鉄バス,,大泉町一丁目
367,1204,富山地鉄バス,,西大泉
367,1205,富山地鉄バス,,法蓮寺橋
367,1206,富山地鉄バス,,西公文名
367,1207,富山地鉄バス,,大泉中学校前
367,1208,富山地鉄バス,,大泉駅前
367,1209,富山地鉄バス,,青葉町
367,120E,富山地鉄バス,,大町南部
367,120F,富山地鉄バス,,大町南部口
367,1210,富山地鉄バス,,下堀
367,1211,富山地鉄バス,,朝菜町6丁目
367,1212,富山地鉄バス,,朝菜町駅前
367,1213,富山地鉄バス,,朝菜町3丁目
367,1214,富山地鉄バス,,新堀町
367,1215,富山地鉄バス,,上堀町
367,1216,富山地鉄バス,,堀町中央
367,1217,富山地鉄バス,,堀(高専)
367,1218,富山地鉄バス,,清住町口
367,1219,富山地鉄バス,,西本郷(高専)
367,121A,富山地鉄バス,,国立高専前
367,121B,富山地鉄バス,,本郷四区
367,121C,富山地鉄バス,,本郷町五区
367,121D,富山地鉄バス,,本郷新
367,1226,富山地鉄バス,,上堀駅前
367,1227,富山地鉄バス,,小杉口(福沢)
367,1228,富山地鉄バス,,布市
367,1229,富山地鉄バス,,藤塚(月岡)
367,122A,富山地鉄バス,,開発駅前
367,122B,富山地鉄バス,,開発(福沢)
367,122C,富山地鉄バス,,焼野
367,122D,富山地鉄バス,,月岡小学校前
367,122E,富山地鉄バス,,月岡中学校前
367,122F,富山地鉄バス,,中布目
367,1230,富山地鉄バス,,上今町
367,1231,富山地鉄バス,,福沢口
367,1232,富山地鉄バス,,東福沢3区
367,1233,富山地鉄バス,,福沢
367,1234,富山地鉄バス,,研修所前
367,1235,富山地鉄バス,,大泉西部
367,1236,富山地鉄バス,,月岡団地
367,1237,富山地鉄バス,,富山国際大学
367,1238,富山地鉄バス,,月見町5丁目
367,1239,富山地鉄バス,,月見町2丁目
367,123A,富山地鉄バス,,月岡西緑町
367,1303,富山地鉄バス,,南富山駅前
367,1305,富山地鉄バス,,堀川南大町
367,1306,富山地鉄バス,,富山市農協前
367,1307,富山地鉄バス,,南堀川
367,1308,富山地鉄バス,,上袋
367,130A,富山地鉄バス,,赤田(辰尾団地)
367,130B,富山地鉄バス,,二俣
367,130C,富山地鉄バス,,上野口(富山)
367,130D,富山地鉄バス,,上野(熊野)
367,130E,富山地鉄バス,,若竹町
367,1310,富山地鉄バス,,安養寺北口
367,1311,富山地鉄バス,,悪王寺
367,1312,富山地鉄バス,,宮保
367,1313,富山地鉄バス,,辰尾団地
367,132A,富山地鉄バス,,富山南口
367,132E,富山地鉄バス,,辰尾団地口
367,132F,富山地鉄バス,,悪王寺西
367,1503,富山地鉄バス,,電鉄黒部駅前
367,1504,富山地鉄バス,,堀高
367,1505,富山地鉄バス,,中新(黒部)
367,1506,富山地鉄バス,,中新口
367,1507,富山地鉄バス,,栃沢口
367,1508,富山地鉄バス,,清明中学校前
367,1509,富山地鉄バス,,北方住宅前
367,150A,富山地鉄バス,,生地口
367,150B,富山地鉄バス,,四十物町
367,150C,富山地鉄バス,,生地大町
367,150D,富山地鉄バス,,宮川町
367,150E,富山地鉄バス,,吉田口
367,150F,富山地鉄バス,,飯沢口
367,1510,富山地鉄バス,,飯沢
367,1511,富山地鉄バス,,吉田科学館前
367,1512,富山地鉄バス,,生地駅
367,1513,富山地鉄バス,,岩井整形外科
367,1514,富山地鉄バス,,吉田
367,1515,富山地鉄バス,,魚の駅口
367,1516,富山地鉄バス,,寺町商店街
367,1517,富山地鉄バス,,黒部市役所前
367,1518,富山地鉄バス,,メルシー
367,1601,富山地鉄バス,,電鉄魚津駅前
367,1602,富山地鉄バス,,東小路
367,160A,富山地鉄バス,,金屋局前
367,160D,富山地鉄バス,,新金屋
367,160E,富山地鉄バス,,サンプラザ前
367,160F,富山地鉄バス,,魚津市役所前
367,1610,富山地鉄バス,,北鬼江
367,1612,富山地鉄バス,,魚津駅前
367,1613,富山地鉄バス,,高畠(魚津)
367,1614,富山地鉄バス,,魚津高校前
367,1615,富山地鉄バス,,江口
367,1616,富山地鉄バス,,持光寺
367,1617,富山地鉄バス,,経田口(魚津)
367,1618,富山地鉄バス,,新川みどり野高校
367,1619,富山地鉄バス,,田家
367,161A,富山地鉄バス,,田家口
367,161B,富山地鉄バス,,黒部吉田工業前
367,161C,富山地鉄バス,,黒部駅前
367,161E,富山地鉄バス,,市民病院(黒部)
367,1621,富山地鉄バス,,黒瀬(黒部)
367,1628,富山地鉄バス,,川の瀬口
367,1629,富山地鉄バス,,牧野
367,162A,富山地鉄バス,,牧野南口
367,162D,富山地鉄バス,,桜井高校
367,162E,富山地鉄バス,,生地中区
367,1630,富山地鉄バス,,黒部農協本店前
367,1631,富山地鉄バス,,阿弥陀堂(生地)
367,1632,富山地鉄バス,,龍泉寺前
367,1633,富山地鉄バス,,たなかや前
367,1722,富山地鉄バス,,天神口
367,1723,富山地鉄バス,,農協東部支店前
367,1724,富山地鉄バス,,労災病院前
367,1726,富山地鉄バス,,六郎丸
367,1727,富山地鉄バス,,上六郎丸
367,1728,富山地鉄バス,,袋(片貝)
367,1729,富山地鉄バス,,横枕
367,172B,富山地鉄バス,,道坂
367,172C,富山地鉄バス,,貝田新
367,172D,富山地鉄バス,,発電所前(片貝)
367,172E,富山地鉄バス,,東城口
367,172F,富山地鉄バス,,島尻
367,1730,富山地鉄バス,,島尻局前
367,1731,富山地鉄バス,,上島尻
367,1732,富山地鉄バス,,黒谷
367,1733,富山地鉄バス,,脇坂
367,1734,富山地鉄バス,,山女公民館前
367,1735,富山地鉄バス,,山女
367,1736,富山地鉄バス,,平沢口
367,1737,富山地鉄バス,,東蔵
367,1738,富山地鉄バス,,前東城
367,1739,富山地鉄バス,,奥東城
367,173A,富山地鉄バス,,金太郎温泉前
367,173B,富山地鉄バス,,金太郎温泉
367,173C,富山地鉄バス,,下蛇田
367,173D,富山地鉄バス,,蛇田
367,173E,富山地鉄バス,,小川寺口
367,173F,富山地鉄バス,,小川寺
367,1740,富山地鉄バス,,長引野口
367,1741,富山地鉄バス,,長引野
367,1742,富山地鉄バス,,上長引野
367,1743,富山地鉄バス,,黒沢
367,1744,富山地鉄バス,,大沢
367,1746,富山地鉄バス,,下長引野
367,174D,富山地鉄バス,,西布施保育園前
367,1801,富山地鉄バス,,山田
367,1802,富山地鉄バス,,中陣
367,1803,富山地鉄バス,,朴谷
367,1804,富山地鉄バス,,尾山
367,1805,富山地鉄バス,,東布施保育所前
367,1806,富山地鉄バス,,阿弥陀堂(池尻)
367,1807,富山地鉄バス,,東布施支所前
367,1808,富山地鉄バス,,釈迦堂
367,1809,富山地鉄バス,,内生谷
367,180A,富山地鉄バス,,笠破
367,180B,富山地鉄バス,,田籾
367,180C,富山地鉄バス,,池尻
367,1817,富山地鉄バス,,黒部市役所前
367,1A05,富山地鉄バス,,三日市(桜井)
367,1A06,富山地鉄バス,,植木
367,1E02,富山地鉄バス,,パッシブタウン・黒部郵便局
367,1E03,富山地鉄バス,,コラーレ前
367,1E04,富山地鉄バス,,新堂
367,1E05,富山地鉄バス,,寺坪
367,1E06,富山地鉄バス,,黒部宇奈月温泉駅
367,1E0A,富山地鉄バス,,YKKセンターパーク
367,1E0B,富山地鉄バス,,YKK黒部古御堂工場
367,1E0C,富山地鉄バス,,YKK黒部栃沢工場
367,1E0D,富山地鉄バス,,古御堂公民館
367,1E0E,富山地鉄バス,,福祉センター・JAくろべ北部支店
367,1E0F,富山地鉄バス,,金屋(黒部)
367,1E10,富山地鉄バス,,大阪屋ショップ・中央小学校(黒部)
367,1E12,富山地鉄バス,,YKK黒部寮
367,1E13,富山地鉄バス,,堀切新
367,1E14,富山地鉄バス,,YKK堀切寮
367,1E15,富山地鉄バス,,堀切公民館
367,1E16,富山地鉄バス,,YKK光志寮
367,1E17,富山地鉄バス,,YKK体育館
367,1E18,富山地鉄バス,,YKK AP黒部荻生製造所
367,1E19,富山地鉄バス,,黒部宇奈月温泉駅西口
367,1F02,富山地鉄バス,,神通町
367,1F05,富山地鉄バス,,安野屋町
367,1F0A,富山地鉄バス,,検察庁前
367,2002,富山地鉄バス,,丸の内
367,2004,富山地鉄バス,,五福末広町
367,2005,富山地鉄バス,,富山球場前
367,2006,富山地鉄バス,,富山大学前
367,2007,富山地鉄バス,,呉羽山公園
367,2008,富山地鉄バス,,追分口
367,2009,富山地鉄バス,,呉羽
367,200A,富山地鉄バス,,寒江口
367,200B,富山地鉄バス,,富山短期大学前
367,200C,富山地鉄バス,,老田口
367,200D,富山地鉄バス,,鷲塚口
367,200E,富山地鉄バス,,手崎
367,200F,富山地鉄バス,,小杉東口
367,2010,富山地鉄バス,,戸破
367,2011,富山地鉄バス,,小杉
367,2012,富山地鉄バス,,小杉高校前
367,2013,富山地鉄バス,,新開発
367,2014,富山地鉄バス,,赤井口
367,2015,富山地鉄バス,,大島(射水)
367,2016,富山地鉄バス,,中野口(富高)
367,2017,富山地鉄バス,,大門口
367,2018,富山地鉄バス,,高岡自動車学校前
367,2019,富山地鉄バス,,野村
367,201A,富山地鉄バス,,城東一丁目
367,201B,富山地鉄バス,,中川
367,201C,富山地鉄バス,,広小路
367,201D,富山地鉄バス,,急患医療センター前
367,201E,富山地鉄バス,,片原町
367,201F,富山地鉄バス,,末広町
367,2020,富山地鉄バス,,高岡駅前
367,2021,富山地鉄バス,,呉羽高校前
367,2022,富山地鉄バス,,本開発
367,2023,富山地鉄バス,,小島(大島)
367,2024,富山地鉄バス,,高岡駅北
367,2025,富山地鉄バス,,イオンモール口
367,2026,富山地鉄バス,,新高岡駅
367,2027,富山地鉄バス,,富山短期大学口
367,2105,富山地鉄バス,,八町口
367,2116,富山地鉄バス,,八町
367,2117,富山地鉄バス,,八町北口
367,2118,富山地鉄バス,,布目
367,2119,富山地鉄バス,,和合中学校前
367,211A,富山地鉄バス,,倉垣小学校前
367,211B,富山地鉄バス,,鯰温泉口
367,211C,富山地鉄バス,,四方口
367,211D,富山地鉄バス,,田町(四方)
367,211E,富山地鉄バス,,今市
367,211F,富山地鉄バス,,八幡(四方)
367,2120,富山地鉄バス,,寺島
367,2121,富山地鉄バス,,追分(四方)
367,2122,富山地鉄バス,,住吉内山邸口
367,2123,富山地鉄バス,,百塚
367,2125,富山地鉄バス,,石坂新
367,2201,富山地鉄バス,,越前町
367,2202,富山地鉄バス,,旅籠町
367,2203,富山地鉄バス,,相生町
367,2204,富山地鉄バス,,西田地方2丁目
367,2205,富山地鉄バス,,西田地方
367,2206,富山地鉄バス,,新根塚
367,2207,富山地鉄バス,,新布瀬
367,2208,富山地鉄バス,,有沢
367,2209,富山地鉄バス,,鵜坂
367,220A,富山地鉄バス,,塚原
367,220B,富山地鉄バス,,轡田
367,220C,富山地鉄バス,,添島
367,220D,富山地鉄バス,,土渕
367,220E,富山地鉄バス,,萩の島口
367,220F,富山地鉄バス,,萩の島
367,2210,富山地鉄バス,,宮野小学校前
367,2211,富山地鉄バス,,野下
367,2212,富山地鉄バス,,広田
367,2213,富山地鉄バス,,広田南口
367,2214,富山地鉄バス,,杉田
367,2215,富山地鉄バス,,大杉
367,2216,富山地鉄バス,,黒田
367,2217,富山地鉄バス,,井田
367,2218,富山地鉄バス,,中井田
367,2219,富山地鉄バス,,井田新
367,221A,富山地鉄バス,,上井田新
367,221B,富山地鉄バス,,久婦須橋詰
367,221C,富山地鉄バス,,眼鏡橋詰
367,221D,富山地鉄バス,,聞名寺下
367,221E,富山地鉄バス,,今町
367,221F,富山地鉄バス,,新今町
367,2220,富山地鉄バス,,東町(八尾)
367,2221,富山地鉄バス,,八尾鏡町
367,2222,富山地鉄バス,,八尾横町
367,2223,富山地鉄バス,,塩
367,2224,富山地鉄バス,,八尾高校前
367,2225,富山地鉄バス,,大沢野行政センター前
367,2228,富山地鉄バス,,笹倉一区前
367,2229,富山地鉄バス,,神明(速星山田)
367,222A,富山地鉄バス,,分田
367,222B,富山地鉄バス,,田島
367,222C,富山地鉄バス,,鵜坂農協前
367,222D,富山地鉄バス,,下轡田
367,222E,富山地鉄バス,,宮ヶ島
367,222F,富山地鉄バス,,速星一区
367,2230,富山地鉄バス,,小泉定
367,2233,富山地鉄バス,,速星
367,2234,富山地鉄バス,,日産化学前
367,2235,富山地鉄バス,,落合橋詰
367,2236,富山地鉄バス,,下邑口
367,2237,富山地鉄バス,,羽根
367,2238,富山地鉄バス,,国立富山病院口
367,2239,富山地鉄バス,,長沢
367,223C,富山地鉄バス,,千里駅前
367,2240,富山地鉄バス,,保内小学校前
367,2246,富山地鉄バス,,速星二区
367,2247,富山地鉄バス,,笹倉一区
367,2248,富山地鉄バス,,ねむの木団地
367,2249,富山地鉄バス,,黒田中部
367,224A,富山地鉄バス,,上井田
367,224B,富山地鉄バス,,黒田東部
367,224D,富山地鉄バス,,蔵島
367,224E,富山地鉄バス,,持田
367,224F,富山地鉄バス,,蛍川口
367,2250,富山地鉄バス,,蛍川
367,2251,富山地鉄バス,,板倉
367,2252,富山地鉄バス,,八尾駅
367,2253,富山地鉄バス,,速星駅前
367,2303,富山地鉄バス,,黒瀬(富山)
367,2304,富山地鉄バス,,黒瀬橋詰
367,2305,富山地鉄バス,,萩原
367,2306,富山地鉄バス,,西荒屋北口
367,2307,富山地鉄バス,,西荒屋 (ジュートピア前)
367,2308,富山地鉄バス,,秋ヶ島口
367,2309,富山地鉄バス,,富山空港前
367,230B,富山地鉄バス,,中の口(成子)
367,230C,富山地鉄バス,,中坪口
367,230D,富山地鉄バス,,新保(成子)
367,230E,富山地鉄バス,,吉倉
367,230F,富山地鉄バス,,押上
367,2310,富山地鉄バス,,福居
367,2311,富山地鉄バス,,神通口
367,2312,富山地鉄バス,,成子
367,2313,富山地鉄バス,,杉田東口
367,2318,富山地鉄バス,,薄島
367,2319,富山地鉄バス,,滅鬼
367,231A,富山地鉄バス,,杉原農協前
367,231B,富山地鉄バス,,速星中学校前
367,231C,富山地鉄バス,,砂子田
367,231D,富山地鉄バス,,中名
367,231E,富山地鉄バス,,熊野
367,231F,富山地鉄バス,,堀
367,2320,富山地鉄バス,,富山産業展示館口
367,2321,富山地鉄バス,,総合体育センター前
367,2327,富山地鉄バス,,テクノホール産業展示館
367,2328,富山地鉄バス,,総合運動公園
367,2329,富山地鉄バス,,中央植物園口
367,232A,富山地鉄バス,,ファボーレ前
367,232B,富山地鉄バス,,富山西高校前
367,232C,富山地鉄バス,,二口
367,232D,富山地鉄バス,,能楽堂前
367,232E,富山地鉄バス,,とやま健康パーク前
367,232F,富山地鉄バス,,任海
367,2330,富山地鉄バス,,富山県広域消防防災センター
367,2332,富山地鉄バス,,堀中央
367,2401,富山地鉄バス,,五福九区
367,2402,富山地鉄バス,,西富山
367,2403,富山地鉄バス,,寺町
367,2404,富山地鉄バス,,金屋口
367,2405,富山地鉄バス,,金屋(富大附病)
367,2406,富山地鉄バス,,安田
367,2407,富山地鉄バス,,小泉口
367,2408,富山地鉄バス,,朝日(富大附病)
367,2409,富山地鉄バス,コミュニティバス,下条
367,2463,富山地鉄バス,,国立富山病院
367,2501,富山地鉄バス,,富山簡保保養センター
367,2502,富山地鉄バス,,長沢新
367,2503,富山地鉄バス,,蓮花寺
367,2504,富山地鉄バス,,下瀬
367,2505,富山地鉄バス,,外輪野
367,2506,富山地鉄バス,,音川
367,2507,富山地鉄バス,,馬頭観音前
367,2508,富山地鉄バス,,三の瀬
367,2509,富山地鉄バス,,道島
367,250A,富山地鉄バス,,皆杓
367,250B,富山地鉄バス,,中の瀬
367,250C,富山地鉄バス,,小島(山田)
367,250D,富山地鉄バス,,山田農協前
367,250E,富山地鉄バス,,中村
367,250F,富山地鉄バス,,山田小学校前
367,2511,富山地鉄バス,,山田行政センター前
367,2525,富山地鉄バス,,泉光寺
367,2527,富山地鉄バス,,鎌倉
367,2528,富山地鉄バス,,小谷
367,2529,富山地鉄バス,,赤目谷
367,252A,富山地鉄バス,,牛岳温泉健康センター
367,2601,富山地鉄バス,,新富町
367,2602,富山地鉄バス,,畑中
367,2603,富山地鉄バス,,附属学園前
367,2604,富山地鉄バス,,安養坊
367,2605,富山地鉄バス,,新桜谷町
367,2606,富山地鉄バス,,呉羽山老人センター
367,2607,富山地鉄バス,,富山市民俗民芸村
367,260C,富山地鉄バス,,田刈屋南口
367,260D,富山地鉄バス,,田刈屋
367,260E,富山地鉄バス,,石坂
367,2614,富山地鉄バス,,御廟口
367,2615,富山地鉄バス,,市営墓地前
367,2616,富山地鉄バス,,長岡公民館前
367,2617,富山地鉄バス,,北代新
367,2619,富山地鉄バス,,県立図書館前
367,261A,富山地鉄バス,,谷野呉山病院前
367,261B,富山地鉄バス,,北代
367,2709,富山地鉄バス,,友坂口
367,270A,富山地鉄バス,,境の新
367,270B,富山地鉄バス,,平岡
367,270D,富山地鉄バス,,西押川
367,2710,富山地鉄バス,,北野
367,2711,富山地鉄バス,,椎土
367,2712,富山地鉄バス,,土代
367,2713,富山地鉄バス,,星丸
367,2714,富山地鉄バス,,黒河
367,2715,富山地鉄バス,,黒河西口
367,2716,富山地鉄バス,,歌の森小学校前
367,271A,富山地鉄バス,,小杉地区センター前
367,271B,富山地鉄バス,,小杉文化ホール前
367,272C,富山地鉄バス,,新安田
367,272D,富山地鉄バス,,ファミリーパーク前
367,272E,富山地鉄バス,,富山大学附属病院
367,2730,富山地鉄バス,,附属病院南口
367,2731,富山地鉄バス,,友坂
367,2732,富山地鉄バス,,朝日口
367,2733,富山地鉄バス,,杉谷口
367,2734,富山地鉄バス,,古沢南部
367,273C,富山地鉄バス,,イノベーションパーク
367,273E,富山地鉄バス,,上田島
367,273F,富山地鉄バス,,ファボーレ
367,2819,富山地鉄バス,,県立大学前
367,281A,富山地鉄バス,,太閤山一丁目
367,281B,富山地鉄バス,,小杉中学校
367,281C,富山地鉄バス,,太閤山東住宅前
367,281D,富山地鉄バス,,太閤山東口
367,2821,富山地鉄バス,,太閤山団地口
367,2829,富山地鉄バス,,中島
367,2901,富山地鉄バス,,上新町
367,2902,富山地鉄バス,,今開発
367,2903,富山地鉄バス,,今井
367,2904,富山地鉄バス,,殿村
367,2905,富山地鉄バス,,作道支所前
367,2906,富山地鉄バス,,作道
367,2907,富山地鉄バス,,小杉駅前
367,2A0F,富山地鉄バス,,富山短期大学
367,2A11,富山地鉄バス,,婦中保健福祉センター前
367,2A12,富山地鉄バス,,国際大付属高校
367,2A13,富山地鉄バス,,国立高専 射水
367,2A14,富山地鉄バス,,加古町
367,2A15,富山地鉄バス,,西の宮町
367,2A16,富山地鉄バス,,芳野
367,2A17,富山地鉄バス,,大野
367,2A18,富山地鉄バス,,井口本江
367,2A19,富山地鉄バス,,蓮花寺(高岡)
367,2A1A,富山地鉄バス,,大門総合会館前
367,2A1B,富山地鉄バス,,大門中学校
367,2A1C,富山地鉄バス,,橋下条
367,2A1D,富山地鉄バス,,国立高専射水
367,2B01,富山地鉄バス,,牛島本町
367,2B3D,富山地鉄バス,,環水公園
367,2B41,富山地鉄バス,,緑町一丁目
367,2B42,富山地鉄バス,,栄町
367,2B44,富山地鉄バス,,五福新町
367,2B45,富山地鉄バス,,水墨美術館前
367,2B46,富山地鉄バス,,五福
367,2B5A,富山地鉄バス,,ANAクラウンプラザホテル前
367,2C11,富山地鉄バス,,草島小学校口
367,2C12,富山地鉄バス,,岩瀬スポーツ公園
367,2C13,富山地鉄バス,,萩浦
367,322E,富山地鉄バス,,護国神社・富山まちなか病院前
367,322F,富山地鉄バス,,磯部町一丁目
367,3230,富山地鉄バス,,磯部町三丁目
367,3231,富山地鉄バス,,磯部町四丁目
367,3232,富山地鉄バス,,富山地方裁判所前
367,3233,富山地鉄バス,,相生町
367,3234,富山地鉄バス,,越前町
367,3235,富山地鉄バス,,グランドプラザ前
367,3236,富山地鉄バス,,西町
367,3237,富山地鉄バス,,中央通り
367,3238,富山地鉄バス,,白銀町公園前
367,3239,富山地鉄バス,,北新町
367,323A,富山地鉄バス,,中教院前
367,323B,富山地鉄バス,,五番町
367,323C,富山地鉄バス,,清水町八丁目
367,323D,富山地鉄バス,,清水町九丁目
367,323E,富山地鉄バス,,旭町
367,323F,富山地鉄バス,,旭町公園前
367,3240,富山地鉄バス,,清水元町
367,3241,富山地鉄バス,,栄町三丁目
367,3242,富山地鉄バス,,栄町二丁目
367,3243,富山地鉄バス,,館出町二丁目
367,3244,富山地鉄バス,,アピア前
367,3245,富山地鉄バス,,稲荷元町一丁目
367,3246,富山地鉄バス,,於保多神社前
367,3247,富山地鉄バス,,北新町東
367,3248,富山地鉄バス,,北新町・大阪屋ショップ前
367,3249,富山地鉄バス,,東田地方町
367,324A,富山地鉄バス,,新桜町
367,324B,富山地鉄バス,,グランドプラザ前にいかわ信用金庫
367,3401,富山地鉄バス,,蓮町
367,3402,富山地鉄バス,,昭和町
367,3403,富山地鉄バス,,千原崎
367,3404,富山地鉄バス,,草島
367,3405,富山地鉄バス,,草島小学校口
367,3406,富山地鉄バス,,荒屋南部
367,3407,富山地鉄バス,,荒屋
367,3408,富山地鉄バス,,南町
367,3409,富山地鉄バス,,ちてつ四方
367,340A,富山地鉄バス,,四方神明町
367,3501,富山地鉄バス,,岩瀬浜駅前
367,3502,富山地鉄バス,,岩瀬浜
367,3503,富山地鉄バス,,パークゴルフ場前
367,3504,富山地鉄バス,,海岸通り新町
367,3505,富山地鉄バス,,大村松籟荘前
367,3506,富山地鉄バス,,海岸通
367,3507,富山地鉄バス,,田畑新町
367,3508,富山地鉄バス,,日方江
367,3509,富山地鉄バス,,日方江東
367,350A,富山地鉄バス,,古志町
367,350B,富山地鉄バス,,浜黒崎小学校前
367,350C,富山地鉄バス,,浜黒崎浜通り
367,350D,富山地鉄バス,,浜黒崎キャンプ場
367,350E,富山地鉄バス,,横越
367,350F,富山地鉄バス,,水橋山王町
367,3510,富山地鉄バス,,水橋漁港前
367,372C,富山地鉄バス,,城端行政センター前
367,372D,富山地鉄バス,,城端駅前
367,372E,富山地鉄バス,,福光駅前
367,372F,富山地鉄バス,,福野町
367,3730,富山地鉄バス,,砺波駅南
367,3731,富山地鉄バス,,東野尻
367,3732,富山地鉄バス,,高儀
367,3734,富山地鉄バス,,東石黒
367,3800,富山地方鉄道,本線,電鉄富山
367,3801,富山地方鉄道,本線,稲荷町
367,3802,富山地方鉄道,本線,東新庄
367,3803,富山地方鉄道,本線,越中荏原
367,3804,富山地方鉄道,本線,越中三郷
367,3805,富山地方鉄道,本線,越中舟橋
367,3806,富山地方鉄道,本線,寺田
367,3807,富山地方鉄道,本線,越中泉
367,3808,富山地方鉄道,本線,相ノ木
367,3809,富山地方鉄道,本線,上市
367,380A,富山地方鉄道,本線,新宮川
367,380B,富山地方鉄道,本線,中加積
367,380C,富山地方鉄道,本線,西加積
367,380D,富山地方鉄道,本線,西滑川
367,380E,富山地方鉄道,本線,中滑川
367,380F,富山地方鉄道,本線,滑川
367,3810,富山地方鉄道,本線,浜加積
367,3811,富山地方鉄道,本線,早月加積
367,3812,富山地方鉄道,本線,越中中村
367,3813,富山地方鉄道,本線,西魚津
367,3814,富山地方鉄道,本線,電鉄魚津
367,3815,富山地方鉄道,本線,新魚津
367,3816,富山地方鉄道,本線,経田
367,3817,富山地方鉄道,本線,電鉄石田
367,3818,富山地方鉄道,本線,電鉄黒部
367,3819,富山地方鉄道,本線,東三日市
367,381A,富山地方鉄道,本線,荻生
367,381B,富山地方鉄道,本線,長屋
367,381C,富山地方鉄道,本線,舌山
367,381D,富山地方鉄道,本線,若栗
367,381E,富山地方鉄道,本線,栃屋
367,381F,富山地方鉄道,本線,浦山
367,3820,富山地方鉄道,本線,下立口
367,3821,富山地方鉄道,本線,下立
367,3822,富山地方鉄道,本線,愛本
367,3823,富山地方鉄道,本線,内山
367,3824,富山地方鉄道,本線,音沢
367,3825,富山地方鉄道,本線,宇奈月温泉
367,3826,富山地方鉄道,本線,新庄田中
367,3827,富山地方鉄道,本線,新相ノ木
367,3828,富山地方鉄道,本線,新黒部
367,3900,富山地方鉄道,立山線,稚子塚
367,3901,富山地方鉄道,立山線,田添
367,3902,富山地方鉄道,立山線,五百石
367,3903,富山地方鉄道,立山線,榎町
367,3904,富山地方鉄道,立山線,下段
367,3905,富山地方鉄道,立山線,釜ヶ淵
367,3906,富山地方鉄道,立山線,沢中山
367,3907,富山地方鉄道,立山線,岩峅寺
367,3908,富山地方鉄道,立山線,横江
367,3909,富山地方鉄道,立山線,千垣
367,390A,富山地方鉄道,立山線,有峰口
367,390B,富山地方鉄道,立山線,本宮
367,390C,富山地方鉄道,立山線,立山
367,3927,富山地方鉄道,不二越,栄町 (県立中央病院口)
367,3928,富山地方鉄道,不二越,不二越
367,3929,富山地方鉄道,不二越,大泉
367,3934,富山地方鉄道,不二越・上滝線,南富山
367,3935,富山地方鉄道,上滝線,朝菜町
367,3936,富山地方鉄道,上滝線,上堀
367,3937,富山地方鉄道,上滝線,小杉
367,3938,富山地方鉄道,上滝線,布市
367,3939,富山地方鉄道,上滝線,開発
367,393A,富山地方鉄道,上滝線,月岡
367,393B,富山地方鉄道,上滝線,大庄
367,393C,富山地方鉄道,上滝線,上滝
367,393D,富山地方鉄道,上滝線,大川寺
367,5000,まいどはやバス,清水町ルート,富山駅前
367,5003,まいどはやバス,清水町ルート,桜町二丁目
367,5038,まいどはやバス,清水町ルート,千歳町二丁目
367,505A,まいどはやバス,清水町ルート,西町
367,505E,まいどはやバス,清水町ルート,市民プラザ前
367,5301,フィーダーバス,四方・草島ルート,蓮町
367,5302,フィーダーバス,四方・草島ルート,昭和町
367,5303,フィーダーバス,四方・草島ルート,千原崎
367,5304,フィーダーバス,四方・草島ルート,草島
367,5305,フィーダーバス,四方・草島ルート,草島小学校口
367,5306,フィーダーバス,四方・草島ルート,荒屋南部
367,5307,フィーダーバス,四方・草島ルート,荒屋
367,5308,フィーダーバス,四方・草島ルート,南町
367,5309,フィーダーバス,四方・草島ルート,四方町
367,530A,フィーダーバス,四方・草島ルート,ちてつ四方
367,530B,フィーダーバス,四方・草島ルート,四方神明町
367,5401,フィーダーバス,岩瀬・大広田・浜黒崎ルート,岩瀬浜駅前
367,5402,フィーダーバス,岩瀬・大広田・浜黒崎ルート,岩瀬浜
367,5403,フィーダーバス,岩瀬・大広田・浜黒崎ルート,パークゴルフ場前
367,5404,フィーダーバス,岩瀬・大広田・浜黒崎ルート,海岸通り新町
367,5405,フィーダーバス,岩瀬・大広田・浜黒崎ルート,大村松籟荘前
367,5406,フィーダーバス,岩瀬・大広田・浜黒崎ルート,海岸通
367,5407,フィーダーバス,岩瀬・大広田・浜黒崎ルート,田畑新町
367,5408,フィーダーバス,岩瀬・大広田・浜黒崎ルート,日方江
367,5409,フィーダーバス,岩瀬・大広田・浜黒崎ルート,日方江東
367,540A,フィーダーバス,岩瀬・大広田・浜黒崎ルート,古志町
367,540B,フィーダーバス,岩瀬・大広田・浜黒崎ルート,浜黒崎小学校前
367,540C,フィーダーバス,岩瀬・大広田・浜黒崎ルート,浜黒崎浜通り
367,540D,フィーダーバス,岩瀬・大広田・浜黒崎ルート,浜黒崎キャンプ場
367,540E,フィーダーバス,岩瀬・大広田・浜黒崎ルート,横越
367,540F,フィーダーバス,岩瀬・大広田・浜黒崎ルート,水橋山王町
367,5410,フィーダーバス,岩瀬・大広田・浜黒崎ルート,水橋漁港前
367,5501,富山ライトレール,ポートラム,岩瀬浜
367,5502,富山ライトレール,ポートラム,競輪場前
367,5503,富山ライトレール,ポートラム,東岩瀬
367,5504,富山ライトレール,ポートラム,大広田
367,5505,富山ライトレール,ポートラム,蓮町
367,5506,富山ライトレール,ポートラム,犬島新町
367,5507,富山ライトレール,ポートラム,城川原
367,5508,富山ライトレール,ポートラム,越中中島
367,5509,富山ライトレール,ポートラム,粟島 (大阪屋ショップ前)
367,550A,富山ライトレール,ポートラム,下奥井
367,550B,富山ライトレール,ポートラム,奥田中学校前
367,550C,富山ライトレール,ポートラム,インテック本社前
367,550D,富山ライトレール,ポートラム,富山駅北
367,5A04,富山地鉄バス,,ガラス美術館
3E9,642,北海道北見バス,,北見駅
3E9,849,北海道北見バス,夕陽ヶ丘線,工業大学
3E9,8BE,北海道北見バス,,北見バスターミナル
3E9,AF0,北海道北見バス,夕陽ヶ丘線/三輪・小泉線/小泉・光の苑線/春光町線,小泉8号
3E9,B16,北海道北見バス,,工業大学入口
3E9,B2C,北海道北見バス,湧別・紋別線,小向14線
3E9,B30,北海道北見バス,湧別・紋別線,小向
3E9,BC4,北海道北見バス,夕陽ヶ丘線/若葉線,イオン北見店
3E9,C86,北海道北見バス,春光町線,春光町4丁目
3E9,C88,北海道北見バス,春光町線,春光町5丁目
3E9,FBC,北海道北見バス,美幌・津別線,柏町1号
3E9,1134,北海道北見バス,美幌・津別線/開成・津別線,津別町役場
3E9,12C8,北海道北見バス,,大通
3E9,12F2,北海道北見バス,東陵運動公園線/小泉・光の苑線,警察署
3E9,1390,北海道北見バス,湧別・紋別線,中湧別文化センターTOM
3E9,1518,北海道北見バス,湧別・紋別線,沼の上
3E9,1854,北海道北見バス,美幌・津別線/三輪・小泉線/常呂線/女満別空港線,東6丁目
3E9,1856,北海道北見バス,夕陽ヶ丘線/三輪・小泉線/小泉・光の苑線,小泉7号
3E9,1ABC,北海道北見バス,湧別・紋別線,遠軽郵便局
3E9,1DB4,北海道北見バス,女満別空港線,女満別空港
3E9,1E7B,北海道北見バス,,本町1丁目
3E9,1E8E,北海道北見バス,湧別・紋別線,紋別バスターミナル
3E9,1F7C,北海道北見バス,湧別・紋別線,湧別
3E9,1F81,北海道北見バス,湧別・紋別線,湧別庁舎
3E9,1F9A,北海道北見バス,美幌・津別線,美幌療育病院
3E9,252B,北海道北見バス,湧別・紋別線,チューリップ公園
3E9,264F,北海道北見バス,湧別・紋別線,湧別7号線
3E9,2652,北海道北見バス,訓子府・置戸・勝山・陸別線,訓子府25号線
4A5,CF01,嵐電,嵐山本線,四条大宮
4A5,CF02,嵐電,嵐山本線,壬生寺
4A5,CF05,嵐電,嵐山本線,西大路三条
4A5,CF06,嵐電,嵐山本線,山ノ内
4A5,CF07,嵐電,嵐山本線,嵐電天神川
4A5,CF08,嵐電,嵐山本線,蚕ノ社
4A5,CF0B,嵐電,嵐山本線,帷子ノ辻
4A5,CF0C,嵐電,嵐山本線,有栖川
4A5,CF0D,嵐電,嵐山本線,車折神社
4A5,CF0E,嵐電,嵐山本線,鹿王院
4A5,CF0F,嵐電,嵐山本線,嵐電嵯峨
4A5,CF10,嵐電,嵐山本線,嵐山
4A5,D001,嵐電,北野線,常盤
4A5,D002,嵐電,北野線,鳴滝
4A5,D003,嵐電,北野線,宇多野
4A5,D004,嵐電,北野線,御室仁和寺
4A5,D005,嵐電,北野線,妙心寺
4A5,D006,嵐電,北野線,龍安寺
4A5,D007,嵐電,北野線,等持院・立命館大学衣笠キャンパス前
4A5,D008,嵐電,北野線,撮影所前
4A5,D009,嵐電,北野線,北野白梅町
514,0,広電バス,,共通
5D1,4F1D,広島電鉄,宮島線,東高須
5D1,4F1F,広島電鉄,宮島線,高須
5D1,4F21,広島電鉄,宮島線,古江
5D1,4F23,広島電鉄,宮島線,草津
5D1,4F25,広島電鉄,宮島線,草津南
5D1,4F29,広島電鉄,宮島線,井口
5D1,4F2B,広島電鉄,宮島線,修大附属鈴峯前
5D1,4F2D,広島電鉄,宮島線,広電五日市
5D1,4F2F,広島電鉄,宮島線,佐伯区役所前
5D1,4F31,広島電鉄,宮島線,楽々園
5D1,4F33,広島電鉄,宮島線,山陽女子大前
5D1,4F35,広島電鉄,宮島線,広電廿日市
5D1,4F37,広島電鉄,宮島線,廿日市市役所前 (平良)
5D1,4F39,広島電鉄,宮島線,宮内
5D1,4F3B,広島電鉄,宮島線,JA広島病院前
5D1,4F3D,広島電鉄,宮島線,地御前
5D1,4F3F,広島電鉄,宮島線,阿品東
5D1,4F41,広島電鉄,宮島線,広電阿品
5D1,4F43,広島電鉄,宮島線,㋷競艇場前
5D3,1,伊予鉄道,高浜線,高浜
5D3,2,伊予鉄道,高浜線,梅津寺
5D3,4,伊予鉄道,高浜線,港山
5D3,5,伊予鉄道,高浜線,三津
5D3,6,伊予鉄道,高浜線,山西
5D3,7,伊予鉄道,高浜線,西衣山
5D3,8,伊予鉄道,高浜線,衣山
5D3,9,伊予鉄道,高浜線,古町
5D3,A,伊予鉄道,高浜線,大手町
5D3,B,伊予鉄道,高浜線,松山市
5D3,E,伊予鉄道,横河原線,石手川公園
5D3,F,伊予鉄道,横河原線,いよ立花
5D3,10,伊予鉄道,横河原線,福音寺
5D3,11,伊予鉄道,横河原線,北久米
5D3,12,伊予鉄道,横河原線,久米
5D3,13,伊予鉄道,横河原線,鷹ノ子
5D3,14,伊予鉄道,横河原線,平井
5D3,15,伊予鉄道,横河原線,梅本 (四国がんセンター前)
5D3,16,伊予鉄道,横河原線,牛渕団地前
5D3,17,伊予鉄道,横河原線,牛渕
5D3,18,伊予鉄道,横河原線,田窪
5D3,19,伊予鉄道,横河原線,見奈良
5D3,1A,伊予鉄道,横河原線,愛大医学部南口
5D3,1B,伊予鉄道,横河原線,横河原
5D3,1D,伊予鉄道,郡中線,土橋
5D3,1E,伊予鉄道,郡中線,土居田
5D3,1F,伊予鉄道,郡中線,余戸
5D3,20,伊予鉄道,郡中線,鎌田
5D3,21,伊予鉄道,郡中線,岡田
5D3,22,伊予鉄道,郡中線,古泉
5D3,23,伊予鉄道,郡中線,松前
5D3,24,伊予鉄道,郡中線,地蔵町
5D3,25,伊予鉄道,郡中線,新川
5D3,26,伊予鉄道,郡中線,郡中
5D3,27,伊予鉄道,郡中線,郡中港
5D3,504,伊予鉄バス,臨時バス,伊豫稲荷神社
5D3,507,伊予鉄バス,臨時バス,郡中(郡中港駅)
5D3,801,伊予鉄バス,,松山市駅
5D3,802,伊予鉄バス,,千舟町五
5D3,803,伊予鉄バス,,千舟町四
5D3,804,伊予鉄バス,,大街道口
5D3,805,伊予鉄バス,,千舟町二
5D3,806,伊予鉄バス,,永木町
5D3,807,伊予鉄バス,,新立
5D3,808,伊予鉄バス,,日の出町
5D3,809,伊予鉄バス,,日の出上町
5D3,80A,伊予鉄バス,,桑原農協前
5D3,80B,伊予鉄バス,,樽味
5D3,80C,伊予鉄バス,,愛大農学部前
5D3,80D,伊予鉄バス,,正円寺
5D3,80E,伊予鉄バス,,東野
5D3,80F,伊予鉄バス,,東野一丁目
5D3,810,伊予鉄バス,,石手
5D3,811,伊予鉄バス,,石手寺
5D3,812,伊予鉄バス,,下石手
5D3,813,伊予鉄バス,,道後姫塚
5D3,814,伊予鉄バス,,義安寺前
5D3,815,伊予鉄バス,,公園北口子規記念館前
5D3,816,伊予鉄バス,,道後温泉駅前
5D3,817,伊予鉄バス,,南堀端 (愛媛県美術館前)
5D3,818,伊予鉄バス,,愛媛新聞社前 (ホテルJALシティ前)
5D3,819,伊予鉄バス,,大手町
5D3,81A,伊予鉄バス,,JR松山駅前
5D3,A01,とさでん交通,伊野線,伊野
5D3,A02,とさでん交通,伊野線,伊野駅前
5D3,A03,伊予鉄バス,,市役所前
5D3,A04,伊予鉄バス,,県庁前 (二之丸史跡庭園前)
5D3,A05,伊予鉄バス,,一番町
5D3,A06,伊予鉄バス,,大街道 (松山城・坂の上の雲ミュージアム前)
5D3,A07,伊予鉄バス,,一番町一
5D3,A08,伊予鉄バス,,南持田
5D3,A09,伊予鉄バス,,東高前
5D3,A0A,伊予鉄バス,,附属中学前
5D3,A0B,伊予鉄バス,,湯渡町
5D3,A0C,とさでん交通,伊野線,宮の奥
5D3,A0D,伊予鉄バス,,県警察官舎前
5D3,A0E,伊予鉄バス,,一里木
5D3,A0F,伊予鉄バス,,桑原
5D3,A10,伊予鉄バス,,短大前
5D3,A11,伊予鉄バス,,畑寺一丁地
5D3,A12,伊予鉄バス,,畑寺
5D3,A13,伊予鉄バス,,繁多寺口
5D3,A14,伊予鉄バス,,三町
5D3,A15,伊予鉄バス,,北野
5D3,A16,伊予鉄バス,,日尾公園前
5D3,A17,伊予鉄バス,,久米
5D3,A18,伊予鉄バス,,久米駅前
5D3,A19,とさでん交通,伊野線,上町四丁目
5D3,A1A,とさでん交通,伊野線,上町二丁目
5D3,A1B,とさでん交通,伊野線,上町一丁目
5D3,A1C,伊予鉄バス,,千舟町七
5D3,A1D,伊予鉄バス,,松山コミュニティセンター前
5D3,A1E,伊予鉄バス,,市民病院口
5D3,A1F,伊予鉄バス,,宮田町
5D3,A20,伊予鉄バス,,宮西町
5D3,A21,伊予鉄バス,,朝美二丁目
5D3,A22,とさでん交通,伊野線,はりまや橋(東西線)
5D3,A24,伊予鉄バス,,朝日八幡前
5D3,A25,伊予鉄バス,,大宝寺口
5D3,A26,伊予鉄バス,,丸山
5D3,A27,伊予鉄バス,,NTT研修センター前
5D3,A28,伊予鉄バス,,北斎院住宅前
5D3,A29,伊予鉄バス,,北斎院
5D3,A2A,伊予鉄バス,,地蔵前
5D3,A2B,伊予鉄バス,,中津
5D3,A2C,伊予鉄バス,,味生団地前
5D3,A2D,伊予鉄バス,,味生
5D3,A2E,伊予鉄バス,,御産所
5D3,A2F,伊予鉄バス,,別府⑩
5D3,A30,伊予鉄バス,,津田団地前
5D3,A32,伊予鉄バス,,松山総合公園前
5D3,B00,とさでん交通,後免線,はりまや橋(東西線)
5D3,B01,とさでん交通,後免線,デンテツターミナルビル前
5D3,B02,とさでん交通,後免線,菜園場町
5D3,B03,とさでん交通,後免線,宝永町
5D3,B04,とさでん交通,後免線,知寄町一丁目
5D3,B05,とさでん交通,後免線,知寄町二丁目
5D3,B06,とさでん交通,後免線,知寄町
5D3,B07,とさでん交通,後免線,知寄町三丁目
5D3,B08,とさでん交通,後免線,葛島橋東詰
5D3,B09,とさでん交通,後免線,西高須
5D3,B0A,とさでん交通,後免線,県立美術館通
5D3,B0B,とさでん交通,後免線,高須
5D3,B0C,とさでん交通,後免線,文珠通
5D3,B0D,とさでん交通,後免線,介良通
5D3,B0E,とさでん交通,後免線,新木
5D3,B0F,とさでん交通,後免線,東新木
5D3,B10,とさでん交通,後免線,田辺島通
5D3,B11,とさでん交通,後免線,鹿児
5D3,B12,とさでん交通,後免線,舟戸
5D3,B13,とさでん交通,後免線,北浦
5D3,B14,とさでん交通,後免線,領石通
5D3,B15,とさでん交通,後免線,清和学園前
5D3,B16,とさでん交通,後免線,一条橋
5D3,B17,とさでん交通,後免線,明見橋
5D3,B18,とさでん交通,後免線,長崎
5D3,B19,とさでん交通,後免線,小篭通
5D3,B1A,とさでん交通,後免線,篠原
5D3,B1B,とさでん交通,後免線,住吉通
5D3,B1C,とさでん交通,後免線,東工業前
5D3,B1D,とさでん交通,後免線,後免西町
5D3,B1E,とさでん交通,後免線,後免中町
5D3,B1F,とさでん交通,後免線,後免東町
5D3,B20,とさでん交通,後免線,後免町
5D3,C01,とさでん交通,桟橋線,高知駅前
5D3,C02,とさでん交通,桟橋線,高知橋
5D3,C03,とさでん交通,桟橋線,蓮池町通
5D3,C04,とさでん交通,桟橋線,はりまや橋(南北線)
5D3,C05,とさでん交通,桟橋線,梅の辻
5D3,C06,とさでん交通,桟橋線,桟橋通一丁目
5D3,C07,とさでん交通,桟橋線,桟橋通二丁目
5D3,C08,とさでん交通,桟橋線,桟橋通三丁目
5D3,C09,とさでん交通,桟橋線,桟橋通四丁目
5D3,C0A,とさでん交通,桟橋線,桟橋車庫前 (自由民権記念館前)
5D3,C0B,とさでん交通,桟橋線,桟橋通五丁目
5D3,D08,伊予鉄バス,,千舟町一
5D3,D1A,伊予鉄バス,,高尾田東
5D3,D1B,伊予鉄バス,,広瀬
5D3,D1C,伊予鉄バス,,大橋町
5D3,D1D,伊予鉄バス,,小村
5D3,D1E,伊予鉄バス,,政友口
5D3,D1F,伊予鉄バス,,中野
5D3,D20,伊予鉄バス,,中野石鎚前
5D3,D21,伊予鉄バス,,鶴羽
5D3,D22,伊予鉄バス,,竹の下
5D3,D23,伊予鉄バス,,上村
5D3,D24,伊予鉄バス,,宮の段
5D3,D25,伊予鉄バス,,仙幸寺
5D3,D26,伊予鉄バス,,別府(拝志)
5D3,D27,伊予鉄バス,,拝志農協前
5D3,D28,伊予鉄バス,,横根
5D3,D29,伊予鉄バス,,下八幡
5D3,D2A,伊予鉄バス,,拝志神社前
5D3,D2B,伊予鉄バス,,利山入口
5D3,D2C,伊予鉄バス,,二の瀬
5D3,D2D,伊予鉄バス,,友清
5D3,D2E,伊予鉄バス,,札場
5D3,D2F,伊予鉄バス,,五本松(上林)
5D3,D30,伊予鉄バス,,上林皿ヶ嶺登山口
5D3,E1C,伊予鉄バス,,宮の北
5D3,E1D,伊予鉄バス,,横道
5D3,E1E,伊予鉄バス,,恵原
5D3,E1F,伊予鉄バス,,恵原公民館前
5D3,E20,伊予鉄バス,,新張
5D3,E21,伊予鉄バス,,八坂寺前
5D3,E22,伊予鉄バス,,浄瑠璃寺前
5D3,E23,伊予鉄バス,,坂本駐在所前
5D3,E24,伊予鉄バス,,坂本小学校前
5D3,E25,伊予鉄バス,,出口
5D3,E26,伊予鉄バス,,関谷
5D3,E27,伊予鉄バス,,中之坂
5D3,E28,伊予鉄バス,,宮方
5D3,E29,伊予鉄バス,,丹波
5D3,E2A,伊予鉄バス,,県生涯学習センター前
5D3,E2B,伊予鉄バス,,西野口
5D3,E2C,伊予鉄バス,,大山祗命神示教会前
5D3,E2F,伊予鉄バス,,東方
5D3,E30,伊予鉄バス,,荏原事業所前
5D3,E31,伊予鉄バス,,上野団地口
5D3,E32,伊予鉄バス,,上野団地
5D3,F06,伊予鉄バス,,一番町二
5D3,F07,伊予鉄バス,,三番町二
5D3,F09,伊予鉄バス,,北立花町
5D3,F0A,伊予鉄バス,,河原町
5D3,F0B,伊予鉄バス,,立花橋
5D3,F0C,伊予鉄バス,,立花駅前
5D3,F0D,伊予鉄バス,,朝生田町東
5D3,F0E,伊予鉄バス,,天山変電所西
5D3,F0F,伊予鉄バス,,天山橋
5D3,F10,伊予鉄バス,,東石井
5D3,F11,伊予鉄バス,,椿前
5D3,F12,伊予鉄バス,,南石井
5D3,F13,伊予鉄バス,,乙井橋
5D3,F14,伊予鉄バス,,南井門
5D3,F15,伊予鉄バス,,運輸支局前
5D3,F16,伊予鉄バス,,森松
5D3,F17,伊予鉄バス,,森松橋詰
5D3,F18,伊予鉄バス,,高尾田北口
5D3,F19,伊予鉄バス,,高尾田
5D3,F1A,伊予鉄バス,,麻生
5D3,F1B,伊予鉄バス,,下原町
5D3,F1C,伊予鉄バス,,南ヶ丘団地口
5D3,F1D,伊予鉄バス,,原町
5D3,F1E,伊予鉄バス,,総合運動公園口
5D3,F1F,伊予鉄バス,,とべ動物園前
5D3,F20,伊予鉄バス,,陸上競技場前 (ニンジニアスタジアム)
5D3,F21,伊予鉄バス,,えひめこどもの城
5D3,F22,伊予鉄バス,,通谷口
5D3,F23,伊予鉄バス,,供養堂
5D3,F24,伊予鉄バス,,宮内
5D3,F25,伊予鉄バス,,幸田口
5D3,F26,伊予鉄バス,,砥部向南台前
5D3,F27,伊予鉄バス,,千足
5D3,F28,伊予鉄バス,,砥部焼観光センター口
5D3,F29,伊予鉄バス,,砥部戎
5D3,F2A,伊予鉄バス,,砥部焼伝統産業会館前
5D3,F2B,伊予鉄バス,,砥部町大南
5D3,F2C,伊予鉄バス,,新岩谷口
5D3,F2D,伊予鉄バス,,砥部断層北
5D3,F2E,伊予鉄バス,,大岩橋
5D3,F2F,伊予鉄バス,,砥部町中通
5D3,F30,伊予鉄バス,,砥部町客
5D3,F31,伊予鉄バス,,断層口
5D3,F34,伊予鉄バス,,西野
5D3,1621,伊予鉄バス,,樋の口
5D3,1622,伊予鉄バス,,菖蒲
5D3,1623,伊予鉄バス,,井口
5D3,1624,伊予鉄バス,,大畑
5D3,1625,伊予鉄バス,,除
5D3,1626,伊予鉄バス,,御所
5D3,1627,伊予鉄バス,,荒木谷口
5D3,1628,伊予鉄バス,,荒木谷
5D3,1629,伊予鉄バス,,竹谷
5D3,162A,伊予鉄バス,,岡
5D3,162B,伊予鉄バス,,福見山登山口
5D3,162C,伊予鉄バス,,神子野
5D3,162D,伊予鉄バス,,藤之内
5D3,162E,伊予鉄バス,,木地堰堤
5D3,162F,伊予鉄バス,,木地
5D3,1630,伊予鉄バス,,愛媛医療センター前
5D3,1631,伊予鉄バス,,看護学校入口
5D3,1632,伊予鉄バス,,みなら特別支援学校前
5D3,1633,伊予鉄バス,,刑務所官舎前
5D3,1634,伊予鉄バス,,見奈良口
5D3,1635,伊予鉄バス,,東温市役所
5D3,1637,伊予鉄バス,,利楽温泉坊っちゃん劇場前
5D3,1701,伊予鉄バス,,森松東
5D3,1702,伊予鉄バス,,浮穴学校前
5D3,1703,伊予鉄バス,,一丁地
5D3,1704,伊予鉄バス,,正友神社口
5D3,1705,伊予鉄バス,,杖ノ淵公園前
5D3,1706,伊予鉄バス,,南高井
5D3,1707,伊予鉄バス,,南高井東
5D3,1708,伊予鉄バス,,南高井病院前
5D3,170C,伊予鉄バス,,南高井病院口
5D3,170D,伊予鉄バス,,ウェルケア重信口
5D3,170E,伊予鉄バス,,西光寺前
5D3,170F,伊予鉄バス,,工業団地口
5D3,1710,伊予鉄バス,,南吉井小学校前
5D3,1711,伊予鉄バス,,牛渕駅口
5D3,1712,伊予鉄バス,,田窪
5D3,1E14,伊予鉄バス,,古川北三丁目
5D3,1F02,伊予鉄バス,,コムズ前
5D3,1F03,伊予鉄バス,,済美高前
5D3,1F04,伊予鉄バス,,雄郡小学校東門前
5D3,1F05,伊予鉄バス,,雄郡神社東
5D3,1F06,伊予鉄バス,,愛媛朝日テレビ前
5D3,1F07,伊予鉄バス,,和泉
5D3,1F08,伊予鉄バス,,吉木橋
5D3,1F09,伊予鉄バス,,北古川
5D3,1F0A,伊予鉄バス,,古川
5D3,1F0B,伊予鉄バス,,南古川
5D3,1F0C,伊予鉄バス,,中川原橋詰
5D3,1F0D,伊予鉄バス,,中川原
5D3,1F0E,伊予鉄バス,,西中川原
5D3,1F0F,伊予鉄バス,,小松原
5D3,1F10,伊予鉄バス,,北伊予駅前
5D3,2108,伊予鉄バス,,泉永寺前
5D3,2109,伊予鉄バス,,市坪橋
5D3,210A,伊予鉄バス,,市坪住宅前
5D3,210B,伊予鉄バス,,市坪
5D3,210C,伊予鉄バス,,西古川
5D3,210D,伊予鉄バス,,古川横田
5D3,210E,伊予鉄バス,,椿団地前
5D3,210F,伊予鉄バス,,椿神社前
5D3,2110,伊予鉄バス,,精農橋
5D3,2111,伊予鉄バス,,和泉団地前
5D3,2112,伊予鉄バス,,古川北一丁目
5D3,2113,伊予鉄バス,,古川北二丁目
5D3,2203,伊予鉄バス,,伊予岡田
5D3,2204,伊予鉄バス,,伊予松前
5D3,2205,伊予鉄バス,,伊予高校前
5D3,2206,伊予鉄バス,,鳥ノ木団地前
5D3,2207,伊予鉄バス,,伊予市
5D3,2208,伊予鉄バス,,大平
5D3,2209,伊予鉄バス,,犬寄トンネル
5D3,220A,伊予鉄バス,,東峰
5D3,220B,伊予鉄バス,,上長沢
5D3,220C,伊予鉄バス,,長沢
5D3,220D,伊予鉄バス,,中山
5D3,220E,伊予鉄バス,,登立
5D3,220F,伊予鉄バス,,立川
5D3,2210,伊予鉄バス,,立川橋
5D3,2211,伊予鉄バス,,宿茂
5D3,2212,伊予鉄バス,,岡町
5D3,2213,伊予鉄バス,,知清橋
5D3,2214,伊予鉄バス,,内子
5D3,2215,伊予鉄バス,,五十崎口
5D3,2216,伊予鉄バス,,五十崎駅前
5D3,2217,伊予鉄バス,,新谷
5D3,2218,伊予鉄バス,,松ヶ花
5D3,2219,伊予鉄バス,,大洲駅前
5D3,221A,伊予鉄バス,,大洲本町
5D3,221B,伊予鉄バス,,大洲営業所
5D3,221C,伊予鉄バス,,平野
5D3,221D,伊予鉄バス,,平野運動公園口
5D3,221E,伊予鉄バス,,夜昼パークタウン前
5D3,221F,伊予鉄バス,,千丈駅前
5D3,2220,伊予鉄バス,,八幡浜駅前
5D3,2221,伊予鉄バス,,新町銀座
5D3,2222,伊予鉄バス,,道の駅八幡浜みなっと
5D3,2223,伊予鉄バス,,市立病院前
5D3,2224,伊予鉄バス,,喜木
5D3,2225,伊予鉄バス,,三島神社前(保内)
5D3,2226,伊予鉄バス,,新伊方
5D3,2227,伊予鉄バス,,新川永田
5D3,2228,伊予鉄バス,,伊方峠
5D3,2229,伊予鉄バス,,伊方ビジターズハウス
5D3,222A,伊予鉄バス,,加周口
5D3,222B,伊予鉄バス,,新足成口
5D3,222C,伊予鉄バス,,堀切大橋
5D3,222D,伊予鉄バス,,川之浜口
5D3,222E,伊予鉄バス,,大久口
5D3,222F,伊予鉄バス,,田部越
5D3,2230,伊予鉄バス,,神崎口
5D3,2231,伊予鉄バス,,新名取口
5D3,2232,伊予鉄バス,,二名津口
5D3,2233,伊予鉄バス,,農事センター前
5D3,2234,伊予鉄バス,,三崎
5D3,2235,伊予鉄バス,,東大洲
5D3,2301,伊予鉄バス,,文化センター前
5D3,2302,伊予鉄バス,,エミアミューズ前
5D3,2303,伊予鉄バス,,エミフルまさき
5D3,2304,伊予鉄バス,,古泉駅前
5D3,2305,伊予鉄バス,,東古泉
5D3,2306,伊予鉄バス,,JA松山市永田出張所前
5D3,2307,伊予鉄バス,東コース,鶴吉
5D3,2308,伊予鉄バス,東コース,JA松山市鶴吉倉庫前
5D3,2309,伊予鉄バス,東コース,晴光院前
5D3,230A,伊予鉄バス,東コース,北伊予小学校前
5D3,230B,伊予鉄バス,東コース,北伊予踏切前
5D3,230C,伊予鉄バス,東コース,JA松山市北伊予支所前
5D3,230D,伊予鉄バス,東コース,二名保育所前
5D3,230E,伊予鉄バス,東コース,徳丸公園前
5D3,230F,伊予鉄バス,東コース,徳丸老人憩いの家前
5D3,2310,伊予鉄バス,東コース,徳丸常夜灯前
5D3,2311,伊予鉄バス,東コース,徳丸集会所前
5D3,2312,伊予鉄バス,東コース,徳丸水源地前
5D3,2313,伊予鉄バス,東コース,中川原西
5D3,2314,伊予鉄バス,東コース,中川原踏切
5D3,2315,伊予鉄バス,東コース,大間集会所前
5D3,2316,伊予鉄バス,東コース,白鶴保育所前
5D3,2317,伊予鉄バス,東コース,上高柳集会所前
5D3,2318,伊予鉄バス,東コース,むかいだ小児科前
5D3,2319,伊予鉄バス,,福祉センター前
5D3,2401,伊予鉄バス,西コース,伊予スイミング前
5D3,2402,伊予鉄バス,西コース,黒田保育所前
5D3,2403,伊予鉄バス,西コース,武智酒造前
5D3,2404,伊予鉄バス,西コース,松前小学校前
5D3,2405,伊予鉄バス,西コース,中村酒店前
5D3,2406,伊予鉄バス,西コース,夫婦橋
5D3,2407,伊予鉄バス,西コース,大念寺前
5D3,2408,伊予鉄バス,西コース,松前病院前
5D3,2409,伊予鉄バス,西コース,東レ前
5D3,240A,伊予鉄バス,西コース,塩屋
5D3,240B,伊予鉄バス,西コース,旧若葉保育所前
5D3,240C,伊予鉄バス,西コース,北川原
5D3,240D,伊予鉄バス,西コース,しのざき医院前
5D3,240E,伊予鉄バス,西コース,岡田小学校前
5D3,240F,伊予鉄バス,西コース,升田歯科前
5D3,2410,伊予鉄バス,西コース,岡田駅前
5D3,2411,伊予鉄バス,西コース,長尾谷橋
5D3,241A,伊予鉄バス,,役場前
5D3,2500,伊予鉄バス,,すみれ野団地前
5D3,2501,伊予鉄バス,,会津町
5D3,2502,伊予鉄バス,,JR三津浜駅
5D3,2503,伊予鉄バス,,三津東
5D3,2504,伊予鉄バス,,古三津
5D3,2505,伊予鉄バス,,西郵便局前
5D3,2801,伊予鉄バス,松山空港リムジンバス,松山空港
5D3,2802,伊予鉄バス,松山観光港リムジンバス,JR松山駅前
5D3,2803,伊予鉄バス,松山空港リムジンバス/松山観光港リムジンバス,愛媛新聞社前
5D3,2804,伊予鉄バス,松山観光港リムジンバス,松山市駅
5D3,2805,伊予鉄バス,松山観光港リムジンバス,大街道 (三越前)
5D3,2806,伊予鉄バス,松山空港リムジンバス,南町県民文化会館前
5D3,2807,伊予鉄バス,松山空港リムジンバス,道後温泉
5D3,280A,伊予鉄バス,松山観光港リムジンバス,松山観光港
5D3,3204,伊予鉄バス,,土橋
5D3,3206,伊予鉄バス,,土居田口
5D3,3207,伊予鉄バス,,土居田
5D3,3208,伊予鉄バス,,国土交通省前
5D3,3209,伊予鉄バス,,針田
5D3,320A,伊予鉄バス,,余戸
5D3,320B,伊予鉄バス,,井手の上
5D3,320C,伊予鉄バス,,柳井田
5D3,320D,伊予鉄バス,,八反地
5D3,320E,伊予鉄バス,,東垣生
5D3,320F,伊予鉄バス,,吉田口
5D3,3210,伊予鉄バス,,三島神社前(今出)
5D3,3211,伊予鉄バス,,今出南
5D3,3212,伊予鉄バス,,今出港口
5D3,3213,伊予鉄バス,,木材団地口
5D3,3214,伊予鉄バス,,今出港
5D3,3215,伊予鉄バス,,三段地川橋
5D3,3216,伊予鉄バス,,垣生中学校前
5D3,3217,伊予鉄バス,,パルティ・フジ垣生SC前
5D3,3218,伊予鉄バス,,大新田
5D3,3307,伊予鉄バス,,和泉北
5D3,3308,伊予鉄バス,,保免
5D3,3309,伊予鉄バス,,余土中学校前
5D3,330A,伊予鉄バス,,坊っちゃんスタジアム
5D3,330B,伊予鉄バス,,マドンナスタジアム
5D3,3406,伊予鉄バス,,竹原中組
5D3,3407,伊予鉄バス,,竹原町南
5D3,3408,伊予鉄バス,,空港通り一丁目
5D3,3409,伊予鉄バス,,空港通り三丁目
5D3,340A,伊予鉄バス,,松山斎院営業所口
5D3,340B,伊予鉄バス,,富久口
5D3,340C,伊予鉄バス,,久保田
5D3,340D,伊予鉄バス,,南吉田東
5D3,340E,伊予鉄バス,,南吉田口
5D3,340F,伊予鉄バス,,松山空港
5D3,3410,伊予鉄バス,,東雲学園前
5D3,3411,伊予鉄バス,,ロープウェイ前
5D3,3412,伊予鉄バス,,喜与町
5D3,3413,伊予鉄バス,,西一万
5D3,3414,伊予鉄バス,,日赤前
5D3,3415,伊予鉄バス,,上一万駅前
5D3,3416,伊予鉄バス,,南町県民文化会館前
5D3,3417,伊予鉄バス,,道後公園
5D3,341F,伊予鉄バス,,公民館前(石手)
5D3,3420,伊予鉄バス,,上石手
5D3,3421,伊予鉄バス,,岩堰
5D3,3422,伊予鉄バス,,溝辺
5D3,3423,伊予鉄バス,,高野
5D3,3424,伊予鉄バス,,上高野
5D3,3425,伊予鉄バス,,湯山小学校前
5D3,3426,伊予鉄バス,,食場
5D3,3427,伊予鉄バス,,末
5D3,3428,伊予鉄バス,,湯山発電所前
5D3,3429,伊予鉄バス,,湯之元
5D3,342A,伊予鉄バス,,奥道後
5D3,342B,伊予鉄バス,,湧ヶ淵
5D3,342C,伊予鉄バス,,湯の山ニュータウン
5D3,342D,伊予鉄バス,,湯の山集会所
5D3,342E,伊予鉄バス,,湯の山コミュニティホール前
5D3,342F,伊予鉄バス,,湯の山東
5D3,3522,伊予鉄バス,,石鎚神社前
5D3,3805,伊予鉄バス,,竹原町
5D3,3806,伊予鉄バス,,西竹原
5D3,3807,伊予鉄バス,,西河原
5D3,3808,伊予鉄バス,,生石入口
5D3,3809,伊予鉄バス,,生石
5D3,380A,伊予鉄バス,,公民館前(南斎院)
5D3,380B,伊予鉄バス,,南斎院
5D3,380C,伊予鉄バス,,日吉神社口
5D3,380D,伊予鉄バス,,西側
5D3,380E,伊予鉄バス,,高岡天神前
5D3,380F,伊予鉄バス,,高岡
5D3,3810,伊予鉄バス,,高岡公民館前
5D3,3811,伊予鉄バス,,生石小学校前
5D3,3812,伊予鉄バス,,高岡橋
5D3,3813,伊予鉄バス,,住宅前
5D3,3814,伊予鉄バス,,鯛崎
5D3,3815,伊予鉄バス,,社宅前
5D3,3816,伊予鉄バス,,帝人前
5D3,3817,伊予鉄バス,,北吉田
5D3,3818,伊予鉄バス,,金比羅前(吉田)
5D3,3819,伊予鉄バス,,磯崎
5D3,381A,伊予鉄バス,,アイテムえひめ前
5D3,381B,伊予鉄バス,,大可賀
5D3,381C,伊予鉄バス,,西署前
5D3,381D,伊予鉄バス,,三津二丁目
5D3,381E,伊予鉄バス,,三津一丁目
5D3,381F,伊予鉄バス,,三津港
5D3,3C08,伊予鉄バス,,北宮西町
5D3,3C09,伊予鉄バス,,病院前
5D3,3C0D,伊予鉄バス,,山西
5D3,3C0E,伊予鉄バス,,三本柳済生会病院前
5D3,3C0F,伊予鉄バス,,松江橋
5D3,3C10,伊予鉄バス,,三津厳島神社前
5D3,3C11,伊予鉄バス,,三津駅前
5D3,3C12,伊予鉄バス,,辰巳町
5D3,3C17,伊予鉄バス,,高浜駅前
5D3,3C18,伊予鉄バス,,松山観光港
5D3,3D0C,伊予鉄バス,,衣山駅前
5D3,3D0D,伊予鉄バス,,久万の台
5D3,3D0E,伊予鉄バス,,松山西中等教育学校前
5D3,3D0F,伊予鉄バス,,西長戸南口
5D3,3D10,伊予鉄バス,,西長戸
5D3,3D11,伊予鉄バス,,久枝小学校前
5D3,3D12,伊予鉄バス,,三光前
5D3,3D13,伊予鉄バス,,保具
5D3,3D14,伊予鉄バス,,安城寺
5D3,3D15,伊予鉄バス,,高木
5D3,3D16,伊予鉄バス,,仲村
5D3,3D17,伊予鉄バス,,和気駅前
5D3,3D18,伊予鉄バス,,和気
5D3,3D19,伊予鉄バス,,和気農協前
5D3,3D1A,伊予鉄バス,,片廻
5D3,3D1B,伊予鉄バス,,一の門
5D3,3D1C,伊予鉄バス,,太山寺
5D3,3D1D,伊予鉄バス,,小山
5D3,3D1E,伊予鉄バス,,昭和橋
5D3,3D1F,伊予鉄バス,,勝岡住宅前
5D3,3D20,伊予鉄バス,,勝岡神社前
5D3,3D21,伊予鉄バス,,勝岡
5D3,3D22,伊予鉄バス,,勝岡東
5D3,3D23,伊予鉄バス,,運転免許センター
5D3,4205,伊予鉄バス,,西堀端
5D3,4206,伊予鉄バス,,本町三
5D3,4207,伊予鉄バス,,本町
5D3,4208,伊予鉄バス,,本町五
5D3,4209,伊予鉄バス,,本町六
5D3,420A,伊予鉄バス,,山越
5D3,420B,伊予鉄バス,,還熊八幡前
5D3,420C,伊予鉄バス,,北山越
5D3,420D,伊予鉄バス,,姫原
5D3,420E,伊予鉄バス,,東長戸
5D3,420F,伊予鉄バス,,鴨川団地前
5D3,4210,伊予鉄バス,,潮見保育園前
5D3,4211,伊予鉄バス,,北山田
5D3,4212,伊予鉄バス,,平田
5D3,4213,伊予鉄バス,,金比羅前(内宮)
5D3,4214,伊予鉄バス,,内宮
5D3,4215,伊予鉄バス,,花見橋
5D3,4216,伊予鉄バス,,堀江
5D3,4217,伊予鉄バス,,東栄
5D3,4218,伊予鉄バス,,大谷口
5D3,4219,伊予鉄バス,,粟井坂
5D3,421A,伊予鉄バス,,小川
5D3,421B,伊予鉄バス,,磯の川
5D3,421C,伊予鉄バス,,和田
5D3,421D,伊予鉄バス,,粟井橋
5D3,421E,伊予鉄バス,,久保(粟井)
5D3,421F,伊予鉄バス,,粟井駅前
5D3,4220,伊予鉄バス,,中須賀
5D3,4221,伊予鉄バス,,松の木
5D3,4222,伊予鉄バス,,柳原
5D3,4223,伊予鉄バス,,河野橋
5D3,4224,伊予鉄バス,,西の下
5D3,4225,伊予鉄バス,,新開
5D3,4226,伊予鉄バス,,北条高校前
5D3,4227,伊予鉄バス,,北条鹿島前
5D3,4228,伊予鉄バス,,辻町
5D3,4229,伊予鉄バス,,北条本町
5D3,422A,伊予鉄バス,,北本町
5D3,422B,伊予鉄バス,,北条
5D3,422C,伊予鉄バス,,難波口
5D3,4405,伊予鉄バス,,北条駅口
5D3,4406,伊予鉄バス,,北条駅前
5D3,4407,伊予鉄バス,,北条小学校前
5D3,4408,伊予鉄バス,,聖カタリナ短大前
5D3,4409,伊予鉄バス,,中西
5D3,440A,伊予鉄バス,,正岡農協前
5D3,440B,伊予鉄バス,,正岡小学校前
5D3,440C,伊予鉄バス,,金比羅橋
5D3,440D,伊予鉄バス,,神田橋
5D3,440E,伊予鉄バス,,神田
5D3,440F,伊予鉄バス,,井口橋
5D3,4410,伊予鉄バス,,記念碑前
5D3,4411,伊予鉄バス,,湯山
5D3,4412,伊予鉄バス,,名古屋橋
5D3,4413,伊予鉄バス,,才の原
5D3,4414,伊予鉄バス,,農協前
5D3,4415,伊予鉄バス,,立岩小学校前
5D3,4416,伊予鉄バス,,鶴巻
5D3,4417,伊予鉄バス,,下組
5D3,4418,伊予鉄バス,,中組
5D3,4419,伊予鉄バス,,小山田
5D3,441A,伊予鉄バス,,立岩支所前
5D3,441B,伊予鉄バス,,立岩
5D3,441C,伊予鉄バス,,大遊寺
5D3,441D,伊予鉄バス,,中村
5D3,441E,伊予鉄バス,,宮裏
5D3,441F,伊予鉄バス,,小儀式
5D3,4420,伊予鉄バス,,儀式
5D3,4421,伊予鉄バス,,宝入橋
5D3,4422,伊予鉄バス,,庄府下
5D3,4423,伊予鉄バス,,庄府
5D3,4424,伊予鉄バス,難波線,白橋
5D3,4425,伊予鉄バス,難波線,常燈
5D3,4426,伊予鉄バス,難波線,中通
5D3,4427,伊予鉄バス,難波線,難波
5D3,4428,伊予鉄バス,難波線,町下
5D3,4429,伊予鉄バス,難波線,県農業試験場前
5D3,442A,伊予鉄バス,難波線,庄会堂前
5D3,442B,伊予鉄バス,難波線,堂の元
5D3,4607,伊予鉄バス,,東署前
5D3,460D,伊予鉄バス,,丸山橋
5D3,460E,伊予鉄バス,,松山べテル病院前
5D3,460F,伊予鉄バス,,山田
5D3,4610,伊予鉄バス,,道後聖墓苑前
5D3,4611,伊予鉄バス,,妙清寺前
5D3,4612,伊予鉄バス,,道後白水台
5D3,4613,伊予鉄バス,,白水峠
5D3,4614,伊予鉄バス,,瀬戸風ハイツ前
5D3,4615,伊予鉄バス,,松組
5D3,4616,伊予鉄バス,,伊台
5D3,4617,伊予鉄バス,,屋敷
5D3,4618,伊予鉄バス,,須倉口
5D3,4619,伊予鉄バス,,下実川
5D3,461A,伊予鉄バス,,上実川
5D3,461B,伊予鉄バス,,老人ホーム五明苑前
5D3,461C,伊予鉄バス,,上菅沢
5D3,461D,伊予鉄バス,,五明
5D3,461E,伊予鉄バス,,五明農協前
5D3,461F,伊予鉄バス,,神次郎
5D3,4620,伊予鉄バス,,城山
5D3,4621,伊予鉄バス,,道後町二
5D3,4622,伊予鉄バス,,祝谷二丁目
5D3,4623,伊予鉄バス,,祝谷五丁目
5D3,4624,伊予鉄バス,,祝谷橋
5D3,4625,伊予鉄バス,,菅沢口
5D3,4626,伊予鉄バス,,野外活動センター
5D3,4629,伊予鉄バス,,道後平ニュータウン
5D3,462A,伊予鉄バス,,道後平入口
5D3,462B,伊予鉄バス,,向陽ハイツ入口
5D3,462C,伊予鉄バス,,向陽中央公園前
5D3,462D,伊予鉄バス,,向陽第一公園前
5D3,462E,伊予鉄バス,,道後平公園前
5D3,4631,伊予鉄バス,,南白水三丁目
5D3,4709,伊予鉄バス,,湯渡
5D3,470A,伊予鉄バス,,高柳
5D3,470B,伊予鉄バス,,石手四丁目
5D3,4715,伊予鉄バス,,末滝見橋
5D3,4716,伊予鉄バス,,土居
5D3,4717,伊予鉄バス,,梅組
5D3,4718,伊予鉄バス,,頭尾
5D3,4719,伊予鉄バス,,桜組
5D3,491A,伊予鉄バス,,宿野々
5D3,491B,伊予鉄バス,,石手川ダム
5D3,491C,伊予鉄バス,,柳
5D3,491D,伊予鉄バス,,五明口
5D3,491E,伊予鉄バス,,玉谷(河中)
5D3,491F,伊予鉄バス,,上総橋
5D3,4920,伊予鉄バス,,藤野々
5D3,4921,伊予鉄バス,,河中
5D3,4922,伊予鉄バス,,日浦学校前
5D3,4923,伊予鉄バス,,東川
5D3,4924,伊予鉄バス,,九川口
5D3,4925,伊予鉄バス,,大井野
5D3,4926,伊予鉄バス,,愛大演習林前
5D3,4927,伊予鉄バス,,米野々
5D3,4A2E,伊予鉄バス,,根引峠
5D3,4A2F,伊予鉄バス,,二子松
5D3,4A30,伊予鉄バス,,桜三里霊園前
5D3,4A31,伊予鉄バス,,土谷橋
5D3,4A32,伊予鉄バス,,落出
5D3,4A33,伊予鉄バス,,弥助成
5D3,4A34,伊予鉄バス,,郷の下
5D3,4A35,伊予鉄バス,,滑川生活センター前
5D3,4A36,伊予鉄バス,,下仲屋
5D3,4A37,伊予鉄バス,,上仲屋
5D3,4A38,伊予鉄バス,,伊之曽口
5D3,4A39,伊予鉄バス,,桜口
5D3,4A3A,伊予鉄バス,,滑川
5D3,4A3B,伊予鉄バス,,第二発電所前
5D3,4A3C,伊予鉄バス,,海上
5D3,4B29,伊予鉄バス,,滝の下
5D3,4B2A,伊予鉄バス,,鎌倉堂
5D3,4B2B,伊予鉄バス,,則之内
5D3,4B2C,伊予鉄バス,,則之内中組
5D3,4B2D,伊予鉄バス,,宮の谷
5D3,4B2E,伊予鉄バス,,徳吉
5D3,4B2F,伊予鉄バス,,学校前
5D3,4B30,伊予鉄バス,,下音田
5D3,4B31,伊予鉄バス,,河之内
5D3,4B32,伊予鉄バス,,金比羅前(河之内)
5D3,4B33,伊予鉄バス,,清水橋
5D3,4B34,伊予鉄バス,,法蔵寺
5D3,4B35,伊予鉄バス,,狩場
5D3,4B36,伊予鉄バス,,黒岩
5D3,4B37,伊予鉄バス,,中問屋
5D3,4B38,伊予鉄バス,,白猪滝口
5D3,4C08,伊予鉄バス,,小坂町
5D3,4C09,伊予鉄バス,,南小坂町
5D3,4C0A,伊予鉄バス,,枝松
5D3,4C0B,伊予鉄バス,,松末住宅前
5D3,4C0C,伊予鉄バス,,松末橋
5D3,4C0D,伊予鉄バス,,スポーツセンター前
5D3,4C0E,伊予鉄バス,,福音寺
5D3,4C0F,伊予鉄バス,,北久米
5D3,4C11,伊予鉄バス,,鷹の子温泉前
5D3,4C12,伊予鉄バス,,鷹の子
5D3,4C13,伊予鉄バス,,上新畑
5D3,4C14,伊予鉄バス,,刈屋
5D3,4C15,伊予鉄バス,,平井
5D3,4C16,伊予鉄バス,,水泥
5D3,4C17,伊予鉄バス,,小野支所前
5D3,4C18,伊予鉄バス,,北梅本
5D3,4C19,伊予鉄バス,,自衛隊前
5D3,4C1A,伊予鉄バス,,ハリマ塚
5D3,4C1B,伊予鉄バス,,西の岡
5D3,4C1C,伊予鉄バス,,志津川
5D3,4C1D,伊予鉄バス,,北吉井小学校前
5D3,4C1E,伊予鉄バス,,愛大病院前
5D3,4C1F,伊予鉄バス,,横河原
5D3,4C20,伊予鉄バス,,茶堂
5D3,4C21,伊予鉄バス,,川上農協前
5D3,4C22,伊予鉄バス,,川上学校前
5D3,4C23,伊予鉄バス,,川上下の町
5D3,4C24,伊予鉄バス,,川内
5D3,4C25,伊予鉄バス,,川内支所前
5D3,4C26,伊予鉄バス,,西谷口
5D3,4C27,伊予鉄バス,,天神大橋
5D3,4C28,伊予鉄バス,,天神集会所
5D3,4C29,伊予鉄バス,,川内公園
5D3,4C2A,伊予鉄バス,,川内グリーンタウン口
5D3,4C2C,伊予鉄バス,,滝見橋
5D3,4C33,伊予鉄バス,,湯谷口
5D3,4C35,伊予鉄バス,,さくらの湯
5D3,4E00,伊予鉄バス,,横河原駅前
5D3,4E2A,伊予鉄バス,,三軒屋橋
5D3,4E2B,伊予鉄バス,,三軒屋下
5D3,4E2C,伊予鉄バス,,三軒屋上
5D3,4E2D,伊予鉄バス,,音田口
5D3,4E2E,伊予鉄バス,,中坪
5D3,4E2F,伊予鉄バス,,松瀬川公民館前
5D3,4E30,伊予鉄バス,,新端
5D3,4E31,伊予鉄バス,,坂口
5D3,4E32,伊予鉄バス,,松瀬川
5D3,5034,伊予鉄バス,,大頭
5D3,5035,伊予鉄バス,,小松総合支所前
5D3,5036,伊予鉄バス,,氷見
5D3,5038,伊予鉄バス,,西条登道
5D3,5039,伊予鉄バス,,西条駅前
5D3,503A,伊予鉄バス,,横黒
5D3,503B,伊予鉄バス,,西条済生会病院前
5D3,503C,伊予鉄バス,,住友病院前
5D3,5040,伊予鉄バス,,市役所前(新居浜)
5D3,5041,伊予鉄バス,,新居浜駅前
5D3,5047,伊予鉄バス,,牛渕団地口
5D3,5048,伊予鉄バス,,フジグラン重信SC前
5D3,5049,伊予鉄バス,,新久米
5D3,5128,伊予鉄バス,,川内保免
5D3,5129,伊予鉄バス,,和田丸
5D3,512A,伊予鉄バス,,枇杷坂
5D3,512B,伊予鉄バス,,西谷学校前
5D3,512C,伊予鉄バス,,久尾口
5D3,512D,伊予鉄バス,,大根木
5D3,512E,伊予鉄バス,,井内
5D3,512F,伊予鉄バス,,中野口
5D3,5130,伊予鉄バス,,川東口
5D3,5131,伊予鉄バス,,井内北間
5D3,5A07,伊予鉄バス,,道後北代
5D3,5A08,伊予鉄バス,,愛媛大学前
5D3,5A09,伊予鉄バス,,護国神社前
5D3,5A0A,伊予鉄バス,,道後緑台
5D3,5A0B,伊予鉄バス,,松山神社口
5D3,5A0C,伊予鉄バス,,祝谷
5D3,5A0D,伊予鉄バス,,温泉前
5D3,5A10,伊予鉄バス,,岩崎町二丁目
5D3,5A11,伊予鉄バス,,持田一丁目
5D3,5A1A,伊予鉄バス,,松山大学北口
5D3,5A1B,伊予鉄バス,,勝中北
5D3,5A1C,伊予鉄バス,,清水町三
5D3,5A1D,伊予鉄バス,,木屋町
5D3,5A1F,伊予鉄バス,,中央通り一丁目
5D3,5C02,伊予鉄バス,,県病院前
5D3,5C03,伊予鉄バス,,室町二丁目
5D3,5C04,伊予鉄バス,,拓川町
5D3,5C05,伊予鉄バス,,朝生田町三丁目
5D3,5C06,伊予鉄バス,,朝生田町一丁目
5D3,5C07,伊予鉄バス,,天山町東
5D3,5C08,伊予鉄バス,,小坂四丁目
5D3,5C09,伊予鉄バス,,小坂三丁目
5D3,5C0A,伊予鉄バス,,松山商業前
5D3,5C0B,伊予鉄バス,,朝生田町四丁目
5D3,5E19,伊予鉄バス,,古町駅前
5D3,5E1A,伊予鉄バス,,平和通六丁目
5D3,5E1B,伊予鉄バス,,総合福祉センター前
5D3,5E1C,伊予鉄バス,,若草合同庁舎前
5D3,5E1E,伊予鉄バス,,平和通三丁目
5D3,5F02,伊予鉄バス,,久米駅東口
5D3,5F03,伊予鉄バス,,久米支所前
5D3,5F04,伊予鉄バス,,久米学校前
5D3,5F05,伊予鉄バス,,北窪田
5D3,5F06,伊予鉄バス,,来住団地前
5D3,5F07,伊予鉄バス,,南来住口
5D3,5F08,伊予鉄バス,,南窪田口
5D3,5F0A,伊予鉄バス,,高井北
5D3,5F0B,伊予鉄バス,,高井局前
5D3,5F0C,伊予鉄バス,,波賀部神社口
5D3,5F0D,伊予鉄バス,,松山リハビリテーション病院前
5D3,5F0E,伊予鉄バス,,窪田小学校前
5D3,5F0F,伊予鉄バス,,テクノプラザ愛媛口
5D3,5F10,伊予鉄バス,,久米窪田中央
5D3,5F11,伊予鉄バス,,久米公務員宿舎前
5D3,5F12,伊予鉄バス,,南土居
5D3,6001,伊予鉄バス,,梅本駅前
5D3,6002,伊予鉄バス,,四国がんセンター
5D3,6003,伊予鉄バス,,野田一丁目
5D3,6004,伊予鉄バス,,ダイキ重信店前
5D3,6005,伊予鉄バス,,グランモール入口
5D3,6006,伊予鉄バス,,フジグラン重信SC
5D3,6351,伊予鉄バス,,八幡浜港
5D3,6352,伊予鉄バス,西コース,横田沖台橋
5D3,6353,伊予鉄バス,西コース,大溝
5D3,6354,伊予鉄バス,西コース,宗通寺前
5D3,6355,伊予鉄バス,,コムズ前
5D3,6356,伊予鉄バス,,三崎港口
5D3,6357,伊予鉄バス,,県立中央病院
5D3,6358,伊予鉄バス,,リーガホテル前
5D3,6359,伊予鉄バス,,ほりえうみてらす海の駅
5D3,635A,伊予鉄バス,,木口内科前
5D3,635B,伊予鉄バス,,塩屋南
5D3,635C,伊予鉄バス,,フィッタ前
5D3,635F,伊予鉄バス,,川内グリーンタウン上
5D3,6360,伊予鉄バス,,川内グリーンタウン中
5D3,6361,伊予鉄バス,,川内グリーンタウン下
5D3,6362,伊予鉄バス,,川内グリーンタウン集会所
5D3,6363,伊予鉄バス,,砥部町役場西
901,0,札幌市交通局(市内電車),,共通
902,0,札幌市区役所,,
905,0,ジェイ・アール北海道バス,,共通
905,866F,ジェイ・アール北海道バス,,地下鉄幌平橋駅前
905,8765,ジェイ・アール北海道バス,,地下鉄宮の沢駅前
905,876E,ジェイ・アール北海道バス,,菊水駅前
905,8776,ジェイ・アール北海道バス,,もみじ台北2丁目
905,8779,ジェイ・アール北海道バス,,JR札幌駅
906,0,じょうてつ,,共通
906,8670,じょうてつバス,,中の島駅前
906,8675,じょうてつバス,,真駒内駅
906,8779,じょうてつバス,,大通西4丁目
906,886E,じょうてつバス,環56/南65,ジェイコー病院前
907,0,北海道中央バス,,共通
907,8666,北海道中央バス,,地下鉄麻生駅
907,8667,北海道中央バス,,北34条駅
907,8668,北海道中央バス,,北24条駅前
907,8671,北海道中央バス,,平岸駅
907,8673,北海道中央バス,,澄川駅
907,8675,北海道中央バス,,真駒内駅
907,8765,北海道中央バス,,宮の沢バスターミナル
907,8770,北海道中央バス,,地下鉄白石駅
907,8771,北海道中央バス,,南郷通7丁目南
907,8773,北海道中央バス,,栄通19丁目
907,8774,北海道中央バス,,平岡営業所
907,8776,北海道中央バス,,厚別北2条2丁目
907,8779,北海道中央バス,,札幌駅北口
907,8867,北海道中央バス,,地下鉄栄町駅 (東栄病院)
907,8868,北海道中央バス,,北34条東12丁目
907,8871,北海道中央バス,,月寒中央駅
907,8872,北海道中央バス,,福住駅
908,0,仙台市営バス,,共通
909,0,宮城交通,,共通
90B,0,函館市企業局交通部(函館市電),,共通
90C,0,函館バス,,共通
90D,0,岩手県交通,,共通
90E,0,秋田中央交通,,共通
90F,0,岩手県北自動車・南部バス・八戸市営バス,,共通
910,0,ジェイアールバス東北,,共通
911,0,秋北バス,,共通
912,0,十和田観光電鉄,,共通
913,0,八戸市営バス,,共通
914,0,青森市営バス,,共通
916,0,山交バス,,共通
917,0,庄内交通,,共通
919,0,弘南バス,,共通
A0C,0,九州急行バス,,共通
A0E,0,JR九州バス,,共通
A0F,0,亀の井バス,,共通
A10,0,大分バス,,共通
A11,0,大分交通,,共通
A12,0,熊本市交通局,,共通
A12,1,熊本市交通局,健軍線,健軍町
A12,2,熊本市交通局,健軍線,健軍交番前
A12,3,熊本市交通局,健軍線,動植物園入口
A12,4,熊本市交通局,健軍線,健軍校前
A12,5,熊本市交通局,健軍線,神水交差点
A12,6,熊本市交通局,健軍線,八丁馬場
A12,7,熊本市交通局,健軍線,商業高校前
A12,8,熊本市交通局,健軍線,市立体育館前
A12,9,熊本市交通局,水前寺線/健軍線,水前寺公園
A12,A,熊本市交通局,水前寺線,国府
A12,B,熊本市交通局,水前寺線,新水前寺駅前
A12,C,熊本市交通局,水前寺線,味噌天神前
A12,D,熊本市交通局,水前寺線,交通局前
A12,E,熊本市交通局,水前寺線,九品寺交差点
A12,F,熊本市交通局,幹線/水前寺線,水道町
A12,10,熊本市交通局,幹線,通町筋 (鶴屋百貨店前)
A12,11,熊本市交通局,幹線,熊本城・市役所前
A12,12,熊本市交通局,幹線,花畑町 (市民会館前)
A12,13,熊本市交通局,幹線,辛島町
A12,14,熊本市交通局,幹線,慶徳校前
A12,15,熊本市交通局,幹線,河原町
A12,16,熊本市交通局,幹線,呉服町
A12,17,熊本市交通局,幹線,祇園橋
A12,18,熊本市交通局,幹線/田崎線,熊本駅前
A12,19,熊本市交通局,田崎線,二本木口
A12,1A,熊本市交通局,田崎線,田崎橋
A12,1B,熊本市交通局,上熊本線,西辛島町
A12,1C,熊本市交通局,上熊本線,洗馬橋
A12,1D,熊本市交通局,上熊本線,新町
A12,1E,熊本市交通局,上熊本線,蔚山町
A12,1F,熊本市交通局,上熊本線,段山町
A12,20,熊本市交通局,上熊本線,杉塘
A12,21,熊本市交通局,上熊本線,本妙寺入口
A12,22,熊本市交通局,上熊本線,県立体育館前
A12,23,熊本市交通局,上熊本線,上熊本
A13,0,筑豊電気鉄道,,共通
A14,0,宮崎交通,,共通
A14,1,宮崎交通,,宮交シティ
A14,2,宮崎交通,,南宮崎駅前通
A14,3,宮崎交通,,中村2丁目
A14,4,宮崎交通,,中村1丁目
A14,5,宮崎交通,,南詰(橘橋)
A14,6,宮崎交通,,橘通一丁目
A14,7,宮崎交通,,橘通二丁目
A14,8,宮崎交通,,橘通三丁目
A14,10,宮崎交通,,橘通四丁目
A14,11,宮崎交通,,橘通五丁目
A14,12,宮崎交通,,江平一丁目(宮崎市)
A14,13,宮崎交通,,江平通(一の鳥居)
A14,14,宮崎交通,,NHK前
A14,15,宮崎交通,,大宮高校前
A14,16,宮崎交通,,宮崎神宮
A14,17,宮崎交通,,青葉町
A14,18,宮崎交通,,日向学院前
A14,19,宮崎交通,,宮脇町
A14,20,宮崎交通,,文化の森
A14,21,宮崎交通,,宮崎学園
A14,22,宮崎交通,,昭和町
A14,23,宮崎交通,,宮中前
A14,24,宮崎交通,,東瀬頭
A14,25,宮崎交通,,瀬頭
A14,26,宮崎交通,,瀬頭2丁目
A14,27,宮崎交通,,裁判所前
A14,28,宮崎交通,,県庁前
A14,29,宮崎交通,,MRT前
A14,30,宮崎交通,,千草町
A14,31,宮崎交通,,県病院前
A14,32,宮崎交通,,清水3丁目
A14,33,宮崎交通,,中津瀬町
A14,34,宮崎交通,,花殿町
A14,35,宮崎交通,,霧島2丁目
A14,36,宮崎交通,,霧島3丁目
A14,37,宮崎交通,,霧島4丁目
A14,38,宮崎交通,,霧島5丁目
A14,39,宮崎交通,,大宮中入口
A14,40,宮崎交通,,平和台
A14,41,宮崎交通,,宮崎駅
A14,43,宮崎交通,,児童公園前
A14,44,宮崎交通,,松山1丁目
A14,45,宮崎交通,,川原町
A14,46,宮崎交通,,東大工町
A14,47,宮崎交通,,大工町
A14,49,宮崎交通,,檍小
A14,50,宮崎交通,,松橋町
A14,51,宮崎交通,,中村西1丁目
A14,52,宮崎交通,,平原近隣公園
A14,56,宮崎交通,,松橋2丁目
A14,57,宮崎交通,,松橋1丁目
A14,58,宮崎交通,,郵便局前
A14,59,宮崎交通,,高千穂通り2丁目
A14,60,宮崎交通,,下北方
A14,61,宮崎交通,,祗園3丁目
A14,62,宮崎交通,,テレビ宮崎前
A14,63,宮崎交通,,祗園2丁目
A14,64,宮崎交通,,和知川原
A14,65,宮崎交通,,永楽町
A14,66,宮崎交通,,宮商前
A14,67,宮崎交通,,橘公園前
A14,68,宮崎交通,,観光ホテル前
A14,69,宮崎交通,,吾妻町入口
A14,70,宮崎交通,,吾妻町
A14,71,宮崎交通,,出来島
A14,72,宮崎交通,,潮見町
A14,73,宮崎交通,,中西町
A14,74,宮崎交通,,大王町
A14,75,宮崎交通,,一の宮
A14,76,宮崎交通,,海洋高校
A14,77,宮崎交通,,日の出町
A14,78,宮崎交通,,曽師
A14,79,宮崎交通,,宮崎温泉たまゆらの湯
A14,80,宮崎交通,,東大淀1丁目
A14,81,宮崎交通,,恒久小入口
A14,82,宮崎交通,,城ヶ崎
A14,83,宮崎交通,,橋の元
A14,84,宮崎交通,,赤江小前
A14,85,宮崎交通,,恒久神社前
A14,86,宮崎交通,,東田吉
A14,87,宮崎交通,,飛江田団地
A14,88,宮崎交通,,東飛江田
A14,89,宮崎交通,,赤江浜入口
A14,92,宮崎交通,,西前島
A14,93,宮崎交通,,姥ヶ島
A14,94,宮崎交通,,中の又
A14,95,宮崎交通,,江平中町(宮崎市)
A14,96,宮崎交通,,西権現町
A14,97,宮崎交通,,権現町
A14,98,宮崎交通,,浮之城
A14,99,宮崎交通,,檍中学校前
A14,100,宮崎交通,,西新別府
A14,101,宮崎交通,,新別府
A14,102,宮崎交通,,イオンモール宮崎前
A14,103,宮崎交通,,一ッ葉神社前
A14,104,宮崎交通,,前浜
A14,105,宮崎交通,,公園道路入口
A14,106,宮崎交通,,宮崎運転免許センター
A14,107,宮崎交通,,錦町
A14,108,宮崎交通,,住宅前
A14,109,宮崎交通,,上西中
A14,110,宮崎交通,,麓(宮崎市)
A14,111,宮崎交通,,城元
A14,112,宮崎交通,,坂元
A14,113,宮崎交通,,猿野
A14,114,宮崎交通,,北猿野
A14,115,宮崎交通,,山崎
A14,116,宮崎交通,,江田神社
A14,117,宮崎交通,,市民の森
A14,118,宮崎交通,,金吹山
A14,119,宮崎交通,,御手洗
A14,120,宮崎交通,,住吉神社入口
A14,121,宮崎交通,,フェニックス自然動物園
A14,122,宮崎交通,,シーサイドホール
A14,123,宮崎交通,,クラブハウス前
A14,124,宮崎交通,,サンホテルフェニックス
A14,125,宮崎交通,,ゴルフアカデミー前
A14,126,宮崎交通,,市民の森病院前
A14,127,宮崎交通,,江平二丁目(宮崎市)
A14,128,宮崎交通,,神宮東町
A14,129,宮崎交通,,育成牧場前
A14,130,宮崎交通,,大将堀
A14,131,宮崎交通,,笹原
A14,132,宮崎交通,,天神前
A14,133,宮崎交通,,大島入口
A14,134,宮崎交通,,波島一丁目
A14,136,宮崎交通,,波島二丁目
A14,137,宮崎交通,,東小学校前(宮崎市)
A14,138,宮崎交通,,下村角
A14,139,宮崎交通,,村角
A14,140,宮崎交通,,山崎住宅入口
A14,141,宮崎交通,,雁ヶ音団地入口
A14,142,宮崎交通,,雁ヶ音団地
A14,143,宮崎交通,,大橋3丁目
A14,144,宮崎交通,,原
A14,145,宮崎交通,,権現昔
A14,146,宮崎交通,,南桜ヶ丘
A14,147,宮崎交通,,桜ヶ丘
A14,148,宮崎交通,,下小松
A14,149,宮崎交通,,小松
A14,150,宮崎交通,,記念病院
A14,151,宮崎交通,,高松
A14,152,宮崎交通,,受別府
A14,153,宮崎交通,,茶屋
A14,154,宮崎交通,,仮屋
A14,155,宮崎交通,,坂の下
A14,156,宮崎交通,,島崎
A14,157,宮崎交通,,有田
A14,158,宮崎交通,,大塚池ノ内
A14,159,宮崎交通,,小松台北町
A14,160,宮崎交通,,小松台団地
A14,161,宮崎交通,,西の原(宮崎市)
A14,162,宮崎交通,,南ハイランド
A14,163,宮崎交通,,中ハイランド
A14,164,宮崎交通,,学校前
A14,165,宮崎交通,,北ハイランド
A14,166,宮崎交通,,京塚町
A14,167,宮崎交通,,大坪町(宮崎市)
A14,168,宮崎交通,,江南病院前
A14,169,宮崎交通,,江南団地入口
A14,170,宮崎交通,,倉の町
A14,171,宮崎交通,,北川内
A14,172,宮崎交通,,有田研修センター前
A14,173,宮崎交通,,宮の下(宮崎市)
A14,174,宮崎交通,,寺の下
A14,176,宮崎交通,,中原
A14,177,宮崎交通,,大町
A14,178,宮崎交通,,西中
A14,179,宮崎交通,,大淀小前
A14,180,宮崎交通,,大淀中前
A14,181,宮崎交通,,谷川1丁目
A14,182,宮崎交通,,谷川2丁目
A14,183,宮崎交通,,福島町
A14,184,宮崎交通,,病院下(宮崎市)
A14,185,宮崎交通,,下大塚
A14,186,宮崎交通,,中大塚
A14,187,宮崎交通,,上大塚
A14,188,宮崎交通,,西大塚
A14,189,宮崎交通,,大塚台センター前
A14,190,宮崎交通,,市営住宅前
A14,191,宮崎交通,,西高入口
A14,192,宮崎交通,,大塚台西3丁目
A14,193,宮崎交通,,市営住宅下
A14,194,宮崎交通,,大塚台西2丁目
A14,195,宮崎交通,,水道局前
A14,196,宮崎交通,,大塚台東1丁目
A14,197,宮崎交通,,大塚台団地入口(大塚台/宮崎市)
A14,198,宮崎交通,,大淀台
A14,199,宮崎交通,,公園前
A14,200,宮崎交通,,中宝塚
A14,201,宮崎交通,,宝塚ニュータウン
A14,202,宮崎交通,,中恒久
A14,203,宮崎交通,,月見ヶ丘入口
A14,204,宮崎交通,,南高校
A14,205,宮崎交通,,母子像前
A14,206,宮崎交通,,月見ヶ丘
A14,207,宮崎交通,,月見ヶ丘4丁目
A14,208,宮崎交通,,池の上(宮崎市)
A14,209,宮崎交通,,文化公園前
A14,210,宮崎交通,,神宮西町
A14,211,宮崎交通,,博物館前
A14,212,宮崎交通,,東矢の先
A14,213,宮崎交通,,平和台下
A14,214,宮崎交通,,陣の下
A14,215,宮崎交通,,陣の平
A14,216,宮崎交通,,平和が丘団地入口
A14,217,宮崎交通,,平和が丘団地
A14,218,宮崎交通,,県営住宅前
A14,219,宮崎交通,,平和が丘西町
A14,220,宮崎交通,,金丸脳外科病院前
A14,221,宮崎交通,,幸福寺
A14,222,宮崎交通,,池内
A14,223,宮崎交通,,上池内
A14,224,宮崎交通,,北高校
A14,225,宮崎交通,,原町(宮崎市)
A14,226,宮崎交通,,公立大学前
A14,227,宮崎交通,,船塚2丁目
A14,228,宮崎交通,,船塚3丁目
A14,229,宮崎交通,,南宮崎駅前
A14,230,宮崎交通,,久保田
A14,233,宮崎交通,,引土街区公園前
A14,234,宮崎交通,,柳丸町
A14,235,宮崎交通,,下原町
A14,236,宮崎交通,,安定所入口(宮崎市)
A14,237,宮崎交通,,医師会病院前(宮崎市)
A14,238,宮崎交通,,檍北小前
A14,243,宮崎交通,,宮崎港
A14,244,宮崎交通,,カーフェリー乗船口
A14,247,宮崎交通,,文化公園
A14,249,宮崎交通,,生目台入口
A14,250,宮崎交通,,西田橋クリニックタウン
A14,251,宮崎交通,,松山2丁目田爪クリニック
A14,252,宮崎交通,,悠楽園
A14,254,宮崎交通,,宮崎駅東口
A14,255,宮崎交通,,イオンモール宮崎
A14,256,宮崎交通,,月見ヶ丘西
A14,257,宮崎交通,,御手洗北
A14,258,宮崎交通,,萩崎
A14,259,宮崎交通,,国草
A14,260,宮崎交通,,吉永センター入口
A14,261,宮崎交通,,ニトリモール宮崎
A14,262,宮崎交通,,源藤団地前
A14,263,宮崎交通,,生目の杜遊古館
A14,264,宮崎交通,,生目の杜運動公園
A14,265,宮崎交通,,月見ヶ丘1丁目
A14,266,宮崎交通,,月見ヶ丘南
A14,267,宮崎交通,,あさひヶ丘
A14,268,宮崎交通,,月見ヶ丘幼稚園入口
A14,269,宮崎交通,,平和が丘北町
A14,270,宮崎交通,,市営池内団地
A14,271,宮崎交通,,県営池内団地
A14,272,宮崎交通,,平和が丘保育園前
A14,273,宮崎交通,,高山緑地広場
A14,274,宮崎交通,,月見ヶ丘3丁目入口
A14,275,宮崎交通,,児童公園下
A14,276,宮崎交通,,月見ヶ丘郵便局前
A14,277,宮崎交通,,江平通
A14,278,宮崎交通,,大塚西の原
A14,279,宮崎交通,,江平東
A14,280,宮崎交通,,青葉通
A14,281,宮崎交通,,昭和町東
A14,282,宮崎交通,,気象台前
A14,283,宮崎交通,,淀川1丁目
A14,284,宮崎交通,,宮崎若久病院前
A14,285,宮崎交通,,宮脇町西
A14,286,宮崎交通,,宮崎駅東2丁目
A14,287,宮崎交通,,科学技術館前
A14,288,宮崎交通,,太田2丁目
A14,289,宮崎交通,,大淀2丁目
A14,290,宮崎交通,,南辻原
A14,291,宮崎交通,,希望ヶ丘1丁目
A14,292,宮崎交通,,南ヶ丘幼稚園前
A14,293,宮崎交通,,本郷1丁目
A14,294,宮崎交通,,恒久1丁目
A14,295,宮崎交通,,トラック協会前
A14,296,宮崎交通,,南部記念体育館前
A14,297,宮崎交通,,恒久3丁目
A14,298,宮崎交通,,恒久4丁目
A14,299,宮崎交通,,恒久5丁目
A14,300,宮崎交通,,十日町西
A14,301,宮崎交通,,芳士祝田
A14,302,宮崎交通,,宮永クリニック前
A14,303,宮崎交通,,住吉南小学校前
A14,304,宮崎交通,,元村北
A14,305,宮崎交通,,郡山医院前
A14,306,宮崎交通,,ニュータウン住吉南
A14,307,宮崎交通,,ニュータウン住吉北
A14,308,宮崎交通,,宮大牧場
A14,309,宮崎交通,,四本松
A14,310,宮崎交通,,北部公民館前
A14,312,宮崎交通,,元村
A14,313,宮崎交通,,大坪東1丁目
A14,314,宮崎交通,,射撃場前
A14,315,宮崎交通,,天満1丁目
A14,316,宮崎交通,,ぽっくる村入口
A14,317,宮崎交通,,富吉車庫
A14,318,宮崎交通,,松無田
A14,319,宮崎交通,,生目の杜運動公園北
A14,320,宮崎交通,,下富吉
A14,1000,宮崎交通,,神宮駅前
A14,1001,宮崎交通,,南花ヶ島
A14,1002,宮崎交通,,花ヶ島
A14,1003,宮崎交通,,中花ヶ島
A14,1004,宮崎交通,,北花ヶ島
A14,1005,宮崎交通,,花ヶ島団地入口
A14,1006,宮崎交通,,蓮ヶ池
A14,1007,宮崎交通,,新名爪
A14,1008,宮崎交通,,宮田
A14,1009,宮崎交通,,日大高校前
A14,1010,宮崎交通,,住吉
A14,1011,宮崎交通,,住吉駅前
A14,1012,宮崎交通,,明星視覚支援学校入口
A14,1013,宮崎交通,,農業試験場前
A14,1014,宮崎交通,,御殿下
A14,1015,宮崎交通,,南広瀬
A14,1016,宮崎交通,,広瀬学校下
A14,1017,宮崎交通,,国富町役場
A14,1019,宮崎交通,,石崎の杜歓鯨館
A14,1020,宮崎交通,,石崎1丁目
A14,1021,宮崎交通,,石崎3丁目
A14,1025,宮崎交通,,矢の先
A14,1026,宮崎交通,,名田神社前
A14,1027,宮崎交通,,大淀川学習館前
A14,1028,宮崎交通,,上北方
A14,1029,宮崎交通,,柏田
A14,1030,宮崎交通,,竹原田
A14,1031,宮崎交通,,野首下
A14,1032,宮崎交通,,組合下
A14,1033,宮崎交通,,病院前(宮崎市)
A14,1034,宮崎交通,,柿木原
A14,1035,宮崎交通,,岩知野
A14,1036,宮崎交通,,塚原入口
A14,1037,宮崎交通,,木脇
A14,1038,宮崎交通,,木脇学校下
A14,1039,宮崎交通,,太田原
A14,1040,宮崎交通,,向陽の里
A14,1041,宮崎交通,,宮王丸
A14,1042,宮崎交通,,萬福寺
A14,1043,宮崎交通,,犬熊入口
A14,1044,宮崎交通,,六日町
A14,1045,宮崎交通,,仲町(国富町)
A14,1046,宮崎交通,,国富
A14,1047,宮崎交通,,国富保健センター
A14,1048,宮崎交通,,十日町
A14,1049,宮崎交通,,幼稚園入口(国富町)
A14,1050,宮崎交通,,下保坂
A14,1051,宮崎交通,,保坂
A14,1052,宮崎交通,,森永
A14,1053,宮崎交通,,森永小学校前
A14,1054,宮崎交通,,川久保
A14,1055,宮崎交通,,郷鴫
A14,1056,宮崎交通,,旭通り(綾町)
A14,1057,宮崎交通,,栄町
A14,1058,宮崎交通,,綾待合所
A14,1066,宮崎交通,,立町
A14,1067,宮崎交通,,揚町
A14,1068,宮崎交通,,迫田
A14,1069,宮崎交通,,下中堂
A14,1070,宮崎交通,,中堂
A14,1073,宮崎交通,,野添
A14,1074,宮崎交通,,宍喰野
A14,1075,宮崎交通,,永田(国富町)
A14,1076,宮崎交通,,田尾
A14,1077,宮崎交通,,萩原(国富町)
A14,1078,宮崎交通,,深年局前
A14,1079,宮崎交通,,高田原
A14,1080,宮崎交通,,馬渡入口
A14,1081,宮崎交通,,一の瀬(国富町)
A14,1082,宮崎交通,,岩坂
A14,1083,宮崎交通,,狩野
A14,1084,宮崎交通,,法ヶ岳
A14,1085,宮崎交通,,片木山入口
A14,1086,宮崎交通,,八代中学校前
A14,1087,宮崎交通,,切畑
A14,1088,宮崎交通,,大坪(国富町)
A14,1089,宮崎交通,,井ノ水
A14,1090,宮崎交通,,馬渡
A14,1091,宮崎交通,,深年入口
A14,1092,宮崎交通,,南花ヶ島入口
A14,1095,宮崎交通,,国富町役場
A14,1102,宮崎交通,,希望ヶ丘団地入口
A14,1103,宮崎交通,,希望ヶ丘
A14,1104,宮崎交通,,希望ヶ丘公民館前
A14,1105,宮崎交通,,コープタウン
A14,1106,宮崎交通,,西希望ヶ丘
A14,1107,宮崎交通,,片木山
A14,1108,宮崎交通,,片木山出口
A14,1109,宮崎交通,,栗巣入口
A14,1110,宮崎交通,,十文字
A14,1111,宮崎交通,,八代馬場公民館前
A14,1112,宮崎交通,,希望ヶ丘2丁目
A14,1114,宮崎交通,,フローランテ宮崎
A14,1115,宮崎交通,,日大高校
A14,1117,宮崎交通,,大坪下(国富町)
A14,1118,宮崎交通,,酒泉の杜
A14,1125,宮崎交通,,コテージ前
A14,1126,宮崎交通,,古賀総合病院
A14,1127,宮崎交通,,市民文化ホール(福祉文化公園)
A14,1128,宮崎交通,,シェラトングランデ
A14,1129,宮崎交通,,オーシャンリゾート
A14,1130,宮崎交通,,クラブハウス
A14,1132,宮崎交通,,北警察署西口
A14,1133,宮崎交通,,薫る坂入口
A14,1134,宮崎交通,,薫る坂中央
A14,1135,宮崎交通,,薫る坂
A14,1138,宮崎交通,,南山崎
A14,1139,宮崎交通,,新町交番前
A14,1140,宮崎交通,,育成牧場南
A14,1141,宮崎交通,,北権現町
A14,1142,宮崎交通,,東権現町
A14,1143,宮崎交通,,原の前
A14,1144,宮崎交通,,宮崎生協病院前
A14,1145,宮崎交通,,川崎脳神経外科前
A14,1146,宮崎交通,,東大宮コミュニティーセンター
A14,1147,宮崎交通,,野崎東病院
A14,1148,宮崎交通,,栄・佐々木病院前
A14,1149,宮崎交通,,上原内科前
A14,1150,宮崎交通,,宮崎税務署前
A14,1151,宮崎交通,,宮崎太陽銀行本店前
A14,1152,宮崎交通,,浮之城北
A14,1153,宮崎交通,,ふれあい広場前
A14,1154,宮崎交通,,江田原
A14,1155,宮崎交通,,稲荷田
A14,1156,宮崎交通,,榎丸
A14,1157,宮崎交通,,花山手東1丁目
A14,1158,宮崎交通,,花山手東3丁目
A14,1159,宮崎交通,,野崎病院入口
A14,1160,宮崎交通,,クリーン池田台
A14,1161,宮崎交通,,第三池田台
A14,1162,宮崎交通,,池田台
A14,1163,宮崎交通,,宮崎化成前
A14,1164,宮崎交通,,宮原郵便局前
A14,1165,宮崎交通,,桑水流
A14,1166,宮崎交通,,八町
A14,1167,宮崎交通,,花山手西
A14,1496,宮崎交通,,内山(青島)
A14,1497,宮崎交通,,休養村センター
A14,1498,宮崎交通,,青島小前
A14,1499,宮崎交通,,青島中入口
A14,1500,宮崎交通,,農高前(宮崎市)
A14,1501,宮崎交通,,田吉
A14,1502,宮崎交通,,津和田
A14,1503,宮崎交通,,田元神社前
A14,1504,宮崎交通,,本郷団地入口
A14,1505,宮崎交通,,辻原
A14,1506,宮崎交通,,国富小前
A14,1507,宮崎交通,,大村入口
A14,1508,宮崎交通,,江佐原
A14,1509,宮崎交通,,南江佐原
A14,1510,宮崎交通,,木花
A14,1511,宮崎交通,,運動公園前(宮崎市)
A14,1512,宮崎交通,,島山
A14,1513,宮崎交通,,運動公園南口(宮崎市)
A14,1514,宮崎交通,,曽山寺
A14,1515,宮崎交通,,下曽山寺
A14,1516,宮崎交通,,南曽山寺
A14,1517,宮崎交通,,こどものくに正面ゲート
A14,1518,宮崎交通,,ANAホリデイインリゾート宮崎
A14,1519,宮崎交通,,青島
A14,1520,宮崎交通,,海岸通り
A14,1521,宮崎交通,,折生迫
A14,1522,宮崎交通,,堀切峠
A14,1523,宮崎交通,,道の駅フェニックス
A14,1524,宮崎交通,,内海港前
A14,1525,宮崎交通,,内海
A14,1526,宮崎交通,,野島
A14,1527,宮崎交通,,小内海
A14,1528,宮崎交通,,洋香園
A14,1529,宮崎交通,,白浜
A14,1530,宮崎交通,,白浜海水浴場
A14,1531,宮崎交通,,白浜観音入口
A14,1532,宮崎交通,,青島サンクマール
A14,1533,宮崎交通,,西立和口
A14,1534,宮崎交通,,立和
A14,1535,宮崎交通,,松崎
A14,1536,宮崎交通,,国立東病院
A14,1537,宮崎交通,,大塚神社前
A14,1538,宮崎交通,,大塚町
A14,1539,宮崎交通,,上小松
A14,1540,宮崎交通,,生目
A14,1541,宮崎交通,,上浮田
A14,1542,宮崎交通,,柏原
A14,1543,宮崎交通,,納島口
A14,1544,宮崎交通,,富吉(宮崎市)
A14,1545,宮崎交通,,中角(宮崎市)
A14,1546,宮崎交通,,宮水流
A14,1547,宮崎交通,,花見
A14,1548,宮崎交通,,上花見
A14,1549,宮崎交通,,下粟野
A14,1550,宮崎交通,,粟野神社前
A14,1551,宮崎交通,,坂の下
A14,1552,宮崎交通,,下高岡
A14,1553,宮崎交通,,高岡本町
A14,1554,宮崎交通,,高岡
A14,1555,宮崎交通,,高岡小入口
A14,1556,宮崎交通,,上高岡
A14,1557,宮崎交通,,浜子
A14,1558,宮崎交通,,尾頭
A14,1559,宮崎交通,,新田
A14,1560,宮崎交通,,内山(高岡)
A14,1561,宮崎交通,,押田
A14,1562,宮崎交通,,桜学園入口
A14,1565,宮崎交通,,原園
A14,1566,宮崎交通,,狩野
A14,1567,宮崎交通,,川原田口
A14,1568,宮崎交通,,赤谷
A14,1569,宮崎交通,,桜学園
A14,1570,宮崎交通,,川口
A14,1571,宮崎交通,,一里山入口
A14,1572,宮崎交通,,柚木崎
A14,1573,宮崎交通,,面早流
A14,1574,宮崎交通,,唐崎
A14,1575,宮崎交通,,山下(高岡町)
A14,1576,宮崎交通,,去川
A14,1578,宮崎交通,,本八重
A14,1579,宮崎交通,,雀ヶ野
A14,1580,宮崎交通,,上宮水流
A14,1581,宮崎交通,,下倉永
A14,1582,宮崎交通,,上下倉
A14,1583,宮崎交通,,穆佐小前
A14,1584,宮崎交通,,門前
A14,1585,宮崎交通,,萩原(高岡町)
A14,1586,宮崎交通,,月知梅
A14,1587,宮崎交通,,高浜
A14,1588,宮崎交通,,生目神社
A14,1589,宮崎交通,,鬼子母神前
A14,1590,宮崎交通,,余り田
A14,1591,宮崎交通,,角力田
A14,1592,宮崎交通,,柳迫
A14,1593,宮崎交通,,細江
A14,1594,宮崎交通,,中福良橋
A14,1595,宮崎交通,,奈古ノ下
A14,1596,宮崎交通,,上的野
A14,1597,宮崎交通,,的野
A14,1598,宮崎交通,,上倉
A14,1599,宮崎交通,,木佐越
A14,1600,宮崎交通,,高岡温泉やすらぎの郷
A14,1601,宮崎交通,,高木兼寛生誕地入口
A14,1613,宮崎交通,,今江
A14,1614,宮崎交通,,熊野
A14,1615,宮崎交通,,下原
A14,1616,宮崎交通,,上下原
A14,1617,宮崎交通,,下木原
A14,1618,宮崎交通,,中木原
A14,1619,宮崎交通,,上木原
A14,1622,宮崎交通,,鵬翔高校前
A14,1623,宮崎交通,,丸山(宮崎市)
A14,1624,宮崎交通,,源藤町
A14,1625,宮崎交通,,産経大入口
A14,1626,宮崎交通,,下加納
A14,1627,宮崎交通,,追分
A14,1628,宮崎交通,,南加納
A14,1629,宮崎交通,,池田
A14,1630,宮崎交通,,加納小入口
A14,1631,宮崎交通,,正手
A14,1632,宮崎交通,,下の原
A14,1633,宮崎交通,,下大久保
A14,1634,宮崎交通,,大久保小学校入口
A14,1635,宮崎交通,,上大久保
A14,1636,宮崎交通,,平山(清武町)
A14,1637,宮崎交通,,沓掛
A14,1638,宮崎交通,,沓掛駅入口
A14,1639,宮崎交通,,今村
A14,1640,宮崎交通,,船ヶ山
A14,1641,宮崎交通,,二ッ山
A14,1642,宮崎交通,,中尾(田野町)
A14,1643,宮崎交通,,石久保入口
A14,1644,宮崎交通,,梅谷
A14,1645,宮崎交通,,下井倉
A14,1646,宮崎交通,,井倉(田野町)
A14,1647,宮崎交通,,田野駅前
A14,1648,宮崎交通,,田野総合支所前
A14,1649,宮崎交通,,中原
A14,1650,宮崎交通,,仲町
A14,1651,宮崎交通,,学の木
A14,1652,宮崎交通,,合又
A14,1653,宮崎交通,,上榎田
A14,1654,宮崎交通,,上の原
A14,1655,宮崎交通,,七野
A14,1656,宮崎交通,,舞殿
A14,1658,宮崎交通,,青井岳温泉
A14,1663,宮崎交通,,松の木田
A14,1664,宮崎交通,,谷の口
A14,1665,宮崎交通,,尾平
A14,1667,宮崎交通,,流町
A14,1668,宮崎交通,,公民館前
A14,1669,宮崎交通,,庵屋入口
A14,1670,宮崎交通,,石場
A14,1671,宮崎交通,,黒北
A14,1672,宮崎交通,,平野
A14,1673,宮崎交通,,平野団地前
A14,1674,宮崎交通,,中野
A14,1675,宮崎交通,,学園短大・国際大前
A14,1676,宮崎交通,,清武新町
A14,1677,宮崎交通,,清滝橋
A14,1678,宮崎交通,,清武駅前
A14,1679,宮崎交通,,清武総合支所前
A14,1680,宮崎交通,,清武小前
A14,1681,宮崎交通,,岡
A14,1682,宮崎交通,,技術センター
A14,1683,宮崎交通,,永田(清武町)
A14,1684,宮崎交通,,黒坂観音前
A14,1685,宮崎交通,,大学病院前
A14,1686,宮崎交通,,宮大宿舎前
A14,1687,宮崎交通,,今泉
A14,1688,宮崎交通,,今泉神社前
A14,1689,宮崎交通,,下松叶
A14,1690,宮崎交通,,松叶
A14,1691,宮崎交通,,丸目
A14,1692,宮崎交通,,中丸目
A14,1693,宮崎交通,,赤江中前
A14,1694,宮崎交通,,柳篭
A14,1695,宮崎交通,,消防署前
A14,1696,宮崎交通,,西山崎
A14,1697,宮崎交通,,赤江山崎
A14,1698,宮崎交通,,看護大学入口
A14,1699,宮崎交通,,墓園前
A14,1700,宮崎交通,,岩切
A14,1701,宮崎交通,,若宮田
A14,1702,宮崎交通,,尾の下
A14,1703,宮崎交通,,上丸目
A14,1704,宮崎交通,,福祉センター前(宮崎市)
A14,1705,宮崎交通,,月見ヶ丘6丁目
A14,1706,宮崎交通,,山崎台
A14,1707,宮崎交通,,立和口
A14,1708,宮崎交通,,宮崎空港
A14,1710,宮崎交通,,宮崎大学
A14,1711,宮崎交通,,西高前
A14,1712,宮崎交通,,西高下
A14,1713,宮崎交通,,生目台東1丁目
A14,1714,宮崎交通,,生目台東2丁目
A14,1715,宮崎交通,,生目台東3丁目
A14,1716,宮崎交通,,生目台センター前
A14,1717,宮崎交通,,城下
A14,1718,宮崎交通,,下倉公民館前
A14,1719,宮崎交通,,タウンセンター
A14,1720,宮崎交通,,穆佐郵便局前
A14,1721,宮崎交通,,福祉ゾーン
A14,1722,宮崎交通,,牧の札
A14,1723,宮崎交通,,木花台2丁目
A14,1724,宮崎交通,,木花台3丁目
A14,1725,宮崎交通,,木花台入口
A14,1727,宮崎交通,,内海駅前
A14,1728,宮崎交通,,野島公民館前
A14,1729,宮崎交通,,宮崎運輸支局入口
A14,1730,宮崎交通,,生目台西4丁目
A14,1731,宮崎交通,,生目台西3丁目
A14,1732,宮崎交通,,生目台西1丁目
A14,1733,宮崎交通,,生目台東4丁目
A14,1734,宮崎交通,,生目台東5丁目
A14,1735,宮崎交通,,下赤谷
A14,1737,宮崎交通,,中花見
A14,1738,宮崎交通,,正蓮寺
A14,1739,宮崎交通,,木花郵便局前
A14,1740,宮崎交通,,桜川
A14,1741,宮崎交通,,木花台南
A14,1742,宮崎交通,,発電所入口(清武町)
A14,1743,宮崎交通,,尾平下
A14,1744,宮崎交通,,白浜入口
A14,1745,宮崎交通,,青葉台
A14,1746,宮崎交通,,青葉台下
A14,1747,宮崎交通,,大畑
A14,1748,宮崎交通,,生目小入口
A14,1749,宮崎交通,,中宮水流
A14,1750,宮崎交通,,県立看護大学
A14,1751,宮崎交通,,清武駅
A14,1752,宮崎交通,,ボートピア高城
A14,1753,宮崎交通,,南部病院前
A14,1754,宮崎交通,,山崎台入口
A14,1755,宮崎交通,,東山崎
A14,1756,宮崎交通,,まなび野センター
A14,1759,宮崎交通,,東宮団地入口
A14,1761,宮崎交通,,樋掛
A14,1762,宮崎交通,,穆佐駐在所前
A14,1763,宮崎交通,,祇園台南
A14,1764,宮崎交通,,祇園台北
A14,1765,宮崎交通,,小山田
A14,1766,宮崎交通,,浜川田
A14,1767,宮崎交通,,地蔵田
A14,1768,宮崎交通,,藤元中央病院入口
A14,1769,宮崎交通,,西高南
A14,1770,宮崎交通,,乱橋
A14,1771,宮崎交通,,保健所入口
A14,1772,宮崎交通,,八所
A14,1773,宮崎交通,,木花台北
A14,1774,宮崎交通,,まなび野1丁目
A14,1775,宮崎交通,,祇園台入口
A14,1776,宮崎交通,,東宮団地1丁目
A14,1777,宮崎交通,,東宮団地中央
A14,1778,宮崎交通,,東宮団地2丁目
A14,1779,宮崎交通,,第一高校入口
A14,1780,宮崎交通,,郡司分山下
A14,1781,宮崎交通,,国富ヶ丘団地入口
A14,1782,宮崎交通,,国富ヶ丘団地下
A14,1783,宮崎交通,,国富ヶ丘団地北
A14,1784,宮崎交通,,国富ヶ丘団地西
A14,1785,宮崎交通,,国富ヶ丘団地南
A14,1786,宮崎交通,,国富ヶ丘団地中央
A14,1787,宮崎交通,,サンマリン前
A14,1788,宮崎交通,,クロスモール清武前
A14,1789,宮崎交通,,郡司分
A14,1790,宮崎交通,,まなび野3丁目
A14,1791,宮崎交通,,まなび野2丁目
A14,1792,宮崎交通,,まなび野中央公園
A14,1793,宮崎交通,,花見工業団地入口
A14,1794,宮崎交通,,木花駅西口
A14,1795,宮崎交通,,田野病院前
A14,1796,宮崎交通,,西桜町
A14,1797,宮崎交通,,向町
A14,1799,宮崎交通,,県営住宅光団地
A14,1800,宮崎交通,,田野運動公園
A14,2500,宮崎交通,,西都城駅前バスセンター
A14,2501,宮崎交通,,総合文化ホール前
A14,2502,宮崎交通,,高校前
A14,2503,宮崎交通,,妻ヶ丘
A14,2504,宮崎交通,,警察署前
A14,2505,宮崎交通,,東町公民館前
A14,2506,宮崎交通,,早鈴入口
A14,2507,宮崎交通,,広口
A14,2508,宮崎交通,,中央通3丁目
A14,2509,宮崎交通,,デパート前
A14,2510,宮崎交通,,中央通6丁目
A14,2511,宮崎交通,,前田2丁目(都城市)
A14,2512,宮崎交通,,前田3丁目(都城市)
A14,2514,宮崎交通,,ガード下
A14,2515,宮崎交通,,川東
A14,2516,宮崎交通,,都城農協前
A14,2517,宮崎交通,,沖水橋
A14,2518,宮崎交通,,高専前
A14,2519,宮崎交通,,松の元
A14,2520,宮崎交通,,都北町
A14,2521,宮崎交通,,沖水小学校前
A14,2522,宮崎交通,,太郎坊
A14,2523,宮崎交通,,西高木
A14,2524,宮崎交通,,志和池市民広場前
A14,2526,宮崎交通,,志和池下
A14,2527,宮崎交通,,志和池
A14,2528,宮崎交通,,荒ヶ田
A14,2529,宮崎交通,,巣立入口
A14,2530,宮崎交通,,吉行
A14,2531,宮崎交通,,岩満
A14,2532,宮崎交通,,横谷入口
A14,2533,宮崎交通,,横谷
A14,2534,宮崎交通,,切藤
A14,2535,宮崎交通,,江平口
A14,2536,宮崎交通,,旭町(高崎町)
A14,2537,宮崎交通,,高崎農協前
A14,2538,宮崎交通,,高崎総合支所前
A14,2539,宮崎交通,,高崎仲町
A14,2540,宮崎交通,,高崎新田駅前
A14,2541,宮崎交通,,シニアセンター入口
A14,2542,宮崎交通,,田平
A14,2543,宮崎交通,,栢木
A14,2544,宮崎交通,,前田入口(高崎町)
A14,2545,宮崎交通,,前田駅
A14,2546,宮崎交通,,前田(高崎町)
A14,2547,宮崎交通,,谷川
A14,2548,宮崎交通,,吉尾
A14,2549,宮崎交通,,金田
A14,2550,宮崎交通,,中金田
A14,2551,宮崎交通,,下金田
A14,2552,宮崎交通,,広瀬
A14,2553,宮崎交通,,麓(下水流/都城市)
A14,2554,宮崎交通,,丸野小前
A14,2563,宮崎交通,,高木原
A14,2564,宮崎交通,,高速都城北入口
A14,2565,宮崎交通,,高木
A14,2566,宮崎交通,,桜木
A14,2567,宮崎交通,,上桜木
A14,2568,宮崎交通,,高城高校前
A14,2569,宮崎交通,,高城上町
A14,2570,宮崎交通,,高城中町
A14,2571,宮崎交通,,高城下町
A14,2572,宮崎交通,,穂満坊
A14,2573,宮崎交通,,観音池入口
A14,2575,宮崎交通,,石山
A14,2576,宮崎交通,,香禅寺
A14,2577,宮崎交通,,有水
A14,2578,宮崎交通,,星原入口
A14,2579,宮崎交通,,田尾上
A14,2580,宮崎交通,,市野々
A14,2581,宮崎交通,,七瀬谷
A14,2582,宮崎交通,,下七瀬谷
A14,2583,宮崎交通,,官行入口
A14,2584,宮崎交通,,四家鉱山
A14,2585,宮崎交通,,四家
A14,2586,宮崎交通,,様ヶ野
A14,2588,宮崎交通,,西広口
A14,2589,宮崎交通,,福祉センター入口
A14,2590,宮崎交通,,西都城駅
A14,2591,宮崎交通,,八幡町
A14,2592,宮崎交通,,西町(都城市)
A14,2593,宮崎交通,,竹の下
A14,2595,宮崎交通,,鷹尾1丁目
A14,2596,宮崎交通,,鷹尾2丁目
A14,2597,宮崎交通,,鷹尾3丁目
A14,2598,宮崎交通,,自衛隊前
A14,2601,宮崎交通,,南横市
A14,2602,宮崎交通,,加治屋
A14,2603,宮崎交通,,横市
A14,2604,宮崎交通,,牧之原
A14,2605,宮崎交通,,平田入口(都城市)
A14,2606,宮崎交通,,庄内病院前
A14,2612,宮崎交通,,かかしの里ゆぽっぽ
A14,2613,宮崎交通,,谷頭
A14,2614,宮崎交通,,宮丸町
A14,2615,宮崎交通,,大王町
A14,2616,宮崎交通,,西大王町
A14,2617,宮崎交通,,志比田
A14,2618,宮崎交通,,上の原
A14,2619,宮崎交通,,正坂
A14,2620,宮崎交通,,大根田
A14,2621,宮崎交通,,月野原
A14,2622,宮崎交通,,乙房
A14,2623,宮崎交通,,鵜の島
A14,2624,宮崎交通,,南谷頭
A14,2625,宮崎交通,,供養碑前
A14,2626,宮崎交通,,前坂
A14,2627,宮崎交通,,竹脇
A14,2628,宮崎交通,,上竹脇
A14,2629,宮崎交通,,脇の馬場
A14,2630,宮崎交通,,山田農協前
A14,2631,宮崎交通,,山田総合支所前
A14,2632,宮崎交通,,山田中学校前(山田町)
A14,2633,宮崎交通,,浜の段
A14,2634,宮崎交通,,下是位川内
A14,2635,宮崎交通,,是位川内公民館前
A14,2636,宮崎交通,,是位川内
A14,2637,宮崎交通,,小牟礼
A14,2638,宮崎交通,,山神
A14,2639,宮崎交通,,下馬渡
A14,2640,宮崎交通,,中馬渡
A14,2641,宮崎交通,,上馬渡
A14,2642,宮崎交通,,竹元入口
A14,2643,宮崎交通,,夏尾
A14,2644,宮崎交通,,萩の尾
A14,2646,宮崎交通,,大古川
A14,2647,宮崎交通,,山田中央保育所前(山田町)
A14,2648,宮崎交通,,中村
A14,2649,宮崎交通,,瀬之口
A14,2650,宮崎交通,,梶原
A14,2651,宮崎交通,,桜ヶ丸
A14,2652,宮崎交通,,平山(山田町)
A14,2653,宮崎交通,,木工団地入口
A14,2654,宮崎交通,,南早鈴
A14,2655,宮崎交通,,南小学校入口
A14,2656,宮崎交通,,都城島津邸
A14,2657,宮崎交通,,宮田眼科前
A14,2658,宮崎交通,,ウェルネス交流プラザ
A14,2659,宮崎交通,,中町
A14,2660,宮崎交通,,橘病院・大岐歯科前
A14,2661,宮崎交通,,天神町
A14,2662,宮崎交通,,加治木橋
A14,2663,宮崎交通,,中原橋
A14,2664,宮崎交通,,神柱公園入口
A14,2673,宮崎交通,,庄内
A14,2674,宮崎交通,,神田
A14,2675,宮崎交通,,下関の尾
A14,2676,宮崎交通,,上関の尾
A14,2677,宮崎交通,,関の尾の滝
A14,2678,宮崎交通,,大石入口
A14,2679,宮崎交通,,堤
A14,2680,宮崎交通,,大倉田
A14,2681,宮崎交通,,西大倉田
A14,2682,宮崎交通,,小椎山
A14,2683,宮崎交通,,下川内
A14,2684,宮崎交通,,上川内
A14,2685,宮崎交通,,西岳中学校下
A14,2686,宮崎交通,,西岳農協前
A14,2687,宮崎交通,,西岳
A14,2688,宮崎交通,,上高野
A14,2689,宮崎交通,,田野
A14,2690,宮崎交通,,吉之元
A14,2691,宮崎交通,,山神橋
A14,2692,宮崎交通,,上山神橋
A14,2693,宮崎交通,,下荒襲
A14,2694,宮崎交通,,荒襲
A14,2696,宮崎交通,,県界
A14,2697,宮崎交通,,永池
A14,2698,宮崎交通,,東多羅
A14,2699,宮崎交通,,霧島神宮
A14,2700,宮崎交通,,折田代
A14,2701,宮崎交通,,県界下
A14,2702,宮崎交通,,神々のふるさと湯
A14,2710,宮崎交通,,小松原
A14,2712,宮崎交通,,都城駅前
A14,2713,宮崎交通,,栄町
A14,2714,宮崎交通,,イオンモール前
A14,2715,宮崎交通,,農業高校前
A14,2716,宮崎交通,,早水入口
A14,2717,宮崎交通,,都城医療センター前
A14,2718,宮崎交通,,郡元局前
A14,2719,宮崎交通,,郡元
A14,2720,宮崎交通,,憩いの家入口
A14,2721,宮崎交通,,神之山
A14,2722,宮崎交通,,前目
A14,2723,宮崎交通,,蓼池
A14,2724,宮崎交通,,下原田
A14,2725,宮崎交通,,富吉(山之口町)
A14,2726,宮崎交通,,飯起
A14,2727,宮崎交通,,向原
A14,2728,宮崎交通,,山之口総合支所前
A14,2729,宮崎交通,,山之口学校下
A14,2730,宮崎交通,,山之口駅前
A14,2731,宮崎交通,,山之口中央保育園下
A14,2732,宮崎交通,,山之口運動公園入口
A14,2733,宮崎交通,,田原入口
A14,2734,宮崎交通,,麓(山之口町)
A14,2735,宮崎交通,,上麓
A14,2736,宮崎交通,,野上
A14,2737,宮崎交通,,上野上
A14,2738,宮崎交通,,五反田
A14,2745,宮崎交通,,三州病院前
A14,2746,宮崎交通,,花繰町
A14,2747,宮崎交通,,木材技術センター前
A14,2749,宮崎交通,,大学前
A14,2750,宮崎交通,,都城運転免許センター前
A14,2751,宮崎交通,,植木
A14,2752,宮崎交通,,東高校前
A14,2753,宮崎交通,,上植木
A14,2754,宮崎交通,,五本松団地
A14,2755,宮崎交通,,東原
A14,2761,宮崎交通,,梶山入口
A14,2776,宮崎交通,,東北原町
A14,2777,宮崎交通,,年見
A14,2778,宮崎交通,,東年見
A14,2779,宮崎交通,,早水
A14,2797,宮崎交通,,市役所前
A14,2798,宮崎交通,,甲斐元町
A14,2799,宮崎交通,,東甲斐元町
A14,2800,宮崎交通,,木ノ前橋
A14,2801,宮崎交通,,木ノ前公園入口
A14,2802,宮崎交通,,寺園
A14,2803,宮崎交通,,聖ドミニコ学園
A14,2805,宮崎交通,,大岩田(都城市)
A14,2806,宮崎交通,,梅北麓
A14,2807,宮崎交通,,中西
A14,2808,宮崎交通,,梅北小学校前
A14,2809,宮崎交通,,川内
A14,2810,宮崎交通,,嫁坂
A14,2811,宮崎交通,,上橋野
A14,2812,宮崎交通,,中橋野
A14,2813,宮崎交通,,橋野
A14,2814,宮崎交通,,陣の下
A14,2815,宮崎交通,,広底入口
A14,2816,宮崎交通,,川原谷
A14,2817,宮崎交通,,望峰園前
A14,2818,宮崎交通,,志和池郵便局前
A14,2819,宮崎交通,,蓼池ショッピングセンター
A14,2820,宮崎交通,,イオン都城
A14,2821,宮崎交通,,早鈴町
A14,2822,宮崎交通,,東小前(都城市)
A14,2823,宮崎交通,,上早鈴
A14,2824,宮崎交通,,早鈴公民館入口
A14,2825,宮崎交通,,イオンモール
A14,2826,宮崎交通,,上川東二丁目
A14,2827,宮崎交通,,有川医院前
A14,2835,宮崎交通,,公園前
A14,2836,宮崎交通,,商業高校前
A14,2837,宮崎交通,,五文字
A14,2838,宮崎交通,,山仲温泉入口
A14,2839,宮崎交通,,上長飯
A14,2840,宮崎交通,,坂元
A14,2841,宮崎交通,,仁田宇治
A14,2842,宮崎交通,,豊満入口
A14,2843,宮崎交通,,西豊満
A14,2844,宮崎交通,,豊満
A14,2845,宮崎交通,,大谷入口(三股町)
A14,2846,宮崎交通,,小鷺巣
A14,2847,宮崎交通,,宮村入口
A14,2848,宮崎交通,,宮村学校下
A14,2849,宮崎交通,,中郷中学校
A14,2850,宮崎交通,,安久小学校
A14,2851,宮崎交通,,市立図書館前
A14,2852,宮崎交通,,藤元総合病院前
A14,2854,宮崎交通,,都城ショッピングセンター
A14,2855,宮崎交通,,上長飯児童公園入口
A14,2856,宮崎交通,,山田商工会前
A14,2858,宮崎交通,,大牟田
A14,2864,宮崎交通,,上郡元
A14,2865,宮崎交通,,南郡元
A14,2866,宮崎交通,,郡元3丁目
A14,2867,宮崎交通,,早水公園
A14,2868,宮崎交通,,久保原
A14,2869,宮崎交通,,五十市駅前
A14,2870,宮崎交通,,工業高校前
A14,2872,宮崎交通,,中菖蒲原
A14,2873,宮崎交通,,南菖蒲原
A14,2874,宮崎交通,,球場前
A14,2875,宮崎交通,,菖蒲原
A14,2876,宮崎交通,,上五文字
A14,2877,宮崎交通,,一万城北団地
A14,2878,宮崎交通,,団地入口
A14,2879,宮崎交通,,小鷹
A14,2880,宮崎交通,,一万城南団地
A14,2881,宮崎交通,,内堀住宅前
A14,2882,宮崎交通,,生協団地前
A14,2883,宮崎交通,,西高校前
A14,2884,宮崎交通,,都原
A14,2885,宮崎交通,,きりしま支援学校入口
A14,2886,宮崎交通,,都原団地入口
A14,2887,宮崎交通,,都原団地
A14,2888,宮崎交通,,平田橋
A14,2889,宮崎交通,,都原市営住宅前
A14,2890,宮崎交通,,西中学校前
A14,2891,宮崎交通,,蓑原入口
A14,2893,宮崎交通,,地場産業センター前
A14,2894,宮崎交通,,若葉町(都城市)
A14,2895,宮崎交通,,熊野神社前
A14,2896,宮崎交通,,西宮丸町
A14,2897,宮崎交通,,北原町
A14,2899,宮崎交通,,谷五公民館前
A14,2900,宮崎交通,,中霧島小
A14,2901,宮崎交通,,山内
A14,2902,宮崎交通,,体育文化センター
A14,2905,宮崎交通,,やまだ温泉
A14,2906,宮崎交通,,池之原(山田町)
A14,2907,宮崎交通,,北田
A14,2909,宮崎交通,,古江(山田町)
A14,2910,宮崎交通,,下牟田
A14,2911,宮崎交通,,東下牟田
A14,2912,宮崎交通,,豊栄クリニック前(都城市)
A14,2913,宮崎交通,,藤田口
A14,2914,宮崎交通,,藤田住宅
A14,2915,宮崎交通,,藤田前
A14,2916,宮崎交通,,下安久
A14,2917,宮崎交通,,馬越
A14,2918,宮崎交通,,安久
A14,2919,宮崎交通,,上安久
A14,2920,宮崎交通,,建立寺口
A14,2921,宮崎交通,,安久温泉
A14,2922,宮崎交通,,金御岳登山口
A14,2923,宮崎交通,,笠岩
A14,2924,宮崎交通,,中岳入口
A14,2925,宮崎交通,,鹿川内入口
A14,2926,宮崎交通,,上石原
A14,2927,宮崎交通,,下石原
A14,2928,宮崎交通,,中原口
A14,2929,宮崎交通,,高岡口
A14,2930,宮崎交通,,中郷二俣
A14,2931,宮崎交通,,中郷猪谷
A14,2932,宮崎交通,,屋敷野
A14,2933,宮崎交通,,御所谷
A14,2934,宮崎交通,,中尾平野
A14,2935,宮崎交通,,上尾平野
A14,2938,宮崎交通,,夢見ヶ丘
A14,2939,宮崎交通,,高千穂牧場
A14,2940,宮崎交通,,霧島ロイヤルホテル前
A14,2941,宮崎交通,,小鷹神社前
A14,2942,宮崎交通,,東上長飯
A14,2943,宮崎交通,,立野町
A14,2944,宮崎交通,,北広原
A14,2945,宮崎交通,,東菖蒲原
A14,2946,宮崎交通,,消防本部前
A14,2947,宮崎交通,,安原神社前
A14,2948,宮崎交通,,高崎温泉センター
A14,2949,宮崎交通,,福祉センター前(都城市)
A14,3501,宮崎交通,,幸町
A14,3502,宮崎交通,,恵比須町
A14,3503,宮崎交通,,祗園町
A14,3504,宮崎交通,,中央通1丁目
A14,3505,宮崎交通,,中央通2丁目
A14,3506,宮崎交通,,安賀多1丁目
A14,3507,宮崎交通,,安賀多2丁目
A14,3508,宮崎交通,,安賀多3丁目
A14,3509,宮崎交通,,安賀多4丁目
A14,3510,宮崎交通,,安賀多5丁目
A14,3511,宮崎交通,,愛宕町1丁目
A14,3512,宮崎交通,,愛宕町3丁目
A14,3513,宮崎交通,,伊達町1丁目
A14,3514,宮崎交通,,伊達町2丁目
A14,3515,宮崎交通,,南延岡駅前
A14,3516,宮崎交通,,南営業所前
A14,3517,宮崎交通,,上平原
A14,3518,宮崎交通,,下平原
A14,3520,宮崎交通,,塩浜町
A14,3521,宮崎交通,,旭ヶ丘
A14,3522,宮崎交通,,東松原
A14,3523,宮崎交通,,土々呂中学校前
A14,3524,宮崎交通,,土々呂公園前
A14,3525,宮崎交通,,土々呂海岸通
A14,3526,宮崎交通,,土々呂
A14,3527,宮崎交通,,櫛津
A14,3528,宮崎交通,,洲の鼻
A14,3529,宮崎交通,,妙見
A14,3530,宮崎交通,,桶河
A14,3531,宮崎交通,,鯛名
A14,3532,宮崎交通,,名水小学校前
A14,3533,宮崎交通,,太田
A14,3534,宮崎交通,,赤水
A14,3535,宮崎交通,,外浦
A14,3536,宮崎交通,,朝陽
A14,3537,宮崎交通,,西塩浜
A14,3538,宮崎交通,,塩浜3丁目
A14,3539,宮崎交通,,笹目橋
A14,3540,宮崎交通,,石田入口
A14,3541,宮崎交通,,伊形新町
A14,3542,宮崎交通,,伊形
A14,3543,宮崎交通,,一ヶ岡入口
A14,3544,宮崎交通,,北一ヶ岡
A14,3545,宮崎交通,,県営住宅前
A14,3546,宮崎交通,,一ヶ岡小学校入口
A14,3547,宮崎交通,,一ヶ岡
A14,3548,宮崎交通,,一ヶ岡局前
A14,3549,宮崎交通,,貯水場入口
A14,3550,宮崎交通,,南一ヶ岡
A14,3553,宮崎交通,,緑ヶ丘(延岡市)
A14,3554,宮崎交通,,平和橋
A14,3555,宮崎交通,,学園前
A14,3556,宮崎交通,,緑ヶ丘2丁目
A14,3557,宮崎交通,,北緑ヶ丘
A14,3558,宮崎交通,,雷管
A14,3559,宮崎交通,,別府(延岡市)
A14,3560,宮崎交通,,薬品工場前
A14,3561,宮崎交通,,向陽倶楽部前
A14,3562,宮崎交通,,ベンベルグ前
A14,3563,宮崎交通,,北門通り
A14,3564,宮崎交通,,出北町2丁目
A14,3565,宮崎交通,,出北
A14,3566,宮崎交通,,東出北
A14,3567,宮崎交通,,長浜町2丁目
A14,3568,宮崎交通,,長浜町
A14,3569,宮崎交通,,東浜砂町
A14,3570,宮崎交通,,方財
A14,3571,宮崎交通,,平田病院
A14,3575,宮崎交通,,延岡高校前
A14,3576,宮崎交通,,幼稚園前(延岡市)
A14,3577,宮崎交通,,愛宕山下通
A14,3578,宮崎交通,,札の迫
A14,3579,宮崎交通,,三須町
A14,3580,宮崎交通,,小野
A14,3581,宮崎交通,,西又
A14,3583,宮崎交通,,小野神社前
A14,3584,宮崎交通,,三輪入口
A14,3585,宮崎交通,,宮畑
A14,3586,宮崎交通,,三輪
A14,3587,宮崎交通,,県病院前
A14,3588,宮崎交通,,恒富
A14,3591,宮崎交通,,中町(延岡市)
A14,3592,宮崎交通,,市役所前
A14,3593,宮崎交通,,大瀬橋北詰
A14,3594,宮崎交通,,桜小路
A14,3595,宮崎交通,,東大貫
A14,3596,宮崎交通,,大貫町4丁目
A14,3597,宮崎交通,,しろやま支援学校前
A14,3598,宮崎交通,,野地町
A14,3599,宮崎交通,,西階中学校前
A14,3600,宮崎交通,,野田町
A14,3601,宮崎交通,,南方小学校前
A14,3602,宮崎交通,,天下橋
A14,3603,宮崎交通,,大貫町3丁目
A14,3604,宮崎交通,,平の前
A14,3605,宮崎交通,,公民館前
A14,3606,宮崎交通,,大貫神社前
A14,3607,宮崎交通,,丸山町(延岡市)
A14,3608,宮崎交通,,西階球場前
A14,3609,宮崎交通,,西階運動公園
A14,3610,宮崎交通,,北小路
A14,3623,宮崎交通,,延岡駅前
A14,3624,宮崎交通,,中川原町1丁目
A14,3625,宮崎交通,,レーヨン前
A14,3626,宮崎交通,,東中川原
A14,3627,宮崎交通,,樫山
A14,3628,宮崎交通,,稲葉崎1丁目
A14,3629,宮崎交通,,稲葉崎
A14,3630,宮崎交通,,和田越
A14,3631,宮崎交通,,無鹿
A14,3632,宮崎交通,,川島
A14,3633,宮崎交通,,那智入口
A14,3634,宮崎交通,,渡場
A14,3635,宮崎交通,,田平
A14,3636,宮崎交通,,東海
A14,3637,宮崎交通,,水尻
A14,3638,宮崎交通,,クラブ前
A14,3639,宮崎交通,,奥東海
A14,3640,宮崎交通,,中東海
A14,3641,宮崎交通,,川口
A14,3642,宮崎交通,,小山橋
A14,3643,宮崎交通,,祝子
A14,3644,宮崎交通,,尾崎
A14,3645,宮崎交通,,夏田
A14,3646,宮崎交通,,夏田団地
A14,3647,宮崎交通,,桜ヶ丘入口
A14,3648,宮崎交通,,商業高校前
A14,3649,宮崎交通,,桜ヶ丘
A14,3650,宮崎交通,,平田東九州病院
A14,3651,宮崎交通,,坂宮団地
A14,3652,宮崎交通,,坂宮
A14,3653,宮崎交通,,工内
A14,3654,宮崎交通,,佐野
A14,3655,宮崎交通,,延岡市民体育館
A14,3656,宮崎交通,,桑平
A14,3657,宮崎交通,,宮長
A14,3658,宮崎交通,,祝子川温泉
A14,3659,宮崎交通,,ヒノキ山
A14,3660,宮崎交通,,発電所前(延岡市)
A14,3661,宮崎交通,,下祝子
A14,3662,宮崎交通,,小水流
A14,3663,宮崎交通,,八郎
A14,3664,宮崎交通,,学校前
A14,3665,宮崎交通,,上祝子
A14,3666,宮崎交通,,富美山町
A14,3667,宮崎交通,,柚木
A14,3668,宮崎交通,,宇和田
A14,3669,宮崎交通,,鹿狩瀬
A14,3670,宮崎交通,,大野(延岡市)
A14,3671,宮崎交通,,学校下
A14,3672,宮崎交通,,妙
A14,3673,宮崎交通,,高千穂通
A14,3674,宮崎交通,,みのり園入口
A14,3675,宮崎交通,,黒木病院前
A14,3676,宮崎交通,,西岡富
A14,3677,宮崎交通,,古川(延岡市)
A14,3678,宮崎交通,,延陵学園前
A14,3679,宮崎交通,,西延岡
A14,3680,宮崎交通,,松山
A14,3681,宮崎交通,,小峰
A14,3682,宮崎交通,,上小峰
A14,3683,宮崎交通,,高野町
A14,3684,宮崎交通,,平田(延岡市)
A14,3685,宮崎交通,,農園前
A14,3686,宮崎交通,,貝の畑
A14,3687,宮崎交通,,細見
A14,3688,宮崎交通,,岡元
A14,3689,宮崎交通,,吐合
A14,3690,宮崎交通,,角田
A14,3691,宮崎交通,,上角田
A14,3692,宮崎交通,,足鍋
A14,3693,宮崎交通,,下崎
A14,3694,宮崎交通,,舟戸
A14,3695,宮崎交通,,北方町総合支所前
A14,3696,宮崎交通,,川水流駅前
A14,3697,宮崎交通,,桑水流
A14,3698,宮崎交通,,上水流
A14,3699,宮崎交通,,上崎
A14,3700,宮崎交通,,蔵田
A14,3701,宮崎交通,,下渡
A14,3702,宮崎交通,,八峡
A14,3703,宮崎交通,,城
A14,3704,宮崎交通,,滝下
A14,3705,宮崎交通,,惣ヶ内
A14,3706,宮崎交通,,新川
A14,3707,宮崎交通,,一の瀬(延岡市)
A14,3708,宮崎交通,,古野
A14,3709,宮崎交通,,小野鶴
A14,3710,宮崎交通,,中原
A14,3711,宮崎交通,,橋ヶ原
A14,3712,宮崎交通,,行縢山
A14,3713,宮崎交通,,上行縢山
A14,3714,宮崎交通,,行縢山登山口
A14,3715,宮崎交通,,赤土
A14,3716,宮崎交通,,差木野
A14,3717,宮崎交通,,三足
A14,3718,宮崎交通,,俵野
A14,3719,宮崎交通,,可愛
A14,3720,宮崎交通,,長井
A14,3721,宮崎交通,,竹瀬
A14,3722,宮崎交通,,日の谷
A14,3723,宮崎交通,,笹首
A14,3724,宮崎交通,,曽立
A14,3725,宮崎交通,,熊田
A14,3734,宮崎交通,,延岡合同庁舎
A14,3739,宮崎交通,,上崎橋
A14,3740,宮崎交通,,梁崎
A14,3741,宮崎交通,,上顔
A14,3742,宮崎交通,,御鉾ヶ浦公園
A14,3743,宮崎交通,,高々谷
A14,3744,宮崎交通,,宮ノ上
A14,3753,宮崎交通,,直海
A14,3755,宮崎交通,,北浦総合支所前
A14,3756,宮崎交通,,浜中
A14,3757,宮崎交通,,古江(北浦町)
A14,3758,宮崎交通,,市振公民館
A14,3759,宮崎交通,,住宅前
A14,3760,宮崎交通,,殿ヶ原
A14,3761,宮崎交通,,大師入口
A14,3762,宮崎交通,,宮野浦
A14,3775,宮崎交通,,折川内
A14,3776,宮崎交通,,西浦城
A14,3777,宮崎交通,,浦城中
A14,3778,宮崎交通,,真珠養殖場
A14,3779,宮崎交通,,漁協前
A14,3780,宮崎交通,,浦城天神
A14,3781,宮崎交通,,浦城港
A14,3783,宮崎交通,,須美江海岸
A14,3784,宮崎交通,,須美江
A14,3785,宮崎交通,,支所前
A14,3786,宮崎交通,,給食センター前
A14,3787,宮崎交通,,木場
A14,3788,宮崎交通,,熊野江神社前
A14,3789,宮崎交通,,下阿蘇
A14,3790,宮崎交通,,阿蘇
A14,3792,宮崎交通,,本村(北浦町)
A14,3798,宮崎交通,,熊本交通センター
A14,3799,宮崎交通,,熊本駅前
A14,3800,宮崎交通,,田下
A14,3802,宮崎交通,,総合文化センター前
A14,3803,宮崎交通,,平原町2丁目
A14,3804,宮崎交通,,若葉町(延岡市)
A14,3805,宮崎交通,,片田町
A14,3806,宮崎交通,,西片田町
A14,3807,宮崎交通,,山月町3丁目
A14,3808,宮崎交通,,山月町4丁目
A14,3809,宮崎交通,,中央団地前(延岡市)
A14,3810,宮崎交通,,片田回転場
A14,3811,宮崎交通,,山月町
A14,3812,宮崎交通,,富美山隧道前
A14,3813,宮崎交通,,北団地前
A14,3814,宮崎交通,,旭中入口
A14,3815,宮崎交通,,富美山西
A14,3816,宮崎交通,,西区中
A14,3817,宮崎交通,,西区南
A14,3818,宮崎交通,,中平原
A14,3820,宮崎交通,,六首
A14,3821,宮崎交通,,東小前(延岡市)
A14,3822,宮崎交通,,川水流
A14,3823,宮崎交通,,椿ヶ丘入口
A14,3824,宮崎交通,,今山ニュータウン
A14,3825,宮崎交通,,野地6丁目
A14,3826,宮崎交通,,高森中央
A14,3827,宮崎交通,,植物園前
A14,3829,宮崎交通,,イオン多々良店
A14,3830,宮崎交通,,恒富町2丁目
A14,3831,宮崎交通,,ヘルストピア延岡
A14,3832,宮崎交通,,矢野原
A14,3833,宮崎交通,,早日渡
A14,3834,宮崎交通,,打扇
A14,3835,宮崎交通,,椎畑
A14,3836,宮崎交通,,山下(北川町)
A14,3837,宮崎交通,,上迫
A14,3838,宮崎交通,,本村(北川町)
A14,3839,宮崎交通,,長井大橋
A14,3840,宮崎交通,,坂本
A14,3841,宮崎交通,,須美江小学校入口
A14,3842,宮崎交通,,ビーチの森すみえ
A14,3845,宮崎交通,,大峡
A14,3846,宮崎交通,,延岡学園前
A14,3848,宮崎交通,,大貫五丁目
A14,3849,宮崎交通,,すみれ団地前
A14,3850,宮崎交通,,西階台前
A14,3851,宮崎交通,,天下神社前
A14,3852,宮崎交通,,クレアパーク前
A14,3853,宮崎交通,,保健福祉大学
A14,3854,宮崎交通,,旭ヶ丘入口
A14,3855,宮崎交通,,大福良団地
A14,3856,宮崎交通,,延岡駅
A14,3858,宮崎交通,,川島幼稚園入口
A14,3859,宮崎交通,,川島小前
A14,3860,宮崎交通,,江良
A14,3861,宮崎交通,,上川島
A14,3862,宮崎交通,,病院前(延岡市)
A14,3863,宮崎交通,,千代ヶ丘入口
A14,3864,宮崎交通,,大学会館前
A14,3866,宮崎交通,,QOL棟前
A14,3871,宮崎交通,,イオン延岡
A14,3880,宮崎交通,,桜ヶ丘局前
A14,3881,宮崎交通,,千代ヶ丘
A14,3882,宮崎交通,,鶴ヶ丘団地
A14,3883,宮崎交通,,鶴ヶ丘公園
A14,3884,宮崎交通,,門川BS
A14,3885,宮崎交通,,日向IC
A14,3886,宮崎交通,,西都IC
A14,3887,宮崎交通,,延岡消防署前
A14,4500,宮崎交通,,高千穂バスセンター
A14,4503,宮崎交通,,末市
A14,4504,宮崎交通,,椎谷
A14,4505,宮崎交通,,東椎谷
A14,4506,宮崎交通,,高巣野
A14,4507,宮崎交通,,西深角
A14,4508,宮崎交通,,東深角
A14,4511,宮崎交通,,大園橋
A14,4512,宮崎交通,,長谷川入口
A14,4514,宮崎交通,,岩井川橋
A14,4515,宮崎交通,,日の影
A14,4516,宮崎交通,,日の影駅前
A14,4517,宮崎交通,,日の影発電所
A14,4519,宮崎交通,,吾味
A14,4520,宮崎交通,,八戸(日之影町)
A14,4521,宮崎交通,,八戸診療所前
A14,4522,宮崎交通,,星山
A14,4523,宮崎交通,,槙峰
A14,4574,宮崎交通,,神代川
A14,4575,宮崎交通,,長崎
A14,4576,宮崎交通,,栃又
A14,4577,宮崎交通,,川登
A14,4578,宮崎交通,,尾谷
A14,4579,宮崎交通,,尾谷東
A14,4580,宮崎交通,,大野原
A14,4581,宮崎交通,,才原
A14,4582,宮崎交通,,岩戸
A14,4596,宮崎交通,,高千穂駅
A14,4597,宮崎交通,,城山通
A14,4598,宮崎交通,,総合運動公園
A14,4599,宮崎交通,,葛原
A14,4600,宮崎交通,,折原
A14,4601,宮崎交通,,坂の下
A14,4602,宮崎交通,,下野
A14,4603,宮崎交通,,上野平底
A14,4604,宮崎交通,,上野
A14,4605,宮崎交通,,小又川
A14,4606,宮崎交通,,竜泉寺
A14,4608,宮崎交通,,宮の平
A14,4609,宮崎交通,,大郎
A14,4610,宮崎交通,,中村(高千穂町)
A14,4611,宮崎交通,,田原中学校前
A14,4612,宮崎交通,,河内
A14,4661,宮崎交通,,神殿
A14,4662,宮崎交通,,高千穂神社前
A14,4663,宮崎交通,,ホテル高千穂前(高千穂町)
A14,4664,宮崎交通,,高千穂大橋
A14,4665,宮崎交通,,下押方
A14,4666,宮崎交通,,押方
A14,4667,宮崎交通,,中の原(高千穂町)
A14,4668,宮崎交通,,二上神社入口
A14,4669,宮崎交通,,薑谷
A14,4670,宮崎交通,,芝原東
A14,4671,宮崎交通,,芝原西
A14,4672,宮崎交通,,跡取川
A14,4673,宮崎交通,,奥畑
A14,4674,宮崎交通,,越次
A14,4675,宮崎交通,,高千穂峡
A14,4676,宮崎交通,,八重所
A14,4677,宮崎交通,,上室野
A14,4678,宮崎交通,,室野
A14,4679,宮崎交通,,埋立
A14,4680,宮崎交通,,車屋橋
A14,4681,宮崎交通,,赤谷(五ヶ瀬町)
A14,4682,宮崎交通,,五ヶ瀬町立病院前
A14,4688,宮崎交通,,馬見原
A14,4693,宮崎交通,,鞍岡
A14,4709,宮崎交通,,鳥越(五ヶ瀬町)
A14,4716,宮崎交通,,中組公民館
A14,4717,宮崎交通,,下赤谷
A14,4737,宮崎交通,,谷下
A14,4750,宮崎交通,,舟の尾
A14,4751,宮崎交通,,青雲橋
A14,4752,宮崎交通,,五ヶ瀬町役場前
A14,4753,宮崎交通,,馬見原中鶴
A14,4754,宮崎交通,,蘇陽総合支所前
A14,4755,宮崎交通,,二瀬本入口
A14,4757,宮崎交通,,椛木
A14,4758,宮崎交通,,新町入口
A14,4759,宮崎交通,,下顔
A14,4760,宮崎交通,,宮水
A14,4761,宮崎交通,,袴谷
A14,4762,宮崎交通,,波瀬
A14,4763,宮崎交通,,平底バイパス
A14,4764,宮崎交通,,西ノ新地
A14,4765,宮崎交通,,雲井都
A14,4766,宮崎交通,,天の岩戸温泉入口
A14,4767,宮崎交通,,日之影町立病院
A14,4768,宮崎交通,,町立病院前
A14,4770,宮崎交通,,役場前(高千穂町)
A14,4771,宮崎交通,,波帰
A14,4772,宮崎交通,,尾迫原
A14,4774,宮崎交通,,高千穂温泉
A14,4776,宮崎交通,,一本木(高千穂町)
A14,4779,宮崎交通,,玄武山トンネル
A14,4782,宮崎交通,,高千穂神社
A14,4783,宮崎交通,,天岩戸神社
A14,5000,宮崎交通,,日向市駅東口
A14,5001,宮崎交通,,富島高校前
A14,5002,宮崎交通,,下原町
A14,5003,宮崎交通,,江良3丁目(日向市)
A14,5004,宮崎交通,,江良中央通(日向市)
A14,5005,宮崎交通,,江良4丁目(日向市)
A14,5006,宮崎交通,,曽根2丁目
A14,5007,宮崎交通,,曽根3丁目
A14,5008,宮崎交通,,細島入口
A14,5009,宮崎交通,,吉野川
A14,5010,宮崎交通,,細島小前
A14,5011,宮崎交通,,県営倉庫前
A14,5012,宮崎交通,,妙国寺入口
A14,5013,宮崎交通,,細島港
A14,5014,宮崎交通,,検潮場前
A14,5015,宮崎交通,,東細島
A14,5016,宮崎交通,,永江町
A14,5017,宮崎交通,,江良2丁目(日向市)
A14,5018,宮崎交通,,イオンタウン日向
A14,5019,宮崎交通,,西郷温泉美々川
A14,5020,宮崎交通,,一本木(西郷村)
A14,5021,宮崎交通,,和田病院前
A14,5022,宮崎交通,,日向サンパーク温泉
A14,5029,宮崎交通,,大王谷入口
A14,5030,宮崎交通,,原町(日向市)
A14,5031,宮崎交通,,商工会館通り
A14,5032,宮崎交通,,都町
A14,5033,宮崎交通,,日向迎洋園
A14,5034,宮崎交通,,不動寺入口
A14,5035,宮崎交通,,丸山(日向市)
A14,5036,宮崎交通,,仙ヶ崎
A14,5037,宮崎交通,,梶木
A14,5038,宮崎交通,,東古川
A14,5039,宮崎交通,,中須
A14,5040,宮崎交通,,門川本町
A14,5041,宮崎交通,,上納屋
A14,5042,宮崎交通,,鳴子橋
A14,5043,宮崎交通,,門川海浜公園入口
A14,5044,宮崎交通,,草川小学校入口
A14,5045,宮崎交通,,加草
A14,5046,宮崎交通,,船越
A14,5049,宮崎交通,,日向病院(門川町)
A14,5050,宮崎交通,,南町(門川町)
A14,5051,宮崎交通,,病院入口(門川町)
A14,5052,宮崎交通,,門川駅前
A14,5053,宮崎交通,,門川中学校
A14,5054,宮崎交通,,農高北口
A14,5055,宮崎交通,,中山神社
A14,5056,宮崎交通,,小園
A14,5057,宮崎交通,,丸口
A14,5058,宮崎交通,,小松
A14,5059,宮崎交通,,笠原
A14,5060,宮崎交通,,津々良
A14,5061,宮崎交通,,熊毛田
A14,5062,宮崎交通,,小切畑
A14,5063,宮崎交通,,西門川
A14,5064,宮崎交通,,三ヶ瀬入口
A14,5067,宮崎交通,,尾地ヶ谷
A14,5068,宮崎交通,,神舞
A14,5069,宮崎交通,,庭谷
A14,5071,宮崎交通,,松瀬(門川町)
A14,5072,宮崎交通,,堀割(門川町)
A14,5073,宮崎交通,,黒木
A14,5074,宮崎交通,,板原
A14,5075,宮崎交通,,舟方
A14,5076,宮崎交通,,下の原
A14,5077,宮崎交通,,づりの原
A14,5078,宮崎交通,,椿原
A14,5079,宮崎交通,,入下グラウンド前
A14,5080,宮崎交通,,入下局前
A14,5081,宮崎交通,,長堀
A14,5082,宮崎交通,,下角
A14,5083,宮崎交通,,中角(北郷村)
A14,5084,宮崎交通,,北郷小学校
A14,5085,宮崎交通,,甲田
A14,5086,宮崎交通,,北郷支所前
A14,5087,宮崎交通,,宇納間
A14,5088,宮崎交通,,宇納間神社前
A14,5089,宮崎交通,,板木
A14,5090,宮崎交通,,重野々
A14,5091,宮崎交通,,小原
A14,5094,宮崎交通,,沢潟
A14,5095,宮崎交通,,県林業技術センター入口
A14,5096,宮崎交通,,八ッ山
A14,5097,宮崎交通,,診療所前
A14,5098,宮崎交通,,中田
A14,5099,宮崎交通,,福士
A14,5100,宮崎交通,,硯野
A14,5101,宮崎交通,,平岩
A14,5102,宮崎交通,,本町
A14,5103,宮崎交通,,塩見橋
A14,5104,宮崎交通,,山下(日向市)
A14,5105,宮崎交通,,財光寺
A14,5106,宮崎交通,,沖町
A14,5107,宮崎交通,,松原
A14,5108,宮崎交通,,秋留入口
A14,5109,宮崎交通,,切島山
A14,5110,宮崎交通,,日向工業高校前
A14,5111,宮崎交通,,美砂
A14,5112,宮崎交通,,土々呂毛
A14,5113,宮崎交通,,宮の上
A14,5114,宮崎交通,,南日向駅前
A14,5115,宮崎交通,,金ヶ浜
A14,5116,宮崎交通,,金ヶ浜海水浴場
A14,5117,宮崎交通,,眼鏡橋
A14,5118,宮崎交通,,日向サンパーク入口
A14,5119,宮崎交通,,幸脇
A14,5120,宮崎交通,,美々津橋の元
A14,5121,宮崎交通,,新幸脇
A14,5122,宮崎交通,,立縫の里
A14,5123,宮崎交通,,新町
A14,5124,宮崎交通,,美々津海岸通り
A14,5125,宮崎交通,,三股病院前
A14,5126,宮崎交通,,川向
A14,5127,宮崎交通,,美々津駅前
A14,5128,宮崎交通,,美々津駅入口
A14,5129,宮崎交通,,百町原
A14,5130,宮崎交通,,高松
A14,5131,宮崎交通,,宮の下(日向市)
A14,5132,宮崎交通,,寺迫小前
A14,5133,宮崎交通,,ゴルフ場前
A14,5134,宮崎交通,,庭田
A14,5135,宮崎交通,,比良公園前
A14,5136,宮崎交通,,日向高校前
A14,5137,宮崎交通,,病院前(日向市)
A14,5138,宮崎交通,,蕨野
A14,5139,宮崎交通,,道の駅東郷
A14,5141,宮崎交通,,市立図書館前
A14,5142,宮崎交通,,中原
A14,5143,宮崎交通,,日向高校入口
A14,5144,宮崎交通,,中山崎
A14,5145,宮崎交通,,塩見
A14,5146,宮崎交通,,笹河
A14,5147,宮崎交通,,奥野入口
A14,5148,宮崎交通,,下永田
A14,5149,宮崎交通,,永田(日向市)
A14,5150,宮崎交通,,切通
A14,5151,宮崎交通,,出口
A14,5152,宮崎交通,,中の原(東郷町)
A14,5153,宮崎交通,,上中の原
A14,5154,宮崎交通,,切瀬
A14,5155,宮崎交通,,小野田
A14,5156,宮崎交通,,東郷病院前
A14,5157,宮崎交通,,山陰
A14,5158,宮崎交通,,森林組合前
A14,5159,宮崎交通,,舟戸
A14,5160,宮崎交通,,成願寺前
A14,5161,宮崎交通,,鶴の内
A14,5163,宮崎交通,,下村
A14,5164,宮崎交通,,大工野
A14,5165,宮崎交通,,八重原橋
A14,5166,宮崎交通,,八重原
A14,5167,宮崎交通,,鹿瀬
A14,5168,宮崎交通,,下大内原
A14,5169,宮崎交通,,大内原
A14,5171,宮崎交通,,石峠
A14,5172,宮崎交通,,島尻
A14,5173,宮崎交通,,小川吐
A14,5174,宮崎交通,,小田
A14,5175,宮崎交通,,花水流
A14,5176,宮崎交通,,田代学校下
A14,5177,宮崎交通,,田代局前
A14,5178,宮崎交通,,美郷町役場前
A14,5179,宮崎交通,,西郷発電所前
A14,5180,宮崎交通,,和田(西郷村)
A14,5181,宮崎交通,,上古川
A14,5182,宮崎交通,,組崎
A14,5183,宮崎交通,,坂元
A14,5185,宮崎交通,,笹陰
A14,5186,宮崎交通,,おせりの滝入口
A14,5187,宮崎交通,,荒平
A14,5188,宮崎交通,,小八重
A14,5189,宮崎交通,,山三箇
A14,5190,宮崎交通,,山須原
A14,5191,宮崎交通,,荒谷
A14,5192,宮崎交通,,鳥の巣(諸塚村)
A14,5193,宮崎交通,,木ヶ倉
A14,5195,宮崎交通,,古川(諸塚村)
A14,5196,宮崎交通,,椎原橋
A14,5197,宮崎交通,,保育所前(諸塚村)
A14,5198,宮崎交通,,諸塚
A14,5199,宮崎交通,,塚原
A14,5200,宮崎交通,,江後の崎
A14,5201,宮崎交通,,古園円堤前
A14,5202,宮崎交通,,古園
A14,5203,宮崎交通,,佐土の谷
A14,5204,宮崎交通,,おし谷
A14,5205,宮崎交通,,竹の八重
A14,5206,宮崎交通,,旧岩屋戸
A14,5207,宮崎交通,,松尾橋
A14,5208,宮崎交通,,岩屋戸
A14,5209,宮崎交通,,春
A14,5210,宮崎交通,,石原
A14,5211,宮崎交通,,中尾平
A14,5212,宮崎交通,,上尾平
A14,5213,宮崎交通,,那須橋
A14,5214,宮崎交通,,下椎葉
A14,5215,宮崎交通,,下椎葉上
A14,5216,宮崎交通,,中椎葉
A14,5217,宮崎交通,,佐礼
A14,5218,宮崎交通,,六弥太
A14,5219,宮崎交通,,椎葉下区
A14,5220,宮崎交通,,役場前(椎葉村)
A14,5221,宮崎交通,,上椎葉
A14,5235,宮崎交通,,地内吐
A14,5236,宮崎交通,,迫の内
A14,5237,宮崎交通,,池野
A14,5284,宮崎交通,,田野入口
A14,5285,宮崎交通,,羽坂
A14,5286,宮崎交通,,日影道
A14,5287,宮崎交通,,安ヶ道
A14,5288,宮崎交通,,卸児
A14,5289,宮崎交通,,上仲瀬
A14,5290,宮崎交通,,仲深橋
A14,5291,宮崎交通,,久居原
A14,5292,宮崎交通,,野々崎(東郷町)
A14,5293,宮崎交通,,牧水生家
A14,5294,宮崎交通,,石原(東郷町)
A14,5295,宮崎交通,,坪谷
A14,5296,宮崎交通,,坪谷学校前
A14,5297,宮崎交通,,坪谷局前
A14,5298,宮崎交通,,市谷原
A14,5299,宮崎交通,,瀬平
A14,5300,宮崎交通,,多武の木
A14,5302,宮崎交通,,児洗
A14,5303,宮崎交通,,黒松
A14,5304,宮崎交通,,柳原
A14,5305,宮崎交通,,田口原
A14,5306,宮崎交通,,中水流
A14,5307,宮崎交通,,ながされ
A14,5308,宮崎交通,,小又吐
A14,5309,宮崎交通,,吾味
A14,5310,宮崎交通,,下名木
A14,5311,宮崎交通,,名木
A14,5312,宮崎交通,,山麦
A14,5313,宮崎交通,,米上
A14,5314,宮崎交通,,神門学校前
A14,5315,宮崎交通,,百済の館前
A14,5316,宮崎交通,,神門
A14,5317,宮崎交通,,浜子橋
A14,5327,宮崎交通,,南郷温泉山霧
A14,5347,宮崎交通,,文化交流センター
A14,5348,宮崎交通,,共同調理場前
A14,5349,宮崎交通,,迫の内公園前
A14,5350,宮崎交通,,梅の木
A14,5351,宮崎交通,,下熊毛田
A14,5352,宮崎交通,,下田の原
A14,5354,宮崎交通,,北町
A14,5356,宮崎交通,,谷波帰
A14,5357,宮崎交通,,曽根4丁目
A14,5358,宮崎交通,,日向職安前
A14,5363,宮崎交通,,草場
A14,5365,宮崎交通,,平城北入口
A14,5366,宮崎交通,,アカリ橋
A14,5367,宮崎交通,,北の郷
A14,6000,宮崎交通,,飫肥
A14,6001,宮崎交通,,飫肥城下
A14,6002,宮崎交通,,本町1丁目(日南市)
A14,6003,宮崎交通,,新町
A14,6004,宮崎交通,,下新町
A14,6005,宮崎交通,,広木田
A14,6006,宮崎交通,,今町
A14,6007,宮崎交通,,竹香園入口
A14,6008,宮崎交通,,星倉
A14,6009,宮崎交通,,釈迦尾ヶ野
A14,6010,宮崎交通,,横手口
A14,6011,宮崎交通,,宮の前(日南市)
A14,6012,宮崎交通,,山瀬
A14,6013,宮崎交通,,安定所入口(日南市)
A14,6014,宮崎交通,,一里松(日南市)
A14,6015,宮崎交通,,日南駅前
A14,6016,宮崎交通,,工場前
A14,6017,宮崎交通,,針町
A14,6018,宮崎交通,,妻手橋
A14,6019,宮崎交通,,鶴ヶ峰
A14,6020,宮崎交通,,平野(日南市)
A14,6021,宮崎交通,,油津駅通
A14,6022,宮崎交通,,油津駅前バスセンター
A14,6023,宮崎交通,,山形屋前(日南市)
A14,6024,宮崎交通,,材木町
A14,6025,宮崎交通,,春日
A14,6026,宮崎交通,,上町
A14,6027,宮崎交通,,海岸通
A14,6028,宮崎交通,,油津港
A14,6029,宮崎交通,,飫肥駅
A14,6030,宮崎交通,,西町(日南市)
A14,6031,宮崎交通,,池ヶ山
A14,6032,宮崎交通,,山王
A14,6033,宮崎交通,,猪崎鼻荘
A14,6034,宮崎交通,,大堂津
A14,6035,宮崎交通,,塩鶴入口
A14,6036,宮崎交通,,中部病院前
A14,6037,宮崎交通,,川の口
A14,6038,宮崎交通,,目井津海岸通り
A14,6039,宮崎交通,,目井津銀行前
A14,6040,宮崎交通,,病院前(南郷町)
A14,6041,宮崎交通,,南郷
A14,6042,宮崎交通,,住宅入口
A14,6043,宮崎交通,,栄松
A14,6044,宮崎交通,,新開
A14,6045,宮崎交通,,外ノ浦
A14,6046,宮崎交通,,日之御崎神社前
A14,6047,宮崎交通,,贄波
A14,6048,宮崎交通,,上贄波
A14,6049,宮崎交通,,上海北
A14,6050,宮崎交通,,海北
A14,6051,宮崎交通,,平田(串間市)
A14,6052,宮崎交通,,古都
A14,6053,宮崎交通,,藤岐れ道
A14,6054,宮崎交通,,八ヶ谷
A14,6055,宮崎交通,,塩屋
A14,6056,宮崎交通,,石波
A14,6057,宮崎交通,,幸島入口
A14,6058,宮崎交通,,道の駅なんごう (実習農場前)
A14,6059,宮崎交通,,夫婦浦
A14,6060,宮崎交通,,舳
A14,6061,宮崎交通,,藤公民館前
A14,6062,宮崎交通,,脇元
A14,6063,宮崎交通,,小学校前
A14,6064,宮崎交通,,和田(南郷町)
A14,6065,宮崎交通,,神社前
A14,6066,宮崎交通,,大迫
A14,6067,宮崎交通,,伊崎野
A14,6068,宮崎交通,,笹ヶ久保
A14,6069,宮崎交通,,大牟礼
A14,6070,宮崎交通,,横通(日南市)
A14,6071,宮崎交通,,西弁分
A14,6072,宮崎交通,,日後谷
A14,6073,宮崎交通,,中隈谷
A14,6074,宮崎交通,,下方
A14,6075,宮崎交通,,森林組合前
A14,6076,宮崎交通,,上方
A14,6077,宮崎交通,,毛吉田
A14,6078,宮崎交通,,支所前
A14,6079,宮崎交通,,学校下
A14,6080,宮崎交通,,萩の峯
A14,6081,宮崎交通,,仏坂
A14,6082,宮崎交通,,茶園
A14,6083,宮崎交通,,仮屋
A14,6084,宮崎交通,,住宅前
A14,6085,宮崎交通,,寺村
A14,6086,宮崎交通,,上寺村
A14,6087,宮崎交通,,南平
A14,6088,宮崎交通,,西寺
A14,6089,宮崎交通,,下塚田
A14,6090,宮崎交通,,上塚田
A14,6091,宮崎交通,,かんぽの宿日南
A14,6092,宮崎交通,,かんぽの宿日南入口
A14,6093,宮崎交通,,吾田東小入口
A14,6095,宮崎交通,,見法寺
A14,6096,宮崎交通,,梅ヶ浜
A14,6097,宮崎交通,,丸山(日南市)
A14,6098,宮崎交通,,東平山
A14,6099,宮崎交通,,北平山
A14,6100,宮崎交通,,愛泉会日南病院
A14,6101,宮崎交通,,谷口病院
A14,6102,宮崎交通,,立石
A14,6103,宮崎交通,,大浦
A14,6104,宮崎交通,,小吹毛井
A14,6105,宮崎交通,,吹毛井
A14,6106,宮崎交通,,サンメッセ日南
A14,6107,宮崎交通,,鵜戸小中学校前
A14,6109,宮崎交通,,宮浦
A14,6110,宮崎交通,,小目井
A14,6112,宮崎交通,,富土
A14,6113,宮崎交通,,潮の杜
A14,6114,宮崎交通,,伊比井
A14,6115,宮崎交通,,鴬巣
A14,6116,宮崎交通,,市農協前
A14,6117,宮崎交通,,運動公園入口
A14,6118,宮崎交通,,鵜戸神宮
A14,6119,宮崎交通,,中益安
A14,6120,宮崎交通,,益安
A14,6121,宮崎交通,,東郷支所前
A14,6122,宮崎交通,,甲東
A14,6123,宮崎交通,,福谷
A14,6124,宮崎交通,,松永
A14,6125,宮崎交通,,上松永
A14,6126,宮崎交通,,倉迫
A14,6127,宮崎交通,,菖蒲迫
A14,6128,宮崎交通,,北郷温泉前
A14,6129,宮崎交通,,下大藤
A14,6130,宮崎交通,,大藤公民館
A14,6131,宮崎交通,,上大藤
A14,6132,宮崎交通,,山澄
A14,6133,宮崎交通,,立野
A14,6134,宮崎交通,,北郷局前
A14,6135,宮崎交通,,郷之原
A14,6136,宮崎交通,,上郷入口
A14,6137,宮崎交通,,さくらアリーナ
A14,6138,宮崎交通,,蜂の巣入口
A14,6139,宮崎交通,,坂元
A14,6140,宮崎交通,,牧野
A14,6141,宮崎交通,,下宿野
A14,6142,宮崎交通,,宿野
A14,6143,宮崎交通,,谷合
A14,6144,宮崎交通,,河原谷入口
A14,6145,宮崎交通,,曽和田入口
A14,6146,宮崎交通,,黒荷田
A14,6147,宮崎交通,,学校前
A14,6148,宮崎交通,,田代
A14,6149,宮崎交通,,北郷駅
A14,6150,宮崎交通,,下今町
A14,6151,宮崎交通,,太田川
A14,6152,宮崎交通,,殿所峠
A14,6153,宮崎交通,,内野田駅前
A14,6154,宮崎交通,,内野田
A14,6155,宮崎交通,,大藤渡
A14,6156,宮崎交通,,町民球場前
A14,6157,宮崎交通,,中講
A14,6158,宮崎交通,,昼野橋
A14,6159,宮崎交通,,昼野
A14,6160,宮崎交通,,平佐
A14,6161,宮崎交通,,黒山岐
A14,6162,宮崎交通,,和田津留
A14,6163,宮崎交通,,元狩倉
A14,6165,宮崎交通,,平山(日南市)
A14,6166,宮崎交通,,神宮司
A14,6167,宮崎交通,,市営処理場入口
A14,6168,宮崎交通,,羽山
A14,6169,宮崎交通,,上益安
A14,6170,宮崎交通,,駒宮神社前
A14,6171,宮崎交通,,上平山
A14,6172,宮崎交通,,愛泉会病院入口
A14,6173,宮崎交通,,風田
A14,6174,宮崎交通,,田辺
A14,6175,宮崎交通,,神田
A14,6176,宮崎交通,,乙東
A14,6178,宮崎交通,,日南振徳高校
A14,6179,宮崎交通,,中河原公園
A14,6180,宮崎交通,,星倉4丁目
A14,6181,宮崎交通,,古川(日南市)
A14,6182,宮崎交通,,中央団地前(日南市)
A14,6183,宮崎交通,,日南学園前
A14,6184,宮崎交通,,工業団地前
A14,6185,宮崎交通,,松原団地入口
A14,6186,宮崎交通,,瀬貝町
A14,6187,宮崎交通,,園田1丁目
A14,6188,宮崎交通,,木山
A14,6189,宮崎交通,,北郷温泉
A14,6190,宮崎交通,,飫肥城
A14,6191,宮崎交通,,選果場前
A14,6192,宮崎交通,,隈谷
A14,6193,宮崎交通,,旭町(日南市)
A14,6194,宮崎交通,,クワハウス入口
A14,6195,宮崎交通,,南郷プリンスホテル前
A14,6196,宮崎交通,,富屋
A14,6197,宮崎交通,,贄波中
A14,6198,宮崎交通,,上田代
A14,6199,宮崎交通,,大戸野
A14,6200,宮崎交通,,コープ宮崎日南店
A14,6206,宮崎交通,,吾田小学校下
A14,6212,宮崎交通,,下楠原
A14,6213,宮崎交通,,中楠原
A14,6214,宮崎交通,,堀割(日南市)
A14,6216,宮崎交通,,原ノ下
A14,6217,宮崎交通,,山ノ口橋
A14,6218,宮崎交通,,種子田
A14,6219,宮崎交通,,野地
A14,6220,宮崎交通,,栗嶺
A14,6221,宮崎交通,,榎木田
A14,6222,宮崎交通,,センター前
A14,6223,宮崎交通,,日向酒谷
A14,6224,宮崎交通,,西の園
A14,6225,宮崎交通,,鯛の子
A14,6226,宮崎交通,,酒谷小学校前
A14,6227,宮崎交通,,酒谷中学校前
A14,6228,宮崎交通,,秋山
A14,6229,宮崎交通,,片頭
A14,6230,宮崎交通,,名尾
A14,6231,宮崎交通,,小松山登山口
A14,6232,宮崎交通,,日南今別府
A14,6233,宮崎交通,,坂元入口
A14,6234,宮崎交通,,陣野尾
A14,6235,宮崎交通,,深瀬
A14,6236,宮崎交通,,小布瀬口
A14,6237,宮崎交通,,鷹取口
A14,6238,宮崎交通,,下白木俣
A14,6239,宮崎交通,,割岩口
A14,6240,宮崎交通,,上白木俣
A14,6241,宮崎交通,,県病院
A14,6242,宮崎交通,,日南駅
A14,6243,宮崎交通,,日南市役所
A14,6244,宮崎交通,,エブリワン戸高山瀬
A14,6245,宮崎交通,,セブンイレブン戸高
A14,6246,宮崎交通,,キッチンバレーヌ
A14,6247,宮崎交通,,飫肥待合所
A14,6248,宮崎交通,,下楠原
A14,6249,宮崎交通,,中楠原
A14,6250,宮崎交通,,堀割
A14,6251,宮崎交通,,原ノ下
A14,6252,宮崎交通,,山ノ口橋
A14,6253,宮崎交通,,種子田
A14,6254,宮崎交通,,野地
A14,6255,宮崎交通,,栗嶺
A14,6256,宮崎交通,,榎木田
A14,6257,宮崎交通,,センター前
A14,6258,宮崎交通,,日向酒谷
A14,6259,宮崎交通,,永吉公民館
A14,6260,宮崎交通,,西の村
A14,6261,宮崎交通,,畦の丸
A14,6262,宮崎交通,,畦の丸保育所
A14,6263,宮崎交通,,つづら八重
A14,6264,宮崎交通,,吉野方小学校
A14,6265,宮崎交通,,向田公民館
A14,6266,宮崎交通,,向田橋
A14,6267,宮崎交通,,永野公民館
A14,6268,宮崎交通,,西の園
A14,6269,宮崎交通,,鯛の子
A14,6270,宮崎交通,,酒谷小学校
A14,6271,宮崎交通,,酒谷中学校
A14,6272,宮崎交通,,秋山
A14,6273,宮崎交通,,片頭
A14,6274,宮崎交通,,名尾
A14,6275,宮崎交通,,石原
A14,6276,宮崎交通,,日南今別府
A14,6277,宮崎交通,,道の駅酒谷
A14,6278,宮崎交通,,坂元
A14,6279,宮崎交通,,深瀬
A14,6280,宮崎交通,,小布瀬口
A14,6281,宮崎交通,,小布瀬集落入口
A14,6282,宮崎交通,,割岩口
A14,6283,宮崎交通,,上白木俣
A14,6284,宮崎交通,,新村
A14,6285,宮崎交通,,横通
A14,6286,宮崎交通,,西弁分
A14,6287,宮崎交通,,日後谷
A14,6288,宮崎交通,,隈谷
A14,6289,宮崎交通,,下隈谷公民館
A14,6290,宮崎交通,,上隈谷公民館
A14,6291,宮崎交通,,大木戸
A14,6292,宮崎交通,,鶴田
A14,6293,宮崎交通,,中隈谷公民館
A14,6294,宮崎交通,,中隈谷
A14,6295,宮崎交通,,中部病院
A14,6296,宮崎交通,,塩鶴
A14,6297,宮崎交通,,下方
A14,6298,宮崎交通,,森林組合前
A14,6299,宮崎交通,,上方
A14,6300,宮崎交通,,毛吉田
A14,6301,宮崎交通,,山田
A14,6302,宮崎交通,,上毛吉田公民館
A14,6303,宮崎交通,,狭間
A14,6304,宮崎交通,,支所前
A14,6305,宮崎交通,,学校下
A14,6306,宮崎交通,,萩之嶺
A14,6307,宮崎交通,,西寺
A14,6308,宮崎交通,,下塚田
A14,6309,宮崎交通,,下塚田公民館
A14,6310,宮崎交通,,上塚田公民館
A14,6311,宮崎交通,,坂ノ上
A14,6312,宮崎交通,,仏坂
A14,6313,宮崎交通,,茶円
A14,6314,宮崎交通,,仮屋
A14,6315,宮崎交通,,住宅前
A14,6316,宮崎交通,,寺村
A14,6317,宮崎交通,,上寺村
A14,6318,宮崎交通,,南平
A14,6322,宮崎交通,,中央町
A14,6500,宮崎交通,,西都バスセンター
A14,6501,宮崎交通,,御舟通り
A14,6502,宮崎交通,,中央公民館前
A14,6503,宮崎交通,,農協前(西都市)
A14,6504,宮崎交通,,粟野
A14,6505,宮崎交通,,薗元
A14,6506,宮崎交通,,瀬口
A14,6507,宮崎交通,,船倉
A14,6508,宮崎交通,,黒生野
A14,6509,宮崎交通,,別府(西都市)
A14,6510,宮崎交通,,濁川
A14,6511,宮崎交通,,佐土原岐道
A14,6512,宮崎交通,,中間原入口
A14,6513,宮崎交通,,春田
A14,6514,宮崎交通,,東春田
A14,6515,宮崎交通,,佐土原小前
A14,6516,宮崎交通,,佐土原中前
A14,6517,宮崎交通,,野久尾
A14,6518,宮崎交通,,下村
A14,6519,宮崎交通,,那珂
A14,6520,宮崎交通,,岩見堂
A14,6521,宮崎交通,,黒田
A14,6522,宮崎交通,,一里松(佐土原町)
A14,6523,宮崎交通,,有喜橋
A14,6524,宮崎交通,,日章学園前
A14,6525,宮崎交通,,広原(宮崎市)
A14,6526,宮崎交通,,住吉学校前
A14,6527,宮崎交通,,日平入口
A14,6528,宮崎交通,,病院前(西都市)
A14,6529,宮崎交通,,都万神社前
A14,6530,宮崎交通,,新町入口
A14,6531,宮崎交通,,童子丸
A14,6532,宮崎交通,,穂北
A14,6533,宮崎交通,,島の内
A14,6534,宮崎交通,,椿原
A14,6535,宮崎交通,,井堰
A14,6536,宮崎交通,,南杉安
A14,6537,宮崎交通,,杉安
A14,6538,宮崎交通,,杉安橋
A14,6539,宮崎交通,,杉安峡
A14,6540,宮崎交通,,聖陵通り
A14,6541,宮崎交通,,平田(西都市)
A14,6542,宮崎交通,,市民体育館前
A14,6543,宮崎交通,,三笠
A14,6544,宮崎交通,,三宅入口
A14,6545,宮崎交通,,下尾筋
A14,6546,宮崎交通,,清水
A14,6547,宮崎交通,,清水岐道
A14,6548,宮崎交通,,宮の下(西都市)
A14,6549,宮崎交通,,八双田
A14,6550,宮崎交通,,戸敷
A14,6551,宮崎交通,,藤田入口
A14,6552,宮崎交通,,亀塚
A14,6553,宮崎交通,,稲荷下
A14,6555,宮崎交通,,岩崎
A14,6556,宮崎交通,,交流センター前
A14,6562,宮崎交通,,国富BS
A14,6563,宮崎交通,,宮崎BS
A14,6564,宮崎交通,,平等寺
A14,6575,宮崎交通,,下清水
A14,6577,宮崎交通,,霧島入口
A14,6584,宮崎交通,,笠原
A14,6585,宮崎交通,,川北農協前
A14,6586,宮崎交通,,永野
A14,6587,宮崎交通,,愛宕(西都市)
A14,6588,宮崎交通,,札の元
A14,6589,宮崎交通,,吉田
A14,6590,宮崎交通,,九流水
A14,6591,宮崎交通,,稚児殿池
A14,6592,宮崎交通,,酒元
A14,6593,宮崎交通,,鬼の窟
A14,6594,宮崎交通,,西都原
A14,6595,宮崎交通,,西都原考古博物館前
A14,6597,宮崎交通,,寺原
A14,6598,宮崎交通,,木の前
A14,6599,宮崎交通,,山路
A14,6600,宮崎交通,,上山路
A14,6601,宮崎交通,,三財支所入口
A14,6621,宮崎交通,,古城
A14,6622,宮崎交通,,下石野田
A14,6623,宮崎交通,,石野田
A14,6624,宮崎交通,,門田
A14,6625,宮崎交通,,諏訪
A14,6626,宮崎交通,,金倉
A14,6627,宮崎交通,,上金倉
A14,6628,宮崎交通,,中村(岩崎/西都市)
A14,6629,宮崎交通,,堂山
A14,6630,宮崎交通,,囲
A14,6631,宮崎交通,,郡境
A14,6632,宮崎交通,,旭村
A14,6633,宮崎交通,,高松
A14,6634,宮崎交通,,井野原
A14,6635,宮崎交通,,西の原(国富町)
A14,6636,宮崎交通,,永山入口
A14,6637,宮崎交通,,山下(国富町)
A14,6638,宮崎交通,,今平
A14,6639,宮崎交通,,尾園
A14,6640,宮崎交通,,伊佐生
A14,6641,宮崎交通,,一丁田入口
A14,6642,宮崎交通,,福祉会館前(国富町)
A14,6643,宮崎交通,,三名
A14,6644,宮崎交通,,三名入口
A14,6645,宮崎交通,,大脇(国富町)
A14,6646,宮崎交通,,本町(西都市)
A14,6647,宮崎交通,,中妻
A14,6648,宮崎交通,,山角
A14,6649,宮崎交通,,城平
A14,6650,宮崎交通,,横町
A14,6651,宮崎交通,,祗園原
A14,6652,宮崎交通,,大口川
A14,6653,宮崎交通,,川床
A14,6654,宮崎交通,,上一丁田
A14,6655,宮崎交通,,一丁田
A14,6656,宮崎交通,,岡富
A14,6657,宮崎交通,,竹渕
A14,6658,宮崎交通,,新田中村
A14,6659,宮崎交通,,大門
A14,6660,宮崎交通,,伊倉(新富町)
A14,6661,宮崎交通,,新田支所前
A14,6662,宮崎交通,,新田中学校前
A14,6663,宮崎交通,,成法寺
A14,6664,宮崎交通,,芝原
A14,6665,宮崎交通,,今町入口(新富町)
A14,6666,宮崎交通,,城元
A14,6667,宮崎交通,,上城元
A14,6668,宮崎交通,,下城元
A14,6669,宮崎交通,,上富田
A14,6674,宮崎交通,,西佐土原
A14,6676,宮崎交通,,万陀羅
A14,6677,宮崎交通,,新城
A14,6678,宮崎交通,,鬼子母神前
A14,6679,宮崎交通,,田島
A14,6680,宮崎交通,,天神
A14,6681,宮崎交通,,パナソニック前
A14,6682,宮崎交通,,妻高校前
A14,6683,宮崎交通,,佐土原駅
A14,6684,宮崎交通,,上宮本
A14,6685,宮崎交通,,西田島
A14,6687,宮崎交通,,旭村入口
A14,6694,宮崎交通,,穂北橋
A14,6695,宮崎交通,,串木
A14,6696,宮崎交通,,囲橋
A14,6697,宮崎交通,,如法寺前
A14,6698,宮崎交通,,千畑
A14,6699,宮崎交通,,上野
A14,6700,宮崎交通,,緑ヶ丘(西都市)
A14,6701,宮崎交通,,豊原神社前
A14,6702,宮崎交通,,上茶公民館前
A14,6703,宮崎交通,,若郷
A14,6704,宮崎交通,,原無田
A14,6705,宮崎交通,,中原無田
A14,6706,宮崎交通,,下原無田
A14,6707,宮崎交通,,堀町
A14,6708,宮崎交通,,茶臼原
A14,6709,宮崎交通,,茶臼原入口
A14,6710,宮崎交通,,大谷(高鍋町)
A14,6711,宮崎交通,,牧上
A14,6712,宮崎交通,,小並
A14,6713,宮崎交通,,市ノ山
A14,6714,宮崎交通,,穂北高前
A14,6715,宮崎交通,,福祉センター前(西都市)
A14,6716,宮崎交通,,専門学校前
A14,6717,宮崎交通,,井上入口
A14,6718,宮崎交通,,サテライト宮崎
A14,6719,宮崎交通,,井上
A14,6720,宮崎交通,,下畑
A14,6721,宮崎交通,,那珂小前
A14,6722,宮崎交通,,杉安発電所
A14,6723,宮崎交通,,速川神社前
A14,6724,宮崎交通,,杉安ダム
A14,6725,宮崎交通,,椎原
A14,6726,宮崎交通,,譲葉
A14,6727,宮崎交通,,下津々志
A14,6728,宮崎交通,,津々志
A14,6729,宮崎交通,,小谷
A14,6730,宮崎交通,,湯ノ内
A14,6731,宮崎交通,,元鎮
A14,6732,宮崎交通,,本流瀬
A14,6733,宮崎交通,,一ッ瀬発電所前
A14,6734,宮崎交通,,片内山
A14,6735,宮崎交通,,十五番
A14,6737,宮崎交通,,東陵校前
A14,6738,宮崎交通,,瓢丹渕
A14,6739,宮崎交通,,一ッ瀬ダム
A14,6740,宮崎交通,,九電資料館前
A14,6741,宮崎交通,,西米良中学校下
A14,6742,宮崎交通,,温泉館ゆたーと
A14,6743,宮崎交通,,鳥ノ巣(西都市)
A14,6744,宮崎交通,,村所橋(西都市)
A14,6745,宮崎交通,,小崎
A14,6746,宮崎交通,,古佛所
A14,6747,宮崎交通,,戸崎
A14,6748,宮崎交通,,一ノ瀬(西都市)
A14,6749,宮崎交通,,八毛巻
A14,6750,宮崎交通,,越野尾校前
A14,6751,宮崎交通,,越野尾
A14,6752,宮崎交通,,米良稲荷
A14,6753,宮崎交通,,湖の駅
A14,6754,宮崎交通,,内ノ畑
A14,6755,宮崎交通,,咲山
A14,6756,宮崎交通,,石櫃
A14,6757,宮崎交通,,横野
A14,6758,宮崎交通,,福祉館前(西米良村)
A14,6759,宮崎交通,,猪野津久呂
A14,6760,宮崎交通,,轟八重
A14,6761,宮崎交通,,田無瀬
A14,6762,宮崎交通,,双子
A14,6763,宮崎交通,,三久保
A14,6764,宮崎交通,,村所
A14,6767,宮崎交通,,佐土原高校前
A14,6768,宮崎交通,,西都商入口
A14,6769,宮崎交通,,診療所前
A14,6787,宮崎交通,,小林バスセンター
A14,6788,宮崎交通,,本町
A14,6789,宮崎交通,,中央商店街
A14,6790,宮崎交通,,市役所下
A14,6791,宮崎交通,,市役所前
A14,6792,宮崎交通,,小林高校前
A14,6793,宮崎交通,,仲町
A14,6794,宮崎交通,,愛宕町
A14,6795,宮崎交通,,上の馬場
A14,6796,宮崎交通,,下の馬場
A14,6797,宮崎交通,,水の手橋
A14,6798,宮崎交通,,水の手
A14,6799,宮崎交通,,新堂山
A14,6800,宮崎交通,,堂山
A14,6801,宮崎交通,,新田場
A14,6802,宮崎交通,,東方支所前
A14,6803,宮崎交通,,東方
A14,6804,宮崎交通,,陰陽石
A14,6805,宮崎交通,,池入口
A14,6806,宮崎交通,,池の上
A14,6807,宮崎交通,,山ノ口原
A14,6808,宮崎交通,,猫坂
A14,6809,宮崎交通,,白砂坂
A14,6810,宮崎交通,,奈佐木
A14,6811,宮崎交通,,表
A14,6812,宮崎交通,,麓
A14,6814,宮崎交通,,坂の下
A14,6815,宮崎交通,,須木診療所前
A14,6816,宮崎交通,,総合ふるさとセンター下
A14,6817,宮崎交通,,須木庁舎前
A14,6818,宮崎交通,,下の原
A14,6819,宮崎交通,,中河間橋
A14,6820,宮崎交通,,中河間
A14,6821,宮崎交通,,冷水
A14,6822,宮崎交通,,川内
A14,6823,宮崎交通,,夏木入口
A14,6824,宮崎交通,,夏木
A14,6825,宮崎交通,,中藪
A14,6826,宮崎交通,,鳥田町
A14,6827,宮崎交通,,下九瀬
A14,6828,宮崎交通,,鳥越
A14,6829,宮崎交通,,中村
A14,6830,宮崎交通,,神上
A14,6831,宮崎交通,,山ノ口
A14,6832,宮崎交通,,上九瀬
A14,6833,宮崎交通,,向江馬場
A14,6834,宮崎交通,,石阿弥陀
A14,6835,宮崎交通,,市谷入口
A14,6836,宮崎交通,,西の村
A14,6837,宮崎交通,,永久津
A14,6838,宮崎交通,,永久津小前
A14,6839,宮崎交通,,下黒仁田
A14,6840,宮崎交通,,上黒仁田
A14,6841,宮崎交通,,中野入口
A14,6842,宮崎交通,,下岡原
A14,6843,宮崎交通,,岡原公民館前
A14,6844,宮崎交通,,岡原
A14,6845,宮崎交通,,新生町
A14,6846,宮崎交通,,南島田
A14,6847,宮崎交通,,水落し
A14,6848,宮崎交通,,新田組合前
A14,6849,宮崎交通,,細野小前
A14,6850,宮崎交通,,牧場
A14,6851,宮崎交通,,洗出し
A14,6852,宮崎交通,,中夷守
A14,6853,宮崎交通,,夷守
A14,6854,宮崎交通,,竹山入口
A14,6857,宮崎交通,,大王
A14,6858,宮崎交通,,南ヶ丘中央
A14,6859,宮崎交通,,上西町
A14,6860,宮崎交通,,南町
A14,6861,宮崎交通,,孝の子入口
A14,6862,宮崎交通,,下孝の子
A14,6863,宮崎交通,,孝の子
A14,6864,宮崎交通,,出の山入口
A14,6865,宮崎交通,,南ヶ丘入口
A14,6866,宮崎交通,,小林IC前
A14,6867,宮崎交通,,平川入口
A14,6868,宮崎交通,,南ヶ丘
A14,6869,宮崎交通,,生駒
A14,6870,宮崎交通,,生駒高原
A14,6871,宮崎交通,,環野
A14,6872,宮崎交通,,売子木
A14,6873,宮崎交通,,運動公園入口
A14,6874,宮崎交通,,市営プール前
A14,6875,宮崎交通,,市営野球場前
A14,6876,宮崎交通,,十三塚団地前
A14,6877,宮崎交通,,十三塚
A14,6878,宮崎交通,,池田病院前
A14,6879,宮崎交通,,二原入口
A14,6880,宮崎交通,,二原
A14,6881,宮崎交通,,高山公民館
A14,6882,宮崎交通,,野首
A14,6883,宮崎交通,,鸙野
A14,6884,宮崎交通,,杉薗
A14,6885,宮崎交通,,永久井野
A14,6886,宮崎交通,,下竹山
A14,6887,宮崎交通,,上竹山
A14,6888,宮崎交通,,山中
A14,6889,宮崎交通,,下山中
A14,6890,宮崎交通,,平の前
A14,6891,宮崎交通,,新田
A14,6892,宮崎交通,,加治屋
A14,6893,宮崎交通,,神の原
A14,6894,宮崎交通,,千歳
A14,6895,宮崎交通,,伊東塚前
A14,6896,宮崎交通,,堂渕入口
A14,6897,宮崎交通,,緑ヶ丘野球場
A14,6898,宮崎交通,,清涼台前
A14,6899,宮崎交通,,種子田
A14,6900,宮崎交通,,森吹
A14,6901,宮崎交通,,西永久津公民館
A14,6902,宮崎交通,,深草営農研修館
A14,6903,宮崎交通,,深草
A14,6904,宮崎交通,,望峰の里前
A14,6905,宮崎交通,,観請
A14,6906,宮崎交通,,あったか村
A14,6907,宮崎交通,,石塚
A14,6908,宮崎交通,,東石塚
A14,6909,宮崎交通,,石氷
A14,6910,宮崎交通,,板橋
A14,6911,宮崎交通,,梅の天神下
A14,6912,宮崎交通,,新屋敷
A14,6913,宮崎交通,,南西方
A14,6914,宮崎交通,,窪田
A14,6915,宮崎交通,,窪田公民館
A14,6916,宮崎交通,,巣の浦
A14,6917,宮崎交通,,芹川
A14,6918,宮崎交通,,中大出水公民館
A14,6919,宮崎交通,,大出水
A14,6920,宮崎交通,,前鬼塚
A14,6921,宮崎交通,,鬼目
A14,6922,宮崎交通,,立野
A14,6923,宮崎交通,,榧の木
A14,6924,宮崎交通,,鬼塚
A14,6925,宮崎交通,,西小林小前
A14,6926,宮崎交通,,轟木
A14,6927,宮崎交通,,元窪田
A14,6928,宮崎交通,,上町
A14,6929,宮崎交通,,市立病院前
A14,6930,宮崎交通,,岐道
A14,6931,宮崎交通,,川無入口
A14,6932,宮崎交通,,三松中学校前
A14,6933,宮崎交通,,三松北
A14,6934,宮崎交通,,園田病院前
A14,6935,宮崎交通,,水流迫
A14,6936,宮崎交通,,秀峰高校前
A14,6937,宮崎交通,,上原
A14,6938,宮崎交通,,谷の木入口
A14,6939,宮崎交通,,栗須野
A14,6940,宮崎交通,,橋野本研修館
A14,6942,宮崎交通,,東大出水
A14,6943,宮崎交通,,小林バスセンター前
A14,6944,宮崎交通,,上ノ薗
A14,6945,宮崎交通,,人参山
A14,6946,宮崎交通,,西岩瀬
A14,6947,宮崎交通,,下岩瀬
A14,6948,宮崎交通,,岩瀬公民館前
A14,6949,宮崎交通,,美人の湯
A14,6950,宮崎交通,,前内侍塚
A14,6951,宮崎交通,,松栄西町店前
A14,6952,宮崎交通,,サンキュー入口
A14,6953,宮崎交通,,真方地区体育館
A14,6954,宮崎交通,,小林原
A14,6955,宮崎交通,,愛宕東
A14,6956,宮崎交通,,下刈目
A14,6957,宮崎交通,,上園
A14,6958,宮崎交通,,南上西町
A14,6960,宮崎交通,,前原病院前
A14,6961,宮崎交通,,慈敬園前
A14,6962,宮崎交通,,文化会館前
A14,6963,宮崎交通,,文化会館西
A14,6964,宮崎交通,,小林郵便局前
A14,6965,宮崎交通,,南上西町
A14,6966,宮崎交通,,近藤内科クリニック前
A14,6967,宮崎交通,,西小林郵便局前
A14,6968,宮崎交通,,西小林駅西
A14,6969,宮崎交通,,内村病院前
A14,7000,宮崎交通,,高鍋バスセンター
A14,7001,宮崎交通,,高鍋商工会議所前
A14,7002,宮崎交通,,中央通
A14,7003,宮崎交通,,東町
A14,7004,宮崎交通,,道具小路
A14,7007,宮崎交通,,稲荷町
A14,7008,宮崎交通,,萩原(高鍋町)
A14,7009,宮崎交通,,南九州化学前
A14,7010,宮崎交通,,高鍋駅前
A14,7011,宮崎交通,,高鍋駅
A14,7012,宮崎交通,,宝酒造前
A14,7013,宮崎交通,,木城温泉館湯らら
A14,7015,宮崎交通,,堀割
A14,7016,宮崎交通,,堀の内
A14,7017,宮崎交通,,永谷
A14,7018,宮崎交通,,万福寺
A14,7019,宮崎交通,,野中
A14,7020,宮崎交通,,日置
A14,7021,宮崎交通,,岩脇
A14,7022,宮崎交通,,今別府(新富町)
A14,7023,宮崎交通,,役場前(新富町)
A14,7024,宮崎交通,,三納代
A14,7025,宮崎交通,,富田中学校前
A14,7026,宮崎交通,,富田八幡
A14,7027,宮崎交通,,南富田
A14,7028,宮崎交通,,軍瀬
A14,7029,宮崎交通,,大渕
A14,7030,宮崎交通,,徳ヶ渕
A14,7031,宮崎交通,,宮本
A14,7032,宮崎交通,,札の辻
A14,7033,宮崎交通,,佐土原総合支所前
A14,7034,宮崎交通,,佐土原駅前
A14,7036,宮崎交通,,広瀬台
A14,7037,宮崎交通,,旭町(佐土原町)
A14,7038,宮崎交通,,小牧台
A14,7039,宮崎交通,,光陽台入口
A14,7040,宮崎交通,,南光陽台
A14,7041,宮崎交通,,光陽台
A14,7042,宮崎交通,,東宮越
A14,7043,宮崎交通,,高鍋高校前
A14,7044,宮崎交通,,宮越
A14,7045,宮崎交通,,しんきん通り
A14,7046,宮崎交通,,旭通り(高鍋町)
A14,7047,宮崎交通,,黒谷
A14,7048,宮崎交通,,舞鶴公園前
A14,7049,宮崎交通,,蓑崎
A14,7050,宮崎交通,,舞鶴団地前
A14,7051,宮崎交通,,下大平寺
A14,7052,宮崎交通,,大平寺
A14,7053,宮崎交通,,大久保
A14,7054,宮崎交通,,新山入口
A14,7055,宮崎交通,,新山
A14,7056,宮崎交通,,畦原入口
A14,7057,宮崎交通,,東畦原
A14,7058,宮崎交通,,西畦原
A14,7059,宮崎交通,,上新田中学校前
A14,7060,宮崎交通,,農協前(高鍋町)
A14,7061,宮崎交通,,西小前
A14,7062,宮崎交通,,川田
A14,7063,宮崎交通,,青木
A14,7064,宮崎交通,,木の瀬
A14,7065,宮崎交通,,田畑
A14,7066,宮崎交通,,出店
A14,7067,宮崎交通,,木城学校前
A14,7068,宮崎交通,,中川原
A14,7069,宮崎交通,,木城
A14,7070,宮崎交通,,高鍋町中川原
A14,7071,宮崎交通,,海老原総合病院
A14,7072,宮崎交通,,小丸上
A14,7073,宮崎交通,,立花神社前
A14,7074,宮崎交通,,坂本東
A14,7075,宮崎交通,,持田団地前
A14,7076,宮崎交通,,家床
A14,7077,宮崎交通,,新鬼ヶ久保
A14,7083,宮崎交通,,高鍋自動車学校前
A14,7084,宮崎交通,,坂本
A14,7085,宮崎交通,,鬼ヶ久保
A14,7086,宮崎交通,,俵橋
A14,7087,宮崎交通,,農業大学校前
A14,7088,宮崎交通,,上番野地
A14,7089,宮崎交通,,垂門
A14,7090,宮崎交通,,川南役場前
A14,7091,宮崎交通,,川南
A14,7092,宮崎交通,,トロントロン
A14,7093,宮崎交通,,宮崎病院前
A14,7094,宮崎交通,,下新茶屋
A14,7095,宮崎交通,,新茶屋
A14,7096,宮崎交通,,塩付
A14,7097,宮崎交通,,川南種畜場前
A14,7098,宮崎交通,,黒坂
A14,7099,宮崎交通,,名貫
A14,7100,宮崎交通,,名貫橋
A14,7101,宮崎交通,,南小学校前
A14,7102,宮崎交通,,南新町
A14,7103,宮崎交通,,都農駅通
A14,7105,宮崎交通,,一の宮神社
A14,7106,宮崎交通,,都農小前
A14,7107,宮崎交通,,岩山
A14,7108,宮崎交通,,久次牟田
A14,7109,宮崎交通,,丸溝
A14,7110,宮崎交通,,心見
A14,7111,宮崎交通,,東都農
A14,7112,宮崎交通,,寺迫
A14,7113,宮崎交通,,道の駅つの
A14,7167,宮崎交通,,佐土原旭町
A14,7169,宮崎交通,,中尾(高鍋町)
A14,7170,宮崎交通,,南牛牧
A14,7171,宮崎交通,,牛牧
A14,7172,宮崎交通,,高鍋農校前
A14,7173,宮崎交通,,役場前(高鍋町)
A14,7174,宮崎交通,,高鍋温泉めいりんの湯
A14,7175,宮崎交通,,西小入口
A14,7500,宮崎交通,,小林バスセンター
A14,7501,宮崎交通,,上町
A14,7502,宮崎交通,,市立病院前
A14,7503,宮崎交通,,岐道
A14,7504,宮崎交通,,川無入口
A14,7505,宮崎交通,,三松中学校前
A14,7506,宮崎交通,,三松支所前
A14,7507,宮崎交通,,三松小前
A14,7508,宮崎交通,,野菊の里入口
A14,7509,宮崎交通,,木場
A14,7510,宮崎交通,,阿母ヶ平温泉入口
A14,7511,宮崎交通,,下堤
A14,7512,宮崎交通,,後谷
A14,7513,宮崎交通,,高原
A14,7514,宮崎交通,,馬登
A14,7515,宮崎交通,,小林駅
A14,7516,宮崎交通,,永田町
A14,7517,宮崎交通,,5丁目
A14,7518,宮崎交通,,城山団地前
A14,7519,宮崎交通,,湾津
A14,7520,宮崎交通,,千谷公園入口
A14,7521,宮崎交通,,福原
A14,7522,宮崎交通,,入佐
A14,7523,宮崎交通,,広原(高原町)
A14,7524,宮崎交通,,三福神
A14,7525,宮崎交通,,前の原
A14,7526,宮崎交通,,温谷
A14,7527,宮崎交通,,霧島団地前
A14,7528,宮崎交通,,忠霊塔
A14,7529,宮崎交通,,高原上町
A14,7530,宮崎交通,,学校前
A14,7531,宮崎交通,,郵便局前(高原町)
A14,7547,宮崎交通,,小林バスセンター前
A14,7551,宮崎交通,,野尻
A14,7553,宮崎交通,,萩の茶屋
A14,7554,宮崎交通,,紙屋
A14,7558,宮崎交通,,高原駅
A14,7559,宮崎交通,,農協前(高原町)
A14,7560,宮崎交通,,公民館前
A14,7561,宮崎交通,,並木
A14,7562,宮崎交通,,花堂
A14,7563,宮崎交通,,北狭野
A14,7564,宮崎交通,,狭野
A14,7570,宮崎交通,,祓川
A14,7622,宮崎交通,,本町(小林市)
A14,7623,宮崎交通,,中央商店街(小林市)
A14,7624,宮崎交通,,市役所下
A14,7625,宮崎交通,,上西町
A14,7626,宮崎交通,,売子木
A14,7627,宮崎交通,,清涼台前
A14,7628,宮崎交通,,種子田
A14,7629,宮崎交通,,石氷
A14,7630,宮崎交通,,東石塚
A14,7631,宮崎交通,,石塚
A14,7632,宮崎交通,,西の原(小林市)
A14,7633,宮崎交通,,上西の原
A14,7634,宮崎交通,,三本松
A14,7635,宮崎交通,,橋谷
A14,7636,宮崎交通,,茶屋平
A14,7639,宮崎交通,,有島
A14,7640,宮崎交通,,五日市
A14,7641,宮崎交通,,下五日市
A14,7642,宮崎交通,,大平
A14,7643,宮崎交通,,飯野
A14,7644,宮崎交通,,下坂元
A14,7645,宮崎交通,,坂元
A14,7646,宮崎交通,,二八の下
A14,7647,宮崎交通,,大明司
A14,7648,宮崎交通,,脇村
A14,7649,宮崎交通,,二十里橋
A14,7650,宮崎交通,,松原
A14,7651,宮崎交通,,加久藤
A14,7652,宮崎交通,,徳応寺前
A14,7653,宮崎交通,,湯田橋
A14,7654,宮崎交通,,湯田
A14,7655,宮崎交通,,西郷
A14,7656,宮崎交通,,島内
A14,7657,宮崎交通,,上真幸橋
A14,7658,宮崎交通,,下島内
A14,7659,宮崎交通,,共立病院
A14,7660,宮崎交通,,京町待合所
A14,7661,宮崎交通,,西京町
A14,7662,宮崎交通,,柳水流
A14,7663,宮崎交通,,亀沢
A14,7664,宮崎交通,,県界
A14,7665,宮崎交通,,原口温泉
A14,7666,宮崎交通,,麓(鹿児島県)
A14,7667,宮崎交通,,吉松役場前
A14,7668,宮崎交通,,吉松小学校前
A14,7669,宮崎交通,,吉松
A14,7692,宮崎交通,,南町(小林市)
A14,7693,宮崎交通,,孝の子入口
A14,7694,宮崎交通,,板橋
A14,7695,宮崎交通,,梅の天神下
A14,7696,宮崎交通,,新屋敷
A14,7697,宮崎交通,,南西方
A14,7698,宮崎交通,,窪田
A14,7699,宮崎交通,,元窪田
A14,7700,宮崎交通,,轟木
A14,7701,宮崎交通,,西小林小前
A14,7702,宮崎交通,,鬼塚
A14,7703,宮崎交通,,榧木
A14,7704,宮崎交通,,立野
A14,7705,宮崎交通,,平木場
A14,7706,宮崎交通,,飯野駅
A14,7729,宮崎交通,,小林IC前
A14,7733,宮崎交通,,生駒高原
A14,7739,宮崎交通,,不動池
A14,7740,宮崎交通,,韓国登山口
A14,7741,宮崎交通,,えびの高原
A14,7764,宮崎交通,,前野
A14,7765,宮崎交通,,後原
A14,7766,宮崎交通,,文化センター前
A14,7767,宮崎交通,,えびのインター前
A14,7768,宮崎交通,,市役所前
A14,7769,宮崎交通,,小林高校前
A14,7770,宮崎交通,,東京町
A14,7771,宮崎交通,,郵便局前(小林市)
A14,7772,宮崎交通,,駅前通り
A14,7773,宮崎交通,,下広原
A14,7774,宮崎交通,,高塚
A14,7775,宮崎交通,,役場前
A14,7776,宮崎交通,,花堂橋
A14,7777,宮崎交通,,文化センター・図書館
A14,7778,宮崎交通,,えびの市立病院前
A14,7783,宮崎交通,,道の駅えびの
A14,7786,宮崎交通,,小林商業高校前
A14,7787,宮崎交通,,ゆーぱるのじり前
A14,7788,宮崎交通,,小林市営球場前
A14,7789,宮崎交通,,三松北
A14,7790,宮崎交通,,加久藤小学校
A14,7791,宮崎交通,,えびの市役所前
A14,7792,宮崎交通,,加久藤団地前
A14,7793,宮崎交通,,秀峰高校前
A14,7794,宮崎交通,,水流迫
A14,7795,宮崎交通,,園田病院前(堤)
A14,7796,宮崎交通,,西岩瀬口
A14,7797,宮崎交通,,中岩瀬口
A14,7798,宮崎交通,,東岩瀬口
A14,7799,宮崎交通,,瀬戸之口
A14,7800,宮崎交通,,川路
A14,7801,宮崎交通,,野之崎(野尻町)
A14,7802,宮崎交通,,猿瀬口
A14,7803,宮崎交通,,栗須
A14,7804,宮崎交通,,東栗須
A14,7805,宮崎交通,,大脇(野尻町)
A14,7806,宮崎交通,,小坂
A14,7807,宮崎交通,,町グランド前
A14,7808,宮崎交通,,野尻追分
A14,7809,宮崎交通,,小丸
A14,7810,宮崎交通,,野尻中央病院前
A14,7811,宮崎交通,,光運寺前
A14,7812,宮崎交通,,野尻校前
A14,7813,宮崎交通,,松山口
A14,7814,宮崎交通,,のじりこぴあ
A14,7815,宮崎交通,,天ヶ谷
A14,7816,宮崎交通,,石瀬戸
A14,7817,宮崎交通,,今別府(野尻町)
A14,7818,宮崎交通,,黒谷口
A14,7819,宮崎交通,,紙屋西町
A14,7820,宮崎交通,,紙屋大橋
A14,7821,宮崎交通,,西新村
A14,7822,宮崎交通,,漆野原
A14,7823,宮崎交通,,久木野口
A14,7824,宮崎交通,,上田ノ平
A14,7825,宮崎交通,,下田ノ平
A14,7826,宮崎交通,,古宮田
A14,7827,宮崎交通,,深水
A14,7828,宮崎交通,,法ヶ代
A14,7829,宮崎交通,,梁瀬口
A14,7830,宮崎交通,,新赤谷
A14,7831,宮崎交通,,一里山
A14,7832,宮崎交通,,新木場
A14,7833,宮崎交通,,久木野
A14,7834,宮崎交通,,公民館前
A14,7835,宮崎交通,,楠森
A14,7836,宮崎交通,,上楠森
A14,7837,宮崎交通,,横内
A14,7838,宮崎交通,,下瀬越
A14,7839,宮崎交通,,上瀬越
A14,7840,宮崎交通,,瀬越
A14,8500,宮崎交通,,清武
A14,8501,宮崎交通,,田野東
A14,8502,宮崎交通,,高城
A14,8535,宮崎交通,,鹿児島中央駅前
A14,8581,宮崎交通,,人吉IC
A14,8600,宮崎交通,,北川町
A14,8612,宮崎交通,,パークプレイス大分
A14,8630,宮崎交通,,延岡IC
A14,8634,宮崎交通,,大分新川
A14,8635,宮崎交通,,高崎山
A14,8636,宮崎交通,,別府北浜
A14,9001,宮崎交通,,ボンベルタ橘前
A14,9002,宮崎交通,,宮交橘通支店前
A14,9003,宮崎交通,,野村證券前
A14,9004,宮崎交通,,カリーノ宮崎前
A14,9005,宮崎交通,,山形屋前(宮崎市)
A15,0,九州産交バス,,共通
A15,2,九州産交バス,,会富
A15,E,九州産交バス,,赤崎(池の浦)
A15,F,九州産交バス,,赤崎(小天)
A15,13,九州産交バス,,赤瀬(三角)
A15,14,九州産交バス,,赤田公園前
A15,17,九州産交バス,,油新地
A15,19,九州産交バス,,赤松
A15,1A,九州産交バス,,赤松トンネル前
A15,1B,九州産交バス,特急やまびこ号,赤水駅前
A15,1C,九州産交バス,,秋田
A15,1D,九州産交バス,,飽田西小学校
A15,1E,九州産交バス,,JA飽田支所前
A15,1F,九州産交バス,,秋津新町
A15,20,九州産交バス,,秋津薬局前
A15,24,九州産交バス,,秋鯰
A15,25,九州産交バス,,曙橋
A15,26,九州産交バス,,曙町
A15,27,九州産交バス,,浅川
A15,28,九州産交バス,,旭中央
A15,29,九州産交バス,,旭中央第二
A15,2A,九州産交バス,,旭町商店街
A15,2E,九州産交バス,,芦北町役場前
A15,2F,九州産交バス,,汗原
A15,30,九州産交バス,,阿蘇駅前
A15,32,九州産交バス,,内牧温泉入口
A15,34,九州産交バス,,阿蘇中央高校 阿蘇校舎前
A15,35,九州産交バス,,阿蘇下町
A15,37,九州産交バス,,阿蘇新町
A15,38,九州産交バス,,阿蘇自動車学校前
A15,3A,九州産交バス,,阿蘇土地改良区前
A15,3C,九州産交バス,,清峰校舎グラウンド前
A15,3D,九州産交バス,,阿蘇病院前
A15,41,九州産交バス,,阿蘇ホテル前
A15,42,九州産交バス,,阿蘇本村
A15,43,九州産交バス,,あそ☆ビバ前
A15,45,九州産交バス,,松ヶ鼻
A15,4C,九州産交バス,,海士江
A15,4D,九州産交バス,,海士江沖
A15,4F,九州産交バス,,天草工業高校前
A15,51,九州産交バス,,大矢崎
A15,56,九州産交バス,,天草病院入口(鬼池)
A15,58,九州産交バス,,網津
A15,59,九州産交バス,,東阿村
A15,5B,九州産交バス,,雨宮
A15,5C,九州産交バス,川8,綾織
A15,5D,九州産交バス,,鮎帰り(天草)
A15,5F,九州産交バス,,洗出し
A15,60,九州産交バス,,荒尾駅前
A15,61,九州産交バス,,荒尾郵便局前
A15,62,九州産交バス,,朝日区
A15,63,九州産交バス,,荒尾市役所前
A15,100,九州産交バス,,荒尾四ツ山
A15,103,九州産交バス,,荒木
A15,104,九州産交バス,,荒倉
A15,105,九州産交バス,,荒川
A15,108,九州産交バス,,荒田
A15,10D,九州産交バス,,有佐駅前
A15,10F,九州産交バス,,大津町子育て・健診センター前
A15,112,九州産交バス,,あんこう
A15,116,九州産交バス,,阿蘇市商工会前
A15,11C,九州産交バス,,赤水
A15,11D,九州産交バス,,荒尾町入口
A15,123,九州産交バス,,赤坂(人吉)
A15,12C,九州産交バス,,曙団地入口
A15,12D,九州産交バス,,阿蘇山西駅
A15,131,九州産交バス,,阿蘇ユースホステル前
A15,133,九州産交バス,特急やまびこ号,朝地駅前
A15,135,九州産交バス,,阿蘇地域振興局前
A15,139,九州産交バス,,芦北
A15,150,九州産交バス,,芦北西
A15,151,九州産交バス,,赤崎団地入口
A15,153,九州産交バス,,秋津入口
A15,158,九州産交バス,,青井神社裏(新)
A15,15C,九州産交バス,,荒尾市民病院前
A15,15E,九州産交バス,,あすばたけ
A15,15F,九州産交バス,,天草病院前
A15,160,九州産交バス,,天草病院入口(通詞)
A15,161,九州産交バス,,アクアドーム
A15,203,九州産交バス,,相谷
A15,204,九州産交バス,,赤星
A15,205,九州産交バス,,あらおシティモール
A15,206,九州産交バス,,荒尾産交前
A15,209,九州産交バス,,有明高校前
A15,20A,九州産交バス,,沖治朗田
A15,20B,九州産交バス,,荒木浜中間
A15,20C,九州産交バス,,荒木浜西
A15,211,九州産交バス,,阿蘇ファームランド
A15,212,九州産交バス,,あそ望の郷
A15,214,九州産交バス,,荒尾産交入口
A15,216,九州産交バス,,荒毛
A15,21D,九州産交バス,特急やまびこ号,アーデンホテル阿蘇
A15,21E,九州産交バス,特急やまびこ号,アーデンホテル阿蘇(特急バス)
A15,263,九州産交バス,,イオン八代ショッピングセンター
A15,301,九州産交バス,,井揚
A15,304,九州産交バス,,軍ヶ浦
A15,306,九州産交バス,,生見
A15,307,九州産交バス,,伊倉新町
A15,308,九州産交バス,,伊倉宮の前
A15,30A,九州産交バス,,池亀
A15,30B,九州産交バス,,五木村林業センター前
A15,30C,九州産交バス,,池田一丁目
A15,30D,九州産交バス,,池の上
A15,30E,九州産交バス,,池の上小学校前
A15,30F,九州産交バス,,池の浦
A15,310,九州産交バス,,池の迫
A15,312,九州産交バス,,池の鶴
A15,314,九州産交バス,,石井
A15,317,九州産交バス,,石木田
A15,31B,九州産交バス,,石貫
A15,31D,九州産交バス,,一勝地駅
A15,31E,九州産交バス,,石原
A15,31F,九州産交バス,,八代市鏡支所前
A15,320,九州産交バス,,石原(バイパス)
A15,321,九州産交バス,,石場
A15,322,九州産交バス,,石橋(菱形)
A15,323,九州産交バス,,石村
A15,324,九州産交バス,,臼塚
A15,325,九州産交バス,,石村老人ホーム前
A15,326,九州産交バス,,石山
A15,327,九州産交バス,,振興センター前
A15,32C,九州産交バス,,貝塚
A15,32E,九州産交バス,,三加和総合支所
A15,333,九州産交バス,,市の尾
A15,334,九州産交バス,,球磨村総合運動公園前
A15,336,九州産交バス,,一関
A15,338,九州産交バス,,一の瀬(栖本)
A15,33A,九州産交バス,,一の瀬(新合)
A15,33C,九州産交バス,,市原
A15,33D,九州産交バス,,市原上町
A15,33E,九州産交バス,,市原本町
A15,345,九州産交バス,,市房ダム前
A15,346,九州産交バス,,市房登山口
A15,347,九州産交バス,,一武小学校前
A15,348,九州産交バス,,一武診療所前
A15,349,九州産交バス,,一武原
A15,34A,九州産交バス,,伊知坊
A15,34C,九州産交バス,,市屋
A15,34D,九州産交バス,,一里木
A15,350,九州産交バス,,五日町
A15,356,九州産交バス,,一軒屋(玉名)
A15,357,九州産交バス,,中園
A15,358,九州産交バス,,一勝地駅前
A15,35B,九州産交バス,,一寸榎
A15,35C,九州産交バス,,一町田中央
A15,35D,九州産交バス,,一町田橋
A15,35E,九州産交バス,,一本木
A15,35F,九州産交バス,,一本松
A15,360,九州産交バス,,旧五和中学校前
A15,361,九州産交バス,,五和小中学校前
A15,362,九州産交バス,,五和支所前
A15,363,九州産交バス,,井手口
A15,400,九州産交バス,,井手の上
A15,401,九州産交バス,,井手の口
A15,402,九州産交バス,,糸石
A15,403,九州産交バス,,稲佐
A15,404,九州産交バス,,犬飼
A15,409,九州産交バス,,今泉
A15,40B,九州産交バス,,今釜
A15,40C,九州産交バス,,今新開
A15,40D,九州産交バス,,今田
A15,410,九州産交バス,,今町
A15,413,九州産交バス,,今村入口
A15,415,九州産交バス,,入地町
A15,416,九州産交バス,,井立橋
A15,417,九州産交バス,,祝口
A15,41B,九州産交バス,,岩崎橋
A15,41D,九州産交バス,,岩清水
A15,41E,九州産交バス,,岩尻
A15,41F,九州産交バス,,岩立小路
A15,420,九州産交バス,,岩戸
A15,421,九州産交バス,,岩戸観音入口
A15,422,九州産交バス,,岩野(古屋敷)
A15,423,九州産交バス,,岩原
A15,424,九州産交バス,,岩原川
A15,425,九州産交バス,,岩谷入口
A15,428,九州産交バス,,インターチェンジ前
A15,42A,九州産交バス,,一里木(金山)
A15,42F,九州産交バス,,石橋(小宮地)
A15,432,九州産交バス,,稲荷入口
A15,437,九州産交バス,,和泉
A15,43A,九州産交バス,,一丁目
A15,443,九州産交バス,,童子院入口
A15,445,九州産交バス,,岩城
A15,45C,九州産交バス,,一軒屋
A15,45E,九州産交バス,,一の瀬(手野線)
A15,45F,九州産交バス,,石坂
A15,460,九州産交バス,,石橋(小天)
A15,462,九州産交バス,,一夜塘
A15,463,九州産交バス,,池尻
A15,500,九州産交バス,,稲佐ニュータウン前
A15,502,九州産交バス,,岩戸の里入口
A15,505,九州産交バス,,今藤
A15,506,九州産交バス,,意水寺
A15,507,九州産交バス,,立野(東西線)
A15,50B,九州産交バス,,五木役場前
A15,50C,九州産交バス,,猪子田漁港入口
A15,50E,九州産交バス,,五木診療所前
A15,50F,九州産交バス,,岩野
A15,510,九州産交バス,,今寺
A15,514,九州産交バス,,石渕
A15,515,九州産交バス,,伊坂
A15,516,九州産交バス,,今村前
A15,517,九州産交バス,,井川口
A15,518,九州産交バス,,一小下
A15,519,九州産交バス,,今寺公民館前
A15,51A,九州産交バス,,海陽中前
A15,51F,九州産交バス,,出仲間(旧浜線)
A15,520,九州産交バス,,いずみ美容室横
A15,601,九州産交バス,,高浜上河内
A15,602,九州産交バス,,植木
A15,603,九州産交バス,,植木(湯の前)
A15,604,九州産交バス,,平田機工
A15,605,九州産交バス,,植木インターチェンジ
A15,607,九州産交バス,,植木温泉
A15,608,九州産交バス,,植木温泉入口
A15,609,九州産交バス,,植木五丁目
A15,60A,九州産交バス,,植木五両
A15,60B,九州産交バス,,植木宮の前
A15,60D,九州産交バス,,牛津
A15,60E,九州産交バス,,上の原
A15,615,九州産交バス,,ウインズ八代
A15,616,九州産交バス,,牛深高校前
A15,617,九州産交バス,,牛深中学校前
A15,61A,九州産交バス,,後竹
A15,61B,九州産交バス,,後山
A15,61C,九州産交バス,,海路口
A15,61E,九州産交バス,,薄場町
A15,61F,九州産交バス,,内門
A15,620,九州産交バス,,牛水中
A15,621,九州産交バス,,内谷
A15,623,九州産交バス,,内田(川口)
A15,624,九州産交バス,,打田(栖本)
A15,625,九州産交バス,,打越
A15,626,九州産交バス,,内田橋
A15,627,九州産交バス,,内田宮の前
A15,628,九州産交バス,,内野
A15,62A,九州産交バス,,内の浦
A15,62B,九州産交バス,,内野河内
A15,62C,九州産交バス,,内の原
A15,62D,九州産交バス,,内牧
A15,62F,九州産交バス,,内牧駅前
A15,630,九州産交バス,,内牧(大津)
A15,631,九州産交バス,,内牟田
A15,632,九州産交バス,,内村
A15,633,九州産交バス,,内村正院入口
A15,634,九州産交バス,,内山
A15,637,九州産交バス,,宇土
A15,638,九州産交バス,川8,宇土入口
A15,639,九州産交バス,,宇土駅前
A15,63B,九州産交バス,,宇土市役所前
A15,63C,九州産交バス,,宇土本町二丁目
A15,63D,九州産交バス,,宇土三丁目
A15,63E,九州産交バス,,宇土本町五丁目
A15,642,九州産交バス,,馬の水
A15,643,九州産交バス,,海の浦
A15,644,九州産交バス,,梅迫
A15,645,九州産交バス,,梅木谷
A15,647,九州産交バス,,梅田
A15,64B,九州産交バス,,梅洞
A15,650,九州産交バス,,鵜森
A15,651,九州産交バス,,植柳上町
A15,652,九州産交バス,,浦
A15,653,九州産交バス,,浦川橋
A15,654,九州産交バス,,浦河内
A15,655,九州産交バス,,浦越
A15,656,九州産交バス,,浦越団地前
A15,65B,九州産交バス,,運動公園入口
A15,65C,九州産交バス,,宇土本町六丁目
A15,65D,九州産交バス,,宇土本町一丁目・宇土高校入口
A15,65E,九州産交バス,,牛深産交
A15,65F,九州産交バス,,牛深港
A15,660,九州産交バス,,植竹
A15,661,九州産交バス,,内田(南関)
A15,662,九州産交バス,,内野(八代)
A15,706,九州産交バス,,寺尾病院前
A15,707,九州産交バス,,植木宮の前(七本)
A15,717,九州産交バス,川8/快速あまくさ号,宇土駅東口
A15,719,九州産交バス,,蔚山町
A15,71A,九州産交バス,,植木三丁目
A15,71C,九州産交バス,,運動公園前(天草・松島)
A15,71D,九州産交バス,,浦田新田
A15,71E,九州産交バス,,上外園
A15,720,九州産交バス,,北区役所前
A15,721,九州産交バス,,植木駐車場
A15,722,九州産交バス,,うから館前
A15,724,九州産交バス,,牛深市民病院
A15,725,九州産交バス,,内牧東
A15,72D,九州産交バス,,瓜生野
A15,730,九州産交バス,,運動公園前(荒尾)
A15,737,九州産交バス,,上十文字
A15,738,九州産交バス,,上原交差点
A15,739,九州産交バス,,上原町内会館前
A15,73A,九州産交バス,,牛塚公民館前
A15,73B,九州産交バス,,瓜生田
A15,801,九州産交バス,,永安寺
A15,802,九州産交バス,,永尾
A15,804,九州産交バス,,下津原西口
A15,806,九州産交バス,,江光寺
A15,807,九州産交バス,,江後(大矢野)
A15,809,九州産交バス,,江代橋
A15,80A,九州産交バス,,江田
A15,80E,九州産交バス,,榎原
A15,80F,九州産交バス,,海老宇土
A15,811,九州産交バス,,恵比曽
A15,812,九州産交バス,,江樋戸
A15,814,九州産交バス,,円性寺下
A15,815,九州産交バス,,円寿
A15,818,九州産交バス,,ルネサス入口
A15,81E,九州産交バス,,画図町
A15,81F,九州産交バス,,江津一丁目
A15,821,九州産交バス,,駅前団地
A15,825,九州産交バス,,エコパーク道の駅みなまた
A15,827,九州産交バス,,東江樋戸
A15,832,九州産交バス,,江越橋
A15,902,九州産交バス,,小天小学校前
A15,903,九州産交バス,,小天宮の前
A15,904,九州産交バス,,天水支所
A15,905,九州産交バス,,小池
A15,909,九州産交バス,,追分(八代)
A15,90A,九州産交バス,,追分(芳野)
A15,90C,九州産交バス,,大浦
A15,90D,九州産交バス,,大浦入口
A15,90F,九州産交バス,,大江
A15,910,九州産交バス,,大江川鶴
A15,911,九州産交バス,,大江渡鹿
A15,913,九州産交バス,,大河内
A15,917,九州産交バス,,大潟
A15,919,九州産交バス,,扇崎
A15,91A,九州産交バス,,おおきばる
A15,91B,九州産交バス,,大串橋
A15,91C,九州産交バス,,大口
A15,91D,九州産交バス,,大窪
A15,91F,九州産交バス,,大久保(東郷)
A15,921,九州産交バス,,大倉団地入口
A15,923,九州産交バス,,松本
A15,926,九州産交バス,,大迫
A15,927,九州産交バス,,大島(天草)
A15,928,九州産交バス,,大角田
A15,929,九州産交バス,,大瀬
A15,92A,九州産交バス,,大沢水
A15,92C,九州産交バス,,太田郷小学校前
A15,92E,九州産交バス,,大谷
A15,930,九州産交バス,,王田
A15,932,九州産交バス,,大多尾
A15,933,九州産交バス,,網田中学校下
A15,936,九州産交バス,,大津駅前
A15,938,九州産交バス,,大津高校前
A15,93E,九州産交バス,,大津中央
A15,940,九州産交バス,,大津中町
A15,941,九州産交バス,,大津東小学校前
A15,943,九州産交バス,,大手町一丁目
A15,944,九州産交バス,,大手町二丁目
A15,946,九州産交バス,,大道東
A15,947,九州産交バス,,大鳥
A15,948,九州産交バス,,大西
A15,94B,九州産交バス,,大の浦
A15,94C,九州産交バス,,岱明支所
A15,94D,九州産交バス,,大野下駅入口
A15,951,九州産交バス,,大野橋
A15,953,九州産交バス,,大橋
A15,954,九州産交バス,,大橋下
A15,959,九州産交バス,,大林
A15,95A,九州産交バス,,大林(大津)
A15,95C,九州産交バス,,大平(教良木)
A15,95E,九州産交バス,,大平(八代)
A15,963,九州産交バス,,大丸
A15,A03,九州産交バス,,大宮地
A15,A04,九州産交バス,,大宮田
A15,A06,九州産交バス,,大村
A15,A07,九州産交バス,,大村橋
A15,A09,九州産交バス,,大門
A15,A0B,九州産交バス,,大矢橋
A15,A0C,九州産交バス,,天草四郎公園前
A15,A0D,九州産交バス,,上天草高校前
A15,A10,九州産交バス,,大山
A15,A11,九州産交バス,,大利
A15,A12,九州産交バス,,岡
A15,A14,九州産交バス,,岡小路
A15,A15,九州産交バス,,岡谷川
A15,A19,九州産交バス,,岡町(旧道)
A15,A1E,九州産交バス,,小川工業高校前
A15,A21,九州産交バス,,小河内
A15,A24,九州産交バス,,小川橋
A15,A25,九州産交バス,,宇城市小川支所前
A15,A26,九州産交バス,,小川四ツ角
A15,A27,九州産交バス,,鹿校通二丁目
A15,A28,九州産交バス,,沖新
A15,A29,九州産交バス,,沖新三番
A15,A2B,九州産交バス,,沖町
A15,A2C,九州産交バス,,荻迫
A15,A2D,九州産交バス,,奥古閑(海路口)
A15,A2E,九州産交バス,,奥古閑(川口線)
A15,A2F,九州産交バス,,奥永
A15,A30,九州産交バス,,奥野入口
A15,A32,九州産交バス,,小倉
A15,A33,九州産交バス,,御倉床
A15,A35,九州産交バス,,尾串
A15,A36,九州産交バス,,小国大橋口
A15,A38,九州産交バス,,小国産交前
A15,A39,九州産交バス,,小国町役場前
A15,A3B,九州産交バス,,尾越の崎
A15,A3C,九州産交バス,,御輿来
A15,A3F,九州産交バス,,尾崎(池の上)
A15,A41,九州産交バス,,大鞘
A15,A43,九州産交バス,,小島上町
A15,A44,九州産交バス,,小島産交
A15,A45,九州産交バス,,御郡
A15,A46,九州産交バス,,小島下町
A15,A47,九州産交バス,,尾崎(人吉)
A15,A48,九州産交バス,,小島町営住宅前
A15,A49,九州産交バス,,尾曲
A15,A4A,九州産交バス,,小磧橋
A15,A4B,九州産交バス,,小園
A15,A4C,九州産交バス,,小田小屋
A15,A4D,九州産交バス,,小田農協前
A15,A4E,九州産交バス,,小田良
A15,A50,九州産交バス,,御手洗
A15,A51,九州産交バス,,乙畠口
A15,A55,九州産交バス,,女淵
A15,A56,九州産交バス,,鬼池港
A15,A57,九州産交バス,,鬼王
A15,A58,九州産交バス,,魚貫
A15,A59,九州産交バス,,魚貫団地前
A15,A5A,九州産交バス,,魚貫トンネル
A15,A5B,九州産交バス,,鬼塚
A15,A5D,九州産交バス,,尾の上(戸井の口)
A15,A5E,九州産交バス,,小野田
A15,A60,九州産交バス,,小畑
A15,A61,九州産交バス,,小原(山鹿)
A15,A62,九州産交バス,,帯取
A15,A63,九州産交バス,,帯山中学前(バイパス)
A15,B00,九州産交バス,,石野公園前
A15,B02,九州産交バス,,小峯
A15,B03,九州産交バス,,小群入口
A15,B04,九州産交バス,,小山
A15,B05,九州産交バス,,小山田
A15,B06,九州産交バス,,折地
A15,B08,九州産交バス,,折山
A15,B09,九州産交バス,,於呂口
A15,B0B,九州産交バス,,河内温泉センター
A15,B0C,九州産交バス,,温泉中間
A15,B0D,九州産交バス,,阿蘇温泉病院前
A15,B11,九州産交バス,,大津町営住宅前
A15,B12,九州産交バス,,大津産交入口
A15,B13,九州産交バス,,大津産交
A15,B14,九州産交バス,,温石病院入口
A15,B15,九州産交バス,,小国中央
A15,B18,九州産交バス,,大橋通り
A15,B1B,九州産交バス,,岡中
A15,B1C,九州産交バス,,大見
A15,B1D,九州産交バス,,大窪(砥用)
A15,B1E,九州産交バス,,大野(上河内)
A15,B24,九州産交バス,,小山田(人吉)
A15,B25,九州産交バス,,大浜
A15,B26,九州産交バス,,落合(岩奥)
A15,B28,九州産交バス,,大迫(浦)
A15,B2A,九州産交バス,,大屋(山鹿)
A15,B2B,九州産交バス,,御倉(文政)
A15,B2E,九州産交バス,,岡(玉名)
A15,B31,九州産交バス,,大久保公園前
A15,B32,九州産交バス,,大津警察署前
A15,B33,九州産交バス,,小国高校前
A15,B37,九州産交バス,特急やまびこ号,大分県庁正門前
A15,B3A,九州産交バス,,大江二丁目
A15,B3C,九州産交バス,,大口崎
A15,B42,九州産交バス,,小谷
A15,B43,九州産交バス,九州横断バス/特急やまびこ号,乙姫ペンション村入口
A15,B4C,九州産交バス,,由布院駅前バスセンター
A15,C01,九州産交バス,,岡東(牛深)
A15,C05,九州産交バス,,大坪町
A15,C08,九州産交バス,,沖新入口
A15,C09,九州産交バス,,沖新甲北
A15,C0A,九州産交バス,,沖新甲南
A15,C0B,九州産交バス,,往生院前
A15,C0D,九州産交バス,,山鹿温泉(八千代座入口)
A15,C11,九州産交バス,,温泉館きよら前
A15,C12,九州産交バス,,青海苑入口
A15,C15,九州産交バス,,小浜(人吉)
A15,C17,九州産交バス,,鬼塚
A15,C1A,九州産交バス,,大津温泉岩戸の里
A15,C1B,九州産交バス,,奥古閑郵便局前
A15,C1D,九州産交バス,,男島団地入口
A15,C1E,九州産交バス,,小野
A15,C1F,九州産交バス,,大河内下
A15,C20,九州産交バス,,大河内上
A15,C21,九州産交バス,,保田窪三丁目
A15,C22,九州産交バス,,帯山四丁目
A15,C23,九州産交バス,,帯山五丁目
A15,C24,九州産交バス,,帯山六丁目
A15,C28,九州産交バス,,小野入口
A15,C29,九州産交バス,,小野泉水公園
A15,C2A,九州産交バス,,大江郵便局前
A15,C2B,九州産交バス,,大平(国道五木)
A15,C2C,九州産交バス,,大神橋
A15,C2D,九州産交バス,,大池田
A15,C2F,九州産交バス,,大津町運動公園入口
A15,C32,九州産交バス,,温泉センター前(五木)
A15,C34,九州産交バス,,鬼木町
A15,C35,九州産交バス,鹿4,小山団地
A15,C3D,九州産交バス,,小田の池
A15,C3E,九州産交バス,,大津駅(南口)
A15,C47,九州産交バス,,大道港入口
A15,D05,九州産交バス,,大原郵便局前
A15,D28,九州産交バス,,新道大道
A15,D40,九州産交バス,,大田黒
A15,D44,九州産交バス,,温泉センター前(三加和)
A15,D45,九州産交バス,,大津室町
A15,D46,九州産交バス,,沖ノ原
A15,D47,九州産交バス,,小田温泉
A15,D48,九州産交バス,,大谷(荒尾)
A15,D4B,九州産交バス,,オリエント桜山
A15,D54,九州産交バス,,帯山
A15,D55,九州産交バス,,帯山団地前
A15,D56,九州産交バス,,帯山小学校入口
A15,D5C,九州産交バス,,おぐに老人保健施設前
A15,D5F,九州産交バス,,おおがスイミング前
A15,D60,九州産交バス,,大柿入口
A15,D61,九州産交バス,,大柿農村公園前
A15,D62,九州産交バス,,大柿観音堂前
A15,D63,九州産交バス,,大野大橋
A15,E02,九州産交バス,,会社下
A15,E03,九州産交バス,,会社前
A15,E05,九州産交バス,,開拓団入口(免田)
A15,E06,九州産交バス,,会通
A15,E0C,九州産交バス,,鏡本町
A15,E0D,九州産交バス,,鏡四つ角
A15,E0E,九州産交バス,,鹿帰瀬
A15,E0F,九州産交バス,,柿添
A15,E11,九州産交バス,,柿野
A15,E15,九州産交バス,,柿原入口
A15,E19,九州産交バス,,掛橋
A15,E1A,九州産交バス,,かこい
A15,E1C,九州産交バス,,かこい(湯の浦)
A15,E1D,九州産交バス,,楮原
A15,E1E,九州産交バス,,樫の実鶴
A15,E20,九州産交バス,,鹿島
A15,E21,九州産交バス,,学料北
A15,E26,九州産交バス,,加世浦
A15,E27,九州産交バス,,加勢川橋
A15,E2C,九州産交バス,,堅志田(旧道)
A15,E2D,九州産交バス,,片諏訪
A15,E2E,九州産交バス,,片野川
A15,E31,九州産交バス,,片町
A15,E34,九州産交バス,,家畜保健所入口
A15,E36,九州産交バス,,葛崎
A15,E37,九州産交バス,,桂原
A15,E38,九州産交バス,,家庭裁判所前
A15,E39,九州産交バス,,方保田
A15,E3B,九州産交バス,,鹿子木
A15,E3F,九州産交バス,,金焼
A15,E40,九州産交バス,,金山
A15,E41,九州産交バス,,金山橋
A15,E45,九州産交バス,,釜(崎津)
A15,E46,九州産交バス,,釜入口
A15,E47,九州産交バス,,釜尾
A15,E49,九州産交バス,,鎌研
A15,E4A,九州産交バス,,竃門
A15,E4B,九州産交バス,,釜の下
A15,E4C,九州産交バス,,上赤田
A15,E4D,九州産交バス,,上赤松
A15,E4E,九州産交バス,,上天草病院前(旧道)
A15,E4F,九州産交バス,,上一丸
A15,E50,九州産交バス,,上今町
A15,E51,九州産交バス,,上岩坂
A15,E53,九州産交バス,,牛水上
A15,E55,九州産交バス,,上内田
A15,E59,九州産交バス,,学料中央
A15,E5B,九州産交バス,,上大林
A15,E5C,九州産交バス,,上大平
A15,E5D,九州産交バス,,上小田
A15,E5E,九州産交バス,,上小田下
A15,E60,九州産交バス,,上片諏訪
A15,E62,九州産交バス,,上門
A15,F01,九州産交バス,,上川崎
A15,F02,九州産交バス,,上川辺
A15,F03,九州産交バス,,上瓦屋町
A15,F08,九州産交バス,,上熊本三丁目
A15,F09,九州産交バス,,上熊本駅前
A15,F0A,九州産交バス,,上荒地
A15,F0C,九州産交バス,,上高野辺田
A15,F0D,九州産交バス,,上島田町
A15,F10,九州産交バス,,上坂下
A15,F13,九州産交バス,,佐俣の湯前
A15,F1A,九州産交バス,,上新町
A15,F1B,九州産交バス,,上十三部
A15,F1D,九州産交バス,,上陣内
A15,F1F,九州産交バス,,上巣林
A15,F20,九州産交バス,,上染田
A15,F22,九州産交バス,,神園入口
A15,F23,九州産交バス,,上小路
A15,F25,九州産交バス,,上高橋
A15,F26,九州産交バス,,上高橋(鹿本)
A15,F29,九州産交バス,,上田代(相良)
A15,F2C,九州産交バス,,上田
A15,F2D,九州産交バス,,上代
A15,F2E,九州産交バス,,学料南
A15,F2F,九州産交バス,,上近見
A15,F30,九州産交バス,,上近見(旧道)
A15,F32,九州産交バス,,上築地
A15,F35,九州産交バス,,上鶴(天草)
A15,F37,九州産交バス,,上鶴羽
A15,F38,九州産交バス,,上鶴(大津町)
A15,F39,九州産交バス,,二十丁
A15,F3C,九州産交バス,,上外城
A15,F3F,九州産交バス,,上南部
A15,F40,九州産交バス,,上成川
A15,F41,九州産交バス,,春日寺前
A15,F42,九州産交バス,,上猶須
A15,F43,九州産交バス,,上西町
A15,F44,九州産交バス,,上沼山津
A15,F45,九州産交バス,,上野口
A15,F47,九州産交バス,,上の丁
A15,F4B,九州産交バス,,上半河内
A15,F4D,九州産交バス,,上日置
A15,F4F,九州産交バス,,上平
A15,F50,九州産交バス,,上広瀬
A15,F51,九州産交バス,,上布田
A15,F52,九州産交バス,,上二子
A15,F53,九州産交バス,,上二子石
A15,F54,九州産交バス,,上方原
A15,F56,九州産交バス,,上本庄
A15,F58,九州産交バス,,上松馬場
A15,F59,九州産交バス,川8,上松山
A15,F5A,九州産交バス,,上松山(旧道)
A15,F5D,九州産交バス,,神屋敷
A15,F5E,九州産交バス,,上吉田
A15,F61,九州産交バス,,亀浦
A15,F62,九州産交バス,,亀尾郵便局前
A15,F63,九州産交バス,,亀川
A15,1000,九州産交バス,,亀川小学校前
A15,1001,九州産交バス,,亀崎
A15,1002,九州産交バス,,亀の迫
A15,1005,九州産交バス,,蒲生
A15,1007,九州産交バス,,鹿本高校入口
A15,1008,九州産交バス,,春日校前
A15,1009,九州産交バス,,鹿本農高前
A15,100A,九州産交バス,,坂東
A15,100B,九州産交バス,,鹿本町老人ホーム前
A15,100C,九州産交バス,,鹿本市民センター裏
A15,100D,九州産交バス,,鹿本総合支所前
A15,100E,九州産交バス,,こんぴら入口
A15,1012,九州産交バス,,唐笠松
A15,1013,九州産交バス,,刈草
A15,1015,九州産交バス,,仮俣
A15,1017,九州産交バス,,平野
A15,1018,九州産交バス,,河浦郵便局前
A15,101B,九州産交バス,,川口
A15,101C,九州産交バス,,川口二丁
A15,101D,九州産交バス,,川口漁協前
A15,101E,九州産交バス,,川崎
A15,1020,九州産交バス,,川尻駅前(旧道)
A15,1021,九州産交バス,,川尻町(市道)
A15,1022,九州産交バス,,川尻町(旧道)
A15,1024,九州産交バス,,河内温泉入口
A15,1025,九州産交バス,,川尻新町
A15,1026,九州産交バス,,河内亀石
A15,1028,九州産交バス,,川地後
A15,1029,九州産交バス,,河内農協前
A15,102B,九州産交バス,,栖本地区コミュニティセンター前
A15,102D,九州産交バス,,川床(玉名)
A15,102E,九州産交バス,,菰屋北
A15,1030,九州産交バス,,川辺田
A15,1031,九州産交バス,,川辺
A15,1033,九州産交バス,,河原町
A15,1034,九州産交バス,,河原町(八代)
A15,1036,九州産交バス,,瓦屋町
A15,1037,九州産交バス,,観音
A15,1038,九州産交バス,,中田港
A15,103C,九州産交バス,,潮湯前
A15,1043,九州産交バス,,願成寺
A15,1044,九州産交バス,,上護藤
A15,1045,九州産交バス,,鹿本商工裏
A15,1048,九州産交バス,,上植木
A15,104A,九州産交バス,,県立教育センター入口
A15,104B,九州産交バス,,川東
A15,104D,九州産交バス,,上下乙
A15,104E,九州産交バス,,上赤坂
A15,1057,九州産交バス,,上川床
A15,1058,九州産交バス,,蟹ヶ迫入口
A15,105A,九州産交バス,,鹿本農高裏
A15,105B,九州産交バス,,鹿本商工前
A15,1107,九州産交バス,,運動公園前(天草・河浦)
A15,1108,九州産交バス,,上知十
A15,1109,九州産交バス,,鹿南中学校前
A15,110A,九州産交バス,,川床(河内)
A15,110B,九州産交バス,,上小薮
A15,1111,九州産交バス,,柏田住宅前
A15,1113,九州産交バス,,上山下
A15,1115,九州産交バス,,上立田
A15,1118,九州産交バス,,上井上町
A15,111A,九州産交バス,,河内中学校前
A15,111B,九州産交バス,,上野添
A15,1123,九州産交バス,,川村駅入口
A15,1127,九州産交バス,,河浦車庫
A15,1128,九州産交バス,,川床公民館前
A15,1129,九州産交バス,,有佐郵便局前
A15,112B,九州産交バス,,上の窪団地入口
A15,1137,九州産交バス,,上安永
A15,1139,九州産交バス,,かんかん坂入口
A15,1141,九州産交バス,,金棒
A15,1142,九州産交バス,,片地
A15,1145,九州産交バス,,上宇留毛
A15,1148,九州産交バス,,人吉南高速のりば前
A15,1149,九州産交バス,,上鳥子
A15,114E,九州産交バス,,釜(阿村)
A15,1151,九州産交バス,,鹿央市民センター前
A15,1152,九州産交バス,,貝本
A15,1154,九州産交バス,,上田子の須
A15,115A,九州産交バス,,河浦病院
A15,115E,九州産交バス,,鹿北道の駅
A15,115F,九州産交バス,,鹿北市民センター前
A15,1160,九州産交バス,,川原谷
A15,1161,九州産交バス,,金堀
A15,1200,九州産交バス,,鉄輪
A15,1201,九州産交バス,,上八丁三差路
A15,1206,九州産交バス,,梶屋橋
A15,1207,九州産交バス,,上小ヶ原
A15,1208,九州産交バス,,上松古閑
A15,120B,九州産交バス,西11,河内阿蘇神社前
A15,1217,九州産交バス,,上天草病院前(新道)
A15,121E,九州産交バス,,鐘撞
A15,1220,九州産交バス,,川後田
A15,123B,九州産交バス,,新道亀の迫
A15,123D,九州産交バス,,上ノ郷町
A15,123F,九州産交バス,,カフェくるみ前
A15,1241,九州産交バス,,上林町
A15,1242,九州産交バス,,上原田地区活性センター前
A15,1246,九州産交バス,,春日一丁目
A15,124D,九州産交バス,,上立願寺
A15,1334,九州産交バス,,温泉区
A15,1402,九州産交バス,,鬼海ヶ浦
A15,1404,九州産交バス,,木山団地・役場仮設庁舎前
A15,1405,九州産交バス,,菊水インターチェンジ
A15,1406,九州産交バス,,菊水中学前
A15,1407,九州産交バス,,和水町立病院前
A15,1408,九州産交バス,,菊池上町
A15,140A,九州産交バス,,菊池下町
A15,140B,九州産交バス,,菊池中町
A15,140C,九州産交バス,,東熊本第二病院前
A15,1410,九州産交バス,,岸野
A15,1413,九州産交バス,,北方
A15,1414,九州産交バス,,北鹿野
A15,1415,九州産交バス,,北願成寺
A15,1416,九州産交バス,,北窪
A15,1418,九州産交バス,,北荒神町福祉センター前
A15,141A,九州産交バス,,旧北里小学校前
A15,141B,九州産交バス,,北新地
A15,141C,九州産交バス,,北島
A15,141D,九州産交バス,川8,新幹線熊本総合車両所前
A15,141E,九州産交バス,,北谷
A15,141F,九州産交バス,,阿蘇中学校第2グラウンド前
A15,1420,九州産交バス,,北出
A15,1422,九州産交バス,,北野辺田
A15,1423,九州産交バス,,北原
A15,1424,九州産交バス,,北向
A15,1427,九州産交バス,,木留橋
A15,1429,九州産交バス,,記念碑前
A15,142A,九州産交バス,,木上小学校前
A15,142D,九州産交バス,,君ヶ淵
A15,142F,九州産交バス,,君ヶ淵駐車場
A15,1430,九州産交バス,,木山上町
A15,1431,九州産交バス,,木山産交
A15,1432,九州産交バス,,木山下町
A15,1434,九州産交バス,,木山農協前
A15,1435,九州産交バス,,キャンプ村入口
A15,1436,九州産交バス,,九州産交トラックターミナル
A15,1437,九州産交バス,,球泉洞前
A15,1439,九州産交バス,,共栄
A15,143A,九州産交バス,,崎津教会入口
A15,143B,九州産交バス,,京塚
A15,143C,九州産交バス,,経塚
A15,143F,九州産交バス,,京町本丁
A15,1440,九州産交バス,,教良木
A15,1441,九州産交バス,,教良木出張所前
A15,1444,九州産交バス,川8,清藤
A15,1446,九州産交バス,,清水
A15,1448,九州産交バス,,切越
A15,1449,九州産交バス,,切畑
A15,144A,九州産交バス,,切原
A15,144C,九州産交バス,,祇園橋
A15,144E,九州産交バス,,玉祥寺
A15,144F,九州産交バス,,玉東町役場前
A15,1450,九州産交バス,,銀行前
A15,1453,九州産交バス,,菊陽病院前
A15,1454,九州産交バス,,北新地(八代)
A15,1455,九州産交バス,,菊陽西小学校前
A15,1456,九州産交バス,,新屋敷一丁目
A15,1460,九州産交バス,,北里博士邸前
A15,1463,九州産交バス,,木上迫駐在所前
A15,1500,九州産交バス,,吉祥寺入口
A15,1504,九州産交バス,,木留
A15,1506,九州産交バス,,高速基山
A15,1511,九州産交バス,,北新井手
A15,151A,九州産交バス,,菊陽バイパス入口
A15,151C,九州産交バス,,北花立・県畜産会館前
A15,151D,九州産交バス,,光の森産交
A15,151F,九州産交バス,,北バイパス東新南部
A15,1520,九州産交バス,,北バイパス竜田陳内
A15,1525,九州産交バス,,菊陽バイパス入口・弓削立体橋
A15,1528,九州産交バス,,北岡神社前
A15,152C,九州産交バス,,九州看護福祉大学前
A15,152D,九州産交バス,,菊水ロマン館前
A15,1531,九州産交バス,,清里校前
A15,1535,九州産交バス,,植木病院・かがやき館前(小野泉水)
A15,1536,九州産交バス,,植木病院・かがやき館前
A15,1537,九州産交バス,,九州学院前
A15,1538,九州産交バス,,木山上町(御船)
A15,1539,九州産交バス,,北平
A15,153B,九州産交バス,,北原(菊池)
A15,1541,九州産交バス,,城島高原
A15,1546,九州産交バス,,北泉田町
A15,1547,九州産交バス,,北宮
A15,1548,九州産交バス,,菊池プラザ
A15,1549,九州産交バス,,菊池温泉
A15,154C,九州産交バス,,北五反田団地前
A15,1554,九州産交バス,,北原町
A15,1558,九州産交バス,,祇園橋(高森)
A15,155A,九州産交バス,,北向地蔵尊
A15,1604,九州産交バス,,久木野病院前
A15,1605,九州産交バス,,JA久木野給油所横
A15,1606,九州産交バス,,球磨村診療所前
A15,1607,九州産交バス,,草谷
A15,1608,九州産交バス,,串
A15,1609,九州産交バス,,楠浦
A15,160A,九州産交バス,,楠川
A15,160B,九州産交バス,,楠町
A15,160C,九州産交バス,,楠甫
A15,1612,九州産交バス,,久玉
A15,1613,九州産交バス,,来民小学校前
A15,1614,九州産交バス,,来民中町
A15,1619,九州産交バス,,口の森
A15,161C,九州産交バス,,久原
A15,161D,九州産交バス,,久保
A15,161E,九州産交バス,,久保宇野
A15,1621,九州産交バス,,熊工前
A15,1622,九州産交バス,,球磨中央高校前
A15,1623,九州産交バス,,熊商前
A15,1624,九州産交バス,,東新南部
A15,1628,九州産交バス,,熊本駅前
A15,162A,九州産交バス,,阿蘇くまもと空港 (国内線ターミナル)
A15,162B,九州産交バス,,熊本県庁前
A15,162C,九州産交バス,,熊工入口
A15,162D,九州産交バス,,桜町バスターミナル
A15,1630,九州産交バス,,市役所前
A15,1632,九州産交バス,,熊本大学前
A15,1633,九州産交バス,川8/快速あまくさ号,熊本農業高校前
A15,1634,九州産交バス,,熊本南病院入口
A15,1635,九州産交バス,,久米野
A15,1636,九州産交バス,,倉江
A15,1637,九州産交バス,,倉江橋
A15,1638,九州産交バス,,鞍掛
A15,163C,九州産交バス,,倉田
A15,163D,九州産交バス,,倉岳校前
A15,163E,九州産交バス,,倉谷
A15,1640,九州産交バス,,蔵原
A15,1641,九州産交バス,,蔵原(阿蘇)
A15,1642,九州産交バス,,クラブ前
A15,1644,九州産交バス,,蔵満
A15,1648,九州産交バス,,栗林住宅下
A15,164C,九州産交バス,,西戸島団地
A15,164E,九州産交バス,,黒髪五丁目
A15,164F,九州産交バス,,黒髪六丁目
A15,1651,九州産交バス,,黒川保育所前
A15,1652,九州産交バス,,黒勘根
A15,1656,九州産交バス,,黒流
A15,1658,九州産交バス,,黒肥地通り
A15,1659,九州産交バス,,桑鶴
A15,165C,九州産交バス,,神水町
A15,165D,九州産交バス,,神水町(バイパス)
A15,1705,九州産交バス,,久保団地入口
A15,1706,九州産交バス,,黒川
A15,1707,九州産交バス,,黒田(人吉)
A15,1709,九州産交バス,,熊本工業専門学校前
A15,170C,九州産交バス,,蔵満下
A15,1710,九州産交バス,,草千里阿蘇火山博物館前
A15,1715,九州産交バス,,黒崎(大多尾)
A15,1718,九州産交バス,,崇城大学前
A15,171C,九州産交バス,,市役所前・日本郵政横
A15,171D,九州産交バス,,黒地
A15,1720,九州産交バス,,久留米インター
A15,172F,九州産交バス,,くまもと工芸会館前(旧道)
A15,1730,九州産交バス,,久具
A15,1733,九州産交バス,,黒田入口
A15,1734,九州産交バス,,久木野福祉センター前
A15,1735,九州産交バス,,久木野駐在所前
A15,1738,九州産交バス,,熊本港フェリーのりば前
A15,173A,九州産交バス,,熊本港大橋口
A15,173B,九州産交バス,,温泉センター木の香湯前
A15,173D,九州産交バス,,熊本文化の森
A15,1741,九州産交バス,,熊大地域共同研究センター
A15,1742,九州産交バス,,草枕温泉てんすい
A15,1745,九州産交バス,,グランメッセ前
A15,1746,九州産交バス,,くまもとエミナース前
A15,174A,九州産交バス,,熊本中央病院
A15,174D,九州産交バス,,釘の花
A15,174E,九州産交バス,,熊入三ツ角
A15,174F,九州産交バス,,熊入温泉郵便局前
A15,1750,九州産交バス,,熊入四ツ角
A15,1754,九州産交バス,,くじゅう登山口 (長者原)
A15,1756,九州産交バス,,黒川温泉
A15,175B,九州産交バス,,グリーンランド正門前
A15,175E,九州産交バス,,楠団地
A15,175F,九州産交バス,,楠一丁目
A15,1760,九州産交バス,,楠団地入口
A15,1761,九州産交バス,,熊本操車場前
A15,1762,九州産交バス,,グリーンランド北口前
A15,1763,九州産交バス,,宮内
A15,1800,九州産交バス,,黒橋
A15,1801,九州産交バス,,倉掛中
A15,1802,九州産交バス,,倉掛
A15,1813,九州産交バス,,球磨サイクル前
A15,1821,九州産交バス,,球磨村役場
A15,1822,九州産交バス,,黒石崎
A15,1901,九州産交バス,,警察学校前
A15,1902,九州産交バス,,競馬場前
A15,1903,九州産交バス,,渡鹿六丁目
A15,1905,九州産交バス,,県会議事堂前
A15,1906,九州産交バス,,健軍校前
A15,1907,九州産交バス,,健軍電停前
A15,1909,九州産交バス,,検察庁・法務局・市博物館前
A15,190B,九州産交バス,,菊池川工事事務所前
A15,190C,九州産交バス,,建設事務所前
A15,190D,九州産交バス,,上多良木
A15,190E,九州産交バス,,下代の瀬
A15,1915,九州産交バス,,県営団地入口
A15,1916,九州産交バス,,健軍四ッ角
A15,1919,九州産交バス,,県立装飾古墳館入口
A15,1922,九州産交バス,,県立大学前
A15,1923,九州産交バス,,県立大通り
A15,1A01,九州産交バス,,小畦
A15,1A03,九州産交バス,,越の浦
A15,1A07,九州産交バス,,西戸島
A15,1A08,九州産交バス,,甲賀無田
A15,1A09,九州産交バス,,甲北
A15,1A11,九州産交バス,,小池
A15,1A12,九州産交バス,,神代
A15,1A13,九州産交バス,,厚生会館前
A15,1A14,九州産交バス,,本渡東中学校入口
A15,1A15,九州産交バス,,興善寺
A15,1A16,九州産交バス,,神園(砥用)
A15,1A18,九州産交バス,,高田駅前
A15,1A19,九州産交バス,,古閑南
A15,1A1A,九州産交バス,,高田小学校前
A15,1A1B,九州産交バス,,交通局前
A15,1A1F,九州産交バス,快速あまくさ号,上津浦漁協前
A15,1A21,九州産交バス,,上津深江
A15,1A24,九州産交バス,,江南病院前
A15,1A25,九州産交バス,,幸野
A15,1A26,九州産交バス,,神の瀬
A15,1A27,九州産交バス,,神瀬福祉センターたかおと前
A15,1A28,九州産交バス,,神の瀬橋
A15,1A29,九州産交バス,,甲畠口
A15,1A2E,九州産交バス,,紺屋町
A15,1A2F,九州産交バス,,高良(松橋)
A15,1A30,九州産交バス,,肥猪入口
A15,1A31,九州産交バス,,子飼橋
A15,1A32,九州産交バス,,子飼本町
A15,1A33,九州産交バス,,古神西
A15,1A36,九州産交バス,,古閑(国丁)
A15,1A39,九州産交バス,,古閑(山鹿)
A15,1A3B,九州産交バス,,古閑小屋
A15,1A3C,九州産交バス,,古閑出
A15,1A3D,九州産交バス,,古閑中町
A15,1A3E,九州産交バス,,古賀原
A15,1A3F,九州産交バス,,古閑原入口
A15,1A40,九州産交バス,,古閑北
A15,1A42,九州産交バス,,天草アレグリアガーデンズ入口
A15,1A43,九州産交バス,,国町
A15,1A44,九州産交バス,,国府
A15,1A4C,九州産交バス,,小栗毛
A15,1A4D,九州産交バス,,石立
A15,1A4F,九州産交バス,,九日町
A15,1A54,九州産交バス,,越喜瀬
A15,1A57,九州産交バス,,古新地
A15,1A58,九州産交バス,,小島
A15,1A59,九州産交バス,,古城
A15,1A5C,九州産交バス,,梢山
A15,1A5E,九州産交バス,,小瀬戸
A15,1A60,九州産交バス,,小谷
A15,1A61,九州産交バス,,小高浜
A15,1A62,九州産交バス,,小田浦
A15,1A63,九州産交バス,,東風留
A15,1B00,九州産交バス,,小津奈木
A15,1B01,九州産交バス,,小塚
A15,1B03,九州産交バス,,図書館前
A15,1B04,九州産交バス,,小夏
A15,1B05,九州産交バス,,木葉駅前
A15,1B06,九州産交バス,,木葉下町
A15,1B09,九州産交バス,,木葉四つ角
A15,1B0C,九州産交バス,,木場(大多尾)
A15,1B10,九州産交バス,,小原(南関)
A15,1B13,九州産交バス,,小伏木
A15,1B16,九州産交バス,,駒井田
A15,1B1A,九州産交バス,,小松(長浜)
A15,1B1E,九州産交バス,,小宮地
A15,1B1F,九州産交バス,,小莚
A15,1B25,九州産交バス,,小屋河内
A15,1B26,九州産交バス,,こやぶ
A15,1B27,九州産交バス,,惟重
A15,1B28,九州産交バス,,惟重入口
A15,1B29,九州産交バス,,金剛小学校前
A15,1B2D,九州産交バス,,松の本(人吉)
A15,1B2E,九州産交バス,,三角港入口
A15,1B2F,九州産交バス,,光の森駅南口
A15,1B30,九州産交バス,,五反田
A15,1B31,九州産交バス,,五反田(栖本)
A15,1B32,九州産交バス,,五丁
A15,1B33,九州産交バス,,呉服町(熊本市)
A15,1B35,九州産交バス,,五本松
A15,1B38,九州産交バス,,御領
A15,1B39,九州産交バス,,御霊(八代)
A15,1B3B,九州産交バス,,御領中央
A15,1B3C,九州産交バス,,五霊中学校前
A15,1B3D,九州産交バス,,御領幼児園前
A15,1B41,九州産交バス,,護藤
A15,1B42,九州産交バス,,護藤郵便局前
A15,1B43,九州産交バス,,古閑入口
A15,1B44,九州産交バス,,御領団地前
A15,1B45,九州産交バス,,荒神入口・フードパル熊本前
A15,1B46,九州産交バス,,古閑(和泉)
A15,1B48,九州産交バス,,南部総合スポーツセンター前
A15,1B49,九州産交バス,,小浦崎
A15,1B4A,九州産交バス,,神園(バイパス)
A15,1B4B,九州産交バス,,御領神社前
A15,1B4D,九州産交バス,,公会堂前(海路口)
A15,1B55,九州産交バス,,五郎丸(三玉)
A15,1B58,九州産交バス,,合歓の平
A15,1B59,九州産交バス,,古閑(日赤線)
A15,1B61,九州産交バス,特急やまびこ号,金池ターミナル
A15,1B63,九州産交バス,空港リムジンバス,国際線ターミナル (阿蘇くまもと空港)
A15,1C02,九州産交バス,,小鶴(五木)
A15,1C04,九州産交バス,,国町駐車場
A15,1C06,九州産交バス,,五戸窪
A15,1C08,九州産交バス,,小椎葉(内谷)
A15,1C09,九州産交バス,,新小松原
A15,1C0A,九州産交バス,,高田記念碑前
A15,1C1E,九州産交バス,特急やまびこ号,大分市役所・合同新聞社前
A15,1C3D,九州産交バス,,向山校前
A15,1C3E,九州産交バス,,合志町(川尻市道)
A15,1C3F,九州産交バス,,湖東町
A15,1C43,九州産交バス,,けやき広場前
A15,1C48,九州産交バス,,ビレッジハウス前
A15,1C49,九州産交バス,,寿住宅前
A15,1C4A,九州産交バス,,小道入口
A15,1C4D,九州産交バス,,鮗ヶ浦
A15,1C50,九州産交バス,,交流施設前(五木)
A15,1C51,九州産交バス,,公立多良木病院前
A15,1C55,九州産交バス,,肥猪口
A15,1C56,九州産交バス,,小次郎丸
A15,1C57,九州産交バス,,甲森
A15,1C59,九州産交バス,,ゴルフ場前(産山)
A15,1C5A,九州産交バス,,木の香湯温泉入口
A15,1C5B,九州産交バス,,向陽台
A15,1D0D,九州産交バス,,小園
A15,1D0E,九州産交バス,,小柿公民館前
A15,1D10,九州産交バス,,古閑中入口
A15,1E02,九州産交バス,,玉名産交前
A15,1E03,九州産交バス,,桜井町一丁目
A15,1E04,九州産交バス,,佐伊津
A15,1E06,九州産交バス,,才津原
A15,1E08,九州産交バス,,裁判所前(阿蘇)
A15,1E09,九州産交バス,,裁判所前(熊本市)
A15,1E0A,九州産交バス,,裁判町
A15,1E0B,九州産交バス,,境
A15,1E0C,九州産交バス,,境木
A15,1E0D,九州産交バス,,桜木小学校西
A15,1E0E,九州産交バス,,桜木小学校東
A15,1E0F,九州産交バス,,堺塘
A15,1E16,九州産交バス,,坂口
A15,1E17,九州産交バス,,坂下
A15,1E18,九州産交バス,,坂下(五木)
A15,1E1C,九州産交バス,,坂瀬川郵便局前
A15,1E1E,九州産交バス,,坂瀬川宮の前
A15,1E1F,九州産交バス,,坂田
A15,1E20,九州産交バス,,坂梨小学校前
A15,1E21,九州産交バス,,坂梨農協前
A15,1E22,九州産交バス,,坂の上
A15,1E23,九州産交バス,,坂の上口
A15,1E24,九州産交バス,,坂本(八代)
A15,1E25,九州産交バス,,坂本(小国)
A15,1E2B,九州産交バス,,坂本病院前
A15,1E2C,九州産交バス,,相良北小学校前
A15,1E2E,九州産交バス,,相良南小学校前
A15,1E2F,九州産交バス,,相良中学校入口
A15,1E31,九州産交バス,,崎津
A15,1E32,九州産交バス,,先浜洲
A15,1E33,九州産交バス,,崎明瀬
A15,1E36,九州産交バス,,桜井小学校前
A15,1E37,九州産交バス,,桜井町
A15,1E38,九州産交バス,,桜ヶ丘住宅前
A15,1E39,九州産交バス,,桜木小学校入口
A15,1E3B,九州産交バス,,桜木三丁目
A15,1E3C,九州産交バス,,桜戸
A15,1E3D,九州産交バス,,桜町
A15,1E3E,九州産交バス,,桜山(国道)
A15,1E42,九州産交バス,,迫入口
A15,1E43,九州産交バス,,迫公民館前
A15,1E44,九州産交バス,,笹尾
A15,1E45,九州産交バス,,笹倉
A15,1E47,九州産交バス,,笹原
A15,1E48,九州産交バス,,佐敷駅前
A15,1E4B,九州産交バス,,定野
A15,1E4D,九州産交バス,,薩摩瀬通り
A15,1E50,九州産交バス,,里の浦
A15,1E54,九州産交バス,,佐俣今村
A15,1E55,九州産交バス,,福祉保健センター前
A15,1E56,九州産交バス,,佐俣宮の前
A15,1E5A,九州産交バス,,皿山
A15,1E5C,九州産交バス,,山王閣前
A15,1E5F,九州産交バス,,三軒屋
A15,1E60,九州産交バス,,消防署前
A15,1E63,九州産交バス,,大窪二丁目
A15,1F00,九州産交バス,,坂の下(下硯川)
A15,1F01,九州産交バス,,高田団地前
A15,1F02,九州産交バス,,人吉産交
A15,1F03,九州産交バス,,三号
A15,1F04,九州産交バス,,三の宮
A15,1F08,九州産交バス,,三里木
A15,1F0C,九州産交バス,,山官
A15,1F0E,九州産交バス,,坂本(大矢野)
A15,1F14,九州産交バス,,境目
A15,1F15,九州産交バス,,相良村運動公園
A15,1F16,九州産交バス,,三和中学校前
A15,1F19,九州産交バス,,相良村役場前
A15,1F1A,九州産交バス,,栄通り
A15,1F2E,九州産交バス,,佐土原
A15,1F35,九州産交バス,,済生会病院
A15,1F3C,九州産交バス,,小山団地入口
A15,1F3D,九州産交バス,,三方谷(国道五木)
A15,1F3E,九州産交バス,,三把浦
A15,1F3F,九州産交バス,,山陽公園前
A15,1F40,九州産交バス,,坂本駅前
A15,1F43,九州産交バス,,茶湯里温泉前
A15,1F4E,九州産交バス,,猿渡
A15,1F50,九州産交バス,,才の木
A15,1F51,九州産交バス,,桜山(旧道)
A15,1F52,九州産交バス,,桜山団地上
A15,1F53,九州産交バス,,桜山町一丁目
A15,1F54,九州産交バス,,桜山町二丁目
A15,1F57,九州産交バス,,桜山町四丁目
A15,1F58,九州産交バス,,三中前
A15,1F5C,九州産交バス,,三郎
A15,1F5D,九州産交バス,,沢津野
A15,1F5E,九州産交バス,,猿まわし劇場前
A15,1F5F,九州産交バス,,サンセットコースト
A15,1F60,九州産交バス,,さざなみ保育園前
A15,1F61,九州産交バス,,三日原観音前
A15,1F62,九州産交バス,,嵯我里
A15,1F63,九州産交バス,,嵯我里観音入口
A15,2009,九州産交バス,,嵯峨里公民館前
A15,2101,九州産交バス,,椎倉
A15,2102,九州産交バス,,椎屋
A15,2103,九州産交バス,,椎屋入口
A15,2104,九州産交バス,,椎山
A15,2106,九州産交バス,,塩池
A15,2107,九州産交バス,,阿蘇中央高校 阿蘇清峰校舎前
A15,2109,九州産交バス,,塩浜(栖本)
A15,210C,九州産交バス,,塩屋(河内)
A15,210F,九州産交バス,,塩屋浦
A15,2111,九州産交バス,,塩屋橋
A15,2114,九州産交バス,,志岐
A15,2115,九州産交バス,,敷川内
A15,2119,九州産交バス,,志々岐
A15,211A,九州産交バス,,賎の女
A15,211B,九州産交バス,,下貫
A15,211D,九州産交バス,,下城(人吉)
A15,211E,九州産交バス,,志田の原
A15,2120,九州産交バス,,蔀
A15,2122,九州産交バス,,芝塚
A15,2123,九州産交バス,,四分一
A15,2128,九州産交バス,,清水
A15,2129,九州産交バス,,島田町(八代)
A15,212A,九州産交バス,,鏡クリニック前
A15,212B,九州産交バス,,下井手の口
A15,212D,九州産交バス,,下今泉
A15,212E,九州産交バス,,下今町
A15,2130,九州産交バス,,下祝口
A15,2131,九州産交バス,,下岩坂
A15,2134,九州産交バス,,牛水下
A15,2137,九州産交バス,,下内野
A15,2138,九州産交バス,,下浦
A15,213B,九州産交バス,,下毛
A15,213E,九州産交バス,,下大野
A15,213F,九州産交バス,,下大林
A15,2140,九州産交バス,,下乙
A15,2141,九州産交バス,,下方入口
A15,2142,九州産交バス,,下堅志田
A15,2143,九州産交バス,,下金山
A15,2147,九州産交バス,,下川辺
A15,2148,九州産交バス,,下方
A15,2149,九州産交バス,,下黒勘根
A15,214B,九州産交バス,,下甲北
A15,214C,九州産交バス,,下高野辺田
A15,214E,九州産交バス,,下古閑
A15,214F,九州産交バス,,下古閑公園前
A15,2152,九州産交バス,,下里(湯山)
A15,2154,九州産交バス,,下塩屋
A15,215C,九州産交バス,,下新町
A15,215D,九州産交バス,,下寺中
A15,215F,九州産交バス,,下硯川
A15,2160,九州産交バス,,下巣林
A15,2161,九州産交バス,,下清田
A15,2202,九州産交バス,,下高橋
A15,2205,九州産交バス,,下岳郵便局前
A15,2207,九州産交バス,,下田代(相良)
A15,2208,九州産交バス,,下田
A15,2209,九州産交バス,,下田原
A15,220A,九州産交バス,,下平
A15,220B,九州産交バス,,下田駅前
A15,220C,九州産交バス,,下田温泉
A15,220E,九州産交バス,,下田南
A15,220F,九州産交バス,,下近見(国道)
A15,2210,九州産交バス,,下近見(旧道)
A15,2211,九州産交バス,,下近津
A15,2218,九州産交バス,,下津原
A15,221F,九州産交バス,,下外城
A15,2221,九州産交バス,,下中河内
A15,2222,九州産交バス,,下永富
A15,2224,九州産交バス,,下南部
A15,2225,九州産交バス,,下南部入口
A15,2229,九州産交バス,,下城(阿蘇)
A15,222E,九州産交バス,,下原田
A15,2230,九州産交バス,,下林
A15,2232,九州産交バス,,下平
A15,2233,九州産交バス,,下平瀬
A15,2234,九州産交バス,,下平床
A15,2235,九州産交バス,,下布田
A15,2236,九州産交バス,,下方近
A15,2237,九州産交バス,,下方原
A15,2239,九州産交バス,,下本庄
A15,223B,九州産交バス,,下松馬場
A15,223F,九州産交バス,,下米野
A15,2240,九州産交バス,,下森山
A15,2241,九州産交バス,,下矢津田
A15,2242,九州産交バス,,下吉田
A15,2247,九州産交バス,,市役所前(水俣)
A15,2249,九州産交バス,,車両センター前
A15,224A,九州産交バス,,主留
A15,224B,九州産交バス,,庄
A15,2250,九州産交バス,,松錦館前
A15,2251,九州産交バス,,商工会議所前(天草)
A15,2253,九州産交バス,,正清橋
A15,2254,九州産交バス,,小池野
A15,2255,九州産交バス,,小楠公園前
A15,2256,九州産交バス,,消防局防災センター前
A15,225A,九州産交バス,,ショッピングセンター前
A15,225B,九州産交バス,,白石
A15,225C,九州産交バス,,白石(牛深)
A15,225E,九州産交バス,,白石磧
A15,225F,九州産交バス,,白石碩入口
A15,2260,九州産交バス,,白岩
A15,2261,九州産交バス,,白岩戸
A15,2263,九州産交バス,,白川
A15,2300,九州産交バス,,白川駅前
A15,2301,九州産交バス,,白川公園前
A15,2302,九州産交バス,,白川保育園前
A15,2306,九州産交バス,,白木河内
A15,230A,九州産交バス,,白木平
A15,230B,九州産交バス,,白鷺橋
A15,230E,九州産交バス,,白土
A15,230F,九州産交バス,,白坪校前
A15,2310,九州産交バス,,白鶴浜
A15,2313,九州産交バス,,白鳥
A15,2315,九州産交バス,,白浜(河内)
A15,2317,九州産交バス,,白浜農協入口
A15,2319,九州産交バス,,総合病院前
A15,231A,九州産交バス,,知ヶ崎
A15,231B,九州産交バス,,四郎丸
A15,231C,九州産交バス,,城下
A15,231D,九州産交バス,,城本
A15,2322,九州産交バス,,新川橋
A15,2323,九州産交バス,,新休
A15,2324,九州産交バス,,新休橋
A15,2325,九州産交バス,,新宮寺前
A15,2326,九州産交バス,,新合
A15,2327,九州産交バス,,新庄入口
A15,2328,九州産交バス,,新地
A15,2329,九州産交バス,,新田
A15,232B,九州産交バス,,新土河原町
A15,232D,九州産交バス,,新南部
A15,232E,九州産交バス,,新南部入口
A15,232F,九州産交バス,,新橋
A15,2332,九州産交バス,,新町(熊本市)
A15,2334,九州産交バス,,新町(人吉)
A15,2335,九州産交バス,,新町(水俣)
A15,2336,九州産交バス,,新道
A15,2337,九州産交バス,,パトリア千丁前
A15,2338,九州産交バス,,新村(池の上)
A15,233B,九州産交バス,,新山入口
A15,233C,九州産交バス,,信用金庫前
A15,233D,九州産交バス,,新四つ角(松橋)
A15,233E,九州産交バス,,産山小中学校前
A15,2342,九州産交バス,,自衛隊前
A15,2343,九州産交バス,,慈恩寺
A15,2344,九州産交バス,,慈願寺
A15,2345,九州産交バス,,食場
A15,2346,九州産交バス,,地下
A15,234A,九州産交バス,,寺中
A15,234B,九州産交バス,,自動車学校阿蘇製薬前
A15,234C,九州産交バス,,戸島五丁目
A15,234D,九州産交バス,,希望の里入口
A15,234E,九州産交バス,,十五社
A15,234F,九州産交バス,,十三
A15,2350,九州産交バス,,十三部
A15,2351,九州産交バス,,十三仏
A15,2352,九州産交バス,,十禅寺町
A15,2353,九州産交バス,,十禅寺町(旧道)
A15,2354,九州産交バス,,十の原
A15,2355,九州産交バス,,城
A15,2356,九州産交バス,,城ヶ花
A15,2357,九州産交バス,,城河原郵便局前
A15,2358,九州産交バス,,浄行寺
A15,2359,九州産交バス,,上下坂
A15,235A,九州産交バス,,城木場
A15,235E,九州産交バス,,城塚
A15,2360,九州産交バス,,城の浦
A15,2361,九州産交バス,,城の下
A15,2362,九州産交バス,,城北高校前
A15,2401,九州産交バス,,寺領
A15,2403,九州産交バス,,神社前
A15,2407,九州産交バス,,陣内(水俣)
A15,2408,九州産交バス,,新水俣駅
A15,2409,九州産交バス,,新八代駅西口
A15,240A,九州産交バス,,昭和町
A15,240B,九州産交バス,,下川原
A15,240D,九州産交バス,,下城本
A15,240E,九州産交バス,,小国郷農協前
A15,2410,九州産交バス,,食糧事務所前
A15,2412,九州産交バス,,商工会館前
A15,2413,九州産交バス,,新久玉団地前
A15,2415,九州産交バス,,島団地入口
A15,2416,九州産交バス,,白藤町
A15,2418,九州産交バス,,白岩戸入口
A15,2419,九州産交バス,,カルチャーパレス前
A15,241A,九州産交バス,,新牟田2
A15,241B,九州産交バス,,塩屋(長洲)
A15,241C,九州産交バス,,児童公園前
A15,241D,九州産交バス,,新城入口
A15,2422,九州産交バス,,下吉野尾
A15,2423,九州産交バス,,白坂団地前
A15,2424,九州産交バス,,B&G海洋センター前
A15,2425,九州産交バス,,下吉井
A15,2426,九州産交バス,,下高瀬
A15,2428,九州産交バス,,下向
A15,242A,九州産交バス,,下西町(阿蘇)
A15,242B,九州産交バス,,新川入口
A15,242C,九州産交バス,,志水(佐敷)
A15,242D,九州産交バス,,球磨川下り発船場前
A15,2430,九州産交バス,川8,新村(宇土)
A15,2433,九州産交バス,,城山下代
A15,2434,九州産交バス,,城山小学校前
A15,2435,九州産交バス,,下鶴(天草)
A15,2436,九州産交バス,,新村(久木野)
A15,2438,九州産交バス,,不知火中学校前
A15,2439,九州産交バス,,新田亀島
A15,243A,九州産交バス,,下門
A15,243C,九州産交バス,,下前原
A15,2443,九州産交バス,,総合医療センター前
A15,2444,九州産交バス,,新四ツ角(水俣)
A15,2445,九州産交バス,,昭和町(水俣)
A15,2446,九州産交バス,,身障者福祉センター前
A15,244A,九州産交バス,,白川入口
A15,2451,九州産交バス,,清水台団地入口
A15,2452,九州産交バス,,下屋形
A15,2453,九州産交バス,,白浜団地前
A15,2455,九州産交バス,,尻江田(岳の湯)
A15,2456,九州産交バス,,下南部団地入口
A15,2458,九州産交バス,,下里(君ヶ淵)
A15,245A,九州産交バス,,下原(人吉)
A15,245E,九州産交バス,,新立
A15,2460,九州産交バス,,白浜(津奈木)
A15,2461,九州産交バス,,うしぶか温泉前
A15,2462,九州産交バス,,下田大橋
A15,2463,九州産交バス,,新地(松合)
A15,2500,九州産交バス,,慈恵病院前
A15,2501,九州産交バス,,市民球場前
A15,2505,九州産交バス,,下大多尾
A15,2506,九州産交バス,,下新町(人吉)
A15,2508,九州産交バス,,福祉センターグラウンド前(小峯)
A15,2509,九州産交バス,,下笹倉
A15,250A,九州産交バス,,下井上町
A15,250B,九州産交バス,,市役所前・日本郵政横(議事堂線)
A15,251A,九州産交バス,,陣の内
A15,251B,九州産交バス,,新村(人吉)
A15,251C,九州産交バス,,白石駅入口
A15,2525,九州産交バス,,下松の原
A15,2526,九州産交バス,,新和町漁協前
A15,252C,九州産交バス,,下沖橋
A15,252D,九州産交バス,,新迎田
A15,252E,九州産交バス,,椎葉入口
A15,2537,九州産交バス,,新土河原町入口
A15,2538,九州産交バス,,城山保育園入口
A15,2539,九州産交バス,,城山小学校前(西回り)
A15,253C,九州産交バス,,商工会議所前
A15,253D,九州産交バス,,新堀町
A15,2540,九州産交バス,,湖東一丁目
A15,2541,九州産交バス,,下近見(東バイパス)
A15,2543,九州産交バス,,四季の森温泉
A15,2544,九州産交バス,川8,ショッピングプラザ宇土前
A15,2546,九州産交バス,,治郎田
A15,2547,九州産交バス,,ハローワーク前
A15,2548,九州産交バス,,自治会館入口
A15,254C,九州産交バス,,下代入口
A15,254D,九州産交バス,,消防署前
A15,254E,九州産交バス,,不知火温泉センター前
A15,2552,九州産交バス,,塩屋平
A15,2553,九州産交バス,,本渡東小学校
A15,2555,九州産交バス,,白藤東原
A15,2558,九州産交バス,,翔陽高校前
A15,255A,九州産交バス,,下片諏訪
A15,255B,九州産交バス,,白嶽森林公園入口
A15,255C,九州産交バス,,塩屋
A15,255D,九州産交バス,,市立八代支援学校
A15,255F,九州産交バス,,蛇ヶ谷公園前
A15,2560,九州産交バス,,下柿塚
A15,2561,九州産交バス,,イオン前
A15,2600,九州産交バス,,下谷(国道)
A15,2602,九州産交バス,,シープル前
A15,260B,九州産交バス,,白岩(小国)
A15,260D,九州産交バス,,下高橋(山鹿)
A15,260E,九州産交バス,,七城メロンドーム
A15,260F,九州産交バス,,消防署前(菊池)
A15,2610,九州産交バス,,下小ヶ原
A15,2611,九州産交バス,,下杉水
A15,2612,九州産交バス,,下猿渡
A15,2613,九州産交バス,,翔陽高校入口
A15,2615,九州産交バス,,白川温泉
A15,2616,九州産交バス,,白川上
A15,261A,九州産交バス,,白川下
A15,261D,九州産交バス,,新土河原一丁目
A15,261E,九州産交バス,,自動車学校前(荒尾)
A15,2622,九州産交バス,,新生西
A15,2623,九州産交バス,,新道閑橋
A15,2625,九州産交バス,,聖人原
A15,2626,九州産交バス,,市民体育館前
A15,2627,九州産交バス,,新生区南
A15,2628,九州産交バス,,新生区北
A15,2629,九州産交バス,,新図団地前
A15,263E,九州産交バス,,下野住宅団地前
A15,263F,九州産交バス,,下野踏切横
A15,264A,九州産交バス,,島団地
A15,264B,九州産交バス,,下近見(島団地)
A15,264D,九州産交バス,,新町(八代)
A15,264F,九州産交バス,,天草宝島ライン乗場前
A15,2650,九州産交バス,,しろみづき荘前
A15,2651,九州産交バス,,下十文字
A15,2652,九州産交バス,,七地町2班
A15,2653,九州産交バス,,七地公民館前
A15,2654,九州産交バス,,七地町5班
A15,2655,九州産交バス,,七地町6班
A15,2656,九州産交バス,,下原田公民館前
A15,2657,九州産交バス,,菖蒲
A15,2658,九州産交バス,,新堀アパート前
A15,2659,九州産交バス,,下鶴
A15,265A,九州産交バス,,清水橋
A15,265B,九州産交バス,,椎原診療所
A15,2700,九州産交バス,,新玉名駅
A15,270C,九州産交バス,,新山
A15,270D,九州産交バス,,新成
A15,2715,九州産交バス,,熊本市民病院
A15,2800,九州産交バス,,白藤団地入口
A15,2802,九州産交バス,,天草拓心高校マリン校舎前
A15,2804,九州産交バス,,水前寺駅通り
A15,2806,九州産交バス,,水前寺公園前
A15,280A,九州産交バス,,水道町
A15,280C,九州産交バス,,動植物園入口
A15,280F,九州産交バス,,菅の原
A15,2811,九州産交バス,,杉島
A15,2815,九州産交バス,,桜木東小学校前
A15,2818,九州産交バス,,救の浦
A15,2819,九州産交バス,,摺尾
A15,281E,九州産交バス,,涼松
A15,281F,九州産交バス,,鈴麦
A15,2820,九州産交バス,,硯川
A15,2821,九州産交バス,,砂取校前
A15,2824,九州産交バス,,上南部入口
A15,2825,九州産交バス,,ゆめタウンサンピアン前
A15,2826,九州産交バス,,住吉
A15,2828,九州産交バス,,住吉宮の前
A15,2829,九州産交バス,,栖本中学校前
A15,282A,九州産交バス,,栖本馬場
A15,282B,九州産交バス,,栖本支所前
A15,282F,九州産交バス,,諏訪原
A15,2831,九州産交バス,,下柳田
A15,2832,九州産交バス,,洲口(八代)
A15,2833,九州産交バス,,須口(牛深)
A15,2834,九州産交バス,,砂原(川口)
A15,2836,九州産交バス,,ヘリポート前
A15,283F,九州産交バス,,桃田運動公園前
A15,2842,九州産交バス,,栖本病院前
A15,2843,九州産交バス,,杉塘
A15,2846,九州産交バス,,杉
A15,284A,九州産交バス,,筋湯温泉入口
A15,284C,九州産交バス,,須口団地前
A15,284D,九州産交バス,,スポーツセンター前
A15,284E,九州産交バス,,杉水
A15,284F,九州産交バス,,水道局前(荒尾)
A15,2853,九州産交バス,,助丸
A15,2854,九州産交バス,,助丸入口
A15,2855,九州産交バス,,水道局北
A15,2856,九州産交バス,,スパタラソ
A15,285D,九州産交バス,,みつばち牧場
A15,285E,九州産交バス,,住吉北
A15,2901,九州産交バス,,青海小学校下
A15,2902,九州産交バス,,聖ヶ塔
A15,2904,九州産交バス,,清源寺
A15,2905,九州産交バス,,西山中学前
A15,2906,九州産交バス,,大江田
A15,2907,九州産交バス,,清掃センター前
A15,2908,九州産交バス,,清田
A15,290A,九州産交バス,,小島行在所入口
A15,290B,九州産交バス,,石水寺入口
A15,290C,九州産交バス,,関田
A15,2910,九州産交バス,,瀬高
A15,2912,九州産交バス,,瀬戸
A15,2917,九州産交バス,,選果場前
A15,2919,九州産交バス,,千金甲橋
A15,291B,九州産交バス,,千石橋
A15,291C,九州産交バス,,専修大学玉名高校前
A15,291E,九州産交バス,,千反
A15,291F,九州産交バス,,千反(植柳)
A15,2920,九州産交バス,,千丁二の丸
A15,2922,九州産交バス,,千の通
A15,2923,九州産交バス,,洗馬橋
A15,2926,九州産交バス,,銭塘
A15,2927,九州産交バス,,銭塘郵便局前
A15,2928,九州産交バス,,銭塘校前
A15,2929,九州産交バス,,瀬田観音前
A15,292A,九州産交バス,,西区役所前
A15,292D,九州産交バス,,瀬戸大橋(栖本)
A15,292E,九州産交バス,,小島郵便局前
A15,2935,九州産交バス,,銭塘五町
A15,2937,九州産交バス,,西部大橋
A15,2939,九州産交バス,,瀬目公園
A15,293C,九州産交バス,,清風苑前
A15,293E,九州産交バス,,セントラル病院前
A15,293F,九州産交バス,,瀬高公民館前
A15,2940,九州産交バス,,瀬高
A15,2942,九州産交バス,,瀬の本 (三愛レストハウス)
A15,2944,九州産交バス,,千丁小学校前
A15,294A,九州産交バス,,西部車庫
A15,2953,九州産交バス,,涼水戸温泉前
A15,2956,九州産交バス,,生鮮市場立願寺店前
A15,2A00,九州産交バス,,労働庁舎前
A15,2A05,九州産交バス,,人吉市立第一中学校前
A15,2A08,九州産交バス,,双原
A15,2A0A,九州産交バス,,惣領
A15,2A0C,九州産交バス,,底江
A15,2A0F,九州産交バス,,外平
A15,2A11,九州産交バス,,園山
A15,2A12,九州産交バス,,そべ石
A15,2A13,九州産交バス,,染田
A15,2A15,九州産交バス,特急たかちほ号,蘇陽総合支所前 (高速バス)
A15,2A17,九州産交バス,,総合体育館前
A15,2A1A,九州産交バス,,東黒川
A15,2A24,九州産交バス,,造船団地前
A15,2B02,九州産交バス,,大正町
A15,2B03,九州産交バス,,大原
A15,2B04,九州産交バス,,大原(棚底)
A15,2B05,九州産交バス,,代陽小学校前
A15,2B06,九州産交バス,,高植本町
A15,2B07,九州産交バス,,高江町
A15,2B08,九州産交バス,,田頭
A15,2B0B,九州産交バス,,高串
A15,2B0D,九州産交バス,,高砂
A15,2B0E,九州産交バス,,高島
A15,2B0F,九州産交バス,,高瀬
A15,2B10,九州産交バス,,高田
A15,2B14,九州産交バス,,高野(東郷)
A15,2B15,九州産交バス,,高橋
A15,2B16,九州産交バス,,高橋中間
A15,2B17,九州産交バス,,高島第二
A15,2B1A,九州産交バス,,高浜
A15,2B1B,九州産交バス,,高浜地区コミュニティセンター前
A15,2B1D,九州産交バス,,高鼻
A15,2B20,九州産交バス,,高森駅前
A15,2B21,九州産交バス,,高森中央
A15,2B22,九州産交バス,,高森下町
A15,2B23,九州産交バス,,吉田新町
A15,2B29,九州産交バス,,高原記念碑前
A15,2B2E,九州産交バス,,託麻北小学校前
A15,2B2F,九州産交バス,,託麻まちづくりセンター前
A15,2B30,九州産交バス,,託麻団地入口
A15,2B31,九州産交バス,,託麻原本通り
A15,2B32,九州産交バス,,岳川橋
A15,2B33,九州産交バス,,竹崎
A15,2B34,九州産交バス,,竹崎(松橋)
A15,2B36,九州産交バス,,竹中
A15,2B38,九州産交バス,,竹の川
A15,2B39,九州産交バス,,竹の熊
A15,2B3C,九州産交バス,,第二高校前
A15,2B3D,九州産交バス,,岳の湯
A15,2B3E,九州産交バス,,竹原
A15,2B40,九州産交バス,,竹原(阿蘇)
A15,2B41,九州産交バス,,田子崎
A15,2B42,九州産交バス,,田子の須
A15,2B43,九州産交バス,,田崎
A15,2B44,九州産交バス,,田崎(玉名)
A15,2B46,九州産交バス,,田崎市場前
A15,2B48,九州産交バス,,田崎橋
A15,2B4A,九州産交バス,,田崎町
A15,2B4B,九州産交バス,,田代
A15,2B4C,九州産交バス,,春日六丁目
A15,2B4E,九州産交バス,,立浦
A15,2B50,九州産交バス,,立原
A15,2B51,九州産交バス,,立花
A15,2B54,九州産交バス,,辰ヶ越
A15,2B55,九州産交バス,,辰口
A15,2B56,九州産交バス,,竜田口駅前
A15,2B57,九州産交バス,,竜田陳内
A15,2B58,九州産交バス,,立田幼稚園前
A15,2B59,九州産交バス,,竜堀
A15,2B5A,九州産交バス,,天水生命学園前
A15,2B5E,九州産交バス,,立神(宮原)
A15,2C00,九州産交バス,,立山(長洲)
A15,2C02,九州産交バス,,田中橋
A15,2C03,九州産交バス,,田中町
A15,2C04,九州産交バス,,棚底
A15,2C05,九州産交バス,,棚底中央
A15,2C07,九州産交バス,,谷尾崎
A15,2C08,九州産交バス,,谷尾崎入口
A15,2C09,九州産交バス,,谷尾崎団地前
A15,2C0B,九州産交バス,,種山
A15,2C0D,九州産交バス,,田浦駅前
A15,2C0E,九州産交バス,,田浦基幹支所前
A15,2C11,九州産交バス,,田尻
A15,2C12,九州産交バス,,田の原
A15,2C13,九州産交バス,,田端
A15,2C14,九州産交バス,,田中西町
A15,2C15,九州産交バス,,田原校下
A15,2C16,九州産交バス,,田原坂ニュータウン
A15,2C17,九州産交バス,,田原坂ニュータウン入口
A15,2C1A,九州産交バス,,田町
A15,2C1B,九州産交バス,,玉名駅前
A15,2C1C,九州産交バス,,高瀬大橋口
A15,2C1D,九州産交バス,,玉名温泉 足湯前
A15,2C1E,九州産交バス,,玉名工業高校前
A15,2C20,九州産交バス,,玉名高校前
A15,2C23,九州産交バス,,玉名下町
A15,2C24,九州産交バス,,玉名市文化センター前
A15,2C25,九州産交バス,,玉名たばこ産業前
A15,2C27,九州産交バス,,繁根木
A15,2C28,九州産交バス,,玉名中町
A15,2C29,九州産交バス,,北稜高校前
A15,2C2A,九州産交バス,,玉名橋
A15,2C2B,九州産交バス,,玉水校下
A15,2C2F,九州産交バス,,田迎
A15,2C30,九州産交バス,,田向(天草)
A15,2C32,九州産交バス,,玉名消防署前
A15,2C33,九州産交バス,,多良木
A15,2C34,九州産交バス,,多良木駅前
A15,2C36,九州産交バス,,多良木小学校前
A15,2C37,九州産交バス,,下多良木
A15,2C38,九州産交バス,,多良木役場前
A15,2C3B,九州産交バス,,垂玉(小島)
A15,2C3D,九州産交バス,,滴水
A15,2C3E,九州産交バス,,太郎迫
A15,2C3F,九州産交バス,,太郎兵衛橋
A15,2C40,九州産交バス,,短大高専前
A15,2C41,九州産交バス,,大王神社前
A15,2C42,九州産交バス,,大観峰入口
A15,2C44,九州産交バス,川8,大慈禅寺
A15,2C45,九州産交バス,,大道
A15,2C47,九州産交バス,,大坊
A15,2C48,九州産交バス,,大明神(日奈久)
A15,2C49,九州産交バス,,大門瀬
A15,2C4A,九州産交バス,,平公民館
A15,2C4C,九州産交バス,,段山
A15,2C4D,九州産交バス,,駄の原
A15,2C4E,九州産交バス,,駄原
A15,2C4F,九州産交バス,,ダムサイト
A15,2C50,九州産交バス,,ダム前
A15,2C52,九州産交バス,,龍田まちづくりセンター前
A15,2C53,九州産交バス,,大琳寺
A15,2C55,九州産交バス,,田迎(古屋敷)
A15,2C56,九州産交バス,,高橋(古屋敷)
A15,2C58,九州産交バス,,駄原(内牧)
A15,2D01,九州産交バス,,託麻南小学校前
A15,2D02,九州産交バス,,託麻台入口
A15,2D05,九州産交バス,,大黒町
A15,2D0C,九州産交バス,特急たかちほ号,高千穂バスセンター
A15,2D18,九州産交バス,,玉名市民会館前
A15,2D1C,九州産交バス,,田代橋
A15,2D1E,九州産交バス,,田畑入口
A15,2D21,九州産交バス,,田渕
A15,2D24,九州産交バス,,竹脇
A15,2D3E,九州産交バス,,西原郵便局前
A15,2D46,九州産交バス,,神楽苑
A15,2D5B,九州産交バス,,高野(五木)
A15,2D5C,九州産交バス,,立田自然公園入口
A15,2D5D,九州産交バス,,田迎
A15,2D5E,九州産交バス,,田井島
A15,2D60,九州産交バス,,託麻南
A15,2D61,九州産交バス,,横手郵便局前(八代)
A15,2E01,九州産交バス,,高舞登公園登山口
A15,2E02,九州産交バス,,多出迫
A15,2E03,九州産交バス,,玉名温泉北入口
A15,2E09,九州産交バス,,高森湧水トンネル公園入口
A15,2E0C,九州産交バス,,高森興産前
A15,2E0F,九州産交バス,,高瀬入口
A15,2E14,九州産交バス,特急やまびこ号,竹田温泉花水月
A15,2E17,九州産交バス,快速たかもり号,西原台
A15,2E1A,九州産交バス,,玉名市役所前
A15,2E1C,九州産交バス,,高杉
A15,2E21,九州産交バス,,大光寺前
A15,2E22,九州産交バス,,田倉
A15,2E23,九州産交バス,,田添橋
A15,2E24,九州産交バス,,岱明ふれあいセンター
A15,2E31,九州産交バス,,田迎小学校前
A15,2E35,九州産交バス,,新道高戸
A15,2E38,九州産交バス,,大黒橋
A15,2E39,九州産交バス,,田迎妙見
A15,2E3A,九州産交バス,,田迎一里木
A15,2E3B,九州産交バス,快速たかもり号,高遊
A15,2E3C,九州産交バス,,田中医院前
A15,2E3D,九州産交バス,,段地域学習センター前
A15,2E3F,九州産交バス,,田中西横
A15,2E44,九州産交バス,,玉名温泉街
A15,2E45,九州産交バス,,田端中
A15,2E4D,九州産交バス,,道の駅たのうら
A15,2E53,九州産交バス,,竹迫踏切
A15,2F01,九州産交バス,,近津
A15,2F03,九州産交バス,,稚児崎
A15,2F08,九州産交バス,,白水団地前
A15,2F09,九州産交バス,,茶屋橋
A15,2F0A,九州産交バス,,中央
A15,2F0B,九州産交バス,,中央街
A15,2F13,九州産交バス,,千代
A15,2F16,九州産交バス,,町営住宅前
A15,2F18,九州産交バス,,長陽駅入口
A15,2F19,九州産交バス,,南阿蘇西小学校前
A15,2F1B,九州産交バス,,千代塚
A15,2F1C,九州産交バス,,中央通り(牛深)
A15,2F1D,九州産交バス,,遊水池前
A15,2F23,九州産交バス,,筑紫野 (二日市温泉入口)
A15,2F29,九州産交バス,,中央郵便局前
A15,2F2A,九州産交バス,,近見町(東バイパス)
A15,2F2B,九州産交バス,,美里町役場中央庁舎前
A15,2F30,九州産交バス,,駐在所前(五木)
A15,2F31,九州産交バス,,天草地域医療センター
A15,2F36,九州産交バス,,中央区
A15,2F37,九州産交バス,,中央小学校前
A15,2F38,九州産交バス,,中央北区
A15,3001,九州産交バス,,築地
A15,3002,九州産交バス,,築地(多良木)
A15,3004,九州産交バス,,通詞
A15,3006,九州産交バス,,杖立
A15,3007,九州産交バス,,塚の本
A15,300B,九州産交バス,,月瀬入口
A15,300C,九州産交バス,,月田
A15,3011,九州産交バス,,筒井(泉村)
A15,3012,九州産交バス,,筒口
A15,3014,九州産交バス,,九十九瀬
A15,3015,九州産交バス,,葛山
A15,3016,九州産交バス,,津奈木駅前
A15,3017,九州産交バス,,つなぎ温泉前
A15,3018,九州産交バス,,椿井
A15,3019,九州産交バス,,椿の堂
A15,301A,九州産交バス,,津袋
A15,301D,九州産交バス,,津森
A15,3021,九州産交バス,,鶴(天草)
A15,3025,九州産交バス,,鶴(古屋敷)
A15,302E,九州産交バス,,鶴戸
A15,302F,九州産交バス,,鶴野々
A15,3030,九州産交バス,,鶴羽
A15,303A,九州産交バス,,津森農協前(バイパス)
A15,303B,九州産交バス,,津奈木役場前
A15,303D,九州産交バス,,月出小学校入口
A15,303E,九州産交バス,,月田三差路
A15,303F,九州産交バス,,阿蘇総合センター
A15,3045,九州産交バス,,鶴田団地前
A15,304A,九州産交バス,,つつじヶ丘
A15,304E,九州産交バス,,月田区
A15,3051,九州産交バス,,津田下
A15,3053,九州産交バス,,月田橋
A15,3058,九州産交バス,,堤病院前
A15,305F,九州産交バス,,通詞島
A15,3060,九州産交バス,,築地下
A15,3061,九州産交バス,,築地公民館
A15,3062,九州産交バス,,築山小学校前
A15,3202,九州産交バス,,熊本整形外科病院前
A15,3203,九州産交バス,,鉄工団地入口(人吉)
A15,3204,九州産交バス,,鉄工団地入口
A15,3205,九州産交バス,,テニスコート前(供合線)
A15,3206,九州産交バス,,手野
A15,3207,九州産交バス,,手野局前
A15,3208,九州産交バス,,手場
A15,3209,九州産交バス,,寺尾
A15,320D,九州産交バス,,寺迫
A15,320E,九州産交バス,,寺田
A15,3210,九州産交バス,,寺の下
A15,3213,九州産交バス,,寺村口
A15,3214,九州産交バス,,寺山
A15,3215,九州産交バス,,天狗橋
A15,3216,九州産交バス,,大江天主堂入口
A15,3218,九州産交バス,,天水湖
A15,321C,九州産交バス,,天明まちづくりセンター前
A15,321D,九州産交バス,,天明老人センター
A15,321E,九州産交バス,,出来町
A15,321F,九州産交バス,,豊野内
A15,3220,九州産交バス,,出町
A15,3222,九州産交バス,,出町三丁目
A15,3223,九州産交バス,,出村
A15,3224,九州産交バス,,池田二丁目
A15,3225,九州産交バス,,六地蔵前
A15,3226,九州産交バス,,九品寺交差点
A15,3228,九州産交バス,,出町(八代)
A15,3229,九州産交バス,,出村(鏡)
A15,3234,九州産交バス,,テクノリサーチパーク
A15,3235,九州産交バス,,テクノポリスセンター(空港)
A15,3236,九州産交バス,,テクノリサーチパーク入口
A15,3240,九州産交バス,,テニスコート前(城山)
A15,3243,九州産交バス,,寺坂
A15,3245,九州産交バス,,電気検定所前
A15,3247,九州産交バス,,鉄工団地前
A15,3248,九州産交バス,,てんすい倶楽部前
A15,324A,九州産交バス,,寺島
A15,324F,九州産交バス,,鉄砲塚
A15,3257,九州産交バス,,テクノ団地入口
A15,3259,九州産交バス,,テクノ団地東
A15,325A,九州産交バス,,テクノ団地西
A15,3301,九州産交バス,,砥石
A15,3302,九州産交バス,,戸井の口
A15,3304,九州産交バス,,東海学園前
A15,3305,九州産交バス,,東間小学校前
A15,330C,九州産交バス,,峠(水俣)
A15,330E,九州産交バス,,峠の茶屋
A15,330F,九州産交バス,,東郷農協前
A15,3311,九州産交バス,,頭地
A15,3312,九州産交バス,,塔の崎
A15,3314,九州産交バス,,東部まちづくりセンター前
A15,3316,九州産交バス,,通町
A15,3317,九州産交バス,,年の神前
A15,331A,九州産交バス,,通町筋
A15,331C,九州産交バス,,通山
A15,331D,九州産交バス,,土河原
A15,331F,九州産交バス,,徳王
A15,3320,九州産交バス,,とくさ口
A15,3321,九州産交バス,,戸越坂
A15,3322,九州産交バス,,戸坂
A15,3324,九州産交バス,,戸坂橋
A15,3326,九州産交バス,,戸島入口
A15,3327,九州産交バス,,戸島神社前
A15,3328,九州産交バス,,戸島駐車場前
A15,3329,九州産交バス,,戸島農協前
A15,332C,九州産交バス,,戸田代橋
A15,3330,九州産交バス,,ゆめタウン玉名前
A15,3331,九州産交バス,,轟橋
A15,3334,九州産交バス,,飛石
A15,3336,九州産交バス,,泊
A15,3337,九州産交バス,,富岡小学校前
A15,3338,九州産交バス,,富岡港
A15,3339,九州産交バス,,富岡産交前
A15,333A,九州産交バス,,富岡三差路
A15,333B,九州産交バス,,富岡新町
A15,333C,九州産交バス,,富の尾橋
A15,333D,九州産交バス,,塘
A15,333E,九州産交バス,,供合農協前
A15,333F,九州産交バス,,友尻
A15,3340,九州産交バス,,砥用五反田
A15,3341,九州産交バス,,砥用中央
A15,3344,九州産交バス,,豊川小学校入口
A15,3345,九州産交バス,,豊田
A15,3346,九州産交バス,,豊永
A15,3347,九州産交バス,,南山崎
A15,3348,九州産交バス,,豊福
A15,3349,九州産交バス,,虎取
A15,334A,九州産交バス,,鳥越
A15,334B,九州産交バス,,鳥子川
A15,334C,九州産交バス,,渡鹿
A15,334D,九州産交バス,,熊本学園大学入口
A15,3353,九州産交バス,九州横断バス/特急やまびこ号,カドリー・ドミニオン前
A15,3354,九州産交バス,,道尻
A15,335B,九州産交バス,,道目木
A15,335C,九州産交バス,,動馬木
A15,335E,九州産交バス,,堂山
A15,335F,九州産交バス,,友尻団地前
A15,3360,九州産交バス,,渡鹿四丁目
A15,3361,九州産交バス,,渡鹿七丁目
A15,3363,九州産交バス,,東福寺前
A15,3400,九州産交バス,,図書館前(水俣)
A15,3403,九州産交バス,川8,南区役所前
A15,3404,九州産交バス,,トラックターミナル前
A15,3405,九州産交バス,,鳶町
A15,3411,九州産交バス,,十島観音前
A15,3413,九州産交バス,,峠の茶屋公園前(芳野)
A15,341A,九州産交バス,,友添
A15,341C,九州産交バス,,道面
A15,341F,九州産交バス,,富尾入口
A15,3420,九州産交バス,,頭地代替地
A15,3424,九州産交バス,,堂原
A15,342A,九州産交バス,,外山病院前
A15,342C,九州産交バス,,童子院
A15,342D,九州産交バス,,戸越三叉路
A15,343A,九州産交バス,,轟
A15,3501,九州産交バス,,中網道
A15,3503,九州産交バス,,中井手
A15,3505,九州産交バス,,中岩坂
A15,3506,九州産交バス,,中尾(津奈木)
A15,350B,九州産交バス,,中鬼王
A15,350C,九州産交バス,,中河内
A15,350D,九州産交バス,,金峰森の駅みちくさ館
A15,350E,九州産交バス,,中神
A15,350F,九州産交バス,,中北
A15,3510,九州産交バス,,中区(下津原)
A15,3515,九州産交バス,,中里
A15,3517,九州産交バス,,中島
A15,3518,九州産交バス,,中島公民館前
A15,351C,九州産交バス,,中谷
A15,351D,九州産交バス,,中田
A15,351F,九州産交バス,,中岳
A15,3528,九州産交バス,,中土
A15,3529,九州産交バス,,中西町
A15,352B,九州産交バス,,中野
A15,352E,九州産交バス,,中の浦(久玉)
A15,352F,九州産交バス,,中浦(倉岳)
A15,3530,九州産交バス,,中野口
A15,3533,九州産交バス,川8,南部まちづくりセンター前
A15,3534,九州産交バス,,上公民館前
A15,3538,九州産交バス,,中林
A15,353D,九州産交バス,,中平野
A15,353E,九州産交バス,,中二子石
A15,3540,九州産交バス,,中松駅前
A15,3541,九州産交バス,,中松小学校前
A15,3542,九州産交バス,,中松馬場
A15,3543,九州産交バス,,中緑
A15,3544,九州産交バス,,中明瀬
A15,3545,九州産交バス,,中無田
A15,3546,九州産交バス,,中村
A15,3547,九州産交バス,,中村(五木)
A15,354B,九州産交バス,,中八重
A15,354F,九州産交バス,,中山(南関)
A15,3550,九州産交バス,,中山鹿
A15,3551,九州産交バス,,中山口
A15,3555,九州産交バス,,永碇
A15,3556,九州産交バス,,永碇第二
A15,3557,九州産交バス,,長岩
A15,3558,九州産交バス,,永江
A15,3559,九州産交バス,,長尾
A15,355B,九州産交バス,,JA鹿本本所前
A15,355F,九州産交バス,,長崎浜
A15,3560,九州産交バス,,長迫
A15,3562,九州産交バス,,長洲駅北口
A15,3563,九州産交バス,,長洲中学校前
A15,3600,九州産交バス,,長洲港
A15,3601,九州産交バス,,長洲下本町
A15,3602,九州産交バス,,長洲新町
A15,3603,九州産交バス,,長洲新山
A15,3605,九州産交バス,,長洲宮の前
A15,3609,九州産交バス,,永富
A15,360A,九州産交バス,,永友
A15,360D,九州産交バス,,長浜駅前
A15,360E,九州産交バス,,長部田
A15,3611,九州産交バス,,長嶺
A15,3614,九州産交バス,,投石
A15,3615,九州産交バス,,投刀塚
A15,3616,九州産交バス,,名塚入口
A15,3618,九州産交バス,,七ツ割
A15,3619,九州産交バス,,七本
A15,361A,九州産交バス,,七日市
A15,361D,九州産交バス,,並建
A15,361F,九州産交バス,,奈良木
A15,3621,九州産交バス,,楢崎
A15,3623,九州産交バス,,楢崎中間
A15,3624,九州産交バス,,鍋田
A15,3625,九州産交バス,,成川
A15,3627,九州産交バス,,鳴川公民館前
A15,3628,九州産交バス,,南関ターミナル
A15,3629,九州産交バス,,町営グランド入口(南関町)
A15,362A,九州産交バス,,南関上町
A15,362B,九州産交バス,,南関宮の前
A15,362C,九州産交バス,,南関迎町
A15,362D,九州産交バス,,南郷団地入口
A15,362F,九州産交バス,,南天
A15,3630,九州産交バス,,南部公民館入口
A15,3635,九州産交バス,,中山(戸島)
A15,3636,九州産交バス,,中尾入口(小国)
A15,3638,九州産交バス,,鶴田病院・鶴翔苑東口
A15,363B,九州産交バス,,中須(西高)
A15,3642,九州産交バス,,中惣領
A15,3643,九州産交バス,,七ツ割入口
A15,3644,九州産交バス,,南原(日赤)
A15,3645,九州産交バス,,長嶺四ツ角
A15,3647,九州産交バス,,福祉センターグラウンド前(東西線)
A15,364F,九州産交バス,,中の迫
A15,3650,九州産交バス,,中塩屋(八代)
A15,365D,九州産交バス,,中迎原(武蔵ヶ丘)
A15,365F,九州産交バス,,中陣内
A15,3702,九州産交バス,,中島小学校入口
A15,3703,九州産交バス,,中原町
A15,3704,九州産交バス,,中青井町
A15,3705,九州産交バス,,長嶺小学校入口
A15,3706,九州産交バス,,中小峯
A15,3707,九州産交バス,,長小田
A15,370B,九州産交バス,,南海寮前
A15,370C,九州産交バス,,中谷橋
A15,370E,九州産交バス,,永江観音
A15,370F,九州産交バス,,中北東
A15,3710,九州産交バス,,永目
A15,3711,九州産交バス,,成川内団地
A15,3712,九州産交バス,,中元釜
A15,3713,九州産交バス,,鶴田病院・鶴翔苑
A15,3714,九州産交バス,,長嶺団地
A15,3715,九州産交バス,,長嶺小学校前
A15,3717,九州産交バス,,南北線入口
A15,3718,九州産交バス,,中津川
A15,3720,九州産交バス,,中尾(荒尾)
A15,3721,九州産交バス,,成田山前
A15,3722,九州産交バス,,中小路
A15,3726,九州産交バス,,中郷公民館前
A15,3727,九州産交バス,,永野入口
A15,3728,九州産交バス,,浪床町
A15,3729,九州産交バス,,浪床町公民館前
A15,372A,九州産交バス,,永松板金前
A15,372B,九州産交バス,,中原団地前
A15,372C,九州産交バス,,中神町段
A15,372D,九州産交バス,,中神町馬場
A15,372E,九州産交バス,,永碇北
A15,372F,九州産交バス,,永碇入口
A15,3730,九州産交バス,,中道
A15,3901,九州産交バス,,仁王堂
A15,3902,九州産交バス,,仁王門下
A15,3909,九州産交バス,,西浅海
A15,390C,九州産交バス,,北部まちづくりセンター前
A15,390E,九州産交バス,,西方
A15,3910,九州産交バス,,西上町
A15,3911,九州産交バス,,西川田
A15,3912,九州産交バス,,西河内
A15,3913,九州産交バス,,錦ヶ丘住宅前
A15,3914,九州産交バス,,錦中学校前
A15,3915,九州産交バス,,錦野
A15,3916,九州産交バス,,錦橋
A15,3917,九州産交バス,,西区
A15,3918,九州産交バス,,西口
A15,391A,九州産交バス,,西高根
A15,391B,九州産交バス,,西里
A15,391C,九州産交バス,,西里駅前
A15,391D,九州産交バス,,西下田
A15,3922,九州産交バス,,西立浦
A15,3923,九州産交バス,,西田端(天草)
A15,3925,九州産交バス,,西の浦
A15,3928,九州産交バス,,西原
A15,3929,九州産交バス,,西原小学校前
A15,392A,九州産交バス,,西原役場前
A15,392B,九州産交バス,,西人吉駅前
A15,392D,九州産交バス,,西牟田
A15,392E,九州産交バス,,西村久保
A15,3930,九州産交バス,,旧西村農協前
A15,3932,九州産交バス,,西元浦
A15,3934,九州産交バス,,新曽谷入口
A15,393A,九州産交バス,,日銀前
A15,393B,九州産交バス,,二丁港
A15,393C,九州産交バス,,日進
A15,393D,九州産交バス,,日新町
A15,393F,九州産交バス,,二の口
A15,3941,九州産交バス,,二の丸
A15,3943,九州産交バス,,日本合成前
A15,3944,九州産交バス,,二本松
A15,3945,九州産交バス,,入道入口
A15,3946,九州産交バス,,龍田小学校前
A15,3948,九州産交バス,,二弁当峠
A15,3949,九州産交バス,,西浦
A15,394D,九州産交バス,,西高入口
A15,3950,九州産交バス,,西三号
A15,3952,九州産交バス,,日赤病院北口
A15,3954,九州産交バス,,日赤病院前
A15,3959,九州産交バス,,西村(岳の湯)
A15,395B,九州産交バス,,西前無田
A15,395C,九州産交バス,,石匠館入口
A15,395D,九州産交バス,,西の原
A15,3960,九州産交バス,,西九日町
A15,3961,九州産交バス,特急たかちほ号,二瀬本入口
A15,3A03,九州産交バス,高速ひのくに号,西原(高速バス)
A15,3A04,九州産交バス,,西合志
A15,3A0C,九州産交バス,空港リムジンバス,ANAクラウンプラザホテル熊本ニュースカイ
A15,3A0D,九州産交バス,,北バイパス入口
A15,3A11,九州産交バス,,二本木口
A15,3A13,九州産交バス,,西無田
A15,3A17,九州産交バス,,西高校前
A15,3A18,九州産交バス,,西城の浦
A15,3A19,九州産交バス,,西田端
A15,3A1B,九州産交バス,,日赤病院構内
A15,3A1C,九州産交バス,,下久保
A15,3A1D,九州産交バス,,二の丸南
A15,3A1F,九州産交バス,,日輪寺前
A15,3A21,九州産交バス,,錦西小学校入口
A15,3A23,九州産交バス,,西原役場入口
A15,3A26,九州産交バス,,西原(荒尾)
A15,3A27,九州産交バス,,西原交差点
A15,3A28,九州産交バス,,西荒神
A15,3A29,九州産交バス,,万田小下
A15,3A2F,九州産交バス,,西黒川住宅前
A15,3A48,九州産交バス,,西野宮神社入口
A15,3A49,九州産交バス,,西瀬小学校裏
A15,3A4A,九州産交バス,,西瀬団地前
A15,3A4B,九州産交バス,,西門
A15,3A4C,九州産交バス,,西門釈迦堂前
A15,3A4D,九州産交バス,,ニシムタ前
A15,3A50,九州産交バス,,にしき園前
A15,3A5E,九州産交バス,,西熊本駅
A15,3B02,九州産交バス,,沼山津
A15,3B03,九州産交バス,,沼山津神社前
A15,3B04,九州産交バス,,奴留湯
A15,3B05,九州産交バス,,小楠記念館入口
A15,3B08,九州産交バス,,糠峯入口
A15,3C01,九州産交バス,,猫宮
A15,3D05,九州産交バス,,麦島中央
A15,3D09,九州産交バス,,野口町
A15,3D0A,九州産交バス,,野米
A15,3D0B,九州産交バス,,野崎
A15,3D0D,九州産交バス,,野添
A15,3D10,九州産交バス,,野津
A15,3D11,九州産交バス,,野鶴
A15,3D1B,九州産交バス,,野原
A15,3D1C,九州産交バス,,登
A15,3D1D,九州産交バス,,昇立
A15,3D1F,九州産交バス,,登立小学校前
A15,3D20,九州産交バス,,登谷
A15,3D22,九州産交バス,,野間
A15,3D25,九州産交バス,,呑崎
A15,3D26,九州産交バス,,乗田
A15,3D27,九州産交バス,,野釜入口
A15,3D28,九州産交バス,,野釜
A15,3D29,九州産交バス,,産山村役場前
A15,3D2A,九州産交バス,,野中(南関)
A15,3D2C,九州産交バス,,農協前(松合)
A15,3D2F,九州産交バス,,野釜大橋
A15,3D30,九州産交バス,,野口郵便局前
A15,3D3B,九州産交バス,,野路
A15,3D3F,九州産交バス,,野間口
A15,3D43,九州産交バス,,野中(土河原)
A15,3D48,九州産交バス,,ほんどの森
A15,3D49,九州産交バス,,下久井原
A15,3D4A,九州産交バス,,野々脇
A15,3D4B,九州産交バス,,野樫
A15,3D4D,九州産交バス,,農免道入口
A15,3D4E,九州産交バス,,野々脇住宅前
A15,3D57,九州産交バス,,野中
A15,3E02,九州産交バス,,灰塚
A15,3E03,九州産交バス,,波居原
A15,3E06,九州産交バス,,吐
A15,3E09,九州産交バス,,萩の尾(植木町)
A15,3E0B,九州産交バス,,萩の谷
A15,3E0C,九州産交バス,,萩原
A15,3E0D,九州産交バス,,萩原(鹿央)
A15,3E10,九州産交バス,,迫間(梅林)
A15,3E11,九州産交バス,,健軍交番前
A15,3E12,九州産交バス,,走潟農協前
A15,3E13,九州産交バス,,枦宇土
A15,3E14,九州産交バス,,はじの原
A15,3E16,九州産交バス,,旗返し
A15,3E17,九州産交バス,,畑中
A15,3E19,九州産交バス,,畑中(岩奥)
A15,3E1B,九州産交バス,,八久保
A15,3E1C,九州産交バス,,八の坪
A15,3E21,九州産交バス,,八幡園
A15,3E22,九州産交バス,,八幡宮前(免田)
A15,3E23,九州産交バス,,八里木
A15,3E24,九州産交バス,,八反田
A15,3E25,九州産交バス,,八反田入口
A15,3E26,九州産交バス,,八丁
A15,3E28,九州産交バス,,発電所前
A15,3E29,九州産交バス,,初野
A15,3E2A,九州産交バス,,鳩の釜
A15,3E2B,九州産交バス,,鳩山
A15,3E2C,九州産交バス,,花岡
A15,3E2E,九州産交バス,,花園
A15,3E32,九州産交バス,,八分字
A15,3E33,九州産交バス,,浜(護藤)
A15,3E34,九州産交バス,,浜川入口
A15,3E35,九州産交バス,,浜口
A15,3E37,九州産交バス,,浜洲
A15,3E39,九州産交バス,,浜田
A15,3E3E,九州産交バス,,早浦
A15,3E3F,九州産交バス,,早浦橋
A15,3E40,九州産交バス,,早尾
A15,3E42,九州産交バス,,林
A15,3E46,九州産交バス,,腹赤新町
A15,3E47,九州産交バス,,原大利
A15,3E49,九州産交バス,,原田川
A15,3E4A,九州産交バス,,原部
A15,3E4B,九州産交バス,,鹿校通一丁目
A15,3E4C,九州産交バス,,原水駅前
A15,3E4D,九州産交バス,,原水新町
A15,3E4E,九州産交バス,,原女木
A15,3E51,九州産交バス,,原尻
A15,3E52,九州産交バス,,華まき温泉入口
A15,3E54,九州産交バス,,春道
A15,3E55,九州産交バス,,晴山
A15,3E56,九州産交バス,,半河内
A15,3E5C,九州産交バス,,旧梅林農協前
A15,3E5D,九州産交バス,,場貫
A15,3E5E,九州産交バス,,馬場
A15,3E61,九州産交バス,,馬々鋏
A15,3E62,九州産交バス,,馬場橋
A15,3F01,九州産交バス,,番立
A15,3F02,九州産交バス,,万年池
A15,3F03,九州産交バス,,原水宮の前
A15,3F05,九州産交バス,,葉山団地入口
A15,3F06,九州産交バス,,はん田
A15,3F08,九州産交バス,,萩尾(砥用)
A15,3F0A,九州産交バス,,八丁(走潟)
A15,3F0B,九州産交バス,,浜(松合)
A15,3F0D,九州産交バス,,宇城市不知火支所前
A15,3F0F,九州産交バス,,馬場(一勝地)
A15,3F10,九州産交バス,,馬場(五木)
A15,3F25,九州産交バス,,鬼渕
A15,3F26,九州産交バス,,腹赤
A15,3F29,九州産交バス,,阿蘇白水農協前
A15,3F2A,九州産交バス,,博多バスターミナル (博多駅)
A15,3F36,九州産交バス,,浜牟田
A15,3F37,九州産交バス,,畠口漁協前
A15,3F38,九州産交バス,,ハイヤ通り
A15,3F42,九州産交バス,,野中公民館前
A15,3F44,九州産交バス,,枦宇土農協前
A15,3F46,九州産交バス,,八丁馬場
A15,3F47,九州産交バス,,春出ループ橋前
A15,3F4D,九州産交バス,,パークドーム熊本前
A15,3F4E,九州産交バス,,初神
A15,3F4F,九州産交バス,,白川水源入口
A15,3F51,九州産交バス,,博物館前
A15,3F52,九州産交バス,,八幡小学校前(山鹿)
A15,3F54,九州産交バス,,飯田高原 (エルランチョ前)
A15,3F58,九州産交バス,,羽手の木
A15,3F59,九州産交バス,,バイパス田の原
A15,3F5A,九州産交バス,,バスセンター(荒尾)
A15,3F62,九州産交バス,,白寿園前
A15,3F63,九州産交バス,,八幡台一丁目
A15,4000,九州産交バス,,八幡台二丁目
A15,4001,九州産交バス,,八幡台三丁目
A15,400D,九州産交バス,,羽田
A15,400E,九州産交バス,,林
A15,4013,九州産交バス,,花立公園前
A15,4014,九州産交バス,,八の窪入口
A15,401E,九州産交バス,,花立三丁目
A15,401F,九州産交バス,,花立五丁目
A15,4021,九州産交バス,,花立一丁目
A15,4101,九州産交バス,,樋合
A15,4102,九州産交バス,,樋合入口
A15,4105,九州産交バス,,稗方
A15,4106,九州産交バス,,日置(八代)
A15,4107,九州産交バス,,日隠
A15,4108,九州産交バス,,松橋支援学校高等部 氷川分教室入口
A15,410A,九州産交バス,,氷川ダム前
A15,410B,九州産交バス,,氷川中学校・八代郡医師会病院前
A15,410C,九州産交バス,,浜牟田橋
A15,410E,九州産交バス,,東間
A15,4112,九州産交バス,,東浅海
A15,4117,九州産交バス,,小倉東
A15,4119,九州産交バス,,東片町
A15,411A,九州産交バス,,東上宮
A15,411B,九州産交バス,,東川田
A15,411C,九州産交バス,,東ヶ丘団地入口
A15,411D,九州産交バス,,東串
A15,4120,九州産交バス,,東塩屋
A15,4121,九州産交バス,,東下田
A15,4122,九州産交バス,,東水前寺
A15,4123,九州産交バス,,東豊永
A15,4124,九州産交バス,,東中村
A15,4127,九州産交バス,,二里木
A15,4128,九州産交バス,,東八反田
A15,4129,九州産交バス,,東浜
A15,412A,九州産交バス,,東バイパス入口
A15,412C,九州産交バス,,東町
A15,412F,九州産交バス,,東牟田
A15,4131,九州産交バス,,引坂
A15,4135,九州産交バス,,久留
A15,4136,九州産交バス,,久野入口
A15,4137,九州産交バス,,菱形小学校入口
A15,413D,九州産交バス,,人吉医療センター
A15,4140,九州産交バス,,人吉駅前
A15,4143,九州産交バス,,瓜生田
A15,4145,九州産交バス,,人吉橋
A15,4147,九州産交バス,,日奈久温泉駅前
A15,4148,九州産交バス,,日奈久温泉前
A15,4149,九州産交バス,,日奈久記念碑前
A15,414A,九州産交バス,,日奈久中西町
A15,414B,九州産交バス,,日奈久浜町
A15,414C,九州産交バス,,日向
A15,4150,九州産交バス,,日の出団地前
A15,4151,九州産交バス,,日向(戸島)
A15,4153,九州産交バス,,姫井
A15,4154,九州産交バス,,姫石神社前
A15,4155,九州産交バス,,姫の浦
A15,4156,九州産交バス,,姫戸中学校前
A15,4157,九州産交バス,,姫戸港
A15,4158,九州産交バス,,姫の河内
A15,4159,九州産交バス,,百貫
A15,415D,九州産交バス,,港町(水俣)
A15,415E,九州産交バス,,港町二丁目
A15,415F,九州産交バス,,百間町
A15,4160,九州産交バス,,日吉校前
A15,4161,九州産交バス,,日吉校前(旧道)
A15,4200,九州産交バス,,平岩
A15,4201,九州産交バス,,平小城
A15,4205,九州産交バス,,平木
A15,4206,九州産交バス,,平木橋際
A15,4208,九州産交バス,,平川前
A15,4209,九州産交バス,,平島
A15,420A,九州産交バス,,平瀬
A15,420B,九州産交バス,,平素
A15,420E,九州産交バス,,平田町
A15,420F,九州産交バス,,平田町(旧道)
A15,4213,九州産交バス,,平の下
A15,4214,九州産交バス,,平野発電所前
A15,4215,九州産交バス,,平生
A15,4217,九州産交バス,,平原
A15,4218,九州産交バス,,平原(長洲)
A15,4219,九州産交バス,,平山温泉前
A15,421A,九州産交バス,,平山新町
A15,421C,九州産交バス,,広崎
A15,421D,九州産交バス,,広崎浦
A15,4220,九州産交バス,,広瀬橋
A15,4221,九州産交バス,,広田
A15,4222,九州産交バス,,広渡瀬
A15,4224,九州産交バス,,病院下
A15,4226,九州産交バス,,病院前(玉名)
A15,4227,九州産交バス,,広安小学校入口
A15,4228,九州産交バス,,引の水
A15,4229,九州産交バス,,東港
A15,422B,九州産交バス,,樋の島大橋下
A15,422C,九州産交バス,,樋の島宮の下
A15,4232,九州産交バス,,東蓑原
A15,4234,九州産交バス,,平野(五木)
A15,4235,九州産交バス,,中央中学校前
A15,4236,九州産交バス,,平床(寺領)
A15,4237,九州産交バス,,東区役所
A15,4238,九州産交バス,,東本町
A15,4239,九州産交バス,,東町中学入口
A15,423B,九州産交バス,,病院入口
A15,423D,九州産交バス,,東黒川(南小国)
A15,4246,九州産交バス,,人吉木材工業団地前
A15,4247,九州産交バス,,東町中央
A15,424B,九州産交バス,,東小池
A15,424C,九州産交バス,,毘舎丸町
A15,4255,九州産交バス,,人吉ゴルフ場前
A15,425B,九州産交バス,,東ヶ丘団地
A15,425C,九州産交バス,,廣街道
A15,4261,九州産交バス,,東引の水(大津)
A15,4307,九州産交バス,,広瀬
A15,4308,九州産交バス,,人吉郵便局前
A15,430C,九州産交バス,,久井原
A15,4311,九州産交バス,,平尾
A15,4312,九州産交バス,,東黒岩
A15,431D,九州産交バス,,東町中学西口
A15,4321,九州産交バス,,肥後岩下
A15,4322,九州産交バス,,肥後梶原
A15,4323,九州産交バス,,肥後川辺
A15,4324,九州産交バス,,肥後辺田
A15,4325,九州産交バス,,肥後小林
A15,4328,九州産交バス,,開
A15,4329,九州産交バス,,東宮内
A15,432D,九州産交バス,,東屋形三丁目
A15,432E,九州産交バス,,東屋形四丁目
A15,4331,九州産交バス,,人吉IC乗降口
A15,4337,九州産交バス,,東屋形二丁目
A15,4338,九州産交バス,,東屋形一丁目
A15,4339,九州産交バス,,新道姫戸
A15,433A,九州産交バス,,迎町交差点
A15,4345,九州産交バス,,人吉IC前
A15,434D,九州産交バス,,東新山
A15,434E,九州産交バス,,光の森五丁目
A15,434F,九州産交バス,,光の森四丁目
A15,4350,九州産交バス,,光の森七丁目
A15,4351,九州産交バス,,馬水団地
A15,4352,九州産交バス,,広安小学校・保健福祉センター前
A15,4353,九州産交バス,,広安西小学校前
A15,4354,九州産交バス,,人吉市役所西間別館
A15,4356,九州産交バス,,姫戸支所前
A15,4357,九州産交バス,,安永東団地
A15,4405,九州産交バス,,深田
A15,4407,九州産交バス,,深松
A15,4408,九州産交バス,,深海
A15,4409,九州産交バス,,深海東
A15,440F,九州産交バス,,福岡
A15,4411,九州産交バス,,立願寺
A15,4412,九州産交バス,,福田橋
A15,4413,九州産交バス,,福富
A15,4415,九州産交バス,,福連木
A15,4416,九州産交バス,,袋町
A15,4417,九州産交バス,,吹田
A15,4419,九州産交バス,,吹田第一
A15,441A,九州産交バス,,吹田第二
A15,441B,九州産交バス,,吹田団地
A15,441C,九州産交バス,,吹田団地入口
A15,441D,九州産交バス,,藤崎宮前
A15,441F,九州産交バス,,藤田(江田)
A15,4421,九州産交バス,,二浦郵便局前
A15,4422,九州産交バス,,二江
A15,4424,九州産交バス,,旧二江小学校前
A15,4425,九州産交バス,,二子
A15,4428,九州産交バス,,二又橋
A15,4429,九州産交バス,,二間戸船津
A15,442A,九州産交バス,,二間戸本郷
A15,442B,九州産交バス,,二見駅前
A15,442D,九州産交バス,,二見学校通り
A15,442E,九州産交バス,,中区(八代市)
A15,442F,九州産交バス,,二見本町
A15,4430,九州産交バス,,札の辻夫婦恵比寿神社前
A15,4431,九州産交バス,,不動前
A15,4432,九州産交バス,,府内古閑
A15,4433,九州産交バス,,船江
A15,4435,九州産交バス,,船島
A15,4436,九州産交バス,,医療センター前
A15,4437,九州産交バス,,船津
A15,4438,九州産交バス,,楠浦船津
A15,4439,九州産交バス,,中田船津
A15,443A,九州産交バス,,宮野河内船津
A15,443B,九州産交バス,,船津入口
A15,443C,九州産交バス,,船着場
A15,4441,九州産交バス,,踏切
A15,4446,九州産交バス,,古江
A15,4449,九州産交バス,,古川(古屋敷)
A15,444A,九州産交バス,,古里
A15,444D,九州産交バス,,古多良木
A15,444E,九州産交バス,,古野
A15,444F,九州産交バス,,古町(木上)
A15,4451,九州産交バス,,古宮
A15,4453,九州産交バス,,古屋敷
A15,4455,九州産交バス,,古屋敷(岩奥)
A15,4456,九州産交バス,,古屋敷局前
A15,4457,九州産交バス,,あさぎり町役場入口
A15,4459,九州産交バス,,文政廻し
A15,445A,九州産交バス,,分田
A15,445B,九州産交バス,,二見みづつき
A15,445C,九州産交バス,,二見出張所前
A15,445D,九州産交バス,,文政小学校前
A15,445E,九州産交バス,,古町(南関)
A15,445F,九州産交バス,,船江(田浦)
A15,4460,九州産交バス,,ヘルシーパーク芦北前
A15,4503,九州産交バス,,福原(三玉)
A15,4504,九州産交バス,,舟戸(219号)
A15,4505,九州産交バス,,古江(栖本)
A15,4506,九州産交バス,,札ノ木
A15,450E,九州産交バス,,不動岩入口
A15,4510,九州産交バス,,福岡空港国内線
A15,4511,九州産交バス,,西鉄天神高速バスターミナル
A15,4514,九州産交バス,,舟場
A15,4517,九州産交バス,,深水
A15,451C,九州産交バス,,福祉ゾーン前
A15,451F,九州産交バス,,渕ヶ浦
A15,4520,九州産交バス,,深水前
A15,4521,九州産交バス,,藤田
A15,4522,九州産交バス,,藤田橋
A15,4523,九州産交バス,,藤田三差路
A15,4525,九州産交バス,,船津
A15,4526,九州産交バス,,二江児童館前
A15,4527,九州産交バス,,二江漁協前
A15,4528,九州産交バス,,二江郵便局前
A15,4529,九州産交バス,,藤崎橋
A15,452D,九州産交バス,,山本神社前
A15,452F,九州産交バス,,古町
A15,4530,九州産交バス,,ふれあいセンター前
A15,4531,九州産交バス,,深瀬
A15,4532,九州産交バス,,古庄原公民館前
A15,4536,九州産交バス,,文化センター前
A15,4538,九州産交バス,,二日町(人吉)
A15,453A,九州産交バス,,麦島公民館前
A15,453B,九州産交バス,,古城町
A15,453C,九州産交バス,,不動坂
A15,4601,九州産交バス,,日置
A15,4602,九州産交バス,,阿蘇小学校前
A15,4603,九州産交バス,,辺田野
A15,4604,九州産交バス,,部田見四つ角
A15,4605,九州産交バス,,扁戸串
A15,4606,九州産交バス,,蛇田
A15,4607,九州産交バス,,人吉電力所前
A15,460F,九州産交バス,,別府駅前本町
A15,4611,九州産交バス,,弁天
A15,4612,九州産交バス,,別府交通センター
A15,4614,九州産交バス,,別府観光港 (第三埠頭)
A15,4618,九州産交バス,,別府北浜
A15,461C,九州産交バス,,丙森
A15,4702,九州産交バス,,方近
A15,4705,九州産交バス,,宝出
A15,4706,九州産交バス,,宝徳寺
A15,4707,九州産交バス,,方原公民館前
A15,470B,九州産交バス,,外園
A15,470C,九州産交バス,,外出
A15,470F,九州産交バス,,外牧
A15,4710,九州産交バス,,中栗
A15,4713,九州産交バス,,保木の下
A15,4718,九州産交バス,,保田窪
A15,4719,九州産交バス,,保田窪入口(八反田)
A15,471A,九州産交バス,,保田窪本町
A15,471B,九州産交バス,,保田窪一丁目
A15,471C,九州産交バス,,うしぶか心愛病院
A15,471E,九州産交バス,,堀切
A15,471F,九州産交バス,,堀田
A15,4721,九州産交バス,,堀渡り
A15,4723,九州産交バス,,本田
A15,4729,九州産交バス,,本分
A15,472A,九州産交バス,,本町
A15,472B,九州産交バス,,本町三丁目
A15,472C,九州産交バス,,本妙寺
A15,472D,九州産交バス,,本妙寺下
A15,472E,九州産交バス,,本妙寺電停前
A15,472F,九州産交バス,,本村(荒尾市)
A15,4734,九州産交バス,,本村入口
A15,4736,九州産交バス,,望薩峠
A15,4737,九州産交バス,,坊中四つ角
A15,473A,九州産交バス,,野添
A15,473B,九州産交バス,,姫戸体育館前
A15,473C,九州産交バス,,保育園前(鳩の釜)
A15,473E,九州産交バス,,保田窪四ッ角
A15,4740,九州産交バス,,法道寺
A15,4741,九州産交バス,,堀切(八代)
A15,4744,九州産交バス,,堀切(山西)
A15,4749,九州産交バス,,東向寺前
A15,474E,九州産交バス,,本村(太郎迫)
A15,474F,九州産交バス,,豊洋園入口
A15,475E,九州産交バス,,堀
A15,475F,九州産交バス,,細永
A15,4762,九州産交バス,,保育園前(菊池)
A15,4763,九州産交バス,,ポリテクセンター前
A15,4801,九州産交バス,,ほっと館入口
A15,480C,九州産交バス,,堀の内
A15,480D,九州産交バス,,本町緑地公園
A15,480F,九州産交バス,,ホームセンターコメリ前
A15,4810,九州産交バス,,堀
A15,4811,九州産交バス,,北部中央公園前
A15,4901,九州産交バス,,亀甲商店街
A15,4902,九州産交バス,,万江川橋
A15,4903,九州産交バス,,前原
A15,4909,九州産交バス,,牧の下
A15,490A,九州産交バス,,馬越
A15,490B,九州産交バス,,孫代
A15,490C,九州産交バス,,益城
A15,490D,九州産交バス,,益田
A15,490E,九州産交バス,,増永
A15,4911,九州産交バス,,町原
A15,4912,九州産交バス,,松合
A15,4913,九州産交バス,,松寿園前
A15,4915,九州産交バス,,八代東高校前
A15,4916,九州産交バス,,松尾
A15,4917,九州産交バス,,松江通り
A15,491A,九州産交バス,,松崎(八代)
A15,491B,九州産交バス,,松崎(中田)
A15,4920,九州産交バス,,松田農場前
A15,4922,九州産交バス,,松の原
A15,4923,九州産交バス,,松の平
A15,4924,九州産交バス,,マックスバリュ桜山店前
A15,4925,九州産交バス,,松の本
A15,4928,九州産交バス,,松橋インターチェンジ入口
A15,4929,九州産交バス,,松橋駅通り
A15,492A,九州産交バス,,松橋駅前
A15,492B,九州産交バス,,宇城警察署前
A15,492C,九州産交バス,,松橋栄町
A15,492D,九州産交バス,,松橋産交
A15,492E,九州産交バス,,JA熊本うき本所前
A15,492F,九州産交バス,,松橋中学校入口
A15,4930,九州産交バス,,松橋町体育館前
A15,4931,九州産交バス,,松橋支援学校
A15,4933,九州産交バス,,松原橋
A15,4934,九州産交バス,,松本
A15,4935,九州産交バス,,頼山陽記念碑前
A15,4936,九州産交バス,川8,松山
A15,4937,九州産交バス,,松山(旧道)
A15,4938,九州産交バス,,松山(牛深)
A15,493B,九州産交バス,,馬出野入口
A15,493E,九州産交バス,,馬水
A15,493F,九州産交バス,,馬見塚
A15,4942,九州産交バス,,豆木場
A15,4947,九州産交バス,,丸山
A15,4949,九州産交バス,,廻し
A15,494F,九州産交バス,,万楽寺入口
A15,4950,九州産交バス,,松橋高校前
A15,4954,九州産交バス,,パナソニック入口
A15,4957,九州産交バス,,前川橋(松島)
A15,4958,九州産交バス,,前川橋(八代)
A15,495A,九州産交バス,,松原(田原坂)
A15,495B,九州産交バス,,松原(黒川)
A15,495E,九州産交バス,,新丸山(一町田)
A15,4A01,九州産交バス,,松崎(松橋)
A15,4A03,九州産交バス,,万楽寺(西里線)
A15,4A04,九州産交バス,特急たかちほ号,馬見原中鶴
A15,4A05,九州産交バス,,馬門橋
A15,4A06,九州産交バス,,松の本インター口
A15,4A1B,九州産交バス,,松加
A15,4A1C,九州産交バス,,曲野台団地入口
A15,4A1D,九州産交バス,,益城インター口
A15,4A1E,九州産交バス,,廻り渕
A15,4A22,九州産交バス,,牧の戸峠
A15,4A23,九州産交バス,,満願寺入口
A15,4A28,九州産交バス,,町口神社前
A15,4A29,九州産交バス,,丸山(荒尾)
A15,4A2A,九州産交バス,,万田坑前
A15,4A2B,九州産交バス,,万田中
A15,4A2D,九州産交バス,,丸尾町
A15,4A2F,九州産交バス,,前畑
A15,4A30,九州産交バス,,馬草野
A15,4A31,九州産交バス,,松江町
A15,4A3B,九州産交バス,,松島庁舎
A15,4A3C,九州産交バス,,ましき野
A15,4A3D,九州産交バス,,マルエイ築地店前
A15,4B01,九州産交バス,,益城町役場前
A15,4B02,九州産交バス,,御宇田
A15,4B03,九州産交バス,,簾置
A15,4B05,九州産交バス,,西黒岩
A15,4B08,九州産交バス,,三角小学校下
A15,4B09,九州産交バス,,水洗
A15,4B0A,九州産交バス,,水上中学校前
A15,4B0B,九州産交バス,,岩野小学校前
A15,4B0C,九州産交バス,,水上役場前
A15,4B0D,九州産交バス,,水越
A15,4B0E,九州産交バス,,水小屋
A15,4B10,九州産交バス,,水島(荒尾市)
A15,4B12,九州産交バス,,水の浦
A15,4B15,九州産交バス,,味噌天神
A15,4B18,九州産交バス,,溝の上
A15,4B19,九州産交バス,,溝の上下
A15,4B1A,九州産交バス,,溝の口
A15,4B1F,九州産交バス,,三ツ石
A15,4B21,九州産交バス,,満越
A15,4B22,九州産交バス,,武蔵ヶ丘九丁目
A15,4B24,九州産交バス,,味取
A15,4B25,九州産交バス,,緑川橋
A15,4B26,九州産交バス,,緑ヶ丘入口
A15,4B28,九州産交バス,,水俣駅前
A15,4B2C,九州産交バス,川8,南区役所
A15,4B2E,九州産交バス,,南荒尾駅前
A15,4B30,九州産交バス,,南小国農協前
A15,4B31,九州産交バス,,南小国役場前
A15,4B32,九州産交バス,,南方
A15,4B33,九州産交バス,,南校前
A15,4B34,九州産交バス,川6/川8,熊日前
A15,4B35,九州産交バス,,熊日前(旧道)
A15,4B36,九州産交バス,,南島
A15,4B37,九州産交バス,,南高江
A15,4B38,九州産交バス,,南高江(旧道)
A15,4B39,九州産交バス,,南竹崎
A15,4B3B,九州産交バス,川8,南田尻
A15,4B3C,九州産交バス,,南田
A15,4B3E,九州産交バス,,尾田
A15,4B3F,九州産交バス,,南豊崎
A15,4B40,九州産交バス,,南走潟
A15,4B41,九州産交バス,,南原
A15,4B42,九州産交バス,,南平
A15,4B44,九州産交バス,,南町
A15,4B45,九州産交バス,,美縄
A15,4B4B,九州産交バス,,蓑原
A15,4B4C,九州産交バス,,御船
A15,4B4D,九州産交バス,,御船(三角南)
A15,4B51,九州産交バス,,宮川
A15,4B52,九州産交バス,,宮坂
A15,4B54,九州産交バス,,宮崎
A15,4B55,九州産交バス,,宮下橋
A15,4B56,九州産交バス,,宮地
A15,4B57,九州産交バス,,宮地浦
A15,4B58,九州産交バス,,宮地駅前
A15,4B59,九州産交バス,,宮地岳
A15,4B5A,九州産交バス,,宮地岳神社前
A15,4B5B,九州産交バス,,宮地中央
A15,4B5C,九州産交バス,,宮園(有佐)
A15,4B5D,九州産交バス,,宮園児童館前
A15,4B5E,九州産交バス,,宮田
A15,4B5F,九州産交バス,,宮田局前
A15,4B60,九州産交バス,,宮津
A15,4B63,九州産交バス,,宮野河内中央
A15,4C00,九州産交バス,,宮野河内本郷
A15,4C01,九州産交バス,,宮の崎
A15,4C02,九州産交バス,,宮の下
A15,4C03,九州産交バス,,宮原
A15,4C05,九州産交バス,,宮原郵便局前
A15,4C07,九州産交バス,,阿蘇神社前
A15,4C08,九州産交バス,,宮の前(大矢野)
A15,4C09,九州産交バス,,宮の前(寺領)
A15,4C0A,九州産交バス,,宮の町
A15,4C0D,九州産交バス,,宮原(山鹿)
A15,4C0E,九州産交バス,,宮原温泉前
A15,4C10,九州産交バス,,茗ヶ原入口
A15,4C12,九州産交バス,,妙見ヶ浦
A15,4C13,九州産交バス,,明神尾
A15,4C14,九州産交バス,,明瀬
A15,4C16,九州産交バス,,城山公園入口
A15,4C17,九州産交バス,,宮園(五木)
A15,4C19,九州産交バス,,御太子前
A15,4C1A,九州産交バス,,宮地中央(阿蘇)
A15,4C1B,九州産交バス,,宮の下(玉名)
A15,4C1F,九州産交バス,,水俣第一中学校前
A15,4C20,九州産交バス,,水俣病資料館下
A15,4C22,九州産交バス,,南入口
A15,4C23,九州産交バス,,南(野釜)
A15,4C2F,九州産交バス,,宮原温泉入口
A15,4C31,九州産交バス,,水俣港
A15,4C32,九州産交バス,,水俣産交
A15,4C33,九州産交バス,,下白木
A15,4C34,九州産交バス,,御岳橋(バイパス)
A15,4C35,九州産交バス,,溝の上(月田)
A15,4C37,九州産交バス,,宮原公民館前
A15,4C38,九州産交バス,,御馬下
A15,4C4C,九州産交バス,,蓑毛観音前
A15,4C4D,九州産交バス,,宮島
A15,4C52,九州産交バス,,水島
A15,4C54,九州産交バス,,深山橋
A15,4C60,九州産交バス,,水島中
A15,4C62,九州産交バス,,南方(玉名)
A15,4C63,九州産交バス,,宮本記念公園前
A15,4D00,九州産交バス,,満越交差点
A15,4D01,九州産交バス,,満越西
A15,4D09,九州産交バス,,三楠
A15,4D15,九州産交バス,,水次
A15,4D16,九州産交バス,,水迫
A15,4D17,九州産交バス,,水辺プラザ
A15,4D18,九州産交バス,,三加和温泉
A15,4D19,九州産交バス,,緑ヶ丘校前
A15,4D1A,九州産交バス,,緑ヶ丘校下
A15,4D1B,九州産交バス,,妙見
A15,4D1C,九州産交バス,,緑ヶ丘五丁目
A15,4D1D,九州産交バス,,緑ヶ丘北口
A15,4D1E,九州産交バス,,みどり区
A15,4D1F,九州産交バス,,緑ヶ丘二丁目
A15,4D20,九州産交バス,,緑ヶ丘三丁目
A15,4D26,九州産交バス,,見晴台駅
A15,4D27,九州産交バス,,みやじま幼稚園前
A15,4D2A,九州産交バス,,宮原中央
A15,4D34,九州産交バス,,三角小学校前
A15,4D35,九州産交バス,,南ヶ丘小学校前
A15,4E03,九州産交バス,,向町
A15,4E07,九州産交バス,,向一部
A15,4E08,九州産交バス,,向坂
A15,4E09,九州産交バス,,向淋
A15,4E0A,九州産交バス,,向津留
A15,4E0B,九州産交バス,,向道
A15,4E0C,九州産交バス,,武蔵ヶ丘
A15,4E0D,九州産交バス,,武蔵ヶ丘車庫前
A15,4E0E,九州産交バス,,武蔵ヶ丘団地入口
A15,4E10,九州産交バス,,武蔵ヶ丘一丁目
A15,4E11,九州産交バス,,武蔵ヶ丘四丁目
A15,4E12,九州産交バス,,武蔵塚公園
A15,4E13,九州産交バス,,武蔵陸橋
A15,4E15,九州産交バス,,無田口
A15,4E16,九州産交バス,,無田の原
A15,4E17,九州産交バス,,武蔵ヶ丘北口
A15,4E19,九州産交バス,,睦橋
A15,4E1B,九州産交バス,,村
A15,4E1C,九州産交バス,,村迫
A15,4E1E,九州産交バス,,無量寺
A15,4E20,九州産交バス,,室町
A15,4E21,九州産交バス,,武蔵塚駅前
A15,4E22,九州産交バス,,武蔵ヶ丘中央
A15,4E23,九州産交バス,,宗方
A15,4E26,九州産交バス,,迎町
A15,4E29,九州産交バス,,六ツ角(水俣)
A15,4E2A,九州産交バス,,迎田
A15,4E2D,九州産交バス,,武蔵ヶ丘(高速バス)
A15,4E30,九州産交バス,,武蔵中学校前
A15,4E3B,九州産交バス,,牟田漁港
A15,4E3C,九州産交バス,,牟田
A15,4E40,九州産交バス,,新道牟田
A15,4E41,九州産交バス,,新道牟田漁港
A15,4E42,九州産交バス,,麦島
A15,4F02,九州産交バス,,女ヶの串
A15,4F03,九州産交バス,,巡り
A15,4F05,九州産交バス,,目玉入口
A15,4F06,九州産交バス,,米野
A15,4F07,九州産交バス,,米の岳農協前
A15,4F09,九州産交バス,,あさぎり駅前
A15,4F0C,九州産交バス,,免田橋
A15,4F0D,九州産交バス,,免田深田通り
A15,4F0E,九州産交バス,,免田下本町
A15,4F0F,九州産交バス,,目磨
A15,4F10,九州産交バス,,長嶺南一丁目
A15,4F11,九州産交バス,,帯山九丁目
A15,4F12,九州産交バス,,免田八幡町
A15,4F15,九州産交バス,,めぐり渕
A15,4F16,九州産交バス,,鉄工団地通り
A15,4F17,九州産交バス,,免許センター
A15,5001,九州産交バス,,催合
A15,5002,九州産交バス,,舞尾橋
A15,5004,九州産交バス,,木魂館前
A15,5005,九州産交バス,,茂木根海水浴場入口
A15,5006,九州産交バス,,目郎
A15,5007,九州産交バス,,茂串
A15,5008,九州産交バス,,茂串体育館
A15,5009,九州産交バス,,持田
A15,500B,九州産交バス,,用木
A15,500C,九州産交バス,,元井谷
A15,500D,九州産交バス,,元浦
A15,500E,九州産交バス,,元玉名
A15,500F,九州産交バス,川8,元三町
A15,5013,九州産交バス,,もみ木橋
A15,5014,九州産交バス,,森
A15,5015,九州産交バス,,森の木口
A15,5016,九州産交バス,,門出
A15,5018,九州産交バス,,用木農協前
A15,5019,九州産交バス,,催合入口
A15,501C,九州産交バス,,森北
A15,5037,九州産交バス,,もみの木美容室前
A15,5101,九州産交バス,,焼米
A15,5102,九州産交バス,,八重
A15,5103,九州産交バス,,屋形
A15,5105,九州産交バス,,世間部
A15,5106,九州産交バス,,家壁
A15,5107,九州産交バス,,役犬原
A15,510A,九州産交バス,,矢崎
A15,510B,九州産交バス,,八島町
A15,510C,九州産交バス,,安永
A15,510E,九州産交バス,,八千把二の丸
A15,5110,九州産交バス,,八代駅前
A15,5111,九州産交バス,,八代宮前
A15,5113,九州産交バス,,八代工業高校前
A15,5114,九州産交バス,,八代産交
A15,5115,九州産交バス,,八代市役所前
A15,5116,九州産交バス,,八代小学校入口
A15,5118,九州産交バス,,八代たばこ産業前
A15,5119,九州産交バス,,秀岳館高校前
A15,511A,九州産交バス,,八代農高前
A15,511B,九州産交バス,,八農分校前
A15,511E,九州産交バス,,柳田
A15,5122,九州産交バス,,柳郵便局前
A15,5123,九州産交バス,,柳瀬
A15,5124,九州産交バス,,簗瀬
A15,5127,九州産交バス,,八幡浜
A15,5128,九州産交バス,,八幡町
A15,5129,九州産交バス,,八幡町(旧道)
A15,512D,九州産交バス,,山鹿
A15,512E,九州産交バス,,山鹿大橋口
A15,512F,九州産交バス,,山鹿警察署入口
A15,5130,九州産交バス,,山鹿栄町
A15,5131,九州産交バス,,山鹿市役所入口
A15,5133,九州産交バス,,山鹿下町
A15,5135,九州産交バス,,シルバー人材センター入口
A15,5136,九州産交バス,,山鹿市民医療センター前
A15,5137,九州産交バス,,南本町
A15,513A,九州産交バス,,山口(五木)
A15,513B,九州産交バス,,山崎橋
A15,513C,九州産交バス,,山下
A15,513F,九州産交バス,,山田
A15,5140,九州産交バス,,山田橋
A15,5142,九州産交バス,,山西
A15,5143,九州産交バス,,山西小学校前(山西線)
A15,5144,九州産交バス,,山の浦
A15,5147,九州産交バス,,山の口
A15,5148,九州産交バス,,山の口(二見)
A15,514A,九州産交バス,,ヤマハ前
A15,514B,九州産交バス,,山部田
A15,514D,九州産交バス,,山本橋
A15,514E,九州産交バス,,矢津田
A15,514F,九州産交バス,,山伏塚
A15,5150,九州産交バス,,山伏原
A15,5151,九州産交バス,,薬師温泉入口
A15,5153,九州産交バス,,山下(日奈久)
A15,5154,九州産交バス,,山下(人吉)
A15,5155,九州産交バス,,漁協前
A15,5159,九州産交バス,,柳ヶ丘団地入口
A15,515A,九州産交バス,,八代清流高校前
A15,515E,九州産交バス,,山中入口(笹倉)
A15,5160,九州産交バス,,八幡校前(玉名)
A15,5162,九州産交バス,,福連木出張所前
A15,5163,九州産交バス,,山の浦体育館
A15,5208,九州産交バス,,八女インターチェンジ
A15,520D,九州産交バス,,八ツ田
A15,520E,九州産交バス,,柳瀬公民館前
A15,521B,九州産交バス,,八代IC前(高速入口)
A15,521D,九州産交バス,,野営場前
A15,521E,九州産交バス,,柳原
A15,5220,九州産交バス,,山鹿郵便局前
A15,5228,九州産交バス,,やいらぎダム入口
A15,5229,九州産交バス,,山鹿市役所前
A15,522C,九州産交バス,,山鹿バスセンター
A15,522D,九州産交バス,,山の手
A15,522F,九州産交バス,,大和団地前
A15,5231,九州産交バス,,八幡宮前
A15,5232,九州産交バス,,弥生乃湯前
A15,5236,九州産交バス,,八代実業専門学校前
A15,5237,九州産交バス,,八代三中前
A15,5239,九州産交バス,,矢黒つつじヶ丘
A15,523A,九州産交バス,,矢黒町
A15,523B,九州産交バス,,八代高校前
A15,5304,九州産交バス,,弓削
A15,5305,九州産交バス,,弓削団地入口
A15,530A,九州産交バス,,ゆめタウン光の森
A15,530C,九州産交バス,,湯の浦温泉前
A15,530D,九州産交バス,,湯の浦橋
A15,5315,九州産交バス,,湯の前駅前
A15,5317,九州産交バス,,弓ヶ浜
A15,5319,九州産交バス,,はな阿蘇美入口
A15,531A,九州産交バス,,湯山温泉前
A15,531B,九州産交バス,,湯山小学校前
A15,531C,九州産交バス,,湯山保育園前
A15,531D,九州産交バス,,小天温泉
A15,531F,九州産交バス,,湯山入口(人吉)
A15,5320,九州産交バス,,遊蛇口
A15,5327,九州産交バス,,大矢野郵便局前
A15,532A,九州産交バス,,ゆうステーション (道の駅小国)
A15,532E,九州産交バス,,遊蛇口団地前
A15,5335,九州産交バス,,萌の里・俵山登山口
A15,5337,九州産交バス,,ゆめひろば前
A15,533A,九州産交バス,,ゆめタウン(八代)
A15,533F,九州産交バス,,ゆめマート前(松島)
A15,5340,九州産交バス,,友愛苑前
A15,5401,九州産交バス,,要江
A15,5403,九州産交バス,,要江桟橋
A15,5405,九州産交バス,,専門学校前
A15,5406,九州産交バス,,遥拝
A15,5408,九州産交バス,,横頭
A15,5409,九州産交バス,,横島入口
A15,540F,九州産交バス,,多良木警察署前
A15,5410,九州産交バス,,横枕
A15,5411,九州産交バス,,横町
A15,5413,九州産交バス,,吉井
A15,5417,九州産交バス,,総合体育館前(牛深)
A15,5418,九州産交バス,,吉野
A15,5419,九州産交バス,,吉野尾
A15,541A,九州産交バス,,芳野第一
A15,541B,九州産交バス,,吉松小学校前
A15,541F,九州産交バス,,余内
A15,5421,九州産交バス,,米田
A15,5422,九州産交バス,,米田農協前
A15,5424,九州産交バス,,嫁坂
A15,5425,九州産交バス,,四方寄
A15,5426,九州産交バス,,世安町
A15,5427,九州産交バス,,四里塚
A15,5428,九州産交バス,,寄船
A15,542A,九州産交バス,,四丁
A15,542B,九州産交バス,,横手(五木)
A15,542E,九州産交バス,,横道(松合)
A15,542F,九州産交バス,,四番橋
A15,5437,九州産交バス,,陽光学園前
A15,5439,九州産交バス,,吉田登山線入口
A15,543A,九州産交バス,,山一の口
A15,543B,九州産交バス,,横馬場
A15,543D,九州産交バス,,横手郵便局前
A15,5440,九州産交バス,,四山下区
A15,5441,九州産交バス,,四山中区
A15,5448,九州産交バス,,横手新町
A15,5504,九州産交バス,,竜ヶ岳登山口
A15,5505,九州産交バス,,竜ヶ岳学校前
A15,5506,九州産交バス,,立願寺橋
A15,5508,九州産交バス,,立徳
A15,5509,九州産交バス,,立福寺
A15,550A,九州産交バス,,竜峰小学校前
A15,550B,九州産交バス,,療育センター入口
A15,550D,九州産交バス,,霊仙
A15,550E,九州産交バス,,両併入口
A15,550F,九州産交バス,,リバグリーン八幡
A15,5510,九州産交バス,,小波戸(鳩の釜)
A15,5511,九州産交バス,,下立福寺(和泉)
A15,5512,九州産交バス,,立神(柳瀬)
A15,5513,九州産交バス,,運輸支局入口
A15,5514,九州産交バス,,流藻川団地入口
A15,5515,九州産交バス,,竜ヶ岳郵便局前
A15,5517,九州産交バス,,両出
A15,551A,九州産交バス,,臨港線田中町
A15,551B,九州産交バス,,臨港線大村
A15,5522,九州産交バス,,林業総合センター前
A15,5525,九州産交バス,,両併小学校前
A15,5526,九州産交バス,,流通団地
A15,5604,九州産交バス,,苓北町役場前
A15,5606,九州産交バス,,蓮台寺
A15,5607,九州産交バス,,蓮台寺入口
A15,5703,九州産交バス,,老人ホーム前(天草)
A15,5705,九州産交バス,,花岡西
A15,5706,九州産交バス,,路木
A15,5708,九州産交バス,,六地蔵
A15,5709,九州産交バス,,六地蔵(岩奥)
A15,570C,九州産交バス,,録田住宅前
A15,570D,九州産交バス,,六反田
A15,570E,九州産交バス,,六藤
A15,5710,九州産交バス,,六角堂
A15,5711,九州産交バス,,梅津
A15,5712,九州産交バス,,労災病院前
A15,5713,九州産交バス,,老人センター前(牛深)
A15,5714,九州産交バス,,交流センター入口
A15,5716,九州産交バス,,老人ホーム春光苑
A15,5718,九州産交バス,,老人保健施設前
A15,5719,九州産交バス,,老人ホームリバーサイド熊本前
A15,571B,九州産交バス,,自動車学校前
A15,571D,九州産交バス,,イオンタウン
A15,5801,九州産交バス,,東原
A15,5803,九州産交バス,,若宮団地前
A15,5805,九州産交バス,,涌尾
A15,5807,九州産交バス,,和小路
A15,5808,九州産交バス,,渡駅前
A15,5809,九州産交バス,,渡小学校前
A15,580E,九州産交バス,,蕨野
A15,5810,九州産交バス,,鰐洞
A15,5813,九州産交バス,,和田(天草)
A15,5816,九州産交バス,,和田(松合)
A15,5817,九州産交バス,,若宮神社入口
A15,5820,九州産交バス,,若宮海水浴場前
A15,5903,九州産交バス,,三丁目
A15,5B25,九州産交バス,,永国寺前
A16,0,九州産交バス,,共通
A16,1,産交バス,,合津中央
A16,2,産交バス,,会富
A16,3,産交バス,天草本渡市街地循環バス のってみゅうかー,天草市民センター
A16,5,産交バス,御船木山線,赤井
A16,8,産交バス,,赤岩(天草市)
A16,A,産交バス,黒崎環状線,赤岩(三角)
A16,D,産交バス,,赤崎(天草)
A16,E,産交バス,,赤崎(池の浦)
A16,F,産交バス,,赤崎(小天)
A16,13,産交バス,三角宇土駅線,赤瀬(三角)
A16,14,産交バス,荒尾玉名線 1系統,赤田公園前
A16,17,産交バス,,油新地
A16,19,産交バス,八代田浦線,赤松
A16,1A,産交バス,八代田浦線,赤松トンネル前
A16,1C,産交バス,大津木山線,秋田
A16,1D,産交バス,,飽田西小学校
A16,1E,産交バス,,JA飽田支所前
A16,1F,産交バス,,秋津新町
A16,20,産交バス,,秋津薬局前
A16,23,産交バス,,秋永
A16,24,産交バス,,秋鯰
A16,25,産交バス,,曙橋
A16,26,産交バス,,曙町
A16,27,産交バス,八代松橋線,浅川
A16,28,産交バス,,旭中央
A16,29,産交バス,,旭中央第二
A16,2A,産交バス,,旭町商店街
A16,2E,産交バス,田浦水俣線,芦北町役場前
A16,2F,産交バス,湯前線・人吉市房線・人吉古屋敷線,汗原
A16,30,産交バス,,阿蘇駅前
A16,32,産交バス,,内牧温泉入口
A16,34,産交バス,,阿蘇中央高校・阿蘇校舎前
A16,35,産交バス,,阿蘇下町
A16,37,産交バス,,阿蘇新町
A16,38,産交バス,,阿蘇自動車学校前
A16,3A,産交バス,,阿蘇土地改良区前
A16,3C,産交バス,,清峰校舎グラウンド前
A16,3D,産交バス,,阿蘇病院前
A16,41,産交バス,,阿蘇ホテル前
A16,42,産交バス,,阿蘇本村
A16,43,産交バス,,あそ☆ビバ前
A16,45,産交バス,,松ヶ鼻
A16,4B,産交バス,,阿保
A16,4C,産交バス,八代松橋線,海士江
A16,4D,産交バス,八代松橋線,海士江沖
A16,4F,産交バス,,天草工業高校前
A16,51,産交バス,,大矢崎
A16,53,産交バス,,天草警察署総合庁舎前
A16,54,産交バス,,天草中央総合病院前
A16,55,産交バス,,大浦
A16,56,産交バス,,天草病院入口(鬼池)
A16,58,産交バス,三角宇土駅線,網津
A16,59,産交バス,,東阿村
A16,5B,産交バス,五木線/人吉五木線,雨宮
A16,5C,産交バス,川8,綾織
A16,5D,産交バス,,鮎帰り(天草)
A16,5F,産交バス,,洗出し
A16,60,産交バス,,荒尾駅前
A16,61,産交バス,,荒尾郵便局前
A16,62,産交バス,,朝日区
A16,63,産交バス,,荒尾市役所前
A16,100,産交バス,,四ツ山
A16,103,産交バス,野3/野5,荒木
A16,104,産交バス,小国郷ぐる〜っとバス,荒倉
A16,105,産交バス,三角さんぱーる線/三角宇土駅線,荒川
A16,106,産交バス,大津木山線,荒瀬
A16,108,産交バス,湯前線・人吉市房線・人吉古屋敷線,荒田
A16,109,産交バス,,下津浦
A16,10A,産交バス,,大浦町民グランド前
A16,10B,産交バス,,有明支所前
A16,10D,産交バス,,有佐駅前
A16,10F,産交バス,,大津町子育て・健診センター前
A16,112,産交バス,八代種山線・八代八農分校線/八代松橋線,あんこう
A16,116,産交バス,,阿蘇市商工会前
A16,11C,産交バス,,赤水
A16,11D,産交バス,,荒尾町入口
A16,120,産交バス,,赤崎西
A16,123,産交バス,湯前線・人吉市房線・人吉古屋敷線,赤坂(人吉)
A16,124,産交バス,,旭町(御船)
A16,12C,産交バス,,曙団地入口
A16,12D,産交バス,,阿蘇山上ターミナル
A16,131,産交バス,,ナショナルパークインフォメーションセンター
A16,135,産交バス,,阿蘇地域振興局前
A16,139,産交バス,田浦水俣線,芦北
A16,150,産交バス,田浦水俣線,芦北西
A16,151,産交バス,,赤崎団地入口
A16,153,産交バス,,秋津入口
A16,158,産交バス,,青井神社裏(新)
A16,15C,産交バス,,荒尾市民病院前
A16,15E,産交バス,,あすばたけ
A16,15F,産交バス,本渡通詞線,天草病院前
A16,160,産交バス,本渡通詞線,天草病院入口(通詞)
A16,161,産交バス,,アクアドームくまもと
A16,163,産交バス,,天草市複合施設ここらす
A16,203,産交バス,,相谷
A16,204,産交バス,,赤星
A16,205,産交バス,桜山線 31/32/33系統,ゆめタウンシティモール
A16,206,産交バス,グリーンランド線 11系統,荒尾産交前
A16,209,産交バス,福祉村線/住吉線 13/14系統,有明高校前
A16,20A,産交バス,上天草市SUNまりんバス 登立循環,沖治朗田
A16,20B,産交バス,上天草市SUNまりんバス 登立循環,荒木浜中間
A16,20C,産交バス,上天草市SUNまりんバス 登立循環,荒木浜西
A16,211,産交バス,南阿蘇ゆるっとバス,阿蘇ファームランド
A16,212,産交バス,南阿蘇ゆるっとバス/快速たかもり号,あそ望の郷
A16,214,産交バス,東屋形線,荒尾産交入口
A16,216,産交バス,尾曲人吉線,荒毛
A16,217,産交バス,天草本渡市街地循環バス のってみゅうかー,天草中央総合病院
A16,21D,産交バス,南阿蘇ゆるっとバス,アーデンホテル阿蘇
A16,21E,産交バス,南阿蘇ゆるっとバス,アーデンホテル阿蘇
A16,21F,産交バス,,阿蘇医療センター
A16,263,産交バス,,イオン八代ショッピングセンター
A16,301,産交バス,八代駅宮原線,井揚
A16,302,産交バス,御船木山線,飯野農協前
A16,304,産交バス,,軍ヶ浦
A16,306,産交バス,,生見
A16,307,産交バス,,伊倉新町
A16,308,産交バス,,伊倉宮の前
A16,309,産交バス,,井口
A16,30A,産交バス,,池亀
A16,30B,産交バス,,五木村林業センター前
A16,30C,産交バス,,池田一丁目
A16,30D,産交バス,,池の上
A16,30E,産交バス,,池の上小学校前
A16,30F,産交バス,,池の浦
A16,310,産交バス,,池の迫
A16,312,産交バス,,池の鶴
A16,314,産交バス,,石井
A16,317,産交バス,,石木田
A16,31B,産交バス,玉名南関線,石貫
A16,31C,産交バス,玉名南関線,廣福禅寺入口
A16,31D,産交バス,,一勝地駅
A16,31E,産交バス,,石原
A16,31F,産交バス,八代種山線・八代八農分校線/八代松橋線,八代市鏡支所前
A16,320,産交バス,,石原(バイパス)
A16,321,産交バス,本渡教良木線,石場
A16,322,産交バス,,石橋(菱形)
A16,323,産交バス,,石村
A16,324,産交バス,,臼塚
A16,325,産交バス,,石村老人ホーム前
A16,326,産交バス,,石山
A16,327,産交バス,八代種山線・八代八農分校線,振興センター前
A16,32C,産交バス,,貝塚
A16,32E,産交バス,,三加和総合支所
A16,32F,産交バス,,三加和総合支所入口
A16,330,産交バス,,三加和中学前
A16,333,産交バス,,市の尾
A16,334,産交バス,,球磨村総合運動公園前
A16,336,産交バス,南阿蘇ゆるっとバス,一関
A16,338,産交バス,本渡教良木線,一の瀬(栖本)
A16,33A,産交バス,,一の瀬(新合)
A16,33C,産交バス,,市原
A16,33D,産交バス,小国郷ぐる〜っとバス,市原上町
A16,33E,産交バス,,市原本町
A16,341,産交バス,,柳
A16,345,産交バス,湯前線・人吉市房線・人吉古屋敷線,市房ダム前
A16,346,産交バス,湯前線・人吉市房線・人吉古屋敷線,市房登山口
A16,347,産交バス,湯前線・人吉市房線・人吉古屋敷線,一武小学校前
A16,348,産交バス,湯前線・人吉市房線・人吉古屋敷線,一武診療所前
A16,349,産交バス,湯前線・人吉市房線・人吉古屋敷線,一武原
A16,34A,産交バス,,伊知坊
A16,34C,産交バス,,市屋
A16,350,産交バス,,五日町
A16,356,産交バス,,一軒屋(玉名)
A16,357,産交バス,,中園
A16,358,産交バス,,一勝地駅前
A16,35B,産交バス,,一寸榎
A16,35C,産交バス,,一町田中央
A16,35D,産交バス,,一町田橋
A16,35F,産交バス,,一本松
A16,360,産交バス,,旧五和中学校前
A16,361,産交バス,,五和小中学校前
A16,362,産交バス,,五和支所前
A16,363,産交バス,南阿蘇ゆるっとバス,井手口
A16,400,産交バス,,井手の上
A16,401,産交バス,湯前線・人吉市房線・人吉古屋敷線,井手の口
A16,402,産交バス,,糸石
A16,403,産交バス,,稲佐
A16,404,産交バス,上天草市SUNまりんバス 上循環,犬飼
A16,406,産交バス,,伊萩
A16,409,産交バス,八代坂本駅線,今泉
A16,40A,産交バス,,今泉三差路
A16,40B,産交バス,,今釜
A16,40C,産交バス,,今新開
A16,40D,産交バス,,今田
A16,40E,産交バス,,今津学校前
A16,410,産交バス,,今町
A16,412,産交バス,,今村(天草)
A16,415,産交バス,,入地町
A16,416,産交バス,,井立橋
A16,417,産交バス,,祝口
A16,41B,産交バス,,岩崎橋
A16,41D,産交バス,,岩清水
A16,41E,産交バス,,岩尻
A16,41F,産交バス,,岩立小路
A16,420,産交バス,,岩戸
A16,421,産交バス,,岩戸観音入口
A16,422,産交バス,湯前線・人吉市房線・人吉古屋敷線,岩野(古屋敷)
A16,423,産交バス,,岩原
A16,424,産交バス,,岩原川
A16,425,産交バス,三角さんぱーる線,岩谷入口
A16,427,産交バス,,岩尻南
A16,428,産交バス,,インターチェンジ前
A16,42A,産交バス,荒尾玉名線 1系統,一里木(金山)
A16,42F,産交バス,,石橋(小宮地)
A16,432,産交バス,,稲荷入口
A16,437,産交バス,,和泉
A16,43A,産交バス,,一丁目
A16,443,産交バス,,童子院入口
A16,445,産交バス,湯前線・人吉市房線・人吉古屋敷線,岩城
A16,45C,産交バス,八代松橋線,一軒屋
A16,45E,産交バス,,一の瀬(手野線)
A16,45F,産交バス,,石坂
A16,460,産交バス,,石橋(小天)
A16,463,産交バス,,池尻
A16,500,産交バス,,稲佐ニュータウン前
A16,502,産交バス,,岩戸の里入口
A16,505,産交バス,,今藤
A16,506,産交バス,,意水寺
A16,50B,産交バス,人吉五木線,五木役場前
A16,50C,産交バス,,猪子田漁港入口
A16,50E,産交バス,人吉五木線,五木診療所前
A16,50F,産交バス,,岩野
A16,510,産交バス,,今寺
A16,511,産交バス,御船木山線,憩の家前
A16,513,産交バス,御船木山線,飯野公民館前
A16,514,産交バス,,石渕
A16,515,産交バス,,伊坂
A16,516,産交バス,,今村前
A16,517,産交バス,,井川口
A16,518,産交バス,11/12/13系統,一小下
A16,519,産交バス,,今寺公民館前
A16,51A,産交バス,福祉村線 13系統,海陽中前
A16,51F,産交バス,,出仲間(旧浜線)
A16,520,産交バス,南阿蘇ゆるっとバス,いずみ美容室横
A16,530,産交バス,,イエローハット前
A16,531,産交バス,松橋八代線(国道経由) 5,イオンモール宇城
A16,601,産交バス,,高浜上河内
A16,602,産交バス,,植木
A16,603,産交バス,湯前線・人吉市房線・人吉古屋敷線,植木(湯の前)
A16,604,産交バス,,平田機工
A16,605,産交バス,,植木インターチェンジ
A16,607,産交バス,,植木温泉
A16,608,産交バス,,植木温泉入口
A16,609,産交バス,,植木五丁目
A16,60A,産交バス,,植木五両
A16,60B,産交バス,,植木宮の前
A16,60D,産交バス,,牛津
A16,60E,産交バス,湯前線・人吉市房線・人吉古屋敷線,上の原
A16,60F,産交バス,,上村
A16,615,産交バス,八代日奈久線,ウインズ八代
A16,616,産交バス,,牛深高校前
A16,617,産交バス,,牛深中学校前
A16,61A,産交バス,,後竹
A16,61B,産交バス,,後山
A16,61C,産交バス,,海路口
A16,61E,産交バス,,薄場町
A16,61F,産交バス,湯前線・人吉市房線・人吉古屋敷線,内門
A16,620,産交バス,,牛水中
A16,621,産交バス,,内谷
A16,623,産交バス,野3/野5,内田(川口)
A16,624,産交バス,本渡教良木線,打田(栖本)
A16,625,産交バス,,打越
A16,626,産交バス,,内田橋
A16,627,産交バス,,内田宮の前
A16,628,産交バス,,内野
A16,62A,産交バス,,内の浦
A16,62B,産交バス,,内野河内
A16,62C,産交バス,,内の原
A16,62D,産交バス,,内牧
A16,62F,産交バス,,内牧駅前
A16,630,産交バス,,内牧(大津)
A16,631,産交バス,,内牟田
A16,632,産交バス,,内村
A16,633,産交バス,,内村正院入口
A16,634,産交バス,,内山
A16,637,産交バス,,宇土
A16,638,産交バス,川8,宇土入口
A16,639,産交バス,行長しゃん号,宇土駅前
A16,63B,産交バス,,宇土市役所前
A16,63C,産交バス,,宇土本町二丁目
A16,63D,産交バス,,宇土三丁目
A16,63E,産交バス,,宇土本町五丁目
A16,642,産交バス,,馬の水
A16,643,産交バス,田浦水俣線,海の浦
A16,644,産交バス,,梅迫
A16,645,産交バス,,梅木谷
A16,647,産交バス,,梅田
A16,64B,産交バス,,梅洞
A16,64E,産交バス,,梅の木
A16,650,産交バス,野3/野5,鵜森
A16,651,産交バス,八代日奈久線,植柳上町
A16,652,産交バス,,浦
A16,653,産交バス,,浦川橋
A16,654,産交バス,,浦河内
A16,655,産交バス,,浦越
A16,656,産交バス,,浦越団地前
A16,65B,産交バス,,運動公園入口
A16,65C,産交バス,,宇土本町六丁目
A16,65D,産交バス,,宇土本町一丁目・宇土高校入口
A16,65E,産交バス,,牛深産交
A16,65F,産交バス,,牛深港
A16,660,産交バス,五木線/人吉五木線,植竹
A16,661,産交バス,,内田(南関)
A16,662,産交バス,八代日奈久線,内野(八代)
A16,706,産交バス,,寺尾病院前
A16,707,産交バス,,植木宮の前(七本)
A16,715,産交バス,,姥ヶ崎
A16,717,産交バス,川8/快速あまくさ号,宇土駅東口
A16,719,産交バス,,蔚山町
A16,71A,産交バス,,植木三丁目
A16,71C,産交バス,,運動公園前(天草・松島)
A16,71D,産交バス,,浦田新田
A16,71E,産交バス,本渡教良木線,上外園
A16,720,産交バス,,北区役所前
A16,721,産交バス,,植木駐車場
A16,722,産交バス,,うから館前
A16,724,産交バス,,牛深市民病院
A16,725,産交バス,,内牧東
A16,72D,産交バス,八代種山線・八代八農分校線,瓜生野
A16,730,産交バス,,運動公園前(荒尾)
A16,737,産交バス,,上十文字
A16,738,産交バス,尾曲人吉線,上原交差点
A16,739,産交バス,尾曲人吉線,上原町内会館前
A16,73A,産交バス,尾曲人吉線,牛塚公民館前
A16,73B,産交バス,まめバス大柿線,瓜生田
A16,749,産交バス,行長しゃん号,宇土シティモール南口
A16,801,産交バス,,永安寺
A16,802,産交バス,,永尾
A16,804,産交バス,,下津原西口
A16,806,産交バス,,江光寺
A16,807,産交バス,,江後(大矢野)
A16,809,産交バス,湯前線・人吉市房線・人吉古屋敷線,江代橋
A16,80A,産交バス,,江田
A16,80E,産交バス,,榎原
A16,80F,産交バス,,海老宇土
A16,811,産交バス,,恵比曽
A16,812,産交バス,上天草市SUNまりんバス 上循環,江樋戸
A16,814,産交バス,,円性寺下
A16,815,産交バス,,円寿
A16,818,産交バス,,ルネサス入口
A16,81E,産交バス,,画図町
A16,81F,産交バス,,江津一丁目
A16,821,産交バス,,駅前団地
A16,825,産交バス,,エコパーク道の駅みなまた
A16,827,産交バス,上天草市SUNまりんバス 中循環,東江樋戸
A16,832,産交バス,,江越橋
A16,902,産交バス,,小天小学校前
A16,903,産交バス,,小天宮の前
A16,904,産交バス,,天水支所前
A16,905,産交バス,三角宇土駅線,小池(宇土)
A16,906,産交バス,,小池三差路
A16,909,産交バス,八代松橋線,追分(八代)
A16,90A,産交バス,,追分(芳野)
A16,90C,産交バス,,大浦
A16,90D,産交バス,,大浦入口
A16,90E,産交バス,,大浦港
A16,90F,産交バス,,大江
A16,913,産交バス,本渡教良木線,大河内
A16,917,産交バス,上天草市SUNまりんバス 登立循環,大潟
A16,919,産交バス,,扇崎
A16,91A,産交バス,湯前線・人吉市房線・人吉古屋敷線,おおきばる
A16,91B,産交バス,上天草市SUNまりんバス 上循環,大串橋
A16,91C,産交バス,,大口
A16,91D,産交バス,,大窪
A16,91F,産交バス,,大久保(東郷)
A16,921,産交バス,,大倉団地入口
A16,923,産交バス,,松本
A16,926,産交バス,,大迫
A16,927,産交バス,,大島(天草)
A16,928,産交バス,,大角田
A16,929,産交バス,,大瀬
A16,92A,産交バス,,大沢水
A16,92B,産交バス,,大田尾
A16,92C,産交バス,八代市街地循環バス みなバス,太田郷小学校前
A16,92E,産交バス,人吉五木線,大谷
A16,930,産交バス,,王田
A16,931,産交バス,,網田駅前
A16,932,産交バス,,大多尾
A16,933,産交バス,三角宇土駅線,網田中学校下
A16,936,産交バス,,大津駅前
A16,938,産交バス,,大津高校前
A16,93A,産交バス,,大津公民館
A16,93E,産交バス,,大津中央
A16,940,産交バス,,大津中町
A16,941,産交バス,,大津東小学校前
A16,943,産交バス,,大手町一丁目
A16,944,産交バス,,大手町二丁目
A16,946,産交バス,,大道東
A16,947,産交バス,,大鳥
A16,948,産交バス,,大西
A16,94B,産交バス,,大の浦
A16,94C,産交バス,,岱明支所
A16,94D,産交バス,,大野下駅入口
A16,951,産交バス,,大野橋
A16,953,産交バス,,大橋
A16,954,産交バス,,大橋下
A16,959,産交バス,,大林
A16,95A,産交バス,,大林(大津)
A16,95C,産交バス,本渡教良木線,大平(教良木)
A16,95E,産交バス,八代田浦線,大平(八代)
A16,962,産交バス,,大間崎
A16,963,産交バス,,大丸
A16,A03,産交バス,,大宮地
A16,A04,産交バス,,大宮田
A16,A06,産交バス,八代松橋線,大村
A16,A07,産交バス,,鶴田胃腸科内科前
A16,A09,産交バス,,大門
A16,A0B,産交バス,,大矢橋
A16,A0C,産交バス,,天草四郎公園前
A16,A0D,産交バス,,上天草高校前
A16,A0F,産交バス,,大矢野庁舎前
A16,A10,産交バス,本渡教良木線,大山
A16,A11,産交バス,,大利
A16,A12,産交バス,,岡
A16,A14,産交バス,八代松橋線,岡小路
A16,A15,産交バス,八代松橋線,岡谷川
A16,A19,産交バス,,岡町(旧道)
A16,A1E,産交バス,八代松橋線,小川工業高校前
A16,A21,産交バス,,小河内
A16,A24,産交バス,八代松橋線,小川橋
A16,A25,産交バス,八代松橋線,宇城市小川支所前
A16,A26,産交バス,八代松橋線,小川四ツ角
A16,A27,産交バス,,鹿校通二丁目
A16,A28,産交バス,,沖新
A16,A29,産交バス,,沖新三番
A16,A2A,産交バス,,沖の田
A16,A2B,産交バス,八代駅宮原線,沖町
A16,A2C,産交バス,,荻迫
A16,A2D,産交バス,,奥古閑(海路口)
A16,A2E,産交バス,野3/野5,奥古閑(川口線)
A16,A2F,産交バス,,奥永
A16,A30,産交バス,,奥野入口
A16,A32,産交バス,,小倉
A16,A33,産交バス,三角宇土駅線,御倉床
A16,A35,産交バス,,尾串
A16,A36,産交バス,小国黒川線/小国郷ぐる〜っとバス,小国大橋口
A16,A38,産交バス,,小国産交前
A16,A39,産交バス,,小国町役場前
A16,A3B,産交バス,上天草市SUNまりんバス 登立循環,尾越の崎
A16,A3C,産交バス,三角宇土駅線,御輿来
A16,A3F,産交バス,,尾崎(池の上)
A16,A41,産交バス,八代駅宮原線,大鞘
A16,A43,産交バス,,小島上町
A16,A44,産交バス,,小島産交
A16,A45,産交バス,,御郡
A16,A46,産交バス,,小島下町
A16,A47,産交バス,尾曲人吉線,尾崎(人吉)
A16,A48,産交バス,,小島町営住宅前
A16,A49,産交バス,尾曲人吉線,尾曲
A16,A4B,産交バス,大津木山線,小園
A16,A4C,産交バス,八代日奈久線/八代田浦線,小田小屋
A16,A4D,産交バス,,下小田
A16,A4E,産交バス,三角宇土駅線,小田良
A16,A4F,産交バス,,落合(御船)
A16,A50,産交バス,三角宇土駅線,御手洗
A16,A51,産交バス,,乙畠口
A16,A55,産交バス,,女淵
A16,A56,産交バス,,鬼池港
A16,A57,産交バス,玉名南関線,鬼王
A16,A58,産交バス,,魚貫
A16,A59,産交バス,,魚貫団地前
A16,A5A,産交バス,,魚貫トンネル
A16,A5B,産交バス,,鬼塚
A16,A5D,産交バス,,尾の上(戸井の口)
A16,A5E,産交バス,,小野田
A16,A60,産交バス,,小畑
A16,A61,産交バス,玉名山鹿線,小原(山鹿)
A16,A62,産交バス,,帯取
A16,A63,産交バス,,帯山中学前(バイパス)
A16,B00,産交バス,湯前線・人吉市房線・人吉古屋敷線,石野公園前
A16,B02,産交バス,,小峯
A16,B03,産交バス,,小群入口
A16,B05,産交バス,,小山田
A16,B06,産交バス,,折地
A16,B08,産交バス,,折山
A16,B09,産交バス,,於呂口
A16,B0B,産交バス,,河内温泉センター
A16,B0C,産交バス,,温泉中間
A16,B0D,産交バス,,阿蘇温泉病院前
A16,B10,産交バス,,温泉前
A16,B11,産交バス,,大津町営住宅前
A16,B12,産交バス,,大津産交入口
A16,B13,産交バス,,大津産交
A16,B14,産交バス,,温石病院入口
A16,B15,産交バス,,小国中央
A16,B18,産交バス,玉名山鹿線,大橋通り
A16,B1B,産交バス,八代松橋線,岡中
A16,B1C,産交バス,,大見
A16,B1D,産交バス,,大窪(砥用)
A16,B1E,産交バス,,大野(上河内)
A16,B24,産交バス,五木線/人吉五木線,小山田(人吉)
A16,B25,産交バス,,大浜
A16,B26,産交バス,八代種山線・八代八農分校線,落合(岩奥)
A16,B28,産交バス,,大迫(浦)
A16,B29,産交バス,,大迫(浦)
A16,B2A,産交バス,,大屋(山鹿)
A16,B2B,産交バス,八代駅宮原線,御倉(文政)
A16,B2E,産交バス,,岡(玉名)
A16,B31,産交バス,,大久保公園前
A16,B32,産交バス,,大津警察署前
A16,B33,産交バス,,小国高校前
A16,B3B,産交バス,,小原(菊池)
A16,B3C,産交バス,,大口崎
A16,B42,産交バス,大津木山線,小谷
A16,C01,産交バス,,岡東(牛深)
A16,C05,産交バス,八代日奈久線/八代田浦線,大坪町
A16,C08,産交バス,,沖新入口
A16,C09,産交バス,,沖新甲北
A16,C0A,産交バス,,沖新甲南
A16,C0B,産交バス,,往生院前
A16,C0D,産交バス,,山鹿温泉(八千代座入口)
A16,C11,産交バス,,温泉館きよら前
A16,C12,産交バス,,青海苑入口
A16,C15,産交バス,人吉五木線,小浜(人吉)
A16,C17,産交バス,,鬼塚
A16,C1A,産交バス,,大津温泉岩戸の里
A16,C1B,産交バス,,奥古閑郵便局前
A16,C1C,産交バス,,老岳登山口
A16,C1D,産交バス,つなぎ温泉水俣港線・つなぎ温泉水俣産交線,男島団地入口
A16,C1E,産交バス,23系統,小野
A16,C1F,産交バス,本渡教良木線,大河内下
A16,C20,産交バス,本渡教良木線,大河内上
A16,C28,産交バス,,小野入口
A16,C29,産交バス,,小野泉水公園
A16,C2A,産交バス,,大江郵便局前
A16,C2B,産交バス,人吉五木線,大平(国道五木)
A16,C2C,産交バス,五木線/人吉五木線,大神橋
A16,C2D,産交バス,,大池田
A16,C2F,産交バス,,大津町運動公園入口
A16,C32,産交バス,人吉五木線,温泉センター前(五木)
A16,C34,産交バス,,鬼木町
A16,C3E,産交バス,,大津駅(南口)
A16,C44,産交バス,,大津北小学校
A16,C47,産交バス,,大道港入口
A16,D05,産交バス,,大原郵便局前
A16,D28,産交バス,,新道大道
A16,D40,産交バス,,大田黒
A16,D44,産交バス,,温泉センター前(三加和)
A16,D45,産交バス,,大津室町
A16,D46,産交バス,本渡通詞線,沖ノ原
A16,D47,産交バス,小国郷ぐる〜っとバス,小田温泉
A16,D48,産交バス,グリーンランド線 11系統,大谷(荒尾)
A16,D4B,産交バス,,オリエント桜山
A16,D53,産交バス,,大矢(天草)
A16,D54,産交バス,,帯山
A16,D55,産交バス,,帯山団地前
A16,D56,産交バス,,帯山小学校入口
A16,D5C,産交バス,,おぐに老人保健施設前
A16,D5E,産交バス,,大津北中学校前
A16,D5F,産交バス,,おおがスイミング前
A16,D60,産交バス,,大柿入口
A16,D61,産交バス,,大柿農村公園前
A16,D62,産交バス,,大柿観音堂前
A16,D63,産交バス,,大野大橋
A16,E00,産交バス,,温泉センターウィナス
A16,E01,産交バス,,温泉センター瑠璃
A16,E02,産交バス,八代駅宮原線,会社下
A16,E03,産交バス,八代駅宮原線,会社前
A16,E05,産交バス,湯前線・人吉市房線・人吉古屋敷線,開拓団入口(免田)
A16,E06,産交バス,八代駅宮原線,会通
A16,E0C,産交バス,,鏡本町
A16,E0D,産交バス,八代種山線・八代八農分校線/八代松橋線,鏡四つ角
A16,E0E,産交バス,,鹿帰瀬
A16,E0F,産交バス,八代坂本駅線,柿添
A16,E11,産交バス,南阿蘇ゆるっとバス,柿野
A16,E15,産交バス,玉名南関線,柿原入口
A16,E19,産交バス,,掛橋
A16,E1A,産交バス,八代松橋線,かこい
A16,E1C,産交バス,田浦水俣線,かこい(湯の浦)
A16,E1D,産交バス,,楮原
A16,E1E,産交バス,,樫の実鶴
A16,E20,産交バス,八代松橋線,鹿島
A16,E21,産交バス,,学料北
A16,E26,産交バス,,加世浦
A16,E27,産交バス,,加勢川橋
A16,E2A,産交バス,,片川瀬
A16,E2C,産交バス,,堅志田(旧道)
A16,E2D,産交バス,,片諏訪
A16,E2E,産交バス,八代松橋線,片野川
A16,E30,産交バス,,片俣
A16,E31,産交バス,,片町
A16,E34,産交バス,湯前線・人吉市房線・人吉古屋敷線,家畜保健所入口
A16,E36,産交バス,,葛崎
A16,E37,産交バス,,桂原
A16,E38,産交バス,,家庭裁判所前
A16,E39,産交バス,,方保田
A16,E3A,産交バス,,金桁
A16,E3B,産交バス,,鹿子木
A16,E3F,産交バス,本渡教良木線,金焼
A16,E40,産交バス,荒尾玉名線 1系統,金山
A16,E41,産交バス,,金山橋
A16,E44,産交バス,,釜
A16,E45,産交バス,,釜(崎津)
A16,E46,産交バス,,釜入口
A16,E47,産交バス,,釜尾
A16,E49,産交バス,,鎌研
A16,E4A,産交バス,,竃門
A16,E4B,産交バス,,釜の下
A16,E4C,産交バス,荒尾玉名線 1系統,上赤田
A16,E4D,産交バス,八代田浦線,上赤松
A16,E4E,産交バス,,上天草病院前(旧道)
A16,E4F,産交バス,湯前線・人吉市房線・人吉古屋敷線,上一丸
A16,E50,産交バス,,上今町
A16,E51,産交バス,大津木山線/大津岩戸の里線,上岩坂
A16,E53,産交バス,,牛水上
A16,E55,産交バス,八代松橋線,上内田
A16,E59,産交バス,,学料中央
A16,E5B,産交バス,,上大林
A16,E5C,産交バス,本渡教良木線,上大平
A16,E5D,産交バス,,上小田
A16,E5E,産交バス,,上小田下
A16,E5F,産交バス,,溝の上
A16,E60,産交バス,,上片諏訪
A16,E62,産交バス,田浦水俣線,上門
A16,F00,産交バス,,上辛川
A16,F01,産交バス,,上河崎
A16,F02,産交バス,五木線/人吉五木線,上川辺
A16,F03,産交バス,尾曲人吉線,上瓦屋町
A16,F08,産交バス,,上熊本三丁目
A16,F09,産交バス,,上熊本駅前
A16,F0A,産交バス,,上荒地
A16,F0C,産交バス,,上高野辺田
A16,F0D,産交バス,八代種山線・八代八農分校線,上島田町
A16,F10,産交バス,玉名南関線,上坂下
A16,F13,産交バス,,佐俣の湯前
A16,F1A,産交バス,,上新町
A16,F1B,産交バス,,上十三部
A16,F1D,産交バス,大津木山線/大津岩戸の里線,上陣内
A16,F1F,産交バス,,上巣林
A16,F20,産交バス,湯前線・人吉市房線・人吉古屋敷線,上染田
A16,F22,産交バス,,神園入口
A16,F23,産交バス,,上小路
A16,F24,産交バス,,上高野
A16,F25,産交バス,,上高橋
A16,F26,産交バス,,上高橋(鹿本)
A16,F29,産交バス,五木線/人吉五木線,上田代(相良)
A16,F2C,産交バス,小国黒川線/小国郷ぐる〜っとバス,上田
A16,F2D,産交バス,,上代
A16,F2E,産交バス,,学料南
A16,F2F,産交バス,,上近見
A16,F32,産交バス,湯前線・人吉市房線・人吉古屋敷線,上築地
A16,F35,産交バス,,上鶴(天草)
A16,F37,産交バス,湯前線・人吉市房線・人吉古屋敷線,上鶴羽
A16,F38,産交バス,,上鶴(大津町)
A16,F39,産交バス,,二十丁
A16,F3A,産交バス,御船木山線,上砥川
A16,F3C,産交バス,,上外城
A16,F3F,産交バス,,上南部
A16,F40,産交バス,,上成川
A16,F42,産交バス,南阿蘇ゆるっとバス,上猶須
A16,F43,産交バス,,上西町
A16,F44,産交バス,,上沼山津
A16,F45,産交バス,,上野口
A16,F47,産交バス,,上の丁
A16,F4B,産交バス,,上半河内
A16,F4D,産交バス,八代市街地循環バス みなバス,上日置
A16,F4F,産交バス,,上平
A16,F50,産交バス,,上広瀬
A16,F51,産交バス,大津木山線,上布田
A16,F52,産交バス,湯前線・人吉市房線・人吉古屋敷線,上二子
A16,F53,産交バス,南阿蘇ゆるっとバス,上二子石
A16,F54,産交バス,,上方原
A16,F56,産交バス,,上本庄
A16,F58,産交バス,五木線/人吉五木線,上松馬場
A16,F59,産交バス,川8,上松山
A16,F5A,産交バス,,上松山(旧道)
A16,F5C,産交バス,,上村
A16,F5D,産交バス,,神屋敷
A16,F5E,産交バス,南阿蘇ゆるっとバス,上吉田
A16,F61,産交バス,,亀浦
A16,F62,産交バス,,亀尾郵便局前
A16,F63,産交バス,,亀川
A16,1000,産交バス,,亀川小学校前
A16,1001,産交バス,,亀崎
A16,1002,産交バス,,亀の迫
A16,1005,産交バス,,蒲生
A16,1007,産交バス,,鹿本高校入口
A16,1009,産交バス,,鹿本農高前
A16,100A,産交バス,,坂東
A16,100B,産交バス,,鹿本町老人ホーム前
A16,100C,産交バス,,鹿本市民センター裏
A16,100D,産交バス,,鹿本総合支所前
A16,100E,産交バス,,こんぴら入口
A16,1012,産交バス,,唐笠松
A16,1013,産交バス,,刈草
A16,1015,産交バス,,仮俣
A16,1017,産交バス,,平野
A16,1018,産交バス,,河浦郵便局前
A16,101B,産交バス,八代坂本駅線,川口
A16,101C,産交バス,,川口二丁
A16,101D,産交バス,,川口漁協前
A16,101E,産交バス,,川崎
A16,1020,産交バス,,川尻駅前(旧道)
A16,1021,産交バス,,川尻町(市道)
A16,1022,産交バス,,川尻町(旧道)
A16,1024,産交バス,,河内温泉入口
A16,1025,産交バス,,川尻新町
A16,1026,産交バス,,河内亀石
A16,1028,産交バス,南阿蘇ゆるっとバス,川地後
A16,1029,産交バス,,河内農協前
A16,102B,産交バス,本渡教良木線,栖本地区コミュニティセンター前
A16,102D,産交バス,玉名南関線,川床(玉名)
A16,102E,産交バス,荒尾玉名線 1系統,菰屋北
A16,1030,産交バス,,川部田
A16,1031,産交バス,五木線/人吉五木線,川辺
A16,1033,産交バス,,河原町
A16,1034,産交バス,,河原町(八代)
A16,1036,産交バス,尾曲人吉線,瓦屋町
A16,1037,産交バス,,観音
A16,1038,産交バス,,中田港
A16,103C,産交バス,,潮湯前
A16,103E,産交バス,,賀田
A16,1043,産交バス,人吉五木線,願成寺
A16,1044,産交バス,,上護藤
A16,1045,産交バス,,鹿本商工裏
A16,1048,産交バス,湯前線・人吉市房線・人吉古屋敷線,上植木
A16,104A,産交バス,玉名山鹿線,県立教育センター入口
A16,104B,産交バス,,川東
A16,104D,産交バス,湯前線・人吉市房線・人吉古屋敷線,上下乙
A16,104E,産交バス,湯前線・人吉市房線・人吉古屋敷線,上赤坂
A16,1057,産交バス,,上川床
A16,1058,産交バス,湯前線・人吉市房線・人吉古屋敷線,蟹ヶ迫入口
A16,105A,産交バス,,鹿本農高裏
A16,105B,産交バス,,鹿本商工前
A16,1107,産交バス,,運動公園前(天草・河浦)
A16,1108,産交バス,,上知十
A16,1109,産交バス,,鹿南中学校前
A16,110A,産交バス,,川床(河内)
A16,110B,産交バス,八代田浦線,上小薮
A16,1111,産交バス,,柏田住宅前
A16,1113,産交バス,湯前線・人吉市房線・人吉古屋敷線,上山下
A16,1116,産交バス,,上津田公民館前
A16,1118,産交バス,八代市街地循環バス みなバス,上井上町
A16,111A,産交バス,,河内中学校前
A16,111B,産交バス,,上野添
A16,1123,産交バス,五木線,川村駅入口
A16,1127,産交バス,,河浦車庫
A16,1128,産交バス,玉名南関線,川床公民館前
A16,1129,産交バス,,有佐郵便局前
A16,112B,産交バス,,上の窪団地入口
A16,1137,産交バス,,上安永
A16,1139,産交バス,,かんかん坂入口
A16,1141,産交バス,,金棒
A16,1142,産交バス,古屋敷柳原線,片地
A16,1148,産交バス,湯前線・人吉市房線・人吉古屋敷線,人吉南高速のりば前
A16,1149,産交バス,大津木山線,上鳥子
A16,114E,産交バス,,釜(阿村)
A16,1151,産交バス,,鹿央市民センター前
A16,1152,産交バス,,貝本
A16,1153,産交バス,,河原郵便局前
A16,1154,産交バス,,上田子の須
A16,115A,産交バス,,河浦病院
A16,115E,産交バス,,鹿北道の駅
A16,115F,産交バス,,鹿北市民センター前
A16,1160,産交バス,,川原谷
A16,1161,産交バス,,金堀
A16,1201,産交バス,,上八丁三差路
A16,1206,産交バス,,梶屋橋
A16,1207,産交バス,,上小ヶ原
A16,1208,産交バス,,上松古閑
A16,120A,産交バス,,上片川瀬
A16,120B,産交バス,,河内阿蘇神社前
A16,1217,産交バス,,上天草病院前(新道)
A16,121E,産交バス,グリーンランド線/東屋形線 11/12系統,鐘撞
A16,1220,産交バス,,川後田
A16,123B,産交バス,,新道亀の迫
A16,123D,産交バス,,上ノ郷町
A16,123E,産交バス,,風当
A16,123F,産交バス,,カフェくるみ前
A16,1241,産交バス,尾曲人吉線,上林町
A16,1242,産交バス,尾曲人吉線,上原田地区活性センター前
A16,124D,産交バス,玉名市街地循環バス,上立願寺
A16,124E,産交バス,,堅志田(新道)
A16,1334,産交バス,玉名市街地循環バス,温泉区
A16,1336,産交バス,,乙姫交差点
A16,1402,産交バス,,鬼海ヶ浦
A16,1404,産交バス,,木山団地・役場仮設庁舎前
A16,1405,産交バス,,菊水インターチェンジ
A16,1406,産交バス,,菊水中学前
A16,1407,産交バス,,和水町立病院前
A16,1408,産交バス,,菊池上町
A16,1409,産交バス,,菊池産交
A16,140A,産交バス,,菊池下町
A16,140B,産交バス,,菊池中町
A16,140C,産交バス,,東熊本第二病院前
A16,140E,産交バス,御船木山線,木崎
A16,140F,産交バス,御船木山線,木崎宮の前
A16,1410,産交バス,南阿蘇ゆるっとバス,岸野
A16,1413,産交バス,,北方
A16,1414,産交バス,八代松橋線,北鹿野
A16,1415,産交バス,人吉五木線,北願成寺
A16,1418,産交バス,,北荒神町福祉センター前
A16,141A,産交バス,,旧北里小学校前
A16,141B,産交バス,,北新地
A16,141C,産交バス,,北島
A16,141D,産交バス,川8,新幹線熊本総合車両所前
A16,141E,産交バス,,北谷
A16,141F,産交バス,,阿蘇中学校第2グラウンド前
A16,1420,産交バス,八代種山線・八代八農分校線/八代松橋線,北出
A16,1422,産交バス,,北野辺田
A16,1423,産交バス,,北原
A16,1427,産交バス,,木留橋
A16,1429,産交バス,,記念碑前
A16,142A,産交バス,湯前線・人吉市房線・人吉古屋敷線,木上小学校前
A16,142B,産交バス,,木倉
A16,142D,産交バス,八代日奈久線/八代田浦線,君ヶ淵
A16,142F,産交バス,八代日奈久線/八代田浦線,君ヶ淵駐車場
A16,1430,産交バス,,木山上町
A16,1431,産交バス,,木山産交
A16,1432,産交バス,,木山下町
A16,1434,産交バス,,木山農協前
A16,1435,産交バス,,キャンプ村入口
A16,1436,産交バス,八代松橋線,東川田
A16,1437,産交バス,,球泉洞前
A16,1439,産交バス,八代駅宮原線,共栄
A16,143A,産交バス,,崎津教会入口
A16,143B,産交バス,荒尾玉名線 1系統,京塚
A16,143C,産交バス,玉名南関線,経塚
A16,143F,産交バス,,京町本丁
A16,1440,産交バス,,教良木
A16,1441,産交バス,,教良木出張所前
A16,1443,産交バス,,津留(旭志)
A16,1444,産交バス,川8,清藤
A16,1446,産交バス,,清水
A16,1448,産交バス,,切越
A16,1449,産交バス,,切畑
A16,144A,産交バス,,切原
A16,144B,産交バス,黒崎環状線,際崎
A16,144C,産交バス,,祇園橋
A16,144E,産交バス,,玉祥寺
A16,144F,産交バス,,玉東町役場前
A16,1450,産交バス,,銀行前
A16,1453,産交バス,,菊陽病院前
A16,1454,産交バス,八代日奈久線,北新地(八代)
A16,1455,産交バス,,菊陽西小学校前
A16,1460,産交バス,,北里博士邸前
A16,1463,産交バス,湯前線・人吉市房線・人吉古屋敷線,木上迫駐在所前
A16,1500,産交バス,,吉祥寺入口
A16,1504,産交バス,,木留
A16,1511,産交バス,,北新井手
A16,151A,産交バス,,菊陽バイパス入口
A16,151C,産交バス,,北花立・県畜産会館前
A16,151D,産交バス,,光の森産交
A16,151F,産交バス,,北バイパス東新南部
A16,1520,産交バス,,北バイパス竜田陳内
A16,1521,産交バス,,旭志中学校前
A16,1523,産交バス,,菊陽台病院
A16,1525,産交バス,,菊陽バイパス入口・弓削立体橋
A16,1528,産交バス,,北岡神社前
A16,152C,産交バス,,九州看護福祉大学
A16,152D,産交バス,,菊水ロマン館前
A16,1531,産交バス,23系統,清里校前
A16,1535,産交バス,,植木病院・かがやき館前
A16,1536,産交バス,,植木病院・かがやき館前(北区役所系統)
A16,1537,産交バス,,九州学院前
A16,1538,産交バス,,木山上町(御船)
A16,1539,産交バス,,北平
A16,153B,産交バス,,北原(菊池)
A16,153C,産交バス,,さんふれあ前
A16,1542,産交バス,,菊陽町役場
A16,1546,産交バス,,北泉田町
A16,1547,産交バス,,北宮
A16,1548,産交バス,,菊池プラザ
A16,1549,産交バス,,菊池温泉
A16,154C,産交バス,福祉村線/住吉線 13/14系統,北五反田団地前
A16,1554,産交バス,,北原町
A16,1558,産交バス,快速たかもり号/南郷ライナー,祇園橋(高森)
A16,155A,産交バス,尾曲人吉線,北向地蔵尊
A16,1604,産交バス,南阿蘇ゆるっとバス,久木野病院前
A16,1605,産交バス,,JA久木野給油所横
A16,1606,産交バス,,球磨村診療所前
A16,1607,産交バス,八代種山線・八代八農分校線,草谷
A16,1608,産交バス,上天草市SUNまりんバス 上循環,串
A16,1609,産交バス,,楠浦
A16,160A,産交バス,,楠川
A16,160B,産交バス,,楠町
A16,160C,産交バス,,楠甫
A16,1612,産交バス,,久玉
A16,1613,産交バス,,来民小学校前
A16,1614,産交バス,,来民中町
A16,1619,産交バス,,口の森
A16,161C,産交バス,,久原
A16,161D,産交バス,,久保
A16,161E,産交バス,湯前線・人吉市房線・人吉古屋敷線,久保宇野
A16,1621,産交バス,,熊工前
A16,1622,産交バス,湯前線・人吉市房線・人吉古屋敷線,球磨中央高校前
A16,1623,産交バス,,熊商前
A16,1624,産交バス,,東新南部
A16,1628,産交バス,,熊本駅前
A16,162A,産交バス,,阿蘇くまもと空港 (国内線ターミナル)
A16,162B,産交バス,,熊本県庁前
A16,162C,産交バス,,熊工入口
A16,162D,産交バス,,桜町バスターミナル
A16,1630,産交バス,,市役所前
A16,1631,産交バス,,熊本セントラル病院
A16,1632,産交バス,,熊本大学前
A16,1633,産交バス,川8/快速あまくさ号,熊本農業高校前
A16,1634,産交バス,八代松橋線,熊本南病院入口
A16,1635,産交バス,,久米野
A16,1636,産交バス,,倉江
A16,1637,産交バス,,倉江橋
A16,1638,産交バス,,鞍掛
A16,163C,産交バス,,倉田
A16,163D,産交バス,,倉岳校前
A16,163E,産交バス,田浦水俣線,倉谷
A16,1640,産交バス,,倉原
A16,1641,産交バス,,蔵原(阿蘇)
A16,1642,産交バス,,クラブ前
A16,1644,産交バス,,蔵満
A16,1648,産交バス,,栗林住宅下
A16,164C,産交バス,,西戸島団地
A16,164E,産交バス,,黒髪五丁目
A16,164F,産交バス,,黒髪六丁目
A16,1651,産交バス,小国黒川線/小国郷ぐる〜っとバス,黒川下
A16,1652,産交バス,,黒勘根
A16,1656,産交バス,,黒流
A16,1658,産交バス,湯前線・人吉市房線・人吉古屋敷線,黒肥地通り
A16,1659,産交バス,,桑鶴
A16,165A,産交バス,,桑の浦
A16,165C,産交バス,,神水町
A16,165D,産交バス,,神水町(バイパス)
A16,1705,産交バス,,久保団地入口
A16,1706,産交バス,小国黒川線/小国郷ぐる〜っとバス,黒川
A16,1707,産交バス,湯前線・人吉市房線・人吉古屋敷線,黒田(人吉)
A16,1709,産交バス,,熊本工業専門学校前
A16,170C,産交バス,,蔵満下
A16,1710,産交バス,,草千里阿蘇火山博物館前
A16,1711,産交バス,,黒崎(三角)
A16,1715,産交バス,,黒崎(大多尾)
A16,1718,産交バス,,崇城大学前
A16,171C,産交バス,,市役所前・日本郵政横
A16,171D,産交バス,本渡教良木線,黒地
A16,172F,産交バス,,くまもと工芸会館前(旧道)
A16,1730,産交バス,八代松橋線,久具
A16,1733,産交バス,湯前線・人吉市房線・人吉古屋敷線,黒田入口
A16,1734,産交バス,南阿蘇ゆるっとバス,久木野福祉センター前
A16,1735,産交バス,南阿蘇ゆるっとバス,久木野駐在所前
A16,1738,産交バス,,熊本港フェリーのりば前
A16,173A,産交バス,,熊本港大橋口
A16,173B,産交バス,南阿蘇ゆるっとバス,温泉センター木の香湯前
A16,173D,産交バス,,熊本文化の森
A16,1741,産交バス,,熊大地域共同研究センター
A16,1742,産交バス,,草枕温泉てんすい
A16,1745,産交バス,快速たかもり号,グランメッセ前
A16,1746,産交バス,,くまもとエミナース前
A16,1747,産交バス,,くまもと県北病院
A16,174A,産交バス,,熊本中央病院
A16,174D,産交バス,,釘の花
A16,174E,産交バス,,熊入三ツ角
A16,174F,産交バス,,熊入温泉郵便局前
A16,1750,産交バス,,熊入四ツ角
A16,175B,産交バス,グリーンランド線 11系統,グリーンランド正門前
A16,175E,産交バス,,楠団地
A16,175F,産交バス,,楠一丁目
A16,1760,産交バス,,楠団地入口
A16,1761,産交バス,,熊本操車場前
A16,1762,産交バス,,グリーンランド北口前
A16,1763,産交バス,11/12/13系統,宮内
A16,1800,産交バス,倉掛線,黒橋
A16,1801,産交バス,倉掛線,倉掛中
A16,1802,産交バス,倉掛線/上官線,倉掛
A16,1813,産交バス,尾曲人吉線,球磨サイクル前
A16,1821,産交バス,,球磨村役場
A16,1822,産交バス,,黒石崎
A16,1824,産交バス,,菊池温泉・市民広場前
A16,1901,産交バス,,警察学校前
A16,1902,産交バス,,競馬場前
A16,1903,産交バス,,刑務所前
A16,1905,産交バス,,県会議事堂前
A16,1906,産交バス,,健軍校前
A16,1907,産交バス,,健軍電停前
A16,1909,産交バス,八代市街地循環バス みなバス・まちバス,検察庁・法務局・市博物館前
A16,190B,産交バス,,菊池川工事事務所前
A16,190C,産交バス,湯前線・人吉市房線・人吉古屋敷線,建設事務所前
A16,190D,産交バス,湯前線・人吉市房線・人吉古屋敷線,上多良木
A16,190E,産交バス,八代坂本駅線,下代の瀬
A16,1915,産交バス,,県営団地入口
A16,1916,産交バス,,健軍四ッ角
A16,1919,産交バス,,県立装飾古墳館入口
A16,1922,産交バス,,県立大学前
A16,1923,産交バス,,県立大通り
A16,1A00,産交バス,,五橋入口
A16,1A01,産交バス,,小畦
A16,1A02,産交バス,,小畦橋
A16,1A03,産交バス,,越の浦
A16,1A07,産交バス,,西戸島
A16,1A08,産交バス,,甲賀無田
A16,1A09,産交バス,,甲北
A16,1A0C,産交バス,,コーボーテキスタイル入口
A16,1A0D,産交バス,,高々崎
A16,1A11,産交バス,,小池(阿蘇)
A16,1A12,産交バス,,神代
A16,1A13,産交バス,八代市街地循環バス まちバス,厚生会館前
A16,1A14,産交バス,,本渡東小中学校入口
A16,1A15,産交バス,八代松橋線,興善寺
A16,1A16,産交バス,,神園(砥用)
A16,1A18,産交バス,八代日奈久線,高田駅前
A16,1A1A,産交バス,八代日奈久線,高田小学校前
A16,1A1B,産交バス,,交通局前
A16,1A1E,産交バス,,上津浦
A16,1A20,産交バス,,上津浦浜
A16,1A21,産交バス,,上津深江
A16,1A22,産交バス,,江東電気前
A16,1A24,産交バス,,江南病院前
A16,1A25,産交バス,湯前線・人吉市房線・人吉古屋敷線,幸野
A16,1A26,産交バス,,神の瀬
A16,1A27,産交バス,,神瀬福祉センターたかおと前
A16,1A28,産交バス,,神の瀬橋
A16,1A29,産交バス,,甲畠口
A16,1A2E,産交バス,,紺屋町
A16,1A2F,産交バス,,高良(松橋)
A16,1A30,産交バス,,肥猪入口
A16,1A31,産交バス,,子飼橋
A16,1A32,産交バス,,子飼本町
A16,1A33,産交バス,,古神西
A16,1A35,産交バス,,古閑(大津)
A16,1A36,産交バス,,古閑(国丁)
A16,1A39,産交バス,,古閑(山鹿)
A16,1A3A,産交バス,八代駅宮原線,古閑入江
A16,1A3B,産交バス,,古閑小屋
A16,1A3C,産交バス,八代種山線・八代八農分校線/八代松橋線,古閑出
A16,1A3D,産交バス,八代市街地循環バス まちバス,古閑中町
A16,1A3E,産交バス,,古賀原
A16,1A3F,産交バス,,古閑原入口
A16,1A42,産交バス,本渡通詞線,天草アレグリアガーデンズ入口
A16,1A43,産交バス,,国町
A16,1A44,産交バス,,国府
A16,1A49,産交バス,,前島 (遊覧船のりば前)
A16,1A4C,産交バス,五木線/人吉五木線,小栗毛
A16,1A4D,産交バス,,石立
A16,1A4F,産交バス,,九日町
A16,1A54,産交バス,,越喜瀬
A16,1A56,産交バス,,小島子
A16,1A57,産交バス,,古新地
A16,1A58,産交バス,,小島
A16,1A59,産交バス,八代田浦線,古城
A16,1A5C,産交バス,人吉五木線,梢山
A16,1A5E,産交バス,,小瀬戸
A16,1A60,産交バス,,小谷
A16,1A61,産交バス,,小高浜
A16,1A62,産交バス,田浦水俣線,小田浦
A16,1A63,産交バス,,東風留
A16,1B00,産交バス,,小津奈木
A16,1B01,産交バス,,小塚
A16,1B03,産交バス,,図書館前
A16,1B04,産交バス,,小夏
A16,1B05,産交バス,,木葉駅前
A16,1B06,産交バス,,木葉下町
A16,1B09,産交バス,,木葉四つ角
A16,1B0C,産交バス,,木場(大多尾)
A16,1B10,産交バス,,小原(南関)
A16,1B13,産交バス,八代田浦線,小伏木
A16,1B16,産交バス,尾曲人吉線,駒井田
A16,1B1A,産交バス,,小松(長浜)
A16,1B1E,産交バス,,小宮地
A16,1B1F,産交バス,,小莚
A16,1B25,産交バス,,小屋河内
A16,1B26,産交バス,八代田浦線,こやぶ
A16,1B27,産交バス,野3/野5,惟重
A16,1B28,産交バス,野3/野5,惟重入口
A16,1B29,産交バス,八代日奈久線,金剛小学校前
A16,1B2D,産交バス,湯前線・人吉市房線・人吉古屋敷線,松の本(人吉)
A16,1B2E,産交バス,三角さんぱーる線,三角港入口
A16,1B2F,産交バス,,光の森入口
A16,1B30,産交バス,,五反田
A16,1B31,産交バス,本渡教良木線,五反田(栖本)
A16,1B32,産交バス,,五丁
A16,1B33,産交バス,,呉服町(熊本市)
A16,1B35,産交バス,湯前線・人吉市房線・人吉古屋敷線,五本松
A16,1B36,産交バス,,五楽
A16,1B38,産交バス,,御領
A16,1B39,産交バス,八代松橋線,御霊(八代)
A16,1B3B,産交バス,,御領中央
A16,1B3C,産交バス,,五霊中学校前
A16,1B3D,産交バス,,御領幼児園前
A16,1B41,産交バス,,護藤
A16,1B42,産交バス,,護藤郵便局前
A16,1B43,産交バス,,古閑入口
A16,1B44,産交バス,,御領団地前
A16,1B45,産交バス,,荒神入口・フードパル熊本前
A16,1B46,産交バス,,古閑(和泉)
A16,1B48,産交バス,,南部総合スポーツセンター前
A16,1B49,産交バス,,小浦崎
A16,1B4A,産交バス,,神園(バイパス)
A16,1B4B,産交バス,,御領神社前
A16,1B4D,産交バス,,公会堂前(海路口)
A16,1B50,産交バス,,五本松(大津)
A16,1B54,産交バス,,小場(天草)
A16,1B55,産交バス,,五郎丸(三玉)
A16,1B58,産交バス,,合歓の平
A16,1B59,産交バス,,古閑(日赤線)
A16,1B63,産交バス,快速たかもり号,国際線ターミナル (阿蘇くまもと空港)
A16,1C02,産交バス,,小鶴(五木)
A16,1C03,産交バス,,上津浦永田
A16,1C04,産交バス,,国町駐車場
A16,1C06,産交バス,,五戸窪
A16,1C08,産交バス,,小椎葉(内谷)
A16,1C09,産交バス,,新小松原
A16,1C0A,産交バス,八代日奈久線,高田記念碑前
A16,1C3D,産交バス,,向山校前
A16,1C3E,産交バス,,合志町 (川尻市道)
A16,1C3F,産交バス,,湖東町
A16,1C43,産交バス,,けやき広場前
A16,1C44,産交バス,,高良(大津)
A16,1C48,産交バス,,ビレッジハウス前
A16,1C49,産交バス,,寿住宅前
A16,1C4A,産交バス,,小道入口
A16,1C4D,産交バス,,鮗ヶ浦
A16,1C50,産交バス,人吉五木線,交流施設前(五木)
A16,1C51,産交バス,湯前線・人吉市房線・人吉古屋敷線,公立多良木病院前
A16,1C55,産交バス,,肥猪口
A16,1C56,産交バス,,小次郎丸
A16,1C57,産交バス,,甲森
A16,1C59,産交バス,,ゴルフ場前(産山)
A16,1C5A,産交バス,快速たかもり号,木の香湯温泉入口
A16,1C5B,産交バス,東屋形線 12系統,向陽台
A16,1D0D,産交バス,,小園
A16,1D0E,産交バス,,小柿公民館前
A16,1D10,産交バス,八代市街地循環バス みなバス・まちバス,古閑中入口
A16,1D19,産交バス,,古閑鶴
A16,1E02,産交バス,荒尾玉名線 1系統,玉名産交前
A16,1E03,産交バス,,桜井町一丁目
A16,1E04,産交バス,,佐伊津
A16,1E06,産交バス,,才津原
A16,1E08,産交バス,,裁判所前(阿蘇)
A16,1E09,産交バス,,裁判所前(熊本市)
A16,1E0A,産交バス,,裁判町
A16,1E0B,産交バス,,境
A16,1E0C,産交バス,,境木
A16,1E0D,産交バス,,桜木小学校西
A16,1E0E,産交バス,,桜木小学校東
A16,1E0F,産交バス,八代駅宮原線,堺塘
A16,1E12,産交バス,,栄町
A16,1E13,産交バス,,栄町(天草)
A16,1E16,産交バス,,坂口
A16,1E17,産交バス,,坂下
A16,1E18,産交バス,,坂下(五木)
A16,1E1C,産交バス,,坂瀬川郵便局前
A16,1E1E,産交バス,,坂瀬川宮の前
A16,1E1F,産交バス,玉名山鹿線,坂田
A16,1E20,産交バス,,坂梨保育園前
A16,1E21,産交バス,,坂梨公民館前
A16,1E22,産交バス,,坂の上
A16,1E23,産交バス,,坂の上口
A16,1E24,産交バス,八代坂本駅線,坂本(八代)
A16,1E25,産交バス,小国黒川線/小国郷ぐる〜っとバス,坂本(小国)
A16,1E2B,産交バス,八代坂本駅線,坂本病院前
A16,1E2C,産交バス,五木線/人吉五木線,相良北小学校前
A16,1E2E,産交バス,五木線/人吉五木線,相良南小学校前
A16,1E2F,産交バス,五木線/人吉五木線,相良中学校入口
A16,1E31,産交バス,,崎津
A16,1E32,産交バス,,先浜洲
A16,1E33,産交バス,本渡通詞線,崎明瀬
A16,1E36,産交バス,,桜井小学校前
A16,1E37,産交バス,,桜井町
A16,1E38,産交バス,,桜ヶ丘住宅前
A16,1E39,産交バス,,桜木小学校入口
A16,1E3B,産交バス,,桜木三丁目
A16,1E3C,産交バス,,桜戸
A16,1E3D,産交バス,,桜町
A16,1E3E,産交バス,荒尾玉名線 1系統,桜山(国道)
A16,1E3F,産交バス,,迫(天草・海老宇土)
A16,1E40,産交バス,,迫(天草・仮俣)
A16,1E41,産交バス,,迫(天草・小宮地)
A16,1E42,産交バス,大津木山線/大津岩戸の里線,迫入口
A16,1E43,産交バス,,迫公民館前
A16,1E44,産交バス,,笹尾
A16,1E45,産交バス,,笹倉
A16,1E47,産交バス,,笹原
A16,1E48,産交バス,田浦水俣線,佐敷駅前
A16,1E4A,産交バス,八代種山線・八代八農分校線,差野
A16,1E4B,産交バス,八代種山線・八代八農分校線,定野
A16,1E4D,産交バス,,薩摩瀬通り
A16,1E4F,産交バス,,サテライト八代
A16,1E50,産交バス,,里の浦
A16,1E54,産交バス,,佐俣今村
A16,1E55,産交バス,,福祉保健センター前
A16,1E56,産交バス,,佐俣宮の前
A16,1E5A,産交バス,小国黒川線/小国郷ぐる〜っとバス,皿山
A16,1E5C,産交バス,,阿蘇新橋
A16,1E5F,産交バス,八代松橋線,三軒屋
A16,1E60,産交バス,,消防署前(阿蘇)
A16,1E63,産交バス,,大窪二丁目
A16,1F00,産交バス,,坂の下(下硯川)
A16,1F01,産交バス,八代日奈久線,高田団地前
A16,1F02,産交バス,,人吉産交
A16,1F03,産交バス,三角宇土駅線,三号
A16,1F04,産交バス,,三の宮
A16,1F08,産交バス,,三里木
A16,1F0C,産交バス,八代日奈久線/八代田浦線,山官
A16,1F0D,産交バス,,葉山住宅前
A16,1F0E,産交バス,,坂本(大矢野)
A16,1F13,産交バス,本渡通詞線,産交車庫前(天草)
A16,1F14,産交バス,,境目
A16,1F15,産交バス,五木線/人吉五木線,相良村運動公園
A16,1F16,産交バス,,三和中学校前
A16,1F19,産交バス,五木線/人吉五木線,相良村役場前
A16,1F1A,産交バス,,栄通り
A16,1F2E,産交バス,,佐土原
A16,1F35,産交バス,,済生会病院
A16,1F3C,産交バス,,小山団地入口
A16,1F3D,産交バス,人吉五木線,三方谷(国道五木)
A16,1F3E,産交バス,,三把浦
A16,1F3F,産交バス,,山陽公園前
A16,1F40,産交バス,八代坂本駅線,坂本駅前
A16,1F43,産交バス,五木線/人吉五木線,茶湯里温泉前
A16,1F4E,産交バス,,猿渡
A16,1F50,産交バス,,才の木
A16,1F51,産交バス,,桜山(旧道)
A16,1F52,産交バス,,桜山団地上
A16,1F53,産交バス,,桜山町一丁目
A16,1F54,産交バス,,桜山町二丁目
A16,1F57,産交バス,,桜山町四丁目
A16,1F58,産交バス,,三中前
A16,1F59,産交バス,,さんぱーる
A16,1F5C,産交バス,,三郎
A16,1F5D,産交バス,南阿蘇ゆるっとバス,沢津野
A16,1F5E,産交バス,南阿蘇ゆるっとバス,猿まわし劇場前
A16,1F5F,産交バス,上天草市SUNまりんバス 上循環,サンセットコースト
A16,1F60,産交バス,,さざなみ保育園前
A16,1F61,産交バス,,三日原観音前
A16,1F62,産交バス,尾曲人吉線,嵯我里
A16,1F63,産交バス,尾曲人吉線,嵯我里観音入口
A16,2000,産交バス,,イオン菊陽店
A16,2009,産交バス,尾曲人吉線,嵯峨里公民館前
A16,200D,産交バス,,佐俣の湯
A16,200E,産交バス,,坂梨ハートクリニック前
A16,2101,産交バス,,椎倉
A16,2102,産交バス,八代種山線・八代八農分校線,椎屋
A16,2103,産交バス,,椎屋入口
A16,2104,産交バス,,椎山
A16,2106,産交バス,,塩池
A16,2107,産交バス,,阿蘇中央高校・阿蘇清峰校舎前
A16,2109,産交バス,本渡教良木線,塩浜(栖本)
A16,210C,産交バス,,塩屋(河内)
A16,210D,産交バス,,塩屋(三角)
A16,210F,産交バス,,塩屋浦
A16,2110,産交バス,,三角中学校前
A16,2111,産交バス,田浦水俣線,塩屋橋
A16,2113,産交バス,,志柿
A16,2114,産交バス,,志岐
A16,2115,産交バス,八代日奈久線/八代田浦線,敷川内
A16,2119,産交バス,玉名山鹿線,志々岐
A16,211A,産交バス,上天草市SUNまりんバス 上循環,賎の女
A16,211B,産交バス,,下貫
A16,211D,産交バス,湯前線・人吉市房線・人吉古屋敷線,下城(人吉)
A16,211E,産交バス,,志田の原
A16,2120,産交バス,,蔀
A16,2122,産交バス,,芝塚
A16,2123,産交バス,,四分一
A16,2125,産交バス,,島子
A16,2127,産交バス,,島山
A16,2128,産交バス,,清水
A16,2129,産交バス,八代種山線・八代八農分校線,島田町(八代)
A16,212A,産交バス,,鏡クリニック前
A16,212B,産交バス,湯前線・人吉市房線・人吉古屋敷線,下井手の口
A16,212C,産交バス,,下伊萩
A16,212D,産交バス,八代坂本駅線,下今泉
A16,212E,産交バス,,下今町
A16,2130,産交バス,,下祝口
A16,2131,産交バス,大津木山線/大津岩戸の里線,下岩坂
A16,2134,産交バス,,牛水下
A16,2137,産交バス,,下内野
A16,2138,産交バス,,下浦
A16,213B,産交バス,,下毛
A16,213E,産交バス,八代日奈久線,下大野
A16,213F,産交バス,,下大林
A16,2140,産交バス,湯前線・人吉市房線・人吉古屋敷線,下乙
A16,2141,産交バス,本渡教良木線,下方入口
A16,2142,産交バス,,下堅志田
A16,2143,産交バス,荒尾玉名線 1系統,下金山
A16,2146,産交バス,,下辛川
A16,2147,産交バス,五木線/人吉五木線,下川辺
A16,2148,産交バス,,下方
A16,2149,産交バス,,下黒勘根
A16,214B,産交バス,,下甲北
A16,214C,産交バス,,下高野辺田
A16,214E,産交バス,,下古閑
A16,214F,産交バス,,下古閑公園前
A16,2152,産交バス,湯前線・人吉市房線・人吉古屋敷線,下里(湯山)
A16,2154,産交バス,,下塩屋
A16,215C,産交バス,,下新町
A16,215D,産交バス,大津木山線,下寺中
A16,215F,産交バス,,下硯川
A16,2160,産交バス,,下巣林
A16,2161,産交バス,,下清田
A16,2201,産交バス,,下高野
A16,2202,産交バス,,下高橋
A16,2205,産交バス,八代種山線・八代八農分校線,下岳郵便局前
A16,2207,産交バス,五木線/人吉五木線,下田代(相良)
A16,2209,産交バス,小国黒川線/小国郷ぐる〜っとバス,下田原
A16,220A,産交バス,新6,下平
A16,220B,産交バス,南阿蘇ゆるっとバス,下田駅前
A16,220C,産交バス,,下田温泉
A16,220E,産交バス,,下田南
A16,220F,産交バス,,下近見(国道)
A16,2210,産交バス,,下近見(旧道)
A16,2211,産交バス,,下近津
A16,2213,産交バス,,平
A16,2214,産交バス,,下津浦クラブ前
A16,2215,産交バス,,下津浦宮ノ前
A16,2216,産交バス,,下津江四郎ヶ浜ビーチ
A16,2218,産交バス,,下津原
A16,221D,産交バス,,下砥川飯田山入口
A16,221F,産交バス,,下外城
A16,2220,産交バス,,下中
A16,2221,産交バス,,下中河内
A16,2222,産交バス,,下永富
A16,2224,産交バス,,下南部
A16,2225,産交バス,,下南部入口
A16,2229,産交バス,,下城(阿蘇)
A16,222E,産交バス,,下原田
A16,2230,産交バス,,下林
A16,2231,産交バス,,下原(東牟田)
A16,2232,産交バス,,下平
A16,2233,産交バス,,下平瀬
A16,2234,産交バス,,下平床
A16,2235,産交バス,大津木山線,下布田
A16,2236,産交バス,,下方近
A16,2237,産交バス,,下方原
A16,2239,産交バス,,下本庄
A16,223A,産交バス,八代日奈久線,植柳下町
A16,223B,産交バス,五木線/人吉五木線,下松馬場
A16,223F,産交バス,,下米野
A16,2240,産交バス,南阿蘇ゆるっとバス,下森山
A16,2241,産交バス,,下矢津田
A16,2242,産交バス,南阿蘇ゆるっとバス,下吉田
A16,2247,産交バス,,水俣市役所
A16,2249,産交バス,五木線/人吉五木線,車両センター前
A16,224A,産交バス,,主留
A16,224B,産交バス,,庄
A16,224C,産交バス,,正院丁
A16,224E,産交バス,,正観寺
A16,2250,産交バス,,松錦館前
A16,2251,産交バス,,商工会議所前(天草)
A16,2253,産交バス,,正清橋
A16,2254,産交バス,,小池野
A16,2255,産交バス,,小楠公園前
A16,2256,産交バス,,消防局防災センター前
A16,225A,産交バス,,ショッピングセンター前
A16,225B,産交バス,,白石
A16,225C,産交バス,,白石(牛深)
A16,225E,産交バス,,白石磧
A16,225F,産交バス,,白石碩入口
A16,2260,産交バス,田浦水俣線,白岩
A16,2261,産交バス,八代種山線・八代八農分校線,白岩戸
A16,2263,産交バス,南阿蘇ゆるっとバス,白川
A16,2300,産交バス,南阿蘇ゆるっとバス,白川駅前
A16,2301,産交バス,,白川公園前
A16,2302,産交バス,大津木山線/大津岩戸の里線,白川保育園前
A16,2306,産交バス,,白木河内
A16,230A,産交バス,八代種山線・八代八農分校線,白木平
A16,230B,産交バス,,白鷺橋
A16,230E,産交バス,,白土
A16,230F,産交バス,,白坪校前
A16,2310,産交バス,,白鶴浜
A16,2311,産交バス,,白当
A16,2312,産交バス,本渡教良木線,白戸(天草)
A16,2313,産交バス,八代日奈久線/八代田浦線,白鳥
A16,2315,産交バス,,白浜(河内)
A16,2317,産交バス,,白浜農協入口
A16,2319,産交バス,,総合病院前
A16,231A,産交バス,,知ヶ崎
A16,231B,産交バス,上天草市SUNまりんバス 登立循環,四郎丸
A16,231C,産交バス,,城下
A16,231D,産交バス,,城本
A16,2322,産交バス,八代種山線・八代八農分校線/八代松橋線,新川橋
A16,2323,産交バス,,新休
A16,2324,産交バス,,新休橋
A16,2325,産交バス,湯前線・人吉市房線・人吉古屋敷線,新宮寺前
A16,2326,産交バス,,新合
A16,2327,産交バス,大津木山線,新庄入口
A16,2328,産交バス,三角宇土駅線,新地
A16,2329,産交バス,,新田
A16,232A,産交バス,,神田(天草)
A16,232B,産交バス,,新土河原町
A16,232D,産交バス,,新南部
A16,232E,産交バス,,新南部入口
A16,232F,産交バス,,新橋
A16,2332,産交バス,,新町(熊本市)
A16,2334,産交バス,,新町(人吉)
A16,2335,産交バス,,新町(水俣)
A16,2336,産交バス,八代松橋線,新道
A16,2337,産交バス,八代松橋線,八代市千丁支所入口
A16,2338,産交バス,,新村(池の上)
A16,233B,産交バス,,新山入口
A16,233C,産交バス,,信用金庫前
A16,233D,産交バス,,新四つ角(松橋)
A16,233E,産交バス,,産山学園前
A16,2341,産交バス,,商工会前(天草)
A16,2342,産交バス,,自衛隊前
A16,2343,産交バス,,慈恩寺
A16,2344,産交バス,湯前線・人吉市房線・人吉古屋敷線,慈願寺
A16,2345,産交バス,,食場
A16,2346,産交バス,,地下
A16,2349,産交バス,,寺中(天草)
A16,234A,産交バス,大津木山線,寺中
A16,234B,産交バス,,自動車学校阿蘇製薬前
A16,234C,産交バス,,戸島五丁目
A16,234D,産交バス,八代松橋線,希望の里入口
A16,234E,産交バス,,十五社
A16,234F,産交バス,,十三
A16,2350,産交バス,,十三部
A16,2351,産交バス,,十三仏
A16,2352,産交バス,,十禅寺町
A16,2354,産交バス,,十の原
A16,2355,産交バス,,城
A16,2356,産交バス,,城ヶ花
A16,2357,産交バス,,城河原郵便局前
A16,2358,産交バス,,浄行寺
A16,2359,産交バス,五木線/人吉五木線,上下坂
A16,235A,産交バス,,城木場
A16,235C,産交バス,,城下
A16,235E,産交バス,三角宇土駅線,城塚
A16,2360,産交バス,,城の浦
A16,2361,産交バス,,城の下
A16,2362,産交バス,玉名山鹿線,城北高校前
A16,2400,産交バス,,菊池女子高前
A16,2401,産交バス,,寺領
A16,2403,産交バス,本渡教良木線,神社前
A16,2405,産交バス,,陣内
A16,2407,産交バス,,陣内(水俣)
A16,2408,産交バス,,新水俣駅
A16,2409,産交バス,八代種山線・八代八農分校線,新八代駅西口
A16,240A,産交バス,,昭和町
A16,240B,産交バス,,下川原
A16,240C,産交バス,,汐路越
A16,240D,産交バス,,下城本
A16,240E,産交バス,,小国郷農協前
A16,2410,産交バス,八代種山線・八代八農分校線,農政局入口(八代)
A16,2412,産交バス,,商工会館前
A16,2413,産交バス,,新久玉団地前
A16,2415,産交バス,,島団地入口
A16,2416,産交バス,,白藤町
A16,2418,産交バス,八代種山線・八代八農分校線,白岩戸入口
A16,2419,産交バス,,カルチャーパレス前
A16,241A,産交バス,八代種山線・八代八農分校線,新牟田2
A16,241B,産交バス,荒尾長洲玉名線 21系統,塩屋(長洲)
A16,241C,産交バス,,児童公園前
A16,241D,産交バス,,新城入口
A16,2422,産交バス,湯前線・人吉市房線・人吉古屋敷線,下吉野尾
A16,2423,産交バス,湯前線・人吉市房線・人吉古屋敷線,白坂団地前
A16,2424,産交バス,湯前線・人吉市房線・人吉古屋敷線,B&G海洋センター前
A16,2425,産交バス,湯前線・人吉市房線・人吉古屋敷線,下吉井
A16,2426,産交バス,湯前線・人吉市房線・人吉古屋敷線,下高瀬
A16,2428,産交バス,,下向
A16,242A,産交バス,,下西町(阿蘇)
A16,242B,産交バス,三角宇土駅線,新川入口
A16,242C,産交バス,田浦水俣線,志水(佐敷)
A16,242D,産交バス,,球磨川下り発船場前
A16,2430,産交バス,川8,新村(宇土)
A16,2432,産交バス,,城(天草)
A16,2433,産交バス,,城山下代
A16,2434,産交バス,,城山小学校前
A16,2435,産交バス,,下鶴(天草)
A16,2436,産交バス,,新村(久木野)
A16,2438,産交バス,,不知火中学校前
A16,2439,産交バス,,新田亀島
A16,243A,産交バス,,下門
A16,243C,産交バス,,下前原
A16,2443,産交バス,,裁判所前(水俣市)
A16,2444,産交バス,,新四ツ角(水俣)
A16,2445,産交バス,,昭和町(水俣)
A16,2446,産交バス,,身障者福祉センター前
A16,2448,産交バス,,消防署前(三角)
A16,244A,産交バス,小国郷ぐる〜っとバス,白川入口
A16,2451,産交バス,,清水台団地入口
A16,2452,産交バス,,下屋形
A16,2453,産交バス,,白浜団地前
A16,2455,産交バス,,尻江田(岳の湯)
A16,2456,産交バス,,下南部団地入口
A16,2458,産交バス,八代田浦線,下里(君ヶ淵)
A16,245A,産交バス,湯前線・人吉市房線・人吉古屋敷線,下原(人吉)
A16,245E,産交バス,湯前線・人吉市房線・人吉古屋敷線,新立
A16,245F,産交バス,本渡教良木線,新田(天草)
A16,2460,産交バス,つなぎ温泉水俣港線・つなぎ温泉水俣産交線,白浜(津奈木)
A16,2461,産交バス,,うしぶか温泉前
A16,2462,産交バス,,下田大橋
A16,2463,産交バス,,新地(松合)
A16,2500,産交バス,,慈恵病院前
A16,2501,産交バス,八代市街地循環バス まちバス,市民球場前
A16,2505,産交バス,,下大多尾
A16,2506,産交バス,,下新町(人吉)
A16,2508,産交バス,,福祉センターグラウンド前(小峯)
A16,2509,産交バス,,下笹倉
A16,250A,産交バス,八代市街地循環バス みなバス,下井上町
A16,250B,産交バス,,市役所前・日本郵政横(議事堂線)
A16,251A,産交バス,五木線,陣の内
A16,251B,産交バス,五木線,新村(人吉)
A16,251C,産交バス,,白石駅入口
A16,2525,産交バス,八代種山線・八代八農分校線,下松の原
A16,2526,産交バス,,新和町漁協前
A16,252C,産交バス,野3/野5,下沖橋
A16,252D,産交バス,大津木山線,新迎田
A16,252E,産交バス,,椎葉入口
A16,2537,産交バス,,新土河原町入口
A16,2538,産交バス,,城山保育園入口
A16,2539,産交バス,,城山小学校前(西回り)
A16,253C,産交バス,,商工会議所前
A16,253D,産交バス,,新堀町
A16,2540,産交バス,,市民病院前
A16,2541,産交バス,,下近見 (東バイパス)
A16,2543,産交バス,南阿蘇ゆるっとバス,四季の森温泉
A16,2544,産交バス,川8,ショッピングプラザ宇土前
A16,2546,産交バス,上天草市SUNまりんバス 登立循環,治郎田
A16,2547,産交バス,,ハローワーク前
A16,2548,産交バス,,自治会館入口
A16,254C,産交バス,,下代入口
A16,254D,産交バス,八代市街地循環バス みなバス,消防署前(八代)
A16,254E,産交バス,,不知火温泉センター前
A16,2552,産交バス,,塩屋平
A16,2553,産交バス,本渡教良木線,下浦バイパス
A16,2555,産交バス,,白藤東原
A16,2558,産交バス,,翔陽高校前
A16,255A,産交バス,,下片諏訪
A16,255B,産交バス,,白嶽森林公園入口
A16,255C,産交バス,,塩屋
A16,255D,産交バス,八代駅宮原線,市立八代支援学校
A16,255F,産交バス,,蛇ヶ谷公園前
A16,2560,産交バス,,下柿塚
A16,2561,産交バス,,イオン天草ショッピングセンター
A16,2563,産交バス,,志柿地区コミュニティセンター前
A16,2600,産交バス,人吉五木線,下谷(国道)
A16,2602,産交バス,,シープル前
A16,260B,産交バス,,白岩(小国)
A16,260D,産交バス,,下高橋(山鹿)
A16,260E,産交バス,,七城メロンドーム
A16,260F,産交バス,,消防署前(菊池)
A16,2610,産交バス,,下小ヶ原
A16,2611,産交バス,,下杉水
A16,2612,産交バス,,下猿渡
A16,2613,産交バス,,翔陽高校入口
A16,2615,産交バス,小国郷ぐる〜っとバス,白川温泉
A16,2616,産交バス,小国郷ぐる〜っとバス,白川上
A16,261A,産交バス,小国郷ぐる〜っとバス,白川下
A16,261D,産交バス,,新土河原一丁目
A16,261E,産交バス,,新生区北
A16,2622,産交バス,,新生西
A16,2623,産交バス,,新道閑橋
A16,2625,産交バス,倉掛線,聖人原
A16,2626,産交バス,東屋形線 12系統,市民体育館前
A16,2627,産交バス,,新生区南
A16,2628,産交バス,,新生区中
A16,2629,産交バス,,新図団地前
A16,263E,産交バス,南阿蘇ゆるっとバス,下野住宅団地前
A16,263F,産交バス,南阿蘇ゆるっとバス,下野踏切横
A16,264A,産交バス,,島団地
A16,264B,産交バス,,下近見(島団地)
A16,264D,産交バス,八代市街地循環バス ゆめバス,新町(八代)
A16,264F,産交バス,,リゾラテラス天草
A16,2650,産交バス,,しろみづき荘前
A16,2651,産交バス,,下十文字
A16,2652,産交バス,,七地町2班
A16,2653,産交バス,,七地公民館前
A16,2654,産交バス,,七地町5班
A16,2655,産交バス,,七地町6班
A16,2656,産交バス,尾曲人吉線,下原田公民館前
A16,2657,産交バス,尾曲人吉線,菖蒲
A16,2658,産交バス,,新堀アパート前
A16,2659,産交バス,,下鶴
A16,265A,産交バス,,清水橋
A16,265B,産交バス,,椎原診療所
A16,2700,産交バス,,新玉名駅
A16,270C,産交バス,,新山
A16,270D,産交バス,,新成
A16,270F,産交バス,,下野山田仮設団地
A16,2710,産交バス,八代日奈久線/八代田浦線,日奈久下西町
A16,2711,産交バス,八代日奈久線,日奈久ドリームランド シー・湯・遊
A16,2713,産交バス,,下西黒川入口
A16,2714,産交バス,,新小里団地
A16,2800,産交バス,,白藤団地入口
A16,2801,産交バス,,新町団地
A16,2802,産交バス,,天草拓心高校マリン校舎前
A16,2804,産交バス,,水前寺駅通り
A16,2806,産交バス,,水前寺公園前
A16,280A,産交バス,,水道町
A16,280C,産交バス,,動植物園入口
A16,280F,産交バス,,菅の原
A16,2811,産交バス,,杉島
A16,2813,産交バス,大津木山線,杉堂
A16,2815,産交バス,,桜木東小学校前
A16,2818,産交バス,,救の浦
A16,2819,産交バス,,摺尾
A16,281D,産交バス,,須子
A16,281E,産交バス,,涼松
A16,281F,産交バス,,鈴麦
A16,2820,産交バス,,硯川
A16,2821,産交バス,,砂取校前
A16,2824,産交バス,,上南部入口
A16,2825,産交バス,,ゆめタウンサンピアン前
A16,2826,産交バス,八代松橋線,住吉
A16,2827,産交バス,三角宇土駅線,住吉駅前
A16,2828,産交バス,三角宇土駅線,住吉宮の前
A16,2829,産交バス,,栖本中学校前
A16,282A,産交バス,,栖本馬場
A16,282B,産交バス,本渡教良木線,栖本支所前
A16,282E,産交バス,,諏訪神社入口
A16,282F,産交バス,,諏訪原
A16,2831,産交バス,本渡教良木線,下柳田
A16,2832,産交バス,八代日奈久線/八代田浦線,洲口(八代)
A16,2833,産交バス,,須口(牛深)
A16,2834,産交バス,,砂原(川口)
A16,2836,産交バス,,ヘリポート前
A16,283F,産交バス,,桃田運動公園前
A16,2842,産交バス,,栖本病院前
A16,2843,産交バス,,杉塘
A16,2846,産交バス,,杉
A16,284C,産交バス,,須口団地前
A16,284D,産交バス,,スポーツセンター前
A16,284E,産交バス,,杉水
A16,284F,産交バス,,企業局前
A16,2853,産交バス,倉掛線,助丸
A16,2854,産交バス,倉掛線,助丸入口
A16,2855,産交バス,,水道局北
A16,2856,産交バス,上天草市SUNまりんバス 中循環,スパタラソ
A16,285D,産交バス,南阿蘇ゆるっとバス,みつばち牧場
A16,285E,産交バス,住吉線 14系統,住吉北
A16,2901,産交バス,,青海小学校下
A16,2902,産交バス,,聖ヶ塔
A16,2904,産交バス,,清源寺
A16,2905,産交バス,,西山中学前
A16,2906,産交バス,,大江田
A16,2907,産交バス,,清掃センター前
A16,2908,産交バス,,清田
A16,290A,産交バス,,小島行在所入口
A16,290B,産交バス,,石水寺入口
A16,290C,産交バス,,関田
A16,2910,産交バス,八代坂本駅線,瀬高(坂本)
A16,2912,産交バス,,瀬戸
A16,2913,産交バス,,瀬戸大橋
A16,2917,産交バス,,選果場前
A16,2919,産交バス,,千金甲橋
A16,291B,産交バス,,千石橋
A16,291C,産交バス,,専修大学玉名高校前
A16,291E,産交バス,,千反
A16,291F,産交バス,八代日奈久線,千反(植柳)
A16,2920,産交バス,八代駅宮原線,千丁二の丸
A16,2922,産交バス,,千の通
A16,2923,産交バス,,洗馬橋
A16,2926,産交バス,野3/野5,銭塘
A16,2927,産交バス,野3/野5,銭塘郵便局前
A16,2928,産交バス,野3/野5,銭塘校前
A16,2929,産交バス,,瀬田観音前
A16,292A,産交バス,,西区役所前
A16,292D,産交バス,,瀬戸大橋(栖本)
A16,292E,産交バス,,小島郵便局前
A16,2935,産交バス,,銭塘五町
A16,2937,産交バス,八代坂本駅線,西部大橋
A16,2939,産交バス,人吉五木線,瀬目公園
A16,293C,産交バス,,清風苑前
A16,293E,産交バス,,セントラル病院前
A16,293F,産交バス,,瀬高公民館前
A16,2940,産交バス,,瀬高(大矢野)
A16,2944,産交バス,八代種山線・八代八農分校線,千丁小学校前
A16,294A,産交バス,,西部車庫
A16,2953,産交バス,,涼水戸温泉前
A16,2956,産交バス,玉名市街地循環バス,下立願寺
A16,2A00,産交バス,,労働庁舎前
A16,2A05,産交バス,,人吉市立第一中学校前
A16,2A08,産交バス,,双原
A16,2A0A,産交バス,,惣領
A16,2A0C,産交バス,,底江
A16,2A0F,産交バス,田浦水俣線,外平
A16,2A11,産交バス,,園山
A16,2A12,産交バス,上天草市SUNまりんバス 上循環,そべ石
A16,2A13,産交バス,湯前線・人吉市房線・人吉古屋敷線,染田
A16,2A17,産交バス,,総合体育館前
A16,2A1A,産交バス,,東黒川(阿蘇)
A16,2A24,産交バス,,造船団地前
A16,2B02,産交バス,,大正町
A16,2B03,産交バス,,大原(内野河内)
A16,2B04,産交バス,,大原(棚底)
A16,2B05,産交バス,八代市街地循環バス まちバス,代陽小学校前
A16,2B06,産交バス,八代日奈久線,高植本町
A16,2B07,産交バス,,高江町
A16,2B08,産交バス,,田頭
A16,2B0A,産交バス,,高尾野入口
A16,2B0B,産交バス,,高串
A16,2B0D,産交バス,,高砂
A16,2B0E,産交バス,,高島
A16,2B0F,産交バス,湯前線・人吉市房線・人吉古屋敷線,高瀬
A16,2B10,産交バス,,高田
A16,2B14,産交バス,玉名山鹿線,東郷高野
A16,2B15,産交バス,,高橋
A16,2B16,産交バス,,高橋中間
A16,2B17,産交バス,八代駅宮原線,高島第二
A16,2B1A,産交バス,,高浜
A16,2B1B,産交バス,,高浜地区コミュニティセンター前
A16,2B1D,産交バス,小国黒川線/小国郷ぐる〜っとバス,高鼻
A16,2B20,産交バス,,高森駅前
A16,2B21,産交バス,,高森中央
A16,2B22,産交バス,,高森下町
A16,2B23,産交バス,,吉田新町
A16,2B27,産交バス,,高柳
A16,2B28,産交バス,,高山
A16,2B29,産交バス,湯前線・人吉市房線・人吉古屋敷線,高原記念碑前
A16,2B2E,産交バス,,託麻北小学校前
A16,2B2F,産交バス,,託麻まちづくりセンター前
A16,2B30,産交バス,,託麻団地入口
A16,2B31,産交バス,,託麻原本通り
A16,2B32,産交バス,,岳川橋
A16,2B33,産交バス,,竹崎
A16,2B34,産交バス,八代松橋線,竹崎(松橋)
A16,2B36,産交バス,田浦水俣線,竹中
A16,2B38,産交バス,,竹の川
A16,2B39,産交バス,小国郷ぐる〜っとバス,竹の熊
A16,2B3C,産交バス,,第二高校前
A16,2B3D,産交バス,,岳の湯
A16,2B3E,産交バス,八代種山線・八代八農分校線,竹原
A16,2B40,産交バス,,竹原(阿蘇)
A16,2B41,産交バス,八代日奈久線,田子崎
A16,2B42,産交バス,,田子の須
A16,2B43,産交バス,,田崎
A16,2B44,産交バス,,田崎(玉名)
A16,2B46,産交バス,,田崎市場前
A16,2B48,産交バス,,田崎橋
A16,2B4A,産交バス,,田崎町
A16,2B4B,産交バス,,田代
A16,2B4C,産交バス,,春日六丁目
A16,2B4E,産交バス,,立浦
A16,2B50,産交バス,,立原
A16,2B51,産交バス,,立花
A16,2B54,産交バス,,辰ヶ越
A16,2B55,産交バス,湯前線・人吉市房線・人吉古屋敷線,辰口
A16,2B56,産交バス,,竜田口駅前
A16,2B57,産交バス,,竜田陳内
A16,2B58,産交バス,,立田幼稚園前
A16,2B59,産交バス,湯前線・人吉市房線・人吉古屋敷線,竜堀
A16,2B5A,産交バス,,天水生命学園前
A16,2B5E,産交バス,八代種山線・八代八農分校線,立神(宮原)
A16,2B60,産交バス,南阿蘇ゆるっとバス,立野
A16,2B63,産交バス,,立町
A16,2C00,産交バス,,立山(長洲)
A16,2C02,産交バス,,田中橋
A16,2C03,産交バス,八代市街地循環バス まちバス,田中町
A16,2C04,産交バス,,棚底
A16,2C05,産交バス,,棚底中央
A16,2C07,産交バス,,谷尾崎
A16,2C08,産交バス,,谷尾崎入口
A16,2C09,産交バス,,谷尾崎団地前
A16,2C0B,産交バス,八代種山線・八代八農分校線,種山
A16,2C0D,産交バス,田浦水俣線,田浦駅前
A16,2C0E,産交バス,田浦水俣線,田浦基幹支所前
A16,2C11,産交バス,,田尻
A16,2C12,産交バス,小国黒川線/小国郷ぐる〜っとバス,田の原
A16,2C13,産交バス,,田端
A16,2C14,産交バス,八代市街地循環バス みなバス,田中西町
A16,2C15,産交バス,,田原校下
A16,2C16,産交バス,,田原坂ニュータウン
A16,2C17,産交バス,,田原坂ニュータウン入口
A16,2C1A,産交バス,湯前線・人吉市房線・人吉古屋敷線,田町
A16,2C1B,産交バス,,玉名駅前
A16,2C1C,産交バス,,高瀬大橋口
A16,2C1D,産交バス,,玉名温泉 足湯前
A16,2C1E,産交バス,荒尾玉名線 1系統,玉名工業高校前
A16,2C20,産交バス,,玉名高校前
A16,2C23,産交バス,,玉名下町
A16,2C24,産交バス,,玉名市文化センター前
A16,2C25,産交バス,,春出一区
A16,2C27,産交バス,,繁根木
A16,2C28,産交バス,,玉名中町
A16,2C29,産交バス,,北稜高校前
A16,2C2A,産交バス,,玉名橋
A16,2C2B,産交バス,,玉水校下
A16,2C2F,産交バス,,田迎
A16,2C30,産交バス,,田向(天草)
A16,2C32,産交バス,,玉名市水道局前
A16,2C33,産交バス,湯前線・人吉市房線・人吉古屋敷線,多良木
A16,2C34,産交バス,湯前線・人吉市房線・人吉古屋敷線,多良木駅前
A16,2C36,産交バス,湯前線・人吉市房線・人吉古屋敷線,多良木小学校前
A16,2C37,産交バス,湯前線・人吉市房線・人吉古屋敷線,下多良木
A16,2C38,産交バス,湯前線・人吉市房線・人吉古屋敷線,多良木役場前
A16,2C3B,産交バス,,垂玉(小島)
A16,2C3D,産交バス,,滴水
A16,2C3E,産交バス,新3/新4,太郎迫
A16,2C3F,産交バス,,太郎兵衛橋
A16,2C40,産交バス,八代田浦線,短大高専前
A16,2C41,産交バス,湯前線・人吉市房線・人吉古屋敷線,大王神社前
A16,2C42,産交バス,,大観峰入口
A16,2C44,産交バス,川8,大慈禅寺
A16,2C45,産交バス,八代種山線・八代八農分校線,大道
A16,2C47,産交バス,,大坊
A16,2C48,産交バス,八代日奈久線/八代田浦線,大明神(日奈久)
A16,2C49,産交バス,,大門瀬
A16,2C4A,産交バス,,平公民館
A16,2C4C,産交バス,,段山
A16,2C4D,産交バス,,駄の原
A16,2C4E,産交バス,小国黒川線/小国郷ぐる〜っとバス,駄原
A16,2C4F,産交バス,湯前線・人吉市房線・人吉古屋敷線,ダムサイト
A16,2C50,産交バス,,ダム前
A16,2C53,産交バス,,大琳寺
A16,2C55,産交バス,湯前線・人吉市房線・人吉古屋敷線,田迎(古屋敷)
A16,2C56,産交バス,湯前線・人吉市房線・人吉古屋敷線,高橋(古屋敷)
A16,2C58,産交バス,,駄原(内牧)
A16,2C59,産交バス,,高浜(天草)
A16,2C5A,産交バス,,竹崎(天草)
A16,2C5C,産交バス,,立石(天草)
A16,2C5F,産交バス,,田代(天草)
A16,2C60,産交バス,南阿蘇ゆるっとバス,竹崎(久木野)
A16,2D01,産交バス,,託麻南小学校前
A16,2D02,産交バス,,託麻台入口
A16,2D05,産交バス,つなぎ温泉水俣港線・つなぎ温泉水俣産交線,大黒町
A16,2D14,産交バス,,立野病院前
A16,2D15,産交バス,,立野病院裏
A16,2D18,産交バス,,マルエイ岩崎店前
A16,2D19,産交バス,,震災遺構(旧東海大学)
A16,2D1C,産交バス,五木線/人吉五木線,田代橋
A16,2D1E,産交バス,,田畑入口
A16,2D21,産交バス,,田渕
A16,2D23,産交バス,,大楠体育館前
A16,2D24,産交バス,,竹脇
A16,2D3E,産交バス,,西原郵便局前
A16,2D46,産交バス,,神楽苑
A16,2D5B,産交バス,,高野(五木)
A16,2D5C,産交バス,,立田自然公園入口
A16,2D5D,産交バス,,田迎
A16,2D5E,産交バス,,田井の島
A16,2D5F,産交バス,,阿蘇096区前
A16,2D60,産交バス,,託麻南
A16,2D61,産交バス,八代市街地循環バス まちバス,横手郵便局前(八代)
A16,2E01,産交バス,,高舞登公園登山口
A16,2E02,産交バス,三角宇土駅線,多出迫
A16,2E03,産交バス,,玉名温泉北入口
A16,2E09,産交バス,,高森湧水トンネル公園入口
A16,2E0C,産交バス,,五木食品前
A16,2E0F,産交バス,,高瀬入口
A16,2E17,産交バス,快速たかもり号,西原台
A16,2E1A,産交バス,,玉名市役所前
A16,2E1C,産交バス,,高杉
A16,2E21,産交バス,福祉村線/住吉線 13/14系統,大光寺前
A16,2E22,産交バス,倉掛線,田倉
A16,2E23,産交バス,11/12/14系統,田添橋
A16,2E24,産交バス,,岱明ふれあいセンター
A16,2E31,産交バス,,田迎小学校前
A16,2E35,産交バス,,新道高戸
A16,2E38,産交バス,,大黒橋
A16,2E39,産交バス,,田迎妙見
A16,2E3A,産交バス,,田迎一里木
A16,2E3B,産交バス,快速たかもり号,高遊
A16,2E3C,産交バス,尾曲人吉線,田中医院前
A16,2E3D,産交バス,,段地域学習センター前
A16,2E3E,産交バス,八代市街地循環バス まちバス,田中北町
A16,2E3F,産交バス,八代市街地循環バス まちバス,田中西横
A16,2E40,産交バス,,竹迫踏切
A16,2E44,産交バス,,玉名温泉 玉の湯前
A16,2E45,産交バス,上天草市SUNまりんバス 上循環/中循環,田端中
A16,2E4D,産交バス,八代田浦線/田浦水俣線,道の駅たのうら
A16,2E4F,産交バス,本渡‐労働庁舎・佐伊津‐鬼池港,天草消防本部前
A16,2E50,産交バス,,天草拓心高校入口
A16,2E54,産交バス,玉名市街地循環バス,玉名魚市場入口
A16,2E55,産交バス,南阿蘇ゆるっとバス,立野病院
A16,2E56,産交バス,,立野駅
A16,2F01,産交バス,,近津
A16,2F03,産交バス,,稚児崎
A16,2F04,産交バス,,知十
A16,2F05,産交バス,,知十橋
A16,2F08,産交バス,,白水団地前
A16,2F09,産交バス,,茶屋橋
A16,2F0A,産交バス,,中央
A16,2F0B,産交バス,,中央街
A16,2F0C,産交バス,,中央新町
A16,2F0D,産交バス,,中央通り
A16,2F13,産交バス,田浦水俣線,千代
A16,2F16,産交バス,,町営住宅前
A16,2F18,産交バス,,長陽駅入口
A16,2F19,産交バス,南阿蘇ゆるっとバス,南阿蘇西小学校前
A16,2F1A,産交バス,南阿蘇ゆるっとバス,南阿蘇中学校前
A16,2F1B,産交バス,田浦水俣線,千代塚
A16,2F1C,産交バス,,中央通り(牛深)
A16,2F1D,産交バス,,遊水池前
A16,2F29,産交バス,,中央郵便局前
A16,2F2A,産交バス,,近見町 (東バイパス)
A16,2F2B,産交バス,,美里町役場中央庁舎前
A16,2F2F,産交バス,南阿蘇ゆるっとバス,JA長陽給油所前
A16,2F30,産交バス,人吉五木線,駐在所前(五木)
A16,2F31,産交バス,,天草地域医療センター
A16,2F36,産交バス,,中央区
A16,2F37,産交バス,東屋形線 12系統,中央小学校前
A16,2F38,産交バス,,中央北区
A16,2F41,産交バス,南阿蘇ゆるっとバス,長陽運動公園
A16,3001,産交バス,,築地
A16,3002,産交バス,湯前線・人吉市房線・人吉古屋敷線,築地(多良木)
A16,3004,産交バス,,通詞
A16,3006,産交バス,,杖立
A16,3007,産交バス,,塚の本
A16,300B,産交バス,玉名南関線,月瀬入口
A16,300C,産交バス,,月田
A16,300F,産交バス,大津木山線,土林
A16,3010,産交バス,,土山
A16,3011,産交バス,八代種山線・八代八農分校線,筒井(泉村)
A16,3012,産交バス,,筒口
A16,3014,産交バス,,九十九瀬
A16,3015,産交バス,,葛山
A16,3016,産交バス,,津奈木駅前
A16,3017,産交バス,,つなぎ温泉前
A16,3018,産交バス,,椿井
A16,3019,産交バス,,椿の堂
A16,301A,産交バス,,津袋
A16,301C,産交バス,,妻越
A16,301D,産交バス,大津木山線,津森
A16,3021,産交バス,,鶴(天草)
A16,3025,産交バス,湯前線・人吉市房線・人吉古屋敷線,鶴(古屋敷)
A16,302A,産交バス,,鶴口
A16,302E,産交バス,,鶴戸
A16,302F,産交バス,,鶴野々
A16,3030,産交バス,湯前線・人吉市房線・人吉古屋敷線,鶴羽
A16,303A,産交バス,大津木山線,津森農協前(バイパス)
A16,303B,産交バス,つなぎ温泉水俣港線・つなぎ温泉水俣産交線,津奈木役場前
A16,303D,産交バス,,月出小学校入口
A16,303E,産交バス,,月田三差路
A16,303F,産交バス,,阿蘇総合センター
A16,3045,産交バス,,鶴田団地前
A16,304A,産交バス,,つつじヶ丘
A16,304B,産交バス,,月廻り公園前
A16,304E,産交バス,,月田区
A16,3051,産交バス,,津田下
A16,3053,産交バス,福祉村線 13系統,月田橋
A16,3058,産交バス,,堤病院前
A16,305F,産交バス,本渡通詞線,通詞島
A16,3060,産交バス,玉名市街地循環バス,築地下
A16,3061,産交バス,玉名市街地循環バス,築地公民館
A16,3062,産交バス,玉名市街地循環バス,築山小学校前
A16,3202,産交バス,,熊本整形外科病院前
A16,3203,産交バス,湯前線・人吉市房線・人吉古屋敷線,鉄工団地入口(人吉)
A16,3204,産交バス,,鉄工団地入口
A16,3205,産交バス,,テニスコート前(供合線)
A16,3206,産交バス,,手野
A16,3207,産交バス,,手野局前
A16,3208,産交バス,,手場
A16,3209,産交バス,,寺尾
A16,320D,産交バス,,寺迫
A16,320E,産交バス,,寺田
A16,3210,産交バス,,寺の下
A16,3211,産交バス,,寺前
A16,3213,産交バス,,寺村口
A16,3214,産交バス,,寺山
A16,3215,産交バス,,天狗橋
A16,3216,産交バス,,大江天主堂入口
A16,3218,産交バス,,天水湖
A16,321A,産交バス,,天満宮前
A16,321C,産交バス,野3/野5,天明まちづくりセンター前
A16,321D,産交バス,,天明老人センター
A16,321E,産交バス,,出来町
A16,321F,産交バス,八代種山線・八代八農分校線,豊野内
A16,3220,産交バス,,出町
A16,3222,産交バス,,出町三丁目
A16,3223,産交バス,,出村
A16,3224,産交バス,,池田二丁目
A16,3225,産交バス,大津木山線/大津岩戸の里線,六地蔵前
A16,3226,産交バス,,九品寺交差点
A16,3228,産交バス,,出町(八代)
A16,3229,産交バス,八代松橋線,出村(鏡)
A16,3234,産交バス,,テクノリサーチパーク
A16,3235,産交バス,,テクノポリスセンター(空港)
A16,3236,産交バス,快速たかもり号,テクノリサーチパーク入口
A16,3240,産交バス,,テニスコート前(城山)
A16,3243,産交バス,南阿蘇ゆるっとバス,寺坂
A16,3245,産交バス,,電気検定所前
A16,3247,産交バス,,鉄工団地前
A16,3248,産交バス,,てんすい倶楽部前
A16,324A,産交バス,,寺島
A16,324C,産交バス,,天神住宅入口
A16,324F,産交バス,,鉄砲塚
A16,3257,産交バス,快速たかもり号,テクノ団地入口
A16,3259,産交バス,,テクノ団地東
A16,325A,産交バス,,テクノ団地西
A16,3301,産交バス,,砥石
A16,3302,産交バス,,戸井の口
A16,3304,産交バス,,東海学園前
A16,3305,産交バス,湯前線・人吉市房線・人吉古屋敷線,東間小学校前
A16,330C,産交バス,田浦水俣線,峠(水俣)
A16,330E,産交バス,,峠の茶屋
A16,330F,産交バス,,東郷農協前
A16,3311,産交バス,人吉五木線,頭地
A16,3312,産交バス,上天草市SUNまりんバス 登立循環,塔の崎
A16,3314,産交バス,,東部まちづくりセンター前
A16,3316,産交バス,,通町
A16,3317,産交バス,,年の神前
A16,3319,産交バス,,菊陽町図書館
A16,331A,産交バス,,通町筋
A16,331C,産交バス,,通山
A16,331D,産交バス,,土河原
A16,331F,産交バス,,徳王
A16,3320,産交バス,,とくさ口
A16,3321,産交バス,,戸越坂
A16,3322,産交バス,,戸坂
A16,3323,産交バス,,西屋敷
A16,3326,産交バス,,戸島入口
A16,3327,産交バス,,戸島神社前
A16,3328,産交バス,,戸島駐車場前
A16,3329,産交バス,,戸島農協前
A16,332C,産交バス,,戸田代橋
A16,332F,産交バス,,戸次
A16,3330,産交バス,,ゆめマート玉名前
A16,3331,産交バス,,轟橋
A16,3334,産交バス,八代種山線・八代八農分校線,飛石
A16,3336,産交バス,田浦水俣線,泊
A16,3337,産交バス,,富岡小学校前
A16,3338,産交バス,,富岡港
A16,3339,産交バス,,富岡産交前
A16,333A,産交バス,,富岡三差路
A16,333B,産交バス,,富岡新町
A16,333C,産交バス,,富の尾橋
A16,333D,産交バス,玉名山鹿線,塘
A16,333E,産交バス,,供合農協前
A16,333F,産交バス,,友尻
A16,3340,産交バス,,砥用五反田
A16,3341,産交バス,,砥用中央
A16,3344,産交バス,八代松橋線,豊川小学校入口
A16,3345,産交バス,,豊田
A16,3346,産交バス,,豊永
A16,3347,産交バス,,南山崎
A16,3348,産交バス,八代松橋線,豊福
A16,3349,産交バス,玉名南関線,虎取
A16,334A,産交バス,,鳥越
A16,334B,産交バス,大津木山線/大津岩戸の里線,鳥子川
A16,334C,産交バス,,渡鹿
A16,334D,産交バス,,熊本学園大学入口
A16,3353,産交バス,,カドリー・ドミニオン前
A16,3354,産交バス,,道尻
A16,3355,産交バス,大津木山線,堂園
A16,335A,産交バス,,道明入口
A16,335B,産交バス,,道目木
A16,335C,産交バス,小国郷ぐる〜っとバス,動馬木
A16,335E,産交バス,,堂山
A16,335F,産交バス,,友尻団地前
A16,3360,産交バス,,渡鹿四丁目
A16,3361,産交バス,,渡鹿七丁目
A16,3363,産交バス,,東福寺前
A16,3400,産交バス,,JAみなまた支所前
A16,3403,産交バス,川8,南区役所前
A16,3404,産交バス,,トラックターミナル前
A16,3405,産交バス,,鳶町
A16,3411,産交バス,五木線,十島観音前
A16,3413,産交バス,,峠の茶屋公園前(芳野)
A16,341A,産交バス,,友添
A16,341C,産交バス,,道面
A16,341F,産交バス,,富尾入口
A16,3420,産交バス,人吉五木線,頭地代替地
A16,3424,産交バス,,堂原
A16,342A,産交バス,,外山病院前
A16,342C,産交バス,,童子院
A16,342D,産交バス,,戸越三叉路
A16,343A,産交バス,,轟
A16,343B,産交バス,八代種山線・八代八農分校線,東陽スポーツセンター前
A16,3501,産交バス,八代松橋線,中網道
A16,3503,産交バス,大津木山線/大津岩戸の里線,中井手
A16,3505,産交バス,大津木山線/大津岩戸の里線,中岩坂
A16,3506,産交バス,田浦水俣線,中尾(津奈木)
A16,350B,産交バス,玉名南関線,中鬼王
A16,350C,産交バス,,中河内
A16,350D,産交バス,,金峰森の駅みちくさ館
A16,350E,産交バス,,中神
A16,350F,産交バス,,中北
A16,3510,産交バス,,中区(下津原)
A16,3511,産交バス,,中窪田
A16,3515,産交バス,湯前線・人吉市房線・人吉古屋敷線,中里
A16,3517,産交バス,,中島
A16,3518,産交バス,大津木山線/大津岩戸の里線,中島公民館前
A16,351C,産交バス,,中谷
A16,351D,産交バス,,中田
A16,351F,産交バス,,中岳
A16,3526,産交バス,御船木山線,砥川
A16,3528,産交バス,,中土
A16,3529,産交バス,,中西町
A16,352B,産交バス,本渡教良木線,中野
A16,352E,産交バス,,中の浦(久玉)
A16,352F,産交バス,,中浦(倉岳)
A16,3530,産交バス,,中野口
A16,3531,産交バス,,中の塩屋
A16,3533,産交バス,川8,南部まちづくりセンター前
A16,3534,産交バス,上天草市SUNまりんバス 上循環/中循環,上公民館前
A16,3538,産交バス,,中林
A16,3539,産交バス,,中原(植木)
A16,353B,産交バス,,中原(菊池)
A16,353C,産交バス,,河原小学校前
A16,353D,産交バス,,中平野
A16,353E,産交バス,南阿蘇ゆるっとバス,中二子石
A16,3540,産交バス,,中松駅前
A16,3541,産交バス,南阿蘇ゆるっとバス,中松小学校前
A16,3542,産交バス,五木線/人吉五木線,中松馬場
A16,3543,産交バス,,中緑
A16,3544,産交バス,本渡通詞線,中明瀬
A16,3545,産交バス,,中無田
A16,3546,産交バス,,中村
A16,3547,産交バス,,中村(五木)
A16,354B,産交バス,,中八重
A16,354F,産交バス,,中山(南関)
A16,3550,産交バス,,中山鹿
A16,3551,産交バス,,中山口
A16,3555,産交バス,,永碇
A16,3556,産交バス,,永碇第二
A16,3557,産交バス,玉名山鹿線,長岩
A16,3558,産交バス,五木線/人吉五木線,永江
A16,3559,産交バス,,長尾
A16,355B,産交バス,,JA鹿本本所前
A16,355F,産交バス,,長崎浜
A16,3560,産交バス,小国黒川線/小国郷ぐる〜っとバス,長迫
A16,3562,産交バス,,長洲駅北口
A16,3563,産交バス,,長洲中学校前
A16,3600,産交バス,,長洲港
A16,3601,産交バス,,長洲下本町
A16,3602,産交バス,,長洲新町
A16,3603,産交バス,,長洲新山
A16,3605,産交バス,,長洲宮の前
A16,3609,産交バス,,永富
A16,360A,産交バス,,永友
A16,360D,産交バス,,長浜駅前
A16,360E,産交バス,三角宇土駅線,長部田
A16,3611,産交バス,,長嶺
A16,3614,産交バス,,投石
A16,3615,産交バス,,投刀塚
A16,3616,産交バス,,名塚入口
A16,3618,産交バス,上天草市SUNまりんバス 上循環,七ツ割
A16,3619,産交バス,,七本
A16,361A,産交バス,,七日市
A16,361D,産交バス,,並建
A16,361F,産交バス,八代日奈久線,奈良木
A16,3621,産交バス,,楢崎
A16,3623,産交バス,,楢崎中間
A16,3624,産交バス,,鍋田
A16,3625,産交バス,,成川
A16,3627,産交バス,,鳴川公民館前
A16,3628,産交バス,,南関ターミナル
A16,3629,産交バス,,町営グランド入口(南関町)
A16,362A,産交バス,,南関上町
A16,362B,産交バス,,南関宮の前
A16,362C,産交バス,,南関迎町
A16,362D,産交バス,,南郷団地入口
A16,362E,産交バス,,南関町役場
A16,362F,産交バス,,南天
A16,3630,産交バス,,南部公民館入口
A16,3635,産交バス,,中山(戸島)
A16,3636,産交バス,,中尾入口(小国)
A16,3638,産交バス,,鶴田病院・鶴翔苑東口
A16,363B,産交バス,,中須(西高)
A16,363F,産交バス,,中の浦(天草)
A16,3642,産交バス,,中惣領
A16,3643,産交バス,上天草市SUNまりんバス 上循環,七ツ割入口
A16,3644,産交バス,,南原(日赤)
A16,3645,産交バス,,長嶺四ツ角
A16,3647,産交バス,,福祉センターグラウンド前(東西線)
A16,364F,産交バス,,中の迫
A16,3650,産交バス,,中塩屋(八代)
A16,3652,産交バス,,島子宮ノ前
A16,365D,産交バス,,中迎原(武蔵ヶ丘)
A16,365F,産交バス,大津木山線/大津岩戸の里線,中陣内
A16,3702,産交バス,,中島小学校入口
A16,3703,産交バス,,中原町
A16,3704,産交バス,,中青井町
A16,3705,産交バス,,長嶺小学校入口
A16,3706,産交バス,,中小峯
A16,3707,産交バス,,長小田
A16,370B,産交バス,,南海寮前
A16,370C,産交バス,八代坂本駅線,中谷橋
A16,370E,産交バス,小国黒川線/小国郷ぐる〜っとバス,永江観音
A16,370F,産交バス,,中北東
A16,3710,産交バス,,永目
A16,3711,産交バス,,成川内団地
A16,3712,産交バス,,中元釜
A16,3713,産交バス,,鶴田病院・鶴翔苑
A16,3714,産交バス,,長嶺団地
A16,3715,産交バス,,長嶺小学校前
A16,3717,産交バス,,南北線入口
A16,3718,産交バス,,中津川
A16,3720,産交バス,住吉線 14系統,中尾(荒尾)
A16,3721,産交バス,,成田山前
A16,3722,産交バス,23系統,中小路
A16,3726,産交バス,南阿蘇ゆるっとバス,中郷公民館前
A16,3727,産交バス,,永野入口
A16,3728,産交バス,,浪床町
A16,3729,産交バス,,浪床町公民館前
A16,372A,産交バス,尾曲人吉線,永松板金前
A16,372B,産交バス,,中原団地前
A16,372C,産交バス,,中神町段
A16,372D,産交バス,,中神町馬場
A16,372E,産交バス,八代市街地循環バス みなバス・まちバス,永碇北
A16,372F,産交バス,八代市街地循環バス みなバス,永碇入口
A16,3730,産交バス,,中道
A16,3742,産交バス,,ナフコ前
A16,3901,産交バス,,仁王堂
A16,3902,産交バス,,仁王門下
A16,3905,産交バス,,二号橋
A16,3909,産交バス,,西浅海
A16,390B,産交バス,,西往還
A16,390C,産交バス,,北部まちづくりセンター前
A16,390E,産交バス,,西方
A16,3910,産交バス,,西上町
A16,3911,産交バス,八代松橋線,西川田
A16,3912,産交バス,,西河内
A16,3913,産交バス,,錦ヶ丘住宅前
A16,3914,産交バス,湯前線・人吉市房線・人吉古屋敷線,錦中学校前
A16,3915,産交バス,,錦野
A16,3916,産交バス,,錦橋
A16,3917,産交バス,,西区
A16,3918,産交バス,,西口
A16,3919,産交バス,,三角西港前
A16,391A,産交バス,,西高根
A16,391B,産交バス,,西里
A16,391C,産交バス,,西里駅前
A16,391D,産交バス,南阿蘇ゆるっとバス,西下田
A16,3922,産交バス,,西立浦
A16,3923,産交バス,上天草市SUNまりんバス 上循環/中循環,西田端(天草)
A16,3925,産交バス,,西の浦
A16,3928,産交バス,,西原
A16,3929,産交バス,,西原小学校前
A16,392A,産交バス,大津木山線,西原役場前
A16,392B,産交バス,,西人吉駅前
A16,392D,産交バス,,西牟田
A16,392E,産交バス,湯前線・人吉市房線・人吉古屋敷線,西村久保
A16,3930,産交バス,湯前線・人吉市房線・人吉古屋敷線,旧西村農協前
A16,3932,産交バス,,西元浦
A16,3934,産交バス,五木線/人吉五木線,新曽谷入口
A16,3936,産交バス,,菊陽西小学校前
A16,393A,産交バス,,日銀前
A16,393B,産交バス,,二丁港
A16,393C,産交バス,八代駅宮原線,日進
A16,393D,産交バス,,日新町
A16,393F,産交バス,,二の口
A16,3941,産交バス,,二の丸
A16,3943,産交バス,,日本合成前
A16,3944,産交バス,,二本松
A16,3945,産交バス,,入道入口
A16,3946,産交バス,,龍田小学校前
A16,3948,産交バス,,二弁当峠
A16,3949,産交バス,,西浦
A16,394D,産交バス,,西高入口
A16,3950,産交バス,三角宇土駅線,西三号
A16,3952,産交バス,,日赤病院北口
A16,3954,産交バス,,日赤病院前
A16,3959,産交バス,,西村(岳の湯)
A16,395B,産交バス,,西前無田
A16,395C,産交バス,八代種山線・八代八農分校線,石匠館入口
A16,395D,産交バス,,西の原
A16,3960,産交バス,,西九日町
A16,3961,産交バス,,二瀬本入口
A16,3963,産交バス,,西栃木
A16,3A0B,産交バス,快速たかもり号,ANAクラウンプラザホテル熊本ニュースカイ
A16,3A11,産交バス,,二本木口
A16,3A13,産交バス,,西無田
A16,3A17,産交バス,,西高校前
A16,3A18,産交バス,,西城の浦
A16,3A19,産交バス,,西田端
A16,3A1B,産交バス,,日赤病院構内
A16,3A1C,産交バス,,下久保
A16,3A1D,産交バス,,二の丸南
A16,3A1F,産交バス,,日輪寺前
A16,3A21,産交バス,湯前線・人吉市房線・人吉古屋敷線,錦西小学校入口
A16,3A23,産交バス,快速たかもり号,西原役場入口
A16,3A24,産交バス,,西の久保公園入口
A16,3A26,産交バス,,西原(荒尾)
A16,3A27,産交バス,,西原交差点
A16,3A28,産交バス,,西荒神
A16,3A29,産交バス,倉掛線/住吉線,万田小下
A16,3A2F,産交バス,小国郷ぐる〜っとバス,西黒川住宅前
A16,3A3F,産交バス,,益城町役場仮設庁舎
A16,3A48,産交バス,南阿蘇ゆるっとバス,西野宮神社入口
A16,3A49,産交バス,,西瀬小学校裏
A16,3A4A,産交バス,,西瀬団地前
A16,3A4B,産交バス,尾曲人吉線,西門
A16,3A4C,産交バス,尾曲人吉線,西門釈迦堂前
A16,3A4D,産交バス,,ニシムタ前
A16,3A50,産交バス,湯前線・人吉市房線・人吉古屋敷線,にしき園前
A16,3A5E,産交バス,東バイパスライナー,西熊本駅
A16,3A5F,産交バス,南阿蘇ゆるっとバス/南郷ライナー,栃木入口
A16,3A60,産交バス,,西の久保公園
A16,3B02,産交バス,,沼山津
A16,3B03,産交バス,,沼山津神社前
A16,3B04,産交バス,,奴留湯
A16,3B05,産交バス,,小楠記念館入口
A16,3B08,産交バス,玉名市街地循環バス,糠峯入口
A16,3C01,産交バス,,猫宮
A16,3D05,産交バス,八代日奈久線,麦島中央
A16,3D09,産交バス,,野口町
A16,3D0A,産交バス,,野米
A16,3D0B,産交バス,,野崎
A16,3D0D,産交バス,田浦水俣線,野添
A16,3D10,産交バス,八代松橋線,野津
A16,3D11,産交バス,三角宇土駅線,野鶴
A16,3D12,産交バス,,野中(天草)
A16,3D1B,産交バス,荒尾玉名線 1系統,野原
A16,3D1C,産交バス,,登
A16,3D1D,産交バス,,昇立
A16,3D1E,産交バス,,登立
A16,3D1F,産交バス,上天草市SUNまりんバス 登立循環,登立小学校前
A16,3D20,産交バス,,登谷
A16,3D22,産交バス,湯前線・人吉市房線・人吉古屋敷線,野間
A16,3D25,産交バス,,呑崎
A16,3D26,産交バス,,乗田
A16,3D27,産交バス,上天草市SUNまりんバス 上循環,野釜入口
A16,3D28,産交バス,上天草市SUNまりんバス 上循環,野釜
A16,3D29,産交バス,,産山村役場前
A16,3D2A,産交バス,,野中(南関)
A16,3D2C,産交バス,,農協前(松合)
A16,3D2F,産交バス,上天草市SUNまりんバス 上循環,野釜大橋
A16,3D30,産交バス,,野口郵便局前
A16,3D3B,産交バス,,野路
A16,3D3F,産交バス,,野間口
A16,3D43,産交バス,,野中(土河原)
A16,3D44,産交バス,,野中(御船町)
A16,3D48,産交バス,,ほんどの森
A16,3D49,産交バス,,下久井原
A16,3D4A,産交バス,人吉五木線,野々脇
A16,3D4B,産交バス,本渡教良木線,野樫
A16,3D4D,産交バス,,農免道入口
A16,3D4E,産交バス,人吉五木線,野々脇住宅前
A16,3D57,産交バス,倉掛線,野中
A16,3E02,産交バス,大津木山線,灰塚
A16,3E03,産交バス,小国黒川線/小国郷ぐる〜っとバス,波居原
A16,3E06,産交バス,,吐
A16,3E09,産交バス,,萩の尾(植木町)
A16,3E0B,産交バス,,萩の谷
A16,3E0C,産交バス,,萩原
A16,3E0D,産交バス,,萩原(鹿央)
A16,3E0F,産交バス,,箱の水
A16,3E10,産交バス,,迫間(梅林)
A16,3E11,産交バス,,健軍交番前
A16,3E12,産交バス,,走潟農協前
A16,3E13,産交バス,,枦宇土
A16,3E14,産交バス,,はじの原
A16,3E16,産交バス,小国黒川線/小国郷ぐる〜っとバス,旗返し
A16,3E17,産交バス,,畑中
A16,3E19,産交バス,八代種山線・八代八農分校線,畑中(岩奥)
A16,3E1B,産交バス,,八久保
A16,3E1C,産交バス,八代松橋線,八の坪
A16,3E1F,産交バス,,やつしろハーモニーホール北口
A16,3E21,産交バス,,八幡園
A16,3E22,産交バス,湯前線・人吉市房線・人吉古屋敷線,八幡宮前(免田)
A16,3E23,産交バス,南阿蘇ゆるっとバス,八里木
A16,3E24,産交バス,,八反田
A16,3E25,産交バス,,八反田入口
A16,3E26,産交バス,,八丁
A16,3E28,産交バス,湯前線・人吉市房線・人吉古屋敷線,発電所前
A16,3E29,産交バス,,初野
A16,3E2A,産交バス,上天草市SUNまりんバス 上循環,鳩の釜
A16,3E2B,産交バス,八代日奈久線/八代田浦線,鳩山
A16,3E2C,産交バス,,花岡
A16,3E2E,産交バス,,花園
A16,3E32,産交バス,,八分字
A16,3E33,産交バス,,浜(護藤)
A16,3E34,産交バス,,浜川入口
A16,3E35,産交バス,,浜口
A16,3E36,産交バス,,蛤里
A16,3E37,産交バス,,浜洲
A16,3E39,産交バス,,浜田
A16,3E3D,産交バス,八代日奈久線,植柳浜町
A16,3E3E,産交バス,,早浦
A16,3E3F,産交バス,,早浦橋
A16,3E40,産交バス,八代松橋線,早尾
A16,3E42,産交バス,,林
A16,3E46,産交バス,,腹赤新町
A16,3E47,産交バス,,原大利
A16,3E48,産交バス,,原眼科横
A16,3E49,産交バス,湯前線・人吉市房線・人吉古屋敷線,原田川
A16,3E4A,産交バス,,原部
A16,3E4B,産交バス,,鹿校通一丁目
A16,3E4C,産交バス,,原水駅前
A16,3E4D,産交バス,,原水新町
A16,3E4E,産交バス,八代坂本駅線,原女木
A16,3E51,産交バス,南阿蘇ゆるっとバス,原尻
A16,3E52,産交バス,尾曲人吉線,華まき温泉入口
A16,3E54,産交バス,,春道
A16,3E55,産交バス,五木線/人吉五木線,晴山
A16,3E56,産交バス,,半河内
A16,3E5B,産交バス,,旧梅林小学校前
A16,3E5C,産交バス,,旧梅林農協前
A16,3E5D,産交バス,,場貫
A16,3E5E,産交バス,,馬場
A16,3E60,産交バス,,馬場楠
A16,3E61,産交バス,,馬々鋏
A16,3E62,産交バス,,馬場橋
A16,3F01,産交バス,,番立
A16,3F02,産交バス,田浦水俣線,万年池
A16,3F03,産交バス,,原水宮の前
A16,3F05,産交バス,,葉山団地入口
A16,3F06,産交バス,,はん田
A16,3F08,産交バス,,萩尾(砥用)
A16,3F0A,産交バス,,八丁(走潟)
A16,3F0B,産交バス,,浜(松合)
A16,3F0D,産交バス,,宇城市不知火支所前
A16,3F0F,産交バス,,馬場(一勝地)
A16,3F10,産交バス,五木線/人吉五木線,馬場(五木)
A16,3F11,産交バス,,馬場(天草)
A16,3F25,産交バス,小国黒川線/小国郷ぐる〜っとバス,鬼渕
A16,3F26,産交バス,,腹赤
A16,3F29,産交バス,南阿蘇ゆるっとバス,阿蘇白水農協前
A16,3F34,産交バス,,早坂(天草)
A16,3F36,産交バス,八代松橋線,浜牟田
A16,3F37,産交バス,,畠口漁協前
A16,3F38,産交バス,,ハイヤ通り
A16,3F42,産交バス,,野中公民館前
A16,3F44,産交バス,,宇津木
A16,3F46,産交バス,,八丁馬場
A16,3F47,産交バス,,春出ループ橋前
A16,3F4D,産交バス,,パークドーム熊本前
A16,3F4E,産交バス,,初神
A16,3F4F,産交バス,,白川水源入口
A16,3F51,産交バス,,博物館前
A16,3F52,産交バス,,八幡小学校前(山鹿)
A16,3F58,産交バス,,羽手の木
A16,3F59,産交バス,,バイパス田の原
A16,3F5A,産交バス,,荒尾バスセンター
A16,3F62,産交バス,福祉村線/住吉線 13/14系統,白寿園前
A16,3F63,産交バス,,八幡台一丁目
A16,4000,産交バス,,八幡台二丁目
A16,4001,産交バス,,八幡台三丁目
A16,400D,産交バス,尾曲人吉線,羽田
A16,400E,産交バス,,林
A16,4013,産交バス,東4/西12,花立公園前
A16,4014,産交バス,,八の窪入口
A16,4101,産交バス,,樋合
A16,4102,産交バス,,樋合入口
A16,4105,産交バス,,稗方
A16,4106,産交バス,八代種山線・八代八農分校線,日置(八代)
A16,4107,産交バス,,日隠
A16,4108,産交バス,八代駅宮原線,鏡わかあゆ高等支援学校入口
A16,410A,産交バス,八代種山線・八代八農分校線,氷川ダム前
A16,410B,産交バス,八代松橋線,氷川中学校・八代北部地域医療センター前
A16,410C,産交バス,八代松橋線,浜牟田橋
A16,410E,産交バス,湯前線・人吉市房線・人吉古屋敷線,東間
A16,4112,産交バス,,東浅海
A16,4117,産交バス,,小倉東
A16,4119,産交バス,八代松橋線,東片町
A16,411A,産交バス,八代種山線・八代八農分校線,東上宮
A16,411B,産交バス,八代松橋線,竜峯山自然公園入口(東川田)
A16,411C,産交バス,,東ヶ丘団地入口
A16,411D,産交バス,上天草市SUNまりんバス 上循環,東串
A16,4120,産交バス,,東塩屋
A16,4121,産交バス,南阿蘇ゆるっとバス,東下田
A16,4122,産交バス,,東水前寺
A16,4123,産交バス,,東豊永
A16,4124,産交バス,,東中村
A16,4126,産交バス,,東長浜
A16,4127,産交バス,,二里木
A16,4128,産交バス,,東八反田
A16,4129,産交バス,,東浜
A16,412A,産交バス,,東バイパス入口
A16,412C,産交バス,,東町
A16,412F,産交バス,八代種山線・八代八農分校線/八代松橋線,東牟田
A16,4130,産交バス,,東無田入口
A16,4131,産交バス,本渡通詞線,引坂
A16,4134,産交バス,,日吉ヶ丘団地前
A16,4135,産交バス,,久留
A16,4136,産交バス,,久野入口
A16,4137,産交バス,,菱形小学校入口
A16,413D,産交バス,,人吉医療センター
A16,4140,産交バス,,人吉駅前
A16,4143,産交バス,,瓜生田
A16,4145,産交バス,,人吉橋
A16,4147,産交バス,八代日奈久線/八代田浦線,日奈久温泉駅前
A16,4148,産交バス,八代日奈久線/八代田浦線,日奈久温泉前
A16,4149,産交バス,八代日奈久線/八代田浦線,日奈久記念碑前
A16,414A,産交バス,八代日奈久線/八代田浦線,日奈久中西町
A16,414B,産交バス,八代日奈久線/八代田浦線,日奈久浜町
A16,414C,産交バス,,日向
A16,4150,産交バス,,日の出団地前
A16,4151,産交バス,,日向(戸島)
A16,4153,産交バス,,姫井
A16,4154,産交バス,,姫石神社前
A16,4155,産交バス,,姫の浦
A16,4156,産交バス,,姫戸中学校前
A16,4157,産交バス,,姫戸港
A16,4158,産交バス,,姫の河内
A16,4159,産交バス,,百貫
A16,415A,産交バス,八代松橋線,東網道
A16,415D,産交バス,,港町(水俣)
A16,415E,産交バス,,港町二丁目
A16,415F,産交バス,,百間町
A16,4160,産交バス,,日吉校前
A16,4200,産交バス,三角宇土駅線,平岩
A16,4201,産交バス,,平山温泉観光協会前
A16,4204,産交バス,,平川郵便局前
A16,4205,産交バス,,平木
A16,4206,産交バス,,平木橋際
A16,4208,産交バス,五木線/人吉五木線,平川前
A16,4209,産交バス,,平島
A16,420A,産交バス,,平瀬
A16,420B,産交バス,南阿蘇ゆるっとバス,平素
A16,420E,産交バス,,平田町
A16,4210,産交バス,,平床(天草・河浦)
A16,4211,産交バス,,平床(天草・下浦)
A16,4213,産交バス,,平の下
A16,4214,産交バス,,平野発電所前
A16,4215,産交バス,田浦水俣線,平生
A16,4217,産交バス,,平原
A16,4218,産交バス,,平原(長洲)
A16,4219,産交バス,,平山温泉元湯前
A16,421A,産交バス,八代日奈久線/八代田浦線,平山新町
A16,421C,産交バス,,広崎
A16,421D,産交バス,本渡教良木線,広崎浦
A16,4220,産交バス,,広瀬橋
A16,4221,産交バス,小国黒川線/小国郷ぐる〜っとバス,広田
A16,4222,産交バス,,広渡瀬
A16,4224,産交バス,,病院下
A16,4225,産交バス,,病院前(大浦)
A16,4226,産交バス,,病院前(玉名)
A16,4227,産交バス,,広安小学校入口
A16,4228,産交バス,,引の水
A16,4229,産交バス,,東港
A16,422A,産交バス,,病院前(天草・本町)
A16,422B,産交バス,,樋の島大橋下
A16,422C,産交バス,,樋の島宮の下
A16,4232,産交バス,人吉五木線,東蓑原
A16,4233,産交バス,,平川(大津)
A16,4234,産交バス,,平野(五木)
A16,4235,産交バス,,中央中学校前
A16,4236,産交バス,,平床(寺領)
A16,4237,産交バス,,東区役所
A16,4238,産交バス,,東本町
A16,4239,産交バス,,東町中学入口
A16,423B,産交バス,,病院入口
A16,423D,産交バス,小国郷ぐる〜っとバス,東黒川(南小国)
A16,4241,産交バス,,東小原
A16,4246,産交バス,五木線,人吉木材工業団地前
A16,4247,産交バス,,東町中央
A16,4248,産交バス,,ひばりヶ丘
A16,424B,産交バス,,東小池
A16,424C,産交バス,八代種山線・八代八農分校線/八代松橋線,毘舎丸町
A16,4255,産交バス,五木線,人吉ゴルフ場前
A16,425B,産交バス,,東ヶ丘団地
A16,425C,産交バス,,廣街道
A16,4261,産交バス,,東引の水(大津)
A16,4307,産交バス,古屋敷柳原線,広瀬
A16,4308,産交バス,,人吉郵便局前
A16,430C,産交バス,,久井原
A16,430D,産交バス,八代種山線・八代八農分校線,立神峡公園入口・ひかわの里前
A16,430F,産交バス,,病院前(天草・松島)
A16,4310,産交バス,,肥後大津駅
A16,4311,産交バス,,平尾
A16,4312,産交バス,三角宇土駅線,東黒岩
A16,4318,産交バス,,ゆめタウン光の森
A16,431D,産交バス,,東町中学西口
A16,4321,産交バス,,肥後岩下
A16,4322,産交バス,,肥後梶原
A16,4323,産交バス,,肥後川辺
A16,4324,産交バス,,肥後辺田
A16,4325,産交バス,,肥後小林
A16,4328,産交バス,倉掛線,開
A16,4329,産交バス,住吉線 14系統,東宮内
A16,432D,産交バス,東屋形線/住吉線 12/14番線,東屋形三丁目
A16,432E,産交バス,東屋形線/住吉線 12/14番線,東屋形四丁目
A16,4331,産交バス,,人吉IC乗降口
A16,4337,産交バス,東屋形線,東屋形二丁目
A16,4338,産交バス,住吉線 14系統,東屋形一丁目
A16,4339,産交バス,,新道姫戸
A16,433A,産交バス,八代市街地循環バス ゆめバス,迎町交差点
A16,433B,産交バス,,天理教前
A16,4344,産交バス,菊陽町巡回バス「キャロッピー号」 中央循環線,新成
A16,4345,産交バス,,人吉IC前
A16,434D,産交バス,,東新山
A16,434E,産交バス,,光の森五丁目
A16,434F,産交バス,,光の森四丁目
A16,4350,産交バス,,光の森七丁目
A16,4351,産交バス,,馬水団地
A16,4352,産交バス,,広安小学校・保健福祉センター前
A16,4353,産交バス,,広安西小学校前
A16,4354,産交バス,,人吉市役所西間別館
A16,4355,産交バス,南阿蘇ゆるっとバス,美術館入口
A16,4356,産交バス,,姫戸支所前
A16,4357,産交バス,,安永東団地
A16,4358,産交バス,八代種山線・八代八農分校線,平野・栗林団地
A16,4359,産交バス,人吉五木線,人吉こども園前
A16,4405,産交バス,湯前線・人吉市房線・人吉古屋敷線,深田
A16,4407,産交バス,小国黒川線/小国郷ぐる〜っとバス,深松
A16,4408,産交バス,,深海
A16,4409,産交バス,,深海東
A16,440B,産交バス,,福井田
A16,440F,産交バス,,福岡
A16,4410,産交バス,,福岡(天草)
A16,4411,産交バス,,立願寺
A16,4412,産交バス,,福田橋
A16,4413,産交バス,,福富
A16,4415,産交バス,,福連木
A16,4416,産交バス,,袋町
A16,4417,産交バス,,吹田
A16,4419,産交バス,,吹田第一
A16,441A,産交バス,,吹田第二
A16,441B,産交バス,,吹田団地
A16,441C,産交バス,,吹田団地入口
A16,441D,産交バス,,藤崎宮前
A16,441E,産交バス,,藤田
A16,441F,産交バス,,藤田(江田)
A16,4421,産交バス,,二浦郵便局前
A16,4422,産交バス,,二江
A16,4424,産交バス,,二江コミュニティセンター
A16,4425,産交バス,湯前線・人吉市房線・人吉古屋敷線,二子
A16,4428,産交バス,,二又橋
A16,4429,産交バス,,二間戸船津
A16,442A,産交バス,,二間戸本郷
A16,442B,産交バス,八代日奈久線/八代田浦線,二見駅前
A16,442D,産交バス,八代日奈久線,二見学校通り
A16,442E,産交バス,八代日奈久線,中区(八代市)
A16,442F,産交バス,八代田浦線,二見本町
A16,4430,産交バス,,札の辻夫婦恵比寿神社前
A16,4431,産交バス,八代坂本駅線,不動前
A16,4432,産交バス,,府内古閑
A16,4433,産交バス,,船江
A16,4435,産交バス,,船島
A16,4436,産交バス,,栗崎団地前
A16,4437,産交バス,,船津
A16,4438,産交バス,,楠浦船津
A16,4439,産交バス,,中田船津
A16,443A,産交バス,,宮野河内船津
A16,443B,産交バス,,船津入口
A16,443C,産交バス,湯前線・人吉市房線・人吉古屋敷線,船着場
A16,4440,産交バス,,船の尾
A16,4441,産交バス,三角宇土駅線,踏切
A16,4446,産交バス,,古江
A16,4449,産交バス,湯前線・人吉市房線・人吉古屋敷線,古川(古屋敷)
A16,444A,産交バス,,古里
A16,444D,産交バス,湯前線・人吉市房線・人吉古屋敷線,古多良木
A16,444E,産交バス,上天草市SUNまりんバス 上循環/中循環,古野
A16,444F,産交バス,湯前線・人吉市房線・人吉古屋敷線,古町(木上)
A16,4451,産交バス,大津木山線/大津岩戸の里線,古宮
A16,4453,産交バス,湯前線・人吉市房線・人吉古屋敷線/古屋敷柳原線,古屋敷
A16,4455,産交バス,八代種山線・八代八農分校線,古屋敷(岩奥)
A16,4456,産交バス,湯前線・人吉市房線・人吉古屋敷線,古屋敷局前
A16,4457,産交バス,湯前線・人吉市房線・人吉古屋敷線,あさぎり町役場入口
A16,4459,産交バス,八代駅宮原線,文政廻し
A16,445A,産交バス,,分田
A16,445B,産交バス,八代日奈久線/八代田浦線,二見みづつき
A16,445C,産交バス,八代日奈久線,二見出張所前
A16,445D,産交バス,八代駅宮原線,文政小学校前
A16,445E,産交バス,,古町(南関)
A16,445F,産交バス,田浦水俣線,船江(田浦)
A16,4460,産交バス,田浦水俣線,ヘルシーパーク芦北前
A16,4501,産交バス,,古氷団地入口
A16,4503,産交バス,,福原(三玉)
A16,4504,産交バス,,舟戸(219号)
A16,4505,産交バス,,古江(栖本)
A16,4506,産交バス,上天草市SUNまりんバス 上循環,札ノ木
A16,450E,産交バス,,不動岩入口
A16,4514,産交バス,五木線,舟場
A16,4517,産交バス,,深水
A16,451C,産交バス,,福祉ゾーン前
A16,451F,産交バス,上天草市SUNまりんバス 登立循環,渕ヶ浦
A16,4520,産交バス,人吉五木線,深水前
A16,4521,産交バス,人吉五木線,藤田
A16,4522,産交バス,人吉五木線,藤田橋
A16,4523,産交バス,,立石(高森)
A16,4525,産交バス,,船津
A16,4526,産交バス,本渡通詞線,二江児童館前
A16,4527,産交バス,,イルカセンター
A16,4528,産交バス,本渡通詞線,二江郵便局前
A16,4529,産交バス,,藤崎橋
A16,452D,産交バス,五木線/人吉五木線,山本神社前
A16,452F,産交バス,,古町
A16,4530,産交バス,,ふれあいセンター前
A16,4531,産交バス,倉掛線,深瀬
A16,4532,産交バス,,古庄原公民館前
A16,4536,産交バス,グリーンランド線 11系統,文化センター前
A16,4538,産交バス,,二日町(人吉)
A16,453A,産交バス,八代市街地循環バス ゆめバス,麦島公民館前
A16,453B,産交バス,八代市街地循環バス ゆめバス,古城町
A16,453C,産交バス,,不動坂
A16,4543,産交バス,,フレイン高森店
A16,454B,産交バス,八代市街地循環バス みなバス,福正元町
A16,4601,産交バス,,日置
A16,4602,産交バス,,阿蘇小学校前
A16,4603,産交バス,,辺田野
A16,4604,産交バス,,部田見四つ角
A16,4605,産交バス,,扁戸串
A16,4606,産交バス,,蛇田
A16,4607,産交バス,人吉五木線,人吉電力所前
A16,4611,産交バス,,弁天
A16,461C,産交バス,,上古閑
A16,4702,産交バス,,方近
A16,4705,産交バス,八代駅宮原線,宝出
A16,4706,産交バス,,宝徳寺
A16,4707,産交バス,,方原公民館前
A16,470B,産交バス,,外園
A16,470C,産交バス,八代種山線・八代八農分校線/八代松橋線,外出
A16,470F,産交バス,,外牧
A16,4710,産交バス,,中栗
A16,4712,産交バス,,穂刈道
A16,4713,産交バス,三角さんぱーる線/三角宇土駅線,保木の下
A16,4718,産交バス,,保田窪
A16,4719,産交バス,,保田窪入口(八反田)
A16,471A,産交バス,,保田窪本町
A16,471B,産交バス,,保田窪一丁目
A16,471C,産交バス,,うしぶか心愛病院
A16,471E,産交バス,,堀切
A16,471F,産交バス,,堀田
A16,4721,産交バス,南阿蘇ゆるっとバス,堀渡り
A16,4722,産交バス,,本口
A16,4723,産交バス,,本田
A16,4726,産交バス,,太田町
A16,4727,産交バス,,天草市役所前
A16,4728,産交バス,,本渡バスセンター
A16,4729,産交バス,,本分
A16,472A,産交バス,,本町
A16,472B,産交バス,八代日奈久線,本町三丁目
A16,472C,産交バス,,本妙寺
A16,472D,産交バス,,本妙寺下
A16,472E,産交バス,,本妙寺電停前
A16,472F,産交バス,,本村(荒尾市)
A16,4734,産交バス,,本村入口
A16,4736,産交バス,,望薩峠
A16,4737,産交バス,,坊中四つ角
A16,473A,産交バス,,野添
A16,473B,産交バス,,姫戸体育館前
A16,473C,産交バス,上天草市SUNまりんバス 上循環,保育園前(鳩の釜)
A16,473E,産交バス,,保田窪四ッ角
A16,4740,産交バス,八代松橋線,法道寺
A16,4741,産交バス,八代日奈久線,堀切(八代)
A16,4744,産交バス,大津木山線,堀切(山西)
A16,4749,産交バス,,東向寺前
A16,474E,産交バス,,本村(太郎迫)
A16,474F,産交バス,,豊洋園入口
A16,475B,産交バス,天草本渡市街地循環バス のってみゅうかー,本渡港
A16,475C,産交バス,,天草とれたて市場前
A16,475E,産交バス,,堀
A16,475F,産交バス,,細永
A16,4762,産交バス,,保育園前(菊池)
A16,4763,産交バス,グリーンランド線 11系統,ポリテクセンター前
A16,4801,産交バス,,ほっと館入口
A16,480C,産交バス,,堀の内
A16,480D,産交バス,八代市街地循環バス みなバス・まちバス・ゆめバス,本町緑地公園
A16,480F,産交バス,尾曲人吉線,ホームセンターコメリ前
A16,4810,産交バス,尾曲人吉線,堀
A16,4811,産交バス,八代市街地循環バス まちバス,北部中央公園前
A16,4812,産交バス,,保育園前
A16,4818,産交バス,,本町コミュニティーセンター前
A16,4819,産交バス,,坊中
A16,4901,産交バス,,亀甲商店街
A16,4902,産交バス,,万江川橋
A16,4903,産交バス,,前原
A16,4906,産交バス,,曲手
A16,4909,産交バス,,牧の下
A16,490A,産交バス,八代日奈久線/八代田浦線,馬越
A16,490B,産交バス,,孫代
A16,490C,産交バス,,益城
A16,490D,産交バス,,益田
A16,490E,産交バス,,増永
A16,4911,産交バス,,町原
A16,4912,産交バス,,松合
A16,4913,産交バス,,松寿園前
A16,4915,産交バス,八代市街地循環バス まちバス,八代東高校前
A16,4916,産交バス,,松尾
A16,4917,産交バス,八代市街地循環バス みなバス,松江通り
A16,491A,産交バス,八代駅宮原線,松崎(八代)
A16,491B,産交バス,,松崎(中田)
A16,491C,産交バス,,松島
A16,491D,産交バス,,遊覧船のりば前
A16,491F,産交バス,,松島郵便局前
A16,4920,産交バス,八代駅宮原線,松田農場前
A16,4922,産交バス,八代種山線・八代八農分校線,松の原
A16,4923,産交バス,,松の平
A16,4924,産交バス,荒尾玉名線 1系統,マックスバリュ桜山店前
A16,4925,産交バス,,松の本
A16,4928,産交バス,,松橋インターチェンジ入口
A16,4929,産交バス,,松橋駅通り
A16,492A,産交バス,,松橋駅
A16,492B,産交バス,八代松橋線,宇城警察署前
A16,492C,産交バス,,松橋栄町
A16,492D,産交バス,,松橋産交
A16,492E,産交バス,八代松橋線,松橋西支援学校入口
A16,492F,産交バス,,松橋中学校入口
A16,4930,産交バス,八代松橋線,宇城市保健福祉センター前
A16,4931,産交バス,八代松橋線,松橋支援学校
A16,4932,産交バス,,松原(天草)
A16,4933,産交バス,,松原橋
A16,4934,産交バス,玉名南関線,松本
A16,4935,産交バス,,頼山陽記念碑前
A16,4936,産交バス,川8,松山
A16,4937,産交バス,,松山(旧道)
A16,4938,産交バス,,松山(牛深)
A16,493B,産交バス,田浦水俣線,馬出野入口
A16,493D,産交バス,,間伏
A16,493E,産交バス,,馬水
A16,493F,産交バス,,馬見塚
A16,4942,産交バス,,豆木場
A16,4944,産交バス,,丸尾ヶ丘
A16,4947,産交バス,八代日奈久線/八代田浦線,丸山
A16,4949,産交バス,八代駅宮原線,廻し
A16,494F,産交バス,,万楽寺入口
A16,4950,産交バス,八代松橋線,松橋高校前
A16,4954,産交バス,,パナソニック入口
A16,4957,産交バス,本渡教良木線,前川橋(松島)
A16,4958,産交バス,八代日奈久線,前川橋(八代)
A16,495A,産交バス,,松原(田原坂)
A16,495B,産交バス,小国黒川線/小国郷ぐる〜っとバス,松原(黒川)
A16,495E,産交バス,,新丸山(一町田)
A16,4A01,産交バス,八代松橋線,松崎(松橋)
A16,4A03,産交バス,,万楽寺(西里線)
A16,4A05,産交バス,,馬門橋
A16,4A06,産交バス,,松の本インター口
A16,4A1B,産交バス,古屋敷柳原線,松加
A16,4A1C,産交バス,,曲野台団地入口
A16,4A1D,産交バス,,益城インター口
A16,4A1E,産交バス,,廻り渕
A16,4A23,産交バス,,満願寺入口
A16,4A28,産交バス,,町口神社前
A16,4A29,産交バス,,丸山(荒尾)
A16,4A2A,産交バス,倉掛線/上官線,万田坑前
A16,4A2B,産交バス,倉掛線,万田中
A16,4A2D,産交バス,,丸尾町
A16,4A2E,産交バス,南阿蘇ゆるっとバス,松の木
A16,4A2F,産交バス,南阿蘇ゆるっとバス,前畑
A16,4A30,産交バス,尾曲人吉線,馬草野
A16,4A31,産交バス,八代市街地循環バス みなバス,松江町
A16,4A3B,産交バス,,松島庁舎
A16,4A3C,産交バス,,ましき野
A16,4A3D,産交バス,玉名市街地循環バス,マルエイ築地店前
A16,4A3E,産交バス,,益城病院前
A16,4A40,産交バス,,豆塚
A16,4B01,産交バス,,益城町役場前
A16,4B02,産交バス,,御宇田
A16,4B03,産交バス,,簾置
A16,4B05,産交バス,三角宇土駅線,西黒岩
A16,4B06,産交バス,,三角駅通り
A16,4B07,産交バス,,三角産交
A16,4B08,産交バス,三角宇土駅線,三角小学校下
A16,4B09,産交バス,,水洗
A16,4B0A,産交バス,湯前線・人吉市房線・人吉古屋敷線,水上中学校前
A16,4B0B,産交バス,湯前線・人吉市房線・人吉古屋敷線,岩野小学校前
A16,4B0C,産交バス,湯前線・人吉市房線・人吉古屋敷線,水上役場前
A16,4B0D,産交バス,,水越
A16,4B0E,産交バス,荒尾玉名線 1系統,水小屋
A16,4B10,産交バス,,水島(荒尾市)
A16,4B12,産交バス,,水の浦
A16,4B13,産交バス,,水の平
A16,4B15,産交バス,,味噌天神
A16,4B18,産交バス,,上小田中
A16,4B19,産交バス,,溝の上下
A16,4B1A,産交バス,,溝の口
A16,4B1F,産交バス,湯前線・人吉市房線・人吉古屋敷線,三ツ石
A16,4B21,産交バス,,満越
A16,4B22,産交バス,,武蔵ヶ丘九丁目
A16,4B24,産交バス,,味取
A16,4B25,産交バス,,緑川橋
A16,4B26,産交バス,,緑ヶ丘入口
A16,4B28,産交バス,,水俣駅前
A16,4B2C,産交バス,川8,南区役所
A16,4B2E,産交バス,,南荒尾駅前
A16,4B30,産交バス,小国郷ぐる〜っとバス,市原小前
A16,4B31,産交バス,,南小国町役場前
A16,4B32,産交バス,,南方
A16,4B33,産交バス,,南校前
A16,4B34,産交バス,川6/川8,熊日前
A16,4B35,産交バス,県20/川1/川11,熊日前(旧道)
A16,4B36,産交バス,,南島
A16,4B37,産交バス,,南高江
A16,4B39,産交バス,八代松橋線,南竹崎
A16,4B3B,産交バス,川8,南田尻
A16,4B3C,産交バス,,南田
A16,4B3E,産交バス,,尾田
A16,4B3F,産交バス,八代松橋線,南豊崎
A16,4B40,産交バス,,南走潟
A16,4B41,産交バス,,南原
A16,4B42,産交バス,,南平
A16,4B43,産交バス,,南平和町
A16,4B44,産交バス,湯前線・人吉市房線・人吉古屋敷線,南町
A16,4B45,産交バス,,美縄
A16,4B46,産交バス,,峰の宿入口
A16,4B48,産交バス,,美の越
A16,4B4B,産交バス,人吉五木線,蓑原
A16,4B4C,産交バス,,御船
A16,4B4D,産交バス,,御船(三角南)
A16,4B4E,産交バス,,御船小学校前
A16,4B4F,産交バス,,御船中央通り
A16,4B51,産交バス,本渡教良木線,宮川
A16,4B52,産交バス,,宮坂
A16,4B54,産交バス,,宮崎
A16,4B55,産交バス,,宮下橋
A16,4B56,産交バス,八代松橋線,宮地
A16,4B57,産交バス,,宮地浦
A16,4B58,産交バス,,宮地駅前
A16,4B59,産交バス,,宮地岳
A16,4B5A,産交バス,,宮地岳神社前
A16,4B5B,産交バス,八代松橋線,宮地中央
A16,4B5C,産交バス,,宮園(有佐)
A16,4B5D,産交バス,,宮園児童館前
A16,4B5E,産交バス,,宮田
A16,4B5F,産交バス,,宮田局前
A16,4B60,産交バス,,宮津
A16,4B63,産交バス,,宮野河内中央
A16,4C00,産交バス,,宮野河内本郷
A16,4C01,産交バス,八代種山線・八代八農分校線,宮の崎
A16,4C02,産交バス,小国黒川線/小国郷ぐる〜っとバス,宮の下
A16,4C03,産交バス,八代松橋線,宮原
A16,4C05,産交バス,八代種山線・八代八農分校線,宮原郵便局前
A16,4C07,産交バス,,阿蘇神社前
A16,4C08,産交バス,,宮の前(大矢野)
A16,4C09,産交バス,,宮の前(寺領)
A16,4C0A,産交バス,,宮の町
A16,4C0D,産交バス,,宮原(山鹿)
A16,4C0E,産交バス,,宮原温泉前
A16,4C10,産交バス,,茗ヶ原入口
A16,4C12,産交バス,,妙見ヶ浦
A16,4C13,産交バス,,明神尾
A16,4C14,産交バス,,明瀬
A16,4C16,産交バス,,城山公園入口
A16,4C17,産交バス,,宮園(五木)
A16,4C19,産交バス,湯前線・人吉市房線・人吉古屋敷線,御太子前
A16,4C1A,産交バス,,宮地中央(阿蘇)
A16,4C1B,産交バス,,宮の下(玉名)
A16,4C1C,産交バス,,バイパス元玉名
A16,4C1F,産交バス,,水俣第一中学校前
A16,4C20,産交バス,,水俣病資料館下
A16,4C22,産交バス,上天草市SUNまりんバス 上循環,南入口
A16,4C23,産交バス,上天草市SUNまりんバス 上循環,南(野釜)
A16,4C25,産交バス,,宇城市三角支所通り
A16,4C26,産交バス,,宇城市三角支所前(戸馳線)
A16,4C27,産交バス,,三角病院入口
A16,4C28,産交バス,,三角病院
A16,4C29,産交バス,,三角防災拠点センター
A16,4C2F,産交バス,,宮原温泉入口
A16,4C31,産交バス,つなぎ温泉水俣港線・つなぎ温泉水俣産交線,水俣港
A16,4C32,産交バス,,水俣産交
A16,4C33,産交バス,,下白木
A16,4C34,産交バス,大津木山線,御岳橋(バイパス)
A16,4C35,産交バス,,溝の上(月田)
A16,4C37,産交バス,八代松橋線,宮原公民館前
A16,4C38,産交バス,,御馬下
A16,4C4C,産交バス,五木線,蓑毛観音前
A16,4C4D,産交バス,,宮島
A16,4C52,産交バス,,水島
A16,4C54,産交バス,,深山橋
A16,4C5D,産交バス,,美咲野団地
A16,4C60,産交バス,23系統,水島中
A16,4C62,産交バス,,南方(玉名)
A16,4C63,産交バス,,宮本記念公園前
A16,4D00,産交バス,,満越交差点
A16,4D01,産交バス,,満越西
A16,4D02,産交バス,,宮崎入口
A16,4D06,産交バス,,御船橋
A16,4D09,産交バス,,三楠
A16,4D12,産交バス,,峰の宿
A16,4D15,産交バス,,水次
A16,4D16,産交バス,,本田技研工業前
A16,4D17,産交バス,,水辺プラザ
A16,4D18,産交バス,,三加和温泉
A16,4D19,産交バス,,緑ヶ丘校前
A16,4D1A,産交バス,グリーンランド線 11系統,緑ヶ丘校下
A16,4D1B,産交バス,倉掛線,妙見
A16,4D1C,産交バス,倉掛線,緑ヶ丘五丁目
A16,4D1D,産交バス,倉掛線,緑ヶ丘北口
A16,4D1E,産交バス,東屋形線 12系統,みどり区
A16,4D1F,産交バス,倉掛線,緑ヶ丘二丁目
A16,4D20,産交バス,倉掛線,緑ヶ丘三丁目
A16,4D26,産交バス,南阿蘇ゆるっとバス,見晴台駅
A16,4D27,産交バス,住吉線 14系統,みやじま幼稚園前
A16,4D2A,産交バス,,宮原中央
A16,4D34,産交バス,三角宇土駅線,三角小学校前
A16,4D35,産交バス,,南ヶ丘小学校
A16,4D36,産交バス,,南阿蘇村役場
A16,4D37,産交バス,,みやはら内牧店
A16,4D38,産交バス,,見晴台駅入口
A16,4E03,産交バス,湯前線・人吉市房線・人吉古屋敷線,向町
A16,4E07,産交バス,,向一部
A16,4E08,産交バス,,向坂
A16,4E09,産交バス,,向淋
A16,4E0A,産交バス,,向津留
A16,4E0B,産交バス,上天草市SUNまりんバス 上循環,向道
A16,4E0C,産交バス,,武蔵ヶ丘
A16,4E0D,産交バス,,武蔵ヶ丘車庫前
A16,4E0E,産交バス,,武蔵ヶ丘団地入口
A16,4E10,産交バス,,武蔵ヶ丘一丁目
A16,4E11,産交バス,,武蔵ヶ丘四丁目
A16,4E12,産交バス,,武蔵塚公園
A16,4E13,産交バス,,武蔵陸橋
A16,4E15,産交バス,,無田口
A16,4E16,産交バス,湯前線・人吉市房線・人吉古屋敷線,無田の原
A16,4E17,産交バス,,武蔵ヶ丘北口
A16,4E19,産交バス,,睦橋
A16,4E1B,産交バス,,村
A16,4E1C,産交バス,,村迫
A16,4E1E,産交バス,,無量寺
A16,4E20,産交バス,,室町
A16,4E21,産交バス,,武蔵塚駅前
A16,4E22,産交バス,,武蔵ヶ丘中央
A16,4E23,産交バス,玉名山鹿線,宗方
A16,4E26,産交バス,,迎町
A16,4E29,産交バス,つなぎ温泉水俣港線・つなぎ温泉水俣産交線,六ツ角(水俣)
A16,4E2A,産交バス,大津木山線,迎田
A16,4E30,産交バス,,武蔵中学校前
A16,4E3B,産交バス,,牟田漁港
A16,4E3C,産交バス,,牟田
A16,4E40,産交バス,,新道牟田
A16,4E41,産交バス,,新道牟田漁港
A16,4E42,産交バス,八代市街地循環バス ゆめバス,麦島
A16,4E43,産交バス,八代市街地循環バス ゆめバス,迎町(八代)
A16,4E46,産交バス,南郷ライナー,室町公園
A16,4F02,産交バス,上天草市SUNまりんバス 上循環,女ヶの串
A16,4F03,産交バス,五木線/人吉五木線,巡り
A16,4F05,産交バス,,目玉入口
A16,4F06,産交バス,,米野
A16,4F07,産交バス,,米の岳農協前
A16,4F09,産交バス,湯前線・人吉市房線・人吉古屋敷線,あさぎり駅前
A16,4F0C,産交バス,湯前線・人吉市房線・人吉古屋敷線,免田橋
A16,4F0D,産交バス,湯前線・人吉市房線・人吉古屋敷線,免田深田通り
A16,4F0E,産交バス,湯前線・人吉市房線・人吉古屋敷線,免田下本町
A16,4F0F,産交バス,,目磨
A16,4F10,産交バス,,長嶺南一丁目
A16,4F11,産交バス,,帯山九丁目
A16,4F12,産交バス,湯前線・人吉市房線・人吉古屋敷線,免田八幡町
A16,4F15,産交バス,,めぐり渕
A16,4F16,産交バス,,鉄工団地通り
A16,4F17,産交バス,,免許センター
A16,5001,産交バス,八代日奈久線,催合
A16,5002,産交バス,,舞尾橋
A16,5004,産交バス,,木魂館前
A16,5005,産交バス,本渡通詞線,茂木根海水浴場入口
A16,5006,産交バス,湯前線・人吉市房線・人吉古屋敷線,目郎
A16,5007,産交バス,,茂串
A16,5008,産交バス,,茂串体育館
A16,5009,産交バス,本渡教良木線,持田
A16,500B,産交バス,,用木
A16,500C,産交バス,,元井谷
A16,500D,産交バス,,元浦
A16,500E,産交バス,,元玉名
A16,500F,産交バス,川8,元三町
A16,5013,産交バス,,もみ木橋
A16,5014,産交バス,大津木山線/大津岩戸の里線,森
A16,5015,産交バス,,森の木口
A16,5016,産交バス,大津木山線,門出
A16,5018,産交バス,,用木農協前
A16,5019,産交バス,八代日奈久線,催合入口
A16,501C,産交バス,,森北
A16,5037,産交バス,,もみの木美容室前
A16,5101,産交バス,玉名山鹿線,焼米
A16,5102,産交バス,,八重
A16,5103,産交バス,,屋形
A16,5105,産交バス,,世間部
A16,5106,産交バス,,家壁
A16,5107,産交バス,,役犬原
A16,5109,産交バス,,矢護川支所前
A16,510A,産交バス,,矢崎
A16,510B,産交バス,,八島町
A16,510C,産交バス,,安永
A16,510E,産交バス,八代駅宮原線,八千把二の丸
A16,5110,産交バス,,八代駅前
A16,5111,産交バス,,八代宮前
A16,5113,産交バス,八代田浦線,八代工業高校前
A16,5114,産交バス,,八代産交
A16,5115,産交バス,,八代市役所前
A16,5116,産交バス,,八代小学校入口
A16,5118,産交バス,八代種山線・八代八農分校線,労働基準監督入口(八代)
A16,5119,産交バス,八代市街地循環バス まちバス,秀岳館高校前
A16,511A,産交バス,,八代農高前
A16,511B,産交バス,八代種山線・八代八農分校線,八農分校前
A16,511E,産交バス,本渡教良木線,柳田
A16,5122,産交バス,,柳郵便局前
A16,5123,産交バス,,柳瀬
A16,5124,産交バス,,簗瀬
A16,5127,産交バス,,八幡浜
A16,5128,産交バス,,八幡町
A16,5129,産交バス,,八幡町(旧道)
A16,512A,産交バス,,浦和体育館前
A16,512D,産交バス,,山鹿
A16,512E,産交バス,,山鹿大橋口
A16,512F,産交バス,,山鹿警察署入口
A16,5130,産交バス,,山鹿栄町
A16,5131,産交バス,,山鹿市役所入口
A16,5133,産交バス,,山鹿下町
A16,5135,産交バス,,シルバー人材センター入口
A16,5136,産交バス,,山鹿市民医療センター前
A16,5137,産交バス,,南本町
A16,513A,産交バス,,山口(五木)
A16,513B,産交バス,,山崎橋
A16,513C,産交バス,,山下
A16,513F,産交バス,,山田
A16,5140,産交バス,尾曲人吉線,山田橋
A16,5142,産交バス,大津木山線,山西
A16,5143,産交バス,大津木山線,山西小学校前(山西線)
A16,5144,産交バス,,山の浦
A16,5147,産交バス,,山の口(本渡)
A16,5148,産交バス,八代日奈久線,山の口(二見)
A16,514A,産交バス,,ヤマハ前
A16,514B,産交バス,,山部田
A16,514D,産交バス,,山本橋
A16,514E,産交バス,,矢津田
A16,514F,産交バス,,山伏塚
A16,5150,産交バス,玉名南関線,山伏原
A16,5151,産交バス,小国黒川線/小国郷ぐる〜っとバス,薬師温泉入口
A16,5153,産交バス,八代日奈久線/八代田浦線,山下(日奈久)
A16,5154,産交バス,湯前線・人吉市房線・人吉古屋敷線,山下(人吉)
A16,5155,産交バス,,漁協前
A16,5159,産交バス,田浦水俣線,柳ヶ丘団地入口
A16,515A,産交バス,八代坂本駅線,八代清流高校前
A16,515E,産交バス,,山中入口(笹倉)
A16,515F,産交バス,,山口(天草)
A16,5160,産交バス,荒尾玉名線/八幡台線,八幡校前(玉名)
A16,5162,産交バス,,福連木出張所前
A16,5163,産交バス,,山の浦体育館
A16,520D,産交バス,五木線,八ツ田
A16,520E,産交バス,五木線,柳瀬公民館前
A16,521B,産交バス,八代松橋線,八代IC前(高速入口)
A16,521D,産交バス,,野営場前
A16,521E,産交バス,古屋敷柳原線,柳原
A16,5220,産交バス,,山鹿郵便局前
A16,5228,産交バス,,やいらぎダム入口
A16,5229,産交バス,,山鹿市役所前
A16,522C,産交バス,,山鹿バスセンター
A16,522D,産交バス,,山の手
A16,522F,産交バス,,大和団地前
A16,5231,産交バス,八幡台線,八幡宮前
A16,5232,産交バス,,弥生乃湯前
A16,5234,産交バス,,八幡町
A16,5235,産交バス,八代市街地循環バス ゆめバス,やつしろハーモニーホール正面玄関前
A16,5236,産交バス,八代市街地循環バス ゆめバス,八代実業専門学校前
A16,5237,産交バス,八代市街地循環バス ゆめバス,八代三中前
A16,5239,産交バス,,矢黒つつじヶ丘
A16,523A,産交バス,,矢黒町
A16,523B,産交バス,八代市街地循環バス みなバス,八代高校前
A16,5304,産交バス,,弓削
A16,5305,産交バス,,弓削団地入口
A16,530A,産交バス,,光の森駅
A16,530C,産交バス,田浦水俣線,湯の浦温泉前
A16,530D,産交バス,田浦水俣線,湯の浦橋
A16,5315,産交バス,湯前線・人吉市房線・人吉古屋敷線,湯の前駅前
A16,5317,産交バス,上天草市SUNまりんバス 上循環,弓ヶ浜
A16,5319,産交バス,,はな阿蘇美入口
A16,531A,産交バス,湯前線・人吉市房線・人吉古屋敷線,湯山温泉前
A16,531B,産交バス,湯前線・人吉市房線・人吉古屋敷線,湯山小学校前
A16,531C,産交バス,湯前線・人吉市房線・人吉古屋敷線,湯山保育園前
A16,531D,産交バス,,小天温泉
A16,531F,産交バス,湯前線・人吉市房線・人吉古屋敷線,湯山入口(人吉)
A16,5320,産交バス,,遊蛇口
A16,5326,産交バス,,湯舟入口(旭志村)
A16,5327,産交バス,,大矢野郵便局前
A16,532A,産交バス,,ゆうステーション (道の駅小国)
A16,532B,産交バス,,湧水トンネル公園前
A16,532E,産交バス,,遊蛇口団地前
A16,5335,産交バス,快速たかもり号,萌の里・俵山登山口
A16,5337,産交バス,南阿蘇ゆるっとバス,ゆめひろば前
A16,533A,産交バス,,ゆめタウン(八代)
A16,533F,産交バス,,ゆめマート前(松島)
A16,5340,産交バス,湯前線・人吉市房線・人吉古屋敷線,友愛苑前
A16,5342,産交バス,,ラピット前
A16,5401,産交バス,,要江
A16,5403,産交バス,,要江桟橋
A16,5405,産交バス,,専門学校前
A16,5406,産交バス,八代坂本駅線,遥拝
A16,5408,産交バス,,横頭
A16,5409,産交バス,,横島入口
A16,540F,産交バス,湯前線・人吉市房線・人吉古屋敷線,多良木警察署前
A16,5410,産交バス,,横枕
A16,5411,産交バス,,横町
A16,5413,産交バス,湯前線・人吉市房線・人吉古屋敷線,吉井
A16,5417,産交バス,,総合体育館前(牛深)
A16,5418,産交バス,八代松橋線,吉野
A16,5419,産交バス,湯前線・人吉市房線・人吉古屋敷線,吉野尾
A16,541A,産交バス,,芳野第一
A16,541B,産交バス,,吉松小学校前
A16,541F,産交バス,,余内
A16,5421,産交バス,,米田
A16,5422,産交バス,,米田農協前
A16,5424,産交バス,,嫁坂
A16,5425,産交バス,,四方寄
A16,5426,産交バス,,世安町
A16,5427,産交バス,,四里塚
A16,5428,産交バス,上天草市SUNまりんバス 上循環,寄船
A16,542A,産交バス,,四丁
A16,542B,産交バス,,横手(五木)
A16,542E,産交バス,,横道(松合)
A16,542F,産交バス,,四番橋
A16,5437,産交バス,玉名南関線,陽光学園前
A16,5439,産交バス,,吉田登山線入口
A16,543A,産交バス,,山一の口
A16,543B,産交バス,,横馬場
A16,543D,産交バス,,横手郵便局前
A16,5440,産交バス,,四山下区
A16,5441,産交バス,,四山中区
A16,5448,産交バス,八代市街地循環バス みなバス,横手新町
A16,5501,産交バス,,熊本リハビリテーション前
A16,5504,産交バス,,竜ヶ岳登山口
A16,5505,産交バス,,竜ヶ岳学校前
A16,5506,産交バス,,立願寺橋
A16,5507,産交バス,八代駅宮原線,竜神
A16,5508,産交バス,,立徳
A16,5509,産交バス,,立福寺
A16,550A,産交バス,八代松橋線,竜峰小学校前
A16,550B,産交バス,,療育センター入口
A16,550D,産交バス,,霊仙
A16,550E,産交バス,南阿蘇ゆるっとバス,両併入口
A16,550F,産交バス,,リバグリーン八幡
A16,5510,産交バス,上天草市SUNまりんバス 上循環,小波戸(鳩の釜)
A16,5511,産交バス,,下立福寺(和泉)
A16,5512,産交バス,湯前線・人吉市房線・人吉古屋敷線,立神(柳瀬)
A16,5513,産交バス,,運輸支局入口
A16,5514,産交バス,八代田浦線,流藻川団地入口
A16,5515,産交バス,,竜ヶ岳郵便局前
A16,5517,産交バス,八代駅宮原線,両出
A16,551A,産交バス,八代市街地循環バス みなバス,臨港線田中町
A16,551B,産交バス,八代市街地循環バス みなバス,臨港線大村
A16,5522,産交バス,五木線/人吉五木線,林業総合センター前
A16,5525,産交バス,南阿蘇ゆるっとバス,両併小学校前
A16,5526,産交バス,,流通団地
A16,5604,産交バス,,苓北町役場前
A16,5606,産交バス,,蓮台寺
A16,5607,産交バス,,蓮台寺入口
A16,5703,産交バス,,老人ホーム前(天草)
A16,5705,産交バス,田浦水俣線,花岡西
A16,5706,産交バス,,路木
A16,5708,産交バス,,六地蔵
A16,5709,産交バス,八代種山線・八代八農分校線,六地蔵(岩奥)
A16,570C,産交バス,,録田住宅前
A16,570D,産交バス,野3/野5,六反田
A16,570E,産交バス,五木線/人吉五木線,六藤
A16,5710,産交バス,八代駅宮原線,六角堂
A16,5711,産交バス,本渡教良木線,梅津
A16,5712,産交バス,八代種山線・八代八農分校線,労災病院前
A16,5713,産交バス,,老人センター前(牛深)
A16,5714,産交バス,,交流センター入口
A16,5716,産交バス,,老人ホーム春光苑
A16,5718,産交バス,,老人保健施設前
A16,5719,産交バス,,老人ホームリバーサイド熊本前
A16,571B,産交バス,八代市街地循環バス みなバス,自動車学校前
A16,571D,産交バス,,イオンタウン
A16,5801,産交バス,,東原
A16,5803,産交バス,八代市街地循環バス まちバス,若宮団地前
A16,5805,産交バス,,涌尾
A16,5807,産交バス,八代種山線・八代八農分校線,和小路
A16,5808,産交バス,,渡駅前
A16,5809,産交バス,,渡小学校前
A16,580C,産交バス,,亘
A16,580E,産交バス,八代種山線・八代八農分校線,蕨野
A16,5810,産交バス,,鰐洞
A16,5813,産交バス,,和田(天草)
A16,5816,産交バス,,和田(松合)
A16,5817,産交バス,,若宮神社入口
A16,5820,産交バス,,若宮海水浴場前
A16,5903,産交バス,,三丁目
A16,5905,産交バス,湯前線・人吉市房線・人吉古屋敷線,Aコープ多良木店前
A16,5B25,産交バス,,永国寺前
A16,630C,産交バス,,さざ波の湯
A17,0,熊本都市バス,,共通
A17,20D,熊本都市バス,,足原橋
A17,20E,熊本都市バス,,アクアドーム
A17,218,熊本都市バス,,秋津新町
A17,21A,熊本都市バス,,荒尾橋
A17,21B,熊本都市バス,,荒尾団地前
A17,21C,熊本都市バス,,油称
A17,51B,熊本都市バス,,出水中学前
A17,51C,熊本都市バス,,一の井手
A17,51D,熊本都市バス,,出仲間(浜線BP)
A17,524,熊本都市バス,,出水三丁目
A17,525,熊本都市バス,,磐根橋
A17,527,熊本都市バス,,池田三丁目
A17,528,熊本都市バス,,池田一丁目
A17,529,熊本都市バス,,岩立小路
A17,52A,熊本都市バス,,泉ヶ丘小学校前
A17,52F,熊本都市バス,,池尻
A17,733,熊本都市バス,,蔚山町
A17,734,熊本都市バス,,内坪井
A17,73C,熊本都市バス,,上の原団地前
A17,73D,熊本都市バス,,運輸支局入口
A17,73E,熊本都市バス,,上の門
A17,745,熊本都市バス,ゆうゆうバス 植木循環ルート,植木駅前
A17,828,熊本都市バス,,熊本整形外科病院前
A17,829,熊本都市バス,,画図小学校入口
A17,82A,熊本都市バス,,画図道
A17,82B,熊本都市バス,,江越橋
A17,82C,熊本都市バス,,江津遊園地前
A17,82D,熊本都市バス,,江津県営アパート西
A17,82E,熊本都市バス,,江津郵便局前
A17,82F,熊本都市バス,,江津一丁目
A17,830,熊本都市バス,,画図橋
A17,831,熊本都市バス,,江津三丁目
A17,833,熊本都市バス,,池田二丁目
A17,834,熊本都市バス,,画図橋(回転場)
A17,94A,熊本都市バス,,大江二丁目
A17,94E,熊本都市バス,,帯山四丁目
A17,A17,熊本都市バス,,帯山五丁目
A17,A1D,熊本都市バス,,帯山六丁目
A17,A22,熊本都市バス,,帯山九丁目
A17,D3E,熊本都市バス,,小峯(転回場)
A17,D41,熊本都市バス,,小峯
A17,D43,熊本都市バス,,小峯三丁目
A17,D4D,熊本都市バス,,大江六丁目
A17,D4E,熊本都市バス,,大江川鶴
A17,D4F,熊本都市バス,,大江校通り・是法神社前
A17,D50,熊本都市バス,,大江渡鹿
A17,D51,熊本都市バス,,岡田町
A17,1228,熊本都市バス,,開新高校前
A17,1229,熊本都市バス,,学園大前
A17,122A,熊本都市バス,,ガス会社前
A17,122B,熊本都市バス,,上熊本駅前
A17,122C,熊本都市バス,,上近見
A17,122D,熊本都市バス,,上ノ郷町
A17,122E,熊本都市バス,,上無田橋
A17,122F,熊本都市バス,,新市街
A17,1230,熊本都市バス,,烏ヶ江住宅前
A17,1231,熊本都市バス,,烏ヶ江終点
A17,1232,熊本都市バス,,河原町
A17,1236,熊本都市バス,,上無田
A17,1237,熊本都市バス,,烏ヶ江
A17,1238,熊本都市バス,,かんかん坂入口
A17,1239,熊本都市バス,,上熊本営業所
A17,123A,熊本都市バス,,上熊本三丁目
A17,1244,熊本都市バス,,家庭裁判所前
A17,1245,熊本都市バス,,柿原公民館前
A17,1248,熊本都市バス,,上保田窪
A17,1249,熊本都市バス,,岳林寺
A17,1332,熊本都市バス,,往生院前
A17,1333,熊本都市バス,,小峯営業所
A17,154D,熊本都市バス,,祇園橋
A17,154E,熊本都市バス,,北岡神社前
A17,154F,熊本都市バス,,京町本丁
A17,1550,熊本都市バス,,京町柳川
A17,1551,熊本都市バス,,九州学院前
A17,1552,熊本都市バス,,銀座橋
A17,1553,熊本都市バス,,北窪
A17,1556,熊本都市バス,,北水前寺
A17,1557,熊本都市バス,,京町口
A17,155C,熊本都市バス,,京塚
A17,1562,熊本都市バス,,北水前寺踏切
A17,174B,熊本都市バス,,熊本工業専門学校前
A17,1803,熊本都市バス,,熊本駅前
A17,1804,熊本都市バス,,熊本城前
A17,1805,熊本都市バス,,熊本操車場前
A17,1806,熊本都市バス,,熊本市民病院
A17,1808,熊本都市バス,,九品寺交差点
A17,1809,熊本都市バス,,九品寺一丁目
A17,180A,熊本都市バス,,九品寺通り
A17,180F,熊本都市バス,,熊高裏
A17,1814,熊本都市バス,,神水町
A17,1815,熊本都市バス,,熊工前
A17,1818,熊本都市バス,熊本城周遊バスしろめぐりん,熊本城・二の丸駐車場
A17,181A,熊本都市バス,,熊高正門前
A17,181B,熊本都市バス,,栗山
A17,181C,熊本都市バス,,グランド北入口
A17,181D,熊本都市バス,,グランド前
A17,181E,熊本都市バス,,熊本テルサ前
A17,181F,熊本都市バス,,森都心プラザ前
A17,1912,熊本都市バス,,警察学校前
A17,191E,熊本都市バス,,県立劇場前
A17,191F,熊本都市バス,,県立劇場(回転場)
A17,1920,熊本都市バス,,県会議事堂前
A17,1921,熊本都市バス,,県庁前
A17,1922,熊本都市バス,,県立大学前
A17,1923,熊本都市バス,,県立大通り
A17,1926,熊本都市バス,,県立体育館前
A17,1927,熊本都市バス,,県立体育館北口
A17,192B,熊本都市バス,,健軍本通り
A17,192C,熊本都市バス,,健軍遊園地前
A17,192D,熊本都市バス,,競輪場前
A17,1930,熊本都市バス,,県庁西門通り
A17,1931,熊本都市バス,,県立大学前
A17,1932,熊本都市バス,,県立大通り
A17,1933,熊本都市バス,,県立大グランド前
A17,1C5D,熊本都市バス,,子飼橋
A17,1C5E,熊本都市バス,,琴平神社江原中学前
A17,1C5F,熊本都市バス,,五福校前
A17,1C60,熊本都市バス,,呉服町
A17,1C61,熊本都市バス,,桜町バスターミナル
A17,1C62,熊本都市バス,,交通局前
A17,1C63,熊本都市バス,,国府
A17,1D08,熊本都市バス,,湖畔団地前
A17,1D09,熊本都市バス,,第一高校東門
A17,1D0A,熊本都市バス,,国立病院前
A17,1D11,熊本都市バス,,湖東町
A17,1D13,熊本都市バス,熊本城周遊バスしろめぐりん,博物館・旧細川刑部邸前
A17,1D14,熊本都市バス,,工業高校北門前
A17,1D15,熊本都市バス,,古閑
A17,1D16,熊本都市バス,,合歓の平
A17,1F5A,熊本都市バス,,済生会病院
A17,2002,熊本都市バス,,裁判所前
A17,2004,熊本都市バス,,桜の馬場 城彩苑
A17,2006,熊本都市バス,,三軒屋
A17,2007,熊本都市バス,,三賢堂前
A17,2008,熊本都市バス,,三郎
A17,200A,熊本都市バス,,三山荘
A17,2032,熊本都市バス,,水源町
A17,2033,熊本都市バス,,水前寺駅前
A17,2034,熊本都市バス,,水前寺公園前 県立図書館入口
A17,2540,熊本都市バス,,湖東一丁目(東BPライナー)
A17,262A,熊本都市バス,,重富
A17,262B,熊本都市バス,,島団地
A17,262C,熊本都市バス,,下近見(島団地)
A17,262D,熊本都市バス,,下通筋
A17,262E,熊本都市バス,,市役所前
A17,262F,熊本都市バス,,浄行寺
A17,2630,熊本都市バス,,商工会議所前
A17,2631,熊本都市バス,,消防局防災センター前
A17,2633,熊本都市バス,,食糧事務所前
A17,2634,熊本都市バス,,尚絅校前
A17,2635,熊本都市バス,,労働会館入口
A17,2636,熊本都市バス,,新町
A17,2638,熊本都市バス,,白川公園前
A17,2639,熊本都市バス,,新屋敷町
A17,263A,熊本都市バス,,市立図書館前
A17,2643,熊本都市バス,,新大江二丁目
A17,2644,熊本都市バス,,下江津
A17,2645,熊本都市バス,,城西校北
A17,2646,熊本都市バス,,城西校前
A17,2647,熊本都市バス,,城東町
A17,2648,熊本都市バス,,新堀橋
A17,2649,熊本都市バス,,市役所前・日本郵政横
A17,265C,熊本都市バス,,新堀町
A17,265D,熊本都市バス,,湖東一丁目
A17,265E,熊本都市バス,,昭和町
A17,265F,熊本都市バス,,自衛隊通り
A17,2660,熊本都市バス,,自衛隊病院前
A17,2661,熊本都市バス,,新外
A17,2662,熊本都市バス,,新外中通り
A17,2663,熊本都市バス,,新外入口
A17,2703,熊本都市バス,,慈恵病院前
A17,2704,熊本都市バス,,島崎七丁目
A17,2705,熊本都市バス,,身障者福祉センター前
A17,2857,熊本都市バス,,水前寺駅通り
A17,2858,熊本都市バス,,水前寺公園前
A17,2859,熊本都市バス,,水道町
A17,285A,熊本都市バス,,杉塘
A17,285B,熊本都市バス,,砂取校前
A17,285F,熊本都市バス,,水前寺本町
A17,2860,熊本都市バス,,水前寺グランド通り
A17,2861,熊本都市バス,,水前寺鳥居前
A17,2862,熊本都市バス,,水前寺駅北口
A17,294B,熊本都市バス,,新屋敷一丁目
A17,294C,熊本都市バス,,セイラタウン北
A17,294D,熊本都市バス,,セイラタウン南
A17,294E,熊本都市バス,,西山中学前
A17,294F,熊本都市バス,,洗馬橋
A17,2954,熊本都市バス,,西部総監部前
A17,2D04,熊本都市バス,,託麻まちづくりセンター前
A17,2E25,熊本都市バス,,大学病院前
A17,2E26,熊本都市バス,,大黒橋
A17,2E27,熊本都市バス,,田井島
A17,2E28,熊本都市バス,,九州中央リハビリテーション学院前
A17,2E29,熊本都市バス,,田崎橋
A17,2E2A,熊本都市バス,,田迎五丁目
A17,2E2B,熊本都市バス,,田迎一里木
A17,2E2C,熊本都市バス,,田迎新道
A17,2E2D,熊本都市バス,,田迎妙見
A17,2E2E,熊本都市バス,,団地入口
A17,2E2F,熊本都市バス,,段山
A17,2E30,熊本都市バス,,田迎西
A17,2E31,熊本都市バス,,田迎小学校前
A17,2E34,熊本都市バス,,段山・市立博物館入口
A17,2E41,熊本都市バス,,たけみや
A17,2E42,熊本都市バス,,第二高校前
A17,2E48,熊本都市バス,,団子原
A17,2E49,熊本都市バス,,託麻南
A17,2E4A,熊本都市バス,,託麻南小学校前
A17,2E4B,熊本都市バス,,託麻台入口
A17,2E4E,熊本都市バス,,竜穴
A17,2F39,熊本都市バス,,近見八丁目
A17,2F3A,熊本都市バス,,近見町
A17,2F3B,熊本都市バス,,中央病院
A17,2F3C,熊本都市バス,,中央病院入口
A17,2F3E,熊本都市バス,,千原台
A17,2F3F,熊本都市バス,,中央郵便局前
A17,3054,熊本都市バス,,坪井横町
A17,3059,熊本都市バス,,筒口
A17,305A,熊本都市バス,,壺井橋
A17,305E,熊本都市バス,,月出小学校入口
A17,3251,熊本都市バス,,出町三丁目
A17,3252,熊本都市バス,,鉄工団地前
A17,3253,熊本都市バス,,鉄工団地通り
A17,3254,熊本都市バス,,鉄砲塚
A17,3318,熊本都市バス,,渡鹿四丁目
A17,3408,熊本都市バス,,渡鹿七丁目
A17,3426,熊本都市バス,,通町筋
A17,3427,熊本都市バス,,堂免公園前
A17,3428,熊本都市バス,,所島
A17,342B,熊本都市バス,,戸坂入口
A17,342E,熊本都市バス,,富尾団地
A17,342F,熊本都市バス,,動植物園前
A17,3430,熊本都市バス,,動植物園西口
A17,3432,熊本都市バス,,道南
A17,3434,熊本都市バス,,戸島団地
A17,3435,熊本都市バス,,東部交流センター前
A17,3436,熊本都市バス,,東稜高校前
A17,3437,熊本都市バス,,戸島入口
A17,3438,熊本都市バス,,戸島五丁目
A17,3439,熊本都市バス,,戸島神社前
A17,3504,熊本都市バス,,長迫団地入口
A17,3723,熊本都市バス,,長溝入口
A17,3724,熊本都市バス,,長溝団地
A17,3725,熊本都市バス,,長溝団地入口
A17,3732,熊本都市バス,,中尾
A17,3734,熊本都市バス,,南原
A17,3735,熊本都市バス,,長嶺南一丁目
A17,3736,熊本都市バス,,長嶺団地
A17,3737,熊本都市バス,,長嶺四ツ角
A17,3738,熊本都市バス,,長嶺小学校前
A17,373F,熊本都市バス,,中小峯
A17,3740,熊本都市バス,,長嶺小学校入口
A17,3A2A,熊本都市バス,,西原公園前
A17,3A2B,熊本都市バス,,日銀前
A17,3A2C,熊本都市バス,,二本木口
A17,3A2D,熊本都市バス,,二本木町
A17,3A52,熊本都市バス,,西小峯
A17,3A53,熊本都市バス,,西荒尾
A17,3A54,熊本都市バス,,日赤病院北口
A17,3A55,熊本都市バス,,日赤病院前
A17,3A56,熊本都市バス,,日赤病院構内
A17,3A5B,熊本都市バス,,西戸島
A17,3A5C,熊本都市バス,,西戸島団地
A17,3D58,熊本都市バス,,野口町
A17,3D59,熊本都市バス,,野口郵便局前
A17,3D5A,熊本都市バス,,野越団地
A17,3F5D,熊本都市バス,,萩原
A17,3F5E,熊本都市バス,,白山神社前
A17,3F5F,熊本都市バス,,白山町
A17,3F60,熊本都市バス,,八王寺
A17,3F61,熊本都市バス,,八王寺公園前
A17,4002,熊本都市バス,,八王寺新道
A17,4003,熊本都市バス,,八王寺団地前
A17,4004,熊本都市バス,,八王寺中央公園前
A17,4005,熊本都市バス,,春竹小学校入口
A17,4006,熊本都市バス,,春竹新道
A17,4007,熊本都市バス,,春竹町
A17,4008,熊本都市バス,,春の本
A17,400F,熊本都市バス,,花園
A17,4010,熊本都市バス,,花園校前
A17,4011,熊本都市バス,,花園まちづくりセンター前
A17,4012,熊本都市バス,,灰塚
A17,401D,熊本都市バス,,葉山団地入口
A17,401E,熊本都市バス,,パークドーム熊本前
A17,432F,熊本都市バス,,日吉校前
A17,4330,熊本都市バス,,平田二丁目
A17,433D,熊本都市バス,,東本町
A17,433E,熊本都市バス,,東町中学西口
A17,433F,熊本都市バス,,東町中学入口
A17,4340,熊本都市バス,,東町
A17,4341,熊本都市バス,,東京塚
A17,4342,熊本都市バス,,東水前寺
A17,4343,熊本都市バス,,東灰塚
A17,4346,熊本都市バス,,日向崎
A17,4347,熊本都市バス,,東荒尾
A17,4348,熊本都市バス,,東出水
A17,4349,熊本都市バス,,東区役所
A17,4537,熊本都市バス,,古町
A17,4539,熊本都市バス,,藤崎宮前
A17,4547,熊本都市バス,,福祉センターグランド前
A17,461D,熊本都市バス,,平成町
A17,461E,熊本都市バス,,平成けやき通り
A17,461F,熊本都市バス,,変電所前
A17,4725,熊本都市バス,,保田窪四ッ角
A17,4733,熊本都市バス,,保田窪二丁目
A17,473D,熊本都市バス,,保田窪三丁目
A17,4804,熊本都市バス,,本荘町
A17,4805,熊本都市バス,,堀の内
A17,4806,熊本都市バス,,本荘中通り
A17,4807,熊本都市バス,,本荘保育園前
A17,4808,熊本都市バス,,鉾町団地
A17,4809,熊本都市バス,,本妙寺電停前
A17,4813,熊本都市バス,,本妙寺前
A17,4814,熊本都市バス,,本妙寺下
A17,4815,熊本都市バス,,桜町バスターミナル
A17,4816,熊本都市バス,,保田窪入口
A17,4A2C,熊本都市バス,,町口神社前
A17,4A33,熊本都市バス,,前川橋
A17,4D22,熊本都市バス,,南熊本三丁目
A17,4D23,熊本都市バス,,南熊本駅前
A17,4D24,熊本都市バス,,南本荘
A17,4D25,熊本都市バス,,味噌天神前
A17,4D2D,熊本都市バス,,宮尾
A17,4D2E,熊本都市バス,,南灰塚
A17,4D2F,熊本都市バス,,南平
A17,4D30,熊本都市バス,,南荒尾
A17,4E3E,熊本都市バス,,迎宝町
A17,4E3F,熊本都市バス,,迎町
A17,4F1E,熊本都市バス,,明八橋
A17,4F1F,熊本都市バス,,明午橋
A17,5035,熊本都市バス,,本山営業所
A17,5036,熊本都市バス,,本山通り
A17,5157,熊本都市バス,,大和団地中央
A17,523C,熊本都市バス,,山伏塚
A17,5338,熊本都市バス,,湧心館高校前
A17,5443,熊本都市バス,,四方池
A17,5444,熊本都市バス,,横手郵便局前
A17,5524,熊本都市バス,,流通団地
A17,5608,熊本都市バス,,蓮台寺
A17,5609,熊本都市バス,,蓮台寺入口
A17,590E,熊本都市バス,,渡瀬
A17,590F,熊本都市バス,,若葉小学校前
A17,5911,熊本都市バス,,渡瀬踏切
A17,5932,熊本都市バス,,帯山中学前
A17,5933,熊本都市バス,,小山田
A17,5934,熊本都市バス,,尾ノ上小学校前
A17,5935,熊本都市バス,,帯山
A17,5936,熊本都市バス,,帯山団地前
A17,5937,熊本都市バス,,帯山小学校入口
A17,5A0A,熊本都市バス,,鶯原団地前
A17,5A0B,熊本都市バス,,秋津小楠記念館前
A17,5A0C,熊本都市バス,,秋津町
A17,5A0D,熊本都市バス,,東野中学前
A17,5A10,熊本都市バス,,JRアパート前
A17,5A12,熊本都市バス,,南町
A17,5A13,熊本都市バス,,広木
A17,5A19,熊本都市バス,,山の神
A17,5A1A,熊本都市バス,,榎団地西口
A17,5A1B,熊本都市バス,,公務員アパート前
A17,5A1C,熊本都市バス,,山立窪
A17,5A1D,熊本都市バス,,東町団地
A17,5A1E,熊本都市バス,,運輸支局前
A17,5A1F,熊本都市バス,,第二高校前・東区役所入口
A17,5A21,熊本都市バス,,秋津入口
A17,5A22,熊本都市バス,,健軍電停前
A17,5A24,熊本都市バス,,健軍交番前
A17,5A25,熊本都市バス,,動植物園入口
A17,5A26,熊本都市バス,,健軍校前
A17,5A27,熊本都市バス,,自治会館入口
A17,5A29,熊本都市バス,,八丁馬場
A17,5A2A,熊本都市バス,,熊商前
A17,5A2B,熊本都市バス,,健軍神社入口
A17,5A2C,熊本都市バス,,健軍神社前
A17,5A2D,熊本都市バス,,東郵便局前
A17,5A2F,熊本都市バス,,尾ノ上一丁目
A17,5A30,熊本都市バス,ゆうゆうバス 植木循環ルート,道の駅すいかの里
A18,0,熊本バス,,共通
A18,7,熊本バス,,市役所前
A18,9,熊本バス,,桜町バスターミナル
A18,E,熊本バス,,通町筋
A18,F,熊本バス,,水道町
A18,14,熊本バス,,新市街(辛島町)
A18,15,熊本バス,,本荘中通り
A18,16,熊本バス,,本荘町
A18,17,熊本バス,,春竹町
A18,18,熊本バス,,春竹新道
A18,19,熊本バス,,南熊本
A18,1A,熊本バス,,萩原
A18,1B,熊本バス,,ガス会社前
A18,1C,熊本バス,,田迎一里木(旧浜線)
A18,1D,熊本バス,,出仲間(旧浜線、東BP)
A18,1E,熊本バス,,田迎小学校前
A18,1F,熊本バス,,田迎(旧浜線)
A18,20,熊本バス,,下乙
A18,21,熊本バス,,良町
A18,22,熊本バス,,中の瀬車庫
A18,23,熊本バス,,中の瀬・西
A18,24,熊本バス,,鯰入口
A18,25,熊本バス,,熊本回生会病院前
A18,26,熊本バス,,鯰
A18,27,熊本バス,,下上島
A18,28,熊本バス,,イオンモール熊本
A18,29,熊本バス,,上島病院前
A18,2A,熊本バス,,上島
A18,2B,熊本バス,,西村入口
A18,2C,熊本バス,,六嘉
A18,2D,熊本バス,,小坂
A18,2E,熊本バス,,今城
A18,2F,熊本バス,,滝川橋
A18,30,熊本バス,,自動車学校入口
A18,33,熊本バス,,上益城振興局前
A18,34,熊本バス,,辺田見
A18,35,熊本バス,,東禅寺
A18,36,熊本バス,,矢筈
A18,37,熊本バス,,玉虫
A18,38,熊本バス,,横野
A18,39,熊本バス,,滝尾小学校前
A18,3A,熊本バス,,下鶴
A18,3B,熊本バス,,下東上野
A18,3C,熊本バス,,東上野
A18,3D,熊本バス,,上東上野
A18,3E,熊本バス,,七滝
A18,3F,熊本バス,,旧七滝小学校前
A18,40,熊本バス,,下小川野
A18,41,熊本バス,,上小川野
A18,42,熊本バス,,吹野
A18,43,熊本バス,,瀬戸
A18,44,熊本バス,,長谷
A18,45,熊本バス,,大星
A18,46,熊本バス,,ゴルフ場前
A18,47,熊本バス,,中島小学校入口
A18,48,熊本バス,,水田尾病院前
A18,49,熊本バス,,福祉村入口
A18,4A,熊本バス,,金内保育園前
A18,4B,熊本バス,,中島東部小跡
A18,4C,熊本バス,,金内
A18,4D,熊本バス,,原入口
A18,4E,熊本バス,,陣野
A18,4F,熊本バス,,陣野下
A18,50,熊本バス,,杉木
A18,51,熊本バス,,上寺工場前
A18,52,熊本バス,,試験場前
A18,53,熊本バス,,上司尾第一団地前
A18,54,熊本バス,,上司尾
A18,55,熊本バス,,下馬尾(御船線)
A18,56,熊本バス,,浜町 (矢部)
A18,57,熊本バス,,浜町中央
A18,58,熊本バス,,中央公民館前
A18,59,熊本バス,,山都町役場入口
A18,5A,熊本バス,,矢部中学校入口
A18,5B,熊本バス,,矢部高校前
A18,5C,熊本バス,,畑
A18,5D,熊本バス,,上畑
A18,5E,熊本バス,,聖橋
A18,5F,熊本バス,,椎原
A18,60,熊本バス,,東山
A18,61,熊本バス,,日暮崎
A18,62,熊本バス,,御岳校前
A18,63,熊本バス,,川内
A18,100,熊本バス,,上川井野
A18,101,熊本バス,,東川井野
A18,102,熊本バス,,交鶴
A18,103,熊本バス,,下平野
A18,104,熊本バス,,平野
A18,105,熊本バス,,須原
A18,106,熊本バス,,清和総合支所入口
A18,107,熊本バス,,大川
A18,108,熊本バス,,清和文楽邑
A18,109,熊本バス,,開田
A18,10A,熊本バス,,下仏原
A18,10B,熊本バス,,仏原
A18,10C,熊本バス,,方ヶ野
A18,10D,熊本バス,,南柳原
A18,10E,熊本バス,,文字ヶ崎
A18,10F,熊本バス,,大野幣立宮前
A18,110,熊本バス,,白石
A18,111,熊本バス,,町立そよう病院前
A18,112,熊本バス,,馬見原下鶴
A18,113,熊本バス,,中鶴
A18,114,熊本バス,,馬見原
A18,125,熊本バス,,豊秋
A18,126,熊本バス,,増見鶴
A18,127,熊本バス,,陣
A18,128,熊本バス,,五反
A18,129,熊本バス,,芝原
A18,12A,熊本バス,,辺場
A18,12B,熊本バス,,上辺場
A18,12C,熊本バス,,松ヶ崎
A18,12D,熊本バス,,乙女橋
A18,12E,熊本バス,,糸田
A18,12F,熊本バス,,塔の木
A18,130,熊本バス,,浅井入口
A18,131,熊本バス,,甲佐中学校入口
A18,132,熊本バス,,有安
A18,133,熊本バス,,甲佐高校前
A18,134,熊本バス,,甲佐 (甲佐営業所)
A18,135,熊本バス,,本町
A18,136,熊本バス,,緑町
A18,137,熊本バス,,日和瀬橋
A18,138,熊本バス,,寒野
A18,139,熊本バス,,西寒野
A18,13B,熊本バス,,二俣橋
A18,13C,熊本バス,,小莚
A18,13D,熊本バス,,佐俣宮の前
A18,13E,熊本バス,,佐俣の湯
A18,13F,熊本バス,,馬門橋
A18,140,熊本バス,,佐俣今村
A18,141,熊本バス,,目磨
A18,142,熊本バス,,大窪
A18,143,熊本バス,,下永富
A18,144,熊本バス,,永富
A18,145,熊本バス,,砥用中央
A18,146,熊本バス,,五反田
A18,147,熊本バス,,砥用・学校前
A18,148,熊本バス,,耳取
A18,149,熊本バス,,内山
A18,14A,熊本バス,,学園前
A18,14B,熊本バス,,霊台橋
A18,14C,熊本バス,,峙原
A18,14D,熊本バス,,家族旅行村西入口
A18,14E,熊本バス,,内園
A18,14F,熊本バス,,家族旅行村東入口
A18,150,熊本バス,,水上
A18,151,熊本バス,,三本松郵便局前
A18,152,熊本バス,,三本松
A18,153,熊本バス,,金木
A18,154,熊本バス,,岩上
A18,155,熊本バス,,興正寺
A18,156,熊本バス,,勢井
A18,157,熊本バス,,勢井入口
A18,158,熊本バス,,大辻
A18,159,熊本バス,,大井早
A18,15A,熊本バス,,萱野
A18,15B,熊本バス,,越草
A18,15C,熊本バス,,内大臣入口
A18,15D,熊本バス,,鶴越
A18,15E,熊本バス,,川井野
A18,15F,熊本バス,,荒谷
A18,160,熊本バス,,白小野
A18,161,熊本バス,,上白小野
A18,162,熊本バス,,下牧野
A18,163,熊本バス,,牧野
A18,200,熊本バス,,自動車練習場前
A18,201,熊本バス,,千滝住宅入口
A18,202,熊本バス,,千寿苑入口
A18,203,熊本バス,,千滝
A18,20E,熊本バス,,下辺田見
A18,20F,熊本バス,,下妙見谷
A18,210,熊本バス,,妙見谷
A18,211,熊本バス,,下早川
A18,212,熊本バス,,早川
A18,218,熊本バス,,九品寺交差点
A18,219,熊本バス,,交通局前
A18,21A,熊本バス,,九州学院前
A18,21B,熊本バス,,味噌天神
A18,21C,熊本バス,,水前寺駅通り
A18,21D,熊本バス,,国府
A18,21E,熊本バス,,水前寺公園前(電車通り)
A18,21F,熊本バス,,砂取校前
A18,220,熊本バス,,熊本県庁前
A18,221,熊本バス,,北窪
A18,224,熊本バス,,神水町(国道)
A18,225,熊本バス,,自治会館入口
A18,226,熊本バス,,健軍校前
A18,227,熊本バス,,動植物園入口
A18,228,熊本バス,,健軍交番前
A18,229,熊本バス,,健軍電停前
A18,22A,熊本バス,,秋津入口(県道)
A18,22B,熊本バス,,若葉町
A18,22C,熊本バス,,東野中学校前
A18,22D,熊本バス,,東野三丁目
A18,22E,熊本バス,,中無田
A18,22F,熊本バス,,間島橋
A18,230,熊本バス,,秋津団地入口
A18,231,熊本バス,,秋津団地
A18,232,熊本バス,,秋津市営住宅
A18,233,熊本バス,,下六嘉
A18,234,熊本バス,,井寺入口
A18,235,熊本バス,,足手荒神入口
A18,236,熊本バス,,上六嘉
A18,237,熊本バス,,丸池
A18,348,熊本バス,,甲佐・記念碑前
A18,358,熊本バス,,宮の本
A18,414,熊本バス,,高田
A18,415,熊本バス,,千町
A18,416,熊本バス,,千原入口
A18,417,熊本バス,,火の君マルシェ
A18,418,熊本バス,,杉上今
A18,419,熊本バス,,ひばりヶ丘・熊本光洋台病院前
A18,41A,熊本バス,,宮の下
A18,41B,熊本バス,,城南
A18,41C,熊本バス,,浜戸川橋
A18,41D,熊本バス,,西塚原
A18,41E,熊本バス,,塚原
A18,41F,熊本バス,,上塚原
A18,420,熊本バス,,JA豊田支所前
A18,421,熊本バス,,藤山
A18,422,熊本バス,,鰐瀬
A18,423,熊本バス,,志導寺
A18,424,熊本バス,,宮原
A18,425,熊本バス,,下安見
A18,426,熊本バス,,上安見
A18,427,熊本バス,,豊野芝原
A18,428,熊本バス,,山崎
A18,429,熊本バス,,南山崎
A18,42A,熊本バス,,豊野支所前
A18,42B,熊本バス,,福祉センター前
A18,42C,熊本バス,,暁
A18,42D,熊本バス,,中間
A18,42E,熊本バス,,上郷
A18,42F,熊本バス,,内田入口
A18,430,熊本バス,,段鶴
A18,433,熊本バス,,御領
A18,434,熊本バス,,東阿高団地前
A18,435,熊本バス,,公会堂前
A18,436,熊本バス,,東阿高
A18,437,熊本バス,,海の平
A18,438,熊本バス,,海の平入口
A18,439,熊本バス,,古保山
A18,43A,熊本バス,,南古保山
A18,43B,熊本バス,,中曲野
A18,43C,熊本バス,,曲野
A18,43D,熊本バス,,JA共済連前
A18,43E,熊本バス,,大野橋
A18,43F,熊本バス,,松橋中学校入口
A18,440,熊本バス,,新四つ角
A18,441,熊本バス,,栄町
A18,442,熊本バス,,松橋駅
A18,445,熊本バス,,城南団地前
A18,446,熊本バス,,黒橋
A18,447,熊本バス,,明熊
A18,448,熊本バス,,東木原
A18,449,熊本バス,,木原不動前
A18,44A,熊本バス,,平原
A18,44B,熊本バス,,県立こころの医療センター前
A18,44C,熊本バス,,南田
A18,44D,熊本バス,,南田尻
A18,44E,熊本バス,,宇土駅(東口)
A18,451,熊本バス,,吉野
A18,452,熊本バス,,上出水
A18,453,熊本バス,,北原
A18,454,熊本バス,,府領
A18,455,熊本バス,,田原
A18,456,熊本バス,,和田内入口
A18,457,熊本バス,,田口
A18,458,熊本バス,,中山入口
A18,459,熊本バス,,三箇入口
A18,45A,熊本バス,,乙女小学校前
A18,45B,熊本バス,,世持
A18,45C,熊本バス,,麻生原
A18,45D,熊本バス,,山口
A18,45E,熊本バス,,迫
A18,45F,熊本バス,,船津
A18,507,熊本バス,,湖東一丁目
A18,508,熊本バス,,湖東町
A18,509,熊本バス,,上の門
A18,50A,熊本バス,,動植物園西口
A18,50B,熊本バス,,画図橋
A18,50C,熊本バス,,下江津
A18,50D,熊本バス,,上無田
A18,50E,熊本バス,,烏ヶ江
A18,50F,熊本バス,,烏ヶ江住宅前
A18,510,熊本バス,,大六橋
A18,511,熊本バス,,水神前
A18,512,熊本バス,,下無田
A18,51A,熊本バス,,下上島・バイパス
A18,51B,熊本バス,,鯰・バイパス
A18,51C,熊本バス,,中の瀬車庫入口
A18,51D,熊本バス,,画図パークタウン
A18,51E,熊本バス,,浜線健康パーク入口
A18,51F,熊本バス,,田井島(浜線バイパス)
A18,521,熊本バス,,長溝入口
A18,524,熊本バス,,九品寺六丁目
A18,525,熊本バス,,九品寺五丁目
A18,526,熊本バス,,西原公園前
A18,527,熊本バス,,建設会館前
A18,529,熊本バス,,九品寺一丁目
A18,52B,熊本バス,南14,河原町(電車通り・熊本駅線)
A18,543,熊本バス,,熊本中央病院入口
A18,544,熊本バス,,熊本中央病院
A18,63C,熊本バス,,八王寺
A18,63D,熊本バス,,八王寺団地前
A18,643,熊本バス,,今吉野
A18,644,熊本バス,,舞原入口
A18,654,熊本バス,,御幸病院
A18,657,熊本バス,,友添
A18,701,熊本バス,,熊本駅前
A18,702,熊本バス,,北岡神社前
A18,703,熊本バス,,祇園橋
A18,704,熊本バス,,呉服町
A18,705,熊本バス,,商工会議所前
A18,70E,熊本バス,,嘉島町役場前
A18,70F,熊本バス,,中上島
A18,71C,熊本バス,,東小学校入口
A18,71E,熊本バス,,熊本城前
A18,71F,熊本バス,,下通筋
A18,720,熊本バス,,銀座橋
A18,721,熊本バス,,労働会館入口
A18,722,熊本バス,,大学病院前
A18,723,熊本バス,,春の本
A18,725,熊本バス,,南熊本三丁目
A18,726,熊本バス,,南熊本駅前
A18,727,熊本バス,,県立高等技術専門校前
A18,728,熊本バス,,幸田まちづくりセンター入口
A18,729,熊本バス,御幸木部線 南2,友添
A18,72A,熊本バス,,笛田神社前
A18,72B,熊本バス,,畑ヶ中
A18,72C,熊本バス,,御幸小学校前
A18,72D,熊本バス,,桜十字病院前 (熊本市在宅介護支援センター桜十字)
A18,72E,熊本バス,,御幸木部
A18,730,熊本バス,,南区役所前
A18,734,熊本バス,,画図道
A18,735,熊本バス,,出水三丁目
A18,736,熊本バス,,江津遊園地前(江津団地線)
A18,737,熊本バス,,大曲
A18,738,熊本バス,,上画図橋
A18,739,熊本バス,,江津県営アパート前
A18,73A,熊本バス,,江津郵便局前(江津団地線)
A18,73B,熊本バス,,江津団地
A18,73C,熊本バス,,湖畔団地前
A18,744,熊本バス,,水前寺公園前(ふれあい通り)
A18,745,熊本バス,,火の君文化センター前
A18,746,熊本バス,,グラウンド入口
A18,807,熊本バス,,湧心館高校前
A18,808,熊本バス,,江津県営アパート西
A18,809,熊本バス,,江津三丁目
A18,80A,熊本バス,,セイラタウン北
A18,80B,熊本バス,,セイラタウン南
A18,813,熊本バス,,中の瀬・東
A18,815,熊本バス,,ワンダーシティ前
A18,816,熊本バス,,西原公園・九品寺三丁目
A18,817,熊本バス,,城南まちづくりセンター入口
A18,818,熊本バス,,杉上今・バイパス
A18,819,熊本バス,,城南・記念碑前
A18,81A,熊本バス,,くまもと南部広域病院前
A18,81B,熊本バス,,中辺田見
A18,81C,熊本バス,,秋津入口(県道)
A18,81D,熊本バス,,昭和町
A18,81E,熊本バス,,東本町
A18,81F,熊本バス,,東区役所
A18,820,熊本バス,,自衛隊病院前
A18,823,熊本バス,,南区役所
A18,825,熊本バス,,尚絅校前
A18,82A,熊本バス,,通潤橋前
A18,82B,熊本バス,,通潤山荘
A18,834,熊本バス,,旭町
A18,835,熊本バス,,御船・スポーツセンター入口
A18,836,熊本バス,,御船町恐竜博物館前
A18,837,熊本バス,,城山公園前
A18,838,熊本バス,,御船・銀行前
A18,839,熊本バス,,画図小学校入口
A18,83A,熊本バス,,所島
A18,83B,熊本バス,,重富
A18,83C,熊本バス,,佐俣の湯前
A18,83D,熊本バス,,田迎西
A18,83E,熊本バス,,舞原団地前
A18,A01,熊本バス,,長嶺団地
A18,A02,熊本バス,,福祉センターグラウンド前
A18,A03,熊本バス,,身障者福祉センター前
A18,A04,熊本バス,,日赤病院前
A18,A05,熊本バス,,日赤病院構内
A18,A06,熊本バス,,県立大学前
A18,A07,熊本バス,,県立大通り
A18,A08,熊本バス,,鉄砲塚
A18,A09,熊本バス,,三郎
A18,A0A,熊本バス,,帯山
A18,A0B,熊本バス,,帯山団地前
A18,A0C,熊本バス,,帯山小学校入口
A18,A0D,熊本バス,,東水前寺
A18,A0E,熊本バス,,熊工前
A18,A0F,熊本バス,,県会議事堂前
A18,A12,熊本バス,,湖東町(東バイパス)
A18,A13,熊本バス,,江津一丁目
A18,A14,熊本バス,,画図町
A18,A16,熊本バス,,田井島(東バイパス)
A18,A17,熊本バス,,田迎(東バイパス)
A18,A1A,熊本バス,,田迎一里木(ケヤキ通り)
A18,A1B,熊本バス,,田迎妙見
A18,A1C,熊本バス,,江越橋(ケヤキ通り)
A18,A1D,熊本バス,,大黒橋
A18,A1E,熊本バス,,流通団地
A18,A1F,熊本バス,,済生会病院
A18,A20,熊本バス,,近見町
A18,A21,熊本バス,,下近見(東バイパス)
A18,A22,熊本バス,,下近見(旧道)
A18,A23,熊本バス,,下近見(島団地)
A18,A24,熊本バス,,上ノ郷町
A18,A25,熊本バス,,島団地
A18,A26,熊本バス,,堀の内
A18,A27,熊本バス,,薄場町
A18,A28,熊本バス,,新土河原町
A18,A29,熊本バス,,新土河原町入口
A18,A2A,熊本バス,,西部車庫
A18,A2B,熊本バス,,西熊本駅
A18,1455,熊本バス,,下馬尾(辺場線)
A18,1B39,熊本バス,,江津県営アパート前(公園側)
A18,221D,熊本バス,,出仲間(浜線バイパス)
A18,312B,熊本バス,,河原町(熊本駅線)
A18,8B0B,熊本バス,,画図橋(江津団地線)
A18,A136,熊本バス,,江津遊園地前(セイラタウン線)
A18,A13A,熊本バス,,江津郵便局前(セイラタウン線)
A19,0,熊本電鉄,,共通
A19,47,熊本電鉄バス,,熊本駅前
A19,48,熊本電鉄バス,,北岡神社前
A19,49,熊本電鉄バス,,祇園橋
A19,4A,熊本電鉄バス,,呉服町
A19,4B,熊本電鉄バス,,商工会議所前
A19,4C,熊本電鉄バス,,河原町
A19,4D,熊本電鉄バス,,桜町バスターミナル
A19,4E,熊本電鉄バス,,市役所前
A19,4F,熊本電鉄バス,,通町筋
A19,50,熊本電鉄バス,本線,水道町
A19,51,熊本電鉄バス,,白川公園前
A19,52,熊本電鉄バス,,藤崎宮前
A19,53,熊本電鉄バス,本線,浄行寺
A19,54,熊本電鉄バス,,薬園町
A19,55,熊本電鉄バス,,三軒町・黒髪小学校前
A19,56,熊本電鉄バス,,済々黌前
A19,57,熊本電鉄バス,,ルーテル学院前
A19,58,熊本電鉄バス,,電鉄本社前
A19,59,熊本電鉄バス,,室園町・アイミースクエア前
A19,5A,熊本電鉄バス,,北熊本
A19,5B,熊本電鉄バス,,松崎
A19,5C,熊本電鉄バス,,亀井橋
A19,5D,熊本電鉄バス,,亀井
A19,5E,熊本電鉄バス,,八景水谷
A19,5F,熊本電鉄バス,,堀川
A19,60,熊本電鉄バス,,城北校前
A19,61,熊本電鉄バス,,清水中学校前
A19,62,熊本電鉄バス,新地団地線,新地
A19,63,熊本電鉄バス,,杉下
A19,100,熊本電鉄バス,,鈴ヶ原
A19,101,熊本電鉄バス,,中島
A19,102,熊本電鉄バス,,新地団地
A19,103,熊本電鉄バス,,西花立
A19,104,熊本電鉄バス,,花立
A19,105,熊本電鉄バス,,平和会館前
A19,106,熊本電鉄バス,,尚絅大学前
A19,107,熊本電鉄バス,,八久保
A19,108,熊本電鉄バス,新地団地線,武蔵ヶ丘北口
A19,109,熊本電鉄バス,,武蔵野台
A19,10A,熊本電鉄バス,,団地入口
A19,10B,熊本電鉄バス,団地入口経由,永江団地
A19,10C,熊本電鉄バス,,沖野
A19,10D,熊本電鉄バス,,杉並一丁目
A19,10E,熊本電鉄バス,,杉並台団地
A19,10F,熊本電鉄バス,,立田山・朝日野総合病院前
A19,110,熊本電鉄バス,,篠原
A19,111,熊本電鉄バス,,茶屋原
A19,112,熊本電鉄バス,,万石
A19,113,熊本電鉄バス,,北津留
A19,114,熊本電鉄バス,,兎谷
A19,115,熊本電鉄バス,,清水ヶ丘
A19,116,熊本電鉄バス,,北清水ヶ丘
A19,117,熊本電鉄バス,,岩倉台入口
A19,118,熊本電鉄バス,,岩倉台南
A19,119,熊本電鉄バス,,岩倉台北
A19,11A,熊本電鉄バス,,岩倉台公民館前
A19,11B,熊本電鉄バス,,北門
A19,11C,熊本電鉄バス,,山の下
A19,11D,熊本電鉄バス,,麻生田
A19,11E,熊本電鉄バス,,北高入口
A19,11F,熊本電鉄バス,,楡木
A19,120,熊本電鉄バス,,団地中央口
A19,121,熊本電鉄バス,本線,楠団地入口
A19,122,熊本電鉄バス,楡木経由,楠団地
A19,123,熊本電鉄バス,,楠五丁目
A19,124,熊本電鉄バス,,希望ヶ丘
A19,125,熊本電鉄バス,,沖畑団地
A19,126,熊本電鉄バス,,武蔵小学校前
A19,127,熊本電鉄バス,,武蔵ヶ丘中央
A19,128,熊本電鉄バス,,武蔵ヶ丘四丁目
A19,129,熊本電鉄バス,,武蔵ヶ丘
A19,12A,熊本電鉄バス,,武蔵ヶ丘車庫前
A19,12B,熊本電鉄バス,,武蔵野台入口
A19,12C,熊本電鉄バス,,すずかけ台入口
A19,12D,熊本電鉄バス,,すずかけ台中央通り
A19,12E,熊本電鉄バス,,すずかけ台
A19,12F,熊本電鉄バス,,泉ヶ丘中央
A19,130,熊本電鉄バス,,泉ヶ丘団地
A19,131,熊本電鉄バス,,合志南小前
A19,132,熊本電鉄バス,,下群
A19,133,熊本電鉄バス,,群
A19,134,熊本電鉄バス,,JT前
A19,135,熊本電鉄バス,,合志市役所前
A19,136,熊本電鉄バス,,麻生田本村
A19,137,熊本電鉄バス,,麻生田小前
A19,138,熊本電鉄バス,,石倉
A19,139,熊本電鉄バス,,楡木小入口
A19,13A,熊本電鉄バス,,武蔵中学校前
A19,13B,熊本電鉄バス,,上の窪団地入口
A19,13C,熊本電鉄バス,,中迎原
A19,13D,熊本電鉄バス,,新山
A19,13E,熊本電鉄バス,,ゆめタウン光の森
A19,13F,熊本電鉄バス,,光の森駅
A19,140,熊本電鉄バス,,楠七丁目
A19,141,熊本電鉄バス,,楠立道
A19,142,熊本電鉄バス,,武蔵陸橋
A19,143,熊本電鉄バス,,武蔵塚駅前
A19,144,熊本電鉄バス,,武蔵ヶ丘一丁目
A19,145,熊本電鉄バス,,九品寺交差点
A19,146,熊本電鉄バス,,交通局前
A19,147,熊本電鉄バス,,九州学院前
A19,148,熊本電鉄バス,,味噌天神前
A19,149,熊本電鉄バス,,水前寺駅通り
A19,14A,熊本電鉄バス,,国府
A19,14B,熊本電鉄バス,,水前寺公園前
A19,14C,熊本電鉄バス,,砂取校前
A19,14D,熊本電鉄バス,,県庁前
A19,14E,熊本電鉄バス,,北窪
A19,14F,熊本電鉄バス,県庁線,県会議事堂前
A19,151,熊本電鉄バス,,子飼橋
A19,152,熊本電鉄バス,,子飼本町
A19,153,熊本電鉄バス,,一夜塘
A19,154,熊本電鉄バス,,熊本大学前
A19,155,熊本電鉄バス,,立田自然公園入口
A19,156,熊本電鉄バス,,黒髪五丁目
A19,157,熊本電鉄バス,,一里木
A19,158,熊本電鉄バス,,黒髪六丁目
A19,159,熊本電鉄バス,,上宇留毛
A19,15A,熊本電鉄バス,,小磧橋
A19,15B,熊本電鉄バス,,つつじヶ丘
A19,15C,熊本電鉄バス,,竜田口駅前
A19,15D,熊本電鉄バス,,緑ヶ丘入口
A19,15E,熊本電鉄バス,,龍田陳内三丁目
A19,15F,熊本電鉄バス,,建山入口
A19,160,熊本電鉄バス,,迫屋敷
A19,161,熊本電鉄バス,,龍田迫の上
A19,162,熊本電鉄バス,,たつだニュータウン前
A19,163,熊本電鉄バス,,北高校前
A19,200,熊本電鉄バス,,竜田陳内
A19,201,熊本電鉄バス,,三の宮
A19,202,熊本電鉄バス,,上立田
A19,203,熊本電鉄バス,,立田幼稚園前
A19,204,熊本電鉄バス,,龍田小学校前
A19,205,熊本電鉄バス,,二里木
A19,206,熊本電鉄バス,,高杉
A19,207,熊本電鉄バス,,楠一丁目
A19,208,熊本電鉄バス,,新須屋駅
A19,209,熊本電鉄バス,,北バイパス新地
A19,20A,熊本電鉄バス,,合志中学校前
A19,20B,熊本電鉄バス,,竹迫下町
A19,20C,熊本電鉄バス,,竹迫中町
A19,20D,熊本電鉄バス,,竹迫横町
A19,20F,熊本電鉄バス,,福原
A19,210,熊本電鉄バス,翔陽高校線,翔陽高校前
A19,211,熊本電鉄バス,,蓮台寺入口
A19,212,熊本電鉄バス,,熊本操車場前
A19,213,熊本電鉄バス,,古町
A19,214,熊本電鉄バス,,田崎橋
A19,215,熊本電鉄バス,,二本木口
A19,216,熊本電鉄バス,,原水駅北口
A19,217,熊本電鉄バス,,県立技術短期大学前
A19,218,熊本電鉄バス,,ソニーセミコンダクタ前
A19,219,熊本電鉄バス,,日本ピラー前
A19,21A,熊本電鉄バス,,東京エレクトロン九州前
A19,21B,熊本電鉄バス,,葉山団地北
A19,21C,熊本電鉄バス,,東葉山
A19,21D,熊本電鉄バス,まちなかループバス,下通筋
A19,21F,熊本電鉄バス,,北浄行寺
A19,220,熊本電鉄バス,,坪井
A19,221,熊本電鉄バス,,市立必由館高校前
A19,222,熊本電鉄バス,,男女共同参画センターはあもにい前
A19,223,熊本電鉄バス,,西室園
A19,224,熊本電鉄バス,本線,須屋小屋
A19,225,熊本電鉄バス,,須屋西
A19,226,熊本電鉄バス,,菊南温泉前
A19,227,熊本電鉄バス,,上須屋
A19,228,熊本電鉄バス,,南小学校前
A19,229,熊本電鉄バス,,黒石下
A19,22A,熊本電鉄バス,,黒石・ポリテクセンター熊本前
A19,22B,熊本電鉄バス,,熊本高専前
A19,22C,熊本電鉄バス,,再春医療センター前
A19,22D,熊本電鉄バス,,御代志
A19,22E,熊本電鉄バス,,大池・農業公園入口
A19,22F,熊本電鉄バス,,菊池支援学校前
A19,230,熊本電鉄バス,,百花園ゴルフ場前
A19,231,熊本電鉄バス,,辻久保
A19,232,熊本電鉄バス,,江良
A19,233,熊本電鉄バス,,高江
A19,234,熊本電鉄バス,,泗水・孔子公園前
A19,235,熊本電鉄バス,本線,富
A19,236,熊本電鉄バス,,老人ホーム前
A19,237,熊本電鉄バス,,菊池養生園前
A19,238,熊本電鉄バス,,伝承館前
A19,239,熊本電鉄バス,,富の原
A19,23A,熊本電鉄バス,,花房
A19,23B,熊本電鉄バス,,広瀬
A19,23C,熊本電鉄バス,,村田
A19,23D,熊本電鉄バス,,深川
A19,23E,熊本電鉄バス,本線,大琳寺
A19,23F,熊本電鉄バス,本線,菊池プラザ
A19,240,熊本電鉄バス,本線,中央通り
A19,241,熊本電鉄バス,本線,寺前
A19,242,熊本電鉄バス,本線,立町
A19,243,熊本電鉄バス,,菊池温泉・市民広場前
A19,244,熊本電鉄バス,,温泉前
A19,245,熊本電鉄バス,本線,栄町
A19,246,熊本電鉄バス,,高平橋
A19,247,熊本電鉄バス,,高平
A19,248,熊本電鉄バス,,山室
A19,249,熊本電鉄バス,飛田バイパス,KMバイオ前
A19,24A,熊本電鉄バス,,熊本機能病院前
A19,24B,熊本電鉄バス,,四王子橋
A19,24C,熊本電鉄バス,,羽田
A19,24D,熊本電鉄バス,,松の本
A19,24E,熊本電鉄バス,,老人憩の家
A19,24F,熊本電鉄バス,,ユトリック団地入口
A19,250,熊本電鉄バス,,木原野
A19,251,熊本電鉄バス,,スポーツ公園前
A19,252,熊本電鉄バス,,南野々島
A19,253,熊本電鉄バス,,野々島
A19,254,熊本電鉄バス,,塩浸
A19,255,熊本電鉄バス,,黒松
A19,256,熊本電鉄バス,,平野
A19,257,熊本電鉄バス,,辰頭温泉
A19,258,熊本電鉄バス,,田島
A19,259,熊本電鉄バス,,宮前
A19,25A,熊本電鉄バス,,岡
A19,25B,熊本電鉄バス,,畜産センター前
A19,25C,熊本電鉄バス,,久米
A19,25D,熊本電鉄バス,,新村
A19,25E,熊本電鉄バス,,三万田
A19,25F,熊本電鉄バス,,本村
A19,260,熊本電鉄バス,,板井
A19,261,熊本電鉄バス,,梶迫
A19,262,熊本電鉄バス,七城線,林原
A19,263,熊本電鉄バス,,七城温泉前
A19,300,熊本電鉄バス,,高島
A19,301,熊本電鉄バス,,七城農協前
A19,302,熊本電鉄バス,,七城総合支所前
A19,303,熊本電鉄バス,,間所
A19,304,熊本電鉄バス,,出水
A19,305,熊本電鉄バス,,北古閑
A19,306,熊本電鉄バス,,西野間口
A19,307,熊本電鉄バス,七城線,野間口
A19,308,熊本電鉄バス,七城線,羽手の木
A19,309,熊本電鉄バス,西寺バイパス経由,保育園前
A19,30A,熊本電鉄バス,,菊之池小学校前
A19,30B,熊本電鉄バス,,一町畑
A19,30C,熊本電鉄バス,菊池市役所経由,北宮
A19,30D,熊本電鉄バス,,南中入口
A19,30E,熊本電鉄バス,,菊池市役所前
A19,30F,熊本電鉄バス,,川添
A19,310,熊本電鉄バス,,的場
A19,311,熊本電鉄バス,,須屋駅前
A19,312,熊本電鉄バス,,三ツ石
A19,313,熊本電鉄バス,,ルーロ合志前
A19,314,熊本電鉄バス,,救世教前
A19,315,熊本電鉄バス,,市営住宅前
A19,316,熊本電鉄バス,,野々島公民館前
A19,317,熊本電鉄バス,,中央小学校前
A19,318,熊本電鉄バス,,灰塚
A19,319,熊本電鉄バス,,九州ニット前
A19,31A,熊本電鉄バス,,一本木入口
A19,31B,熊本電鉄バス,,上の原
A19,31C,熊本電鉄バス,,菊南温泉ユウベルホテル
A19,31D,熊本電鉄バス,,鶴
A19,31E,熊本電鉄バス,,鶴の原南口
A19,31F,熊本電鉄バス,,鶴の原温泉
A19,320,熊本電鉄バス,,鶴の原北口
A19,321,熊本電鉄バス,,寺の下
A19,322,熊本電鉄バス,,南陽台入口
A19,323,熊本電鉄バス,,南陽台
A19,324,熊本電鉄バス,,梶尾温泉
A19,325,熊本電鉄バス,立石線,梶尾
A19,326,熊本電鉄バス,,堂の前
A19,327,熊本電鉄バス,,大鳥居
A19,328,熊本電鉄バス,,水口
A19,329,熊本電鉄バス,,立石
A19,32A,熊本電鉄バス,,立石公民館前
A19,32B,熊本電鉄バス,,小道
A19,32C,熊本電鉄バス,,前原
A19,32D,熊本電鉄バス,,植木小学校前
A19,32E,熊本電鉄バス,,植木三丁目
A19,32F,熊本電鉄バス,,植木五丁目
A19,330,熊本電鉄バス,,北区役所前
A19,331,熊本電鉄バス,,植木病院かがやき館前
A19,332,熊本電鉄バス,,植木駐車場
A19,333,熊本電鉄バス,,飛田一丁目
A19,334,熊本電鉄バス,,外沖
A19,335,熊本電鉄バス,,南原
A19,336,熊本電鉄バス,,再春医療センター
A19,337,熊本電鉄バス,,藤崎宮前駅
A19,338,熊本電鉄バス,,孔子公園
A19,339,熊本電鉄バス,,葉山団地南
A19,347,熊本電鉄バス,,内島
A19,348,熊本電鉄バス,,小野崎
A19,349,熊本電鉄バス,,橋田
A19,34A,熊本電鉄バス,,下橋田
A19,34B,熊本電鉄バス,,川崎
A19,34C,熊本電鉄バス,,庄島
A19,34D,熊本電鉄バス,,川北
A19,34E,熊本電鉄バス,,土用月
A19,34F,熊本電鉄バス,,出村
A19,350,熊本電鉄バス,,小島
A19,351,熊本電鉄バス,山鹿高江線,原部
A19,352,熊本電鉄バス,山鹿高江線,鹿本総合支所裏
A19,353,熊本電鉄バス,山鹿高江線,鹿本商工裏
A19,354,熊本電鉄バス,山鹿高江線,録田住宅前
A19,355,熊本電鉄バス,山鹿高江線,馬見塚
A19,356,熊本電鉄バス,山鹿高江線,上十三部
A19,357,熊本電鉄バス,山鹿高江線,十三部
A19,358,熊本電鉄バス,山鹿高江線,鹿本高校入口
A19,359,熊本電鉄バス,,山鹿健康福祉センター前
A19,35A,熊本電鉄バス,,裁判所前
A19,35B,熊本電鉄バス,,山鹿郵便局前
A19,35C,熊本電鉄バス,山鹿高江線,温泉プラザ前
A19,35D,熊本電鉄バス,山鹿高江線,山鹿警察署入口
A19,35E,熊本電鉄バス,山鹿高江線,山鹿バスセンター
A19,35F,熊本電鉄バス,,市役所前・日本郵政横
A19,360,熊本電鉄バス,,城東町
A19,361,熊本電鉄バス,,壺井橋
A19,362,熊本電鉄バス,,信愛女学院前
A19,363,熊本電鉄バス,,坪井横町
A19,400,熊本電鉄バス,,内坪井
A19,401,熊本電鉄バス,,寺原町
A19,402,熊本電鉄バス,,寺原新道
A19,403,熊本電鉄バス,,舟場
A19,404,熊本電鉄バス,,津の浦
A19,405,熊本電鉄バス,,津の浦公民館前
A19,406,熊本電鉄バス,,打越橋
A19,407,熊本電鉄バス,,打越
A19,408,熊本電鉄バス,,永浦橋
A19,409,熊本電鉄バス,,稲荷山
A19,40A,熊本電鉄バス,,高平団地
A19,40B,熊本電鉄バス,,高平三丁目
A19,40C,熊本電鉄バス,,高平南公園
A19,40D,熊本電鉄バス,,西部車庫
A19,40E,熊本電鉄バス,,新土河原町入口
A19,40F,熊本電鉄バス,,新土河原町
A19,410,熊本電鉄バス,,薄場町
A19,411,熊本電鉄バス,,堀の内
A19,412,熊本電鉄バス,,島団地
A19,413,熊本電鉄バス,,上ノ郷町
A19,414,熊本電鉄バス,,下近見(肥銀横)
A19,415,熊本電鉄バス,,下近見(旧3号)
A19,416,熊本電鉄バス,,下近見(東バイパス)
A19,417,熊本電鉄バス,,近見町
A19,418,熊本電鉄バス,,済生会病院
A19,419,熊本電鉄バス,,流通団地
A19,41A,熊本電鉄バス,,大黒橋
A19,41B,熊本電鉄バス,,江越橋
A19,41C,熊本電鉄バス,,田迎妙見
A19,41D,熊本電鉄バス,,出仲間
A19,41E,熊本電鉄バス,,田迎一里木
A19,41F,熊本電鉄バス,,田迎小学校前
A19,420,熊本電鉄バス,,田迎
A19,421,熊本電鉄バス,,田井島
A19,422,熊本電鉄バス,,熊本中央病院
A19,423,熊本電鉄バス,,画図町
A19,424,熊本電鉄バス,,江津1丁目
A19,425,熊本電鉄バス,,湖東町
A19,426,熊本電鉄バス,,市民病院前
A19,427,熊本電鉄バス,,神水町
A19,428,熊本電鉄バス,,熊工前
A19,429,熊本電鉄バス,,東水前寺
A19,42A,熊本電鉄バス,,帯山小学校入口
A19,42B,熊本電鉄バス,,帯山団地前
A19,42C,熊本電鉄バス,,帯山
A19,42D,熊本電鉄バス,,三郎
A19,42E,熊本電鉄バス,,鉄砲塚
A19,42F,熊本電鉄バス,,県立大通り
A19,430,熊本電鉄バス,,県立大学前
A19,431,熊本電鉄バス,,日赤病院構内
A19,432,熊本電鉄バス,,日赤病院前
A19,433,熊本電鉄バス,,身障者福祉センター前
A19,434,熊本電鉄バス,,福祉センターグラウンド前
A19,435,熊本電鉄バス,,長嶺団地
A19,436,熊本電鉄バス,まちなかループバス,下通筋
A19,501,熊本電鉄バス,,葉山団地南
A19,502,熊本電鉄バス,,葉山団地北
A19,503,熊本電鉄バス,,合志市役所
A19,50B,熊本電鉄バス,,辻久保
A19,517,熊本電鉄バス,,ユーパレス弁天
A19,518,熊本電鉄バス,,救世教前
A19,519,熊本電鉄バス,合志市レターバス 右回り,西合志庁舎前
A19,51A,熊本電鉄バス,,御代志水源池
A19,51B,熊本電鉄バス,,御代志
A19,51C,熊本電鉄バス,,再春医療センター
A19,523,熊本電鉄バス,合志市レターバス 右回り,黒石市民センター入口
A19,524,熊本電鉄バス,,黒石団地東
A19,525,熊本電鉄バス,,みずき台
A19,526,熊本電鉄バス,,黒石原
A19,527,熊本電鉄バス,,笹原入口
A19,528,熊本電鉄バス,,すずかけ台北
A19,52A,熊本電鉄バス,,すずかけ台
A19,52D,熊本電鉄バス,,泉ヶ丘市民センター前
A19,52E,熊本電鉄バス,,元気の森公園入口
A19,52F,熊本電鉄バス,,武蔵野台中央
A19,530,熊本電鉄バス,,南ヶ丘小前
A19,531,熊本電鉄バス,,永江団地入口
A19,532,熊本電鉄バス,,永江団地
A19,533,熊本電鉄バス,,新山
A19,534,熊本電鉄バス,,ゆめタウン光の森
A19,535,熊本電鉄バス,,光の森駅
A19,536,熊本電鉄バス,,沖野
A19,537,熊本電鉄バス,,杉並1丁目
A19,538,熊本電鉄バス,,杉並台団地
A19,539,熊本電鉄バス,,杉並台西
A19,53A,熊本電鉄バス,合志市レターバス 右回り,飯高山公園前
A19,53B,熊本電鉄バス,,JT前
A19,53C,熊本電鉄バス,,合志市役所 (ヴィーブル)
A19,53D,熊本電鉄バス,,合志中前
A19,53E,熊本電鉄バス,,竹迫下町
A19,53F,熊本電鉄バス,,合志小前
A19,547,熊本電鉄バス,楠方面のみ,新地
A19,548,熊本電鉄バス,須屋駅経由,須屋小屋
A19,549,熊本電鉄バス,県庁方面,水道町
A19,54B,熊本電鉄バス,菊池市役所経由,大琳寺
A19,54D,熊本電鉄バス,回転場,楠団地
A19,54E,熊本電鉄バス,麻生田小経由,楠団地
A19,551,熊本電鉄バス,泗水バイパス,富
A19,552,熊本電鉄バス,楠団地経由,武蔵ヶ丘北口
A19,557,熊本電鉄バス,山鹿高江線,林原
A19,55A,熊本電鉄バス,東バイパスライナー,県会議事堂前
A19,61B,熊本電鉄バス,,アンビー熊本
A19,701,熊本電鉄バス,,ユーパレス弁天
A19,709,熊本電鉄バス,,合志庁舎 (ヴィーブル)
A19,962,熊本電鉄バス,,熊本駅前(ループバス終点)
A19,963,熊本電鉄バス,,原水駅北口(終点)
A1A,0,熊本電気鉄道,,共通
A1A,A,熊本電気鉄道,菊池線,上熊本
A1A,14,熊本電気鉄道,菊池線,韓々坂
A1A,1E,熊本電気鉄道,菊池線,池田
A1A,28,熊本電気鉄道,菊池線,打越
A1A,32,熊本電気鉄道,菊池線,坪井川公園
A1A,3C,熊本電気鉄道,藤崎線,藤崎宮前
A1A,46,熊本電気鉄道,藤崎線,黒髪町
A1A,50,熊本電気鉄道,菊池線,北熊本
A1A,100,熊本電気鉄道,菊池線,亀井
A1A,10A,熊本電気鉄道,菊池線,八景水谷
A1A,114,熊本電気鉄道,菊池線,堀川
A1A,11E,熊本電気鉄道,菊池線,新須屋
A1A,128,熊本電気鉄道,菊池線,須屋
A1A,132,熊本電気鉄道,菊池線,三ツ石
A1A,13C,熊本電気鉄道,菊池線,黒石
A1A,146,熊本電気鉄道,菊池線,熊本高専前
A1A,150,熊本電気鉄道,菊池線,再春医療センター前
A1A,15A,熊本電気鉄道,菊池線,御代志
A1B,0,佐賀市交通局,,共通
A1C,0,祐徳自動車(祐徳バス),,共通
A1D,0,長崎県営バス,,共通
A1E,0,長崎電気軌道,,共通
A1F,0,松浦鉄道,,共通
A20,0,西肥自動車・させぼバス,,共通
A23,0,長崎バス,,共通
A23,A121,長崎バス,,中央橋
A23,A122,長崎バス,,浜の町
A23,A125,長崎バス,,めがね橋
A23,A126,長崎バス,,出島
A23,A127,長崎バス,,新地中華街
A23,A128,長崎バス,,大波止
A23,A129,長崎バス,,夢彩都
A23,A12A,長崎バス,,思案橋
A23,A12B,長崎バス,,興善町
A23,A12C,長崎バス,,江戸町
A23,A12D,長崎バス,,メディカルセンター
A23,A12E,長崎バス,,崇福寺入口
A23,A131,長崎バス,,五島町
A23,A133,長崎バス,,市役所前
A23,A134,長崎バス,,桜町公園前
A23,A135,長崎バス,,桜町
A23,A136,長崎バス,,松ヶ枝国際ターミナル
A23,A138,長崎バス,,大浦天主堂下
A23,A139,長崎バス,,東小島
A23,A13A,長崎バス,,長崎駅前
A23,A13B,長崎バス,,長崎駅前南口
A23,A13C,長崎バス,,市民会館
A23,A13D,長崎バス,,長崎駅前東口
A23,A13E,長崎バス,,石橋
A23,A13F,長崎バス,,小島
A23,A140,長崎バス,,小曽根
A23,A141,長崎バス,,上田町
A23,A142,長崎バス,,諏訪神社前
A23,A143,長崎バス,,八千代町
A23,A144,長崎バス,,上小島
A23,A145,長崎バス,,川上町
A23,A146,長崎バス,,浪の平
A23,A147,長崎バス,,白糸
A23,A148,長崎バス,,宝町
A23,A149,長崎バス,,松ヶ枝営業所前
A23,A14A,長崎バス,,日の出町
A23,A14B,長崎バス,,古河町
A23,A14C,長崎バス,,椎の木川
A23,A14D,長崎バス,,愛宕町
A23,A14E,長崎バス,,銭座市場入口
A23,A14F,長崎バス,,緑町
A23,A150,長崎バス,,銭座町
A23,A151,長崎バス,,稲佐橋
A23,A152,長崎バス,,大平橋
A23,A154,長崎バス,,光町
A23,A155,長崎バス,,ココウォーク茂里町
A23,A156,長崎バス,,小菅町
A23,A157,長崎バス,,上愛宕
A23,A158,長崎バス,,稗田橋
A23,A159,長崎バス,,曙町
A23,A15A,長崎バス,,ロープウェイ前
A23,A15B,長崎バス,,浦上駅前
A23,A15C,長崎バス,,愛宕3丁目
A23,A15D,長崎バス,,白木
A23,A15E,長崎バス,,桜の里ターミナル
A23,A15F,長崎バス,,悟真寺前
A23,A160,長崎バス,,あじさい荘
A23,A161,長崎バス,,緑町中部
A23,A162,長崎バス,,旭町
A23,A163,長崎バス,,銭座町高部
A23,A164,長崎バス,,浜平北
A23,A165,長崎バス,,淵町
A23,A166,長崎バス,,目覚町
A23,A167,長崎バス,,弥生ヶ丘
A23,A168,長崎バス,,浜平
A23,A169,長崎バス,,岩川町
A23,A16A,長崎バス,,二本松口
A23,A16B,長崎バス,,浜平南
A23,A16C,長崎バス,,戸町
A23,A16D,長崎バス,,新大工町
A23,A16E,長崎バス,,五社神社下
A23,A16F,長崎バス,,中川町
A23,A171,長崎バス,,立山
A23,A172,長崎バス,,旭町桟橋前
A23,A173,長崎バス,,浜口町
A23,A174,長崎バス,,合同庁舎前
A23,A175,長崎バス,,蛍茶屋
A23,A176,長崎バス,,西崎団地中央
A23,A177,長崎バス,,八景町
A23,A178,長崎バス,,電機前
A23,A179,長崎バス,,梁川公園前
A23,A17A,長崎バス,,西高前
A23,A17B,長崎バス,,坂本町
A23,A17C,長崎バス,,平和公園
A23,A17E,長崎バス,,西崎団地
A23,A17F,長崎バス,,三菱研究所前
A23,A180,長崎バス,,竹岩橋
A23,A181,長崎バス,,大学病院前
A23,A182,長崎バス,,水の浦
A23,A183,長崎バス,,活水下
A23,A184,長崎バス,,医学部前
A23,A185,長崎バス,,飽の浦神社前
A23,A186,長崎バス,,淵中学校前
A23,A187,長崎バス,,浦上天主堂前
A23,A188,長崎バス,,平和通り
A23,A189,長崎バス,,市民プール前
A23,A18A,長崎バス,,西高裏
A23,A18B,長崎バス,,本尾町
A23,A18C,長崎バス,,飽の浦
A23,A18D,長崎バス,,城栄町
A23,A18E,長崎バス,,岩見町
A23,A18F,長崎バス,,江平町
A23,A190,長崎バス,,さくらの里団地口
A23,A191,長崎バス,,富士見町
A23,A192,長崎バス,,さくらの里運動公園口
A23,A193,長崎バス,,立岩通り
A23,A194,長崎バス,,江平高部
A23,A198,長崎バス,,立岩神社前
A23,A199,長崎バス,,花園町
A23,A19A,長崎バス,,西城山小学校前
A23,A19B,長崎バス,,若草町
A23,A19C,長崎バス,,八幡神社前
A23,A19D,長崎バス,,城山住宅前
A23,A19E,長崎バス,,神学校前
A23,A19F,長崎バス,,如己堂下
A23,A1A0,長崎バス,,山里小学校前
A23,A1A1,長崎バス,,マリア学院前
A23,A1A2,長崎バス,,護国神社裏
A23,A1A3,長崎バス,,油木町
A23,A1A4,長崎バス,,交通公園前
A23,A1A5,長崎バス,,下大橋
A23,A1A6,長崎バス,,大橋
A23,A1A7,長崎バス,,飽の浦公園前
A23,A1A8,長崎バス,,稲佐山公園
A23,A1A9,長崎バス,,上大橋
A23,A1AA,長崎バス,,青山町
A23,A1AB,長崎バス,,岩屋橋
A23,A1AC,長崎バス,,油木西
A23,A1AD,長崎バス,,三芳町
A23,A1AF,長崎バス,,長大東門前
A23,A1B0,長崎バス,,白木団地前
A23,A1B1,長崎バス,,上曙
A23,A1B2,長崎バス,,大波止ターミナル
A23,A1B3,長崎バス,,愛宕団地前
A23,A1B4,長崎バス,,戸町二丁目
A23,A1B5,長崎バス,,上弥生町
A23,A1B6,長崎バス,,弁慶岩
A23,A1B7,長崎バス,,白木車庫前
A23,A1B8,長崎バス,,金鍔
A23,A1B9,長崎バス,,戸町切通
A23,A1BA,長崎バス,,丸尾神社下
A23,A1BB,長崎バス,,油木ヶ丘
A23,A1BC,長崎バス,,朝日小学校入口
A23,A1BD,長崎バス,,鏡ヶ丘
A23,A1BE,長崎バス,,戸町三丁目
A23,A1C0,長崎バス,,大浦中学校前
A23,A1C2,長崎バス,,観光ホテル前
A23,A1C3,長崎バス,,女神
A23,A1C4,長崎バス,,新戸町
A23,A1C5,長崎バス,,稲佐高部
A23,A1C6,長崎バス,,荒毛公園前
A23,A1C7,長崎バス,,向ヶ丘
A23,A1C8,長崎バス,,花丘町
A23,A1C9,長崎バス,,上戸町住宅前
A23,A1CA,長崎バス,,南町
A23,A1CB,長崎バス,,長崎振興局前
A23,A1CC,長崎バス,,魚見山
A23,A1CD,長崎バス,,上戸町
A23,A1CE,長崎バス,,水源地下
A23,A1CF,長崎バス,,南高裏門前
A23,A1D0,長崎バス,,泉町公園前
A23,A1D1,長崎バス,,長崎大学前
A23,A1D2,長崎バス,,白崎
A23,A1D3,長崎バス,,戸町中学校裏
A23,A1D4,長崎バス,,泉町西
A23,A1D5,長崎バス,,若葉町
A23,A1D6,長崎バス,,泉町
A23,A1D7,長崎バス,,塩浜町
A23,A1D8,長崎バス,,大曲
A23,A1D9,長崎バス,,純心校前
A23,A1DA,長崎バス,,上小島5丁目
A23,A1DB,長崎バス,,蓬来
A23,A1DC,長崎バス,,秋月町入口
A23,A1DD,長崎バス,,文教町
A23,A1DF,長崎バス,,西町市場前
A23,A1E0,長崎バス,,上揚
A23,A1E1,長崎バス,,住吉
A23,A1E2,長崎バス,,国立長崎病院
A23,A1E3,長崎バス,,田上
A23,A1E4,長崎バス,,田上病院前
A23,A1E5,長崎バス,,元宮公園
A23,A1E6,長崎バス,,六本松
A23,A1E7,長崎バス,,風頭山
A23,A1E8,長崎バス,,転石
A23,A1EA,長崎バス,,三景台入口
A23,A1EB,長崎バス,,三景台公園
A23,A1EC,長崎バス,,三景台団地
A23,A1ED,長崎バス,,白木団地裏
A23,A1EE,長崎バス,,三景台中央
A23,A1EF,長崎バス,,滑川
A23,A1F0,長崎バス,,南高前
A23,A1F1,長崎バス,,早坂
A23,A1F2,長崎バス,,開
A23,A1F3,長崎バス,,準堤観音下
A23,A1F4,長崎バス,,出雲3丁目
A23,A1F5,長崎バス,,田手原
A23,A1F6,長崎バス,,唐八景
A23,A1F7,長崎バス,,星取
A23,A1F8,長崎バス,,福田車庫前
A23,A1F9,長崎バス,,河平
A23,A1FA,長崎バス,,無線中継所前
A23,A1FB,長崎バス,,彦山の森
A23,A1FC,長崎バス,,重篭
A23,A1FD,長崎バス,,岩瀬道町
A23,A1FE,長崎バス,,上の坂
A23,A1FF,長崎バス,,西町
A23,A200,長崎バス,,大山入口
A23,A201,長崎バス,,琴海タウン口
A23,A202,長崎バス,,八軒家
A23,A203,長崎バス,,新戸町団地
A23,A204,長崎バス,,新開北
A23,A205,長崎バス,,切通し
A23,A206,長崎バス,,ダイヤランド入口
A23,A207,長崎バス,,ダイヤランドセンター
A23,A208,長崎バス,,ドック上
A23,A209,長崎バス,,小ヶ倉
A23,A20A,長崎バス,,黒橋
A23,A20B,長崎バス,,南柳谷
A23,A20C,長崎バス,,柳
A23,A20D,長崎バス,,くすの木通り
A23,A20E,長崎バス,,ダイヤランド
A23,A20F,長崎バス,,立神
A23,A210,長崎バス,,ダイヤランド西口
A23,A211,長崎バス,,木鉢入口
A23,A212,長崎バス,,小ヶ倉団地前
A23,A214,長崎バス,,柳谷
A23,A215,長崎バス,,住吉アパート前
A23,A216,長崎バス,,西浦上中学校前
A23,A217,長崎バス,,附属小学校前
A23,A218,長崎バス,,昭和町
A23,A219,長崎バス,,赤迫
A23,A21A,長崎バス,,畝刈県住
A23,A21B,長崎バス,,大井手
A23,A21C,長崎バス,,京泊市住
A23,A21D,長崎バス,,六地蔵前
A23,A21E,長崎バス,,あじろ橋
A23,A21F,長崎バス,,こしき岩
A23,A220,長崎バス,,磯道町
A23,A221,長崎バス,,浦上水源池
A23,A222,長崎バス,,川平入口
A23,A223,長崎バス,,若竹橋
A23,A224,長崎バス,,茂木小学校前
A23,A225,長崎バス,,下川平
A23,A226,長崎バス,,西北小学校前
A23,A227,長崎バス,,西泊
A23,A228,長崎バス,,長崎魚市場
A23,A22B,長崎バス,,鹿尾橋
A23,A22C,長崎バス,,加工団地
A23,A22D,長崎バス,,長崎漁港
A23,A22E,長崎バス,,園折
A23,A22F,長崎バス,,ダイヤランド車庫
A23,A230,長崎バス,,下新成橋
A23,A231,長崎バス,,大浜団地前
A23,A232,長崎バス,,二本松団地
A23,A234,長崎バス,,三川橋
A23,A235,長崎バス,,まなび野団地
A23,A236,長崎バス,,茂木
A23,A238,長崎バス,,日吉自然の家入口
A23,A239,長崎バス,,大迫
A23,A23A,長崎バス,,商業入口
A23,A23B,長崎バス,,岩屋口
A23,A23C,長崎バス,,土井の首
A23,A23D,長崎バス,,川平住宅前
A23,A23E,長崎バス,,岩屋通り
A23,A23F,長崎バス,,片町
A23,A240,長崎バス,,第二団地入口
A23,A241,長崎バス,,女の都入口
A23,A242,長崎バス,,大浜町
A23,A243,長崎バス,,観音下
A23,A246,長崎バス,,城山台中央
A23,A247,長崎バス,,城山台北口
A23,A248,長崎バス,,第二団地東口
A23,A249,長崎バス,,葉山
A23,A24A,長崎バス,,工業高校前
A23,A24B,長崎バス,,道の尾
A23,A24C,長崎バス,,虹が丘中央
A23,A24D,長崎バス,,虹が丘
A23,A24E,長崎バス,,高田越
A23,A250,長崎バス,,道の尾温泉
A23,A251,長崎バス,,四斗切
A23,A252,長崎バス,,長崎商業
A23,A253,長崎バス,,百合野
A23,A254,長崎バス,,横道
A23,A255,長崎バス,,マリナシティ長崎前
A23,A256,長崎バス,,筒水平
A23,A257,長崎バス,,滑石口
A23,A258,長崎バス,,茂木港
A23,A25A,長崎バス,,打越
A23,A25B,長崎バス,,打坂
A23,A25C,長崎バス,,福田サンセットマリーナ
A23,A25D,長崎バス,,毛井首工業団地
A23,A25E,長崎バス,,草住町
A23,A25F,長崎バス,,二見茶屋
A23,A260,長崎バス,,小江原アパート
A23,A261,長崎バス,,松崎
A23,A262,長崎バス,,朝日橋
A23,A264,長崎バス,,本木
A23,A265,長崎バス,,崎尾入口
A23,A266,長崎バス,,山川河内
A23,A267,長崎バス,,中浦
A23,A268,長崎バス,,日当野尾
A23,A269,長崎バス,,鳴見ヶ丘
A23,A26A,長崎バス,,餅田
A23,A26B,長崎バス,,大宮町
A23,A26D,長崎バス,,力馬坂
A23,A26E,長崎バス,,立石
A23,A26F,長崎バス,,北浦
A23,A270,長崎バス,,成和田
A23,A272,長崎バス,,第二団地西口
A23,A273,長崎バス,,女の都小学校下
A23,A274,長崎バス,,白岩
A23,A275,長崎バス,,東高田
A23,A276,長崎バス,,南陽台北口
A23,A277,長崎バス,,島の本
A23,A278,長崎バス,,長与南小前
A23,A279,長崎バス,,団地東
A23,A27A,長崎バス,,団地公園前
A23,A27B,長崎バス,,大神宮前
A23,A27C,長崎バス,,南陽台中央
A23,A27D,長崎バス,,南陽台南口
A23,A27E,長崎バス,,小江原車庫前
A23,A27F,長崎バス,,南柳田
A23,A280,長崎バス,,春木町
A23,A281,長崎バス,,小浦
A23,A282,長崎バス,,元村
A23,A283,長崎バス,,岩見橋
A23,A284,長崎バス,,皿焼
A23,A286,長崎バス,,城山台西口
A23,A287,長崎バス,,赤水平
A23,A288,長崎バス,,青葉台団地
A23,A289,長崎バス,,女の都三丁目
A23,A28B,長崎バス,,下の角
A23,A28C,長崎バス,,江川
A23,A28E,長崎バス,,ニュータウン中央
A23,A28F,長崎バス,,小江原ニュータウン
A23,A290,長崎バス,,小江原橋
A23,A291,長崎バス,,小江原
A23,A292,長崎バス,,さくら通り
A23,A293,長崎バス,,上小江原
A23,A295,長崎バス,,大平
A23,A296,長崎バス,,女の都幼稚園前
A23,A297,長崎バス,,吉原
A23,A298,長崎バス,,日向平
A23,A299,長崎バス,,木鉢公民館前
A23,A29B,長崎バス,,福田本町
A23,A29C,長崎バス,,天満宮下
A23,A29D,長崎バス,,沖平東
A23,A29E,長崎バス,,土井首中学校前
A23,A29F,長崎バス,,沖平南
A23,A2A0,長崎バス,,江川橋
A23,A2A1,長崎バス,,福田
A23,A2A3,長崎バス,,開田
A23,A2A4,長崎バス,,上の角
A23,A2A5,長崎バス,,大園小学校前
A23,A2A6,長崎バス,,鶴見台団地
A23,A2A7,長崎バス,,井手園
A23,A2A8,長崎バス,,三宝橋
A23,A2A9,長崎バス,,鶴洋高校前
A23,A2AA,長崎バス,,末石町
A23,A2AB,長崎バス,,三川公園
A23,A2AC,長崎バス,,おたけ公園前
A23,A2AD,長崎バス,,後川内入口
A23,A2AE,長崎バス,,継石
A23,A2AF,長崎バス,,三川町
A23,A2B0,長崎バス,,峠の坂
A23,A2B1,長崎バス,,西山台二丁目
A23,A2B2,長崎バス,,西山台団地
A23,A2B3,長崎バス,,長与役場
A23,A2B4,長崎バス,,秋寄
A23,A2B5,長崎バス,,崎尾団地前
A23,A2B6,長崎バス,,平瀬町
A23,A2B7,長崎バス,,女の都団地
A23,A2B8,長崎バス,,横尾小学校前
A23,A2B9,長崎バス,,横尾中学校口
A23,A2BA,長崎バス,,井の下
A23,A2BB,長崎バス,,横尾口
A23,A2BC,長崎バス,,木鉢浦
A23,A2BE,長崎バス,,角の尾
A23,A2BF,長崎バス,,深堀一丁目
A23,A2C0,長崎バス,,上戸泊
A23,A2C1,長崎バス,,南風泊
A23,A2C2,長崎バス,,日吉
A23,A2C3,長崎バス,,竿の浦
A23,A2C4,長崎バス,,横尾中央
A23,A2C5,長崎バス,,毛井首
A23,A2C6,長崎バス,,小瀬戸町
A23,A2C7,長崎バス,,北陽台高下
A23,A2C8,長崎バス,,北陽台高校前
A23,A2C9,長崎バス,,城の平
A23,A2CA,長崎バス,,野田
A23,A2CB,長崎バス,,御船手
A23,A2CC,長崎バス,,榎の鼻
A23,A2CD,長崎バス,,上横尾
A23,A2CE,長崎バス,,北栄町
A23,A2CF,長崎バス,,ゴルフ場入口
A23,A2D0,長崎バス,,小瀬戸西海岸通り
A23,A2D1,長崎バス,,長与駅西口
A23,A2D2,長崎バス,,毛井首公園前
A23,A2D3,長崎バス,,池原
A23,A2D4,長崎バス,,時津
A23,A2D5,長崎バス,,毛井首団地
A23,A2D6,長崎バス,,深堀二丁目
A23,A2D7,長崎バス,,上方
A23,A2D8,長崎バス,,宮の下
A23,A2D9,長崎バス,,宮摺
A23,A2DA,長崎バス,,江の下
A23,A2DB,長崎バス,,太田尾公民館前
A23,A2DC,長崎バス,,皆前橋
A23,A2DD,長崎バス,,入船が丘
A23,A2E0,長崎バス,,北陽小学校前
A23,A2E1,長崎バス,,神の島
A23,A2E2,長崎バス,,岩詰
A23,A2E3,長崎バス,,長崎市運動公園前
A23,A2E4,長崎バス,,川平六枚板入口
A23,A2E5,長崎バス,,下木場
A23,A2E6,長崎バス,,平山
A23,A2E7,長崎バス,,深堀団地入口
A23,A2E8,長崎バス,,集会所前
A23,A2E9,長崎バス,,飯香の浦
A23,A2EA,長崎バス,,太田尾(茂木)
A23,A2EB,長崎バス,,寺川内
A23,A2EC,長崎バス,,平山台入口
A23,A2ED,長崎バス,,神の島一丁目
A23,A2EF,長崎バス,,鍛冶町
A23,A2F0,長崎バス,,左底
A23,A2F1,長崎バス,,深堀
A23,A2F2,長崎バス,,団地中央公園前
A23,A2F3,長崎バス,,上左底
A23,A2F4,長崎バス,,大曽野
A23,A2F5,長崎バス,,青雲学園前
A23,A2F6,長崎バス,,珍川
A23,A2F7,長崎バス,,毛井首工業団地入口
A23,A2F8,長崎バス,,長与ニュータウン
A23,A2F9,長崎バス,,三根
A23,A2FA,長崎バス,,上横尾車庫
A23,A2FB,長崎バス,,小原
A23,A2FC,長崎バス,,晴海台高部
A23,A2FD,長崎バス,,深堀団地
A23,A2FE,長崎バス,,宇都口
A23,A2FF,長崎バス,,上長与公民館前
A23,A300,長崎バス,,定林橋
A23,A301,長崎バス,,平山台1丁目
A23,A302,長崎バス,,香焼口
A23,A303,長崎バス,,犬継
A23,A305,長崎バス,,寺の下
A23,A306,長崎バス,,深堀中学校下
A23,A307,長崎バス,,平山台2丁目
A23,A308,長崎バス,,久留里
A23,A309,長崎バス,,布巻
A23,A30A,長崎バス,,洗切
A23,A30B,長崎バス,,広刈
A23,A30C,長崎バス,,時津中学校前
A23,A30D,長崎バス,,まなび野北
A23,A30E,長崎バス,,浜田
A23,A30F,長崎バス,,平山台団地
A23,A310,長崎バス,,先久留里
A23,A311,長崎バス,ココウォーク茂里町 100系統,深浦
A23,A312,長崎バス,,時津新開
A23,A313,長崎バス,,深堀センター
A23,A314,長崎バス,,斉藤
A23,A315,長崎バス,,上床
A23,A316,長崎バス,,神の島工業団地
A23,A317,長崎バス,,小江
A23,A318,長崎バス,,神の島教会下
A23,A319,長崎バス,,流合橋
A23,A31B,長崎バス,,一平
A23,A31C,長崎バス,,飛田
A23,A31D,長崎バス,,舟津橋
A23,A31E,長崎バス,,南竿の浦
A23,A31F,長崎バス,,原爆ホーム入口
A23,A320,長崎バス,,長浜
A23,A321,長崎バス,,恵の丘
A23,A323,長崎バス,,本川内
A23,A324,長崎バス,,栄上
A23,A325,長崎バス,,松尾
A23,A326,長崎バス,,上浦
A23,A327,長崎バス,,浜崎
A23,A328,長崎バス,,小江小浦
A23,A329,長崎バス,,晴海台口
A23,A32A,長崎バス,ココウォーク茂里町/香焼恵里 100系統,田の浦
A23,A32B,長崎バス,,香焼地域センター前
A23,A32C,長崎バス,,白髪
A23,A32D,長崎バス,,晴海台中央
A23,A32E,長崎バス,,手熊小前
A23,A32F,長崎バス,,晴海台団地
A23,A330,長崎バス,,日並
A23,A331,長崎バス,,香焼内業
A23,A332,長崎バス,,平木場
A23,A334,長崎バス,,香焼本村
A23,A335,長崎バス,,田下
A23,A336,長崎バス,,小島田
A23,A337,長崎バス,,山田橋
A23,A338,長崎バス,,火篭
A23,A339,長崎バス,,尾崎
A23,A33A,長崎バス,,木場の上
A23,A33B,長崎バス,,弁天白浜
A23,A33C,長崎バス,,柿泊
A23,A33D,長崎バス,,手熊
A23,A33E,長崎バス,,大崎
A23,A33F,長崎バス,,岡
A23,A340,長崎バス,,潮井崎
A23,A342,長崎バス,,香焼外業
A23,A343,長崎バス,,椿が丘
A23,A344,長崎バス,,金堀団地
A23,A345,長崎バス,,蚊焼入口
A23,A346,長崎バス,,蚊焼
A23,A347,長崎バス,,七工区
A23,A348,長崎バス,,溝川
A23,A349,長崎バス,,三和中学校前
A23,A34A,長崎バス,,為石
A23,A34B,長崎バス,,里
A23,A34C,長崎バス,,隠川内
A23,A34D,長崎バス,,木場崎
A23,A34E,長崎バス,,香焼修繕部
A23,A34F,長崎バス,,遠の木場
A23,A350,長崎バス,,鳴見台小学校前
A23,A351,長崎バス,,蚊焼小学校前
A23,A352,長崎バス,,二股橋
A23,A353,長崎バス,,七工区中央
A23,A354,長崎バス,,江向
A23,A355,長崎バス,,馬込
A23,A357,長崎バス,,トンネル口
A23,A358,長崎バス,,鳴見公民館前
A23,A359,長崎バス,,川原本村
A23,A35A,長崎バス,,南中学校下
A23,A35B,長崎バス,,多以良
A23,A35C,長崎バス,,鳴見台口
A23,A35D,長崎バス,,彼浜
A23,A35E,長崎バス,,ことのうみ
A23,A35F,長崎バス,,一本松
A23,A360,長崎バス,,岳路海水浴場入口
A23,A361,長崎バス,,畝刈
A23,A362,長崎バス,,光風台
A23,A363,長崎バス,,光風台車庫
A23,A364,長崎バス,,式見
A23,A365,長崎バス,,子々川
A23,A366,長崎バス,,宮崎
A23,A367,長崎バス,,川原公園前
A23,A369,長崎バス,,大堂平
A23,A36A,長崎バス,,道開
A23,A36B,長崎バス,,弁天
A23,A36C,長崎バス,,池田
A23,A36D,長崎バス,,式見地域センター前
A23,A36E,長崎バス,,岳路
A23,A36F,長崎バス,,塩床
A23,A370,長崎バス,,中尾(式見)
A23,A371,長崎バス,,登呂福
A23,A372,長崎バス,,神の島二丁目
A23,A373,長崎バス,,千々
A23,A374,長崎バス,,中尾先
A23,A375,長崎バス,,黒浜
A23,A376,長崎バス,,川原木場
A23,A377,長崎バス,,木場公民館
A23,A378,長崎バス,,中和田
A23,A379,長崎バス,,夫婦岩
A23,A37A,長崎バス,,相川
A23,A37B,長崎バス,,京泊
A23,A37C,長崎バス,,長崎明誠高校
A23,A37D,長崎バス,,堂崎
A23,A37E,長崎バス,,西海
A23,A381,長崎バス,,舞の浜
A23,A383,長崎バス,,谷門
A23,A384,長崎バス,,村松
A23,A385,長崎バス,,松の迫
A23,A387,長崎バス,,江崎
A23,A388,長崎バス,,小城寺
A23,A389,長崎バス,,琴海ニュータウン
A23,A38A,長崎バス,,三重中学校前
A23,A38B,長崎バス,,舞の浜荘前
A23,A38C,長崎バス,,吉の浦
A23,A38D,長崎バス,,田熊の浦
A23,A38E,長崎バス,,大見崎
A23,A38F,長崎バス,,総合公園
A23,A390,長崎バス,,満永
A23,A391,長崎バス,,後馬
A23,A393,長崎バス,,平尾橋
A23,A395,長崎バス,,大越
A23,A396,長崎バス,,大石病院前
A23,A397,長崎バス,,野々串
A23,A399,長崎バス,,下屋敷
A23,A39B,長崎バス,,長与ダム
A23,A39C,長崎バス,,東上
A23,A39D,長崎バス,,三重
A23,A39E,長崎バス,,石原
A23,A3A0,長崎バス,,高浜
A23,A3A1,長崎バス,,戸根
A23,A3A2,長崎バス,,高浜海水浴場前
A23,A3A3,長崎バス,,戸根橋
A23,A3A4,長崎バス,,仏松
A23,A3A5,長崎バス,,古里
A23,A3A6,長崎バス,,樫山
A23,A3A7,長崎バス,,自証寺前
A23,A3A8,長崎バス,,琴の尾登口
A23,A3A9,長崎バス,,南越
A23,A3AA,長崎バス,,長浦
A23,A3AB,長崎バス,,運動公園前
A23,A3AC,長崎バス,,出口
A23,A3AD,長崎バス,,深浦口
A23,A3AE,長崎バス,,手崎
A23,A3AF,長崎バス,,藤の浦
A23,A3B0,長崎バス,,野母崎地域センター前
A23,A3B1,長崎バス,,野母
A23,A3B2,長崎バス,,小島の浦
A23,A3B3,長崎バス,,三重田
A23,A3B4,長崎バス,,大子
A23,A3B5,長崎バス,,観音寺前
A23,A3B6,長崎バス,,諸町
A23,A3B7,長崎バス,,脇岬
A23,A3B8,長崎バス,,上平
A23,A3B9,長崎バス,,大子小浦
A23,A3BA,長崎バス,,松原
A23,A3BB,長崎バス,,形上
A23,A3BD,長崎バス,,大江橋
A23,A3BE,長崎バス,,水崎
A23,A3BF,長崎バス,,大江
A23,A3C0,長崎バス,,浦目
A23,A3C2,長崎バス,,製氷工場前
A23,A3C3,長崎バス,,郷の原
A23,A3C4,長崎バス,,火引の浦
A23,A3C5,長崎バス,,小泊
A23,A3C8,長崎バス,,白似田
A23,A3C9,長崎バス,,猪の越
A23,A3CB,長崎バス,,峰口
A23,A3CC,長崎バス,,よきのひつ
A23,A3CD,長崎バス,,井上
A23,A3CF,長崎バス,,山中
A23,A3D0,長崎バス,,元越
A23,A3D2,長崎バス,,清水
A23,A3D3,長崎バス,,黒瀬
A23,A3D5,長崎バス,,二股
A23,A3D6,長崎バス,,亀岳
A23,A3D7,長崎バス,,生長の家前
A23,A3D8,長崎バス,,綿打
A23,A3DA,長崎バス,,根井路
A23,A3DD,長崎バス,,樺島
A23,A3DE,長崎バス,,切崎
A23,A3DF,長崎バス,,中の島
A23,A3E0,長崎バス,,長迫
A23,A3E1,長崎バス,,長崎オランダ村
A23,A3E2,長崎バス,,岬木場
A23,A3E3,長崎バス,,脇岬海水浴場前
A23,A3E5,長崎バス,,西彼中学校前
A23,A3E7,長崎バス,,平島
A23,A3E8,長崎バス,,南古里
A23,A3E9,長崎バス,,明喜田
A23,A3EB,長崎バス,,風早
A23,A3EC,長崎バス,,迎後
A23,A3ED,長崎バス,,俵頭
A23,A3EE,長崎バス,,中山
A23,A3F0,長崎バス,,鳥加
A23,A3F1,長崎バス,,新石
A23,A3F4,長崎バス,,下岡
A23,A3F5,長崎バス,,漁港入口
A23,A3F8,長崎バス,,折山
A23,A3F9,長崎バス,,塩屋越
A23,A3FA,長崎バス,,油の浦
A23,A3FC,長崎バス,,柚子の川
A23,A3FD,長崎バス,,宮浦
A23,A3FE,長崎バス,,バイオパーク
A23,A400,長崎バス,,大串小学校下
A23,A401,長崎バス,,大串
A23,A402,長崎バス,,琴の海園
A23,A408,長崎バス,,丘の上公園前
A23,A40C,長崎バス,,鶴舞苑
A23,A40E,長崎バス,,鰐淵
A23,A410,長崎バス,,亀浦
A23,A411,長崎バス,,大潟
A23,A412,長崎バス,,田の頭
A23,A413,長崎バス,,浜河内
A23,A415,長崎バス,,下岳
A23,A42A,長崎バス,,時津港入口
A23,A437,長崎バス,,公園通り
A23,A43B,長崎バス,,ほしぞら公園下
A23,A43E,長崎バス,,サニータウン
A23,A443,長崎バス,,長崎霊園下
A23,A45D,長崎バス,,白鳥町
A23,A45E,長崎バス,,白鳥公園前
A23,A466,長崎バス,,西町集会所前
A23,A467,長崎バス,,錦2丁目
A23,A469,長崎バス,,中河内団地
A23,A46F,長崎バス,,WACセンター
A23,A48A,長崎バス,,錦3丁目
A23,A48E,長崎バス,,琴海ふれあいセンター前
A23,A4AE,長崎バス,,小口港
A23,A4AF,長崎バス,,又兵衛
A23,A4B0,長崎バス,,梅倉
A23,A4B1,長崎バス,,名串
A23,A4B2,長崎バス,,浦底
A23,A4B3,長崎バス,,張岳
A23,A4B4,長崎バス,,古泊
A23,A4B6,長崎バス,,サニータウン北口
A23,A4B8,長崎バス,,池山
A23,A4B9,長崎バス,,帯田平
A23,A4BA,長崎バス,,長与駅東口
A23,A4BB,長崎バス,,八反田公園前
A23,A4BD,長崎バス,,尾ノ上
A23,A4BE,長崎バス,,竹崎
A23,A4BF,長崎バス,,安保
A23,A4C0,長崎バス,,恵里
A23,A4C2,長崎バス,,あぐりの丘
A23,A4C3,長崎バス,,鳴鼓トンネル口
A23,A4C4,長崎バス,,野母新港
A23,A4C5,長崎バス,,長崎外国語大学
A23,A4C6,長崎バス,高速バス,諫早インター
A23,A4C7,長崎バス,,さくらの里1丁目
A23,A4C8,長崎バス,,外語大入口
A23,A4C9,長崎バス,,マリンヒル三京
A23,A4CA,長崎バス,,長与第二中学校前
A23,A4CB,長崎バス,,センター公園前
A23,A4CC,長崎バス,,西海中学校前
A23,A4CD,長崎バス,,丸尾中学校入口
A23,A4CE,長崎バス,,水の浦高部
A23,A4CF,長崎バス,,大谷町高部
A23,A4D1,長崎バス,,シンフォニー稲佐の森
A23,A4D2,長崎バス,,城山台一丁目
A23,A4D4,長崎バス,,さくらの里2丁目
A23,A4D9,長崎バス,,戸隠神社
A23,A4DA,長崎バス,,緑ヶ丘団地入口
A23,A4DB,長崎バス,,緑ヶ丘団地西口
A23,A4DD,長崎バス,,緑ヶ丘団地
A23,A4DE,長崎バス,,県立大学シーボルト校
A23,A4DF,長崎バス,,長与駅
A23,A4E1,長崎バス,,滑石4丁目
A23,A4E2,長崎バス,,霊苑前
A23,A4E3,長崎バス,,高原ホテル入口
A23,A4E4,長崎バス,,舟ノ尾
A23,A4E5,長崎バス,,先木場
A23,A4E6,長崎バス,,中木場
A23,A4E7,長崎バス,,黒似田
A23,A4E8,長崎バス,,向町
A23,A4E9,長崎バス,,花咲ヶ丘
A23,A4EA,長崎バス,,高原ホテル
A23,A4F0,さいかい交通,池島線,池の口
A23,A4F1,さいかい交通,池島線,桟橋前
A23,A4F3,さいかい交通,池島線,変電所前(池島)
A23,A4F5,さいかい交通,池島線,鉱業所
A23,A4F6,さいかい交通,池島線,新店街通り
A23,A4F7,さいかい交通,池島線,グランド前
A23,A4F8,さいかい交通,池島線,神社下
A23,A4FC,さいかい交通,松島線,内浦
A23,A4FD,さいかい交通,松島線,桜坂
A23,A4FE,さいかい交通,松島線,釜浦桟橋前
A23,A4FF,さいかい交通,松島線,診療所前
A23,A500,さいかい交通,松島線,西泊
A23,A501,さいかい交通,松島線,瀬戸畑
A23,A502,さいかい交通,松島線,外平公民館
A23,A503,さいかい交通,松島線,太田
A23,A50A,長崎バス,,住吉台口
A23,A50B,長崎バス,,下住吉台
A23,A50C,長崎バス,,住吉台中央
A23,A50D,長崎バス,,住吉台
A23,A512,長崎バス,,長崎空港
A23,A515,長崎バス,,滑石4丁目下
A23,A516,長崎バス,,滑石ふれあいセンター前
A23,A517,長崎バス,,みなと坂中央
A23,A518,長崎バス,,風の広場前(木鉢・みなと坂)
A23,A51B,長崎バス,,工業団地入口
A23,A51C,長崎バス,,工業団地西
A23,A51D,長崎バス,,神の島公園
A23,A51E,長崎バス,,工業団地東
A23,A51F,長崎バス,,めだか橋
A23,A520,長崎バス,,豊洋台南
A23,A521,長崎バス,,豊洋台中央
A23,A522,長崎バス,,豊洋台車庫
A23,A524,長崎バス,,豊洋台一丁目
A23,A525,長崎バス,,豊洋台西口
A23,A526,長崎バス,,カトリックセンター前
A23,A527,長崎バス,,山里中学校前
A23,A528,長崎バス,,本原1丁目
A23,A529,長崎バス,,扇町
A23,A52A,長崎バス,,石神町
A23,A52B,長崎バス,,百合野入口
A23,A52C,長崎バス,,百合野第一
A23,A52D,長崎バス,,児童公園前
A23,A52E,長崎バス,,百合野中央
A23,A52F,長崎バス,,丸尾公園前
A23,A530,長崎バス,,丸尾第三
A23,A531,長崎バス,,百合野病院
A23,A532,長崎バス,,丸尾第二
A23,A533,長崎バス,,丸尾中央
A23,A534,長崎バス,,百合野ヶ丘
A23,A536,長崎バス,,矢の平3丁目
A23,A537,長崎バス,,矢の平4丁目
A23,A538,長崎バス,,上浦東
A23,A53B,長崎バス,,みなと坂団地口
A23,A53C,長崎バス,,経済学部前
A23,A53D,長崎バス,,上長崎小学校前
A23,A53E,長崎バス,,野々串港口
A23,A57C,長崎バス,,伊王島ターミナル
A23,A580,長崎バス,,沖之島教会下
A23,A581,長崎バス,,馬込浜
A23,A584,長崎バス,,三和地域センター前
A23,A585,長崎バス,,ハピネスさんわ
A23,A586,長崎バス,,老人集会所前
A23,A587,長崎バス,,椿が丘保育所前
A23,A588,長崎バス,,為石小学校前
A23,A589,長崎バス,,為石公民館前
A23,A58A,長崎バス,,藤田尾
A23,A58B,長崎バス,,川原住吉神社前
A23,A58C,長崎バス,,上川コミュニティセンター前
A23,A58D,長崎バス,,西が股
A23,A58E,長崎バス,,小家橋
A23,A58F,長崎バス,,岳路南
A23,A590,長崎バス,,岳路公民館前
A23,A591,長崎バス,,上岳路
A23,A595,さいかい交通,池島線,郷東
A23,A596,長崎バス,,二本松A棟
A23,A597,長崎バス,,二本松B棟
A23,A598,長崎バス,,二本松C棟
A23,A599,長崎バス,,二本松D棟
A23,A59A,長崎バス,,二本松中央
A23,A59B,長崎バス,,小菅公園
A23,A59C,長崎バス,,国分町
A23,A59D,長崎バス,,戸町番所跡
A23,A59E,長崎バス,,大学病院玄関前
A23,A59F,長崎バス,,歯学部玄関前
A23,A5A0,長崎バス,,大篭公民館前
A23,A5A1,長崎バス,,善長谷
A23,A5A2,長崎バス,,大篭
A23,A5A3,長崎バス,,栗辰
A23,A5A4,長崎バス,,香焼総合公園前
A23,A5A5,長崎バス,,海老瀬
A23,A5A6,長崎バス,,上丹馬
A23,A5A7,長崎バス,,円福寺前
A23,A5A8,長崎バス,,香焼浦上
A23,A5A9,長崎バス,,田ノ浦団地入口
A23,A5AA,長崎バス,,香焼教会下
A23,A5AB,長崎バス,,馬手ヶ浦
A23,A5AC,長崎バス,,香焼地域センター
A23,A5AD,長崎バス,,岩崎鼻
A23,A5AE,長崎バス,,田園
A23,A5AF,長崎バス,,毛首
A23,A5B0,長崎バス,,山明
A23,A5B1,長崎バス,,Nomon 長崎
A23,A5B2,長崎バス,,野母深浦
A23,A5B3,長崎バス,,野母崎郵便局裏
A23,A5B4,長崎バス,,野母公民館前
A23,A5B5,長崎バス,,釜が浦
A23,A5B6,長崎バス,,野母崎診療所
A23,A5B7,長崎バス,,高浜大野
A23,A5CE,長崎バス,,百合野公民館前
A23,A5CF,長崎バス,,観音堂前
A23,A5D0,長崎バス,,菅無田
A23,A5D1,長崎バス,,いこいの園
A23,A5D5,長崎バス,,野添
A23,A5D6,長崎バス,,なづみ団地口
A23,A5D7,長崎バス,,時津町役場
A23,A5D8,長崎バス,,萬行寺前
A23,A5D9,長崎バス,,盲学校入口
A23,A5DA,長崎バス,,西時津
A23,A5DB,長崎バス,,西時津ニュータウン
A23,A5DC,長崎バス,,柳営業所入口
A23,A5DE,長崎バス,,鶴見台西
A23,A5DF,長崎バス,,第3公園前
A23,A5E0,長崎バス,,鶴見台東
A23,A5E2,長崎バス,,入船町
A23,A5E5,長崎バス,,北田
A23,A5E6,長崎バス,,上松尾
A23,A5E7,長崎バス,,江村
A23,A5E8,長崎バス,,郷むかいあげ
A23,A5E9,長崎バス,,藤田尾入口
A23,A5EA,長崎バス,,藤田尾下
A23,A5EB,長崎バス,,千々平
A23,A5EC,長崎バス,,椿が丘公民館上
A23,A5FB,長崎バス,,住吉の杜入口
A23,A5FC,長崎バス,,めばえ公園前
A23,A5FD,長崎バス,,せせらぎ公園前
A23,A5FE,長崎バス,,住吉の杜
A23,A5FF,長崎バス,,ミスターマックス時津店
A23,A600,長崎バス,,愛宕4丁目
A23,A601,長崎バス,,弥生町
A23,A602,長崎バス,,変電所上
A23,A603,長崎バス,,伊王島大橋
A23,A604,長崎バス,,泉2丁目
A23,A605,長崎バス,,泉町中央
A23,A606,長崎バス,,桜木町
A23,A608,長崎バス,,㋷ふれあい広場駐車場前
A23,A60D,長崎バス,,けやき台
A23,A60E,長崎バス,,上けやき台
A23,A60F,長崎バス,,中けやき台
A23,A610,長崎バス,,下けやき台
A23,A613,長崎バス,,樽水
A23,A614,長崎バス,,春日大石
A23,A615,長崎バス,,春日町
A23,A616,長崎バス,,春日車庫前
A23,A617,長崎バス,,春日尾上
A23,A618,長崎バス,,小崎
A23,A619,長崎バス,,天満宮前
A23,A61A,長崎バス,,網場
A23,A61B,長崎バス,,長総大前
A23,A61C,長崎バス,,ペンギン水族館前
A23,A61D,長崎バス,,日見公園前
A23,A61E,長崎バス,,網場道
A23,A61F,長崎バス,,東望切通
A23,A620,長崎バス,,青果市場前
A23,A621,長崎バス,,イオン東長崎店
A23,A622,長崎バス,,かき道橋
A23,A623,長崎バス,,東長崎農協前
A23,A624,長崎バス,,矢上
A23,A626,長崎バス,,神の島三丁目
A23,A627,長崎バス,,中山ダム
A23,A628,長崎バス,,中山集会所前
A23,A629,長崎バス,,火ノ首
A23,A62A,長崎バス,,時津北保育園前
A23,A62B,長崎バス,,番所
A23,A62C,長崎バス,,妙相寺道
A23,A62D,長崎バス,,道光
A23,A62E,長崎バス,,御手水
A23,A62F,長崎バス,,西トンネル口
A23,A630,長崎バス,,芒塚
A23,A631,長崎バス,,日見山口
A23,A632,長崎バス,,朝日ヶ峰
A23,A633,長崎バス,,日見大曲
A23,A634,長崎バス,,東切通
A23,A635,長崎バス,,東望道
A23,A636,長崎バス,,番所橋
A23,A637,長崎バス,,新田頭
A23,A638,長崎バス,,八峰
A23,A639,長崎バス,,間の瀬
A23,A63A,長崎バス,,滝の上
A23,A63B,長崎バス,,滝の観音
A23,A63C,長崎バス,,平間
A23,A63D,長崎バス,,観音入口
A23,A63E,長崎バス,,つつじが丘
A23,A63F,長崎バス,,多良見団地
A23,A640,長崎バス,,団地中央
A23,A641,長崎バス,,古賀団地
A23,A642,長崎バス,,つつじが丘入口
A23,A643,長崎バス,,古賀
A23,A647,長崎バス,,古賀松原
A23,A648,長崎バス,,鶴の尾
A23,A649,長崎バス,,鶴の尾団地
A23,A64A,長崎バス,,平間公民館
A23,A64B,長崎バス,,年の神
A23,A64C,長崎バス,,馬場
A23,A64D,長崎バス,,現川駅前
A23,A64E,長崎バス,,現川
A23,A64F,長崎バス,,高木
A23,A650,長崎バス,,榎木
A23,A651,長崎バス,,高城台中央
A23,A652,長崎バス,,宮郷
A23,A653,長崎バス,,普賢神社口
A23,A654,長崎バス,,八郎橋
A23,A655,長崎バス,,彩が丘入口
A23,A656,長崎バス,,瀬古
A23,A657,長崎バス,,東町
A23,A658,長崎バス,,彩が丘
A23,A659,長崎バス,,彩が丘北口
A23,A65A,長崎バス,,矢筈
A23,A65B,長崎バス,,行合橋
A23,A65C,長崎バス,,中尾
A23,A65D,長崎バス,,田の川内
A23,A65E,長崎バス,,田の川内公民館前
A23,A65F,長崎バス,,城戸岩
A23,A660,長崎バス,,笹の本
A23,A661,長崎バス,,中尾新鮮市
A23,A662,長崎バス,,築地橋
A23,A663,長崎バス,,赤松
A23,A664,長崎バス,,卸団地
A23,A665,長崎バス,,組合会館前
A23,A666,長崎バス,,高城台南
A23,A667,長崎バス,,高城台西
A23,A668,長崎バス,,日見宿跡
A23,A669,長崎バス,,八坂神社前
A23,A66A,長崎バス,,宿町団地前
A23,A66B,長崎バス,,憩の家
A23,A66C,長崎バス,,青潮学園前
A23,A66E,長崎バス,,東長崎営業所
A23,A66F,長崎バス,,泉入口
A23,A670,長崎バス,,なごみ荘前
A23,A673,長崎バス,,時津北部ターミナル
A23,A674,長崎バス,,鶴の尾団地西口
A23,A675,長崎バス,,長崎総合科学大学
A23,A676,長崎バス,,田之浦
A23,A677,長崎バス,,仲町トンネル口
A23,A678,長崎バス,,恵の家前
A23,A679,長崎バス,,橋口町
A23,A67A,長崎バス,,江平2丁目
A23,A67B,長崎バス,,平和町商店街
A23,A67C,長崎バス,,バイパス日並
A23,A67D,長崎バス,,バイパス木場崎
A23,A686,長崎バス,,椿ヶ丘荘前
A23,A688,長崎バス,,フランシスコ病院前
A23,A689,長崎バス,,平の下
A23,A68A,長崎バス,,登立口
A23,A68B,長崎バス,,一本木
A23,A68C,長崎バス,,本原教会前
A23,A68D,長崎バス,,棚荷尾
A23,A68E,長崎バス,,寺井田
A23,A68F,長崎バス,,西山台入口
A23,A690,長崎バス,,のぞみの杜入口
A23,A691,長崎バス,,平和町
A23,A692,長崎バス,,中島公園前
A23,A693,長崎バス,ゆりちゃん,江平3丁目
A23,A694,長崎バス,ゆりちゃん,江平登口
A23,A698,長崎バス,みかんちゃん,イオンタウン長与
A23,A699,長崎バス,,長崎県庁前
A23,A69A,長崎バス,ビューテラス北陽台線,北陽台団地入口
A23,A69B,長崎バス,ビューテラス北陽台線,北陽台公民館前
A23,A69C,長崎バス,ビューテラス北陽台線,北陽台団地北
A23,A69D,長崎バス,ビューテラス北陽台線,北陽台団地東
A23,A6AA,長崎バス,畦別当線,畦別当上
A23,A6AB,長崎バス,畦別当線,畦別当公民館下
A23,A6AC,長崎バス,畦別当線,畦別当下
A23,A6AD,長崎バス,,万才町
A23,A6AE,長崎バス,つつじが丘-ジャスコ線,平原
A23,A6AF,長崎バス,琴海尾戸線,名串集会所
A23,A6B0,長崎バス,中川町・矢の平線,矢の平1丁目
A23,A6B1,長崎バス,,出島表門橋
A23,A6B2,長崎バス,小江原団地線,第二団地南口
A23,A6B5,長崎バス,,つくも橋
A23,A6B6,長崎バス,,西海東口
A23,A6BA,長崎バス,,城ノ尾
A23,A6BC,長崎バス,,石垣
A23,A6BD,長崎バス,,長崎駅西口
A23,A6BE,長崎バス,,ハートセンター前
A23,A6BF,長崎バス,,滑石中央幼稚園下
A23,A6C1,長崎バス,,幸町
A23,A6D4,長崎バス,,有海
A25,0,北九州市交通局,,共通
A26,0,堀川バス,,共通
C01,0,関東鉄道バス,,共通
C0C,0,関東自動車,,共通
C0D,0,宇都宮ライトレール,,共通
C11,0,日本中央バス,,共通
C12,0,永井運輸,,共通
C13,0,矢島タクシー,,共通
C15,0,関越交通,,共通
C1A,0,上毛電気鉄道,,共通
C20,0,イーグルバス,,共通
C30,0,日東交通,,共通
C33,0,東洋バス,,共通
C38,0,成田空港交通,,共通
C58,0,東京空港交通,,共通
C63,0,小田急ハイウェイバス,,共通
C8A,0,JR東日本BRT大船渡線,,共通
C8A,100,JR東日本,大船渡線BRT,盛
C8A,10A,JR東日本,大船渡線BRT,大船渡
C8A,10F,JR東日本,大船渡線BRT,㋷大船渡魚市場前
C8A,114,JR東日本,大船渡線BRT,下船渡
C8A,11E,JR東日本,大船渡線BRT,細浦
C8A,123,JR東日本,大船渡線BRT,㋷碁石海岸口
C8A,128,JR東日本,大船渡線BRT,小友
C8A,132,JR東日本,大船渡線BRT,脇ノ沢
C8A,13C,JR東日本,大船渡線BRT,㋷高田病院
C8A,141,JR東日本,大船渡線BRT,㋷高田高校前
C8A,150,JR東日本,大船渡線BRT,竹駒
C8A,155,JR東日本,大船渡線BRT,㋷奇跡の一本松
C8A,15A,JR東日本,大船渡線BRT,陸前矢作
C8A,214,JR東日本,大船渡線BRT,鹿折唐桑
C8A,21E,JR東日本,大船渡線BRT/気仙沼線BRT,気仙沼
C8A,228,JR東日本,気仙沼線BRT,不動の沢
C8A,232,JR東日本,気仙沼線BRT,南気仙沼
C8A,23C,JR東日本,気仙沼線BRT,松岩
C8A,246,JR東日本,気仙沼線BRT,最知
C8A,250,JR東日本,気仙沼線BRT,陸前階上
C8A,25A,JR東日本,気仙沼線BRT,大谷海岸
C8A,300,JR東日本,気仙沼線BRT,小金沢
C8A,30A,JR東日本,気仙沼線BRT,本吉
C8A,314,JR東日本,気仙沼線BRT,陸前小泉
C8A,31E,JR東日本,気仙沼線BRT,蔵内
C8A,328,JR東日本,気仙沼線BRT,陸前港
C8A,332,JR東日本,気仙沼線BRT,歌津
C8A,33C,JR東日本,気仙沼線BRT,清水浜
C8A,346,JR東日本,気仙沼線BRT,㋷ベイサイドアリーナ
C8A,350,JR東日本,気仙沼線BRT,志津川
C8A,35A,JR東日本,気仙沼線BRT,陸前戸倉
C8A,400,JR東日本,気仙沼線BRT,陸前横山
C8A,40A,JR東日本,気仙沼線BRT,柳津
C8A,43C,JR東日本,気仙沼線BRT,前谷地
C8E,0,東京BRT,,共通
C8F,0,東海バス,,共通
C91,0,新日本観光自動車,,共通
D01,0,京福バス,,共通
D02,0,福鉄バス,,共通
D18,0,しずてつジャストライン,,共通
D18,66,しずてつジャストライン,日本平球技場線,静岡駅前(北口) (17番乗り場)
D18,C9,しずてつジャストライン,日本平球技場線 1.清水・駅系統,JR清水駅東口
D18,CB,しずてつジャストライン,日本平球技場線 2.場外臨時駐車場系統,波止場フェルケール博物館 (浪漫館前)
D18,CD,しずてつジャストライン,日本平球技場線,IAIスタジアム日本平
D18,E6,しずてつジャストライン,静浜基地航空祭シャトルバス,航空自衛隊静浜基地
D18,1602,しずてつジャストライン,,静岡駅前案内所窓口
D18,1603,しずてつジャストライン,,静岡駅前案内所窓口①
D18,1604,しずてつジャストライン,,静岡駅前案内所窓口
D18,1605,しずてつジャストライン,,静岡駅前案内所前チャージ機(0005号機)
D18,1607,しずてつジャストライン,,静岡駅前案内所窓口(右側)
D18,1608,しずてつジャストライン,,静岡駅前案内所窓口
D18,1609,しずてつジャストライン,,静岡駅前案内所窓口
D18,1701,しずてつジャストライン,,新静岡案内所窓口①
D18,1703,しずてつジャストライン,,静岡駅前案内所
D18,1708,しずてつジャストライン,,新静岡案内所窓口①
D18,170B,しずてつジャストライン,,新静岡案内所窓口①
D18,170C,しずてつジャストライン,,新静岡案内所窓口②
D18,2001,しずてつジャストライン,,清水駅前バス案内所
D18,2716,しずてつジャストライン,,新静岡(新静岡御幸町)
D18,2724,しずてつジャストライン,,中町(静岡市)
D18,272E,しずてつジャストライン,,赤鳥居 浅間神社入口
D18,2738,しずてつジャストライン,,材木町
D18,273D,しずてつジャストライン,,井の宮局前
D18,2742,しずてつジャストライン,,妙見下
D18,2747,しずてつジャストライン,,籠上
D18,2749,しずてつジャストライン,,籠上中
D18,274C,しずてつジャストライン,,籠上北秀英予備校前
D18,2751,しずてつジャストライン,,昭府一丁目
D18,2756,しずてつジャストライン,,昭府二丁目
D18,2758,しずてつジャストライン,,松富団地入口
D18,275B,しずてつジャストライン,,御新田
D18,2760,しずてつジャストライン,,御新田上
D18,2765,しずてつジャストライン,,松富
D18,276A,しずてつジャストライン,,賤機南小学校前
D18,276F,しずてつジャストライン,,中部運転免許センター入口
D18,2771,しずてつジャストライン,,松富北
D18,2774,しずてつジャストライン,,中部運転免許センター北部体育館入口
D18,2779,しずてつジャストライン,,福田ヶ谷新田
D18,277E,しずてつジャストライン,,福田ヶ谷
D18,2783,しずてつジャストライン,,福田ヶ谷上
D18,2788,しずてつジャストライン,,下
D18,278A,しずてつジャストライン,,下公民館前
D18,278D,しずてつジャストライン,,鯨ヶ池入口
D18,2792,しずてつジャストライン,,桜峠入口
D18,2797,しずてつジャストライン,,老人福祉センター
D18,279C,しずてつジャストライン,,門屋南
D18,27A1,しずてつジャストライン,,門屋
D18,27A6,しずてつジャストライン,,牛妻笹子
D18,27AB,しずてつジャストライン,,牛妻原
D18,27B0,しずてつジャストライン,,賤機中小学校前
D18,27BA,しずてつジャストライン,,牛妻
D18,27BF,しずてつジャストライン,,牛妻坂下 (安倍ごころ前)
D18,27C4,しずてつジャストライン,,油山
D18,27C9,しずてつジャストライン,,松野小学校前
D18,27CE,しずてつジャストライン,,松野
D18,27D3,しずてつジャストライン,,十二天
D18,27D8,しずてつジャストライン,,津渡野
D18,27DD,しずてつジャストライン,,郷島宮前
D18,27E2,しずてつジャストライン,,郷島
D18,27E7,しずてつジャストライン,,野田平入口
D18,27EC,しずてつジャストライン,,俵沢
D18,27F6,しずてつジャストライン,,六番
D18,27FB,しずてつジャストライン,,相渕
D18,2800,しずてつジャストライン,,蕨野
D18,2805,しずてつジャストライン,,蕨野温泉
D18,280A,しずてつジャストライン,,八重沢
D18,280F,しずてつジャストライン,,横山
D18,2811,しずてつジャストライン,,真富士の里
D18,2814,しずてつジャストライン,,平野原
D18,2819,しずてつジャストライン,,平野
D18,281E,しずてつジャストライン,,大河内学校
D18,2823,しずてつジャストライン,,中平(静岡市)
D18,2828,しずてつジャストライン,,北沢
D18,282D,しずてつジャストライン,,下渡
D18,2832,しずてつジャストライン,,上渡
D18,283C,しずてつジャストライン,,渡本
D18,2841,しずてつジャストライン,,有東木橋
D18,2846,しずてつジャストライン,,有東木
D18,284B,しずてつジャストライン,,大和田
D18,2850,しずてつジャストライン,,藤代入口
D18,2855,しずてつジャストライン,,珠数窪
D18,285A,しずてつジャストライン,,入島
D18,285F,しずてつジャストライン,,湯の森
D18,2864,しずてつジャストライン,,六郎木
D18,2869,しずてつジャストライン,,関の沢入口
D18,286E,しずてつジャストライン,,本村(静岡市)
D18,2873,しずてつジャストライン,,孫佐島
D18,2878,しずてつジャストライン,,大野木
D18,287D,しずてつジャストライン,,草木
D18,2882,しずてつジャストライン,,赤水
D18,2887,しずてつジャストライン,,池尻橋
D18,288C,しずてつジャストライン,,新田(静岡市)
D18,288E,しずてつジャストライン,,新田温泉黄金の湯
D18,2891,しずてつジャストライン,,安倍大滝入口
D18,2896,しずてつジャストライン,,梅ヶ島温泉入口
D18,289B,しずてつジャストライン,,梅ヶ島温泉
D18,28A0,しずてつジャストライン,,中沢
D18,28A5,しずてつジャストライン,,中沢上
D18,28AA,しずてつジャストライン,,金久保
D18,28AF,しずてつジャストライン,,桂山原
D18,28B4,しずてつジャストライン,,長光寺前
D18,28B9,しずてつジャストライン,,桂山
D18,28BE,しずてつジャストライン,,唯間
D18,28C1,しずてつジャストライン,,玉川診療所
D18,28C3,しずてつジャストライン,,上助
D18,28C8,しずてつジャストライン,,玉川中学校前
D18,28CD,しずてつジャストライン,,奥の原
D18,28D2,しずてつジャストライン,,奥の原上
D18,28D7,しずてつジャストライン,,森腰
D18,28DC,しずてつジャストライン,,森腰上
D18,28E1,しずてつジャストライン,,長熊
D18,28E6,しずてつジャストライン,,長熊上
D18,28EB,しずてつジャストライン,,郷土
D18,28F0,しずてつジャストライン,,奥池ヶ谷
D18,28F5,しずてつジャストライン,,柿島
D18,28FA,しずてつジャストライン,,長妻田
D18,28FF,しずてつジャストライン,,栗駒
D18,2904,しずてつジャストライン,,油野
D18,2909,しずてつジャストライン,,上落合
D18,290E,しずてつジャストライン,,上助上
D18,2913,しずてつジャストライン,,下平瀬
D18,2918,しずてつジャストライン,,上平瀬
D18,291D,しずてつジャストライン,,川島下
D18,2922,しずてつジャストライン,,川島
D18,2927,しずてつジャストライン,,大和
D18,292C,しずてつジャストライン,,内匠
D18,2931,しずてつジャストライン,,下腰越
D18,2936,しずてつジャストライン,,腰越
D18,293B,しずてつジャストライン,,大沢入口
D18,2940,しずてつジャストライン,,集会所前
D18,2945,しずてつジャストライン,,横沢
D18,2946,しずてつジャストライン,南アルプス登山線,横沢
D18,2959,しずてつジャストライン,南アルプス登山線,井川駅前
D18,29AD,しずてつジャストライン,南アルプス登山線,臨時駐車場
D18,29AE,しずてつジャストライン,南アルプス登山線,畑薙第一ダム
D18,29B3,しずてつジャストライン,,新伝馬
D18,29B4,しずてつジャストライン,,平和二丁目
D18,29B6,しずてつジャストライン,,新伝馬南
D18,29B7,しずてつジャストライン,,新伝馬北
D18,29B8,しずてつジャストライン,,伊呂波町
D18,29BD,しずてつジャストライン,,秋山町
D18,29C2,しずてつジャストライン,,西ヶ谷運動場入口
D18,29C7,しずてつジャストライン,,下与北
D18,29CC,しずてつジャストライン,,安倍口新田
D18,29D1,しずてつジャストライン,,安倍口郵便局前
D18,29D6,しずてつジャストライン,,安倍口小学校前
D18,29DB,しずてつジャストライン,,安倍口団地南
D18,29E0,しずてつジャストライン,,安倍口団地北
D18,29E5,しずてつジャストライン,,中の郷(静岡市)
D18,29EA,しずてつジャストライン,,美和団地前
D18,29EF,しずてつジャストライン,,美和小学校入口
D18,29F4,しずてつジャストライン,,遠藤新田
D18,29F9,しずてつジャストライン,,美和中学校前
D18,29FE,しずてつジャストライン,,足久保保育園
D18,29FF,しずてつジャストライン,,谷口北公園上
D18,2A00,しずてつジャストライン,,足久保団地
D18,2A03,しずてつジャストライン,,原田
D18,2A08,しずてつジャストライン,,八十岡入口
D18,2A0D,しずてつジャストライン,,一面
D18,2A12,しずてつジャストライン,,舟沢
D18,2A17,しずてつジャストライン,,舟沢上
D18,2A1C,しずてつジャストライン,,敷地
D18,2A21,しずてつジャストライン,,足久保小学校前
D18,2A23,しずてつジャストライン,,湯権現
D18,2A26,しずてつジャストライン,,栗島(静岡市)
D18,2A2B,しずてつジャストライン,,谷沢
D18,2A30,しずてつジャストライン,,口長島
D18,2A35,しずてつジャストライン,,奥長島
D18,2A39,しずてつジャストライン,,西ヶ谷総合運動場
D18,2A3A,しずてつジャストライン,,西ヶ谷野球場前
D18,2A3F,しずてつジャストライン,,駿府学園
D18,2A44,しずてつジャストライン,,内牧下
D18,2A49,しずてつジャストライン,,内牧公民館
D18,2A4E,しずてつジャストライン,,内牧中
D18,2A53,しずてつジャストライン,,寒谷
D18,2A58,しずてつジャストライン,,和田橋(静岡市)
D18,2A5D,しずてつジャストライン,,内牧
D18,2A5E,しずてつジャストライン,,内牧(降車専用)
D18,2A61,しずてつジャストライン,,ガソリンスタンド
D18,2A64,しずてつジャストライン,,中央体育館前
D18,2A65,しずてつジャストライン,,東御門
D18,2A66,しずてつジャストライン,駿府浪漫バス,駿府城ひつじさる櫓
D18,2A67,しずてつジャストライン,,水落町もくせい会館入口常葉大学静岡水落CP前
D18,2A68,しずてつジャストライン,,常葉学園
D18,2A6B,しずてつジャストライン,駿府浪漫バス,市民文化会館
D18,2A6C,しずてつジャストライン,,横内町静岡学園入口
D18,2A6D,しずてつジャストライン,駿府浪漫バス,アイセル21
D18,2A71,しずてつジャストライン,,巴町
D18,2A76,しずてつジャストライン,,銭座町
D18,2A8F,しずてつジャストライン,,城北高校前
D18,2A94,しずてつジャストライン,,柳新田上
D18,2A99,しずてつジャストライン,,柳新田辻
D18,2A9E,しずてつジャストライン,,県営住宅前
D18,2AA3,しずてつジャストライン,,北安東五丁目
D18,2AA4,しずてつジャストライン,,北安東五丁目
D18,2AA8,しずてつジャストライン,,城北二丁目
D18,2AA9,しずてつジャストライン,,城北二丁目
D18,2AAD,しずてつジャストライン,,静岡中央高校入口
D18,2AB2,しずてつジャストライン,,県立総合病院入口
D18,2ABC,しずてつジャストライン,,県立総合病院
D18,2AC1,しずてつジャストライン,,若葉町
D18,2AC6,しずてつジャストライン,,唐瀬入口
D18,2AC9,しずてつジャストライン,,岳美
D18,2ACB,しずてつジャストライン,,唐瀬
D18,2AD0,しずてつジャストライン,,唐瀬営業所
D18,2AD5,しずてつジャストライン,,三松
D18,2ADF,しずてつジャストライン,,沓谷四丁目
D18,2AE4,しずてつジャストライン,,千代田小学校前
D18,2AE7,しずてつジャストライン,,沓谷五丁目
D18,2AE9,しずてつジャストライン,,沓谷東・アプリイ沓谷前
D18,2AEE,しずてつジャストライン,,上土団地前
D18,2AF3,しずてつジャストライン,,東千代田
D18,2AF8,しずてつジャストライン,,スポーツクラブセイシン前
D18,2AFD,しずてつジャストライン,,南沼上団地入口
D18,2B02,しずてつジャストライン,,東高前
D18,2B07,しずてつジャストライン,,郷堂
D18,2B0C,しずてつジャストライン,,南沼上
D18,2B11,しずてつジャストライン,,利倉神社前
D18,2B16,しずてつジャストライン,,水梨
D18,2B1B,しずてつジャストライン,,水梨上
D18,2B20,しずてつジャストライン,,瀬名四丁目
D18,2B25,しずてつジャストライン,,足ヶ谷
D18,2B2A,しずてつジャストライン,,田ヶ谷(静岡市)
D18,2B2F,しずてつジャストライン,,田ヶ谷入口
D18,2B34,しずてつジャストライン,,北沼上下
D18,2B39,しずてつジャストライン,,北沼上
D18,2B3E,しずてつジャストライン,,北沼上小学校前
D18,2B43,しずてつジャストライン,,松尾
D18,2B48,しずてつジャストライン,,上長尾
D18,2B4D,しずてつジャストライン,,御殿乳母温泉
D18,2B52,しずてつジャストライン,,博士平
D18,2B57,しずてつジャストライン,,平山
D18,2B59,しずてつジャストライン,,太平山入口
D18,2B5C,しずてつジャストライン,,則沢下
D18,2B61,しずてつジャストライン,,則沢
D18,2B62,しずてつジャストライン,,則沢(降車専用)
D18,2B66,しずてつジャストライン,,上土
D18,2B6B,しずてつジャストライン,,川合
D18,2B70,しずてつジャストライン,,南瀬名町
D18,2B75,しずてつジャストライン,,瀬名川一丁目
D18,2B7A,しずてつジャストライン,,瀬名川北
D18,2B7B,しずてつジャストライン,,瀬名川東
D18,2B7C,しずてつジャストライン,,鳥坂営業所
D18,2B7F,しずてつジャストライン,,東瀬名町
D18,2B84,しずてつジャストライン,,西奈中学常葉大学静岡瀬名キャンパス入口
D18,2B89,しずてつジャストライン,,常葉大学附属橘高校入口
D18,2B8E,しずてつジャストライン,,瀬名リンク西奈前
D18,2B93,しずてつジャストライン,,東上
D18,2B98,しずてつジャストライン,,西奈小学校前
D18,2B9D,しずてつジャストライン,,静岡北高入口
D18,2BA2,しずてつジャストライン,,幕ヶ谷
D18,2BA7,しずてつジャストライン,,瀬名新田下
D18,2BAC,しずてつジャストライン,,瀬名新田
D18,2BAF,しずてつジャストライン,,長尾川老人福祉センター
D18,2BB1,しずてつジャストライン,,汐出町
D18,2BB6,しずてつジャストライン,,中央町(静岡市)
D18,2BBB,しずてつジャストライン,,東部団地
D18,2BBE,しずてつジャストライン,,常葉短大
D18,2BC0,しずてつジャストライン,,浅間神社
D18,2BC5,しずてつジャストライン,,丸山町
D18,2BCA,しずてつジャストライン,,大岩本町
D18,2BCF,しずてつジャストライン,,臨済寺前
D18,2BD4,しずてつジャストライン,,大岩町
D18,2BD9,しずてつジャストライン,,大在家
D18,2BDE,しずてつジャストライン,,大岩北
D18,2BE3,しずてつジャストライン,,平ヶ谷
D18,2BE8,しずてつジャストライン,,池ヶ谷
D18,2BED,しずてつジャストライン,,時ヶ谷
D18,2BF2,しずてつジャストライン,,小時
D18,2BF7,しずてつジャストライン,,谷久保
D18,2BFC,しずてつジャストライン,,草場
D18,2C01,しずてつジャストライン,,谷津口
D18,2C06,しずてつジャストライン,,中村(静岡市)
D18,2C0B,しずてつジャストライン,,麻機小学校
D18,2C10,しずてつジャストライン,,有永
D18,2C15,しずてつジャストライン,,有永上
D18,2C17,しずてつジャストライン,,羽高
D18,2C1A,しずてつジャストライン,,JAあさはた北支店前
D18,2C1F,しずてつジャストライン,,麻機
D18,2C20,しずてつジャストライン,,北大門公園入口
D18,2C21,しずてつジャストライン,,麻機不動山
D18,2C22,しずてつジャストライン,,麻機ヶ丘
D18,2C23,しずてつジャストライン,,麻機北
D18,2C24,しずてつジャストライン,,静岡商工会議所前 (静岡駅方面)
D18,2C29,しずてつジャストライン,,静岡商工会議所前 (大浜・徳洲会病院方面)
D18,2C2A,しずてつジャストライン,,静岡商工会議所前
D18,2C2E,しずてつジャストライン,,馬渕一丁目
D18,2C30,しずてつジャストライン,,泉町
D18,2C31,しずてつジャストライン,,南町
D18,2C33,しずてつジャストライン,,馬渕二丁目
D18,2C38,しずてつジャストライン,,馬渕三丁目
D18,2C3D,しずてつジャストライン,,新川(駿河区)
D18,2C42,しずてつジャストライン,,中原町
D18,2C47,しずてつジャストライン,,寿町
D18,2C4C,しずてつジャストライン,,西中原
D18,2C51,しずてつジャストライン,,緑が丘
D18,2C56,しずてつジャストライン,,中野新田
D18,2C5B,しずてつジャストライン,,大里中学校
D18,2C65,しずてつジャストライン,,中島上公民館前
D18,2C6A,しずてつジャストライン,,中島団地前
D18,2C79,しずてつジャストライン,,西島
D18,2C7E,しずてつジャストライン,,大浜
D18,2C81,しずてつジャストライン,,大浜公園入口
D18,2C83,しずてつジャストライン,,大浜プール
D18,2C88,しずてつジャストライン,,南安倍川橋
D18,2C8D,しずてつジャストライン,,マイホームセンター前
D18,2C8F,しずてつジャストライン,,下川原五丁目
D18,2C92,しずてつジャストライン,,下川原団地
D18,2C95,しずてつジャストライン,,徳洲会病院
D18,2C97,しずてつジャストライン,,伊河麻神社前
D18,2C9C,しずてつジャストライン,,稲川町
D18,2C9E,しずてつジャストライン,,八幡三丁目
D18,2CA1,しずてつジャストライン,,大坪町
D18,2CA6,しずてつジャストライン,,城南静岡高入口
D18,2CAB,しずてつジャストライン,,中田三丁目ダイワハウス前
D18,2CB0,しずてつジャストライン,,石田SBS学苑入口
D18,2CB5,しずてつジャストライン,,登呂遺跡入口
D18,2CBA,しずてつジャストライン,,登呂南
D18,2CBF,しずてつジャストライン,,登呂コープタウン入口
D18,2CC4,しずてつジャストライン,,下島北
D18,2CC9,しずてつジャストライン,,下島(静岡市)
D18,2CCE,しずてつジャストライン,,浜敷地
D18,2CD3,しずてつジャストライン,,宮竹
D18,2CD8,しずてつジャストライン,,宮竹児童公園前
D18,2CDB,しずてつジャストライン,,高松公民館
D18,2CDD,しずてつジャストライン,,高松(静岡市)
D18,2CE2,しずてつジャストライン,,大谷(静岡市)
D18,2CEC,しずてつジャストライン,,西平松
D18,2CF1,しずてつジャストライン,,中平松
D18,2CF6,しずてつジャストライン,,青沢
D18,2CFB,しずてつジャストライン,,古宿
D18,2D00,しずてつジャストライン,,久能学校前
D18,2D05,しずてつジャストライン,,安居
D18,2D0A,しずてつジャストライン,,久能山下
D18,2D0F,しずてつジャストライン,,敷地二丁目
D18,2D14,しずてつジャストライン,,敷地北
D18,2D19,しずてつジャストライン,,宮竹二丁目
D18,2D1E,しずてつジャストライン,,東大谷
D18,2D20,しずてつジャストライン,,大谷中
D18,2D23,しずてつジャストライン,,大谷境
D18,2D28,しずてつジャストライン,,久能幼稚園前
D18,2D2D,しずてつジャストライン,,久能局前
D18,2D32,しずてつジャストライン,,静岡駅南口
D18,2D35,しずてつジャストライン,,石田イオンセントラルスクエア静岡
D18,2D37,しずてつジャストライン,,駿河区役所静岡新聞社前
D18,2D39,しずてつジャストライン,,ポリテクセンター静岡
D18,2D3C,しずてつジャストライン,,登呂遺跡
D18,2D40,しずてつジャストライン,,瀬名川南
D18,2D41,しずてつジャストライン,,弥生町
D18,2D47,しずてつジャストライン,,草薙駅前(降車専用)
D18,2D48,しずてつジャストライン,,草薙駅北口
D18,2D4B,しずてつジャストライン,,草薙一丁目
D18,2D50,しずてつジャストライン,,県立大学入口
D18,2D53,しずてつジャストライン,,県立大学前
D18,2D55,しずてつジャストライン,,つつじヶ丘団地入口
D18,2D5A,しずてつジャストライン,,草薙神社前
D18,2D5F,しずてつジャストライン,,草薙団地入口
D18,2D60,しずてつジャストライン,,桜田公園
D18,2D61,しずてつジャストライン,,草薙団地
D18,2D62,しずてつジャストライン,,草薙団地西
D18,2D63,しずてつジャストライン,,草薙団地北
D18,2D64,しずてつジャストライン,,栄町(静岡市)
D18,2D65,しずてつジャストライン,,静岡ガスエネリアショールーム静岡入口
D18,2D69,しずてつジャストライン,,日の出町
D18,2D6E,しずてつジャストライン,,下横田
D18,2D73,しずてつジャストライン,,曲金静岡視覚特別支援学校静鉄不動産静岡南店前
D18,2D78,しずてつジャストライン,,曲金六丁目
D18,2D7D,しずてつジャストライン,,曲金七丁目
D18,2D7F,しずてつジャストライン,,東静岡駅南口
D18,2D82,しずてつジャストライン,,池田橋
D18,2D87,しずてつジャストライン,,長沼大橋南
D18,2D8C,しずてつジャストライン,,東豊田小学校前
D18,2D91,しずてつジャストライン,,西峯田
D18,2D96,しずてつジャストライン,,畑守稲荷前
D18,2D9B,しずてつジャストライン,,動物園入口
D18,2DA0,しずてつジャストライン,,日本平動物園
D18,2DA5,しずてつジャストライン,,大黒橋
D18,2DAA,しずてつジャストライン,,聖一色西
D18,2DAF,しずてつジャストライン,,円福寺
D18,2DB4,しずてつジャストライン,,聖一色
D18,2DB9,しずてつジャストライン,,草薙陸上競技場南
D18,2DBE,しずてつジャストライン,,草薙野球場南
D18,2DC5,しずてつジャストライン,,国吉田公民館
D18,2DC8,しずてつジャストライン,,静鉄美術館駅前
D18,2DCD,しずてつジャストライン,,並木通り
D18,2DD2,しずてつジャストライン,,プロムナード
D18,2DD7,しずてつジャストライン,県立美術館線/草薙瀬名新田線,県立美術館
D18,2DE1,しずてつジャストライン,,北安東三丁目
D18,2DE6,しずてつジャストライン,,大岩二丁目
D18,2DEB,しずてつジャストライン,,記念碑前
D18,2DF0,しずてつジャストライン,,安東小学校前
D18,2DF5,しずてつジャストライン,,安東二丁目北
D18,2DFA,しずてつジャストライン,,安東一丁目
D18,2DFF,しずてつジャストライン,,長谷通り
D18,2E04,しずてつジャストライン,,英和女学院前
D18,2E09,しずてつジャストライン,,西草深町
D18,2E0E,しずてつジャストライン,,馬渕四丁目
D18,2E13,しずてつジャストライン,,見瀬第一テレビ入口
D18,2E18,しずてつジャストライン,,中村町上
D18,2E1D,しずてつジャストライン,,中村町下
D18,2E1F,しずてつジャストライン,,中田四丁目
D18,2E22,しずてつジャストライン,,西脇 ハローワーク静岡入口
D18,2E27,しずてつジャストライン,,西脇下
D18,2E2C,しずてつジャストライン,,柳新田
D18,2E31,しずてつジャストライン,,竜南一丁目
D18,2E36,しずてつジャストライン,,千代田四丁目
D18,2E3B,しずてつジャストライン,,市立高校前
D18,2E45,しずてつジャストライン,こども病院線,流通センター入口
D18,2E4A,しずてつジャストライン,,加藤島
D18,2E4F,しずてつジャストライン,こども病院線,下足洗
D18,2E7C,しずてつジャストライン,こども病院線,千代田七丁目 東部体育館入口
D18,2E81,しずてつジャストライン,こども病院線,千代田六丁目
D18,2E86,しずてつジャストライン,,済生会病院前
D18,2E8B,しずてつジャストライン,,小鹿局前
D18,2E90,しずてつジャストライン,,競輪場入口
D18,2E95,しずてつジャストライン,,小鹿
D18,2E9A,しずてつジャストライン,,小鹿公民館前
D18,2E9F,しずてつジャストライン,,堀ノ内
D18,2EA4,しずてつジャストライン,,片山
D18,2EA9,しずてつジャストライン,,片山南
D18,2EAE,しずてつジャストライン,,宮川
D18,2EB3,しずてつジャストライン,,井庄
D18,2EB8,しずてつジャストライン,,大谷小学校前
D18,2ECC,しずてつジャストライン,,小黒二丁目東
D18,2ED1,しずてつジャストライン,,曲金三丁目 歯科医師会館
D18,2ED6,しずてつジャストライン,,農業会館前
D18,2EDB,しずてつジャストライン,,県立短大
D18,2EE0,しずてつジャストライン,,三菱電機前
D18,2EE5,しずてつジャストライン,,競輪場前
D18,2EEF,しずてつジャストライン,,八幡一丁目
D18,2EF4,しずてつジャストライン,,八幡二丁目
D18,2EF9,しずてつジャストライン,,小黒二丁目
D18,2F0D,しずてつジャストライン,,池田
D18,2F12,しずてつジャストライン,,本覚寺入口
D18,2F17,しずてつジャストライン,,小鹿北原
D18,2F1C,しずてつジャストライン,,伝馬町
D18,2F21,しずてつジャストライン,,小黒三丁目 南部体育館入口
D18,2F2B,しずてつジャストライン,,静岡総合庁舎前
D18,2F30,しずてつジャストライン,,有明町南
D18,2F34,しずてつジャストライン,,小鹿営業所
D18,2F35,しずてつジャストライン,,駿河総合高校前
D18,2F3A,しずてつジャストライン,,富士見台・駿河総合高校入口
D18,2F3F,しずてつジャストライン,,登呂一丁目
D18,2F44,しずてつジャストライン,,登呂二丁目
D18,2F45,しずてつジャストライン,,登呂二丁目南
D18,2F49,しずてつジャストライン,,宮竹一丁目
D18,2F4E,しずてつジャストライン,,高松公園
D18,2F53,しずてつジャストライン,,登呂コープタウン
D18,2F71,しずてつジャストライン,,英和学院大学池田山団地
D18,2F74,しずてつジャストライン,,舞台芸術公園
D18,2F79,しずてつジャストライン,,日本平メモリアルガーデン
D18,2F80,しずてつジャストライン,,遊木の森入口
D18,2F85,しずてつジャストライン,,日本平夢テラス入口
D18,2F88,しずてつジャストライン,,日本平ホテル
D18,2F8A,しずてつジャストライン,,日本平ロープウェイ
D18,2F8F,しずてつジャストライン,,豊田一丁目
D18,2F94,しずてつジャストライン,,豊田中学ツインメッセ前
D18,2F9E,しずてつジャストライン,,岩成不動
D18,2FC1,しずてつジャストライン,,アイセル21
D18,2FC6,しずてつジャストライン,,安東二丁目
D18,2FCB,しずてつジャストライン,,中電社宅前
D18,2FDA,しずてつジャストライン,,千代田一丁目
D18,2FDF,しずてつジャストライン,,上足洗
D18,2FE4,しずてつジャストライン,,上足洗北
D18,2FE9,しずてつジャストライン,,柳新田西
D18,2FEE,しずてつジャストライン,,柳新田北
D18,2FF3,しずてつジャストライン,,北安東四丁目血液センター
D18,2FF8,しずてつジャストライン,,北安東四丁目西
D18,2FFA,しずてつジャストライン,,北安東保育園前
D18,2FFD,しずてつジャストライン,こども病院線,こども病院
D18,2FFE,しずてつジャストライン,こども病院線,静岡神経医療センター
D18,2FFF,しずてつジャストライン,,ガススタンド
D18,3011,しずてつジャストライン,,御幸町
D18,3016,しずてつジャストライン,,紺屋町
D18,301B,しずてつジャストライン,藁科線/駿府浪漫バス(休日ルート),七間町
D18,3020,しずてつジャストライン,,駿河町七ぶらシネマ通り
D18,3025,しずてつジャストライン,,駒形二丁目
D18,302A,しずてつジャストライン,,駒形三丁目
D18,302F,しずてつジャストライン,,駒形五丁目
D18,3034,しずてつジャストライン,,駒形六丁目
D18,3039,しずてつジャストライン,,駒形小学校前
D18,303E,しずてつジャストライン,,南田町
D18,3043,しずてつジャストライン,,田町七丁目
D18,3048,しずてつジャストライン,,田町五丁目
D18,304D,しずてつジャストライン,,田町四丁目
D18,3052,しずてつジャストライン,,田町三丁目
D18,3057,しずてつジャストライン,,田町二丁目
D18,305C,しずてつジャストライン,,田町一丁目
D18,3061,しずてつジャストライン,,柳町
D18,3066,しずてつジャストライン,,安西四丁目
D18,3069,しずてつジャストライン,,安西四丁目東
D18,306B,しずてつジャストライン,,安西二丁目
D18,3070,しずてつジャストライン,,安西一丁目
D18,3075,しずてつジャストライン,,静岡厚生病院
D18,307A,しずてつジャストライン,,神明町
D18,307F,しずてつジャストライン,,神明宮
D18,3089,しずてつジャストライン,,水道町北
D18,308A,しずてつジャストライン,,若松町(静岡市)
D18,308B,しずてつジャストライン,,水道町南
D18,308E,しずてつジャストライン,,平和町
D18,3093,しずてつジャストライン,,安倍川スポーツ広場
D18,3098,しずてつジャストライン,,桜町下
D18,309D,しずてつジャストライン,,桜町団地
D18,309F,しずてつジャストライン,,桜町公民館
D18,30A0,しずてつジャストライン,,桜町
D18,30A2,しずてつジャストライン,,本通三丁目(静岡市)
D18,30A5,しずてつジャストライン,,梅屋町
D18,30A7,しずてつジャストライン,,屋形町
D18,30AC,しずてつジャストライン,,一番町
D18,30B1,しずてつジャストライン,,安西五丁目
D18,30B6,しずてつジャストライン,,山崎(静岡市)
D18,30BB,しずてつジャストライン,,大門橋
D18,30C0,しずてつジャストライン,,服織中学校前
D18,30C5,しずてつジャストライン,,羽鳥団地前
D18,30CA,しずてつジャストライン,,服織小学校入口
D18,30CF,しずてつジャストライン,,羽鳥
D18,30D1,しずてつジャストライン,,藁科学習センター
D18,30D4,しずてつジャストライン,,羽鳥村上
D18,30D9,しずてつジャストライン,,大柳
D18,30DE,しずてつジャストライン,,見性寺入口
D18,30E3,しずてつジャストライン,,新間
D18,30E8,しずてつジャストライン,,中小屋
D18,30ED,しずてつジャストライン,,谷津ターミナル(静岡市)
D18,30F2,しずてつジャストライン,,谷津団地前
D18,30F7,しずてつジャストライン,,秀島下
D18,30FC,しずてつジャストライン,,秀島
D18,3101,しずてつジャストライン,,株田
D18,3106,しずてつジャストライン,,中藁科保育園前
D18,310B,しずてつジャストライン,,中藁科学校入口
D18,310C,しずてつジャストライン,,寺ヶ谷
D18,310D,しずてつジャストライン,,上ヶ谷戸
D18,310E,しずてつジャストライン,,小丹沢
D18,310F,しずてつジャストライン,,大原森
D18,3110,しずてつジャストライン,,夜打島
D18,3115,しずてつジャストライン,,奈良間
D18,311A,しずてつジャストライン,,青の木
D18,311C,しずてつジャストライン,,富沢病院
D18,311F,しずてつジャストライン,,富沢
D18,3124,しずてつジャストライン,,静岡リハビリテーション病院
D18,3129,しずてつジャストライン,,市本
D18,312E,しずてつジャストライン,,赤沢下
D18,3133,しずてつジャストライン,,赤沢
D18,3138,しずてつジャストライン,,寺島下
D18,313D,しずてつジャストライン,,寺島(静岡市)
D18,3142,しずてつジャストライン,,鍵穴
D18,3147,しずてつジャストライン,,大瀬戸
D18,314C,しずてつジャストライン,,小島(静岡市)
D18,314F,しずてつジャストライン,,坂ノ上入口
D18,3151,しずてつジャストライン,,杉尾入口
D18,3156,しずてつジャストライン,,坂ノ上中
D18,3157,しずてつジャストライン,,坂ノ上
D18,315B,しずてつジャストライン,,宇山
D18,3160,しずてつジャストライン,,立石
D18,3165,しずてつジャストライン,,森林組合前
D18,316A,しずてつジャストライン,,小向
D18,316F,しずてつジャストライン,,堂下
D18,3174,しずてつジャストライン,,大川小学校前
D18,3179,しずてつジャストライン,,日向
D18,317E,しずてつジャストライン,,八幡(静岡市)
D18,3183,しずてつジャストライン,,昼居渡
D18,3188,しずてつジャストライン,,清沢学校前
D18,318D,しずてつジャストライン,,下相俣
D18,3192,しずてつジャストライン,,相俣
D18,3197,しずてつジャストライン,,上相俣
D18,319C,しずてつジャストライン,,尾沢渡
D18,319D,しずてつジャストライン,,向敷地
D18,319E,しずてつジャストライン,,長田北小学校
D18,319F,しずてつジャストライン,,向敷地上
D18,31A0,しずてつジャストライン,,県工業技術研究所
D18,31A1,しずてつジャストライン,,久能尾
D18,31A2,しずてつジャストライン,,静岡西高校
D18,31A5,しずてつジャストライン,,工業技術センター(降車専用)
D18,31A6,しずてつジャストライン,,蛍ヶ丘団地前
D18,31AB,しずてつジャストライン,,JA服西支店
D18,31B0,しずてつジャストライン,,服織西小学校前
D18,31B5,しずてつジャストライン,,都沢入口
D18,31BA,しずてつジャストライン,,中村公民館前
D18,31BF,しずてつジャストライン,,久住沢入口
D18,31C4,しずてつジャストライン,,大野田
D18,31C9,しずてつジャストライン,,いなり橋
D18,31CE,しずてつジャストライン,,一色
D18,31D3,しずてつジャストライン,,牧ヶ谷
D18,31D8,しずてつジャストライン,,産女
D18,31DD,しずてつジャストライン,,木工団地前
D18,31E2,しずてつジャストライン,,産女動物愛護館
D18,31E7,しずてつジャストライン,,吉津
D18,31EC,しずてつジャストライン,,南藁科小学校前
D18,31F1,しずてつジャストライン,,老人ホーム前
D18,31F6,しずてつジャストライン,,飯間
D18,31FB,しずてつジャストライン,,上飯間
D18,3200,しずてつジャストライン,,小瀬戸入口
D18,3203,しずてつジャストライン,,小瀬戸境
D18,3205,しずてつジャストライン,,小瀬戸
D18,320A,しずてつジャストライン,,常磐町
D18,320F,しずてつジャストライン,,川辺町
D18,3214,しずてつジャストライン,,新通小学校前
D18,3219,しずてつジャストライン,,新通一丁目
D18,321E,しずてつジャストライン,,新通一丁目西
D18,3223,しずてつジャストライン,,新通二丁目
D18,322D,しずてつジャストライン,,安倍川橋
D18,322E,しずてつジャストライン,,手越北
D18,322F,しずてつジャストライン,,手越南
D18,3232,しずてつジャストライン,,手越
D18,3237,しずてつジャストライン,,手越原
D18,323C,しずてつジャストライン,,轟橋
D18,3246,しずてつジャストライン,,鎌田四ツ角
D18,324B,しずてつジャストライン,,寺田
D18,3250,しずてつジャストライン,,長田学習センター
D18,3255,しずてつジャストライン,,青木上
D18,325A,しずてつジャストライン,,青木(静岡市)
D18,325F,しずてつジャストライン,,巴川製紙前
D18,3264,しずてつジャストライン,,小坂入口
D18,3269,しずてつジャストライン,,赤坂入口
D18,326B,しずてつジャストライン,,大和田入口
D18,326E,しずてつジャストライン,,JA小坂支店
D18,3273,しずてつジャストライン,,小坂下
D18,3278,しずてつジャストライン,,安養寺前
D18,327D,しずてつジャストライン,,小坂公民館前
D18,3282,しずてつジャストライン,,本通六丁目(葵区)
D18,3287,しずてつジャストライン,,本通八丁目 ラペック静岡
D18,328C,しずてつジャストライン,,本通十丁目
D18,3291,しずてつジャストライン,,本通西町
D18,3296,しずてつジャストライン,,丸子新田
D18,329B,しずてつジャストライン,,東新田北
D18,32A0,しずてつジャストライン,,長田東小学校前
D18,32A5,しずてつジャストライン,,東新田団地前
D18,32AA,しずてつジャストライン,,下川原一丁目
D18,32AF,しずてつジャストライン,,下川原二丁目
D18,32B4,しずてつジャストライン,,天満宮公園
D18,32B9,しずてつジャストライン,,下川原(駿河区)
D18,32BE,しずてつジャストライン,,佐渡
D18,32C2,しずてつジャストライン,,丸子二丁目
D18,32C3,しずてつジャストライン,,丸子三丁目
D18,32C8,しずてつジャストライン,,丸子営業所
D18,32E6,しずてつジャストライン,,宝台院
D18,32EB,しずてつジャストライン,,西門町 あざれあ前
D18,32F0,しずてつジャストライン,,清閑町
D18,32F5,しずてつジャストライン,,清閑町西
D18,32FA,しずてつジャストライン,,南安倍町
D18,32FF,しずてつジャストライン,,東新田上
D18,3304,しずてつジャストライン,,東新田
D18,3309,しずてつジャストライン,,川原
D18,330E,しずてつジャストライン,,みずほ三丁目
D18,3313,しずてつジャストライン,,広野口
D18,3318,しずてつジャストライン,,広野 長田南小学校
D18,331D,しずてつジャストライン,,静岡西郵便局 用宗漁港入口
D18,3322,しずてつジャストライン,,用宗東
D18,3324,しずてつジャストライン,,用宗港
D18,3325,しずてつジャストライン,,用宗老人福祉センター
D18,3327,しずてつジャストライン,,用宗駅前
D18,332C,しずてつジャストライン,安倍川駅徳洲会病院線,安倍川駅前
D18,3331,しずてつジャストライン,,下川原三丁目西
D18,3361,しずてつジャストライン,,東静岡駅北口
D18,3363,しずてつジャストライン,,長沼
D18,3368,しずてつジャストライン,,国道古庄
D18,336D,しずてつジャストライン,,国吉田一丁目
D18,3372,しずてつジャストライン,,シャンソン前
D18,3377,しずてつジャストライン,,中吉田
D18,337C,しずてつジャストライン,,丸子団地入口
D18,3381,しずてつジャストライン,,北丸子金属団地入口
D18,3386,しずてつジャストライン,,新丸子
D18,338B,しずてつジャストライン,,丸子橋入口
D18,3390,しずてつジャストライン,,吐月峰駿府匠宿入口
D18,3395,しずてつジャストライン,,二軒家 大鈩不動尊入口(静岡市)
D18,339A,しずてつジャストライン,,長田西小学校入口
D18,3501,しずてつジャストライン,,藤枝駅前バス案内所
D18,3502,しずてつジャストライン,,藤枝駅前バス案内所
D18,3504,しずてつジャストライン,,藤枝駅前バス案内所
D18,3505,しずてつジャストライン,,藤枝駅前バス案内所
D18,3A98,しずてつジャストライン,,中田小学校
D18,3A9D,しずてつジャストライン,,中田二丁目
D18,3AA2,しずてつジャストライン,,中田三丁目西
D18,3CC3,しずてつジャストライン,,常葉大学
D18,3CC8,しずてつジャストライン,,千代一丁目
D18,3CCD,しずてつジャストライン,,千代公民館前
D18,3CD2,しずてつジャストライン,,千代二丁目
D18,3CD7,しずてつジャストライン,,慈悲尾南
D18,3CF0,しずてつジャストライン,,水見色入口
D18,3CF5,しずてつジャストライン,,水見色公民館前
D18,3CFA,しずてつジャストライン,,水見色小学校
D18,3D00,しずてつジャストライン,,水見色
D18,3D04,しずてつジャストライン,,駿河大橋
D18,3D09,しずてつジャストライン,,静大片山
D18,3D0E,しずてつジャストライン,,静大宮川
D18,3D13,しずてつジャストライン,,駿河台公園
D18,3D18,しずてつジャストライン,美和大谷線,ふじのくに地球環境史ミュージアム
D18,3D1D,しずてつジャストライン,水梨東高線,足ヶ谷上
D18,3D54,しずてつジャストライン,,浅間通り二番街
D18,3D59,しずてつジャストライン,,浅間通り
D18,3D63,しずてつジャストライン,,呉服町一丁目
D18,3D68,しずてつジャストライン,,呉服町二丁目
D18,3D6D,しずてつジャストライン,,静岡高校入口
D18,3D6E,しずてつジャストライン,,洋光台入口
D18,3D6F,しずてつジャストライン,,済生会病院南
D18,3D70,しずてつジャストライン,,済生会病院正面
D18,3D72,しずてつジャストライン,,華陽院
D18,3D77,しずてつジャストライン,,富厚団地
D18,3D78,しずてつジャストライン,,富厚橋西
D18,3D7C,しずてつジャストライン,,諸子沢
D18,3D81,しずてつジャストライン,,湯ノ島温泉
D18,3D86,しずてつジャストライン,,湯ノ島公民館
D18,4101,しずてつジャストライン,,浜岡営業所窓口
D18,4701,静岡鉄道,静岡清水線,新静岡駅 窓口(1号機)
D18,4702,静岡鉄道,静岡清水線,新静岡駅 窓口(2号機)
D18,4704,静岡鉄道,静岡清水線,新静岡駅 窓口(有人窓口071)
D18,4E25,しずてつジャストライン,,清水駅
D18,4E26,しずてつジャストライン,,清水駅
D18,4E2A,しずてつジャストライン,,辻
D18,4E2F,しずてつジャストライン,,清水郵便局
D18,4E32,しずてつジャストライン,,静鉄車庫
D18,4E34,しずてつジャストライン,,袖師小学校入口
D18,4E39,しずてつジャストライン,,庵原橋
D18,4E3E,しずてつジャストライン,,横砂西
D18,4E43,しずてつジャストライン,,横砂
D18,4E48,しずてつジャストライン,,清見潟
D18,4E4D,しずてつジャストライン,,清見寺前
D18,4E52,しずてつジャストライン,,興津不動前
D18,4E57,しずてつジャストライン,,興津宿公園前
D18,4E5C,しずてつジャストライン,,興津駅前
D18,4E61,しずてつジャストライン,,興津駅入口
D18,4E6B,しずてつジャストライン,,県営興津団地前
D18,4E70,しずてつジャストライン,,興津小学校
D18,4E75,しずてつジャストライン,,興津ラセン前
D18,4E7A,しずてつジャストライン,,JA興津支所前
D18,4E7F,しずてつジャストライン,,新浦安橋
D18,4E84,しずてつジャストライン,,八木間上
D18,4E86,しずてつジャストライン,,消防学校前
D18,4E89,しずてつジャストライン,,谷津(清水区)
D18,4E8E,しずてつジャストライン,,承元寺入口
D18,4E93,しずてつジャストライン,,栗原(清水区)
D18,4E98,しずてつジャストライン,,小島
D18,4E9D,しずてつジャストライン,,立花入口
D18,4EA2,しずてつジャストライン,,小島郵便局前
D18,4EA7,しずてつジャストライン,,但沼
D18,4EAC,両河内線自主運行バス,宍原系統,小島中学校入口
D18,4EB1,両河内線自主運行バス,宍原系統,下町屋
D18,4EB6,両河内線自主運行バス,宍原系統,番古
D18,4EBB,両河内線自主運行バス,宍原系統,中河原(清水区)
D18,4EC0,両河内線自主運行バス,宍原系統,中里(清水区)
D18,4EC5,両河内線自主運行バス,宍原系統,宮の脇
D18,4ECA,両河内線自主運行バス,宍原系統,小河内
D18,4ECF,両河内線自主運行バス,宍原系統,上町屋
D18,4ED4,両河内線自主運行バス,宍原系統,舟場
D18,4ED9,両河内線自主運行バス,宍原系統,舞台
D18,4EDE,両河内線自主運行バス,宍原系統,坂本(清水区)
D18,4EE3,両河内線自主運行バス,宍原系統,坂本温泉
D18,4EE8,両河内線自主運行バス,宍原系統,上倉
D18,4EED,両河内線自主運行バス,宍原系統,逢坂
D18,4EF2,両河内線自主運行バス,宍原系統,清水工業団地
D18,4EF7,両河内線自主運行バス,宍原系統,清水平山
D18,4EFC,両河内線自主運行バス,宍原系統,宍原
D18,4F01,両河内線自主運行バス,宍原系統,宍原車庫前
D18,4F74,しずてつジャストライン,,但沼車庫前
D18,4F79,両河内線自主運行バス,大平系統/板井沢系統,長又
D18,4F7E,両河内線自主運行バス,大平系統/板井沢系統,雨乞
D18,4F83,両河内線自主運行バス,大平系統/板井沢系統,清地
D18,4F88,両河内線自主運行バス,大平系統/板井沢系統,高瀬(清水区)
D18,4F8B,両河内線自主運行バス,板井沢系統,高瀬上(清水区)
D18,4F8D,両河内線自主運行バス,板井沢系統,下田橋
D18,4F92,両河内線自主運行バス,板井沢系統,小川(清水区)
D18,4F97,両河内線自主運行バス,板井沢系統,桑又
D18,4F9C,両河内線自主運行バス,板井沢系統,桑原(清水区)
D18,4FA1,両河内線自主運行バス,板井沢系統,遠呂島
D18,4FA6,両河内線自主運行バス,板井沢系統,遠呂島上
D18,4FAB,両河内線自主運行バス,板井沢系統,中河内学校前
D18,4FB0,両河内線自主運行バス,板井沢系統,木山野
D18,4FB5,両河内線自主運行バス,板井沢系統,中河内(清水区)
D18,4FBA,両河内線自主運行バス,板井沢系統,宮島(清水区)
D18,4FBF,両河内線自主運行バス,板井沢系統,松葉
D18,4FC4,両河内線自主運行バス,板井沢系統,板井沢
D18,4FC9,両河内線自主運行バス,大平系統/板井沢系統,和田島
D18,4FCE,両河内線自主運行バス,大平系統,JA両河内支所前
D18,4FD3,両河内線自主運行バス,大平系統,茂の島東
D18,4FD8,両河内線自主運行バス,大平系統,茂の島
D18,4FDD,両河内線自主運行バス,大平系統,前沢口
D18,4FE2,両河内線自主運行バス,大平系統,大網口
D18,4FE7,両河内線自主運行バス,大平系統,土
D18,4FEC,両河内線自主運行バス,大平系統,西河内小学校
D18,4FF1,両河内線自主運行バス,大平系統,宮城
D18,4FF6,両河内線自主運行バス,大平系統,寺尾島
D18,4FF9,両河内線自主運行バス,大平系統,西里温泉前
D18,4FFB,両河内線自主運行バス,大平系統,下片瀬
D18,5000,両河内線自主運行バス,大平系統,片瀬
D18,5002,両河内線自主運行バス,大平系統,八幡温泉前
D18,5005,両河内線自主運行バス,大平系統,河内局前
D18,500A,両河内線自主運行バス,大平系統,河内(清水区)
D18,500F,両河内線自主運行バス,大平系統,大島入口
D18,5014,両河内線自主運行バス,大平系統,岩下
D18,5019,両河内線自主運行バス,大平系統,大平南
D18,501E,両河内線自主運行バス,大平系統,大平下
D18,5023,両河内線自主運行バス,大平系統,大平中
D18,5028,両河内線自主運行バス,大平系統,大平
D18,505F,しずてつジャストライン,,横砂本町
D18,5064,しずてつジャストライン,,横砂南町
D18,5069,しずてつジャストライン,,仲浜町
D18,506E,しずてつジャストライン,,新清水
D18,5073,しずてつジャストライン,,清水区役所
D18,5078,しずてつジャストライン,,万世町
D18,507D,しずてつジャストライン,,港橋
D18,5082,しずてつジャストライン,,波止場フェルケール博物館
D18,5087,しずてつジャストライン,,日の出センター
D18,508C,しずてつジャストライン,,埠頭
D18,5091,しずてつジャストライン,,清水総合運動場
D18,5096,しずてつジャストライン,,清開二丁目
D18,509B,しずてつジャストライン,,村松
D18,50A0,しずてつジャストライン,,宮加三
D18,50A5,しずてつジャストライン,,駒越北
D18,50AA,しずてつジャストライン,,駒越
D18,50AF,しずてつジャストライン,,西折戸
D18,50B4,しずてつジャストライン,,折戸
D18,50B9,しずてつジャストライン,,翔洋高校
D18,50BE,しずてつジャストライン,,東海大学・海技短大前
D18,50C3,しずてつジャストライン,,折戸車庫
D18,50C8,しずてつジャストライン,,東折戸
D18,50CD,しずてつジャストライン,,白浜町
D18,50CE,しずてつジャストライン,,世界遺産三保松原
D18,50D2,しずてつジャストライン,,三保松原入口
D18,50D5,しずてつジャストライン,,世界遺産三保松原 神の道入口
D18,50D7,しずてつジャストライン,,三保ふれあい広場
D18,50D9,しずてつジャストライン,三保山の手線,世界遺産三保松原
D18,50DC,しずてつジャストライン,,三保本町
D18,50E1,しずてつジャストライン,,三保車庫前
D18,50E4,しずてつジャストライン,,エスパルス練習場入口 水上バスのりば
D18,50E6,しずてつジャストライン,,三保グラウンド
D18,50EB,しずてつジャストライン,,東海大学三保水族館
D18,50FD,しずてつジャストライン,,ハートピア清水
D18,50FF,しずてつジャストライン,,清水税務署前
D18,5104,しずてつジャストライン,,大手町
D18,5109,しずてつジャストライン,,江尻台町
D18,510E,しずてつジャストライン,,永楽町(清水区)
D18,5113,しずてつジャストライン,,高橋西入口保健センター入口
D18,5118,しずてつジャストライン,,高橋花の木
D18,511D,しずてつジャストライン,,清水警察署前
D18,5122,しずてつジャストライン,,押切
D18,5125,しずてつジャストライン,,押切南ふれあい公園前
D18,5127,しずてつジャストライン,,押切西
D18,512C,しずてつジャストライン,,大内観音入口
D18,5131,しずてつジャストライン,,大内西
D18,5136,しずてつジャストライン,,矢崎(清水区)
D18,513B,しずてつジャストライン,,鳥坂東
D18,513C,しずてつジャストライン,,鳥坂
D18,513D,しずてつジャストライン,,フレスポ静岡
D18,5140,しずてつジャストライン,,一中前
D18,5145,しずてつジャストライン,,辻四丁目
D18,514A,しずてつジャストライン,,辻五丁目
D18,514F,しずてつジャストライン,,秋葉前
D18,5154,しずてつジャストライン,,秋吉町
D18,5159,しずてつジャストライン,,高橋東
D18,515E,しずてつジャストライン,,高橋(清水区)
D18,5161,しずてつジャストライン,,高橋四丁目
D18,5163,しずてつジャストライン,,飯田小学校入口
D18,5168,しずてつジャストライン,,下野
D18,516D,しずてつジャストライン,,山原下
D18,5172,しずてつジャストライン,,山原中
D18,5177,しずてつジャストライン,,山原
D18,517C,しずてつジャストライン,,高橋西
D18,5181,しずてつジャストライン,,天王町
D18,5186,しずてつジャストライン,,東団地入口
D18,518B,しずてつジャストライン,,高部小学校前
D18,5190,しずてつジャストライン,,押切宮の前
D18,5195,しずてつジャストライン,,旭ヶ丘(清水区)
D18,519A,しずてつジャストライン,,柏尾
D18,519F,しずてつジャストライン,,梅ヶ谷下
D18,51A4,しずてつジャストライン,,梅ヶ谷
D18,51A9,しずてつジャストライン,,梅ヶ谷中
D18,51AE,しずてつジャストライン,,第六中学校前
D18,51B3,しずてつジャストライン,,石川東名下
D18,51B8,しずてつジャストライン,,高部東小学校入口
D18,51BD,しずてつジャストライン,,中央共選場前
D18,51C2,しずてつジャストライン,,新和田川橋
D18,51C7,しずてつジャストライン,,蜂ヶ谷団地入口
D18,51CC,しずてつジャストライン,,蜂ヶ谷中
D18,51D1,しずてつジャストライン,,蜂ヶ谷
D18,51D6,しずてつジャストライン,,大手二丁目
D18,51DB,しずてつジャストライン,,清水東高前
D18,51E0,しずてつジャストライン,,南光
D18,51E5,しずてつジャストライン,,鹿島神社前
D18,51EA,しずてつジャストライン,,元西久保
D18,51EF,しずてつジャストライン,,龍雲院前
D18,51F4,しずてつジャストライン,,松花
D18,51F9,しずてつジャストライン,,下川原(清水区)
D18,51FE,しずてつジャストライン,,小里入口
D18,5203,しずてつジャストライン,,庵原小学校前
D18,5208,しずてつジャストライン,,清水庵原球場入口
D18,520A,しずてつジャストライン,,トレーニングセンター
D18,520D,しずてつジャストライン,,金谷
D18,5212,しずてつジャストライン,,金谷上
D18,5217,しずてつジャストライン,,下伊佐布
D18,521C,しずてつジャストライン,,伊佐布
D18,5221,しずてつジャストライン,,坂口
D18,5226,しずてつジャストライン,,上伊佐布
D18,522B,しずてつジャストライン,,庵原中学校前
D18,5230,しずてつジャストライン,,草ヶ谷
D18,5235,しずてつジャストライン,,時候前
D18,523A,しずてつジャストライン,,山切中
D18,523F,しずてつジャストライン,,山切
D18,5244,しずてつジャストライン,,杉山
D18,5249,しずてつジャストライン,,八柱神社前
D18,524E,しずてつジャストライン,,奥杉山
D18,5253,しずてつジャストライン,,戸倉入口
D18,5258,しずてつジャストライン,,吉原温泉
D18,525D,しずてつジャストライン,,吉原温泉上
D18,525F,しずてつジャストライン,,吉原口
D18,5260,しずてつジャストライン,,新吉原橋
D18,5262,しずてつジャストライン,,吉原
D18,5267,しずてつジャストライン,,昭代橋
D18,526C,しずてつジャストライン,,尾羽
D18,5271,しずてつジャストライン,,横砂入口
D18,5276,しずてつジャストライン,,広瀬橋
D18,527B,しずてつジャストライン,,広瀬
D18,5280,しずてつジャストライン,,広瀬奥
D18,5285,しずてつジャストライン,,池の沢橋
D18,528A,しずてつジャストライン,,茂畑口
D18,528F,しずてつジャストライン,,茂畑
D18,5294,しずてつジャストライン,,千日原
D18,5299,しずてつジャストライン,,興津東町
D18,529E,しずてつジャストライン,,さった
D18,52A3,しずてつジャストライン,,井上
D18,52A8,しずてつジャストライン,,承元寺下
D18,52AD,しずてつジャストライン,,承元寺
D18,52B1,しずてつジャストライン,,二の丸町(清水区)
D18,52B7,しずてつジャストライン,,大曲(清水区)
D18,52BC,しずてつジャストライン,,渋川保健センター入口
D18,52C1,しずてつジャストライン,,クミアイ化学前
D18,52C6,しずてつジャストライン,,栗田家具センター前
D18,52CB,しずてつジャストライン,,小糸前
D18,52D0,しずてつジャストライン,,吉川
D18,52D5,しずてつジャストライン,,七ツ新屋
D18,52DA,しずてつジャストライン,,新長崎
D18,52DF,しずてつジャストライン,,有度局前
D18,52E4,しずてつジャストライン,,草薙東
D18,52E9,しずてつジャストライン,,草薙
D18,52EE,しずてつジャストライン,,川尻
D18,52F3,しずてつジャストライン,,上嶺
D18,52F8,しずてつジャストライン,,神明前(清水区)
D18,52FB,しずてつジャストライン,清水厚生病院線,神明橋北
D18,52FF,しずてつジャストライン,,沖電気
D18,5300,しずてつジャストライン,,JAグリーンセンター
D18,5302,しずてつジャストライン,,清水厚生病院前
D18,5307,しずてつジャストライン,,八分団前
D18,530C,しずてつジャストライン,,桜ヶ丘
D18,5311,しずてつジャストライン,,梅が岡
D18,5316,しずてつジャストライン,,北矢部
D18,531B,しずてつジャストライン,,向田町
D18,5320,しずてつジャストライン,,妙音寺
D18,5325,しずてつジャストライン,,鉄舟寺
D18,532A,しずてつジャストライン,,龍華寺
D18,532F,しずてつジャストライン,,日本平運動公園入口
D18,5334,しずてつジャストライン,,天王山公園
D18,5335,しずてつジャストライン,,清水病院入口
D18,5336,しずてつジャストライン,,静岡市立清水病院
D18,5339,しずてつジャストライン,,殿沢
D18,533E,しずてつジャストライン,,忠霊塔前
D18,533F,しずてつジャストライン,,忠霊塔(折戸・久能山下方面)
D18,5340,しずてつジャストライン,,駒越西
D18,5370,しずてつジャストライン,,福祉センター入口
D18,5375,しずてつジャストライン,,船越南
D18,537A,しずてつジャストライン,,南矢部
D18,537F,しずてつジャストライン,,上力町
D18,5389,しずてつジャストライン,,村松原
D18,538E,しずてつジャストライン,,第三中学校前
D18,5393,しずてつジャストライン,,梅蔭寺
D18,53A2,しずてつジャストライン,,岡町
D18,53A7,しずてつジャストライン,,岡町西
D18,53AC,しずてつジャストライン,,五分団前
D18,53AF,しずてつジャストライン,,清水第四中学校前
D18,53B1,しずてつジャストライン,,日立工場入口
D18,53B6,しずてつジャストライン,,日立工場前
D18,53BB,しずてつジャストライン,,駒越東
D18,53C0,しずてつジャストライン,,駒越局前
D18,53C5,しずてつジャストライン,,駒越神社前
D18,53CA,しずてつジャストライン,,万象寺
D18,53CF,しずてつジャストライン,,増東
D18,53D4,しずてつジャストライン,,増出荷組合前
D18,53D9,しずてつジャストライン,,蛇塚
D18,53DC,しずてつジャストライン,,巴町千歳橋
D18,53DE,しずてつジャストライン,,浜田町
D18,53E3,しずてつジャストライン,,入江岡駅前
D18,53E8,しずてつジャストライン,,桜橋駅・桜が丘高校
D18,53ED,しずてつジャストライン,,春日町
D18,53F2,しずてつジャストライン,,大坪二丁目
D18,53F7,しずてつジャストライン,,西高町
D18,53FC,しずてつジャストライン,,堂林二丁目
D18,5401,しずてつジャストライン,,神田町
D18,5406,しずてつジャストライン,,川原町(清水区)
D18,540B,しずてつジャストライン,,中矢部町
D18,5410,しずてつジャストライン,,今泉
D18,5415,しずてつジャストライン,,有東坂
D18,541A,しずてつジャストライン,,平川地
D18,541F,しずてつジャストライン,,狐ヶ崎駅前
D18,5420,しずてつジャストライン,,有度第一小
D18,5421,しずてつジャストライン,,一里山
D18,5422,しずてつジャストライン,,清水七中前
D18,7535,しずてつジャストライン,,焼津駅前
D18,753A,しずてつジャストライン,,焼津郵便局前
D18,753F,しずてつジャストライン,,JA焼津支店
D18,7544,しずてつジャストライン/自主,焼津大島線/焼津循環線,保健センター
D18,7553,しずてつジャストライン,,文化センター前(自主)
D18,7567,しずてつジャストライン,,柳新屋(自主)
D18,756C,しずてつジャストライン,五十海大住線,小柳津
D18,7571,しずてつジャストライン,,大住北
D18,7576,しずてつジャストライン,,大住
D18,757B,しずてつジャストライン,,富士屋前
D18,7580,しずてつジャストライン,,中新田
D18,7585,しずてつジャストライン,,JA大井川大富支店
D18,758A,しずてつジャストライン,,大富
D18,7599,しずてつジャストライン,一色和田浜線,市役所入口(焼津)
D18,759E,しずてつジャストライン,一色和田浜線,浅草幸町
D18,75AD,しずてつジャストライン,,登呂田
D18,75B2,しずてつジャストライン,,小川宿
D18,75B5,しずてつジャストライン,,小川東
D18,75BA,しずてつジャストライン,,小川
D18,75D0,しずてつジャストライン,,大富小学校前
D18,75D3,しずてつジャストライン,,河原上
D18,75D5,しずてつジャストライン,,河原中
D18,75F8,しずてつジャストライン,,豊田
D18,75FD,しずてつジャストライン,,西焼津駅北口
D18,7602,しずてつジャストライン,,西焼津駅南口
D18,7625,しずてつジャストライン,一色和田浜線,水産高校前
D18,762A,しずてつジャストライン,一色和田浜線,縦小路柳屋本店前
D18,762F,しずてつジャストライン,一色和田浜線,小川中学校岡本石井病院前
D18,7634,しずてつジャストライン,一色和田浜線,小川小学校前
D18,7639,しずてつジャストライン,一色和田浜線,北川原公会堂
D18,763E,しずてつジャストライン,一色和田浜線,石津南
D18,763F,しずてつジャストライン,一色和田浜線,光西寺前
D18,7640,しずてつジャストライン,一色和田浜線,下小田北
D18,7643,しずてつジャストライン,,焼津市立病院前
D18,7648,しずてつジャストライン,,道原市立病院入口
D18,764D,しずてつジャストライン,一色和田浜線,下小田上
D18,7652,しずてつジャストライン,一色和田浜線,下小田
D18,7657,しずてつジャストライン,一色和田浜線,田尻北
D18,765C,しずてつジャストライン,一色和田浜線,田尻
D18,7661,しずてつジャストライン,一色和田浜線,成道寺前
D18,7666,しずてつジャストライン,一色和田浜線,一色(焼津)
D18,7689,しずてつジャストライン,,吉永辻
D18,768E,しずてつジャストライン,,吉永
D18,7691,しずてつジャストライン,,吉永八幡宮
D18,7693,しずてつジャストライン,,上島
D18,7698,しずてつジャストライン,,本川橋
D18,769D,しずてつジャストライン,,東島
D18,76A2,しずてつジャストライン,,飯淵
D18,76A7,しずてつジャストライン,,市営住宅前
D18,76AC,しずてつジャストライン,一色和田浜線,水産加工センター
D18,76B1,しずてつジャストライン,一色和田浜線,石津(焼津)
D18,76B3,しずてつジャストライン,一色和田浜線,石津下島
D18,76B6,しずてつジャストライン,一色和田浜線,小川港前
D18,76BB,しずてつジャストライン,一色和田浜線,石津浜
D18,76C0,しずてつジャストライン,一色和田浜線,水天宮前
D18,76C5,しずてつジャストライン,一色和田浜線,青少年の家入口
D18,76CA,しずてつジャストライン,一色和田浜線,和田橋(焼津)
D18,76CF,しずてつジャストライン,一色和田浜線,西松原団地前
D18,76D4,しずてつジャストライン,一色和田浜線,田尻団地前
D18,76D9,しずてつジャストライン,一色和田浜線,下浜東洋水産前
D18,76DE,しずてつジャストライン,一色和田浜線,田尻浜
D18,76E3,しずてつジャストライン,一色和田浜線,横須賀ディスカバリーパーク
D18,776A,しずてつジャストライン,,虚空蔵尊入口(大祭)
D18,778D,しずてつジャストライン,,中里東
D18,77E0,しずてつジャストライン,,東名焼津西
D18,77E2,しずてつジャストライン,,大井神社前(焼津)
D18,77E7,しずてつジャストライン,,六間川
D18,77EC,しずてつジャストライン,,西益津小学校前
D18,77F1,しずてつジャストライン,,立花町
D18,77F6,しずてつジャストライン,,西町(焼津市)
D18,77FB,しずてつジャストライン,,岡当目
D18,7800,しずてつジャストライン,,中里南
D18,7805,しずてつジャストライン,,中里(焼津)
D18,780A,しずてつジャストライン,,坂本南(自主)
D18,780F,しずてつジャストライン,,坂本(焼津)
D18,7811,しずてつジャストライン,,方の上
D18,7814,しずてつジャストライン,,関方
D18,7819,しずてつジャストライン,,松崎団地
D18,781B,しずてつジャストライン,,三輪神社入口
D18,781E,しずてつジャストライン,,三輪(藤枝市)
D18,7823,しずてつジャストライン,,旭ヶ丘(岡部町)
D18,7828,しずてつジャストライン,,東の谷入口
D18,782D,しずてつジャストライン,,本郷入口
D18,7832,しずてつジャストライン,焼津岡部線,岡部小学校前
D18,783C,藤枝市自主運行バス,朝比奈線 B区間,若宮神社前
D18,7841,藤枝市自主運行バス,朝比奈線 B区間,子持坂
D18,7846,藤枝市自主運行バス,朝比奈線 B区間,岡部中学入口
D18,7850,藤枝市自主運行バス,朝比奈線 B区間,村良
D18,7855,藤枝市自主運行バス,朝比奈線 B区間,兎島
D18,785A,藤枝市自主運行バス,朝比奈線 B区間,谷川口
D18,785F,藤枝市自主運行バス,朝比奈線 B区間,関谷橋
D18,7864,藤枝市自主運行バス,朝比奈線 B区間,桂島
D18,7867,藤枝市自主運行バス,朝比奈線 A区間/B区間,もくせいの家
D18,7869,藤枝市自主運行バス,朝比奈線 A区間,羽佐間
D18,786E,藤枝市自主運行バス,朝比奈線 A区間,羽佐間橋
D18,7873,藤枝市自主運行バス,朝比奈線 A区間,殿橋
D18,7878,藤枝市自主運行バス,朝比奈線 A区間,殿
D18,787D,藤枝市自主運行バス,朝比奈線 A区間,玉露の里
D18,7880,藤枝市自主運行バス,朝比奈線 A区間,朝比奈第一小学校入口
D18,7882,藤枝市自主運行バス,朝比奈線 A区間,新舟
D18,7887,藤枝市自主運行バス,朝比奈線 A区間,宮島下
D18,788C,藤枝市自主運行バス,朝比奈線 A区間,宮島中
D18,7891,藤枝市自主運行バス,朝比奈線 A区間,宮島(藤枝市岡部)
D18,7896,藤枝市自主運行バス,朝比奈線 A区間,清養寺前
D18,789B,藤枝市自主運行バス,朝比奈線 A区間,小園下
D18,78A0,藤枝市自主運行バス,朝比奈線 A区間,小園
D18,78A5,藤枝市自主運行バス,朝比奈線 A区間,近又
D18,78AA,藤枝市自主運行バス,朝比奈線 A区間,玉取
D18,78AF,藤枝市自主運行バス,朝比奈線 A区間,公民舘前
D18,78B4,藤枝市自主運行バス,朝比奈線 A区間,玉取沢
D18,78B9,藤枝市自主運行バス,朝比奈線 A区間,山中入口
D18,78BE,藤枝市自主運行バス,朝比奈線 A区間,小布杉中
D18,78C3,藤枝市自主運行バス,朝比奈線 A区間,小布杉
D18,78CD,しずてつジャストライン,,焼津駅北口
D18,78D2,しずてつジャストライン,,大富三和
D18,78D7,しずてつジャストライン,,本中根
D18,78DC,しずてつジャストライン,,大島新田
D18,78E6,しずてつジャストライン,藤枝相良線/藤枝吉永線,宗高新町
D18,78EB,しずてつジャストライン,藤枝相良線,上新田南
D18,78F0,しずてつジャストライン,藤枝相良線,下江留
D18,78F5,しずてつジャストライン,藤枝相良線,大井川
D18,78FA,しずてつジャストライン,藤枝相良線,富士見橋
D18,7918,しずてつジャストライン,,小川南
D18,791D,しずてつジャストライン,,天野医院前
D18,7922,しずてつジャストライン,,祢宜島
D18,7927,しずてつジャストライン,,駅北三丁目
D18,792C,しずてつジャストライン,,牛田橋
D18,7936,しずてつジャストライン,,さかなセンター
D18,793B,しずてつジャストライン,,高草橋
D18,7954,しずてつジャストライン,,東益津小学校前
D18,7963,しずてつジャストライン,,西小学校前
D18,796D,しずてつジャストライン,,三ヶ名東
D18,7972,しずてつジャストライン,,三ヶ名西
D18,7977,しずてつジャストライン,,五ヶ堀之内南
D18,797C,しずてつジャストライン,,柳新屋東
D18,7981,しずてつジャストライン,,小柳津(自主)
D18,799A,しずてつジャストライン,,中新田配水場
D18,79A4,しずてつジャストライン,,木屋川
D18,79B8,しずてつジャストライン,,道原
D18,79F4,しずてつジャストライン,,田子乃橋
D18,79F7,しずてつジャストライン,,アクアスやいづ
D18,79F9,しずてつジャストライン,,横町
D18,79FE,しずてつジャストライン,,市役所前(自主)
D18,7A08,しずてつジャストライン,一色和田浜線,すみれ台団地
D18,7A0D,しずてつジャストライン,,祢宜島南
D18,7A12,しずてつジャストライン,,総合福祉会館
D18,7A17,しずてつジャストライン,,中港
D18,7A1C,しずてつジャストライン,,西小川一丁目
D18,7A21,しずてつジャストライン,,竪小路団地
D18,7A26,しずてつジャストライン,,西小川四丁目
D18,7A2B,しずてつジャストライン,,泓の川
D18,7A30,しずてつジャストライン,,三右衛門新田
D18,7A35,しずてつジャストライン,,祢宜島配水場
D18,7A3A,しずてつジャストライン,,祢宜島
D18,7A3F,しずてつジャストライン,,中根新田
D18,7A44,しずてつジャストライン,,サンライフ焼津
D18,7A49,しずてつジャストライン,,当目大橋
D18,7A4E,しずてつジャストライン,,虚空蔵尊入口(焼津循環線)(自主)
D18,7A53,しずてつジャストライン,,岡当目
D18,7A58,しずてつジャストライン,,日本坂PA
D18,7A5D,しずてつジャストライン,,高草山石脇入口
D18,7A62,しずてつジャストライン,,石脇上
D18,7A67,しずてつジャストライン,,坂本団地
D18,7A6C,しずてつジャストライン,,林叟院入口
D18,7A71,しずてつジャストライン,,坂本
D18,7A76,しずてつジャストライン,,大村地域交流センター
D18,7A7B,しずてつジャストライン,,大覚寺
D18,7AA8,しずてつジャストライン,,大井川庁舎
D18,7AAD,焼津市自主運行バス,大井川焼津線/大井川西部循環線,中学校前
D18,7AB2,焼津市自主運行バス,大井川焼津線/大井川西部循環線,中島
D18,7AB7,焼津市自主運行バス,大井川西部循環線,大井川体育館
D18,7ABC,焼津市自主運行バス,大井川西部循環線,西島
D18,7AC1,焼津市自主運行バス,大井川西部循環線,富士見橋
D18,7AC6,焼津市自主運行バス,大井川西部循環線,相川
D18,7ACB,焼津市自主運行バス,大井川西部循環線,相川上
D18,7AD0,焼津市自主運行バス,大井川西部循環線,寺島
D18,7AD5,焼津市自主運行バス,大井川西部循環線,上泉
D18,7ADA,しずてつジャストライン,,つつじ平団地
D18,7ADF,焼津市自主運行バス,大井川西部循環線,上泉上
D18,7AE4,焼津市自主運行バス,大井川西部循環線,上新田北
D18,7AE9,焼津市自主運行バス,大井川西部循環線,上新田中
D18,7AEE,焼津市自主運行バス,大井川西部循環線,東名入口
D18,7AF3,焼津市自主運行バス,大井川西部循環線,西小入口
D18,7AF8,焼津市自主運行バス,大井川西部循環線,上新田西
D18,7AFD,焼津市自主運行バス,大井川焼津線/大井川西部循環線,グランリバー前
D18,7B02,焼津市自主運行バス,大井川焼津線/大井川西部循環線,下江留中
D18,7B07,焼津市自主運行バス,大井川焼津線,不動山入口
D18,7B0C,しずてつジャストライン,,飯淵
D18,7B0E,しずてつジャストライン,,東島
D18,7B11,しずてつジャストライン,,利右衛門
D18,7B16,しずてつジャストライン,,臨港工業団地前
D18,7B1B,焼津市自主運行バス,大井川焼津線,港湾会館前
D18,7B20,しずてつジャストライン,,六軒屋
D18,7B25,しずてつジャストライン,,宮島
D18,7B2A,しずてつジャストライン,,高新田防災センター前
D18,7B2F,しずてつジャストライン,,平松
D18,7B34,しずてつジャストライン,,高新田平
D18,7B39,焼津市自主運行バス,大井川焼津線,大井川睦園前
D18,7B3E,しずてつジャストライン,,藤守防災センター前
D18,7B43,しずてつジャストライン,,小杉浜
D18,7B48,しずてつジャストライン,,一色浜
D18,7B4D,焼津市自主運行バス,大井川焼津線,水産加工センター
D18,7B52,しずてつジャストライン,,木の子橋北
D18,7B57,しずてつジャストライン,,一色上
D18,7B5C,焼津市自主運行バス,大井川焼津線/大井川西部循環線,焼津市立病院
D18,7B61,焼津市自主運行バス,大井川西部循環線,下小杉
D18,7B66,焼津市自主運行バス,大井川西部循環線,天満宮前
D18,7B6B,焼津市自主運行バス,大井川西部循環線,藤守
D18,7B70,焼津市自主運行バス,大井川西部循環線,平松口
D18,7B75,焼津市自主運行バス,大井川西部循環線,鶴巻団地
D18,7B7A,焼津市自主運行バス,大井川西部循環線,高新田
D18,7B7F,しずてつジャストライン,,吉永辻
D18,7B81,しずてつジャストライン,,吉永
D18,7B82,しずてつジャストライン,,上島
D18,7B84,しずてつジャストライン,,上田中
D18,7B89,しずてつジャストライン,,大井川福祉センター
D18,7B8E,しずてつジャストライン,,中川原
D18,7B93,しずてつジャストライン,,焼津一丁目
D18,7B98,しずてつジャストライン,,北浜通
D18,7B9D,しずてつジャストライン,,グランリバー南
D18,7BA2,焼津市自主運行バス,大井川西部循環線,まんさいかん前
D18,7BA7,しずてつジャストライン,,上小杉
D18,7BAC,焼津市自主運行バス,大井川西部循環線,大島中央公園
D18,7BB1,焼津市自主運行バス,大井川西部循環線,大島下
D18,7BB6,焼津市自主運行バス,大井川西部循環線,大島萩の森
D18,7BBB,焼津市自主運行バス,大井川西部循環線,三和ちびっこ広場前
D18,7BC0,しずてつジャストライン,,石津西公園前
D18,7BC5,しずてつジャストライン,,小川港南
D18,7BCA,しずてつジャストライン,,信香院
D18,7BCF,しずてつジャストライン,,アクアスやいづ入口
D18,7BD4,しずてつジャストライン,,城之腰
D18,7BD9,しずてつジャストライン,,市役所北
D18,9C45,しずてつジャストライン,,藤枝駅前
D18,9C48,しずてつジャストライン,,藤枝駅南口
D18,9C4A,しずてつジャストライン,,法務局藤枝支局
D18,9C4F,しずてつジャストライン,,青木一丁目
D18,9C51,しずてつジャストライン,志太温泉線,藤枝市役所
D18,9C53,しずてつジャストライン,志太温泉線,商工会議所
D18,9C54,しずてつジャストライン,,青木(藤枝)
D18,9C59,しずてつジャストライン,,志太温泉入口
D18,9C5E,しずてつジャストライン,,勝草橋
D18,9C63,しずてつジャストライン,,上伝馬
D18,9C68,しずてつジャストライン,,千才
D18,9C6D,しずてつジャストライン,,藤枝五丁目
D18,9C72,しずてつジャストライン,,蓮華寺池公園入口
D18,9C77,しずてつジャストライン,,白子
D18,9C7C,しずてつジャストライン,,藤枝大手
D18,9C81,しずてつジャストライン,中部国道線,成田山前
D18,9C83,しずてつジャストライン,中部国道線,藤岡
D18,9C84,しずてつジャストライン,中部国道線,水守
D18,9C86,しずてつジャストライン,中部国道線,藤岡入口
D18,9C8B,しずてつジャストライン,中部国道線,八幡宮前
D18,9C90,しずてつジャストライン,中部国道線,家具団地前
D18,9C95,しずてつジャストライン,中部国道線,法の橋
D18,9C97,しずてつジャストライン,中部国道線,横内
D18,9C9A,しずてつジャストライン,中部国道線,岡部営業所南
D18,9C9F,しずてつジャストライン,焼津岡部線/中部国道線,岡部営業所
D18,9CA4,しずてつジャストライン,焼津岡部線/中部国道線,藤枝市岡部支所前
D18,9CA9,しずてつジャストライン,,小坂
D18,9CAE,しずてつジャストライン,,岡部宿柏屋前
D18,9CB3,しずてつジャストライン,,川原町(藤枝市岡部)
D18,9CB8,しずてつジャストライン,,岡部台入口
D18,9CBD,しずてつジャストライン,,横添
D18,9CC2,しずてつジャストライン,,迴り沢口
D18,9CC7,しずてつジャストライン,,坂下(藤枝市岡部)
D18,9CCC,しずてつジャストライン,,宇津の谷入口
D18,9CD1,しずてつジャストライン,,逆川口
D18,9CD6,しずてつジャストライン,,赤目ヶ谷西
D18,9CDB,しずてつジャストライン,,赤目ヶ谷
D18,9CE0,しずてつジャストライン,,藤枝大手一丁目
D18,9CE2,藤枝市自主運行バス,藤枝駅善左衛門線,順心高校前
D18,9CE5,しずてつジャストライン,,田沼一丁目
D18,9CEA,しずてつジャストライン,,田沼二丁目
D18,9CEF,しずてつジャストライン,,高柳二丁目
D18,9CF4,しずてつジャストライン,,高柳三丁目
D18,9CF9,しずてつジャストライン,,高洲小学校前
D18,9CFE,しずてつジャストライン,,高洲中学校入口
D18,9D03,しずてつジャストライン,,与左衛門
D18,9D08,しずてつジャストライン,,大新島中
D18,9D0D,しずてつジャストライン,,大東町南
D18,9D12,しずてつジャストライン,,清流館高校
D18,9D17,しずてつジャストライン,,静浜基地入口
D18,9D21,しずてつジャストライン,,宗高
D18,9D26,しずてつジャストライン,,とまとぴあ前
D18,9D2B,しずてつジャストライン,,中河原(大井川)
D18,9D30,しずてつジャストライン,,白金
D18,9D35,しずてつジャストライン,,上河原(藤枝)
D18,9D49,しずてつジャストライン,,田沼三丁目
D18,9D4E,しずてつジャストライン,,高洲
D18,9D53,しずてつジャストライン,,大新島
D18,9D58,しずてつジャストライン,,大東町
D18,9D5D,しずてつジャストライン,,東名大井川
D18,9D62,しずてつジャストライン,,清流館高校入口
D18,9D67,しずてつジャストライン,,天王前
D18,9D6C,しずてつジャストライン,,五十海
D18,9D71,しずてつジャストライン,,五十海北
D18,9D76,しずてつジャストライン,,押切橋
D18,9D78,しずてつジャストライン,,下藪田サニーヒルズ団地
D18,9D79,しずてつジャストライン,,清里南
D18,9D7B,しずてつジャストライン,,下藪田
D18,9D7C,しずてつジャストライン,,清里中央
D18,9D7D,しずてつジャストライン,,清里
D18,9D80,しずてつジャストライン,,上藪田
D18,9D85,しずてつジャストライン,,中田(藤枝)
D18,9D8A,しずてつジャストライン,,葉梨中学校前
D18,9D8F,しずてつジャストライン,,中ノ合(藤枝)
D18,9D94,しずてつジャストライン,,三ツ石
D18,9D99,しずてつジャストライン,,桑原(藤枝)
D18,9D9E,しずてつジャストライン,,山寺入口
D18,9DA3,しずてつジャストライン,,西方組合前
D18,9DA8,しずてつジャストライン,,西北小学校前
D18,9DAD,しずてつジャストライン,,西方
D18,9DDA,しずてつジャストライン,,鬼岩寺入口
D18,9DDF,しずてつジャストライン,,茶町
D18,9DE4,しずてつジャストライン,,藤枝中学入口
D18,9DE9,しずてつジャストライン,,音羽町公民館前
D18,9DEE,しずてつジャストライン,,清水山入口
D18,9EB1,しずてつジャストライン,,志太三丁目
D18,9EB6,しずてつジャストライン,,瀬古
D18,9EBB,しずてつジャストライン,,藤美園入口
D18,9EC0,しずてつジャストライン,,志太温泉
D18,9EC5,しずてつジャストライン,,谷稲葉入口
D18,9ECA,しずてつジャストライン,,金吹橋
D18,9ECF,しずてつジャストライン,,文化センター前(藤枝)
D18,9ED4,しずてつジャストライン,,喜多町
D18,9ED9,しずてつジャストライン,,市民体育館前
D18,9EDE,しずてつジャストライン,,瀬戸新屋東
D18,9EE3,しずてつジャストライン,,平成記念病院前
D18,9EE8,しずてつジャストライン,,南駿河台二丁目
D18,9EEA,しずてつジャストライン,,藤枝保健センター
D18,9EED,しずてつジャストライン,,青島北小学校前
D18,9EF2,しずてつジャストライン,,南駿河台四丁目
D18,9EF7,しずてつジャストライン,,駿河台(藤枝)
D18,9EFC,藤枝市自主運行バス,,桜通り
D18,9F01,藤枝市自主運行バス,,駿河台南
D18,9F03,しずてつジャストライン,,静岡産業大学
D18,9F05,藤枝市自主運行バス,,藤枝市立総合病院
D18,9F06,藤枝市自主運行バス,藤枝駅善左衛門線 東ルート/西ルート,青島中学入口
D18,9F07,しずてつジャストライン,,南駿河台五丁目
D18,9F08,しずてつジャストライン,,内瀬戸
D18,9F09,しずてつジャストライン,,藤枝総合庁舎北
D18,9F0A,しずてつジャストライン,,南駿河台六丁目
D18,9F0B,藤枝市自主運行バス,藤枝駅善左衛門線 東ルート/西ルート,下青島
D18,9F0C,しずてつジャストライン,,緑の丘入口
D18,9F10,藤枝市自主運行バス,藤枝駅善左衛門線 東ルート/西ルート,下青島南
D18,9F15,藤枝市自主運行バス,藤枝駅善左衛門線 西ルート,県立藤枝特別支援学校
D18,9F1A,藤枝市自主運行バス,藤枝駅善左衛門線 西ルート,忠兵衛中
D18,9F1F,藤枝市自主運行バス,藤枝駅善左衛門線 西ルート,大洲二丁目島田信用金庫藤枝南支店前
D18,9F22,藤枝市自主運行バス,藤枝駅善左衛門線 西ルート,ヘルスポート前
D18,9F24,藤枝市自主運行バス,藤枝駅善左衛門線 東ルート,大洲小学校前
D18,9F26,藤枝市自主運行バス,藤枝駅善左衛門線 東ルート,労金藤枝支店
D18,9F27,藤枝市自主運行バス,藤枝駅善左衛門線 東ルート,高洲南北川医院前
D18,9F28,藤枝市自主運行バス,藤枝駅善左衛門線 東ルート,泉町(藤枝)
D18,9F29,藤枝市自主運行バス,藤枝駅善左衛門線 東ルート,大洲中学入口
D18,9F2E,藤枝市自主運行バス,藤枝駅善左衛門線 東ルート,弥左衛門
D18,9F42,藤枝市自主運行バス,藤枝駅善左衛門線 西ルート,善左衛門健診センター北
D18,9F47,藤枝市自主運行バス,藤枝駅善左衛門線 西ルート,善左衛門南
D18,9F4C,藤枝市自主運行バス,藤枝駅善左衛門線 西ルート,ニチビ工場前
D18,9F51,藤枝市自主運行バス,藤枝駅善左衛門線 西ルート,科研製薬前
D18,9F56,藤枝市自主運行バス,藤枝駅善左衛門線 西ルート,持田製薬前
D18,9F85,しずてつジャストライン,,上当間
D18,9F86,しずてつジャストライン,,広幡郵便局
D18,9F87,しずてつジャストライン,,八幡橋
D18,9F88,しずてつジャストライン,,全居寺入口
D18,9F92,しずてつジャストライン,,平島中
D18,9F97,しずてつジャストライン,,藤井神社
D18,A05A,藤枝市自主運行バス,藤枝駅善左衛門線 東ルート,JA大井川高岡支店
D18,A05F,藤枝市自主運行バス,藤枝駅善左衛門線 東ルート,大洲四丁目鈴木レディースクリニック前
D18,A06E,藤枝市自主運行バス,藤枝駅善左衛門線 東ルート,JA大井川大洲支店
D18,A078,藤枝市自主運行バス,藤枝駅善左衛門線 西ルート,ふれあい広場
D18,A07D,藤枝市自主運行バス,藤枝駅善左衛門線 西ルート,青島南公民館入口
D18,A082,藤枝市自主運行バス,藤枝駅善左衛門線 西ルート,岩城神社
D18,A087,藤枝市自主運行バス,藤枝駅善左衛門線 西ルート,青島中学校
D18,A08C,藤枝市自主運行バス,藤枝駅善左衛門線 西ルート,青葉町錦野クリニック前
D18,A096,しずてつジャストライン,,藤岡中央公園前
D18,A0B9,しずてつジャストライン,駿河台線,藤枝保健センター
D18,A0BE,藤枝市自主運行バス,藤枝駅善左衛門線 東ルート/西ルート,前島神社入口
D18,A0C3,藤枝市自主運行バス,藤枝駅善左衛門線 西ルート,青葉町三丁目
D18,A0C8,藤枝市自主運行バス,藤枝駅善左衛門線 西ルート,青南町四丁目坂本医院前
D18,A0CD,藤枝市自主運行バス,藤枝駅善左衛門線 西ルート,青南町三丁目
D18,A0D2,藤枝市自主運行バス,藤枝駅善左衛門線 西ルート,大西町一丁目
D18,A0D7,藤枝市自主運行バス,藤枝駅善左衛門線 西ルート,大西町三丁目
D18,A0DC,藤枝市自主運行バス,藤枝駅善左衛門線 東ルート,大洲五丁目
D18,A0E1,藤枝市自主運行バス,藤枝駅善左衛門線 東ルート,きのこ団地
D18,A0E6,藤枝市自主運行バス,藤枝駅善左衛門線 東ルート,県立藤枝特別支援学校西
D18,A0F0,藤枝市自主運行バス,,瀬戸新屋北
D18,A0F5,藤枝市自主運行バス,藤枝駅善左衛門線 東ルート/西ルート,水上平成病院西
D18,A0FA,藤枝市自主運行バス,藤枝駅善左衛門線 西ルート,村上開明堂前
D18,A0FF,藤枝市自主運行バス,藤枝駅善左衛門線 東ルート,大西町二丁目
D18,A104,藤枝市自主運行バス,朝比奈線 B区間,しずてつストア岡部店前
D18,A177,藤枝市自主運行バス,朝比奈線 B区間,岡部小学校前
D18,A17C,藤枝市自主運行バス,朝比奈線 B区間,藤枝市岡部支所前
D18,A186,藤枝市自主運行バス,藤枝市富士山静岡空港アクセスバス,青木一丁目
D18,A18B,藤枝市自主運行バス,藤枝市富士山静岡空港アクセスバス,空港南
D18,A190,藤枝市自主運行バス,藤枝駅善左衛門線(東西),藤枝駅南口
D18,A195,藤枝市自主運行バス,藤枝市富士山静岡空港アクセスバス,富士山静岡空港
D18,C355,しずてつジャストライン,,島田駅前
D18,C357,しずてつジャストライン,富士山静岡空港島田線,島田駅南口
D18,C35A,しずてつジャストライン,,島田三丁目東
D18,C35F,しずてつジャストライン,,島田五丁目
D18,C364,しずてつジャストライン,,島田六丁目
D18,C369,しずてつジャストライン,,島田七丁目
D18,C3B9,しずてつジャストライン,,大井神社前(島田)
D18,C3BE,しずてつジャストライン,,大善寺前
D18,C3C3,しずてつジャストライン,,向島町新東海製紙
D18,C3C8,しずてつジャストライン,,向島西川越し街道入口
D18,C3CD,しずてつジャストライン,,島田河原町
D18,C3D2,しずてつジャストライン,,稲荷町(金谷島田病院線)
D18,C3DC,しずてつジャストライン,,大井川公園前
D18,C3E1,しずてつジャストライン,,東町(島田)
D18,C3E6,しずてつジャストライン,,新金谷入口
D18,C3EB,しずてつジャストライン,,扇町
D18,C3F0,しずてつジャストライン,,宮崎町
D18,C3F5,しずてつジャストライン,,金谷仲町
D18,C3FA,しずてつジャストライン,,金谷本町
D18,C3FF,しずてつジャストライン,,田町
D18,C404,しずてつジャストライン,,金谷駅前
D18,C409,しずてつジャストライン,,本通三丁目(島田市)
D18,C40E,しずてつジャストライン,,大井町(自主)
D18,C413,しずてつジャストライン,,電灯小路入口(自主)
D18,C418,しずてつジャストライン,,宮川町(自主)
D18,C41D,しずてつジャストライン,,若松町(島田市)(自主)
D18,C422,しずてつジャストライン,,若松町西(自主)
D18,C424,しずてつジャストライン,,三ッ合町(自主)
D18,C427,しずてつジャストライン,,三ッ合橋(自主)
D18,C42C,しずてつジャストライン,,第一小学校(自主)
D18,C431,しずてつジャストライン,,向谷四丁目(自主)
D18,C432,しずてつジャストライン,,向谷中(自主)
D18,C433,しずてつジャストライン,,向谷西(自主)
D18,C43B,しずてつジャストライン,,向谷水門(自主)
D18,C440,しずてつジャストライン,,笹ヶ久保公園(自主)
D18,C445,しずてつジャストライン,,柳島(自主)
D18,C44A,しずてつジャストライン,,北中学校(自主)
D18,C44F,しずてつジャストライン,,相賀橋(自主)
D18,C451,しずてつジャストライン,,渡口(自主)
D18,C456,しずてつジャストライン,,JA島田北支店(自主)
D18,C459,しずてつジャストライン,,オレンジタウン神座入口(自主)
D18,C45E,しずてつジャストライン,,甚六(自主)
D18,C460,しずてつジャストライン,,五番組公会堂(自主)
D18,C463,しずてつジャストライン,,大沢橋(自主)
D18,C468,しずてつジャストライン,,虚空蔵尊入口(自主)
D18,C46D,しずてつジャストライン,,水神入口(自主)
D18,C472,しずてつジャストライン,,神座小学校(自主)
D18,C477,しずてつジャストライン,,上神座(自主)
D18,C47C,しずてつジャストライン,,神座宮前(自主)
D18,C486,しずてつジャストライン,,鵜網(自主)
D18,C48B,しずてつジャストライン,,北鵜網(自主)
D18,C490,しずてつジャストライン,,山の家(自主)
D18,C495,しずてつジャストライン,,川口(自主)
D18,C49A,しずてつジャストライン,,伊久身幼稚園上(自主)
D18,C49F,しずてつジャストライン,,川口東(自主)
D18,C4A4,しずてつジャストライン,,長島(自主)
D18,C4A9,しずてつジャストライン,,やまゆり(自主)
D18,C4AE,しずてつジャストライン,,犬間橋(自主)
D18,C4B3,しずてつジャストライン,,やまびこ(自主)
D18,C4B8,しずてつジャストライン,,小川(自主)
D18,C4BA,しずてつジャストライン,,伊久美小学校(自主)
D18,C4BD,しずてつジャストライン,,小川橋(自主)
D18,C4BF,しずてつジャストライン,,伊久美郵便局(自主)
D18,C4C2,しずてつジャストライン,,中平下(自主)
D18,C4C4,しずてつジャストライン,,中平中(自主)
D18,C4C7,しずてつジャストライン,,中平(自主)
D18,C4CC,しずてつジャストライン,,笹渕(自主)
D18,C4D1,しずてつジャストライン,,二俣(自主)
D18,C4D2,しずてつジャストライン,,二俣上(自主)
D18,C4D3,しずてつジャストライン,,御堂沢(自主)
D18,C503,しずてつジャストライン,,市役所前(島田市)
D18,C508,しずてつジャストライン,,島田郵便局前
D18,C50D,しずてつジャストライン,,大津通り
D18,C510,島田市コミュニティバス,相賀線,はなみずき入口
D18,C512,しずてつジャストライン,,保健福祉センター入口
D18,C517,しずてつジャストライン,,元島田
D18,C51C,しずてつジャストライン,,島田市立総合医療センター
D18,C585,しずてつジャストライン,,旭町
D18,C58A,しずてつジャストライン,,旭町公民館前
D18,C58F,しずてつジャストライン,,島田第五小学校
D18,C594,しずてつジャストライン,,道悦島
D18,C599,しずてつジャストライン,,谷口橋
D18,C59E,しずてつジャストライン,,谷口辻
D18,C5A3,しずてつジャストライン,,初倉
D18,C5A8,しずてつジャストライン,,色尾
D18,C5E4,しずてつジャストライン,,初倉中学入口
D18,C5E9,しずてつジャストライン,,大柳入口
D18,C5EE,しずてつジャストライン,,井口
D18,C5F3,しずてつジャストライン,,南原入口
D18,C5F8,しずてつジャストライン,,井口堺
D18,C5FD,しずてつジャストライン,,吉田インター入口
D18,C602,しずてつジャストライン,,神戸
D18,C607,しずてつジャストライン,,金谷南町(自主)
D18,C60C,しずてつジャストライン,,牧之原公園前(自主)
D18,C611,しずてつジャストライン,,二軒家原(自主)
D18,C616,しずてつジャストライン,,JA牧之原支店(自主)
D18,C61B,しずてつジャストライン,,金谷茶業研究拠点(自主)
D18,C620,しずてつジャストライン,,猪土居(自主)
D18,C625,しずてつジャストライン,,切山原(自主)
D18,C62A,しずてつジャストライン,,上切山(自主)
D18,C62F,しずてつジャストライン,,坂下(牧之原市)(自主)
D18,C634,しずてつジャストライン,,切中(自主)
D18,C639,しずてつジャストライン,,中島(勝間田線)(自主)
D18,C63E,しずてつジャストライン,,陽光院前(自主)
D18,C643,しずてつジャストライン,,最明寺(自主)
D18,C648,しずてつジャストライン,,智生寺(自主)
D18,C64D,しずてつジャストライン,,勝間(自主)
D18,C652,しずてつジャストライン,,勝間学校前
D18,C657,しずてつジャストライン,,法士(自主)
D18,C65C,しずてつジャストライン,,法士下(自主)
D18,C661,しずてつジャストライン,,三栗口(自主)
D18,C666,しずてつジャストライン,,中(勝間田線)(自主)
D18,C66B,しずてつジャストライン,,榛原中学前(自主)
D18,C670,しずてつジャストライン,,仁田口(自主)
D18,C675,しずてつジャストライン,,内山(自主)
D18,C69D,しずてつジャストライン,,猪土居南(自主)
D18,C6A2,しずてつジャストライン,,倉沢入口(自主)
D18,C6A7,しずてつジャストライン,,六本松(自主)
D18,C6AC,しずてつジャストライン,,六本松下(自主)
D18,C6B1,しずてつジャストライン,,茶業研究センター(自主)
D18,C6B6,しずてつジャストライン,,矢崎工場前(自主)
D18,C6B7,しずてつジャストライン,,牧之原中央(自主)
D18,C6B8,しずてつジャストライン,,中原(自主)
D18,C6BB,しずてつジャストライン,,大曲(自主)
D18,C6BD,しずてつジャストライン,,牧之原小学校(自主)
D18,C6C4,しずてつジャストライン,,仁王辻(自主)
D18,C6CF,しずてつジャストライン,,牧之原サービスエリア入口(自主)
D18,C6D4,しずてつジャストライン,,東萩間(自主)
D18,C6D9,しずてつジャストライン,,東萩間下(自主)
D18,C6E3,しずてつジャストライン,,西萩間上(自主)
D18,C6E8,しずてつジャストライン,,さがら子生れ温泉(自主)
D18,C6ED,しずてつジャストライン,,大興寺前(自主)
D18,C6F2,しずてつジャストライン,,和田(牧之原市)(自主)
D18,C6F7,しずてつジャストライン,,中西(自主)
D18,C6FC,しずてつジャストライン,,JA萩間支店(自主)
D18,C6FD,しずてつジャストライン,,金谷小学校(自主)
D18,C701,しずてつジャストライン,,女神(自主)
D18,C706,しずてつジャストライン,,松本(自主)
D18,C70B,しずてつジャストライン,,逆川(自主)
D18,C738,しずてつジャストライン,,保健福祉センター
D18,C73B,島田市コミュニティバス,相賀線,はなみずき
D18,C73D,しずてつジャストライン,,第二中学校入口
D18,CB20,島田市コミュニティバス,相賀線,幸町
D18,CB25,島田市コミュニティバス,相賀線,市民会館東
D18,CB2A,しずてつジャストライン,,中河町(自主)
D18,CB2F,しずてつジャストライン,,旗指東(自主)
D18,CB34,しずてつジャストライン,,旗指西(自主)
D18,CB39,しずてつジャストライン,,中溝町東(自主)
D18,CB3E,しずてつジャストライン,,中溝町西(自主)
D18,CB43,しずてつジャストライン,,三ッ合町東(自主)
D18,CB48,島田市コミュニティバス,相賀線,三ッ合町西
D18,CB4D,しずてつジャストライン,,向谷一丁目(自主)
D18,CB52,しずてつジャストライン,,竜泉院(自主)
D18,CB57,島田市コミュニティバス,相賀線,赤松発電所
D18,CB5C,島田市コミュニティバス,相賀線,宮沢
D18,CB61,島田市コミュニティバス,相賀線,広長橋
D18,CB66,島田市コミュニティバス,相賀線,杉沢下
D18,CB6B,島田市コミュニティバス,相賀線,相賀小学校
D18,CB70,島田市コミュニティバス,相賀線,杉沢上
D18,CB75,島田市コミュニティバス,相賀線,寺前橋
D18,CB7A,島田市コミュニティバス,相賀線,禰宜地橋
D18,CB7F,島田市コミュニティバス,相賀線,禰宜地上
D18,CB84,島田市コミュニティバス,相賀線,高山
D18,CB89,島田市コミュニティバス,相賀線,和田寿公会堂
D18,CB8E,島田市コミュニティバス,相賀線,和田
D18,CB93,島田市コミュニティバス,相賀線,後畑入口
D18,CB98,島田市コミュニティバス,相賀線,養徳寺入口
D18,CB9D,島田市コミュニティバス,相賀線,西の谷橋
D18,CBA2,島田市コミュニティバス,相賀線,上相賀橋
D18,CBA7,島田市コミュニティバス,相賀線,上相賀
D18,CBAC,しずてつジャストライン,,本村(自主)
D18,CBB1,しずてつジャストライン,,原の平西(自主)
D18,CBB6,しずてつジャストライン,,原の平(自主)
D18,CBBB,しずてつジャストライン,,ふれあいセンター(自主)
D18,CBC0,しずてつジャストライン,,下湯日西(自主)
D18,CBC5,しずてつジャストライン,,下湯日(自主)
D18,CBCA,しずてつジャストライン,,沼伏西(自主)
D18,CBCF,しずてつジャストライン,,沼伏(自主)
D18,CBD4,しずてつジャストライン,,沼伏東(自主)
D18,CBD9,しずてつジャストライン,,色尾西(自主)
D18,CBDE,しずてつジャストライン,,月坂一丁目西(自主)
D18,CBE3,しずてつジャストライン,,月坂一丁目(自主)
D18,CBE8,しずてつジャストライン,,月坂二丁目(自主)
D18,CBED,しずてつジャストライン,,初倉消防署(自主)
D18,CBF2,しずてつジャストライン,,色尾(自主)
D18,CBF7,しずてつジャストライン,,旧初上(自主)
D18,CBFC,しずてつジャストライン,,旧初(自主)
D18,CC01,しずてつジャストライン,,旧初下(自主)
D18,CC06,しずてつジャストライン,,谷口辻(自主)
D18,CC0B,しずてつジャストライン,,谷口下(自主)
D18,CC10,しずてつジャストライン,,谷口橋(自主)
D18,CC15,しずてつジャストライン,,道悦島(自主)
D18,CC1A,しずてつジャストライン,,六合中学校(自主)
D18,CC1F,しずてつジャストライン,,六合消防署(自主)
D18,CC24,しずてつジャストライン,,六合駅前(自主)
D18,CC29,しずてつジャストライン,,島田工業高校(自主)
D18,CC2E,しずてつジャストライン,,栃山(自主)
D18,CC33,しずてつジャストライン,,栃山橋(自主)
D18,CC38,しずてつジャストライン,,御仮屋(自主)
D18,CC3D,しずてつジャストライン,,本通七丁目東(自主)
D18,CC42,しずてつジャストライン,,島田商業高校(自主)
D18,CC4C,しずてつジャストライン,,本通六丁目(自主)
D18,CC51,しずてつジャストライン,,本通五丁目(自主)
D18,CC56,しずてつジャストライン,,本通三丁目東(自主)
D18,CC5B,しずてつジャストライン,,島田駅前(自主)
D18,CC60,しずてつジャストライン,,本通三丁目(自主)
D18,CC65,しずてつジャストライン,,幸町(自主)
D18,CC6A,しずてつジャストライン,,市役所西(自主)
D18,CC6F,しずてつジャストライン,,島田郵便局(自主)
D18,CC74,しずてつジャストライン,,第二中学校入口(自主)
D18,CC79,しずてつジャストライン,,第二中学校(自主)
D18,CC88,しずてつジャストライン,,上野田(自主)
D18,CC8D,しずてつジャストライン,,上野田公会堂(自主)
D18,CC92,しずてつジャストライン,,落合(自主)
D18,CC97,しずてつジャストライン,,大津小学校(自主)
D18,CC9C,しずてつジャストライン,,落合上(自主)
D18,CCA1,しずてつジャストライン,,永福荘(自主)
D18,CCA6,しずてつジャストライン,,ぎんもくせい(自主)
D18,CCAB,しずてつジャストライン,,尾川(自主)
D18,CCB0,しずてつジャストライン,,大草住宅(自主)
D18,CCB5,しずてつジャストライン,,慶寿寺入口(自主)
D18,CCBA,しずてつジャストライン,,大草公会堂(自主)
D18,CCBF,しずてつジャストライン,,大草上(自主)
D18,CCC4,しずてつジャストライン,,天徳寺(自主)
D18,CCC9,しずてつジャストライン,,中央公園・ばらの丘(自主)
D18,CCCA,しずてつジャストライン,,ばらの丘一丁目(自主)
D18,CCCB,しずてつジャストライン,,ばらの丘二丁目(自主)
D18,CCCC,しずてつジャストライン,,落合春日神社(自主)
D18,CCCE,しずてつジャストライン,藤枝市富士山静岡空港アクセスバス,富士山静岡空港
D18,CCD3,しずてつジャストライン,,伊太和里の湯(自主)
D18,CCD8,しずてつジャストライン,,田代環境プラザ(自主)
D18,CCDD,しずてつジャストライン,,玉雲寺西(自主)
D18,CCE2,しずてつジャストライン,,上伊太公会堂(自主)
D18,CCE7,しずてつジャストライン,,上伊太下(自主)
D18,CCEC,しずてつジャストライン,,小山田橋(自主)
D18,CCF1,しずてつジャストライン,,伊太団地(自主)
D18,CCF6,しずてつジャストライン,,伊太団地南(自主)
D18,CCFB,しずてつジャストライン,,島田樟誠高校(自主)
D18,CD00,しずてつジャストライン,,向谷元町(自主)
D18,CD05,島田市コミュニティバス,田代の郷温泉線,三ツ合町西
D18,CD0A,島田市コミュニティバス,田代の郷温泉線,向谷四丁目
D18,CD0F,しずてつジャストライン,,向谷郵便局(自主)
D18,CD14,しずてつジャストライン,,稲荷一丁目(自主)
D18,CD19,しずてつジャストライン,,島田高校入口(自主)
D18,CD1E,しずてつジャストライン,,稲荷町(自主)
D18,CD23,しずてつジャストライン,,島田河原町(自主)
D18,CD28,しずてつジャストライン,,向島西川越し街道入口(自主)
D18,CD2D,しずてつジャストライン,,向島町新東海製紙(自主)
D18,CD32,しずてつジャストライン,,大善寺前(自主)
D18,CD37,しずてつジャストライン,,大井神社前(自主)
D18,CD3C,島田市コミュニティバス,田代の郷温泉線,本通三丁目
D18,CD78,島田市コミュニティバス,田代の郷温泉線,中町
D18,CD7D,島田市コミュニティバス,田代の郷温泉線,本町
D18,CD82,しずてつジャストライン,田代の郷温泉線,田町(自主)
D18,CD87,しずてつジャストライン,,掛川駅南口
D18,CD91,しずてつジャストライン,,道悦三丁目
D18,CD96,しずてつジャストライン,,丹原(自主)
D18,CD9B,しずてつジャストライン,,渡島橋(自主)
D18,CDA0,しずてつジャストライン,,デイサービスセンター(自主)
D18,CDA5,しずてつジャストライン,,川根中学校入口(自主)
D18,CDAA,しずてつジャストライン,,身成北(自主)
D18,CDAF,しずてつジャストライン,,川根温泉ホテル(自主)
D18,CDB4,しずてつジャストライン,,島田市立総合医療センター(自主)
D18,CDB9,しずてつジャストライン,,元島田(自主)
D18,CDBE,しずてつジャストライン,,島田年金事務所
D18,CDC3,しずてつジャストライン,,ぴ〜ファイブ西(自主)
D18,CDC8,しずてつジャストライン,,大津通り(自主)
D18,CDCD,しずてつジャストライン,,保健福祉センター入口(自主)
D18,CDD2,島田市コミュニティバス,相賀線,市役所
D18,EA65,しずてつジャストライン,,相良局前
D18,EA6A,しずてつジャストライン,,相良高校入口
D18,EA6F,しずてつジャストライン,,相良庁舎入口
D18,EA74,しずてつジャストライン,,相良元橋
D18,EA79,しずてつジャストライン,,新橋
D18,EA83,しずてつジャストライン,,太田浜
D18,EA88,しずてつジャストライン,,西坂井
D18,EA8D,しずてつジャストライン,,坂井
D18,EA92,しずてつジャストライン,,片浜
D18,EA97,しずてつジャストライン,,堀切
D18,EA9C,しずてつジャストライン,,鹿島
D18,EAA1,しずてつジャストライン,,静波海岸入口
D18,EAA6,しずてつジャストライン,,久保柄
D18,EAB5,しずてつジャストライン,,西町(牧之原)
D18,EABA,しずてつジャストライン,,仲町
D18,EABF,しずてつジャストライン,,静波四丁目
D18,EAC4,しずてつジャストライン,,静波三丁目
D18,EAC9,しずてつジャストライン,,榛原高校入口
D18,EACA,しずてつジャストライン,,榛原高校
D18,EACE,しずてつジャストライン,,静波二丁目
D18,EAD3,しずてつジャストライン,,静波一丁目
D18,EAD8,しずてつジャストライン,,細江
D18,EADD,しずてつジャストライン,,細江学校前
D18,EAE4,しずてつジャストライン,,榛原総合病院
D18,EAEC,しずてつジャストライン,,根松牧之原警察署入口
D18,EAEE,しずてつジャストライン,,牧之原警察署前
D18,EAF1,しずてつジャストライン,,福田
D18,EAF6,しずてつジャストライン,,住吉新田
D18,EAFB,しずてつジャストライン,,住吉三丁目
D18,EB00,しずてつジャストライン,,住吉
D18,EB05,しずてつジャストライン,,日の出町(吉田)
D18,EB0A,しずてつジャストライン,,下片岡
D18,EB0F,しずてつジャストライン,,吉田団地
D18,EB14,しずてつジャストライン,,川尻(吉田)
D18,EB19,しずてつジャストライン,,吉田中央小入口
D18,EB1E,しずてつジャストライン,,吉田中学校入口
D18,EB23,しずてつジャストライン,,片岡
D18,EB28,しずてつジャストライン,,吉田町役場
D18,EB37,しずてつジャストライン,,大幡
D18,EB3C,しずてつジャストライン,,片岡北 吉田特別支援学校
D18,EB41,しずてつジャストライン,,遠州神戸
D18,EB46,しずてつジャストライン,,波津東(自主)
D18,EB4B,しずてつジャストライン,,波津西(自主)
D18,EB50,しずてつジャストライン,,須々木海岸(自主)
D18,EB55,しずてつジャストライン,,須々木(自主)
D18,EB5A,しずてつジャストライン,,地代口(自主)
D18,EB5F,しずてつジャストライン,,落居(自主)
D18,EB64,しずてつジャストライン,,落居南(自主)
D18,EB69,しずてつジャストライン,,地頭方海岸(自主)
D18,EB73,しずてつジャストライン,,地頭方辻(自主)
D18,EB78,しずてつジャストライン,,新庄(自主)
D18,EB7B,しずてつジャストライン,,地頭方漁港入口(自主)
D18,EB7D,しずてつジャストライン,,遠渡(自主)
D18,EB82,しずてつジャストライン,,北新谷(自主)
D18,EB87,しずてつジャストライン,,新谷(自主)
D18,EB8C,しずてつジャストライン,,すすき原(自主)
D18,EB91,しずてつジャストライン,,御前崎支所前(自主)
D18,EB96,しずてつジャストライン,,女岩入口(自主)
D18,EB9B,しずてつジャストライン,,西側(自主)
D18,EBA0,しずてつジャストライン,,御前崎小学校前(自主)
D18,EBA5,しずてつジャストライン,,大山(自主)
D18,EBAA,しずてつジャストライン,,港入口(自主)
D18,EBAF,しずてつジャストライン,,御前崎海洋センター(自主)
D18,EBB4,しずてつジャストライン,,上岬
D18,EBBE,しずてつジャストライン,,地頭方幼稚園(自主)
D18,EBC3,しずてつジャストライン,,堀野新田東(自主)
D18,EBC8,しずてつジャストライン,,堀野新田(自主)
D18,EBCD,しずてつジャストライン,,栄町(自主)
D18,EBD2,しずてつジャストライン,,大原(自主)
D18,EBD7,しずてつジャストライン,,菅山入口(自主)
D18,EC04,しずてつジャストライン,,横船原
D18,EC09,しずてつジャストライン,,北原
D18,EC0B,しずてつジャストライン,鬼女新田線,園原
D18,EC13,しずてつジャストライン,鬼女新田線,中原公民館前
D18,EC1D,しずてつジャストライン,鬼女新田線,鬼女新田
D18,EC22,しずてつジャストライン,鬼女新田線,七曲
D18,EC27,しずてつジャストライン,鬼女新田線,園
D18,EC2C,しずてつジャストライン,鬼女新田線,柳田
D18,EC63,しずてつジャストライン,,筆川
D18,EC68,しずてつジャストライン,鬼女新田線,鬼女中原
D18,EC6D,しずてつジャストライン,鬼女新田線,鬼女宮前
D18,EC72,しずてつジャストライン,鬼女新田線,須々木入口
D18,EE4D,しずてつジャストライン,,菊川駅前
D18,EE52,しずてつジャストライン,,西通り菊川市役所前
D18,EE57,しずてつジャストライン,,五丁目
D18,EE5C,しずてつジャストライン,,五丁目下
D18,EE61,しずてつジャストライン,,五丁目上
D18,EE66,しずてつジャストライン,,東名菊川
D18,EE6B,しずてつジャストライン,,菊川警察署東
D18,EE70,しずてつジャストライン,,小川端
D18,EE75,しずてつジャストライン,,アエル入口
D18,EE7A,しずてつジャストライン,,西横地
D18,EE7F,しずてつジャストライン,,小笠高校
D18,EE84,しずてつジャストライン,,小笠高校入口
D18,EE89,しずてつジャストライン,,菊川市立総合病院
D18,EE8E,しずてつジャストライン,,土橋(菊川)
D18,EE93,しずてつジャストライン,,横地小学校入口
D18,EE98,しずてつジャストライン,,川島公会堂
D18,EE9D,しずてつジャストライン,,奈良野
D18,EEA2,しずてつジャストライン,,草笛作業所
D18,EEA7,しずてつジャストライン,,上平川
D18,EEAC,しずてつジャストライン,,城山下
D18,EEB1,しずてつジャストライン,,堤
D18,EEB6,しずてつジャストライン,,平田
D18,EEBB,しずてつジャストライン,,平田本町
D18,EEC0,しずてつジャストライン,,NOKフガクエンジニアリング前
D18,EEC5,しずてつジャストライン,,赤土
D18,EECA,しずてつジャストライン,,虚空蔵入口
D18,EECF,しずてつジャストライン,,南山新道
D18,EED4,しずてつジャストライン,,南山
D18,EED9,しずてつジャストライン,,高橋(小笠)
D18,EEDE,しずてつジャストライン,,千浜
D18,EEE3,しずてつジャストライン,,合戸
D18,EEE8,しずてつジャストライン,,合戸東
D18,EEED,しずてつジャストライン,,高松(浜岡)
D18,EEF2,しずてつジャストライン,,塩原
D18,EEF7,しずてつジャストライン,,JA高松支店
D18,EEFC,しずてつジャストライン,,蒲池
D18,EF01,しずてつジャストライン,,第一小学校前(自主)
D18,EF06,しずてつジャストライン,,緑町(自主)
D18,EF0B,しずてつジャストライン,,浜岡
D18,EF10,しずてつジャストライン,,佐栗谷菊川南陵高等学校入口
D18,EF15,しずてつジャストライン,,新野
D18,EF1A,しずてつジャストライン,,木ヶ谷
D18,EF1F,しずてつジャストライン,,浜岡総合運動場前
D18,EF24,しずてつジャストライン,,苗代田
D18,EF2E,しずてつジャストライン,,本町(浜岡)
D18,EF3D,しずてつジャストライン,,桜ヶ池(自主)
D18,EF42,しずてつジャストライン,,原子力発電所入口(自主)
D18,EF47,しずてつジャストライン,,雨垂(自主)
D18,EF4C,しずてつジャストライン,,法の沢(自主)
D18,EF51,しずてつジャストライン,,玄保(自主)
D18,EF56,しずてつジャストライン,,東玄保(自主)
D18,EF5B,しずてつジャストライン,,白浜上
D18,EF60,しずてつジャストライン,,中西(御前崎市内)(自主)
D18,EF65,しずてつジャストライン,,白羽小学校前(自主)
D18,EF6F,しずてつジャストライン,,新谷入口(自主)
D18,EF74,しずてつジャストライン,,御前崎総合病院(自主)
D18,EF79,しずてつジャストライン,,JA池新田支店(自主)
D18,EF7E,しずてつジャストライン,,浜岡中学校前(自主)
D18,EF83,しずてつジャストライン,,浜岡営業所(自主)
D18,EF84,しずてつジャストライン,,浜岡営業所(特急)
D18,EF88,しずてつジャストライン,,御前崎市役所前
D18,EF92,しずてつジャストライン,,南玄保(自主)
D18,EF97,しずてつジャストライン,,洗井(自主)
D18,EF9C,しずてつジャストライン,,緑橋(自主)
D18,EFA1,しずてつジャストライン,,神子新田(自主)
D18,EFA6,しずてつジャストライン,,新神子(自主)
D18,EFAB,しずてつジャストライン,,白浜下(自主)
D18,EFB0,しずてつジャストライン,,増船寺入口(自主)
D18,EFB5,しずてつジャストライン,,井崎
D18,EFBA,しずてつジャストライン,,大東支所
D18,EFC4,しずてつジャストライン,,新三俣
D18,EFC9,しずてつジャストライン,,大浜中学校前
D18,EFCE,しずてつジャストライン,,大貫診療所前
D18,EFD3,しずてつジャストライン,,国安橋
D18,EFD8,しずてつジャストライン,,国安
D18,EFDD,しずてつジャストライン,,三久
D18,EFE2,しずてつジャストライン,,成行
D18,EFE7,しずてつジャストライン,,桜ヶ池南(自主)
D18,EFEC,しずてつジャストライン,,マックス・バリュ(自主)
D18,EFF1,しずてつジャストライン,,佐倉駐在所前
D18,EFF6,しずてつジャストライン,,浜岡東小学校前
D18,EFFB,しずてつジャストライン,,名波(自主)
D18,F000,しずてつジャストライン,御前崎市内線,勝佐(自主)
D18,F005,しずてつジャストライン,,やぐち橋(自主)
D18,F00A,しずてつジャストライン,,中田(自主)
D18,F00F,しずてつジャストライン,,ぷるる(自主)
D18,F014,しずてつジャストライン,,東町公民館前(自主)
D18,F019,しずてつジャストライン,,東町南(自主)
D18,F23A,しずてつジャストライン,,掛川駅前
D18,F23F,しずてつジャストライン,,塩町
D18,F244,しずてつジャストライン,,仁藤
D18,F249,しずてつジャストライン,,連雀
D18,F24E,しずてつジャストライン,,上張
D18,F253,しずてつジャストライン,,東名掛川
D18,F258,しずてつジャストライン,,矢崎(掛川)
D18,F25D,しずてつジャストライン,,市立病院
D18,F25E,しずてつジャストライン,,中東遠総合医療センター
D18,F25F,しずてつジャストライン,,菖蒲ヶ池
D18,F262,しずてつジャストライン,,青田
D18,F267,しずてつジャストライン,,板沢
D18,F26C,しずてつジャストライン,,和田(掛川)
D18,F271,しずてつジャストライン,,大谷(掛川)
D18,F276,しずてつジャストライン,,子隣
D18,F27B,しずてつジャストライン,,高瀬上(掛川)
D18,F280,しずてつジャストライン,,高瀬公会堂前
D18,F285,しずてつジャストライン,,高瀬農業構造改善センター
D18,F28A,しずてつジャストライン,,高瀬ガーデンヒル
D18,F28F,しずてつジャストライン,,小貫
D18,F294,しずてつジャストライン,,城東中学前
D18,F299,しずてつジャストライン,掛川大東浜岡線,東京女子医大
D18,F29E,しずてつジャストライン,,東京女子医大入口
D18,F2A3,しずてつジャストライン,,大東北公民館前
D18,F2A8,しずてつジャストライン,,土方
D18,F2AD,しずてつジャストライン,,畑ヶ谷
D18,F2B2,しずてつジャストライン,,池ノ谷
D18,F2B7,しずてつジャストライン,,釜田入口
D18,F2BC,しずてつジャストライン,,中川原
D18,F2C1,しずてつジャストライン,,太田(大東)
D18,F2C6,しずてつジャストライン,,南大坂
D18,F2CB,しずてつジャストライン,掛川大東浜岡線,岩井寺
D18,F2D0,しずてつジャストライン,掛川大東浜岡線,小笠山入口
D18,F2D5,しずてつジャストライン,掛川大東浜岡線,菅ヶ谷
D18,F2DA,しずてつジャストライン,掛川大東浜岡線,入山瀬
D18,F2DF,しずてつジャストライン,掛川大東浜岡線,落合(大東)
D18,F2E4,しずてつジャストライン,掛川大東浜岡線,落合下(大東)
D18,F2E9,しずてつジャストライン,掛川大東浜岡線,土方小学校前
D18,F2EE,しずてつジャストライン,掛川大東浜岡線,高天神入口
D18,F2F3,しずてつジャストライン,,掛川東高校
D18,F2F4,しずてつジャストライン,,掛川東高入口
D18,F61D,しずてつジャストライン,,袋井駅前
D18,F887,しずてつジャストライン,,イオン・パティオ前
D18,F889,しずてつジャストライン,,静岡福祉大学入口
D18,F88E,しずてつジャストライン,,静岡福祉大学
D18,F893,しずてつジャストライン,,本中根北
D18,F89D,しずてつジャストライン,,誠和藤枝病院
D18,F8B6,しずてつジャストライン,鬼女新田線,原公民館
D18,F8BB,しずてつジャストライン,,袋井花火会場
D18,FB86,しずてつジャストライン,,矢崎工場
D29,0,名鉄グループ各社(名鉄バス・知多バス等),,共通
D29,1,名鉄バス,,名鉄バスセンター
D29,2,名鉄バス,,白川公園前
D29,8,名鉄バス,,山口町
D29,11,名鉄バス,,古出来町
D29,12,名鉄バス,,萱場
D29,13,名鉄バス,,茶屋ヶ坂
D29,16,名鉄バス,,下広井
D29,17,名鉄バス,,松坂屋前
D29,18,名鉄バス,,星ヶ丘
D29,1C,名鉄バス,,西高針
D29,39,名鉄バス,,岩塚本通五丁目
D29,3F,名鉄バス,,中村区役所(東)
D29,40,名鉄バス,,笹島町(西)
D29,41,名鉄バス,,中村公園(西)
D29,42,名鉄バス,,稲葉地町
D29,46,名鉄バス,,中村保健センター南
D29,4D,名鉄バス,,白壁
D29,4E,名鉄バス,,赤塚白壁
D29,53,名鉄バス,,豊成団地
D29,54,名鉄バス,,松蔭高校前
D29,55,名鉄バス,,地下鉄岩塚
D29,5A,名鉄バス,,六反
D29,5B,名鉄バス,,矢場町
D29,5C,名鉄バス,,栄
D29,5D,名鉄バス,,大津通
D29,5E,名鉄バス,,市役所
D29,5F,名鉄バス,,清水口
D29,60,名鉄バス,,徳川園新出来
D29,61,名鉄バス,,谷口
D29,62,名鉄バス,,竹越
D29,65,名鉄バス,,汁谷
D29,66,名鉄バス,,香流橋東
D29,68,名鉄バス,,猪子石西原
D29,69,名鉄バス,,猪子石原
D29,6A,名鉄バス,,引山
D29,6B,名鉄バス,,引山東
D29,6F,名鉄バス,,高針口
D29,71,名鉄バス,,高針
D29,72,名鉄バス,,梅森坂口
D29,73,名鉄バス,,北高上
D29,85,名鉄バス,,荒池
D29,8E,名鉄バス,,千音寺荘
D29,8F,名鉄バス,,万場スバル前
D29,90,名鉄バス,,吉津一丁目
D29,91,名鉄バス,,千音寺
D29,92,名鉄バス,,新家
D29,A9,名鉄バス,,広小路栄
D29,AA,名鉄バス,,広小路本町
D29,AB,名鉄バス,,広小路伏見
D29,AC,名鉄バス,,納屋橋
D29,AD,名鉄バス,,柳橋(東)
D29,AE,名鉄バス,,柳橋(西)
D29,AF,名鉄バス,,笈瀬通
D29,B0,名鉄バス,,中村区役所(西)
D29,B1,名鉄バス,,大門通東
D29,B2,名鉄バス,,大門通
D29,B3,名鉄バス,,楠橋
D29,B4,名鉄バス,,中村公園(東)
D29,B5,名鉄バス,,鳥居西通
D29,B6,名鉄バス,,稲葉地公園
D29,B7,名鉄バス,,稲葉地本通
D29,B8,名鉄バス,,笹島町(東)
D29,B9,名鉄バス,,栄(噴水南)
D29,BA,名鉄バス,,愛知大学前
D29,BB,名鉄バス,ささしまウェルカムバス,ささしまライブ
D29,BC,名鉄バス,ささしまウェルカムバス,名古屋駅(名鉄名古屋駅前)
D29,BD,名鉄バス,ささしまウェルカムバス,名古屋駅(ミッドランドスクエア前)
D29,BE,名鉄バス,ささしまウェルカムバス,グローバルゲート南
D29,F7,名鉄バス,,三軒家
D29,F8,名鉄バス,,四軒家西口
D29,F9,名鉄バス,,四軒家
D29,FA,名鉄バス,,西本地ヶ原
D29,FB,名鉄バス,,黒石
D29,FD,名鉄バス,,富ヶ丘
D29,FE,名鉄バス,,みどりヶ丘
D29,FF,名鉄バス,,稲葉町
D29,100,名鉄バス,,本地原小学校
D29,101,名鉄バス,,長坂町
D29,115,名鉄バス,,竹の山中央
D29,116,名鉄バス,,諸ノ木
D29,117,名鉄バス,,諸ノ木口
D29,118,名鉄バス,,横吹
D29,119,名鉄バス,,平手
D29,11A,名鉄バス,,鳴海東部小学校
D29,11B,名鉄バス,,乗鞍
D29,11C,名鉄バス,,徳重西
D29,11D,名鉄バス,,緑文化小劇場
D29,11E,名鉄バス,,熊の前
D29,11F,名鉄バス,,緑車庫
D29,120,名鉄バス,,神の倉
D29,121,名鉄バス,,白土南
D29,122,名鉄バス,,地下鉄徳重
D29,123,名鉄バス,,赤松
D29,142,名鉄バス,,鳴海駅
D29,143,名鉄バス,,大同みどりクリニック
D29,144,名鉄バス,,鳴海小学校
D29,145,名鉄バス,,成海神社
D29,146,名鉄バス,,薬師山
D29,147,名鉄バス,,緑市民病院
D29,148,名鉄バス,,鳴海製陶前
D29,149,名鉄バス,,鹿山
D29,14A,名鉄バス,,池上団地
D29,14B,名鉄バス,,上朝日出
D29,14C,名鉄バス,,池上
D29,14D,名鉄バス,,鳴子口
D29,14E,名鉄バス,,滝ノ水口
D29,14F,名鉄バス,,鳴子町
D29,150,名鉄バス,,鳴子住宅
D29,15B,名鉄バス,,鳴子みどりヶ丘
D29,15C,名鉄バス,,篠ノ風
D29,15D,名鉄バス,,おおね荘
D29,166,名鉄バス,,黒石住宅
D29,167,名鉄バス,,ほら貝
D29,168,名鉄バス,,中旭出
D29,169,名鉄バス,,白鳥
D29,16A,名鉄バス,,高嶺小学校前
D29,16B,名鉄バス,,後山
D29,16F,名鉄バス,,東仲
D29,170,名鉄バス,,音貝小学校前
D29,171,名鉄バス,,南切山
D29,172,名鉄バス,,わらび福祉園前
D29,173,名鉄バス,,高坂小学校前
D29,174,名鉄バス,,天白消防署前
D29,176,名鉄バス,,神沢中学校
D29,177,名鉄バス,,神沢南公園
D29,178,名鉄バス,,税務大学
D29,182,名鉄バス,,神沢二丁目
D29,185,名鉄バス,,中平五丁目
D29,186,名鉄バス,,中平四丁目
D29,187,名鉄バス,,平針上ノ池
D29,188,名鉄バス,,平針住宅
D29,189,名鉄バス,,平針運転免許試験場
D29,18A,名鉄バス,,神の倉西
D29,18B,名鉄バス,,島田緑地南
D29,18C,名鉄バス,,島田黒石
D29,18D,名鉄バス,,島田住宅
D29,196,名鉄バス,,尾張旭消防署
D29,197,名鉄バス,,尾張旭市役所
D29,1A0,名鉄バス,,尾張旭駅
D29,1A1,名鉄バス,本地ヶ原線,晴丘
D29,1A2,名鉄バス,本地ヶ原線,東本地ヶ原
D29,1A4,名鉄バス,本地ヶ原線/愛知医科大学病院線,本地ヶ原
D29,1A5,名鉄バス,,愛知医科大学病院
D29,1A6,名鉄バス,,本館前
D29,1A8,名鉄バス,,北山町
D29,1A9,名鉄バス,,旭小学校前
D29,1AB,名鉄バス,,新居町
D29,1AC,名鉄バス,,尾張旭市民プール
D29,1AD,名鉄バス,,森林公園南門
D29,1AE,名鉄バス,,尾張旭向ヶ丘
D29,1AF,名鉄バス,本地ヶ原線,中畑(尾張旭市)
D29,1B0,名鉄バス,,和合ヶ丘中央
D29,1B1,名鉄バス,,諸輪公民館前
D29,1B2,名鉄バス,,北山台5丁目
D29,1B3,名鉄バス,,諸輪橋
D29,1B4,名鉄バス,,武蔵塚
D29,1B5,名鉄バス,,香桶
D29,1B6,名鉄バス,,研究棟前
D29,1B7,名鉄バス,,長久手文化の家北
D29,1B8,名鉄バス,,長久手高校北
D29,1BE,名鉄バス,,竹の山東
D29,1BF,名鉄バス,,口論義運動公園西
D29,1C0,名鉄バス,,長久手高校東門
D29,1C1,名鉄バス,,福祉体育館
D29,1C2,名鉄バス,,文化会館
D29,1C3,名鉄バス,,二村台四丁目
D29,1C4,名鉄バス,,二村台七丁目
D29,1C5,名鉄バス,,藤田医科大学病院
D29,1C6,名鉄バス,,上池
D29,1C7,名鉄バス,,勅使台口
D29,1C8,名鉄バス,,勅使台西
D29,1C9,名鉄バス,,勅使台
D29,1CA,名鉄バス,,井ノ花
D29,1CB,名鉄バス,,名商大
D29,1CD,名鉄バス,,蟹原公園
D29,1CE,名鉄バス,,口論義運動公園
D29,1CF,名鉄バス,,三本木上
D29,1D0,名鉄バス,,赤池駅
D29,1D2,名鉄バス,,名商大前
D29,1D3,名鉄バス,,御岳
D29,1D4,名鉄バス,,浅田東
D29,1D5,名鉄バス,,中島
D29,1D7,名鉄バス,,唐竹公園
D29,1D8,名鉄バス,,吉池郵便局
D29,1D9,名鉄バス,,吉池団地
D29,1DA,名鉄バス,,錦・老人憩いの家
D29,1DB,名鉄バス,,新田
D29,1DC,名鉄バス,,白山(日進市)
D29,1DD,名鉄バス,,岩崎大塚
D29,1DE,名鉄バス,,岩崎台北
D29,1DF,名鉄バス,,愛知淑徳大学南
D29,1E0,名鉄バス,,総合福祉会館
D29,1E2,名鉄バス,,長久手南中学校
D29,1E3,名鉄バス,,竹の山1丁目
D29,1E4,名鉄バス,,竹の山
D29,1E6,名鉄バス,,門木
D29,1E7,名鉄バス,東山線/愛知医科大学病院線,南原山
D29,1E8,名鉄バス,東山線,塚田
D29,1ED,名鉄バス,,牛廻間
D29,1EE,名鉄バス,,和合ヶ丘2丁目
D29,1EF,名鉄バス,,和合ヶ丘3丁目
D29,1F2,名鉄バス,東山線,作田
D29,1F4,名鉄バス,東山線,長久手郵便局
D29,1F7,名鉄バス,本地ヶ原線,坂上
D29,1F8,名鉄バス,本地ヶ原線,本地
D29,1F9,名鉄バス,,原山
D29,1FA,名鉄バス,本地ヶ原線,高根町
D29,1FB,名鉄バス,,名外大・学芸大西
D29,1FC,名鉄バス,東山線,西蔵所
D29,1FD,名鉄バス,東山線,赤重北
D29,1FE,名鉄バス,東山線/本地ヶ原線,瀬戸商工会議所前
D29,1FF,名鉄バス,東山線/本地ヶ原線,瀬戸市役所南
D29,200,名鉄バス,東山線,本地口
D29,201,名鉄バス,東山線,菱野
D29,202,名鉄バス,東山線,赤重
D29,203,名鉄バス,東山線,新郷町
D29,204,名鉄バス,東山線,水無瀬中学校前
D29,205,名鉄バス,東山線,瀬戸警察署前
D29,206,名鉄バス,,新開地
D29,208,名鉄バス,,瀬戸駅前
D29,20A,名鉄バス,,記念橋
D29,20B,名鉄バス,,瀬戸宮前
D29,20C,名鉄バス,,中橋
D29,20D,名鉄バス,,陶祖公園
D29,20E,名鉄バス,,古瀬戸
D29,20F,名鉄バス,,紺屋田
D29,210,名鉄バス,,伍位塚
D29,211,名鉄バス,,品野口
D29,212,名鉄バス,,品野馬場
D29,213,名鉄バス,,品野坂上
D29,214,名鉄バス,本地ヶ原線,西米泉町
D29,215,名鉄バス,,品野火の見下
D29,216,名鉄バス,,金剛院前
D29,217,名鉄バス,,赤津口
D29,218,名鉄バス,東山線,塩草町
D29,219,名鉄バス,本地ヶ原線,神川
D29,21A,名鉄バス,本地ヶ原線,瀬戸口町
D29,21B,名鉄バス,本地ヶ原線,米泉町
D29,21C,名鉄バス,東山線,東本町一丁目
D29,21D,名鉄バス,東山線,祖母懐橋
D29,21E,名鉄バス,東山線,一里塚
D29,21F,名鉄バス,東山線,万徳寺前
D29,220,名鉄バス,東山線,太子町
D29,221,名鉄バス,東山線,新明町
D29,222,名鉄バス,東山線,東明町
D29,223,名鉄バス,東山線/本地ヶ原線,大松
D29,224,名鉄バス,東山線/本地ヶ原線,八王子
D29,227,名鉄バス,東山線,長久手福祉の家北
D29,228,名鉄バス,東山線/本地ヶ原線,赤津
D29,229,名鉄バス,,はるさめ台
D29,22A,名鉄バス,,塩草町西
D29,22E,名鉄バス,,品野本町
D29,22F,名鉄バス,,品野
D29,230,名鉄バス,,陶栄町
D29,231,名鉄バス,,萩殿町
D29,232,名鉄バス,,御殿橋
D29,236,名鉄バス,,原山台西
D29,237,名鉄バス,,原山台東
D29,238,名鉄バス,,萩山台北
D29,239,名鉄バス,,センター前(瀬戸市)
D29,23A,名鉄バス,,萩山台南
D29,23B,名鉄バス,,八幡台東
D29,23C,名鉄バス,,せと在宅福祉センター前
D29,23D,名鉄バス,本地ヶ原線,西原
D29,23E,名鉄バス,,長根
D29,240,名鉄バス,,八幡台西
D29,241,名鉄バス,,新瀬戸駅
D29,242,名鉄バス,東山線,幡野
D29,243,名鉄バス,,瀬戸西高前
D29,244,名鉄バス,,長久手住宅
D29,246,名鉄バス,,砂子
D29,247,名鉄バス,,公園西駅
D29,248,名鉄バス,,トヨタ博物館前
D29,249,名鉄バス,,陶磁美術館
D29,24A,名鉄バス,,稲葉橋
D29,24B,名鉄バス,東山線,山の田(瀬戸市)
D29,24D,名鉄バス,,南山口町
D29,24E,名鉄バス,,御岳公園前
D29,24F,名鉄バス,,諸輪住宅前
D29,254,名鉄バス,,鶴根
D29,256,名鉄バス,,大久手橋
D29,257,名鉄バス,,石田町
D29,258,名鉄バス,,愛知学院大学前
D29,259,名鉄バス,,草掛
D29,25A,名鉄バス,,落合
D29,25B,名鉄バス,,愛知学院大学東
D29,25C,名鉄バス,東山線,長久手口
D29,25D,名鉄バス,東山線,はなみずき通南
D29,25E,名鉄バス,東山線,東長久手
D29,25F,名鉄バス,東山線/愛知医科大学病院線,長久手消防署
D29,260,名鉄バス,,岩作組合前
D29,261,名鉄バス,東山線,岩作
D29,262,名鉄バス,東山線,熊張
D29,263,名鉄バス,東山線,長久手大草
D29,265,名鉄バス,,石神(日進市)
D29,266,名鉄バス,,岩崎神明
D29,267,名鉄バス,,梅森
D29,268,名鉄バス,,香久山
D29,269,名鉄バス,,南高上
D29,26A,名鉄バス,,岩崎南口
D29,26B,名鉄バス,,岩崎下側
D29,26C,名鉄バス,,岩崎御岳口
D29,26D,名鉄バス,,岩崎橋
D29,26E,名鉄バス,,岩藤西口
D29,26F,名鉄バス,,菖蒲池
D29,270,名鉄バス,,愛知学院大学西
D29,271,名鉄バス,,五色園
D29,272,名鉄バス,,下島(日進市)
D29,273,名鉄バス,,北新田
D29,274,名鉄バス,,長久手古戦場駅
D29,276,名鉄バス,,西島
D29,277,名鉄バス,,岩藤
D29,278,名鉄バス,,宮西
D29,279,名鉄バス,,浅田西
D29,27A,名鉄バス,,浅田
D29,27B,名鉄バス,,野方
D29,27C,名鉄バス,,日進市役所
D29,27D,名鉄バス,,藤枝
D29,27E,名鉄バス,,本米野木
D29,27F,名鉄バス,,東米野木
D29,280,名鉄バス,,三本木
D29,281,名鉄バス,,中部大第一高前
D29,283,名鉄バス,,箕ノ手北
D29,284,名鉄バス,,中三本木
D29,285,名鉄バス,,平子
D29,286,名鉄バス,,箕ノ手
D29,287,名鉄バス,,和合ゴルフ場前
D29,288,名鉄バス,,和合ヶ丘
D29,289,名鉄バス,,和合
D29,28A,名鉄バス,,諸輪
D29,28C,名鉄バス,,和合北口
D29,28D,名鉄バス,,東郷小学校前
D29,28E,名鉄バス,,西白土
D29,28F,名鉄バス,,名鉄白土
D29,290,名鉄バス,,東白土
D29,291,名鉄バス,,部田山
D29,292,名鉄バス,,清水ヶ根口
D29,293,名鉄バス,,東郷製作所前
D29,294,名鉄バス,,祐福寺
D29,295,名鉄バス,,二村台一丁目
D29,296,名鉄バス,,和合ヶ丘東
D29,297,名鉄バス,,島川
D29,298,名鉄バス,,梅森西
D29,299,名鉄バス,,前後駅
D29,29A,名鉄バス,,相生山病院北
D29,29B,名鉄バス,,半ノ木公園
D29,29C,名鉄バス,,日進保健センター東
D29,29D,名鉄バス,,蟹甲
D29,29E,名鉄バス,,かえで台
D29,29F,名鉄バス,,日進駅
D29,2A0,名鉄バス,,折戸
D29,2A1,名鉄バス,,山崎
D29,2A2,名鉄バス,,和合宮前
D29,2A3,名鉄バス,,上高根
D29,2A4,名鉄バス,,薮田
D29,2A5,名鉄バス,,部田
D29,2A6,名鉄バス,,傍示本
D29,2A7,名鉄バス,,センター前(豊明市)
D29,2A8,名鉄バス,,大脇
D29,2A9,名鉄バス,東山線/本地ヶ原線,長久手市役所
D29,2AA,名鉄バス,,東郷社宅前
D29,2AC,名鉄バス,,中根
D29,2AD,名鉄バス,東山線,長久手福祉の家
D29,2AF,名鉄バス,,石兼
D29,2B0,名鉄バス,,美濃輪池
D29,2B1,名鉄バス,,豊明団地
D29,2B2,名鉄バス,,藤が丘
D29,2B3,名鉄バス,,藤が丘南
D29,2B4,名鉄バス,,愛・地球博記念公園駅
D29,2B5,名鉄バス,,米野木駅
D29,2B6,名鉄バス,,猪ノ湫
D29,2B8,名鉄バス,,和合西口
D29,2B9,名鉄バス,,東名日進
D29,2BA,名鉄バス,,ららぽーと愛知東郷
D29,2BC,名鉄バス,,豊明中学校前
D29,2BD,名鉄バス,,追進町
D29,2BE,名鉄バス,,勝川住宅前
D29,2BF,名鉄バス,,勝川町5丁目
D29,2C0,名鉄バス,,勝川駅
D29,2C1,名鉄バス,,柏井町一丁目
D29,2C2,名鉄バス,,八幡社前(春日井市)
D29,2C3,名鉄バス,,柏井町4丁目
D29,2C4,名鉄バス,,春日井高校前
D29,2C5,名鉄バス,,鳥居松二丁目
D29,2C6,名鉄バス,,春日井市役所前
D29,2C7,名鉄バス,,鳥居松
D29,2C8,名鉄バス,,鳥居松八丁目
D29,2C9,名鉄バス,,総合福祉センター前
D29,2CA,名鉄バス,,篠木
D29,2CB,名鉄バス,,東部中学校前
D29,2CC,名鉄バス,,篠木六丁目
D29,2CD,名鉄バス,,篠木七丁目
D29,2CE,名鉄バス,,篠木八丁目
D29,2CF,名鉄バス,,下市場
D29,2D0,名鉄バス,,中新町
D29,2D1,名鉄バス,,花長町
D29,2D2,名鉄バス,,白山町
D29,2D3,名鉄バス,,味美
D29,2D9,名鉄バス,,和合ヶ丘団地口
D29,2DA,名鉄バス,,石兼西
D29,2DB,名鉄バス,,北蚊谷
D29,2E0,名鉄バス,,上条町6丁目
D29,2E1,名鉄バス,,王子町
D29,2E5,名鉄バス,,春日井駅
D29,2E6,名鉄バス,,乙輪町
D29,2EB,名鉄バス,,味美駅前
D29,2EC,名鉄バス,,味美ふれあいセンター
D29,2EF,名鉄バス,,八光町4丁目
D29,2F0,名鉄バス,,大和通
D29,2F7,名鉄バス,,八田
D29,2F8,名鉄バス,,道場山住宅前
D29,2FA,名鉄バス,,定野
D29,2FB,名鉄バス,,下原町
D29,2FC,名鉄バス,,南桃山町
D29,301,名鉄バス,,上大手
D29,302,名鉄バス,,町屋
D29,303,名鉄バス,,田楽
D29,304,名鉄バス,,上田楽町北
D29,305,名鉄バス,,TISM前
D29,306,名鉄バス,,西町屋
D29,307,名鉄バス,,南町屋
D29,308,名鉄バス,,南下原町西
D29,309,名鉄バス,,上八田
D29,30A,名鉄バス,,八田町二丁目
D29,30B,名鉄バス,,春日井農協前
D29,30C,名鉄バス,,八事町
D29,30D,名鉄バス,,広田公園西
D29,30E,名鉄バス,,岩野
D29,30F,名鉄バス,,グリーンパレス春日井
D29,311,名鉄バス,,桃山町
D29,312,名鉄バス,,春日井自衛隊前
D29,313,名鉄バス,,総合体育館前
D29,314,名鉄バス,,落合公園
D29,315,名鉄バス,,桃山町東
D29,317,名鉄バス,,若草通一丁目
D29,318,名鉄バス,,八光町三丁目
D29,319,名鉄バス,,稲口
D29,31A,名鉄バス,,如意申
D29,31B,名鉄バス,,高山
D29,31C,名鉄バス,,東大手
D29,31D,名鉄バス,,高山口
D29,31E,名鉄バス,,パナソニックエコシステムズ
D29,320,名鉄バス,,不二ヶ丘
D29,321,名鉄バス,,出川
D29,322,名鉄バス,,中部大学東
D29,323,名鉄バス,,神明
D29,324,名鉄バス,,上野(春日井市)
D29,325,名鉄バス,,坂下二丁目
D29,326,名鉄バス,,坂下
D29,327,名鉄バス,,下神屋
D29,328,名鉄バス,,神屋住宅前
D29,329,名鉄バス,,神屋
D29,32A,名鉄バス,,坂下出張所前
D29,32B,名鉄バス,,大山口
D29,32C,名鉄バス,,尾張明知
D29,32D,名鉄バス,,西尾(春日井市)
D29,32E,名鉄バス,,内津口
D29,32F,名鉄バス,,内津
D29,330,名鉄バス,,内々神社
D29,331,名鉄バス,,福祉の里
D29,332,名鉄バス,,神屋工業団地
D29,333,名鉄バス,,神屋工業団地口
D29,338,名鉄バス,,西尾上
D29,339,名鉄バス,,東野口(春日井市)
D29,33A,名鉄バス,,六軒屋四丁目
D29,33B,名鉄バス,,松原小学校前
D29,33C,名鉄バス,,白山南
D29,33D,名鉄バス,,繁田
D29,33E,名鉄バス,,東出川
D29,33F,名鉄バス,,北気噴
D29,340,名鉄バス,,高蔵寺駅北口
D29,341,名鉄バス,,白山橋
D29,342,名鉄バス,,白山(春日井市)
D29,343,名鉄バス,,泉橋
D29,344,名鉄バス,,庄名
D29,345,名鉄バス,,円福寺前
D29,346,名鉄バス,,藤山台南
D29,347,名鉄バス,,藤山台
D29,348,名鉄バス,,藤山台東
D29,349,名鉄バス,,愛知学園前
D29,34A,名鉄バス,,愛知県コロニー
D29,34B,名鉄バス,,岩成台
D29,34C,名鉄バス,,高森台西
D29,34D,名鉄バス,,廻間
D29,34E,名鉄バス,,坂下五丁目
D29,34F,名鉄バス,,高森台
D29,350,名鉄バス,,石尾台
D29,351,名鉄バス,,不二小学校前
D29,352,名鉄バス,,中部大学
D29,353,名鉄バス,,三崎町
D29,354,名鉄バス,,豊明市役所
D29,355,名鉄バス,,中央公園
D29,356,名鉄バス,,沓掛宿
D29,357,名鉄バス,,本郷口(豊明市)
D29,358,名鉄バス,,下高根
D29,359,名鉄バス,,高鴨
D29,35A,名鉄バス,,烏洞橋
D29,35B,名鉄バス,,中央台
D29,35C,名鉄バス,,高森台四丁目
D29,35D,名鉄バス,,石尾台北
D29,35E,名鉄バス,,石尾台南
D29,35F,名鉄バス,,高蔵寺高校
D29,361,名鉄バス,,中央公民館前
D29,362,名鉄バス,,柏原町5丁目
D29,364,名鉄バス,,高森台北
D29,365,名鉄バス,,春日井インター西
D29,366,名鉄バス,,二子山公園
D29,369,名鉄バス,,坂下公民館
D29,36A,名鉄バス,,中部大学北
D29,36B,名鉄バス,,平和公園口
D29,36C,名鉄バス,,大泉寺西
D29,36D,名鉄バス,,下原本町
D29,36E,名鉄バス,,東野町
D29,36F,名鉄バス,,六軒屋三丁目
D29,370,名鉄バス,,春日台
D29,371,名鉄バス,,かみや団地
D29,372,名鉄バス,,少年自然の家
D29,373,名鉄バス,,細野
D29,374,名鉄バス,,石尾台東
D29,375,名鉄バス,,押沢台
D29,376,名鉄バス,,植物園
D29,377,名鉄バス,,大草農協前
D29,378,名鉄バス,,かみや団地口
D29,37B,名鉄バス,,下原口
D29,37C,名鉄バス,,春日台口
D29,37D,名鉄バス,,坂下神社
D29,37E,名鉄バス,,春日台東
D29,37F,名鉄バス,,三崎小学校
D29,381,名鉄バス,,岩成台西
D29,382,名鉄バス,,岩成台北
D29,383,名鉄バス,,岩成台小学校
D29,384,名鉄バス,,神領駅北口
D29,385,名鉄バス,,名鉄間内駅
D29,386,名鉄バス,,南外山(小牧市)
D29,387,名鉄バス,,市之久田
D29,388,名鉄バス,,桜井
D29,389,名鉄バス,,三和通
D29,38A,名鉄バス,,小牧駅
D29,390,名鉄バス,,二重堀
D29,391,名鉄バス,,日本碍子前
D29,392,名鉄バス,,池田
D29,393,名鉄バス,,下末
D29,394,名鉄バス,,川向(小牧市)
D29,395,名鉄バス,,東洞口
D29,396,名鉄バス,,西洞
D29,397,名鉄バス,,大草(小牧市)
D29,39C,名鉄バス,,大草東上
D29,39D,名鉄バス,,小木
D29,3A0,名鉄バス,,元町
D29,3B2,名鉄バス,,桃花台センター(高蔵寺系統)
D29,3B4,名鉄バス,,大山
D29,3B5,名鉄バス,,CKD前
D29,3B6,名鉄バス,,住友理工前
D29,3B7,名鉄バス,,中町(小牧市)
D29,3B8,名鉄バス,,小牧市民病院北
D29,3B9,名鉄バス,,小牧市役所前
D29,3BA,名鉄バス,,間々乳観音前
D29,3BB,名鉄バス,,西之島
D29,3BC,名鉄バス,,三ツ渕東
D29,3BD,名鉄バス,,三ツ渕西
D29,3BE,名鉄バス,,三ツ渕中
D29,3C0,名鉄バス,,若宮
D29,3C1,名鉄バス,,小針
D29,3C2,名鉄バス,,小針の郷前
D29,3C3,名鉄バス,,下小針天神
D29,3C7,名鉄バス,,下小針中島3丁目
D29,3C8,名鉄バス,,小木口
D29,3C9,名鉄バス,,北里市民センター西
D29,3D4,名鉄バス,,藤島団地
D29,3D8,名鉄バス,,十三塚西
D29,3D9,名鉄バス,,藤島(小牧市)
D29,3DA,名鉄バス,,とみづか
D29,3DE,名鉄バス,,小牧南高校口
D29,3E2,名鉄バス,,外堀一丁目
D29,3E3,名鉄バス,,常普請
D29,3E4,名鉄バス,,小牧市民病院前
D29,3E5,名鉄バス,,メナード美術館前
D29,3E6,名鉄バス,,小牧駅西
D29,408,名鉄バス,,伊勢山西
D29,40F,名鉄バス,,西豊場
D29,411,名鉄バス,,西春駅
D29,416,名鉄バス,,九ノ坪北
D29,41B,名鉄バス,,高田寺北
D29,41C,名鉄バス,,若草町
D29,422,名鉄バス,,名古屋空港
D29,424,名鉄バス,,砂場
D29,425,名鉄バス,,北部市場北
D29,426,名鉄バス,,空港西
D29,427,名鉄バス,,東村前
D29,428,名鉄バス,,井瀬木
D29,429,名鉄バス,,鹿田南
D29,42F,名鉄バス,,明知工業団地
D29,4B1,名鉄バス,,岩倉団地西
D29,4B2,名鉄バス,,大市場町郷東
D29,4B3,名鉄バス,,西市
D29,4B5,名鉄バス,,岩倉駅
D29,4B6,名鉄バス,,中市場
D29,4B7,名鉄バス,,岩倉団地
D29,4B8,名鉄バス,,八剱
D29,4BA,名鉄バス,,岩倉市役所西
D29,4BD,名鉄バス,,葭原
D29,4BF,名鉄バス,,東野新町
D29,4C0,名鉄バス,,坂下六丁目
D29,4C1,名鉄バス,,神明町
D29,4C2,名鉄バス,,東野町西三丁目
D29,4C3,名鉄バス,,松原中学校
D29,4C4,名鉄バス,,市民病院西
D29,4C5,名鉄バス,,岩野町一丁目
D29,4C6,名鉄バス,,西高山町
D29,4C7,名鉄バス,,西部中学校
D29,4C8,名鉄バス,,西部ふれあいセンター
D29,4C9,名鉄バス,,松山小学校
D29,4CA,名鉄バス,,稲口町
D29,4CB,名鉄バス,,春日井市民病院
D29,4CC,名鉄バス,,宮町
D29,4CD,名鉄バス,,ナフコ石尾台
D29,4CE,名鉄バス,,石尾台小学校
D29,4CF,名鉄バス,,石尾台二丁目
D29,4D0,名鉄バス,,高森台七丁目
D29,4D1,名鉄バス,,高森台中学校
D29,4D2,名鉄バス,,高森山公園
D29,4D3,名鉄バス,,高森台団地
D29,4D4,名鉄バス,,高森台郵便局
D29,4D5,名鉄バス,,浄水場
D29,4D6,名鉄バス,,高森台一丁目
D29,4D7,名鉄バス,,藤山公園
D29,4D8,名鉄バス,,藤山台小学校西
D29,4D9,名鉄バス,,藤山台四丁目
D29,4DA,名鉄バス,,西藤山台小学校
D29,4DB,名鉄バス,,藤山橋
D29,4DC,名鉄バス,,東山下橋
D29,4DD,名鉄バス,,岩成台四丁目
D29,4E0,名鉄バス,,スポーツクラブNAS
D29,4E1,名鉄バス,,グルッポふじとう北
D29,4EA,名鉄バス,,坂下出張所
D29,4EB,名鉄バス,,厚金橋西
D29,4EC,名鉄バス,,妙慶町
D29,4ED,名鉄バス,,北野池
D29,4EE,名鉄バス,,郷前
D29,4EF,名鉄バス,,朝宮神社東
D29,4F0,名鉄バス,,朝宮公園南
D29,4F1,名鉄バス,,朝宮公園北
D29,4F2,名鉄バス,,美濃町
D29,4F3,名鉄バス,,味美町
D29,4F4,名鉄バス,,中新田
D29,4F5,名鉄バス,,豊山町社会教育センター
D29,4F6,名鉄バス,,エアポートウォーク
D29,4F7,名鉄バス,,六軒屋口
D29,4F8,名鉄バス,,六軒屋
D29,4F9,名鉄バス,,南下原町
D29,4FA,名鉄バス,,西山町
D29,4FB,名鉄バス,,西山住宅前
D29,4FC,名鉄バス,,六軒屋公民館
D29,4FD,名鉄バス,,東山
D29,4FE,名鉄バス,,桃花園
D29,4FF,名鉄バス,,ことぶき町
D29,500,名鉄バス,,桃花園口
D29,501,名鉄バス,,西山口
D29,502,名鉄バス,,柏原町二丁目
D29,503,名鉄バス,,柏原町三丁目
D29,504,名鉄バス,,サンマルシェ南館西
D29,505,名鉄バス,,サンマルシェ南館東
D29,506,名鉄バス,,アピタ館
D29,507,名鉄バス,,上野北
D29,508,名鉄バス,,中嶋
D29,509,名鉄バス,,桃花台東(高蔵寺系統)
D29,50A,名鉄バス,,深洞
D29,50B,名鉄バス,,中央台小学校東
D29,50C,名鉄バス,,中央台七丁目
D29,50D,名鉄バス,,堂須公園
D29,50E,名鉄バス,,押沢台小学校
D29,50F,名鉄バス,,押沢台三丁目
D29,510,名鉄バス,,押沢台四丁目
D29,511,名鉄バス,,押沢台五丁目
D29,512,名鉄バス,,押沢台七丁目
D29,513,名鉄バス,,押沢台西
D29,521,名鉄バス,,桃花台センター
D29,522,名鉄バス,,高根
D29,523,名鉄バス,,桃山町3丁目
D29,524,名鉄バス,,浅山町
D29,525,名鉄バス,,中畑(尾張旭市)
D29,526,名鉄バス,,南島
D29,527,名鉄バス,,尾張下原
D29,528,名鉄バス,,大池住宅前
D29,529,名鉄バス,,高蔵寺幼稚園北口
D29,52A,名鉄バス,,高蔵公園前
D29,52B,名鉄バス,,鹿乗橋
D29,52C,名鉄バス,,飼野
D29,52D,名鉄バス,,玉野(春日井市)
D29,52E,名鉄バス,,自衛隊前
D29,52F,名鉄バス,,玉野台南
D29,530,名鉄バス,,玉野台団地
D29,531,名鉄バス,,玉野台北
D29,532,名鉄バス,,木附
D29,533,名鉄バス,,押沢台口
D29,534,名鉄バス,,押沢台5丁目
D29,535,名鉄バス,,木附西
D29,536,名鉄バス,,名鉄牛山駅
D29,537,名鉄バス,,牛山新田橋東
D29,538,名鉄バス,,牛山第三公民館
D29,539,名鉄バス,,寺田台東
D29,53A,名鉄バス,,さつき台児童遊園
D29,53B,名鉄バス,,天神社南
D29,53C,名鉄バス,,郷中公会堂
D29,53D,名鉄バス,,三本竹児童遊園
D29,53E,名鉄バス,,牛山ちびっこ広場西
D29,53F,名鉄バス,,牛山運動広場南
D29,540,名鉄バス,,新開町
D29,541,名鉄バス,,前並調理場東
D29,542,名鉄バス,,前並公民館
D29,543,名鉄バス,,前並町1丁目
D29,544,名鉄バス,,前高グラウンド
D29,545,名鉄バス,,辻山西公園
D29,546,名鉄バス,,辻山橋東
D29,547,名鉄バス,,大手小学校南
D29,549,名鉄バス,,松新橋南
D29,54A,名鉄バス,,松河戸住宅
D29,54B,名鉄バス,,松河戸交番北
D29,54C,名鉄バス,,松河戸交番東
D29,54D,名鉄バス,,下中公園
D29,54E,名鉄バス,,春日井高等特別支援学校
D29,54F,名鉄バス,,中切町
D29,550,名鉄バス,,下津保育園北
D29,551,名鉄バス,,泰岳寺東
D29,552,名鉄バス,,上条町南
D29,553,名鉄バス,,上条町中
D29,554,名鉄バス,,上条町北
D29,555,名鉄バス,,春日井駅南口
D29,556,名鉄バス,,上条町2丁目
D29,557,名鉄バス,,弥生町2丁目
D29,558,名鉄バス,,月見橋南
D29,559,名鉄バス,,鳥居松公園
D29,55A,名鉄バス,,南部ふれあいセンター
D29,55C,名鉄バス,,瑞穂通1丁目
D29,55D,名鉄バス,,東野小学校南
D29,55E,名鉄バス,,割塚町
D29,55F,名鉄バス,,関田町
D29,560,名鉄バス,,林島町
D29,561,名鉄バス,,熊野神社北
D29,562,名鉄バス,,熊野町
D29,563,名鉄バス,,堀ノ内町
D29,564,名鉄バス,,堀ノ内町東
D29,565,名鉄バス,,神領町東
D29,566,名鉄バス,,大留町1丁目
D29,567,名鉄バス,,大留町4丁目
D29,568,名鉄バス,,大留町中
D29,569,名鉄バス,,大留町東
D29,56A,名鉄バス,,気噴町西
D29,56B,名鉄バス,,気噴町
D29,56C,名鉄バス,,高蔵寺町1丁目
D29,56D,名鉄バス,,高蔵寺町2丁目
D29,56E,名鉄バス,,高蔵寺ふれあいセンター北
D29,56F,名鉄バス,,神領駅
D29,570,名鉄バス,,高蔵寺駅
D29,571,名鉄バス,,市役所
D29,572,名鉄バス,,道風記念館
D29,573,名鉄バス,,東部市民センター
D29,574,名鉄バス,,石尾台郵便局
D29,575,名鉄バス,,市民センター・NAS前
D29,57E,名鉄バス,稲沢中央線,国府宮駅
D29,57F,名鉄バス,稲沢中央線,松下町
D29,580,名鉄バス,稲沢中央線,小沢
D29,584,名鉄バス,稲沢中央線,国分団地西
D29,585,名鉄バス,稲沢中央線,船橋
D29,586,名鉄バス,稲沢中央線,矢合観音
D29,589,名鉄バス,稲沢中央線,美術館・保健センター
D29,58A,名鉄バス,稲沢中央線,城見ヶ丘
D29,58B,名鉄バス,稲沢中央線,稲沢町前田
D29,58C,名鉄バス,稲沢中央線,稲沢公園
D29,59A,名鉄バス,稲沢中央線,朝府
D29,59B,名鉄バス,稲沢中央線,アピタ稲沢店
D29,59C,名鉄バス,稲沢中央線,国分団地
D29,5A8,名鉄バス,稲沢中央線,駅前一丁目
D29,5A9,名鉄バス,稲沢中央線,小池二丁目
D29,5AA,名鉄バス,稲沢中央線,稲沢市役所
D29,5AD,名鉄バス,稲沢中央線,稲沢市民病院
D29,5AE,名鉄バス,稲沢中央線,小池四丁目
D29,5AF,名鉄バス,稲沢中央線,小池南
D29,5B0,名鉄バス,稲沢中央線,正明寺
D29,5B1,名鉄バス,稲沢中央線,JR稲沢駅西口
D29,5DC,名鉄バス,丹陽線/一宮・川島D線,東一宮
D29,5DE,名鉄バス,,一宮市役所
D29,5DF,名鉄バス,,一宮市役所北
D29,5E0,名鉄バス,,本町(一宮市)
D29,5E2,名鉄バス,,尾張一宮駅前
D29,5E3,名鉄バス,,栄一丁目
D29,5E4,名鉄バス,,ききょう会館
D29,5E5,名鉄バス,,音羽
D29,5E6,名鉄バス,,宮山
D29,5E7,名鉄バス,,酒見神社
D29,5E9,名鉄バス,,今伊勢小学校
D29,5EA,名鉄バス,,馬寄南
D29,5EB,名鉄バス,,馬寄
D29,5EC,名鉄バス,,西島町三丁目
D29,5ED,名鉄バス,,一宮スポーツ文化センター
D29,5EE,名鉄バス,,大宮二丁目
D29,5EF,名鉄バス,,宮西小学校前
D29,5F0,名鉄バス,,文京二丁目
D29,5F1,名鉄バス,,西島町一丁目
D29,5F2,名鉄バス,,西島町
D29,5F3,名鉄バス,,西佐千原
D29,5F4,名鉄バス,,高田
D29,5F5,名鉄バス,,一宮特別支援学校
D29,5F6,名鉄バス,,大毛
D29,5F7,名鉄バス,,杉山
D29,5F8,名鉄バス,,光明寺
D29,5F9,名鉄バス,,丹羽団地
D29,5FA,名鉄バス,,一宮北高校口
D29,5FB,名鉄バス,,山郷
D29,5FC,名鉄バス,,更屋敷
D29,5FD,名鉄バス,,狐塚
D29,5FE,名鉄バス,,北方町出張所
D29,5FF,名鉄バス,,東泉屋郷
D29,600,名鉄バス,,中島
D29,601,名鉄バス,,松降二丁目
D29,602,名鉄バス,,市民病院前
D29,603,名鉄バス,,中島通一丁目
D29,604,名鉄バス,,中島通三丁目
D29,605,名鉄バス,,佐千原
D29,606,名鉄バス,,一宮自動車学校前
D29,607,名鉄バス,,島村口
D29,608,名鉄バス,,島村
D29,609,名鉄バス,,若栗神社前
D29,60A,名鉄バス,,笹野
D29,60B,名鉄バス,,大野
D29,60C,名鉄バス,,いずみ学園前
D29,60D,名鉄バス,,西浅井
D29,60E,名鉄バス,,丹羽
D29,60F,名鉄バス,,浅井
D29,610,名鉄バス,,西海戸
D29,611,名鉄バス,,大日比野
D29,612,名鉄バス,,前野
D29,613,名鉄バス,,尾関
D29,614,名鉄バス,,河田黒岩
D29,615,名鉄バス,,宮田口
D29,616,名鉄バス,,総合大雄会病院前
D29,617,名鉄バス,,桜一丁目
D29,618,名鉄バス,,大浜二丁目
D29,619,名鉄バス,,浜町五丁目
D29,61A,名鉄バス,,両郷町口
D29,61B,名鉄バス,,両郷町
D29,61C,名鉄バス,,出屋敷
D29,61D,名鉄バス,,若年
D29,61E,名鉄バス,,大山町
D29,61F,名鉄バス,,時之島
D29,620,名鉄バス,,瀬部
D29,621,名鉄バス,,金比羅前
D29,622,名鉄バス,,颪
D29,623,名鉄バス,,西大海道
D29,624,名鉄バス,,宅美神社前
D29,625,名鉄バス,,子どもの家ともいき前
D29,626,名鉄バス,,春明
D29,628,名鉄バス,,春明住宅前
D29,634,名鉄バス,,水法
D29,641,名鉄バス,,名鉄一宮駅
D29,643,名鉄バス,,一宮スイミングスクール前
D29,644,名鉄バス,,神山三丁目
D29,645,名鉄バス,,繊維センター前
D29,646,名鉄バス,,馬引
D29,648,名鉄バス,,山郷西
D29,649,名鉄バス,,一宮商業高校
D29,64A,名鉄バス,,本町南
D29,64D,名鉄バス,,開明東
D29,64E,名鉄バス,,新田
D29,651,名鉄バス,,高野島
D29,654,名鉄バス,,三条小学校
D29,655,名鉄バス,,板倉北
D29,656,名鉄バス,,板倉南
D29,658,名鉄バス,,ゆうゆうのやかた
D29,65A,名鉄バス,,西萩原宿舎
D29,65D,名鉄バス,,馬引西
D29,65E,名鉄バス,,西浦公民館
D29,65F,名鉄バス,,尾西記念病院
D29,660,名鉄バス,,冨田保育園東
D29,662,名鉄バス,,冨田北
D29,665,名鉄バス,,尾西庁舎
D29,666,名鉄バス,,奥町駅
D29,667,名鉄バス,,仁井西
D29,668,名鉄バス,,小信児童公園北
D29,669,名鉄バス,,旭町
D29,66D,名鉄バス,,小信中島小学校
D29,674,名鉄バス,,東佐千原
D29,675,名鉄バス,,花岡町
D29,676,名鉄バス,,印田
D29,677,名鉄バス,,馬見塚
D29,678,名鉄バス,,南町
D29,679,名鉄バス,,浅野公園前
D29,67B,名鉄バス,,瀬古南
D29,67C,名鉄バス,,平島住宅
D29,67D,名鉄バス,,平島
D29,67E,名鉄バス,,平島南
D29,67F,名鉄バス,,三ツ井
D29,680,名鉄バス,,北三ツ井
D29,681,名鉄バス,,東三ツ井
D29,682,名鉄バス,,九日市場
D29,683,名鉄バス,,羽根(一宮市)
D29,684,名鉄バス,,元小山
D29,68B,名鉄バス,,瀬古
D29,68C,名鉄バス,,一宮市総合体育館
D29,68D,名鉄バス,,外割田南
D29,68E,名鉄バス,,外割田
D29,68F,名鉄バス,,木曽川中学校
D29,690,名鉄バス,,イオンモール木曽川(正面入口)
D29,691,名鉄バス,,イオンモール木曽川(西駐車場前)
D29,699,名鉄バス,,一宮高校前
D29,69C,名鉄バス,,かぶら池
D29,69D,名鉄バス,,一宮せんい団地
D29,6A0,名鉄バス,,修文学院
D29,6A1,名鉄バス,,市民会館(子ども文化広場図書館)
D29,6A2,名鉄バス,,森本
D29,6A3,名鉄バス,,せんい四丁目
D29,6A4,名鉄バス,,宮田本郷
D29,6A5,名鉄バス,,宮田
D29,6A6,名鉄バス,,本郷口(江南市)
D29,6A9,名鉄バス,,小杁
D29,6AA,名鉄バス,,草井
D29,6AB,名鉄バス,,島宮
D29,6AD,名鉄バス,,東野
D29,6AE,名鉄バス,,滝学園前
D29,6AF,名鉄バス,,東野口(江南市)
D29,6B0,名鉄バス,,上奈良
D29,6B1,名鉄バス,,滝学園口
D29,6B2,名鉄バス,,古知野口
D29,6B3,名鉄バス,,愛栄通
D29,6B4,名鉄バス,,飛高口
D29,6BB,名鉄バス,,せんい一丁目
D29,6BC,名鉄バス,,滝学園北
D29,6BD,名鉄バス,,東野交番前
D29,6BE,名鉄バス,,ヴィアモール前
D29,6C0,名鉄バス,,村久野藤里
D29,6C1,名鉄バス,,藤里小学校
D29,6C2,名鉄バス,,音楽寺
D29,6C3,名鉄バス,,村久野小村
D29,6C4,名鉄バス,,村久野新開
D29,6C5,名鉄バス,,後飛保
D29,6C8,名鉄バス,,河原町
D29,6D6,名鉄バス,,江南駅
D29,6D7,名鉄バス,,古知野南小学校前
D29,6D8,名鉄バス,,古知野福寿
D29,6DA,名鉄バス,,江南市役所
D29,6DD,名鉄バス,,団地西
D29,6DE,名鉄バス,,曼陀羅寺
D29,6DF,名鉄バス,,江南団地
D29,6E0,名鉄バス,,藤町
D29,6E1,名鉄バス,,古知野高校前
D29,6E2,名鉄バス,,団地東
D29,6E3,名鉄バス,,藤ヶ丘幼稚園前
D29,6E4,名鉄バス,,江南市スポーツセンター
D29,6E8,名鉄バス,,緑ヶ丘
D29,6E9,名鉄バス,,すいとぴあ江南
D29,6EA,名鉄バス,,環境センター東
D29,6EB,名鉄バス,,木曽川庁舎
D29,6EC,名鉄バス,,野白
D29,6ED,名鉄バス,,布袋駅
D29,6EE,名鉄バス,,布袋五明
D29,6EF,名鉄バス,,木賀定和
D29,6F0,名鉄バス,,木賀本郷
D29,6F1,名鉄バス,,高屋大松原
D29,6F2,名鉄バス,,江南厚生病院
D29,6F6,名鉄バス,,玉堂記念木曽川図書館
D29,6F7,名鉄バス,,玉ノ井寺東
D29,6F9,名鉄バス,,玉ノ井駅東
D29,6FA,名鉄バス,,賀茂神社北
D29,6FB,名鉄バス,,木曽川西部いこいの家
D29,6FC,名鉄バス,,新茅場
D29,6FD,名鉄バス,,神明公民館
D29,6FE,名鉄バス,,里小牧保育園西
D29,6FF,名鉄バス,,上川原
D29,700,名鉄バス,,宝江
D29,701,名鉄バス,,中起
D29,702,名鉄バス,,時之島南
D29,703,名鉄バス,,北保健センター
D29,705,名鉄バス,,岩船
D29,706,名鉄バス,,円福寺
D29,707,名鉄バス,,南屋敷
D29,708,名鉄バス,,木曽川市民病院
D29,709,名鉄バス,,澤井公屋敷跡
D29,70A,名鉄バス,,狐塚東
D29,710,名鉄バス,,JR木曽川駅
D29,711,名鉄バス,,門間西
D29,712,名鉄バス,,松山東
D29,713,名鉄バス,,神明橋
D29,714,名鉄バス,,木曽川東小学校北
D29,715,名鉄バス,,黒田南児童館南
D29,716,名鉄バス,,木曽川体育館
D29,718,名鉄バス,,萩原駅
D29,719,名鉄バス,,萩原駅西
D29,71A,名鉄バス,,荒南
D29,71B,名鉄バス,,吉藤下
D29,71F,名鉄バス,,赤童子
D29,720,名鉄バス,,大間
D29,721,名鉄バス,,上奈良南
D29,723,名鉄バス,,北屋敷
D29,724,名鉄バス,,朝日東小学校
D29,725,名鉄バス,,尾西南部生涯学習センター
D29,729,名鉄バス,,江端団地
D29,72A,名鉄バス,,祐久八間城
D29,72B,名鉄バス,,祐久十間城
D29,72C,名鉄バス,,東加賀野井
D29,72D,名鉄バス,,冨田団地
D29,72E,名鉄バス,,聖徳寺跡
D29,72F,名鉄バス,,冨田上町
D29,730,名鉄バス,,北今
D29,731,名鉄バス,,尾西第一中学校南
D29,732,名鉄バス,,稲荷公園
D29,733,名鉄バス,,西一宮駅
D29,734,名鉄バス,,天王
D29,735,名鉄バス,,西宮後
D29,736,名鉄バス,,北宮後
D29,737,名鉄バス,,今伊勢中保育園
D29,738,名鉄バス,,山島
D29,739,名鉄バス,,テニス場
D29,73A,名鉄バス,,吉田
D29,73B,名鉄バス,,エコハウス138
D29,743,名鉄バス,,中保健センター
D29,744,名鉄バス,,下沼町
D29,745,名鉄バス,,藤塚町
D29,746,名鉄バス,,市民病院
D29,747,名鉄バス,,尾張一宮駅
D29,748,名鉄バス,,平島公園野球場
D29,749,名鉄バス,,羽衣
D29,74A,名鉄バス,,一宮西病院
D29,74D,名鉄バス,,市役所
D29,74E,名鉄バス,,保健センター東
D29,74F,名鉄バス,,保健センター北
D29,750,名鉄バス,,畔道
D29,751,名鉄バス,,香久山東
D29,752,名鉄バス,,岩崎台・香久山福祉会館
D29,754,名鉄バス,,岩崎台南
D29,756,名鉄バス,,日生梅森園前
D29,757,名鉄バス,,日生梅森園
D29,758,名鉄バス,,東名古屋病院
D29,759,名鉄バス,,梅森台
D29,75A,名鉄バス,,梅森台中
D29,75B,名鉄バス,,梅森台西
D29,75D,名鉄バス,,生涯学習プラザ
D29,760,名鉄バス,,図書館
D29,761,名鉄バス,,中央福祉センター
D29,762,名鉄バス,,野方公民館
D29,763,名鉄バス,,浅田北
D29,768,名鉄バス,,南ヶ丘南
D29,769,名鉄バス,,南ヶ丘北
D29,76A,名鉄バス,,日進駅南
D29,76B,名鉄バス,,栄
D29,76C,名鉄バス,,橦木北
D29,76D,名鉄バス,,篭屋
D29,76E,名鉄バス,,尾張三条
D29,76F,名鉄バス,,尾西公園
D29,770,名鉄バス,,尾西庁舎南
D29,771,名鉄バス,,尾西庁舎
D29,772,名鉄バス,,尾張中島
D29,773,名鉄バス,,起工高・三岸美術館前
D29,774,名鉄バス,,新栄町
D29,775,名鉄バス,,起
D29,776,名鉄バス,,尾西公園前
D29,77A,名鉄バス,,西萩原
D29,77B,名鉄バス,,蓮池口
D29,77D,名鉄バス,,中通り
D29,77E,名鉄バス,,蓮池
D29,77F,名鉄バス,,尾西運動場・開明公民館
D29,780,名鉄バス,,郷北
D29,782,名鉄バス,,将監
D29,783,名鉄バス,,小原
D29,784,名鉄バス,,二ツ屋
D29,785,名鉄バス,,みづほ興業前
D29,786,名鉄バス,,濃尾大橋口
D29,78A,名鉄バス,,堤祐久
D29,78B,名鉄バス,,下祐久
D29,78D,名鉄バス,,上祖父江
D29,795,名鉄バス,,東五城
D29,796,名鉄バス,,尾西消防署前
D29,797,名鉄バス,,北今西
D29,798,名鉄バス,,五城中
D29,79F,名鉄バス,,吉藤口
D29,7A0,名鉄バス,,吉藤
D29,7A1,名鉄バス,,朝日東小学校前
D29,7A2,名鉄バス,,江端
D29,7A3,名鉄バス,,阿古井
D29,7A4,名鉄バス,,朝日西小学校前
D29,7A5,名鉄バス,,西中野
D29,7A6,名鉄バス,,阿古井口
D29,7A7,名鉄バス,,尾西高校前
D29,7A8,名鉄バス,,南外山(一宮市)
D29,7A9,名鉄バス,,日東東山北
D29,7AA,名鉄バス,,日東東山
D29,7AB,名鉄バス,,東山グランド
D29,7AC,名鉄バス,,寺脇
D29,7AD,名鉄バス,,日生東山
D29,7AE,名鉄バス,,笠寺山
D29,7AF,名鉄バス,,市民会館
D29,7B0,名鉄バス,,浅間下
D29,7B1,名鉄バス,,藤島公会堂
D29,7B2,名鉄バス,,岩藤東
D29,7B3,名鉄バス,,岩藤西
D29,7B4,名鉄バス,,小林
D29,7B5,名鉄バス,,岩崎橋西
D29,7B6,名鉄バス,,北部福祉会館北
D29,7B7,名鉄バス,,六坊
D29,7B8,名鉄バス,,グリーンハイツ
D29,7B9,名鉄バス,,名外大・名学芸大東
D29,7BA,名鉄バス,,竹の山中
D29,7BC,名鉄バス,,椙山女学園大
D29,7BD,名鉄バス,,北部保育園
D29,7BE,名鉄バス,,香久山中
D29,7C2,名鉄バス,,白山
D29,7C3,名鉄バス,,東中学校
D29,7C4,名鉄バス,,東部福祉会館北
D29,7C5,名鉄バス,,藤島小万場
D29,7C6,名鉄バス,,藤島
D29,7C7,名鉄バス,,七ツ塚
D29,7C8,名鉄バス,,夏焼
D29,7C9,名鉄バス,,総合運動公園西
D29,7CA,名鉄バス,,かえで台西
D29,7CB,名鉄バス,,北新町
D29,7CC,名鉄バス,,米野木台二丁目
D29,7CD,名鉄バス,,五色園南
D29,7CE,名鉄バス,,五色園東
D29,7CF,名鉄バス,,市役所東
D29,7D1,名鉄バス,,箕ノ手北
D29,7D2,名鉄バス,,箕ノ手西
D29,7DA,名鉄バス,,神守口
D29,7DD,名鉄バス,,大治西条
D29,7E2,名鉄バス,,大正橋西
D29,7E3,名鉄バス,,東条
D29,7E4,名鉄バス,,大治役場前
D29,7E5,名鉄バス,,西条
D29,7E6,名鉄バス,,秋竹
D29,7E7,名鉄バス,,七宝町桂
D29,7E8,名鉄バス,,安松
D29,7E9,名鉄バス,,下田
D29,7EA,名鉄バス,,莪原
D29,7EB,名鉄バス,,伊福
D29,7EC,名鉄バス,,鷹居
D29,7F5,名鉄バス,,七宝病院前
D29,7F6,名鉄バス,,莪原東
D29,7F7,名鉄バス,,大坪
D29,7FF,名鉄バス,,神尾口
D29,801,名鉄バス,,本郷
D29,802,名鉄バス,,長久手古戦場駅
D29,803,名鉄バス,,弁天池
D29,804,名鉄バス,,日進駅
D29,805,名鉄バス,,赤池駅
D29,806,名鉄バス,,本米野木
D29,80A,名鉄バス,,米野木駅
D29,80B,名鉄バス,,三本木
D29,80C,名鉄バス,,北高上
D29,80D,名鉄バス,,南高上
D29,80E,名鉄バス,,香久山
D29,80F,名鉄バス,,五色園
D29,810,名鉄バス,,かえで台
D29,811,名鉄バス,,口論義運動公園
D29,812,名鉄バス,,岩根
D29,813,名鉄バス,,芦廻間
D29,814,名鉄バス,,岩崎台東
D29,815,名鉄バス,,けやき公園
D29,816,名鉄バス,,岩崎台西
D29,817,名鉄バス,,石神
D29,818,名鉄バス,,岩藤
D29,81B,名鉄バス,,名外大・名学芸大前
D29,81D,名鉄バス,,下之森
D29,81E,名鉄バス,,山野田
D29,820,名鉄バス,,御岳口
D29,822,名鉄バス,,相野山福祉会館
D29,823,名鉄バス,,つばき台
D29,824,名鉄バス,,かえで台北
D29,826,名鉄バス,,上川田
D29,827,名鉄バス,,三本木区民会館
D29,828,名鉄バス,,柿ノ木
D29,829,名鉄バス,,丸山
D29,82A,名鉄バス,,下五反田
D29,82B,名鉄バス,,米野木東仲
D29,82C,名鉄バス,,日進団地
D29,82D,名鉄バス,,おりど病院
D29,82E,名鉄バス,,平子台
D29,82F,名鉄バス,,米野木西
D29,830,名鉄バス,,米野木
D29,831,名鉄バス,,日進ニュータウン
D29,832,名鉄バス,,三ヶ峯
D29,833,名鉄バス,,南山エピック
D29,834,名鉄バス,,神守ノリタケ前
D29,835,名鉄バス,,東神守
D29,837,名鉄バス,,越津
D29,838,名鉄バス,,下切
D29,839,名鉄バス,,日光
D29,83A,名鉄バス,,古川
D29,83B,名鉄バス,,津島市役所前
D29,83C,名鉄バス,,東柳原町
D29,83D,名鉄バス,,津島サンガーデン
D29,83F,名鉄バス,,津島駅
D29,844,名鉄バス,,神尾
D29,845,名鉄バス,,高台寺
D29,846,名鉄バス,,白浜
D29,847,名鉄バス,,百町
D29,848,名鉄バス,,永宝団地
D29,849,名鉄バス,,新唐臼
D29,84A,名鉄バス,,唐臼住宅前
D29,84B,名鉄バス,,元寺
D29,84C,名鉄バス,,愛宕
D29,84D,名鉄バス,,津島市民病院前
D29,855,名鉄バス,,南山エピック北
D29,856,名鉄バス,,藤塚六丁目
D29,857,名鉄バス,,高松池
D29,858,名鉄バス,,愛宕住宅前
D29,85A,名鉄バス,,愛宕町四丁目
D29,860,名鉄バス,,南山エピック南
D29,861,名鉄バス,,愛知牧場西
D29,863,名鉄バス,,鎌ヶ寿
D29,864,名鉄バス,,藤塚
D29,865,名鉄バス,,上ノ山
D29,867,名鉄バス,,赤池駅北
D29,868,名鉄バス,,平針北
D29,869,名鉄バス,,西部福祉会館
D29,86A,名鉄バス,,赤池小学校
D29,86B,名鉄バス,,赤池南一丁目
D29,86D,名鉄バス,,赤池駅南
D29,86E,名鉄バス,,浅田区民会館
D29,86F,名鉄バス,,平子南
D29,870,名鉄バス,,藤塚南
D29,871,名鉄バス,,愛知学院大東
D29,872,名鉄バス,,岩崎橋東
D29,873,名鉄バス,,障害者福祉センター
D29,874,名鉄バス,,御岳
D29,875,名鉄バス,,箕ノ手中央
D29,876,名鉄バス,,箕ノ手東
D29,877,名鉄バス,,福成
D29,878,名鉄バス,,岩崎台
D29,879,名鉄バス,,弁天池南
D29,87A,名鉄バス,,市役所
D29,87B,名鉄バス,,愛知医大
D29,87C,名鉄バス,,立石池
D29,87E,名鉄バス,,椿荘前
D29,87F,名鉄バス,,文化の家
D29,880,名鉄バス,,西浦
D29,881,名鉄バス,,長久手郵便局南
D29,882,名鉄バス,,久保山
D29,883,名鉄バス,,戸田谷
D29,884,名鉄バス,,杁ヶ池公園駅南口
D29,885,名鉄バス,,杁ヶ池公園西
D29,886,名鉄バス,,愛知学院西
D29,887,名鉄バス,,愛知学院口
D29,888,名鉄バス,,山越
D29,889,名鉄バス,,丸根
D29,88A,名鉄バス,,平子
D29,88B,名鉄バス,,交流プラザ南
D29,88C,名鉄バス,,安昌寺
D29,88D,名鉄バス,,福祉の家
D29,88E,名鉄バス,,青少年児童センター
D29,88F,名鉄バス,,香桶
D29,890,名鉄バス,,武蔵塚
D29,891,名鉄バス,,喜婦嶽
D29,892,名鉄バス,,はなみずき通駅
D29,893,名鉄バス,,後山公園
D29,894,名鉄バス,,鴨田橋
D29,895,名鉄バス,,西鴨田橋
D29,896,名鉄バス,,段の上
D29,897,名鉄バス,,西原橋
D29,898,名鉄バス,,草掛集会所
D29,8D5,名鉄バス,,卯塚墓園
D29,8D6,名鉄バス,,まちづくりセンター
D29,8D7,名鉄バス,,中央図書館
D29,8D8,名鉄バス,,杁ヶ池公園駅北口
D29,8D9,名鉄バス,,大草西
D29,8E0,名鉄バス,,文化の家北
D29,8E1,名鉄バス,,熊田
D29,8E2,名鉄バス,,蟹原
D29,8E3,名鉄バス,,蟹原南
D29,8E4,名鉄バス,,たいようの杜
D29,8E6,名鉄バス,,淑徳大学
D29,8E7,名鉄バス,,丁子田
D29,8E8,名鉄バス,,片平
D29,8E9,名鉄バス,,片平東
D29,8EA,名鉄バス,,長配二丁目
D29,8EB,名鉄バス,,長配一丁目
D29,8EC,名鉄バス,,名都美術館
D29,8ED,名鉄バス,,下山
D29,8EE,名鉄バス,,枦木
D29,8EF,名鉄バス,,塚田西
D29,8F0,名鉄バス,,仲作田公園
D29,8F1,名鉄バス,,西ノ根集会所
D29,8F2,名鉄バス,,西小共生ステーション
D29,8F3,名鉄バス,,大草北
D29,8F4,名鉄バス,,北浦
D29,8F5,名鉄バス,,スポーツの杜
D29,8F6,名鉄バス,,色金山北
D29,8F7,名鉄バス,,立花
D29,8F8,名鉄バス,,長久手中学校
D29,8F9,名鉄バス,,市民テニスコート
D29,8FA,名鉄バス,,権田
D29,8FB,名鉄バス,,市民野球場
D29,8FC,名鉄バス,,芸大通駅
D29,8FD,名鉄バス,,北浦北
D29,8FE,名鉄バス,,改善センター
D29,8FF,名鉄バス,,前寺公民館
D29,900,名鉄バス,,大草中
D29,901,名鉄バス,,ライスセンター
D29,902,名鉄バス,,北熊橋
D29,914,名鉄バス,,三ヶ峯公園
D29,917,名鉄バス,,隅田
D29,918,名鉄バス,,下鴨田
D29,919,名鉄バス,,山桶
D29,91A,名鉄バス,,平和橋
D29,91B,名鉄バス,,はぎの台
D29,91C,名鉄バス,,上品野
D29,91D,名鉄バス,,中町(瀬戸市)
D29,91E,名鉄バス,,城前
D29,91F,名鉄バス,,中洞
D29,920,名鉄バス,,上品野口
D29,921,名鉄バス,,中品野
D29,922,名鉄バス,,滝之湯
D29,923,名鉄バス,,瀬戸京町
D29,924,名鉄バス,,瀬戸市役所北
D29,925,名鉄バス,,陶生病院前
D29,926,名鉄バス,,中水野駅
D29,927,名鉄バス,,松山町
D29,928,名鉄バス,,上松山町
D29,929,名鉄バス,,市民公園前
D29,92A,名鉄バス,,上水野
D29,92B,名鉄バス,,水野支所前
D29,92C,名鉄バス,,水野中新田
D29,92D,名鉄バス,,本郷町
D29,92E,名鉄バス,,ふじの台西
D29,92F,名鉄バス,,瀬戸北総合高校前
D29,930,名鉄バス,,北みずの坂
D29,931,名鉄バス,,みずの坂1丁目
D29,932,名鉄バス,,ききょう台
D29,933,名鉄バス,,水野団地
D29,934,名鉄バス,,西陵地域交流センター前
D29,935,名鉄バス,,南山中学前
D29,936,名鉄バス,,苗場町
D29,937,名鉄バス,,水南町
D29,93E,名鉄バス,,北熊東
D29,93F,名鉄バス,,北熊
D29,940,名鉄バス,,前東公民館
D29,941,名鉄バス,,しなのバスセンター
D29,942,名鉄バス,,愛・地球博記念公園西
D29,943,名鉄バス,,みずの坂3丁目
D29,944,名鉄バス,,三ヶ峯ニュータウン口
D29,945,名鉄バス,,三ヶ峯ニュータウン
D29,949,名鉄バス,,宗延寺北
D29,94A,名鉄バス,,平成こども塾
D29,94B,名鉄バス,,名商大
D29,94C,名鉄バス,,藤が丘
D29,94D,名鉄バス,,南原山
D29,94E,名鉄バス,,下鴨田
D29,94F,名鉄バス,,山桶
D29,950,名鉄バス,,平和橋
D29,951,名鉄バス,,西島
D29,952,名鉄バス,,隅田
D29,953,名鉄バス,,落合
D29,954,名鉄バス,,長久手住宅
D29,955,名鉄バス,,蟹原公園
D29,956,名鉄バス,,蟹原
D29,957,名鉄バス,,市が洞
D29,958,名鉄バス,,菖蒲池
D29,959,名鉄バス,,砂子
D29,95A,名鉄バス,,長久手古戦場駅
D29,A91,名鉄バス,,富士松東小学校
D29,ABF,名鉄バス,,愛知朝鮮中高級学校
D29,AC0,名鉄バス,,荒井
D29,AC1,名鉄バス,,大蔵下
D29,AC2,名鉄バス,,大根公民館
D29,AC3,名鉄バス,,大根西
D29,AC4,名鉄バス,,泉
D29,AC5,名鉄バス,,桶狭間古戦場伝説地
D29,AC9,名鉄バス,,栄中学校
D29,ACA,名鉄バス,,落合会館
D29,ACD,名鉄バス,,市役所
D29,ACF,名鉄バス,,新栄一丁目
D29,AD1,名鉄バス,,西部保育園
D29,AD2,名鉄バス,,前後駅
D29,AD3,名鉄バス,,善波公園
D29,AD4,名鉄バス,,栄小学校東
D29,AD6,名鉄バス,,勅使会館
D29,ADA,名鉄バス,,豊明中学校前
D29,ADB,名鉄バス,,豊明苑前
D29,ADC,名鉄バス,,二村山
D29,ADE,名鉄バス,,消防署南部出張所
D29,AE0,名鉄バス,,新栄一丁目西
D29,AE1,名鉄バス,,山ノ神公園
D29,AE3,名鉄バス,,二村台保育園
D29,AE4,名鉄バス,,新栄郵便局
D29,AE5,名鉄バス,,新栄三丁目
D29,AE6,名鉄バス,,新栄六丁目
D29,AE7,名鉄バス,,新栄七丁目
D29,AE9,名鉄バス,,間米
D29,AEC,名鉄バス,,三崎水辺公園
D29,AED,名鉄バス,,丸ノ内公園
D29,AEE,名鉄バス,,舘中
D29,AEF,名鉄バス,,舘保育園
D29,AF0,名鉄バス,,舘南
D29,AF1,名鉄バス,,ゆたか台
D29,AF2,名鉄バス,,若宮
D29,AF3,名鉄バス,,相生山病院
D29,AF4,名鉄バス,,阿野
D29,AF5,名鉄バス,,三ツ谷公園
D29,AF6,名鉄バス,,一長田
D29,AF7,名鉄バス,,ホシザキ本社前
D29,AF8,名鉄バス,,薮田西
D29,AF9,名鉄バス,,井ノ花口
D29,AFA,名鉄バス,,井ノ花公園
D29,AFB,名鉄バス,,内山保育園前
D29,AFC,名鉄バス,,NTT前
D29,B00,名鉄バス,,舘小学校西
D29,B02,名鉄バス,,沓掛小学校
D29,B03,名鉄バス,,五軒屋
D29,B08,名鉄バス,,小所
D29,B0B,名鉄バス,,曹源寺
D29,B0C,名鉄バス,,大久伝北
D29,B0D,名鉄バス,,大久伝南
D29,B0F,名鉄バス,,寺内
D29,B10,名鉄バス,,陶芸の館
D29,B11,名鉄バス,,東部保育園西
D29,B12,名鉄バス,,徳田
D29,B13,名鉄バス,,豊明駅
D29,B14,名鉄バス,,豊明高校
D29,B15,名鉄バス,,豊明小学校
D29,B16,名鉄バス,,豊明郵便局
D29,B17,名鉄バス,,豊明老人保健施設
D29,B18,名鉄バス,,中川
D29,B19,名鉄バス,,中ノ坪公園
D29,B1A,名鉄バス,,沓掛城址前
D29,B1B,名鉄バス,,ひかり台団地北
D29,B1C,名鉄バス,,保健所豊明支所
D29,B1E,名鉄バス,,三ツ池
D29,B1F,名鉄バス,,下原
D29,B20,名鉄バス,,メイツ
D29,B22,名鉄バス,,山新田
D29,B23,名鉄バス,,山田
D29,B25,名鉄バス,,若王子
D29,B52,名鉄バス,,大高緑地西
D29,B53,名鉄バス,,イオンモール大高
D29,B7A,名鉄バス,,一里山北口
D29,B7B,名鉄バス,,逢見山
D29,B7C,名鉄バス,,東境
D29,B7D,名鉄バス,,東境北口
D29,B7E,名鉄バス,,西境
D29,B7F,名鉄バス,,洲原公園口
D29,B80,名鉄バス,,井ヶ谷
D29,B81,名鉄バス,,上ノ郷
D29,B84,名鉄バス,,東境郵便局
D29,B85,名鉄バス,,愛知教育大学附属高校前
D29,B86,名鉄バス,,愛知教育大前
D29,B87,名鉄バス,,トヨタ車体前
D29,B88,名鉄バス,,愛教大口
D29,B89,名鉄バス,,井ヶ谷口
D29,C1D,名鉄バス,,知立駅
D29,C21,名鉄バス,,知立逢妻町北
D29,C22,名鉄バス,,知立逢妻町
D29,C3A,名鉄バス,,いわせ外科クリニック
D29,C56,名鉄バス,,ハイウェイオアシス西口
D29,C76,名鉄バス,,末広北
D29,C77,名鉄バス,,末広
D29,C78,名鉄バス,,大山北
D29,C79,名鉄バス,,昭林公園東
D29,C7A,名鉄バス,,市営広畔住宅
D29,C7B,名鉄バス,,安城更生病院
D29,C81,名鉄バス,,JR安城駅
D29,C83,名鉄バス,,東新田
D29,C84,名鉄バス,,唐津
D29,C85,名鉄バス,,大岡
D29,C86,名鉄バス,,別郷
D29,C87,名鉄バス,,高木町
D29,C8A,名鉄バス,,朝日町(安城市)
D29,C8B,名鉄バス,,松井整形前
D29,C8C,名鉄バス,,坂戸
D29,C90,名鉄バス,,城南
D29,C92,名鉄バス,,アンフォーレ
D29,C93,名鉄バス,,中部小学校
D29,C94,名鉄バス,,新田町
D29,C95,名鉄バス,,総合運動公園
D29,C96,名鉄バス,,池浦
D29,C98,名鉄バス,,東別郷
D29,C99,名鉄バス,,イノアック前
D29,CA1,名鉄バス,,名鉄新安城駅
D29,CDC,名鉄バス,,今池町
D29,E44,名鉄バス,,上市
D29,E4D,名鉄バス,,古瀬間小学校前
D29,E4E,名鉄バス,,古瀬間町
D29,E4F,名鉄バス,,古瀬間中
D29,E51,名鉄バス,,古瀬間墓園
D29,E52,名鉄バス,,志賀ニュータウン
D29,E54,名鉄バス,,豊田北高前
D29,E56,名鉄バス,,法沢
D29,E5E,名鉄バス,,宝来町四丁目
D29,E60,名鉄バス,,豊田スタジアム
D29,E75,名鉄バス,,豊田市
D29,E76,名鉄バス,,美里
D29,E77,名鉄バス,,神池台
D29,E78,名鉄バス,,宝来町
D29,E79,名鉄バス,,美里一丁目
D29,E7A,名鉄バス,,喜多町四丁目
D29,E7B,名鉄バス,,東豊田
D29,E7C,名鉄バス,,久保町
D29,E7F,名鉄バス,,市木橋
D29,E80,名鉄バス,,寺部中町
D29,E81,名鉄バス,,高橋町
D29,E85,名鉄バス,,高橋住宅前
D29,E86,名鉄バス,,市木町
D29,E87,名鉄バス,,香良須口
D29,E88,名鉄バス,,岩滝
D29,E89,名鉄バス,,鞍ヶ池
D29,E8A,名鉄バス,,鞍ヶ池公園前
D29,E8B,名鉄バス,,矢並区民会館前
D29,E8D,名鉄バス,,桜町
D29,E8E,名鉄バス,,元町工場事務館前
D29,E90,名鉄バス,,西町
D29,E91,名鉄バス,,小坂本町
D29,E92,名鉄バス,,洞泉寺前
D29,E93,名鉄バス,,三軒町
D29,E94,名鉄バス,,宮上町
D29,E95,名鉄バス,,宮口一色
D29,E96,名鉄バス,,豊田西高校前
D29,E97,名鉄バス,,八迫山
D29,E98,名鉄バス,,鉄工団地前
D29,E99,名鉄バス,,衣ヶ原
D29,E9A,名鉄バス,,豊田東新町
D29,E9B,名鉄バス,,本新町
D29,E9C,名鉄バス,,千足町
D29,E9E,名鉄バス,,市木町四丁目
D29,E9F,名鉄バス,,トヨタ元町工場前
D29,EA1,名鉄バス,,神田町
D29,EA2,名鉄バス,,樹木台
D29,EA3,名鉄バス,,樹木町
D29,EA4,名鉄バス,,上挙母
D29,EA5,名鉄バス,,美術館北
D29,EA6,名鉄バス,,鞍ヶ池東
D29,EAB,名鉄バス,,滝坂
D29,EAE,名鉄バス,,司町
D29,EAF,名鉄バス,,丸山町六丁目
D29,EB0,名鉄バス,,丸山町九丁目
D29,EB2,名鉄バス,,三河豊田駅前
D29,EB3,名鉄バス,,トヨタ町
D29,EB4,名鉄バス,,トヨタ本社前
D29,EB5,名鉄バス,,明和町二丁目
D29,EB6,名鉄バス,,明和町
D29,EBB,名鉄バス,,前山小学校前
D29,EBC,名鉄バス,,今町一丁目
D29,EBD,名鉄バス,,トヨタ本社
D29,EBE,名鉄バス,,平山
D29,EBF,名鉄バス,,トヨタ記念病院
D29,EC0,名鉄バス,,森
D29,EC1,名鉄バス,,御立
D29,EC2,名鉄バス,,野見小学校前
D29,EC5,名鉄バス,,平山一丁目
D29,EC8,名鉄バス,,神池町
D29,EC9,名鉄バス,,泉町
D29,ECA,名鉄バス,,大見口
D29,ECB,名鉄バス,,志賀町
D29,ECC,名鉄バス,,豊田本町
D29,ED0,名鉄バス,,市民文化会館前
D29,ED1,名鉄バス,,汐見町
D29,ED9,名鉄バス,,天神橋(豊田市)
D29,EDD,名鉄バス,,大林(豊田市)
D29,EE9,名鉄バス,,前山町五丁目
D29,EF5,名鉄バス,,畝部
D29,EF6,名鉄バス,,畝部西町
D29,EF7,名鉄バス,,国江
D29,EF8,名鉄バス,,美里交流館前
D29,EF9,名鉄バス,,東上野
D29,EFA,名鉄バス,,三河上郷駅
D29,F15,名鉄バス,,フタバ産業前
D29,F1B,名鉄バス,,東山町(豊田市)
D29,F1C,名鉄バス,,京ヶ峰
D29,F1D,名鉄バス,,初吹団地
D29,F1E,名鉄バス,,高橋住宅
D29,F28,名鉄バス,,豊田タウン前
D29,F29,名鉄バス,,柿本町
D29,F2A,名鉄バス,,東名豊田
D29,F2B,名鉄バス,,美山町
D29,F2C,名鉄バス,,田中町
D29,F2D,名鉄バス,,聖心寮前
D29,F2F,名鉄バス,,上野町
D29,F30,名鉄バス,,東山住宅
D29,F32,名鉄バス,,東名上郷
D29,F33,名鉄バス,,加茂川公園
D29,F38,名鉄バス,,高上一丁目
D29,F3B,名鉄バス,,高上二丁目
D29,F3D,名鉄バス,,福田
D29,F3E,名鉄バス,,福田北口
D29,F3F,名鉄バス,,イオン三好店アイモール前
D29,F41,名鉄バス,,原(みよし市)
D29,F42,名鉄バス,,三好弁財天
D29,F43,名鉄バス,,三好西口
D29,F44,名鉄バス,,三好上
D29,F45,名鉄バス,,三好
D29,F46,名鉄バス,,三好サンアート前
D29,F47,名鉄バス,,明知口
D29,F48,名鉄バス,,打越
D29,F49,名鉄バス,,陣取住宅前
D29,F4A,名鉄バス,,新屋
D29,F4B,名鉄バス,,新屋辻
D29,F4C,名鉄バス,,莇生平地
D29,F51,名鉄バス,,莇生
D29,F52,名鉄バス,,三好高嶺
D29,F83,名鉄バス,,古瀬間口
D29,F8D,名鉄バス,,三好特別支援学校
D29,F92,名鉄バス,,東名三好
D29,F94,名鉄バス,,しおみの丘
D29,F95,名鉄バス,,福田口
D29,FED,名鉄バス,,矢作橋駅
D29,FEE,名鉄バス,,井浪
D29,FEF,名鉄バス,,桜井寺
D29,FF0,名鉄バス,,蓬生口
D29,FF1,名鉄バス,,生平
D29,FF2,名鉄バス,,茅原沢
D29,FF3,名鉄バス,,鴨田南
D29,FF4,名鉄バス,,図書館交流プラザ
D29,FF5,名鉄バス,,アピタ
D29,FF6,名鉄バス,,ちせい台公園
D29,FF7,名鉄バス,,北岡橋
D29,FF8,名鉄バス,,ちせい台口
D29,FF9,名鉄バス,,柱曙
D29,FFC,名鉄バス,,魂場
D29,FFD,名鉄バス,,岡崎北高東門前
D29,FFE,名鉄バス,,石神町
D29,FFF,名鉄バス,,滝団地口
D29,1001,名鉄バス,,たつみ幼稚園前
D29,1002,名鉄バス,,緑丘
D29,1003,名鉄バス,,梅園南
D29,1004,名鉄バス,,緑丘小学校前
D29,1005,名鉄バス,,名鉄東岡崎駅
D29,1006,名鉄バス,,明大寺町
D29,1007,名鉄バス,,殿橋
D29,1008,名鉄バス,,康生町
D29,1009,名鉄バス,,本町(岡崎市)
D29,100A,名鉄バス,,能見町
D29,100B,名鉄バス,,神明社前
D29,100C,名鉄バス,,八幡社前(岡崎市)
D29,100D,名鉄バス,,伊賀町
D29,100E,名鉄バス,,井田観音前
D29,100F,名鉄バス,,井田
D29,1010,名鉄バス,,大樹寺
D29,1011,名鉄バス,,稲熊町二丁目
D29,1012,名鉄バス,,中伝馬
D29,1013,名鉄バス,,梅園学校前
D29,1014,名鉄バス,,青木町
D29,1015,名鉄バス,,甲山下
D29,1016,名鉄バス,,石神橋
D29,1017,名鉄バス,,篭田公園前
D29,1018,名鉄バス,,商工会議所前
D29,1019,名鉄バス,,東戸崎
D29,101A,名鉄バス,,市役所口
D29,101B,名鉄バス,,享成自動車学校前
D29,101C,名鉄バス,,徳王神社前
D29,101D,名鉄バス,,中町(岡崎市)
D29,101E,名鉄バス,,西欠町
D29,101F,名鉄バス,,岡崎げんき館前
D29,1020,名鉄バス,,東公園口
D29,1021,名鉄バス,,愛知病院前
D29,1022,名鉄バス,,洞町
D29,1023,名鉄バス,,市営住宅前
D29,1024,名鉄バス,,稲前橋東
D29,1025,名鉄バス,,大平西町
D29,1026,名鉄バス,,大平(岡崎市)
D29,1027,名鉄バス,,美川中学前
D29,1028,名鉄バス,,羽根小学校前
D29,1029,名鉄バス,,西美合
D29,102A,名鉄バス,,東美合
D29,102B,名鉄バス,,美合駅
D29,102C,名鉄バス,,平地
D29,102D,名鉄バス,,県立専門校前
D29,102E,名鉄バス,,美合入込
D29,102F,名鉄バス,,不吹
D29,1030,名鉄バス,,小豆坂
D29,1031,名鉄バス,,岡崎工高前
D29,1032,名鉄バス,,陣場
D29,1033,名鉄バス,,羽根(岡崎市)
D29,1034,名鉄バス,,国立研究所下
D29,1035,名鉄バス,,芦池橋
D29,1036,名鉄バス,,岡崎警察署前
D29,1037,名鉄バス,,戸崎町
D29,1038,名鉄バス,,戸崎口
D29,1039,名鉄バス,,弓道場前
D29,103A,名鉄バス,,JR岡崎駅
D29,103B,名鉄バス,,針崎町
D29,103C,名鉄バス,,若松栄町
D29,1046,名鉄バス,,平地山
D29,1049,名鉄バス,,末広町
D29,104A,名鉄バス,,中央総合公園口
D29,104B,名鉄バス,,中央総合公園
D29,104C,名鉄バス,,岡崎東病院前
D29,104D,名鉄バス,,丸山
D29,104E,名鉄バス,,小美観音前
D29,104F,名鉄バス,,小美
D29,1050,名鉄バス,,ひばり公園前
D29,1051,名鉄バス,,東明大寺
D29,1052,名鉄バス,,竜美丘会館前
D29,1053,名鉄バス,,竜美丘
D29,1054,名鉄バス,,竜美丘小学校前
D29,1055,名鉄バス,,材木町
D29,1056,名鉄バス,,記念碑前(岡崎市)
D29,1057,名鉄バス,,岡崎西高前
D29,1058,名鉄バス,,日名元町
D29,1059,名鉄バス,,北岡崎駅前
D29,105A,名鉄バス,,日名町
D29,105B,名鉄バス,,岡崎公園前
D29,105C,名鉄バス,,板屋町口
D29,105D,名鉄バス,,城北中学校前
D29,105E,名鉄バス,,井田小学校前
D29,105F,名鉄バス,,上六名町
D29,1060,名鉄バス,,中六名町
D29,1061,名鉄バス,,下六名町
D29,1062,名鉄バス,,今御堂
D29,1064,名鉄バス,,真伝鐘鋳
D29,1065,名鉄バス,,大西町
D29,1066,名鉄バス,,男川
D29,1067,名鉄バス,,光ヶ丘
D29,1068,名鉄バス,,岡崎北高前
D29,1069,名鉄バス,,百々住宅前
D29,106A,名鉄バス,,岩津百々
D29,106B,名鉄バス,,青木橋
D29,106C,名鉄バス,,東蔵前
D29,106D,名鉄バス,,岩津
D29,106E,名鉄バス,,岩津天神口
D29,1070,名鉄バス,,仁木
D29,1071,名鉄バス,,岩脇
D29,1072,名鉄バス,,細川
D29,1073,名鉄バス,,門立
D29,1074,名鉄バス,,桑原
D29,1075,名鉄バス,,奥殿
D29,1076,名鉄バス,,下宮石
D29,1077,名鉄バス,,桂野
D29,1078,名鉄バス,,中宮石
D29,1079,名鉄バス,,宮石公民館前
D29,107A,名鉄バス,,宮石郵便局前
D29,107B,名鉄バス,,上宮石
D29,107C,名鉄バス,,伊勢木
D29,107D,名鉄バス,,川向(岡崎市)
D29,1086,名鉄バス,,鴨田住宅前
D29,1087,名鉄バス,,荒井山
D29,1088,名鉄バス,,真伝町
D29,1089,名鉄バス,,追の狭間
D29,108A,名鉄バス,,滝仁王門前
D29,108B,名鉄バス,,滝
D29,108C,名鉄バス,,滝山寺下
D29,108D,名鉄バス,,大井野口
D29,108E,名鉄バス,,下米河内
D29,108F,名鉄バス,,米河内
D29,1090,名鉄バス,,上米河内
D29,1091,名鉄バス,,安戸
D29,1092,名鉄バス,,見返橋
D29,1093,名鉄バス,,宮下
D29,1094,名鉄バス,,大柳
D29,1095,名鉄バス,,簗野
D29,1096,名鉄バス,,板平
D29,1097,名鉄バス,,下秦梨
D29,1098,名鉄バス,,上秦梨
D29,1099,名鉄バス,,才栗
D29,109A,名鉄バス,,岩戸
D29,109B,名鉄バス,,須渕
D29,109C,名鉄バス,,須渕橋
D29,109D,名鉄バス,,常磐東小学校前
D29,109E,名鉄バス,,奥殿陣屋
D29,109F,名鉄バス,,高年者センター
D29,10A1,名鉄バス,,冨田病院
D29,10A3,名鉄バス,,中羽栗
D29,10A4,名鉄バス,,本宿駅
D29,10A5,名鉄バス,,本宿小学校前
D29,10A6,名鉄バス,,一本木
D29,10A7,名鉄バス,,衣文観音前
D29,10A8,名鉄バス,,大幡
D29,10A9,名鉄バス,,上大幡
D29,10AA,名鉄バス,,滝団地
D29,10AB,名鉄バス,,豊興工業前
D29,10AC,名鉄バス,,岡崎郵便局前
D29,10AD,名鉄バス,,大平駒場
D29,10AE,名鉄バス,,尾尻
D29,10AF,名鉄バス,,新田(岡崎市)
D29,10B0,名鉄バス,,柄栗
D29,10B1,名鉄バス,,竜ヶ谷農協前
D29,10B2,名鉄バス,,山側
D29,10B3,名鉄バス,,桑谷
D29,10B4,名鉄バス,,下大井野
D29,10B5,名鉄バス,,大井野
D29,10B6,名鉄バス,,岩中
D29,10B7,名鉄バス,,板田
D29,10B8,名鉄バス,,常磐田口
D29,10B9,名鉄バス,,箱柳
D29,10BA,名鉄バス,,下箱柳
D29,10BB,名鉄バス,,大岩
D29,10BC,名鉄バス,,稲熊
D29,10BD,名鉄バス,,岡崎学園前
D29,10BF,名鉄バス,,総合グランド前
D29,10C0,名鉄バス,,三菱自動車EV技術センター
D29,10C1,名鉄バス,,岡崎墓園
D29,10C3,名鉄バス,,羽栗
D29,10C4,名鉄バス,,㋷一畑山薬師寺
D29,10C5,名鉄バス,,滝団地南
D29,10C6,名鉄バス,,滝団地北
D29,10C7,名鉄バス,,北野大訳
D29,10C8,名鉄バス,,岡崎市シビックセンター
D29,10C9,名鉄バス,,北野北口
D29,10CA,名鉄バス,,イオンモール岡崎
D29,10CB,名鉄バス,,美術博物館
D29,10CC,名鉄バス,,北斗台口
D29,10CE,名鉄バス,,福岡町
D29,10D5,名鉄バス,,JR岡崎駅(西口)
D29,10E1,名鉄バス,,天白南
D29,10E3,名鉄バス,,天白町
D29,10E4,名鉄バス,,赤渋町
D29,10E5,名鉄バス,,中之郷
D29,10E8,名鉄バス,,赤渋口
D29,10E9,名鉄バス,,北野二番訳
D29,10EA,名鉄バス,,矢作橋
D29,10EC,名鉄バス,,矢作橋駅口
D29,10ED,名鉄バス,,東レ前
D29,10EE,名鉄バス,,北筒針
D29,10EF,名鉄バス,,筒針
D29,10F0,名鉄バス,,牧内
D29,10F1,名鉄バス,,小望
D29,10F2,名鉄バス,,島
D29,10F3,名鉄バス,,矢作学校前
D29,10F4,名鉄バス,,矢作
D29,10F5,名鉄バス,,矢作口
D29,10F6,名鉄バス,,北本郷
D29,10F7,名鉄バス,,本郷(岡崎市)
D29,10F8,名鉄バス,,暮戸
D29,10F9,名鉄バス,,西岡崎駅
D29,10FA,名鉄バス,,大和町
D29,10FE,名鉄バス,,北野桝塚
D29,10FF,名鉄バス,,あちか
D29,1100,名鉄バス,,大友
D29,1101,名鉄バス,,舳越町
D29,1102,名鉄バス,,橋目
D29,1103,名鉄バス,,橋目中町
D29,1104,名鉄バス,,橋目町御小屋
D29,1105,名鉄バス,,北野
D29,1107,名鉄バス,,南若松
D29,1108,名鉄バス,,願成寺前
D29,1109,名鉄バス,,上地
D29,110A,名鉄バス,,桑谷住宅前
D29,110C,名鉄バス,,市営岩津住宅
D29,110D,名鉄バス,,於御所
D29,110E,名鉄バス,,岩津団地
D29,110F,名鉄バス,,東名岩津
D29,1110,名鉄バス,,竜美丘北
D29,1111,名鉄バス,,北野口
D29,1112,名鉄バス,,羽根東町
D29,1113,名鉄バス,,東楽園口
D29,1114,名鉄バス,,南公園北
D29,1115,名鉄バス,,総合学習センター北
D29,1116,名鉄バス,,竜南中学校前
D29,1117,名鉄バス,,大谷
D29,111A,名鉄バス,,上地郵便局口
D29,111B,名鉄バス,,上地西
D29,111C,名鉄バス,,井ノ口新町
D29,111D,名鉄バス,,上里口
D29,111E,名鉄バス,,上里二丁目
D29,111F,名鉄バス,,上里三丁目
D29,1120,名鉄バス,,大門小学校前
D29,1121,名鉄バス,,大門四丁目
D29,1122,名鉄バス,,大門駅
D29,1123,名鉄バス,,公衆衛生センター
D29,1124,名鉄バス,,岡崎高校前
D29,1125,名鉄バス,,竜美西
D29,1126,名鉄バス,,竜美北一丁目
D29,1127,名鉄バス,,竜美東
D29,1128,名鉄バス,,棚田公園
D29,1129,名鉄バス,,竜美南
D29,112A,名鉄バス,,竜美南四丁目
D29,112C,名鉄バス,,竜美西一丁目
D29,112D,名鉄バス,,大西町東
D29,112E,名鉄バス,,保育園前
D29,112F,名鉄バス,,稲熊町一丁目
D29,1130,名鉄バス,,稲熊町八丁目
D29,1131,名鉄バス,,中垣内
D29,1132,名鉄バス,,中
D29,1133,名鉄バス,,松平支所前
D29,1135,名鉄バス,,九久平
D29,1136,名鉄バス,,鵜ヶ瀬
D29,1137,名鉄バス,,松平橋
D29,1138,名鉄バス,,鍋田
D29,1139,名鉄バス,,九久平団地口
D29,113A,名鉄バス,,鍋田上
D29,113B,名鉄バス,,大楠
D29,1142,名鉄バス,,霧山
D29,1143,名鉄バス,,酒呑北口
D29,1144,名鉄バス,,志賀住宅前
D29,1145,名鉄バス,,六ッ木
D29,1146,名鉄バス,,本宿郵便局前
D29,1147,名鉄バス,,緑町東
D29,1148,名鉄バス,,棚田橋
D29,1149,名鉄バス,,緑町南
D29,114A,名鉄バス,,緑町西公園
D29,114B,名鉄バス,,神明西橋
D29,114C,名鉄バス,,丸山東
D29,114D,名鉄バス,,美合入込西
D29,114E,名鉄バス,,洞町東
D29,114F,名鉄バス,,西田潰
D29,1150,名鉄バス,,大平支所前
D29,1155,名鉄バス,,南部地域交流センター
D29,115C,名鉄バス,,中町北
D29,1162,名鉄バス,,東丸根北
D29,1163,名鉄バス,,甲山中学校東
D29,1164,名鉄バス,,長沢橋
D29,1165,名鉄バス,,長沢
D29,1166,名鉄バス,,南王滝
D29,1167,名鉄バス,,王滝町
D29,1168,名鉄バス,,双美団地口
D29,1169,名鉄バス,,手呂団地口
D29,116A,名鉄バス,,桝塚東町
D29,116B,名鉄バス,,3号公園前
D29,116C,名鉄バス,,北斗台会館前
D29,1172,名鉄バス,,東公園北
D29,1173,名鉄バス,,市民病院口
D29,1174,名鉄バス,,総合学習センター
D29,1175,名鉄バス,,上地三丁目
D29,1176,名鉄バス,,庄司田
D29,1177,名鉄バス,,広幡町
D29,1178,名鉄バス,,山綱町2丁目
D29,1179,名鉄バス,,西本宿
D29,117A,名鉄バス,,下羽栗
D29,117B,名鉄バス,,東部支所口
D29,117C,名鉄バス,,東部地域福祉センター
D29,117D,名鉄バス,,真伝吉祥
D29,117E,名鉄バス,,吉祥東
D29,117F,名鉄バス,,猫沢池前
D29,1180,名鉄バス,,小呂町
D29,1181,名鉄バス,,三田田
D29,1182,名鉄バス,,福祉の村
D29,1183,名鉄バス,,市民病院(岡崎市)
D29,1184,名鉄バス,,高隆寺
D29,1185,名鉄バス,,愛知病院
D29,1186,名鉄バス,,大平沢添
D29,1187,名鉄バス,,久後崎
D29,1188,名鉄バス,,市民センター前
D29,1189,名鉄バス,,稲荷橋南
D29,118A,名鉄バス,,宮地町郷東
D29,118B,名鉄バス,,宮地町郷西
D29,118C,名鉄バス,,宮地町柳畑
D29,118D,名鉄バス,,法性寺荒子
D29,1190,名鉄バス,,中之郷東
D29,1191,名鉄バス,,西部小学校前
D29,1192,名鉄バス,,下河原
D29,1193,名鉄バス,,牧御堂
D29,1194,名鉄バス,,法性寺町
D29,1196,名鉄バス,,霧山本郷
D29,1197,名鉄バス,,則定本郷
D29,1198,名鉄バス,,佐切
D29,1199,名鉄バス,,則定
D29,119A,名鉄バス,,大島
D29,119B,名鉄バス,,田振
D29,119D,名鉄バス,,足助追分
D29,119E,名鉄バス,,近岡
D29,119F,名鉄バス,,足助大橋
D29,11A0,名鉄バス,,香嵐渓
D29,11A1,名鉄バス,,香嵐渓一の谷口
D29,11A2,名鉄バス,,足助学校下
D29,11A3,名鉄バス,,足助田町
D29,11A4,名鉄バス,,足助
D29,11D2,名鉄バス,,田振下
D29,121E,名鉄バス,,岡崎墓園第1
D29,121F,名鉄バス,,岡崎墓園第2
D29,1220,名鉄バス,,岡崎墓園第3
D29,1221,名鉄バス,,開元の里
D29,1222,名鉄バス,,開元中の瀬
D29,1223,名鉄バス,,中岡崎
D29,1224,名鉄バス,,龍城橋西
D29,1227,名鉄バス,,篭田公園
D29,1228,名鉄バス,,伝馬
D29,1229,名鉄バス,,十王公園北
D29,122A,名鉄バス,,市役所
D29,122B,名鉄バス,,両町
D29,122C,名鉄バス,,中本町
D29,122D,名鉄バス,,若宮公民館前
D29,122E,名鉄バス,,中町郵便局東
D29,122F,名鉄バス,,せきれいホール北
D29,1230,名鉄バス,,康生通西
D29,1231,名鉄バス,,西中町
D29,1232,名鉄バス,,梅二公民館前
D29,1233,名鉄バス,,梅園小学校東
D29,1234,名鉄バス,,梅園学区市民ホーム前
D29,1235,名鉄バス,,伊賀南町
D29,1236,名鉄バス,,六供新町
D29,1237,名鉄バス,,西六供東町
D29,1238,名鉄バス,,西六供南町
D29,1239,名鉄バス,,西六供西町
D29,123A,名鉄バス,,能見通1丁目
D29,123C,名鉄バス,,シビコ北
D29,1240,名鉄バス,,岡崎げんき館
D29,1264,名鉄バス,,下山口
D29,1265,名鉄バス,,切二木
D29,1266,名鉄バス,,長峰
D29,1267,名鉄バス,,花山学校下
D29,1268,名鉄バス,,郡界橋
D29,1269,名鉄バス,,新井前
D29,126A,名鉄バス,,根崎
D29,126C,名鉄バス,,大沼
D29,1275,名鉄バス,,花沢ヲチ合
D29,127F,名鉄バス,,下山支所
D29,1287,名鉄バス,,業務センター前
D29,1288,名鉄バス,,神明町三丁目
D29,1289,名鉄バス,,生きがいセンター前
D29,128A,名鉄バス,,新富町五丁目
D29,128B,名鉄バス,,刈谷総合運動公園
D29,128C,名鉄バス,,泉田町城前
D29,128D,名鉄バス,,富士松駅
D29,128E,名鉄バス,,東境町松本
D29,1390,名鉄バス,,鍛埜
D29,1391,名鉄バス,,上鍛埜
D29,1392,名鉄バス,,土
D29,1393,名鉄バス,,日面
D29,1395,名鉄バス,,下大林
D29,1396,名鉄バス,,大林(岡崎市)
D29,1397,名鉄バス,,麻生
D29,1398,名鉄バス,,桜形
D29,13A3,名鉄バス,,工業団地口
D29,13A4,名鉄バス,,樫山口
D29,13A5,名鉄バス,,樫山
D29,13A6,名鉄バス,,月秋
D29,13A7,名鉄バス,,桜形細野霊水
D29,13AC,名鉄バス,,学校橋
D29,13AD,名鉄バス,,原(岡崎市)
D29,13AE,名鉄バス,,細光口
D29,13AF,名鉄バス,,片寄
D29,13B0,名鉄バス,,滝尻口
D29,13B1,名鉄バス,,淡渕
D29,13B2,名鉄バス,,上淡渕
D29,13B4,名鉄バス,,明見
D29,13B5,名鉄バス,,森林組合前
D29,13B6,名鉄バス,,二瀬橋
D29,13B7,名鉄バス,,宮崎学区市民ホーム前
D29,13B8,名鉄バス,,宮崎
D29,13B9,名鉄バス,,千万町口
D29,13BA,名鉄バス,,宮崎学校前
D29,13BB,名鉄バス,,石原
D29,13BC,名鉄バス,,横手
D29,13BD,名鉄バス,,牧原
D29,13BE,名鉄バス,,くらがり渓谷
D29,13C2,名鉄バス,,額田センター
D29,13C3,名鉄バス,,額田支所前
D29,13C4,名鉄バス,,桜形下
D29,157C,名鉄バス,,岩崎台西
D29,157D,名鉄バス,,けやき公園
D29,157E,名鉄バス,,岩崎台
D29,157F,名鉄バス,,岩崎台東
D29,1580,名鉄バス,,芦廻間
D29,1581,名鉄バス,,岩根
D29,1582,名鉄バス,,岩崎野田
D29,1583,名鉄バス,,椙山女学園日進
D29,1584,名鉄バス,,竹の山北
D29,1585,名鉄バス,,長湫片平
D29,1586,名鉄バス,,市が洞
D29,1587,名鉄バス,,愛知たいようの杜
D29,1588,名鉄バス,,井堀南
D29,158A,名鉄バス,,愛知淑徳大学
D29,158B,名鉄バス,,竹の山南
D29,160C,名鉄バス,,中部国際空港
D29,1612,名鉄バス,,桃花台東
D29,1613,名鉄バス,,城山4丁目
D29,1614,名鉄バス,,大草北
D29,1615,名鉄バス,,光ヶ丘5丁目
D29,1616,名鉄バス,,光ヶ丘4丁目
D29,1617,名鉄バス,,光ヶ丘3丁目
D29,1618,名鉄バス,,光ヶ丘2丁目
D29,1619,名鉄バス,,桃ヶ丘1丁目
D29,1620,名鉄バス,,刈谷駅
D29,1AF5,名鉄バス,,川島口
D29,1AF6,名鉄バス,,川島学校前
D29,1AF7,名鉄バス,,松倉口
D29,1AF8,名鉄バス,,川島
D29,1AFE,名鉄バス,,138タワーパーク
D29,1B08,名鉄バス,,明和団地
D29,1B09,名鉄バス,,旭ヶ丘10丁目
D29,1B0A,名鉄バス,,桜ヶ丘1丁目
D29,1B0B,名鉄バス,,桜ヶ丘3丁目
D29,1B0C,名鉄バス,,桜ヶ丘4丁目
D29,1B0D,名鉄バス,,桜ヶ丘5丁目
D29,1B0E,名鉄バス,,皐ヶ丘4丁目
D29,1B0F,名鉄バス,,皐ヶ丘6丁目
D29,1B10,名鉄バス,,皐ヶ丘9丁目
D29,1B11,名鉄バス,,金岡町4丁目
D29,1B12,名鉄バス,,長瀬団地口
D29,1B13,名鉄バス,,名鉄緑台中央
D29,1B14,名鉄バス,,名鉄緑台
D29,1B15,名鉄バス,,皐ヶ丘1丁目
D29,1B16,名鉄バス,,桂ヶ丘2丁目
D29,1B17,名鉄バス,,桂ヶ丘3丁目
D29,1B18,名鉄バス,,桂ヶ丘1丁目
D29,1B1A,名鉄バス,,可児車庫
D29,1F41,名鉄バス,近距離高速線,名鉄バスセンター
D29,1F42,名鉄バス,近距離高速線,伏見町
D29,1F43,名鉄バス,近距離高速線,錦通本町
D29,1F44,名鉄バス,近距離高速線,栄
D29,1F4B,名鉄バス,近距離高速線,桃花台(中央道)
D29,1F51,名鉄バス,近距離高速線,長島温泉
D29,1F53,名鉄バス,近距離高速線,なばなの里
D29,1F54,名鉄バス,近距離高速線,長島スポーツランド
D29,1F55,名鉄バス,近距離高速線,牧の原
D29,1F56,名鉄バス,近距離高速線,名東消防署
D29,1F57,名鉄バス,近距離高速線,勢子坊
D29,1F58,名鉄バス,近距離高速線,極楽西
D29,1F59,名鉄バス,近距離高速線,極楽
D29,1F5A,名鉄バス,近距離高速線,大針
D29,1F5B,名鉄バス,近距離高速線,梅森坂口
D29,1F5C,名鉄バス,近距離高速線,門木
D29,1F5D,名鉄バス,近距離高速線,石神
D29,1F5E,名鉄バス,近距離高速線,香久山
D29,1F5F,名鉄バス,近距離高速線,南高上
D29,1F60,名鉄バス,近距離高速線,北高上
D29,1F61,名鉄バス,近距離高速線,岩崎南口
D29,1F62,名鉄バス,近距離高速線,岩崎下側
D29,1F63,名鉄バス,近距離高速線,岩崎御岳口
D29,1F64,名鉄バス,近距離高速線,弁天池
D29,1F65,名鉄バス,近距離高速線,極楽東
D29,1F66,名鉄バス,近距離高速線,竹の山南
D29,1F67,名鉄バス,近距離高速線,竹の山
D29,1F68,名鉄バス,近距離高速線,愛知学院大学前
D29,1F69,名鉄バス,近距離高速線,愛知淑徳大学南
D29,1F72,名鉄バス,近距離高速線,東名日進
D29,1F73,名鉄バス,近距離高速線,東名三好
D29,1F74,名鉄バス,近距離高速線,東名豊田
D29,1F75,名鉄バス,近距離高速線,トヨタ元町工場前
D29,1F76,名鉄バス,近距離高速線,元町工場事務館前
D29,1F77,名鉄バス,近距離高速線,衣ヶ原
D29,1F78,名鉄バス,近距離高速線,鉄工団地前
D29,1F79,名鉄バス,近距離高速線,八迫山
D29,1F7A,名鉄バス,近距離高速線,豊田西高校前
D29,1F7B,名鉄バス,近距離高速線,市民文化会館前
D29,1F7C,名鉄バス,近距離高速線,美術館北
D29,1F7D,名鉄バス,近距離高速線,豊田市
D29,1F7E,名鉄バス,近距離高速線,森
D29,1F7F,名鉄バス,近距離高速線,御立
D29,1F80,名鉄バス,近距離高速線,野見小学校前
D29,1F81,名鉄バス,近距離高速線,神池町
D29,1F82,名鉄バス,近距離高速線,紫橋
D29,1F83,名鉄バス,近距離高速線,ふたつやま公園
D29,1F84,名鉄バス,近距離高速線,見晴しの丘
D29,1F85,名鉄バス,近距離高速線,五ヶ丘八丁目
D29,1F86,名鉄バス,近距離高速線,万葉の丘
D29,1F87,名鉄バス,近距離高速線,五ヶ丘六丁目
D29,1F88,名鉄バス,近距離高速線,五ヶ丘六丁目西
D29,1F89,名鉄バス,近距離高速線,五ヶ丘公園
D29,1F8A,名鉄バス,近距離高速線,五ヶ丘小学校前
D29,1F8B,名鉄バス,近距離高速線,五ヶ丘ニュータウン
D29,1F90,名鉄バス,近距離高速線,元町3丁目
D29,1F91,名鉄バス,近距離高速線,東元町
D29,1F92,名鉄バス,近距離高速線,間々乳観音前
D29,1F93,名鉄バス,近距離高速線,小牧市役所前
D29,1F94,名鉄バス,近距離高速線,小牧市民病院北
D29,1F95,名鉄バス,近距離高速線,中町(小牧市)
D29,1F96,名鉄バス,近距離高速線,小牧駅西
D29,1F97,名鉄バス,近距離高速線,小牧駅
D29,1F98,名鉄バス,近距離高速線,二重堀南
D29,1F99,名鉄バス,近距離高速線,二重堀東
D29,1F9A,名鉄バス,近距離高速線,東田中南新田
D29,1F9B,名鉄バス,近距離高速線,東田中
D29,1F9C,名鉄バス,近距離高速線,三菱重工名誘
D29,1F9D,名鉄バス,近距離高速線,上末
D29,1F9E,名鉄バス,近距離高速線,上末東山
D29,1F9F,名鉄バス,近距離高速線,古雅4丁目
D29,1FA0,名鉄バス,近距離高速線,桃ヶ丘2丁目
D29,1FA1,名鉄バス,近距離高速線,桃陵中学校前
D29,1FA2,名鉄バス,近距離高速線,桃ヶ丘1丁目
D29,1FA3,名鉄バス,近距離高速線,桃花台センター
D29,1FA4,名鉄バス,近距離高速線,光ヶ丘2丁目
D29,1FA5,名鉄バス,近距離高速線,光ヶ丘3丁目
D29,1FA6,名鉄バス,近距離高速線,光ヶ丘4丁目
D29,1FA7,名鉄バス,近距離高速線,光ヶ丘5丁目
D29,1FA8,名鉄バス,近距離高速線,大草北
D29,1FA9,名鉄バス,近距離高速線,城山4丁目
D29,1FAA,名鉄バス,近距離高速線,桃花台東
D29,1FAB,名鉄バス,近距離高速線,明治村
D29,1FAF,名鉄バス,近距離高速線,あいち航空ミュージアム
D29,1FB0,名鉄バス,近距離高速線,名古屋空港
D29,1FB1,名鉄バス,近距離高速線,豊山町社会教育センター
D29,2199,名鉄バス,ふれんどバス,吉良高校
D29,219A,名鉄バス,ふれんどバス,吉良吉田駅
D29,219B,名鉄バス,ふれんどバス,松木島
D29,219C,名鉄バス,ふれんどバス,一色町公民館
D29,219D,名鉄バス,ふれんどバス,大宝橋
D29,219E,名鉄バス,ふれんどバス,味浜西
D29,219F,名鉄バス,ふれんどバス,一色高校西
D29,21A0,名鉄バス,ふれんどバス,刈宿
D29,21A1,名鉄バス,ふれんどバス,寺津二ツ家
D29,21A2,名鉄バス,ふれんどバス,寺津神社前
D29,21A3,名鉄バス,ふれんどバス,楠村
D29,21A4,名鉄バス,ふれんどバス,平坂港前
D29,21A5,名鉄バス,ふれんどバス,平坂小南
D29,21A6,名鉄バス,ふれんどバス,平坂郵便局前
D29,21A7,名鉄バス,ふれんどバス,西小梛
D29,21A8,名鉄バス,ふれんどバス,棚尾橋西
D29,21A9,名鉄バス,ふれんどバス,毘沙門
D29,21AA,名鉄バス,ふれんどバス,碧南駅
D29,21B4,名鉄バス,,蒲郡市民病院前
D29,21B5,名鉄バス,,平田町
D29,21B6,名鉄バス,,蒲郡中学校前
D29,21B7,名鉄バス,,府相町
D29,21B8,名鉄バス,,八百富町
D29,21B9,名鉄バス,,松原町
D29,21BA,名鉄バス,,竹島遊園
D29,21BB,名鉄バス,,竹島東
D29,21BC,名鉄バス,,水産高校前
D29,21BD,名鉄バス,,三谷駅口
D29,21BE,名鉄バス,,三谷桟橋口
D29,21BF,名鉄バス,,乃木公園口
D29,21C0,名鉄バス,,三谷温泉前
D29,21C1,名鉄バス,,南山口
D29,21C2,名鉄バス,,海陽ヨットハーバー
D29,21C3,名鉄バス,,ラグーナ蒲郡
D29,21C4,名鉄バス,,ラグーナヒル
D29,21C5,名鉄バス,,海陽学園
D29,21C6,名鉄バス,,ラグーナ北
D29,21C7,名鉄バス,,三河大塚駅
D29,21C8,名鉄バス,,大塚駅前
D29,21C9,名鉄バス,,東大塚
D29,21CA,名鉄バス,,大塚中学校前
D29,21CB,名鉄バス,,丸山
D29,21CC,名鉄バス,,丸山住宅
D29,21E5,名鉄バス,,三河三谷駅前
D29,21E6,名鉄バス,,三谷温泉
D29,21E7,名鉄バス,,港町
D29,21E8,名鉄バス,西浦病院循環線,蒲郡駅前
D29,21E9,名鉄バス,西浦病院循環線,厚生館病院前
D29,21EA,名鉄バス,西浦病院循環線,江畑口
D29,21EB,名鉄バス,西浦病院循環線,竹の谷
D29,21EC,名鉄バス,西浦病院循環線,競艇場前
D29,21ED,名鉄バス,西浦病院循環線,拾石
D29,21EE,名鉄バス,西浦病院循環線,鶴ヶ浜
D29,21EF,名鉄バス,西浦病院循環線,鹿島神社前
D29,21F0,名鉄バス,西浦病院循環線,鹿島
D29,21F1,名鉄バス,西浦病院循環線,前野口
D29,21F2,名鉄バス,西浦病院循環線,天神橋
D29,21F3,名鉄バス,西浦病院循環線,形原海岸
D29,21F4,名鉄バス,西浦病院循環線,音羽橋
D29,21F5,名鉄バス,西浦病院循環線,形原駅前
D29,21F6,名鉄バス,西浦病院循環線,上本町
D29,21F7,名鉄バス,西浦病院循環線,戸甫井
D29,21F8,名鉄バス,西浦病院循環線,西浦駅前
D29,21F9,名鉄バス,西浦病院循環線,西浦農協前
D29,21FA,名鉄バス,西浦病院循環線,西浦温泉前
D29,21FB,名鉄バス,西浦病院循環線,橋田
D29,21FC,名鉄バス,西浦病院循環線,橋田口
D29,21FD,名鉄バス,西浦病院循環線,秋葉山口
D29,21FE,名鉄バス,西浦病院循環線,漁業組合前
D29,21FF,名鉄バス,西浦病院循環線,空ヶ谷
D29,2200,名鉄バス,,水竹町
D29,2202,名鉄バス,,蒲郡高校前
D29,2203,名鉄バス,,本町
D29,2204,名鉄バス,,勤労福祉会館前
D29,2205,名鉄バス,,蒲郡駅北口
D29,2206,名鉄バス,,看護学校前
D29,2208,名鉄バス,ふれんどバス,巨海
D29,220B,名鉄バス,ふれんどバス,大島
D29,220E,名鉄バス,,水竹町西
D29,220F,名鉄バス,ふれんどバス,碧南高校
D2A,0,名古屋市交通局,,共通
D2B,0,豊橋鉄道,,共通
D2B,1,豊鉄バス,,豊橋駅前
D2B,2,豊鉄バス,,駅前大通・まちなか図書館
D2B,3,豊鉄バス,,新川
D2B,4,豊鉄バス,,前田橋
D2B,5,豊鉄バス,,前田二丁目
D2B,6,豊鉄バス,,商業高校前
D2B,7,豊鉄バス,,台町
D2B,8,豊鉄バス,,大池
D2B,9,豊鉄バス,,東高校前
D2B,A,豊鉄バス,,三の輪
D2B,B,豊鉄バス,,円六橋
D2B,C,豊鉄バス,,瓦町
D2B,D,豊鉄バス,,小向町
D2B,E,豊鉄バス,,堂坂町
D2B,F,豊鉄バス,,二本松西
D2B,15,豊鉄バス,,本興寺
D2B,16,豊鉄バス,,本興寺東
D2B,18,豊鉄バス,,西口
D2B,19,豊鉄バス,,西駅前(豊橋駅西口)
D2B,1A,豊鉄バス,,中郷
D2B,1B,豊鉄バス,,中央図書館前
D2B,1C,豊鉄バス,,往完町
D2B,1D,豊鉄バス,,東脇口
D2B,1E,豊鉄バス,,東脇
D2B,1F,豊鉄バス,,牟呂学校前
D2B,20,豊鉄バス,,公文
D2B,21,豊鉄バス,,市道
D2B,22,豊鉄バス,,外神
D2B,23,豊鉄バス,,小松
D2B,24,豊鉄バス,,築地橋
D2B,27,豊鉄バス,,三郷口
D2B,28,豊鉄バス,,三郷北
D2B,29,豊鉄バス,,三郷中
D2B,2D,豊鉄バス,,こども未来館・商工会議所
D2B,2E,豊鉄バス,,守下
D2B,2F,豊鉄バス,,菰口南
D2B,30,豊鉄バス,,新栄東
D2B,31,豊鉄バス,,新栄
D2B,32,豊鉄バス,,西高校前
D2B,33,豊鉄バス,,総合卸団地
D2B,34,豊鉄バス,,植田車庫前
D2B,41,豊鉄バス,,大清水駅前
D2B,42,豊鉄バス,,南高校前
D2B,43,豊鉄バス,,レイクタウン入口
D2B,44,豊鉄バス,,富士見郵便局北
D2B,47,豊鉄バス,,松山
D2B,48,豊鉄バス,,柳生橋
D2B,49,豊鉄バス,,山田
D2B,4A,豊鉄バス,,南山田
D2B,4B,豊鉄バス,,西の原
D2B,4C,豊鉄バス,,北山
D2B,4D,豊鉄バス,,南消防署前
D2B,4E,豊鉄バス,,測点
D2B,4F,豊鉄バス,,浜道
D2B,50,豊鉄バス,,元天伯
D2B,51,豊鉄バス,,天伯
D2B,52,豊鉄バス,,技科大前
D2B,53,豊鉄バス,,道の駅とよはし
D2B,55,豊鉄バス,,荒木西
D2B,56,豊鉄バス,,菰口町
D2B,57,豊鉄バス,,吉田方農協
D2B,58,豊鉄バス,,吉川町
D2B,59,豊鉄バス,,馬見塚町
D2B,5A,豊鉄バス,,高洲町
D2B,5B,豊鉄バス,,吉田方西保育園
D2B,5F,豊鉄バス,,福祉村
D2B,60,豊鉄バス,,くすのき特別支援学校
D2B,61,豊鉄バス,,高師本郷町
D2B,62,豊鉄バス,,西高師
D2B,63,豊鉄バス,,野依口
D2B,64,豊鉄バス,,野依
D2B,65,豊鉄バス,,牧野町
D2B,66,豊鉄バス,,西幸
D2B,67,豊鉄バス,,西幸南
D2B,68,豊鉄バス,,藤並
D2B,69,豊鉄バス,,天伯団地
D2B,81,豊鉄バス,,ろう学校前
D2B,82,豊鉄バス,,中野町
D2B,83,豊鉄バス,,ほいっぷ前
D2B,84,豊鉄バス,,駒形
D2B,85,豊鉄バス,,大山
D2B,86,豊鉄バス,,船渡
D2B,87,豊鉄バス,,大崎北
D2B,88,豊鉄バス,,大崎
D2B,89,豊鉄バス,,トピー工業前
D2B,8A,豊鉄バス,,殿田橋
D2B,8B,豊鉄バス,,岩屋病院前
D2B,8F,豊鉄バス,,シンフォニアテクノロジー
D2B,95,豊鉄バス,,汐田橋
D2B,96,豊鉄バス,,柱町
D2B,97,豊鉄バス,,藤沢町
D2B,98,豊鉄バス,,小浜
D2B,99,豊鉄バス,,二回新田
D2B,9A,豊鉄バス,,豊橋ハートセンター
D2B,9B,豊鉄バス,,小田原
D2B,9D,豊鉄バス,,本町
D2B,A2,豊鉄バス,,デンソー前
D2B,A3,豊鉄バス,,田口
D2B,A4,豊鉄バス,,五道
D2B,A5,豊鉄バス,,清崎
D2B,A6,豊鉄バス,,たない道の駅したら
D2B,A7,豊鉄バス,,呼間
D2B,A8,豊鉄バス,,田峯
D2B,B6,豊鉄バス,,設楽警察署前
D2B,B7,豊鉄バス,,栄町
D2B,B8,豊鉄バス,,大田口
D2B,B9,豊鉄バス,,小松口
D2B,BA,豊鉄バス,,添沢
D2B,BB,豊鉄バス,,奴田口
D2B,BC,豊鉄バス,,大沼
D2B,BD,豊鉄バス,,境川
D2B,BE,豊鉄バス,,滝瀬橋
D2B,BF,豊鉄バス,,西路
D2B,C0,豊鉄バス,,八ツ橋
D2B,C1,豊鉄バス,,谷合
D2B,C2,豊鉄バス,,大野橋
D2B,C3,豊鉄バス,,スノ子
D2B,C4,豊鉄バス,,南大桑
D2B,C5,豊鉄バス,,大桑
D2B,C6,豊鉄バス,,中林
D2B,C7,豊鉄バス,,上津具
D2B,C8,豊鉄バス,,見出原
D2B,C9,豊鉄バス,,見出
D2B,CA,豊鉄バス,,麓
D2B,CB,豊鉄バス,,下津具
D2B,FA,豊鉄バス,,西駅前(1412)
D2B,12A,豊鉄バス,,豊橋市役所前
D2B,12C,豊鉄バス,,旭橋
D2B,12D,豊鉄バス,,餌指橋
D2B,12E,豊鉄バス,,坂上橋
D2B,130,豊鉄バス,,青陵中学校前
D2B,131,豊鉄バス,,牛川
D2B,132,豊鉄バス,,三菱ケミカル口
D2B,133,豊鉄バス,,金田口
D2B,134,豊鉄バス,,森岡
D2B,135,豊鉄バス,,石巻登山口
D2B,136,豊鉄バス,,坂上
D2B,137,豊鉄バス,,玉川
D2B,138,豊鉄バス,,和田辻
D2B,139,豊鉄バス,,馬越
D2B,13A,豊鉄バス,,初坂
D2B,13B,豊鉄バス,,二本松
D2B,13C,豊鉄バス,,平野
D2B,13D,豊鉄バス,,西郷小学校前
D2B,13E,豊鉄バス,,萩平
D2B,13F,豊鉄バス,,四ツ谷
D2B,14F,豊鉄バス,,新城栄町・新城駅口
D2B,150,豊鉄バス,,中町
D2B,151,豊鉄バス,,西新町
D2B,152,豊鉄バス,,東新町
D2B,153,豊鉄バス,,宗高
D2B,154,豊鉄バス,,富沢
D2B,155,豊鉄バス,,茶臼山駅南
D2B,156,豊鉄バス,,大宮口
D2B,157,豊鉄バス,,川路
D2B,158,豊鉄バス,,もっくる新城北
D2B,159,豊鉄バス,,赤岩口
D2B,15A,豊鉄バス,,多米西町一丁目
D2B,15B,豊鉄バス,,野中
D2B,15C,豊鉄バス,,赤岩
D2B,15D,豊鉄バス,,柳原団地南
D2B,15E,豊鉄バス,,柳原団地
D2B,161,豊鉄バス,,元下地
D2B,163,豊鉄バス,,多米峠口
D2B,164,豊鉄バス,,多米東町三丁目
D2B,165,豊鉄バス,,多米東町二丁目
D2B,166,豊鉄バス,,民俗資料収蔵室前
D2B,167,豊鉄バス,,多米小学校南
D2B,168,豊鉄バス,,多米東町一丁目南
D2B,169,豊鉄バス,,春日神社
D2B,16A,豊鉄バス,,多米中町二丁目
D2B,16D,豊鉄バス,,八幡大池
D2B,16E,豊鉄バス,,六光寺
D2B,17D,豊鉄バス,,小水尾
D2B,17E,豊鉄バス,,富久縞町
D2B,17F,豊鉄バス,,五号
D2B,182,豊鉄バス,,豊川駅前
D2B,183,豊鉄バス,,新城市役所
D2B,184,豊鉄バス,,有海企業団地
D2B,185,豊鉄バス,,緑が丘口
D2B,186,豊鉄バス,,こんたく長篠
D2B,187,豊鉄バス,,設楽町役場
D2B,194,豊鉄バス,,稲荷前
D2B,19A,豊鉄バス,,文化会館前
D2B,19B,豊鉄バス,,藤ノ花高校前
D2B,19C,豊鉄バス,,東田坂上
D2B,19D,豊鉄バス,,東田中郷
D2B,19E,豊鉄バス,,南町
D2B,1A0,豊鉄バス,,長楽
D2B,1A1,豊鉄バス,,嵩山市場
D2B,1A2,豊鉄バス,,自由ケ丘
D2B,1A3,豊鉄バス,,嵩山中村
D2B,1A4,豊鉄バス,,藤薮
D2B,1A5,豊鉄バス,,嵩山
D2B,1A6,豊鉄バス,,南牛川
D2B,1A7,豊鉄バス,,忠興
D2B,1A8,豊鉄バス,,忠興二丁目
D2B,1A9,豊鉄バス,,アイセロ前
D2B,1AA,豊鉄バス,,金田
D2B,1AB,豊鉄バス,,金田住宅前
D2B,1AD,豊鉄バス,,春日町
D2B,1AE,豊鉄バス,,豊丘高校前
D2B,1AF,豊鉄バス,,豊岡中学校前
D2B,1B0,豊鉄バス,,岩田小学校前
D2B,1B1,豊鉄バス,,岩田団地
D2B,1B2,豊鉄バス,,豊橋医療センター
D2B,1B3,豊鉄バス,,総合老人ホーム前
D2B,1B4,豊鉄バス,,影岩
D2B,1B5,豊鉄バス,,岩崎・葦毛湿原
D2B,1B6,豊鉄バス,,駒止
D2B,1BF,豊鉄バス,,境田
D2B,1C0,豊鉄バス,,大蚊里
D2B,1C1,豊鉄バス,,変電所前
D2B,1C2,豊鉄バス,,正岡
D2B,1C3,豊鉄バス,,牛久保南
D2B,1C4,豊鉄バス,,牛久保
D2B,1C5,豊鉄バス,,高見
D2B,1C6,豊鉄バス,,南大通四丁目
D2B,1C7,豊鉄バス,,南部中学校前
D2B,1C8,豊鉄バス,,代田橋
D2B,1C9,豊鉄バス,,心道教前
D2B,1CA,豊鉄バス,,豊川体育館前
D2B,1CB,豊鉄バス,,豊川市役所前
D2B,1CC,豊鉄バス,,免許センター前
D2B,1CD,豊鉄バス,,豊川体育館前西
D2B,1CE,豊鉄バス,,豊川市民病院
D2B,1D2,豊鉄バス,,大堀町
D2B,1D3,豊鉄バス,,曙町
D2B,1D4,豊鉄バス,,本野原
D2B,1D5,豊鉄バス,,東名豊川
D2B,1D6,豊鉄バス,,上野
D2B,1D7,豊鉄バス,,砥鹿神社前
D2B,1D8,豊鉄バス,,宮裏
D2B,1D9,豊鉄バス,,一宮支所
D2B,1DA,豊鉄バス,,松原
D2B,1DB,豊鉄バス,,長山
D2B,1DC,豊鉄バス,,江島
D2B,1DD,豊鉄バス,,東上
D2B,1DE,豊鉄バス,,川田
D2B,1DF,豊鉄バス,,川田平
D2B,1E0,豊鉄バス,,豊島口
D2B,1E1,豊鉄バス,,大野田
D2B,1E2,豊鉄バス,,野田城
D2B,1E3,豊鉄バス,,千郷小学校前
D2B,1E4,豊鉄バス,,新城市民病院
D2B,1E5,豊鉄バス,,清井田
D2B,1E6,豊鉄バス,,大海駅前
D2B,1E7,豊鉄バス,,水上
D2B,1E8,豊鉄バス,,長篠城前
D2B,1E9,豊鉄バス,,武蔵鳳来前
D2B,1EA,豊鉄バス,,鳳来中部小学校
D2B,1EB,豊鉄バス,,本長篠駅前
D2B,1EC,豊鉄バス,,長篠こども園
D2B,1ED,豊鉄バス,,岡
D2B,1EE,豊鉄バス,,大草
D2B,1EF,豊鉄バス,,上大草
D2B,1F0,豊鉄バス,,峰
D2B,1F1,豊鉄バス,,鳳来寺表参道
D2B,1F2,豊鉄バス,,大栗平
D2B,1F3,豊鉄バス,,玖老勢
D2B,1F4,豊鉄バス,,郷中橋
D2B,1F5,豊鉄バス,,山びこの丘前
D2B,1F6,豊鉄バス,,鳳来大石
D2B,1F7,豊鉄バス,,副川
D2B,1F8,豊鉄バス,,双瀬
D2B,1F9,豊鉄バス,,塚島
D2B,1FA,豊鉄バス,,海老
D2B,1FB,豊鉄バス,,海老車庫前
D2B,1FC,豊鉄バス,,丁塚
D2B,1FD,豊鉄バス,,滝上
D2B,1FE,豊鉄バス,,鳳来寺山頂
D2B,1FF,豊鉄バス,,松下
D2B,200,豊鉄バス,,境場
D2B,201,豊鉄バス,,四谷千枚田口
D2B,203,豊鉄バス,,川田山田平
D2B,211,豊鉄バス,,杉山西
D2B,212,豊鉄バス,,山村
D2B,213,豊鉄バス,,上山村
D2B,214,豊鉄バス,,下臼子
D2B,215,豊鉄バス,,上臼子
D2B,216,豊鉄バス,,鳥居前
D2B,217,豊鉄バス,,スカイライン入口
D2B,218,豊鉄バス,,和田
D2B,219,豊鉄バス,,見代口
D2B,21A,豊鉄バス,,戸津呂
D2B,21B,豊鉄バス,,野郷
D2B,21C,豊鉄バス,,川合
D2B,21D,豊鉄バス,,北畑
D2B,21E,豊鉄バス,,つくで手作り村
D2B,21F,豊鉄バス,,旧巴小学校前
D2B,220,豊鉄バス,,鴨ケ谷口
D2B,221,豊鉄バス,,作手高里
D2B,224,豊鉄バス,,土合
D2B,22A,豊鉄バス,,弁天住宅
D2B,22B,豊鉄バス,,弁天橋
D2B,22C,豊鉄バス,,日吉
D2B,22D,豊鉄バス,,舟着小学校前
D2B,22E,豊鉄バス,,中貝津
D2B,22F,豊鉄バス,,塩沢
D2B,230,豊鉄バス,,市川口
D2B,231,豊鉄バス,,市川
D2B,232,豊鉄バス,,宮前
D2B,233,豊鉄バス,,吉川
D2B,234,豊鉄バス,,大清水
D2B,23C,豊鉄バス,,鳥原
D2B,23D,豊鉄バス,,宮の腰
D2B,23E,豊鉄バス,,百田
D2B,23F,豊鉄バス,,吉川下
D2B,240,豊鉄バス,,田原駅前
D2B,241,豊鉄バス,,神戸
D2B,24C,豊鉄バス,,福江
D2B,24E,豊鉄バス,,保美
D2B,257,豊鉄バス,,伊良湖岬
D2B,258,豊鉄バス,,恋路ヶ浜
D2B,259,豊鉄バス,,仁崎
D2B,25A,豊鉄バス,,仁崎海水浴場
D2B,25B,豊鉄バス,,山ノ神
D2B,25C,豊鉄バス,,今方
D2B,25D,豊鉄バス,,田原中学校
D2B,25E,豊鉄バス,,武蔵精密前
D2B,25F,豊鉄バス,,老津
D2B,260,豊鉄バス,,天津
D2B,261,豊鉄バス,,杉山
D2B,262,豊鉄バス,,やぐま台
D2B,263,豊鉄バス,,豊島
D2B,264,豊鉄バス,,豊島坂上
D2B,265,豊鉄バス,,中島
D2B,266,豊鉄バス,,田原萱町
D2B,267,豊鉄バス,,田原市役所前
D2B,268,豊鉄バス,,八軒家
D2B,269,豊鉄バス,,田原警察署前
D2B,26A,豊鉄バス,,恩中
D2B,26B,豊鉄バス,,農高前
D2B,26C,豊鉄バス,,大久保
D2B,26D,豊鉄バス,,吹上
D2B,26E,豊鉄バス,,仁崎口
D2B,26F,豊鉄バス,,野田
D2B,270,豊鉄バス,,馬草口
D2B,271,豊鉄バス,,江比間野外センター前
D2B,272,豊鉄バス,,宇津江
D2B,273,豊鉄バス,,江比間
D2B,274,豊鉄バス,,新江比間
D2B,275,豊鉄バス,,伊川津
D2B,276,豊鉄バス,,石神
D2B,277,豊鉄バス,,高木
D2B,278,豊鉄バス,,折立
D2B,279,豊鉄バス,,古田坂上
D2B,27A,豊鉄バス,,大番場
D2B,27B,豊鉄バス,,渥美ショップ前
D2B,27C,豊鉄バス,,兼原口
D2B,27D,豊鉄バス,,亀山
D2B,27E,豊鉄バス,,亀山小学校前
D2B,27F,豊鉄バス,,お糸口
D2B,280,豊鉄バス,,亀山西
D2B,281,豊鉄バス,,中里
D2B,282,豊鉄バス,,渥美支所
D2B,283,豊鉄バス,,明和
D2B,285,豊鉄バス,,保養所入口
D2B,286,豊鉄バス,,休暇村
D2B,287,豊鉄バス,,明神前
D2B,288,豊鉄バス,,ゴルフ場前
D2B,289,豊鉄バス,,伊良湖シーパーク前
D2B,28A,豊鉄バス,,黒河
D2B,28B,豊鉄バス,,大草団地前
D2B,28C,豊鉄バス,,並木
D2B,28D,豊鉄バス,,高松
D2B,28E,豊鉄バス,,法蔵寺前
D2B,28F,豊鉄バス,,高松一色
D2B,290,豊鉄バス,,大石
D2B,291,豊鉄バス,,赤羽根市民センター前
D2B,292,豊鉄バス,,東赤羽根
D2B,293,豊鉄バス,,赤羽根
D2B,294,豊鉄バス,,市場
D2B,295,豊鉄バス,,西赤羽根
D2B,296,豊鉄バス,,赤羽根港
D2B,297,豊鉄バス,,池尻
D2B,298,豊鉄バス,,東若見
D2B,299,豊鉄バス,,若見
D2B,29A,豊鉄バス,,若戸
D2B,29B,豊鉄バス,,東越戸
D2B,29C,豊鉄バス,,越戸
D2B,29D,豊鉄バス,,大山下
D2B,29E,豊鉄バス,,土田
D2B,29F,豊鉄バス,,和地東
D2B,2A0,豊鉄バス,,和地
D2B,2A1,豊鉄バス,,川尻
D2B,2A2,豊鉄バス,,一色境
D2B,2A3,豊鉄バス,,東小塩津
D2B,2A4,豊鉄バス,,小塩津
D2B,2A5,豊鉄バス,,東堀切
D2B,2A6,豊鉄バス,,堀切海岸
D2B,2A8,豊鉄バス,,菜の花ガーデン
D2B,2A9,豊鉄バス,,堀切
D2B,2AA,豊鉄バス,,堀切駐在所前
D2B,2AB,豊鉄バス,,渥美運動公園
D2B,2AC,豊鉄バス,,官林
D2B,2AD,豊鉄バス,,保美南
D2B,2AF,豊鉄バス,,大清水駅口
D2B,2B0,豊鉄バス,,5区公園前
D2B,2B1,豊鉄バス,,4区公園前
D2B,2B2,豊鉄バス,,2区公園前
D2B,2B3,豊鉄バス,,小学校西
D2B,2BA,豊鉄バス,,二軒屋
D2B,2BB,豊鉄バス,,西小鷹野
D2B,2BC,豊鉄バス,,三の輪東
D2B,2BF,豊鉄バス,,台町南
D2B,2C0,豊鉄バス,,才ノ神
D2B,2C1,豊鉄バス,,才ノ神住宅前
D2B,2C2,豊鉄バス,,佐藤西
D2B,2C3,豊鉄バス,,佐藤東
D2B,2C5,豊鉄バス,,総合スポーツ公園
D2B,2C8,豊鉄バス,,高洲南
D2B,2C9,豊鉄バス,,東名音羽
D2B,2CD,豊鉄バス,,飯村西
D2B,2CE,豊鉄バス,,飯村中
D2B,2CF,豊鉄バス,,ゆのゆ豊橋
D2B,2D0,豊鉄バス,,飯村東
D2B,2D3,豊鉄バス,,西部団地東
D2B,2D4,豊鉄バス,,西部団地
D2B,2D5,豊鉄バス,,花田小学校前
D2B,2D6,豊鉄バス,,成田記念病院
D2B,2D7,豊鉄バス,,工業団地前
D2B,2D8,豊鉄バス,,中部セキスイ前
D2B,2D9,豊鉄バス,,デンソー西
D2B,2DA,豊鉄バス,,宗高東
D2B,2DB,豊鉄バス,,竜ケ丘
D2B,2DD,豊鉄バス,,東名本宿
D2B,2DE,豊鉄バス,,南大清水富士見
D2B,2DF,豊鉄バス,,レイクヒルズ入口
D2B,2E0,豊鉄バス,,レイクヒルズ
D2B,2E5,豊鉄バス,,サイエンスコア
D2B,2E6,豊鉄バス,,天伯団地入口
D2B,2E7,豊鉄バス,,和地西
D2B,2E8,豊鉄バス,,港湾合同庁舎
D2B,2E9,豊鉄バス,,ライフポート
D2B,2EA,豊鉄バス,,三河港湾事務所
D2B,2EB,豊鉄バス,,神野新田南
D2B,2EE,豊鉄バス,,豊橋市民病院
D2B,2F5,豊鉄バス,,ゆうあいの里
D2B,2F6,豊鉄バス,,平尾市民館
D2B,2F7,豊鉄バス,,上宿
D2B,2F8,豊鉄バス,,国府駅
D2B,2F9,豊鉄バス,,藤岡医院
D2B,2FB,豊鉄バス,,西ふ頭
D2B,2FC,豊鉄バス,,西ふ頭北
D2B,2FD,豊鉄バス,,水無川
D2B,2FE,豊鉄バス,,弥生町
D2B,2FF,豊鉄バス,,弥生公園
D2B,300,豊鉄バス,,三本木町
D2B,301,豊鉄バス,,松崎病院
D2B,302,豊鉄バス,,紫雲寺
D2B,303,豊鉄バス,,高師本郷町(降車場)
D2B,304,豊鉄バス,,穂の香看護専門学校前
D2B,305,豊鉄バス,,あつみライフランド
D2B,306,豊鉄バス,,車検場入口
D2B,307,豊鉄バス,,渥美病院
D2B,308,豊鉄バス,,和田辻東
D2B,309,豊鉄バス,,サーラプラザ豊橋岩田
D2B,30A,豊鉄バス,,よろずぐち公園
D2B,30B,豊鉄バス,,中岩田三丁目
D2B,30D,豊鉄バス,,新城文化会館
D2B,30E,豊鉄バス,,新城中学校
D2B,30F,豊鉄バス,,新城有教館高校
D2B,310,豊鉄バス,,若宮
D2B,312,豊鉄バス,,新城郵便局
D2B,314,豊鉄バス,,上平井
D2B,321,豊鉄バス,,山田三番町
D2B,322,豊鉄バス,,竜ケ池公園
D2B,323,豊鉄バス,,江島町
D2B,326,豊鉄バス,,消防防災センター
D2B,327,豊鉄バス,,北山クリニック
D2B,328,豊鉄バス,,舟原
D2B,329,豊鉄バス,,新町橋
D2B,32A,豊鉄バス,,向山小学校北
D2B,32B,豊鉄バス,,三の輪町
D2B,32C,豊鉄バス,,山中橋
D2B,32D,豊鉄バス,,東三の輪
D2B,32E,豊鉄バス,,西口町
D2B,32F,豊鉄バス,,岩西学校前
D2B,330,豊鉄バス,,高師原口
D2B,331,豊鉄バス,,岩屋観音
D2B,332,豊鉄バス,,岩屋公園口
D2B,333,豊鉄バス,,二川駅
D2B,334,豊鉄バス,,二川伏見いなり
D2B,335,豊鉄バス,,住宅前
D2B,336,豊鉄バス,,北裏
D2B,337,豊鉄バス,,大脇
D2B,338,豊鉄バス,,二川東町
D2B,33A,豊鉄バス,,源吾坂
D2B,33B,豊鉄バス,,豊清
D2B,33C,豊鉄バス,,三ツ坂
D2B,33D,豊鉄バス,,弥栄口
D2B,33E,豊鉄バス,,一里山
D2B,34F,豊鉄バス,,和田辻北
D2B,350,豊鉄バス,,吉川上
D2B,354,豊鉄バス,,吉田方小学校
D2B,355,豊鉄バス,,吉田方地区市民館
D2B,356,豊鉄バス,,バスタ新宿4F
D2B,357,豊鉄バス,,中野駅
D2B,358,豊鉄バス,,練馬駅北口
D2B,35B,豊鉄バス,,つつじが丘一丁目
D2B,35C,豊鉄バス,,山田一番町
D2B,35D,豊鉄バス,,サイエンスコア入口
D2B,35E,豊鉄バス,,植田奥ノ谷
D2B,35F,豊鉄バス,,漆田
D2B,360,豊鉄バス,,神戸郷仲
D2B,362,豊鉄バス,,福祉センター
D2B,364,豊鉄バス,,豊橋創造大学正門
D2B,365,豊鉄バス,,創造大東
D2B,366,豊鉄バス,,金屋元町
D2B,367,豊鉄バス,,イオン豊川店
D2B,368,豊鉄バス,,開運通二丁目
D2B,369,豊鉄バス,,開運通一丁目
D2B,36A,豊鉄バス,,進雄神社
D2B,36B,豊鉄バス,,豊川東部中学校
D2B,36C,豊鉄バス,,東曙町
D2B,370,豊鉄バス,,豊川特別支援学校
D2B,371,豊鉄バス,,大崎小学校
D2B,372,豊鉄バス,,ひがし循環器クリニック
D2B,373,豊鉄バス,,桜丘中学・高校前
D2B,379,豊鉄バス,,りすぱ豊橋
D2B,37A,豊鉄バス,,新城警察署
D2B,37B,豊鉄バス,,旧新城東高校
D2B,37C,豊鉄バス,,渋谷マークシティ
D2B,37D,豊鉄バス,,豊橋南プラザ
D2B,37E,豊鉄バス,,ユタカ自動車学校
D2B,37F,豊鉄バス,,新城富永
D2B,380,豊鉄バス,,京都深草
D2B,381,豊鉄バス,,京都駅八条口
D2B,384,豊鉄バス,,豊川駅東口
D2B,385,豊鉄バス,,横佐
D2B,386,豊鉄バス,,中央通4丁目
D2B,38B,豊鉄バス,,諏訪神社
D2B,38C,豊鉄バス,,野口町
D2B,38E,豊鉄バス,,八幡町
D2B,38F,豊鉄バス,,横道
D2B,390,豊鉄バス,,筋違橋
D2B,391,豊鉄バス,,佃
D2B,392,豊鉄バス,,上宿東
D2B,393,豊鉄バス,,八幡駅口
D2B,394,豊鉄バス,,駒場
D2B,395,豊鉄バス,,上藤井
D2B,396,豊鉄バス,,やわた町民館
D2B,397,豊鉄バス,,くすのき公園
D2B,398,豊鉄バス,,障害者職業能力開発校
D2B,399,豊鉄バス,,小南口原
D2B,39A,豊鉄バス,,上長山西原
D2B,39B,豊鉄バス,,臼屋
D2B,39C,豊鉄バス,,ウォーキングセンター
D2B,39D,豊鉄バス,,本宮の湯
D2B,39E,豊鉄バス,,大清水駅前ロータリー
D2B,39F,豊鉄バス,,可知病院入口
D2B,3A5,豊鉄バス,,亀姫通(新城駅南)
D2B,3A6,豊鉄バス,,川路(三河東郷駅)
D2B,3A7,豊鉄バス,,藤が丘駅
D2B,3A8,豊鉄バス,,長久手古戦場駅
D2B,3A9,豊鉄バス,,新城市民病院西
D2B,3AA,豊鉄バス,,もっくる新城南
D2B,3AB,豊鉄バス,,市営野口住宅
D2B,3AC,豊鉄バス,,市田
D2B,3AD,豊鉄バス,,ぎょぎょランド
D2B,3AE,豊鉄バス,,豊川海軍工廠平和公園
D2B,3AF,豊鉄バス,,西門橋
D2B,3B0,豊鉄バス,,ウィズ豊川
D2B,3B6,豊鉄バス,,イオンモール豊川
D2B,407,豊鉄バス,,豊橋営業所
D2B,409,豊鉄バス,,渥美営業所
D2B,40B,豊鉄バス,,新城営業所
D2B,40C,豊鉄バス,,名鉄バス名古屋営業所
D2B,41B,豊鉄バス,,大崎転回場
D2B,41C,豊鉄バス,,三星運送転回場
D2B,41E,豊鉄バス,,一里山転回場
D2B,41F,豊鉄バス,,鍵田待機場
D2B,421,豊鉄バス,,石田交差点(吉川市川線)
D2B,422,豊鉄バス,,臨海緑地
D2B,5DC,豊鉄バス,,豊川オートサービス
D2B,13CA,豊橋鉄道,東田本線,駅前
D2B,13CC,豊橋鉄道,東田本線,駅前大通
D2B,13CE,豊橋鉄道,東田本線,新川
D2B,13D0,豊橋鉄道,東田本線,札木
D2B,13D2,豊橋鉄道,東田本線,市役所前
D2B,13D4,豊橋鉄道,東田本線,豊橋公園前
D2B,13D6,豊橋鉄道,東田本線,東八町
D2B,13D8,豊橋鉄道,東田本線,前畑
D2B,13DA,豊橋鉄道,東田本線,東田坂上
D2B,13DC,豊橋鉄道,東田本線,東田
D2B,13DE,豊橋鉄道,東田本線,競輪場前
D2B,13E0,豊橋鉄道,東田本線,井原
D2B,13E2,豊橋鉄道,東田本線,赤岩口
D2B,13E4,豊橋鉄道,東田本線,運動公園前
D2E,0,名古屋ガイドウェイバス,,共通
D2E,B,ゆとりーとライン,志段味線,大曽根
D2E,D,ゆとりーとライン,志段味線,ナゴヤドーム前矢田
D2E,F,ゆとりーとライン,志段味線,砂田橋
D2E,11,ゆとりーとライン,志段味線,守山
D2E,13,ゆとりーとライン,志段味線,金屋
D2E,15,ゆとりーとライン,志段味線,川宮
D2E,17,ゆとりーとライン,志段味線,川村
D2E,19,ゆとりーとライン,志段味線,白沢渓谷
D2E,1B,ゆとりーとライン,志段味線,小幡緑地 (守山スポーツセンター)
D2E,3E9,ゆとりーとライン,,竜泉寺口
D2E,3EB,ゆとりーとライン,,竜泉寺
D2E,46D,ゆとりーとライン,,天王橋
D2E,7D1,ゆとりーとライン,,志段味交通広場
D2E,7DD,ゆとりーとライン,,高蔵寺
D2E,BC3,ゆとりーとライン,出入庫線,東尾張病院南
D2E,BC9,ゆとりーとライン,出入庫線,印場
D3D,0,三重交通,,共通
D3D,102,三重交通,,栄オアシス (栄バスターミナル)
D3D,103,三重交通,,名鉄バスセンター
D3D,104,三重交通,,桑名駅前出札所
D3D,108,三重交通,,近鉄四日市駅南 (無人チャージ機)
D3D,10B,三重交通,,三重会館
D3D,10C,三重交通,,津駅前出札所
D3D,10E,三重交通,,近鉄津駅西口2階 (無人チャージ機)
D3D,110,三重交通,,名張駅前出札所
D3D,112,三重交通,,ハイトピア伊賀
D3D,122,名阪近鉄バス,,池尻
D3D,12E,名阪近鉄バス,,大垣駅北口
D3D,13C,名阪近鉄バス,,赤坂丸本前
D3D,153,名阪近鉄バス,,大垣駅前
D3D,215,名阪近鉄バス,,禾ノ森
D3D,22F,名阪近鉄バス,,ソフトピアジャパン
D3D,236,名阪近鉄バス,,岐阜羽島駅
D3D,240,名阪近鉄バス,,江並中前
D3D,34E,名阪近鉄バス,,若森車庫前
D3D,423,名阪近鉄バス,,岐阜聖徳学園大学
D3D,617,名阪近鉄バス,,パレットピアおおの
D3D,A06,三重交通,,陽だまりの丘中央
D3D,A07,三重交通,,陽だまりの丘北
D3D,A08,三重交通,,陽だまりの丘 (郵政研修所前)
D3D,A0D,三重交通,,国道安永
D3D,A0E,三重交通,,若宮町
D3D,A0F,三重交通,,矢田
D3D,A10,三重交通,,国道市役所前(桑名)
D3D,A11,三重交通,,桑名シティーホテル前
D3D,A12,三重交通,,桑名駅前
D3D,A13,三重交通,,有楽町
D3D,A14,三重交通,,福島
D3D,A15,三重交通,,伊勢大橋南詰
D3D,A16,三重交通,,伊勢大橋
D3D,A17,三重交通,,長島
D3D,A18,三重交通,,尾張大橋南詰
D3D,A19,三重交通,,尾張大橋
D3D,A1A,三重交通,,弥富
D3D,A1B,三重交通,,十四山
D3D,A1C,三重交通,,佐古木
D3D,A1D,三重交通,,富吉
D3D,A1E,三重交通,,日光橋
D3D,A1F,三重交通,,蟹江
D3D,A20,三重交通,,蟹江八反田
D3D,A21,三重交通,,富永(桑名)
D3D,A22,三重交通,,下之一色
D3D,A23,三重交通,,東中島
D3D,A24,三重交通,,中野新町
D3D,A25,三重交通,,昭和橋
D3D,A26,三重交通,,熱田六番町
D3D,A27,三重交通,,尾頭橋
D3D,A28,三重交通,,日置橋
D3D,A29,三重交通,,名古屋・名鉄バスセンター
D3D,A2A,三重交通,,競馬場前
D3D,A2B,三重交通,,名四寛政町
D3D,A2C,三重交通,,宝神町
D3D,A2D,三重交通,,南陽町藤前
D3D,A2E,三重交通,,飛島新田
D3D,A2F,三重交通,,名四飛島
D3D,A30,三重交通,,鍋田
D3D,A31,三重交通,,名四木曽岬
D3D,A32,三重交通,,長島スポーツランド
D3D,A33,三重交通,,長島温泉
D3D,A34,三重交通,,近鉄長島駅前
D3D,A37,三重交通,,南長島
D3D,A38,三重交通,,南桑名
D3D,A39,三重交通,,三交桑名
D3D,A3A,三重交通,,伊曽島
D3D,A3B,三重交通,,横満蔵
D3D,A3C,三重交通,,松中
D3D,A3D,三重交通,,長島海岸
D3D,A3E,三重交通,,葭ヶ須口
D3D,A3F,三重交通,,赤地
D3D,A40,三重交通,,西福豊
D3D,A41,三重交通,,太夫
D3D,A42,三重交通,,白鶏
D3D,A43,三重交通,,松蔭
D3D,A44,三重交通,桑名長島温泉線,ナガシマファーム前
D3D,A5C,三重交通,,城南口
D3D,A5D,三重交通,,安永七丁目
D3D,A5E,三重交通,,ヨナハ総合病院前
D3D,A5F,三重交通,,和泉(桑名)
D3D,A60,三重交通,,記念碑前
D3D,A61,三重交通,,大貝須
D3D,A62,三重交通,,日の出橋
D3D,A63,三重交通,,桑名西医療センター
D3D,B05,三重交通,,桑名高校前
D3D,B06,三重交通,,桑名高校口
D3D,B07,三重交通,,市役所前(桑名)
D3D,B0B,三重交通,,中央通(桑名)
D3D,B0C,三重交通,,法盛寺前
D3D,B0D,三重交通,,萱町(桑名)
D3D,B11,三重交通,,末広町(桑名)
D3D,B12,三重交通,,寺町(桑名)
D3D,B13,三重交通,,田町
D3D,B14,三重交通,桑名長島温泉線,桑名市博物館
D3D,B15,三重交通,桑名市内線,外堀
D3D,B16,三重交通,桑名市内線,柳原橋
D3D,B17,三重交通,桑名市内線,赤須賀
D3D,B18,三重交通,,桜通り
D3D,B24,三重交通,桑名市内線,本町(桑名)
D3D,B25,三重交通,桑名市内線,宮通
D3D,B26,三重交通,桑名市内線,三之丸
D3D,B27,三重交通,桑名市内線,立教小学校前
D3D,B28,三重交通,桑名市内線,神明社前
D3D,B29,三重交通,桑名市内線,伝馬橋
D3D,B2A,三重交通,桑名市内線,相川町(桑名)
D3D,B33,三重交通,,なばなの里
D3D,B34,三重交通,,近鉄長島駅前
D3D,B4A,三重交通,桑名阿下喜線/桑名ネオポリス線 21/28系統,サンシティ前
D3D,B4B,三重交通,桑名阿下喜線/桑名ネオポリス線 21/28系統,七和住宅口
D3D,B4C,三重交通,,星見ヶ丘南
D3D,B4D,三重交通,,星見ヶ丘
D3D,B4E,三重交通,,星見ヶ丘三丁目
D3D,B4F,三重交通,,星見ヶ丘六丁目
D3D,B5C,三重交通,桑名阿下喜線/桑名ネオポリス線 21/28系統,桑名工業高校前
D3D,B5D,三重交通,桑名阿下喜線/桑名ネオポリス線 21/28系統,大仲新田
D3D,B5E,三重交通,桑名阿下喜線 21系統,♿東員中学前
D3D,B5F,三重交通,桑名阿下喜線 21系統,♿六把野
D3D,B60,三重交通,桑名阿下喜線 21系統,♿鳥取
D3D,B61,三重交通,桑名阿下喜線 21系統,♿大木
D3D,B62,三重交通,桑名阿下喜線 21系統,♿東員郵便局前
D3D,B63,三重交通,桑名阿下喜線 21系統,♿長宮
D3D,C00,三重交通,桑名阿下喜線 21系統,♿新楚原
D3D,C01,三重交通,桑名阿下喜線 21系統,♿いなべ庁舎前
D3D,C02,三重交通,桑名阿下喜線 21系統,♿上笠田
D3D,C03,三重交通,桑名阿下喜線 21系統,♿新麻生田
D3D,C04,三重交通,桑名阿下喜線 21系統,♿六石
D3D,C05,三重交通,桑名阿下喜線 21系統,♿北勢庁舎前
D3D,C06,三重交通,桑名阿下喜線 21系統,♿阿下喜北町
D3D,C07,三重交通,桑名阿下喜線 21系統,♿阿下喜本町
D3D,C08,三重交通,桑名阿下喜線 21系統,♿阿下喜
D3D,C2B,三重交通,,きぼうが丘
D3D,C2C,三重交通,,名阪桑名インター口
D3D,C2E,三重交通,,笹尾東一丁目
D3D,C2F,三重交通,,笹尾西一丁目
D3D,C30,三重交通,,笹尾西二丁目
D3D,C31,三重交通,,笹尾西三丁目
D3D,C32,三重交通,,笹尾東三丁目
D3D,C33,三重交通,,西桑名ネオポリス
D3D,C34,三重交通,,蟹江駅前(近鉄)
D3D,C35,三重交通,,忠霊塔前
D3D,C36,三重交通,,月見橋
D3D,C37,三重交通,,二ッ矢橋
D3D,C38,三重交通,,河合橋
D3D,C39,三重交通,,鍋蓋新田
D3D,C3C,三重交通,,神戸山(弥富蟹江)
D3D,C3D,三重交通,,上用水
D3D,C3E,三重交通,,飛島
D3D,C3F,三重交通,,松之郷
D3D,C40,三重交通,,善光寺前
D3D,C41,三重交通,,政成
D3D,C51,三重交通,,弥富駅前(近鉄)
D3D,D1C,三重交通,,木曽岬学校前
D3D,D34,三重交通,四日市福王山線 71系統,♿田光
D3D,D36,三重交通,四日市福王山線 71系統,♿福王山
D3D,E14,三重交通,,イオンモール桑名口
D3D,E15,三重交通,,公園南(桑名)
D3D,E16,三重交通,,センター前(桑名)
D3D,E18,三重交通,,公団住宅西(桑名)
D3D,E19,三重交通,,光陵中学校前
D3D,E1A,三重交通,,大山田団地
D3D,E1B,三重交通,,日光川排水機場前
D3D,E1C,三重交通,,梅の郷
D3D,E1D,三重交通,,かの里
D3D,E1F,三重交通,,富田作業所前
D3D,E20,三重交通,,豊治小学校前
D3D,E21,三重交通,,かの里車庫前
D3D,E22,三重交通,,城山三丁目
D3D,E23,三重交通,,城山二丁目
D3D,E24,三重交通,,東員病院前
D3D,E28,三重交通,,広見ヶ丘
D3D,E2A,三重交通,,大山田三丁目
D3D,E2B,三重交通,,大山田四丁目
D3D,E2C,三重交通,,筒尾六丁目
D3D,E2D,三重交通,,筒尾七丁目
D3D,E2E,三重交通,,筒尾九丁目
D3D,E30,三重交通,,野田五丁目北
D3D,E31,三重交通,,野田五丁目南
D3D,E32,三重交通,,野田六丁目
D3D,E33,三重交通,,北小学校前
D3D,E44,三重交通,,笹尾東二丁目
D3D,E45,三重交通,,笹尾東三丁目南
D3D,E47,三重交通,,津田学園
D3D,E4C,三重交通,,新大仲新田
D3D,E4D,三重交通,,日比野
D3D,E4E,三重交通,,東和泉
D3D,E50,三重交通,,神戸新田(飛島蟹江線)
D3D,E51,三重交通,,野田一丁目
D3D,E52,三重交通,,藤が丘三丁目
D3D,E55,三重交通,,公団住宅前(桑名)
D3D,E5C,三重交通,,ヨナハ丘の上病院
D3D,E5D,三重交通,,新西方南
D3D,E5E,三重交通,,消防署前(桑名)
D3D,E5F,三重交通,,栄オアシス (栄バスターミナル)
D3D,E60,三重交通,,新西方三丁目
D3D,E61,三重交通,,イオンモール桑名
D3D,E62,三重交通,,新西方
D3D,E63,三重交通,,新西方中央
D3D,F00,三重交通,,伏見
D3D,F01,三重交通,,天神ヶ丘(桑名)
D3D,F02,三重交通,,武道館前(愛知)
D3D,F03,三重交通,,飛島村役場
D3D,F04,三重交通,桑名阿下喜線 21系統,♿穴太(阿下喜線)
D3D,F06,三重交通,,穴太(ネオポリス線)
D3D,F07,三重交通,,陽だまりの丘
D3D,F08,三重交通,,フェニックス団地
D3D,F09,三重交通,,姫御前団地
D3D,F0A,三重交通,,大倉団地(桑名)
D3D,F0B,三重交通,,錦通り本町
D3D,F0C,三重交通,,赤尾台
D3D,F0D,三重交通,,西正和台
D3D,F0E,三重交通,,正和台北
D3D,F0F,三重交通,,正和台
D3D,F10,三重交通,,陽だまりの丘南
D3D,F11,三重交通,,総合運動公園南
D3D,F12,三重交通,,サンビーチ日光川(南陽高速)
D3D,F13,三重交通,,藤前五丁目
D3D,F15,三重交通,,イオンモール名古屋茶屋
D3D,F16,三重交通,,両茶橋北
D3D,F22,三重交通,,南陽町
D3D,F23,三重交通,,南陽中学校
D3D,F24,三重交通,,八百島
D3D,F25,三重交通,,東茶屋四丁目
D3D,F26,三重交通,,川園
D3D,F27,三重交通,,蟹田
D3D,F28,三重交通,,かの里住宅
D3D,F29,三重交通,,豊治小学校東
D3D,F2A,三重交通,,供米田中学校
D3D,F2B,三重交通,,富田中学校
D3D,F2C,三重交通,,金城ふ頭駅
D3D,F4D,八風バス,,南金井
D3D,1101,三重交通,,新政西
D3D,1102,三重交通,,新政成神社
D3D,1103,三重交通,,新政公園
D3D,1201,三重交通,,名古屋港
D3D,120B,三重交通,,公民館分館
D3D,123F,三重交通,,サンシパーク前(桑名)
D3D,1243,三重交通,,サンビーチ日光川
D3D,1249,三重交通,桑名阿下喜線 21系統,♿いなべ総合病院
D3D,1301,三重交通,,大山田団地南
D3D,1302,三重交通,,大山田交番前
D3D,1303,三重交通,,松の木二丁目
D3D,1305,三重交通,,笹尾西一丁目北
D3D,1306,三重交通,,笹尾西二丁目北
D3D,1307,三重交通,,笹尾東四丁目
D3D,130E,三重交通,桑名阿下喜線 21系統,♿田中外科前
D3D,1329,八風バス,梅戸線,桑名駅前
D3D,1332,三重交通,,笹尾西1丁目南
D3D,1333,三重交通,四日市福王山線 71系統,♿田口南
D3D,135A,三重交通,,桑名西高校
D3D,135B,三重交通,,西高口(桑名)
D3D,1401,三重交通,,JR四日市
D3D,1402,三重交通,,市役所前(四日市)
D3D,1403,三重交通,,近鉄四日市
D3D,1404,三重交通,,鵜の森前
D3D,1405,三重交通,,十七軒町
D3D,1406,三重交通,,四日市南警察前
D3D,1407,三重交通,,中央緑地公園前(四日市)
D3D,1408,三重交通,水沢線 62系統,♿日永駅前
D3D,1409,三重交通,水沢線 62系統,♿日野口
D3D,140A,三重交通,水沢線 62系統,♿西日野
D3D,140B,三重交通,水沢線 62系統,♿四郷小学校前(四日市)
D3D,140C,三重交通,水沢線 62系統,♿室山
D3D,140D,三重交通,水沢線 62系統,♿室山西
D3D,140E,三重交通,水沢線 62系統,♿八王子
D3D,140F,三重交通,水沢線 62系統,♿波木道
D3D,1410,三重交通,,狭間道
D3D,1411,三重交通,,高花平口
D3D,1412,三重交通,,高花平
D3D,1413,三重交通,,小林町東
D3D,1414,三重交通,,小林新田(四日市)
D3D,1415,三重交通,,内山道
D3D,1416,三重交通,,小林町西
D3D,1417,三重交通,,神明町
D3D,1418,三重交通,,小山(四日市)
D3D,1419,三重交通,,幸福村口
D3D,141A,三重交通,,大沢(水沢線)
D3D,141B,三重交通,,青木
D3D,141C,三重交通,,茶屋町(四日市)
D3D,141D,三重交通,,中谷(四日市)
D3D,141E,三重交通,,水沢本町
D3D,141F,三重交通,,水沢市民センター
D3D,1420,三重交通,,水沢西条
D3D,1421,三重交通,,三本松(四日市)
D3D,1422,三重交通,,林(四日市)
D3D,1423,三重交通,,宮妻口
D3D,1424,三重交通,水沢線 62系統,♿丸文前
D3D,1425,三重交通,水沢線 62系統,♿野田(四日市)
D3D,1426,三重交通,水沢線 62系統,♿大久保(水沢線)
D3D,1427,三重交通,水沢線 62系統,♿椿神社口
D3D,1428,三重交通,水沢線 62系統,♿山本(四日市)
D3D,1429,三重交通,水沢線 62系統,♿椿大神社
D3D,142B,三重交通,,高花平小学校前
D3D,142C,三重交通,,高花平三丁目
D3D,142D,三重交通,,山田(四日市)
D3D,142E,三重交通,,山田中(四日市)
D3D,142F,三重交通,,小山田市民センター前
D3D,1430,三重交通,,小山田病院
D3D,1431,三重交通,,笹川三丁目
D3D,1432,三重交通,,南八王子
D3D,1433,三重交通,,日永カヨー前
D3D,1434,三重交通,,イオンタウン四日市泊
D3D,1435,三重交通,,泊町
D3D,1436,三重交通,,追分駅前(四日市)
D3D,1437,三重交通,,小古曽
D3D,1438,三重交通,,森ヶ山
D3D,1439,三重交通,,小古曽六丁目
D3D,143A,三重交通,,内部駅前
D3D,143B,三重交通,,内部橋
D3D,143C,三重交通,,内部農協前
D3D,143D,三重交通,,内部小学校前
D3D,143E,三重交通,,古市場
D3D,143F,三重交通,,貝家
D3D,1440,三重交通,,小松
D3D,1441,三重交通,,下大久保
D3D,1442,三重交通,,久間田
D3D,144C,三重交通,,堀木
D3D,144D,三重交通,,市立図書館前(四日市)
D3D,144E,三重交通,,市立病院(四日市)
D3D,144F,三重交通,,久保田(四日市)
D3D,1450,三重交通,,西伊倉
D3D,1451,三重交通,,大井手
D3D,1452,三重交通,,小生(湯の山街道)
D3D,1453,三重交通,,川島
D3D,1455,三重交通,,高角
D3D,1500,三重交通,,近鉄湯の山温泉駅
D3D,1501,三重交通,,保養所前
D3D,1502,三重交通,,清気橋
D3D,1503,三重交通,,栃谷
D3D,1504,三重交通,,三之瀬
D3D,1505,三重交通,,蒼滝口
D3D,1506,三重交通,,三交湯の山温泉
D3D,1507,三重交通,,湯の山温泉・御在所ロープウエイ前
D3D,1508,三重交通,,菰野富士
D3D,1509,三重交通,,諏訪(四日市)
D3D,150E,三重交通,団地笹川線/四日市福王山線 41/46/71系統,生桑道
D3D,150F,三重交通,団地笹川線/四日市福王山線 41/46/71系統,坂部(四日市)
D3D,1510,三重交通,美里あがたヶ丘線/四日市福王山線 44/71系統,坂部口
D3D,1511,三重交通,美里あがたヶ丘線/四日市福王山線 44/71系統,西坂部
D3D,1512,三重交通,美里あがたヶ丘線/四日市福王山線 44/71系統,御館
D3D,1513,三重交通,美里あがたヶ丘線/四日市福王山線 44/71系統,大池
D3D,1514,三重交通,美里あがたヶ丘線/四日市福王山線 44/71系統,下海老町
D3D,1515,三重交通,美里あがたヶ丘線/四日市福王山線 44/71系統,赤水
D3D,1516,三重交通,,上海老町
D3D,1517,三重交通,,元町(四日市)
D3D,1518,三重交通,,ファムタウン四日市上海老
D3D,1519,三重交通,美里あがたヶ丘線/四日市福王山線 44/71系統,メリノール前
D3D,151B,三重交通,,四日市橋
D3D,151C,三重交通,,川原町(四日市)
D3D,151D,三重交通,,海蔵橋
D3D,151E,三重交通,,金場町
D3D,152E,三重交通,,南垂坂
D3D,152F,三重交通,,垂坂
D3D,1530,三重交通,,阿倉川駅口
D3D,1531,三重交通,,羽津山町
D3D,1532,三重交通,,四日市羽津医療センター
D3D,1533,三重交通,,山手中学校前
D3D,1534,三重交通,,羽津山住宅口
D3D,1535,三重交通,,羽津山
D3D,1536,三重交通,,三ツ谷(四日市)
D3D,1537,三重交通,,阿倉川駅前
D3D,1538,三重交通,,東阿倉川口
D3D,1539,三重交通,,東阿倉川
D3D,153A,三重交通,,海蔵神社
D3D,153B,三重交通,,西阿倉川口
D3D,153C,三重交通,,西阿倉川
D3D,153D,三重交通,,みゆきヶ丘
D3D,153E,三重交通,,小杉郵便局前
D3D,153F,三重交通,,小杉(四日市)
D3D,1540,三重交通,,新小杉
D3D,1541,三重交通,,中尾平
D3D,1542,三重交通,,四商前
D3D,1543,三重交通,,毘沙門前
D3D,1544,三重交通,,生桑町
D3D,1545,三重交通,,新正(四日市)
D3D,1546,三重交通,,磯津東町
D3D,1547,三重交通,,センター前(三重団地)
D3D,1548,三重交通,,三重四丁目
D3D,1549,三重交通,,三重六丁目
D3D,154B,三重交通,,三重団地
D3D,1550,三重交通,,神前大日山
D3D,1551,三重交通,,智積口
D3D,1552,三重交通,,桜台口
D3D,1553,三重交通,,桜台一丁目
D3D,1554,三重交通,,さつき橋(四日市)
D3D,1555,三重交通,,桜台二丁目
D3D,1556,三重交通,,桜台南
D3D,1557,三重交通,,桜台
D3D,160F,三重交通,,赤堀
D3D,1610,三重交通,,常磐農協前
D3D,1611,三重交通,,城西町
D3D,1612,三重交通,,常磐小学校前
D3D,1613,三重交通,,ときわ一丁目
D3D,1615,三重交通,,中川原駅前(四日市)
D3D,1616,三重交通,,伊倉(四日市)
D3D,1617,三重交通,,南日永
D3D,1618,三重交通,,日永西
D3D,1619,三重交通,,笹川中学校
D3D,161A,三重交通,,笹川東
D3D,161B,三重交通,,八幡公園前
D3D,161C,三重交通,,笹川一丁目
D3D,161D,三重交通,,笹川二丁目
D3D,161E,三重交通,,笹川東小学校前
D3D,161F,三重交通,,公団住宅前(四日市)
D3D,1620,三重交通,,笹川九丁目
D3D,1621,三重交通,,笹川西
D3D,1622,三重交通,,笹川団地
D3D,1623,三重交通,,泊駅口
D3D,1624,三重交通,,泊変電所前
D3D,1625,三重交通,,山崎町
D3D,1626,三重交通,,泊ヶ丘住宅前
D3D,1627,三重交通,,泊山
D3D,1628,三重交通,,南部丘陵公園前
D3D,1629,三重交通,,笹川七丁目
D3D,162A,三重交通,,聖母の家前
D3D,162C,三重交通,,笹川ジャブ
D3D,162D,三重交通,,海星中学・高校前
D3D,1633,三重交通,,浜一色郵便局
D3D,1635,三重交通,,本町(四日市)
D3D,1636,三重交通,,相生町
D3D,1637,三重交通,,相生橋
D3D,1638,三重交通,,尾上町北
D3D,1639,三重交通,,尾上町(四日市)
D3D,163A,三重交通,,千歳町
D3D,163B,三重交通,,四日市港
D3D,163C,三重交通,,末広町(四日市)
D3D,163D,三重交通,,曙町
D3D,1641,三重交通,,馳出町
D3D,1642,三重交通,,塩浜局前
D3D,1643,三重交通,,塩浜駅前
D3D,1647,三重交通,,磯津口
D3D,164C,三重交通,,末広町北(四日市)
D3D,164D,三重交通,,昌栄町
D3D,164E,三重交通,,磯津橋
D3D,164F,三重交通,,磯津北町
D3D,1650,三重交通,,塩崎神社前
D3D,1651,三重交通,,磯津
D3D,1653,三重交通,,北条町
D3D,1654,三重交通,,老松橋北詰
D3D,1655,三重交通,,橋北小学校前
D3D,1656,三重交通,,中町(四日市)
D3D,1657,三重交通,,百五銀行前(四日市)
D3D,1658,三重交通,,JR南四日市
D3D,1659,三重交通,,白髭神社前
D3D,165A,三重交通,,県立総合医療センター(四日市)
D3D,165B,三重交通,,川合町
D3D,165C,三重交通,,北五味塚
D3D,165D,三重交通,,北五味塚東
D3D,1706,三重交通,,ときわ台
D3D,1707,三重交通,,小鹿ヶ丘
D3D,1708,三重交通,,ガーデンタウン東日野
D3D,170D,三重交通,,主体会病院前
D3D,170E,三重交通,,大井手東
D3D,170F,三重交通,,ときわ二丁目
D3D,1710,三重交通,,松本駅前
D3D,1711,三重交通,,西松本町
D3D,1712,三重交通,,青葉町
D3D,1714,三重交通,,かわしま園
D3D,1717,三重交通,,磯津公会所前
D3D,1718,三重交通,,磯津西町
D3D,1719,三重交通,,磯津漁協前
D3D,171A,三重交通,,三重一丁目
D3D,171B,三重交通,,あがたヶ丘三丁目
D3D,171C,三重交通,,あがたヶ丘一丁目
D3D,171D,三重交通,,あがたハイツ
D3D,171E,三重交通,美里あがたヶ丘線/四日市福王山線 44/71系統,赤水北
D3D,1720,三重交通,,四郷高校前
D3D,1721,三重交通,,文化会館前(四日市)
D3D,1722,三重交通,,四日市消化器病センター
D3D,1723,三重交通,,三滝台口
D3D,1725,三重交通,,大谷台(四日市)
D3D,1733,三重交通,,小山田病院下
D3D,1734,三重交通,,三重八丁目
D3D,173B,三重交通,,かわしま園口
D3D,1745,三重交通,,東新町
D3D,1746,三重交通,,四日市港口
D3D,1747,三重交通,,桜花台
D3D,1749,三重交通,,市立病院口(四日市)
D3D,174C,三重交通,,北浜町
D3D,174D,三重交通,,けやき台口
D3D,174F,三重交通,,生桑町西
D3D,1750,三重交通,,美里ヶ丘
D3D,1751,三重交通,,美里ヶ丘集会所前
D3D,1752,三重交通,四日市福王山線 71系統,♿朝上農協前
D3D,1753,三重交通,四日市福王山線 71系統,♿朝上地区コミュニティセンター
D3D,1754,三重交通,四日市福王山線 71系統,♿西川原(菰野)
D3D,1755,三重交通,四日市福王山線 71系統,♿小島
D3D,1756,三重交通,四日市福王山線 71系統,♿小島中
D3D,1757,三重交通,四日市福王山線 71系統,♿小島口
D3D,1759,三重交通,四日市福王山線 71系統,♿竹成
D3D,175A,三重交通,四日市福王山線 71系統,♿野中(菰野)
D3D,175B,三重交通,四日市福王山線 71系統,♿池底
D3D,175C,三重交通,四日市福王山線 71系統,♿松山(菰野)
D3D,175D,三重交通,四日市福王山線 71系統,♿鵜川原神社前
D3D,175E,三重交通,四日市福王山線 71系統,♿鵜川原
D3D,175F,三重交通,四日市福王山線 71系統,♿下村(菰野)
D3D,1760,三重交通,四日市福王山線 71系統,♿下村西(菰野)
D3D,1761,三重交通,,桜花台一丁目
D3D,1762,三重交通,,中央公園(四日市桜花台)
D3D,1763,三重交通,,桜花台P
D3D,1800,三重交通,,菰野東
D3D,1801,三重交通,,四日市インター
D3D,1802,三重交通,,ユーユーカイカン
D3D,1803,三重交通,,城東町(旅広場)
D3D,1804,三重交通,,文化会館南(四日市)
D3D,1805,三重交通,,工業高校前(四日市)
D3D,1806,三重交通,,桜台小学校
D3D,1807,三重交通,美里あがたヶ丘線/四日市福王山線 44/71系統,御館口
D3D,180A,三重交通,,新小杉西
D3D,181A,三重交通,,海山道三丁目
D3D,1900,三重交通,高速バス,中部国際空港 第1ターミナル
D3D,1901,三重交通,,波木道(笹川通り)
D3D,1902,三重交通,,小生
D3D,1A00,三重交通,,Jヒルズ
D3D,1A02,三重交通,,坂部台
D3D,1A03,三重交通,,川島市民センター
D3D,1A0A,三重交通,,塩浜市民センター
D3D,1A0C,三重交通,,塩浜小学校前
D3D,1A0D,三重交通,,健康増進センター北
D3D,1A0E,三重交通,,桜リサーチパーク
D3D,1A0F,三重交通,,四日市スポーツランド
D3D,1A14,三重交通,美里あがたヶ丘線/四日市福王山線 44/71系統,あこず団地前
D3D,1A15,三重交通,,キオクシア正門前
D3D,1A16,三重交通,,キオクシア東門前
D3D,1A18,三重交通,,近鉄高角駅
D3D,1A19,三重交通,,神前市民センター前
D3D,1A1A,三重交通,,神前小学校前
D3D,1A1B,三重交通,,曽井町
D3D,1A1C,三重交通,,上名ヶ丘住宅前
D3D,1A1D,三重交通,,人権プラザかんざき前
D3D,1A1E,三重交通,,諸戸野口
D3D,1A25,三重交通,,尾平町西
D3D,1A27,三重交通,,波木南台一丁目
D3D,1A28,三重交通,,波木南台二丁目
D3D,1A29,三重交通,,笹川テニス場
D3D,1A31,三重交通,,日本板硝子前(四日市)
D3D,1A32,三重交通,四日市福王山線 71系統,♿末永橋
D3D,1A33,三重交通,四日市福王山線 71系統,♿川原崎
D3D,1A35,三重交通,,堀木橋
D3D,1A36,三重交通,,東日野
D3D,1A37,三重交通,,青葉町南
D3D,1A38,三重交通,,陽光台浮橋
D3D,1A39,三重交通,,三滝台二丁目
D3D,1A3A,三重交通,,三滝台四丁目
D3D,1A3B,三重交通,,川島駅前
D3D,1A3C,三重交通,,別山中央
D3D,1A3D,三重交通,,悠彩の里
D3D,1A3F,三重交通,,四日市大学
D3D,1A40,三重交通,,波木が丘西
D3D,1A41,三重交通,,川原町駅前
D3D,1A42,三重交通,,泊山小学校
D3D,1A43,三重交通,,笹川五丁目
D3D,1A49,三重交通,,桜台一丁目東
D3D,1A4A,三重交通,,桜台二丁目東
D3D,1A4B,三重交通,,桜台二丁目西
D3D,1A4C,三重交通,,桜ヶ丘口
D3D,1A4D,三重交通,,南部丘陵公園南
D3D,1A4E,三重交通,,芝田一丁目
D3D,1A4F,三重交通,四日市福王山線 71系統,♿稲荷橋
D3D,1A50,三重交通,,垂坂駐車場
D3D,1A58,三重交通,四日市福王山線 71系統,♿本郷郵便局
D3D,1B01,三重交通,,六名口
D3D,1B02,三重交通,,久間田西
D3D,1B03,三重交通,,鹿間
D3D,1B04,三重交通,,鹿間宮前
D3D,1B05,三重交通,,和無田東
D3D,1B06,三重交通,,和無田
D3D,1C06,三重交通,菰野町コミュニティバス,菰野厚生病院
D3D,1C07,三重交通,菰野町コミュニティバス,菰野駅
D3D,1C21,三重交通,菰野町コミュニティバス,福王山
D3D,1D01,三重交通,,三重西小学校
D3D,1D02,三重交通,,笹川八丁目東
D3D,1D03,三重交通,,小杉新町東
D3D,1D07,三重交通,,みゆきヶ丘二丁目
D3D,1D09,三重交通,四日市福王山線 71系統,♿岡山(四日市)
D3D,1D0A,三重交通,,上海老南
D3D,1D0B,三重交通,,団地口(四日市)
D3D,1D0C,三重交通,四日市福王山線 71系統,♿八風橋
D3D,1D0D,三重交通,,♿西南福祉センター
D3D,1D0E,三重交通,,小林町
D3D,1D0F,三重交通,,中谷東
D3D,1D10,三重交通,,中谷西
D3D,1D11,三重交通,,大海戸
D3D,1D12,三重交通,,少年自然の家口
D3D,1D13,三重交通,水沢線 62系統,♿大久保南(水沢線)
D3D,1D14,三重交通,,北小松
D3D,1D15,三重交通,,下大久保西(長沢線)
D3D,1D1A,三重交通,,F桜台小学校
D3D,1D1F,三重交通,水沢線 62系統,♿大久保口(水沢線)
D3D,1D21,三重交通,四日市福王山線 71系統,♿野田二丁目(四日市)
D3D,1D51,三重交通,,キオクシア南門前
D3D,1D53,三重交通,,キオクシア北門前
D3D,1D56,三重交通,,アクアイグニス
D3D,1D5C,三重交通,臨時バス,㋷鈴鹿の森庭園
D3D,1D5D,三重交通,,イオン尾平店
D3D,1D5E,三重交通,,菅原町
D3D,1D5F,三重交通,,四日市中央工業高校
D3D,1E01,三重交通,,鈴鹿市駅
D3D,1E02,三重交通,,神戸九丁目(鈴鹿)
D3D,1E03,三重交通,,須賀町
D3D,1E04,三重交通,,南高岡
D3D,1E05,三重交通,,高岡
D3D,1E06,三重交通,,北高岡
D3D,1E07,三重交通,,高岡台
D3D,1E08,三重交通,,河原田駅前
D3D,1E09,三重交通,,河原田市民センター
D3D,1E0A,三重交通,,一里山
D3D,1E0B,三重交通,,南大治田
D3D,1E0C,三重交通,,大治田
D3D,1E0D,三重交通,,追分(鈴鹿)
D3D,1E0E,三重交通,,鈴鹿市役所
D3D,1E0F,三重交通,,神戸三丁目(鈴鹿)
D3D,1E10,三重交通,,北玉垣
D3D,1E11,三重交通,,三交鈴鹿
D3D,1E12,三重交通,,西玉垣
D3D,1E13,三重交通,,玉垣
D3D,1E14,三重交通,,南玉垣
D3D,1E15,三重交通,,鈴鹿警察
D3D,1E17,三重交通,,新生(鈴鹿)
D3D,1E18,三重交通,,白子駅
D3D,1E1C,三重交通,,国道玉垣
D3D,1E30,三重交通,,飯野高校
D3D,1E31,三重交通,,桜ケ丘(鈴鹿)
D3D,1E32,三重交通,,江島団地
D3D,1E33,三重交通,01鈴鹿市内・平田線,臨時鴉野(住友電装口)
D3D,1E36,三重交通,,百々川
D3D,1E37,三重交通,,神戸六丁目(鈴鹿)
D3D,1E38,三重交通,,鈴鹿郵便局
D3D,1E39,三重交通,,西条宮前
D3D,1E3A,三重交通,,シキボウ前
D3D,1E3B,三重交通,,東三日市
D3D,1E3C,三重交通,,三日市
D3D,1E3D,三重交通,,算所(鈴鹿)
D3D,1E3E,三重交通,,平田町駅
D3D,1E3F,三重交通,,和無田改善センター
D3D,1E40,三重交通,01鈴鹿市内・平田線,北道伯
D3D,1E41,三重交通,01鈴鹿市内・平田線,東住吉
D3D,1E42,三重交通,01鈴鹿市内・平田線,西住吉
D3D,1E43,三重交通,01鈴鹿市内・平田線,奈良
D3D,1E44,三重交通,01鈴鹿市内・平田線,本田技研
D3D,1E45,三重交通,01鈴鹿市内・平田線,イオンモール鈴鹿正面前
D3D,1E46,三重交通,,イオンモール鈴鹿けやき通り
D3D,1E47,三重交通,,庄野ケ丘
D3D,1E48,三重交通,,鈴鹿高校
D3D,1E49,三重交通,,庄野橋
D3D,1E4A,三重交通,,国道庄野
D3D,1E4B,三重交通,,国道加佐登
D3D,1E4C,三重交通,,上田口(鈴鹿)
D3D,1E4D,三重交通,,佐々木記念館
D3D,1E4E,三重交通,,石薬師
D3D,1E4F,三重交通,,自由ヶ丘
D3D,1E50,三重交通,,大谷(鈴鹿)
D3D,1E51,三重交通,,小谷
D3D,1E52,三重交通,,国分(鈴鹿)
D3D,1E53,三重交通,,坂の上
D3D,1E54,三重交通,,釆女
D3D,1E55,三重交通,,旭化成前
D3D,1E5E,三重交通,,鈴鹿医療科学大学
D3D,1F00,三重交通,,白子中学校
D3D,1F01,三重交通,,東旭が丘3丁目
D3D,1F03,三重交通,,中旭が丘1丁目
D3D,1F04,三重交通,01/03系統,野町
D3D,1F05,三重交通,,西山(鈴鹿)
D3D,1F06,三重交通,,鴉野
D3D,1F07,三重交通,,東山(鈴鹿)
D3D,1F09,三重交通,01鈴鹿市内・平田線,南道伯
D3D,1F0A,三重交通,03白子サーキット線,稲生寮前
D3D,1F0B,三重交通,03白子サーキット線,立正佼成会
D3D,1F0C,三重交通,03白子サーキット線,青少年の森口
D3D,1F0D,三重交通,03白子サーキット線,鈴鹿サーキット
D3D,1F0F,三重交通,,白子郵便局
D3D,1F10,三重交通,,桜島四丁目
D3D,1F2C,三重交通,,亀山駅前
D3D,1F2D,三重交通,,亀山局前
D3D,1F2E,三重交通,,鹿島橋
D3D,1F32,三重交通,,和田(鈴鹿)
D3D,1F34,三重交通,亀山みずほ台線 30系統,♿井田川駅西
D3D,1F35,三重交通,亀山みずほ台線 30系統,♿井田川駅
D3D,1F3E,三重交通,,東町(鈴鹿)
D3D,1F3F,三重交通,,本町二丁目(鈴鹿)
D3D,1F40,三重交通,,本町三丁目(鈴鹿)
D3D,1F41,三重交通,,三本松(鈴鹿)
D3D,1F42,三重交通,,亀山ローソク
D3D,1F43,三重交通,,栄町住宅(鈴鹿)
D3D,1F44,三重交通,,和田団地
D3D,1F45,三重交通,,和田団地東
D3D,1F46,三重交通,,川合町口(鈴鹿)
D3D,1F47,三重交通,,鈴国橋
D3D,1F48,三重交通,,西之野
D3D,1F49,三重交通,,北一色
D3D,1F4A,三重交通,,本郷(鈴鹿)
D3D,1F4B,三重交通,,国府(鈴鹿)
D3D,1F4C,三重交通,,国府北口
D3D,1F4D,三重交通,,国府新町
D3D,1F4E,三重交通,,平野(鈴鹿)
D3D,1F4F,三重交通,,平野石丸
D3D,1F50,三重交通,,羽山ラヴズ公園
D3D,1F51,三重交通,,羽山東
D3D,1F52,三重交通,,共進
D3D,1F53,三重交通,,羽山西
D3D,1F55,三重交通,,阿野田
D3D,1F56,三重交通,,阿野田口
D3D,200D,三重交通,亀山みずほ台線 30系統,♿公民館前(鈴鹿)
D3D,201A,三重交通,津太陽の街線 40系統,♿鈴鹿大学前
D3D,201B,三重交通,津太陽の街線 40系統,♿ゆりの木通り
D3D,201C,三重交通,津太陽の街線 40系統,♿野田池前
D3D,201F,三重交通,,和賀口
D3D,2020,三重交通,,住宅前(鈴鹿)
D3D,2021,三重交通,,安知本
D3D,2022,三重交通,,上原
D3D,2023,三重交通,,岩原
D3D,2031,三重交通,,布気
D3D,2058,三重交通,,一ノ宮団地
D3D,205A,三重交通,,稲生高校
D3D,205B,三重交通,,葵
D3D,2102,三重交通,鈴鹿市C-BUS,道伯新田
D3D,2108,三重交通,亀山みずほ台線 30系統,♿みずほ台口
D3D,210B,三重交通,,ハヤシユナイテッド文化ホール鈴鹿
D3D,210C,三重交通,亀山みずほ台線 30系統,♿東台
D3D,210D,三重交通,亀山みずほ台線 30系統,♿北山(みずほ台)
D3D,210E,三重交通,亀山みずほ台線 30系統,♿北町
D3D,210F,三重交通,亀山みずほ台線 30系統,♿栄町(鈴鹿)
D3D,2110,三重交通,亀山みずほ台線 30系統,♿みずほ台西
D3D,2111,三重交通,亀山みずほ台線 30系統,♿みずほ台東
D3D,2112,三重交通,亀山みずほ台線 30系統,♿みどり町
D3D,2128,三重交通,,鈴鹿中央病院
D3D,2129,三重交通,,桜島五丁目
D3D,212A,三重交通,,石垣池公園
D3D,212B,三重交通,,ザル池
D3D,212C,三重交通,,そよら鈴鹿白子
D3D,212D,三重交通,,体育館前
D3D,212E,三重交通,,鈴鹿農協本店
D3D,212F,三重交通,,安塚園
D3D,2130,三重交通,,西町(坂下)
D3D,2131,三重交通,,中野村
D3D,2132,三重交通,,東布気
D3D,2133,三重交通,,太岡寺
D3D,2134,三重交通,,朝明山
D3D,215D,三重交通,,天神
D3D,2200,三重交通,,関バスセンター
D3D,2201,三重交通,鈴鹿市C-BUS,三重交通G スポーツの杜 鈴鹿ぐち (路線図ドットコム)
D3D,2203,三重交通,,野田(鈴鹿)
D3D,2204,三重交通,,野町東
D3D,2205,三重交通,,MEGAドンキUNY鈴鹿店
D3D,2206,三重交通,,桜島公園口
D3D,2209,三重交通,,工業団地口
D3D,220B,三重交通,亀山みずほ台線 30系統,♿汲川原東
D3D,220C,三重交通,亀山みずほ台線 30系統,♿汲川原西
D3D,220D,三重交通,亀山みずほ台線 30系統,♿中冨田
D3D,220E,三重交通,亀山みずほ台線 30系統,♿西冨田東
D3D,220F,三重交通,亀山みずほ台線 30系統,♿西冨田神社前
D3D,2210,三重交通,亀山みずほ台線 30系統,♿和泉公民館前
D3D,2211,三重交通,亀山みずほ台線 30系統,♿和泉西
D3D,2212,三重交通,亀山みずほ台線 30系統,♿小田坂の下(鈴鹿)
D3D,2213,三重交通,亀山みずほ台線 30系統,♿国道小田(鈴鹿)
D3D,221D,三重交通,鈴鹿市C-BUS,住吉三丁目
D3D,2300,三重交通,,回生病院
D3D,233D,三重交通,鈴鹿市C-BUS,椿大神社
D3D,2347,三重交通,,回生病院口
D3D,2359,三重交通,鈴鹿市C-BUS,南部Fマート前
D3D,2400,三重交通,,回生歯科
D3D,240A,三重交通,亀山市コミュニティバス,関支所前
D3D,2462,三重交通,亀山市コミュニティバス,野尻
D3D,2504,三重交通,,釆女が丘四丁目
D3D,2505,三重交通,,釆女が丘三丁目
D3D,2506,三重交通,,釆女が丘一丁目
D3D,2508,三重交通,,釆女が丘わんぱく公園
D3D,2648,三重交通,,シャープ亀山工場
D3D,264A,三重交通,鈴鹿市C-BUS,南部Fマート前
D3D,264D,三重交通,,白木口
D3D,264E,三重交通,,ダイシン・八千代工業前
D3D,264F,三重交通,,エフテック前
D3D,2650,三重交通,,サンシャインパーク口
D3D,2651,三重交通,,ジェイテクト前
D3D,2652,三重交通,,住友金属鉱山前
D3D,270A,三重交通,,萩野(鈴鹿)
D3D,270B,三重交通,亀山みずほ台線 30系統,♿椿世口
D3D,2711,三重交通,亀山みずほ台線 30系統,♿下新道
D3D,271F,三重交通,,鈴鹿スポーツガーデン
D3D,2801,三重交通,,津駅前(東口)
D3D,2802,三重交通,,栄町三丁目(津)
D3D,2803,三重交通,,県庁前
D3D,2804,三重交通,,塔世橋
D3D,2805,三重交通,,万町
D3D,2806,三重交通,,中町(津)
D3D,2807,三重交通,,京口立町
D3D,2808,三重交通,,三重会館前
D3D,2809,三重交通,,岩田橋
D3D,280A,三重交通,,伊予町
D3D,280B,三重交通,,岩田町
D3D,280C,三重交通,,立合町
D3D,280D,三重交通,,西阿漕
D3D,280E,三重交通,榊原(下村)線/榊原(稲葉)線 15/16系統,阿漕駅口
D3D,280F,三重交通,榊原(下村)線/榊原(稲葉)線 15/16系統,青谷口
D3D,2810,三重交通,榊原(下村)線/榊原(稲葉)線 15/16系統,中青谷
D3D,2811,三重交通,榊原(下村)線/榊原(稲葉)線 15/16系統,青谷
D3D,2812,三重交通,榊原(下村)線/榊原(稲葉)線 15/16系統,相川(津)
D3D,2813,三重交通,榊原(下村)線/榊原(稲葉)線 15/16系統,飛岡
D3D,2814,三重交通,榊原(下村)線/榊原(稲葉)線 15/16系統,新町二丁目(津)
D3D,2815,三重交通,,久居駅前(西口)
D3D,2816,三重交通,,野辺野
D3D,2817,三重交通,波瀬線/多気線 11/12系統,久居アルスプラザ前
D3D,2818,三重交通,波瀬線/多気線 11/12系統,本町二丁目(津)
D3D,2819,三重交通,波瀬線/多気線 11/12系統,本町三丁目(津)
D3D,281A,三重交通,波瀬線/多気線 11/12系統,江戸善前
D3D,281B,三重交通,波瀬線/多気線 11/12系統,本村
D3D,281C,三重交通,波瀬線/多気線 11/12系統,庄村
D3D,281D,三重交通,波瀬線/多気線 11/12系統,日置
D3D,281E,三重交通,波瀬線/多気線 11/12系統,川合高岡
D3D,281F,三重交通,波瀬線/多気線 11/12系統,田尻
D3D,2820,三重交通,波瀬線/多気線 11/12系統,井関
D3D,2821,三重交通,波瀬線 11系統,♿平岩
D3D,2822,三重交通,波瀬線 11系統,♿井関駅前
D3D,2823,三重交通,波瀬線 11系統,♿工場前(津波瀬線)
D3D,2824,三重交通,波瀬線 11系統,♿下之世古
D3D,2825,三重交通,波瀬線 11系統,♿小渕医院前
D3D,2826,三重交通,波瀬線 11系統,♿波瀬支所前
D3D,2827,三重交通,波瀬線 11系統,♿河原出
D3D,2828,三重交通,波瀬線 11系統,♿野口(津)
D3D,2829,三重交通,波瀬線 11系統,♿井の口
D3D,282A,三重交通,波瀬線 11系統,♿茶屋(津)
D3D,282B,三重交通,波瀬線 11系統,♿室の口
D3D,282C,三重交通,波瀬線 11系統,♿とことめの里
D3D,282F,三重交通,波瀬線/多気線 11/12系統,高野団地東
D3D,2830,三重交通,波瀬線/多気線 11/12系統,高野団地
D3D,2831,三重交通,,谷戸
D3D,2832,三重交通,,大仰
D3D,2833,三重交通,,下井生
D3D,2834,三重交通,,中井生(津)
D3D,2835,三重交通,,上井生
D3D,2836,三重交通,,御依田
D3D,2837,三重交通,,下川口
D3D,2838,三重交通,,川口駅前(津)
D3D,2839,三重交通,,辻屋前
D3D,283A,三重交通,,的場
D3D,283B,三重交通,,関の宮
D3D,283C,三重交通,,上川口(津)
D3D,283D,三重交通,,家城橋
D3D,283E,三重交通,,家城東町
D3D,283F,三重交通,,F井生公民館前
D3D,2840,三重交通,,立町
D3D,2841,三重交通,,持経
D3D,2842,三重交通,,竹原
D3D,2843,三重交通,津三雲線/津なぎさまち線 31/35系統,空港アクセス港(津なぎさまち)
D3D,2844,三重交通,津三雲線/津なぎさまち線 31/35系統,港海岸(津なぎさまち)
D3D,2847,三重交通,,大里睦合町
D3D,2848,三重交通,,大里山室町
D3D,2849,三重交通,,あのつ台二丁目
D3D,284A,三重交通,,あのつピア前
D3D,284B,三重交通,,あのつ台四丁目
D3D,284C,三重交通,,グリーンパーク前
D3D,284D,三重交通,,サイエンスシティ
D3D,2851,三重交通,,大里野田町
D3D,285B,三重交通,,鳥居町(津)
D3D,2910,三重交通,久居高茶屋線 21系統,♿小松(津)
D3D,2911,三重交通,久居高茶屋線 21系統,♿砂原
D3D,2912,三重交通,久居高茶屋線 21系統,♿東山(香良洲線)
D3D,2914,三重交通,,一本松(津)
D3D,2915,三重交通,榊原(下村)線/榊原(稲葉)線 15/16系統,新地(津)
D3D,2916,三重交通,榊原(下村)線/榊原(稲葉)線 15/16系統,新家
D3D,2917,三重交通,榊原(下村)線/榊原(稲葉)線 15/16系統,戸木口
D3D,2918,三重交通,榊原(下村)線/榊原(稲葉)線 15/16系統,戸木神社前
D3D,2919,三重交通,榊原(下村)線/榊原(稲葉)線 15/16系統,羽野
D3D,291A,三重交通,榊原(下村)線/榊原(稲葉)線 15/16系統,市営住宅口(津)
D3D,291B,三重交通,榊原(下村)線/榊原(稲葉)線 15/16系統,大師前
D3D,291C,三重交通,榊原(下村)線/榊原(稲葉)線 15/16系統,JA栗葉支店前
D3D,291D,三重交通,榊原(下村)線/榊原(稲葉)線 15/16系統,おやつタウン前
D3D,293D,三重交通,,佐田(津)
D3D,293E,三重交通,,榊原温泉口駅
D3D,293F,三重交通,榊原(下村)線/榊原(稲葉)線 15/16系統,七栗局前
D3D,2940,三重交通,榊原(下村)線/榊原(稲葉)線 15/16系統,栗葉小学校前
D3D,2941,三重交通,榊原(下村)線/榊原(稲葉)線 15/16系統,上垣内
D3D,2942,三重交通,,一色(津)
D3D,2943,三重交通,,大鳥
D3D,2944,三重交通,,並松(津)
D3D,2945,三重交通,,大安寺前
D3D,2946,三重交通,,下村(津)
D3D,2947,三重交通,,丸ヶ谷
D3D,2948,三重交通,榊原(下村)線/榊原(稲葉)線 15/16系統,榊原口
D3D,2949,三重交通,榊原(下村)線/榊原(稲葉)線 15/16系統,湯元榊原館前
D3D,294A,三重交通,榊原(下村)線/榊原(稲葉)線 15/16系統,林性寺
D3D,294B,三重交通,榊原(下村)線/榊原(稲葉)線 15/16系統,神湯館前
D3D,294C,三重交通,榊原(下村)線/榊原(稲葉)線 15/16系統,榊原
D3D,294D,三重交通,榊原(下村)線/榊原(稲葉)線 15/16系統,笠取山口
D3D,294E,三重交通,榊原(下村)線/榊原(稲葉)線 15/16系統,中之山
D3D,294F,三重交通,榊原(下村)線/榊原(稲葉)線 15/16系統,榊原車庫前
D3D,2950,三重交通,,寺野
D3D,2951,三重交通,,落合橋(津)
D3D,2952,三重交通,,白雲荘前
D3D,2953,三重交通,榊原(稲葉)線 16系統,♿久居西中学前
D3D,2954,三重交通,榊原(稲葉)線 16系統,♿下稲葉
D3D,2955,三重交通,榊原(稲葉)線 16系統,♿北出(津)
D3D,2956,三重交通,榊原(稲葉)線 16系統,♿稲葉支所前
D3D,2957,三重交通,榊原(稲葉)線 16系統,♿上稲葉
D3D,2958,三重交通,榊原(稲葉)線 16系統,♿グリーンヒル
D3D,2959,三重交通,久居高茶屋線 21系統,♿井戸山
D3D,295A,三重交通,久居高茶屋線 21系統,♿小森山
D3D,295B,三重交通,久居高茶屋線 21系統,♿高茶屋団地前(R165)
D3D,295C,三重交通,久居高茶屋線 21系統,♿警察学校前(久居高茶屋線)
D3D,295E,三重交通,久居高茶屋線 21系統,♿高茶屋
D3D,295F,三重交通,久居高茶屋線/津三雲線/香良洲線 21/31/32系統,♿雲出
D3D,2960,三重交通,久居高茶屋線/香良洲線 21/32系統,♿雲出小学校前
D3D,2961,三重交通,久居高茶屋線/香良洲線 21/32系統,♿長常
D3D,2962,三重交通,久居高茶屋線/香良洲線 21/32系統,♿十五所
D3D,2963,三重交通,久居高茶屋線/香良洲線 21/32系統,♿伊倉津口
D3D,2A00,三重交通,久居高茶屋線 21系統,♿雲出鋼管町
D3D,2A01,三重交通,,津中部電力前
D3D,2A02,三重交通,,三番町(津)
D3D,2A03,三重交通,,中新町
D3D,2A04,三重交通,,津新町駅
D3D,2A05,三重交通,,南二丁目(津)
D3D,2A06,三重交通,,津高校前
D3D,2A07,三重交通,,土手
D3D,2A08,三重交通,,神納南
D3D,2A09,三重交通,,南河路
D3D,2A0A,三重交通,,櫛形
D3D,2A0B,三重交通,長野線/泉ヶ丘片田団地線 91/93系統,五軒町
D3D,2A0C,三重交通,長野線/泉ヶ丘片田団地線 91/93系統,下沖
D3D,2A0D,三重交通,長野線/泉ヶ丘片田団地線 91/93系統,忠盛塚
D3D,2A0E,三重交通,長野線/泉ヶ丘片田団地線 91/93系統,志袋団地
D3D,2A0F,三重交通,長野線/泉ヶ丘片田団地線 91/93系統,田中(津)
D3D,2A10,三重交通,長野線/泉ヶ丘片田団地線 91/93系統,片田学校前(津)
D3D,2A11,三重交通,長野線 91系統,♿片田(津)
D3D,2A12,三重交通,長野線 91系統,♿久保(津)
D3D,2A13,三重交通,長野線 91系統,♿吹上(津)
D3D,2A14,三重交通,長野線 91系統,♿稲葉口
D3D,2A15,三重交通,長野線 91系統,♿五百野
D3D,2A16,三重交通,長野線 91系統,♿足坂
D3D,2A17,三重交通,長野線 91系統,♿美里総合支所前
D3D,2A18,三重交通,長野線 91系統,♿栗原(津)
D3D,2A19,三重交通,長野線 91系統,♿柳谷口
D3D,2A1A,三重交通,長野線 91系統,♿分郷
D3D,2A1B,三重交通,長野線 91系統,♿長野東
D3D,2A1C,三重交通,長野線 91系統,♿長野(津)
D3D,2A1D,三重交通,長野線 91系統,♿北長野
D3D,2A1E,三重交通,長野線 91系統,♿平木口
D3D,2A1F,三重交通,,遠山病院前
D3D,2A20,三重交通,,工業高校前(津)
D3D,2A21,三重交通,,半田農協前
D3D,2A22,三重交通,,下神戸(津)
D3D,2A23,三重交通,,神戸(津)
D3D,2A24,三重交通,,上神戸(津)
D3D,2A25,三重交通,,鎌切
D3D,2A27,三重交通,穴倉線 95系統,♿小舟
D3D,2A28,三重交通,穴倉線 95系統,♿分部
D3D,2A29,三重交通,穴倉線 95系統,♿広永(津)
D3D,2A2A,三重交通,穴倉線 95系統,♿妙法寺
D3D,2A2B,三重交通,穴倉線 95系統,♿今徳
D3D,2A2C,三重交通,穴倉線 95系統,♿西前野
D3D,2A2D,三重交通,穴倉線 95系統,♿南神山
D3D,2A2E,三重交通,穴倉線 95系統,♿日南田
D3D,2A2F,三重交通,穴倉線 95系統,♿高座原口
D3D,2A30,三重交通,穴倉線 95系統,♿辰水神社前
D3D,2A31,三重交通,穴倉線 95系統,♿坂井(津)
D3D,2A32,三重交通,穴倉線 95系統,♿穴倉東
D3D,2A33,三重交通,穴倉線 95系統,♿穴倉
D3D,2A3C,三重交通,,八町
D3D,2A3D,三重交通,,西橋内中学前
D3D,2A3E,三重交通,安濃・市場線/安濃・立合線 65/66系統,三本松(津)
D3D,2A3F,三重交通,安濃・市場線/安濃・立合線 65/66系統,観音寺口
D3D,2A40,三重交通,安濃・市場線/安濃・立合線 65/66系統,安東
D3D,2A41,三重交通,安濃・市場線/安濃・立合線 65/66系統,東河辺店
D3D,2A42,三重交通,安濃・市場線/安濃・立合線 65/66系統,河辺店
D3D,2A43,三重交通,安濃・市場線/安濃・立合線 65/66系統,鹿毛
D3D,2A44,三重交通,安濃・市場線/安濃・立合線 65/66系統,曽根(津)
D3D,2A45,三重交通,安濃・市場線/安濃・立合線 65/66系統,曽根橋
D3D,2A46,三重交通,安濃・市場線/安濃・立合線 65/66系統,浄土寺
D3D,2A47,三重交通,安濃・市場線/安濃・立合線 65/66系統,安濃岡南
D3D,2A48,三重交通,安濃・市場線/安濃・立合線 65/66系統,村主
D3D,2A49,三重交通,安濃・市場線/安濃・立合線 65/66系統,安濃総合庁舎前
D3D,2A4A,三重交通,,東観
D3D,2A4B,三重交通,,生水(津)
D3D,2A4C,三重交通,,草生
D3D,2A4D,三重交通,,仲之郷(津)
D3D,2A4E,三重交通,,岩城口
D3D,2A4F,三重交通,,高野出
D3D,2A50,三重交通,,山出(津)
D3D,2A51,三重交通,,経ヶ峰口
D3D,2A52,三重交通,,野口(立合)
D3D,2A53,三重交通,,立合
D3D,2A55,三重交通,安濃・市場線 65系統,♿安濃橋
D3D,2A56,三重交通,安濃・市場線 65系統,♿安濃
D3D,2A57,三重交通,安濃・市場線 65系統,♿荒木(津)
D3D,2A58,三重交通,安濃・市場線 65系統,♿岡本(津)
D3D,2A59,三重交通,安濃・市場線 65系統,♿萩野(津)
D3D,2A5A,三重交通,安濃・市場線 65系統,♿萩野西(津)
D3D,2A5B,三重交通,安濃・市場線 65系統,♿三階橋
D3D,2A5C,三重交通,安濃・市場線 65系統,♿安西橋
D3D,2A5D,三重交通,安濃・市場線 65系統,♿多門
D3D,2A5E,三重交通,安濃・市場線 65系統,♿下川
D3D,2A5F,三重交通,安濃・市場線 65系統,♿雲林院学校前
D3D,2A60,三重交通,安濃・市場線 65系統,♿市場(津)
D3D,2A62,三重交通,,椋本
D3D,2B00,三重交通,榊原線 15/16,藤田医科大学七栗記念病院口
D3D,2B01,三重交通,榊原線 15/16,藤田医科大学七栗記念病院前
D3D,2B04,三重交通,65安濃線,西古河町
D3D,2B05,三重交通,65安濃線,津高校口
D3D,2B06,三重交通,久居高茶屋線 21系統,♿長常北
D3D,2B07,三重交通,06神戸白塚線,野田(津)
D3D,2B08,三重交通,53三行線,道の駅津かわげ
D3D,2B14,三重交通,,津北整形外科前
D3D,2B15,三重交通,,三交ホーム前
D3D,2B16,三重交通,,上浜町
D3D,2B17,三重交通,,新江戸橋
D3D,2B18,三重交通,,大学病院前(津)
D3D,2B19,三重交通,,三重大学前
D3D,2B1A,三重交通,,白塚口・栗真中山町
D3D,2B1B,三重交通,,一身田団地前
D3D,2B1C,三重交通,,高田高校前
D3D,2B1D,三重交通,,坂部(津)
D3D,2B1E,三重交通,,窪田(津)
D3D,2B1F,三重交通,,豊里台
D3D,2B20,三重交通,,西睦合
D3D,2B21,三重交通,,東山(椋本線)
D3D,2B22,三重交通,,銭懸
D3D,2B23,三重交通,,里道
D3D,2B24,三重交通,,高野尾
D3D,2B25,三重交通,,高野尾クラブ前
D3D,2B26,三重交通,,西山(津)
D3D,2B27,三重交通,,新出(津)
D3D,2B28,三重交通,,豊久野
D3D,2B29,三重交通,,新屋敷
D3D,2B2A,三重交通,,椋本新町
D3D,2B2B,三重交通,,椋本新町西
D3D,2B2C,三重交通,,豊が丘北
D3D,2B2D,三重交通,,おおぞら公園
D3D,2B2E,三重交通,,豊が丘中央
D3D,2B2F,三重交通,,豊が丘南
D3D,2B30,三重交通,,豊が丘
D3D,2B31,三重交通,,垂水北町
D3D,2B32,三重交通,,国道垂水
D3D,2B33,三重交通,,藤枝南
D3D,2B34,三重交通,,御殿場口
D3D,2B35,三重交通,,米津 (ラッツ前)
D3D,2B36,三重交通,,卸センター前
D3D,2B37,三重交通,,イオンモール津南
D3D,2B38,三重交通,,イオンモール津南前
D3D,2B41,三重交通,,岩田川
D3D,2B42,三重交通,,三重町
D3D,2B43,三重交通,,阿漕浦
D3D,2B44,三重交通,,下弁財
D3D,2B45,三重交通,,八幡町(津)
D3D,2B46,三重交通,,結城神社前
D3D,2B47,三重交通,,藤枝口
D3D,2B48,三重交通,,藤枝東
D3D,2B49,三重交通,,綿内町
D3D,2B4A,三重交通,,上弁財
D3D,2B4B,三重交通,,上弁財南
D3D,2B4C,三重交通,,桜道
D3D,2B4D,三重交通,,香良洲大橋
D3D,2B4E,三重交通,,馬場(津)
D3D,2B4F,三重交通,,香良洲郵便局
D3D,2B50,三重交通,久居高茶屋線/香良洲線 21/32系統,♿香良洲総合支所前
D3D,2B51,三重交通,久居高茶屋線/香良洲線 21/32系統,♿香良洲神社前
D3D,2B52,三重交通,久居高茶屋線/香良洲線 21/32系統,♿香良洲公園
D3D,2B53,三重交通,,一身田支所前
D3D,2B54,三重交通,,一身田北
D3D,2B55,三重交通,,西豊野
D3D,2B56,三重交通,,東豊野
D3D,2B57,三重交通,,小川(津)
D3D,2B58,三重交通,,高佐
D3D,2B59,三重交通,,北黒田(津)
D3D,2B5A,三重交通,,三行
D3D,2B5F,三重交通,,西新町
D3D,2B60,三重交通,,津市役所NHK前
D3D,2B61,三重交通,,裁判所前
D3D,2B62,三重交通,,柳山
D3D,2B63,三重交通,,柳山学校前
D3D,2C00,三重交通,,エンマ堂前
D3D,2C02,三重交通,,堀川町
D3D,2C03,三重交通,,乙部朝日
D3D,2C04,三重交通,06/93,大学病院(津)
D3D,2C05,三重交通,,高田本山駅前
D3D,2C06,三重交通,,平野(津)
D3D,2C07,三重交通,,一身田東
D3D,2C08,三重交通,,宮の前(津)
D3D,2C09,三重交通,,本山前
D3D,2C0A,三重交通,,一身田
D3D,2C0C,三重交通,,三重病院
D3D,2C0E,三重交通,榊原(稲葉)線 16系統,♿グリーンヒル中央
D3D,2C0F,三重交通,榊原(稲葉)線 16系統,♿稲葉神社前
D3D,2C10,三重交通,,白塚駅前
D3D,2C11,三重交通,,白塚新町
D3D,2C12,三重交通,,白塚稲荷前
D3D,2C13,三重交通,,白塚旭町
D3D,2C14,三重交通,,白塚小学校前
D3D,2C18,三重交通,,千歳ヶ丘
D3D,2C19,三重交通,,門田
D3D,2C1A,三重交通,,東雲寺下
D3D,2C1B,三重交通,,垂水
D3D,2C1C,三重交通,,垂水山福祉センター
D3D,2C1D,三重交通,,南浦
D3D,2C1E,三重交通,,黒木橋
D3D,2C1F,三重交通,,城山東
D3D,2C20,三重交通,,中城山
D3D,2C21,三重交通,,城山西
D3D,2C22,三重交通,,里の上
D3D,2C23,三重交通,,自動車学校前(津)
D3D,2C24,三重交通,,高茶屋西
D3D,2C36,三重交通,,島崎町
D3D,2C37,三重交通,,桜橋二丁目
D3D,2C3D,三重交通,,附属小学校前
D3D,2C3E,三重交通,,県庁西
D3D,2C3F,三重交通,,津駅西口
D3D,2C40,三重交通,,三重河川国道事務所前
D3D,2C41,三重交通,,大谷町(津)
D3D,2C42,三重交通,,美術館前
D3D,2C43,三重交通,,大谷住宅前(津)
D3D,2C44,三重交通,,むつみヶ丘
D3D,2C45,三重交通,,西団地(津)
D3D,2C46,三重交通,,西高校前(津)
D3D,2C47,三重交通,,西つつじヶ丘(津)
D3D,2C48,三重交通,,東つつじヶ丘(津)
D3D,2C49,三重交通,,総合文化センター(津)
D3D,2C4A,三重交通,,総合文化センター前(津)
D3D,2C4B,三重交通,,むつみヶ丘東
D3D,2C4C,三重交通,神戸白塚線/津太陽の街線 06/40系統,逆川
D3D,2C4D,三重交通,津太陽の街線 40系統,♿中小川
D3D,2C4E,三重交通,津太陽の街線 40系統,♿上小川(津)
D3D,2C4F,三重交通,,泉ヶ丘口
D3D,2C50,三重交通,,泉ヶ丘団地
D3D,2C53,三重交通,,殿村
D3D,2C54,三重交通,,小舟口
D3D,2C55,三重交通,,殿舟東
D3D,2C56,三重交通,,殿舟西
D3D,2C57,三重交通,,殿舟団地
D3D,2C59,三重交通,,イオン津
D3D,2C5A,三重交通,榊原(稲葉)線 16系統,♿いなば園前
D3D,2C5D,三重交通,,旭町
D3D,2C5E,三重交通,,保健施設トマト前
D3D,2C5F,三重交通,安濃・市場線 65系統,♿中瀬古
D3D,2C60,三重交通,,銭山団地
D3D,2C61,三重交通,,城山北
D3D,2C62,三重交通,波瀬線/多気線 11/12系統,高野団地Aコープ前
D3D,2C63,三重交通,,北部市民センター前
D3D,2D00,三重交通,波瀬線/国立病院線 11/22系統,三重中央医療センター
D3D,2D01,三重交通,波瀬線/国立病院線 11/22系統,久居インターガーデン
D3D,2D02,三重交通,波瀬線/国立病院線 11/22系統,新地北
D3D,2D03,三重交通,,久居高校
D3D,2D04,三重交通,津太陽の街線 40系統,♿郡山小学校前
D3D,2D05,三重交通,久居高茶屋線/香良洲線 21/32系統,♿伊倉津
D3D,2D06,三重交通,久居高茶屋線/香良洲線 21/32系統,♿北浦(津)
D3D,2D07,三重交通,,川原(津)
D3D,2D08,三重交通,,桜町
D3D,2D09,三重交通,津太陽の街線 40系統,♿太陽通り西
D3D,2D0A,三重交通,津太陽の街線 40系統,♿太陽通り中央
D3D,2D0B,三重交通,津太陽の街線 40系統,♿太陽通り東
D3D,2D0C,三重交通,津太陽の街線 40系統,♿サンモール前
D3D,2D0D,三重交通,津太陽の街線 40系統,♿さくら通り
D3D,2D0E,三重交通,津太陽の街線 40系統,♿太陽の街
D3D,2D0F,三重交通,,三交志登茂園前
D3D,2D10,三重交通,長野線/泉ヶ丘片田団地線 91/93系統,片田新町二丁目
D3D,2D11,三重交通,長野線/泉ヶ丘片田団地線 91/93系統,片田新町三丁目
D3D,2D12,三重交通,長野線/泉ヶ丘片田団地線 91/93系統,片田団地
D3D,2D14,三重交通,津太陽の街線 40系統,♿伊勢上野
D3D,2D16,三重交通,津太陽の街線 40系統,♿小川園前
D3D,2D17,三重交通,津太陽の街線 40系統,♿朝陽中学校前
D3D,2D1A,三重交通,津太陽の街線 40系統,♿サンシ前(千里)
D3D,2D1B,三重交通,津太陽の街線 40系統,♿団地口(千里)
D3D,2D1C,三重交通,津太陽の街線 40系統,♿団地センター(千里)
D3D,2D1D,三重交通,津太陽の街線 40系統,♿千里
D3D,2D1E,三重交通,津太陽の街線 40系統,♿千里ヶ丘団地
D3D,2D21,三重交通,津太陽の街線 40系統,♿南上野
D3D,2D22,三重交通,津太陽の街線 40系統,♿南中瀬
D3D,2D23,三重交通,,小森上野
D3D,2D24,三重交通,,津商業高校前
D3D,2D25,三重交通,,藤方
D3D,2D26,三重交通,津太陽の街線 40系統,♿大蔵園前
D3D,2D27,三重交通,長野線 91系統,♿平木
D3D,2D29,三重交通,津太陽の街線 40系統,♿杜の街中央
D3D,2D2A,三重交通,津太陽の街線 40系統,♿くすのきの丘
D3D,2D2B,三重交通,,すずかけ通り南
D3D,2D2C,三重交通,津太陽の街線 40系統,♿アカシア集会所
D3D,2D2D,三重交通,津太陽の街線 40系統,♿ひだまり公園
D3D,2D2E,三重交通,,藤水支所前
D3D,2D2F,三重交通,津太陽の街線 40系統,♿こもれび公園北
D3D,2D30,三重交通,津太陽の街線 40系統,♿伊勢上野駅前
D3D,2D31,三重交通,,東団地(津)
D3D,2D36,三重交通,榊原(稲葉)線 16系統,♿榊原病院前
D3D,2D37,三重交通,,一身田(西)
D3D,2D3C,三重交通,,夢が丘団地
D3D,2D3F,三重交通,,看護大学前
D3D,2D41,三重交通,,文化センター北(津)
D3D,2D42,三重交通,,身障者福祉センター
D3D,2D43,三重交通,,上津部田
D3D,2D47,三重交通,,夢が丘団地中央
D3D,2D48,三重交通,,夢が丘団地北
D3D,2D4A,三重交通,,人権センター口
D3D,2D58,三重交通,,久居駅東口
D3D,2E03,三重交通,,家城
D3D,2E04,三重交通,神戸白塚線/津太陽の街線 06/40系統,白塚口北
D3D,2E05,三重交通,,観音寺東
D3D,2E06,三重交通,,渋見町
D3D,2E07,三重交通,,南つつじが丘(津)
D3D,2E08,三重交通,,長岡町(津)
D3D,2E09,三重交通,,緑の街
D3D,2E0A,三重交通,,緑の街西
D3D,2E0B,三重交通,,西高下(津)
D3D,2E0C,三重交通,,老人ホーム前(津)
D3D,2E0D,三重交通,,ハイタウン口
D3D,2E0E,三重交通,,集会所前(津)
D3D,2E0F,三重交通,,津西ハイタウン
D3D,2E11,三重交通,,上浜町六丁目
D3D,2E12,三重交通,榊原(下村)線/榊原(稲葉)線 15/16系統,運転免許センター前
D3D,2E15,三重交通,,緑が丘一丁目(津)
D3D,2E16,三重交通,,緑が丘二丁目(津)
D3D,2E17,三重交通,津太陽の街線 40系統,♿千里駅前
D3D,2E18,三重交通,,神戸小学校口(津)
D3D,2E1A,三重交通,,中公園前(津三行線)
D3D,2E1B,三重交通,,豊野団地口
D3D,2E1C,三重交通,長野線/泉ヶ丘片田団地線 91/93系統,西部市民センター前
D3D,2F01,三重交通,,武内病院前
D3D,3003,三重交通,,高茶屋団地前(井村屋前)
D3D,3004,三重交通,,警察学校(城山線)
D3D,3101,三重交通,津太陽の街線 40系統,♿団地西(千里)
D3D,3102,三重交通,津太陽の街線 40系統,♿団地東(千里)
D3D,3103,三重交通,,教会前
D3D,3104,三重交通,安濃・市場線 65系統,♿多門橋
D3D,3105,三重交通,,F明合
D3D,3106,三重交通,長野線 91系統,♿下之郷
D3D,3107,三重交通,長野線 91系統,♿東足坂
D3D,3108,三重交通,長野線 91系統,♿南長野
D3D,3109,三重交通,穴倉線 95系統,♿山下ゴム
D3D,310A,三重交通,穴倉線 95系統,♿前野橋
D3D,310D,三重交通,,北山
D3D,310E,三重交通,,三重テレビ
D3D,310F,三重交通,,渋見
D3D,3110,三重交通,,若林
D3D,3111,三重交通,,長岡(津)
D3D,3112,三重交通,,西が丘小学校前
D3D,3113,三重交通,榊原(下村)線 15系統,一色口(津)
D3D,3114,三重交通,,並松橋
D3D,3115,三重交通,,八知山
D3D,3116,三重交通,,奥佐田
D3D,3117,三重交通,榊原(稲葉)線 16系統,♿茶工場
D3D,3118,三重交通,榊原(稲葉)線 16系統,♿大谷池(榊原線)
D3D,3119,三重交通,榊原(稲葉)線 16系統,♿稲葉(津)
D3D,311A,三重交通,榊原(稲葉)線 16系統,♿東山(榊原線)
D3D,311B,三重交通,波瀬線 11系統,♿山本橋
D3D,311C,三重交通,波瀬線 11系統,♿尾崎橋
D3D,311D,三重交通,波瀬線 11系統,♿佐野
D3D,311E,三重交通,波瀬線 11系統,♿井之倉橋
D3D,311F,三重交通,,上田(津)
D3D,3120,三重交通,,柳谷橋
D3D,3128,三重交通,久居高茶屋線 21系統,♿研究所(津)
D3D,312B,三重交通,榊原(稲葉)線 16系統,♿温泉病院前(榊原線)
D3D,312C,三重交通,安濃・市場線/安濃・立合線 65/66系統,岡南
D3D,3134,三重交通,,三重大学
D3D,3135,三重交通,,会場前
D3D,3136,三重交通,,サオリーナ前
D3D,3137,三重交通,,福祉会館前
D3D,3201,三重交通,,上野市駅
D3D,3202,三重交通,玉滝線 26系統,♿広小路
D3D,3203,三重交通,玉滝線 26系統,♿農人町
D3D,3204,三重交通,,車坂
D3D,3205,三重交通,伊賀大阪高速線,梅田
D3D,3207,三重交通,,御代インター森精機前
D3D,3208,三重交通,,荒木(伊賀)
D3D,3209,三重交通,,岡山口
D3D,320A,三重交通,,中之瀬
D3D,320B,三重交通,,千戸
D3D,320C,三重交通,,真泥橋
D3D,320D,三重交通,,炊口
D3D,320E,三重交通,,畑
D3D,320F,三重交通,,大山田小学校(伊賀)
D3D,3210,三重交通,,山田(伊賀)
D3D,3211,三重交通,,宮の前(阿波線)
D3D,3212,三重交通,,大山田支所前(伊賀)
D3D,3213,三重交通,,持中
D3D,3214,三重交通,,中村(伊賀)
D3D,3215,三重交通,,出後橋
D3D,3216,三重交通,,川北
D3D,3217,三重交通,,三谷
D3D,3218,三重交通,,正覚寺前
D3D,3219,三重交通,,寺坂橋
D3D,321A,三重交通,,大橋
D3D,321B,三重交通,,富永(伊賀)
D3D,321C,三重交通,,成田山前
D3D,321D,三重交通,,阿波
D3D,321E,三重交通,,平松口
D3D,321F,三重交通,,元町(伊賀)
D3D,3220,三重交通,,汁付
D3D,3221,三重交通,,木の館前
D3D,322B,三重交通,,子延口
D3D,322D,三重交通,玉滝線 26系統,♿赤坂(伊賀)
D3D,322E,三重交通,玉滝線 26系統,♿東丸之内
D3D,3234,三重交通,,川東
D3D,3235,三重交通,,春日口(柘植線)
D3D,3236,三重交通,,あけぼの学園前
D3D,3237,三重交通,,御代
D3D,3238,三重交通,,西新堂
D3D,323B,三重交通,,小田口(伊賀)
D3D,323C,三重交通,,服部口
D3D,323D,三重交通,玉滝線/柘植線 26/27系統,印代
D3D,323E,三重交通,玉滝線/柘植線 26/27系統,百町
D3D,323F,三重交通,玉滝線/柘植線 26/27系統,松原
D3D,3240,三重交通,玉滝線/柘植線 26/27系統,松原東
D3D,3241,三重交通,玉滝線/柘植線 26/27系統,西方寺
D3D,3242,三重交通,玉滝線/柘植線 26/27系統,佐那具
D3D,3243,三重交通,,佐那具病院前
D3D,3245,三重交通,,西之沢
D3D,3246,三重交通,,川西
D3D,3247,三重交通,,居附
D3D,3248,三重交通,,農協西柘植店前
D3D,3249,三重交通,,楯岡
D3D,324A,三重交通,,伊賀支所
D3D,3257,三重交通,,新田(伊賀)
D3D,3258,三重交通,,柏野(伊賀)
D3D,325A,三重交通,,市民病院(伊賀)
D3D,325F,三重交通,玉滝線 26系統,♿佐那具駅前
D3D,3260,三重交通,玉滝線 26系統,♿岩瀬
D3D,3261,三重交通,玉滝線 26系統,♿円徳院
D3D,3262,三重交通,玉滝線 26系統,♿下川合(伊賀)
D3D,3263,三重交通,玉滝線 26系統,♿上川合(伊賀)
D3D,3300,三重交通,玉滝線 26系統,♿八丁口
D3D,3301,三重交通,玉滝線 26系統,♿馬場(伊賀)
D3D,3302,三重交通,玉滝線 26系統,♿河合(伊賀)
D3D,3303,三重交通,玉滝線 26系統,♿阿山支所前
D3D,3312,三重交通,,伊賀市役所
D3D,3313,三重交通,玉滝線 26系統,♿北平野
D3D,3314,三重交通,,服部
D3D,3322,三重交通,,上野市駅
D3D,3337,三重交通,,市営球場前
D3D,3338,三重交通,,水源地前
D3D,3339,三重交通,,伊賀上野駅前
D3D,333A,三重交通,,西三田
D3D,333B,三重交通,,三訪小学校前
D3D,333C,三重交通,,音羽口
D3D,333D,三重交通,,諏訪口(伊賀)
D3D,333E,三重交通,,諏訪(伊賀)
D3D,333F,三重交通,,諏訪下出(伊賀)
D3D,3341,三重交通,,希央台
D3D,3343,三重交通,,後出
D3D,3344,三重交通,,案山子畑
D3D,334E,三重交通,,小田道(伊賀)
D3D,334F,三重交通,,木根
D3D,3350,三重交通,,岩倉(伊賀)
D3D,3351,三重交通,,出城
D3D,3352,三重交通,,西高倉
D3D,3353,三重交通,,木田原
D3D,3354,三重交通,,鳥居出(伊賀)
D3D,3355,三重交通,,寺辻
D3D,3356,三重交通,,中出(伊賀)
D3D,3357,三重交通,,西山(伊賀)
D3D,3358,三重交通,,公園口(伊賀)
D3D,3359,三重交通,,崇広堂前
D3D,335A,三重交通,,西大手
D3D,335B,三重交通,,鍵屋辻
D3D,335C,三重交通,,西小田(伊賀)
D3D,335D,三重交通,,市場(伊賀)
D3D,335E,三重交通,,長田
D3D,335F,三重交通,,三軒家
D3D,3360,三重交通,,川南
D3D,3361,三重交通,,島ヶ原支所前
D3D,3362,三重交通,,島ヶ原駅前
D3D,3363,三重交通,,学校前(伊賀)
D3D,3400,三重交通,,宮ノ西
D3D,3401,三重交通,,正月堂東
D3D,3402,三重交通,,新居市民センター前
D3D,3403,三重交通,,井戸出
D3D,3404,三重交通,,坂出
D3D,3405,三重交通,,番屋
D3D,3406,三重交通,,中矢
D3D,3407,三重交通,,銀座二丁目
D3D,3408,三重交通,,銀座四丁目
D3D,3409,三重交通,,恵美須町
D3D,340A,三重交通,,ふれあいの里
D3D,340B,三重交通,,勧進辻
D3D,340C,三重交通,,八幡町(伊賀)
D3D,340D,三重交通,,清水(伊賀)
D3D,340E,三重交通,,大野木(伊賀)
D3D,340F,三重交通,,大内口
D3D,3410,三重交通,,成和西小学校前
D3D,3411,三重交通,,七本木
D3D,3412,三重交通,,永谷辻
D3D,3413,三重交通,,白樫
D3D,3414,三重交通,,石打保育所前
D3D,3415,三重交通,月瀬線 52/53/54系統,石打
D3D,3416,三重交通,,尾山診療所前
D3D,3417,三重交通,,尾山
D3D,3418,三重交通,,月瀬橋
D3D,3419,三重交通,,嵩口
D3D,341A,三重交通,,月ノ瀬
D3D,341B,三重交通,,太郎谷
D3D,341C,三重交通,,桃香野
D3D,341D,三重交通,,下堂
D3D,341E,三重交通,,菅生公民館前
D3D,341F,三重交通,,峯出口
D3D,3428,三重交通,,口法花
D3D,3429,三重交通,,中法花
D3D,342A,三重交通,,奥法花
D3D,343D,三重交通,,ぎゅーとら蔵持店前
D3D,343E,三重交通,,並松
D3D,343F,三重交通,,治田東口
D3D,3440,三重交通,,治田(伊賀)
D3D,3441,三重交通,,治田西口
D3D,3442,三重交通,60上野山添線,五月橋(上野山添)
D3D,3443,三重交通,60上野山添線,遅瀬口
D3D,3444,三重交通,60上野山添線,波多野神社前
D3D,3445,三重交通,60上野山添線,中峯山
D3D,3446,三重交通,60上野山添線,広代
D3D,3447,三重交通,60上野山添線,春日学園前
D3D,3448,三重交通,60上野山添線,春日
D3D,3449,三重交通,60上野山添線,大西
D3D,344A,三重交通,,さつき団地
D3D,344B,三重交通,,守田町
D3D,344C,三重交通,60上野山添線,国道大内 (上野ドライブイン)
D3D,344D,三重交通,60上野山添線,国道七本木
D3D,344E,三重交通,60上野山添線,国道白樫
D3D,344F,三重交通,,国道治田
D3D,3450,三重交通,,桑町
D3D,3451,三重交通,,桑町南口
D3D,3452,三重交通,,名阪東インター
D3D,3453,三重交通,,並松(国道)
D3D,3454,三重交通,,市民病院下(伊賀)
D3D,3455,三重交通,,本郷口(伊賀)
D3D,3456,三重交通,,猪田道
D3D,3457,三重交通,,依那具
D3D,3458,三重交通,,西出口(予野線)
D3D,3459,三重交通,,田中(伊賀)
D3D,345A,三重交通,,山出
D3D,345B,三重交通,,山出団地前(予野線)
D3D,345C,三重交通,,金坪
D3D,345E,三重交通,,立正寺前
D3D,345F,三重交通,,花垣支所前
D3D,3460,三重交通,,予野西出
D3D,3461,三重交通,,千部
D3D,3462,三重交通,,桂口
D3D,3463,三重交通,,大滝峡
D3D,3500,三重交通,,上野インター
D3D,3501,三重交通,,大内
D3D,3502,三重交通,,笠部口
D3D,3503,三重交通,,上之庄(伊賀)
D3D,3504,三重交通,,菖蒲池
D3D,3505,三重交通,,古山局前
D3D,3506,三重交通,,蔵縄手
D3D,3507,三重交通,,安場
D3D,3508,三重交通,,南口
D3D,3509,三重交通,,水越
D3D,350A,三重交通,,田原
D3D,350B,三重交通,,東田原
D3D,350C,三重交通,,野中(伊賀)
D3D,350D,三重交通,,西原(伊賀)
D3D,350E,三重交通,,桔梗が丘
D3D,350F,三重交通,,蔵持
D3D,3510,三重交通,,東町(伊賀)
D3D,3511,三重交通,,上八町
D3D,3512,三重交通,,松崎町
D3D,3513,三重交通,,名張駅前
D3D,3514,三重交通,,向島
D3D,3515,三重交通,,木興団地前
D3D,3533,三重交通,,青山町駅前
D3D,3536,三重交通,,四十九
D3D,353C,三重交通,,田端
D3D,353D,三重交通,,労働基準監督署前
D3D,353E,三重交通,,市営住宅前(伊賀)
D3D,353F,三重交通,,東小学校前
D3D,3540,三重交通,,下友生
D3D,3542,三重交通,,中友生
D3D,3543,三重交通,,友生局前
D3D,3544,三重交通,,上友生
D3D,3545,三重交通,,稲葉(伊賀)
D3D,3546,三重交通,,蓮池
D3D,3547,三重交通,,喰代
D3D,3548,三重交通,,広
D3D,3549,三重交通,,青ノ代
D3D,354A,三重交通,,高山(伊賀)
D3D,3558,三重交通,,茅町駅前
D3D,3559,三重交通,,茅町東
D3D,355D,三重交通,,緑ヶ丘東町
D3D,355E,三重交通,,緑ヶ丘
D3D,355F,三重交通,,文化会館口(伊賀)
D3D,3560,三重交通,,伊賀広域防災拠点前
D3D,3561,三重交通,,荒木団地(伊賀)
D3D,3562,三重交通,,名張口
D3D,3563,三重交通,,上本町
D3D,3600,三重交通,,夏見
D3D,3601,三重交通,,住宅前(伊賀)
D3D,3602,三重交通,,富貴が丘
D3D,3603,三重交通,,下比奈知
D3D,3604,三重交通,,比奈知学校前
D3D,3605,三重交通,,滝之原口
D3D,3606,三重交通,,上比奈知
D3D,3607,三重交通,,上比奈知上出
D3D,3608,三重交通,,木之平橋
D3D,3609,三重交通,,横矢橋
D3D,360A,三重交通,,糀屋前
D3D,360B,三重交通,,長瀬局前
D3D,360C,三重交通,,上長瀬
D3D,360D,三重交通,,大戸屋口
D3D,360E,三重交通,,飯垣内
D3D,360F,三重交通,,下太郎生
D3D,3610,三重交通,,太郎生殿橋
D3D,3611,三重交通,,太郎生学校前
D3D,3612,三重交通,,中太郎生
D3D,3613,三重交通,,西垣内
D3D,3614,三重交通,,上太郎生
D3D,3615,三重交通,,敷津
D3D,3616,三重交通,,小屋
D3D,3617,三重交通,,杉平
D3D,3618,三重交通,,払戸
D3D,3619,三重交通,,石名原
D3D,361A,三重交通,,下前戸
D3D,361B,三重交通,,瀬ノ原
D3D,361C,三重交通,,境橋(伊賀)
D3D,361D,三重交通,,奥津駅前
D3D,361E,三重交通,,滝之原西出
D3D,361F,三重交通,,滝之原
D3D,3620,三重交通,,青蓮寺湖前
D3D,3621,三重交通,,弁天橋
D3D,3622,三重交通,,中知山口
D3D,3623,三重交通,,青蓮寺橋
D3D,3624,三重交通,,紅葉谷
D3D,3625,三重交通,,落合(伊賀)
D3D,3626,三重交通,,小太郎岩
D3D,3627,三重交通,,槻ノ木橋
D3D,3628,三重交通,,伊賀見大橋
D3D,3629,三重交通,,新宅本店前
D3D,362A,三重交通,,太良路
D3D,362B,三重交通,,葛
D3D,362C,三重交通,,嶽見橋
D3D,362D,三重交通,,曽爾横輪
D3D,362E,三重交通,,曽爾役場前
D3D,362F,三重交通,,今井
D3D,3630,三重交通,,小長尾橋
D3D,3631,三重交通,,長野(伊賀)
D3D,3632,三重交通,,掛東口
D3D,3633,三重交通,,掛
D3D,3634,三重交通,,掛西
D3D,363B,三重交通,,瀬古口
D3D,363C,三重交通,,広坊
D3D,363D,三重交通,,赤目中学校前
D3D,363E,三重交通,,岡八幡宮
D3D,363F,三重交通,,丈六
D3D,3640,三重交通,,赤目口駅前
D3D,3641,三重交通,,赤目支所前
D3D,3642,三重交通,,柏原
D3D,3643,三重交通,,長坂
D3D,3644,三重交通,,日の谷橋
D3D,3645,三重交通,,赤目滝
D3D,3646,三重交通,,大屋戸天神前
D3D,3654,三重交通,,東町口(伊賀)
D3D,365A,三重交通,,香落橋
D3D,365C,三重交通,,名張産業会館
D3D,3706,三重交通,,山之手
D3D,3707,三重交通,,南桔梗が丘
D3D,3708,三重交通,,五番町西(伊賀)
D3D,3709,三重交通,,二番町
D3D,370A,三重交通,,中二番町
D3D,370B,三重交通,,桔梗が丘駅前
D3D,370C,三重交通,,桔梗が丘局前
D3D,370D,三重交通,,三番町
D3D,370E,三重交通,,四番町
D3D,370F,三重交通,,八番町南
D3D,3710,三重交通,,北中学校
D3D,3711,三重交通,,国道夏見
D3D,3712,三重交通,,鴻之台
D3D,3713,三重交通,,名張警察署前
D3D,3716,三重交通,,徳明団地口
D3D,3717,三重交通,,上小波田
D3D,3718,三重交通,,小波田
D3D,371C,三重交通,,羽根東
D3D,3722,三重交通,青山行政バス,上野口
D3D,3723,三重交通,青山行政バス,上代口
D3D,3724,三重交通,青山行政バス,青山小学校前
D3D,3725,三重交通,青山行政バス,桐ヶ丘一丁目
D3D,3726,三重交通,青山行政バス,福祉センター
D3D,3727,三重交通,青山行政バス,青山中学校
D3D,3728,三重交通,青山行政バス,桐ヶ丘二丁目
D3D,373D,三重交通,,阿保橋
D3D,373E,三重交通,,別府
D3D,3742,三重交通,青山行政バス,腰山
D3D,374E,三重交通,,菅生
D3D,3751,三重交通,,つつじが丘口(伊賀)
D3D,3752,三重交通,,つつじが丘北一番町
D3D,3754,三重交通,,つつじが丘北八番町
D3D,3755,三重交通,,つつじが丘北九番町
D3D,3756,三重交通,,つつじが丘北十番町
D3D,3757,三重交通,,つつじが丘南一番町
D3D,3758,三重交通,,尾山口
D3D,3759,三重交通,,ロマントピア月ヶ瀬
D3D,375A,三重交通,,月ヶ瀬カントリー前
D3D,375B,三重交通,,宮の前
D3D,375C,三重交通,,月ヶ瀬口駅前
D3D,375D,三重交通,,野外活動センター
D3D,3762,三重交通,,尾山東
D3D,3763,三重交通,,つつじが丘南二番町
D3D,3800,三重交通,,つつじが丘(伊賀)
D3D,3801,三重交通,,つつじが丘南五番町
D3D,3802,三重交通,,つつじが丘南六番町
D3D,3803,三重交通,,つつじが丘南七番町
D3D,3804,三重交通,,つつじが丘南八番町
D3D,3805,三重交通,,すずらん台口
D3D,3806,三重交通,,七番町北
D3D,3807,三重交通,,東桔梗が丘
D3D,3808,三重交通,玉滝線 26系統,♿アピタ伊賀上野店
D3D,3809,三重交通,,鈴蘭台西三番町
D3D,380A,三重交通,,鈴蘭台東二番町
D3D,380B,三重交通,,鈴蘭台東三番町
D3D,380C,三重交通,,鈴蘭台東五番町
D3D,380D,三重交通,,鈴蘭台東四番町
D3D,380E,三重交通,,すずらん台
D3D,380F,三重交通,,滝之原下出
D3D,3810,三重交通,,曽爾高原
D3D,3811,三重交通,,西一番町
D3D,3812,三重交通,,公園前(伊賀)
D3D,3813,三重交通,,百合が丘東一番町
D3D,3814,三重交通,,名張青峰高校前
D3D,3815,三重交通,,小学校前(伊賀)
D3D,3816,三重交通,,百合が丘東九番町
D3D,3821,三重交通,,百合が丘
D3D,3822,三重交通,,青山小学校前
D3D,3823,三重交通,,山出団地
D3D,3824,三重交通,,鶴寿園口
D3D,3825,三重交通,,本願寺
D3D,3826,三重交通,,桐が丘一丁目
D3D,3827,三重交通,,桐が丘二丁目
D3D,3828,三重交通,,桐が丘三丁目
D3D,3829,三重交通,,桐が丘五丁目西
D3D,382A,三重交通,,桐が丘五丁目東
D3D,382B,三重交通,,桐が丘八丁目
D3D,382C,三重交通,,桐が丘
D3D,382D,三重交通,,城北
D3D,382E,三重交通,,赤目出合茶屋
D3D,382F,三重交通,,長走の滝
D3D,3830,三重交通,,健民グランド前(伊賀)
D3D,3831,三重交通,,梅が丘
D3D,3832,三重交通,,梅が丘北三番町
D3D,3833,三重交通,,梅が丘北四番町
D3D,3834,三重交通,,梅が丘南四番町
D3D,3835,三重交通,,梅が丘南三番町
D3D,3836,三重交通,,梅が丘南二番町
D3D,3837,三重交通,,梅が丘一番町
D3D,3838,三重交通,,梅が丘口
D3D,3839,三重交通,,やぶっちゃランド
D3D,3842,三重交通,,尾山坂
D3D,3844,三重交通,,桐ヶ丘七丁目
D3D,384B,三重交通,,白鳳通り
D3D,384C,三重交通,,西明寺
D3D,384D,三重交通,,寺田
D3D,384E,三重交通,,敢国神社
D3D,384F,三重交通,,一之宮
D3D,3850,三重交通,,千歳
D3D,3852,三重交通,,緑ヶ丘南町
D3D,3855,三重交通,,杉山
D3D,3857,三重交通,,緑ヶ丘本町
D3D,3900,三重交通,,市立病院(名張)
D3D,3904,三重交通,,百合が丘東三番町
D3D,3906,三重交通,,国道百合が丘
D3D,3909,三重交通,,池の台口
D3D,390B,三重交通,,鈴蘭台西一番町
D3D,390C,三重交通,,上出(予野線)
D3D,390D,三重交通,,相楽
D3D,390F,三重交通,,大屋戸
D3D,3910,三重交通,,蔵持口
D3D,3913,三重交通,,青蓮寺川
D3D,3914,三重交通,,市立病院前(名張)
D3D,3915,三重交通,,百合が丘西三番町
D3D,3917,三重交通,,百合が丘西五番町
D3D,3918,三重交通,,沖津藻大橋
D3D,3919,三重交通,,名張市役所前
D3D,391B,三重交通,,百合が丘西四番町
D3D,391E,三重交通,,梅が丘北二番町
D3D,3922,三重交通,,春日丘2番町
D3D,3923,三重交通,,春日丘3番町
D3D,3924,三重交通,,近大高専前
D3D,3925,三重交通,,春日丘6番町
D3D,3927,三重交通,,ゆめドーム前
D3D,3928,三重交通,,公園東口(伊賀)
D3D,3929,三重交通,,朝日町(伊賀)
D3D,392B,三重交通,,小田町(伊賀)
D3D,3938,三重交通,,三交伊賀車庫
D3D,3950,三重交通,,新堂駅南口
D3D,3952,三重交通,,国道針インター
D3D,3958,三重交通,,曽爾高原ファームガーデン
D3D,3963,三重交通,,ゆめが丘四丁目(伊賀)
D3D,3A00,三重交通,,ゆめが丘地区市民センター前
D3D,3A03,三重交通,,名張駅東口
D3D,3A04,三重交通,,安場横尾
D3D,3A05,三重交通,,川上口(奥津)
D3D,3A08,三重交通,,山粕西
D3D,3A09,三重交通,,前田橋(伊賀)
D3D,3A0A,三重交通,,国道五月橋(上野天理)
D3D,3A0B,三重交通,,国道山添
D3D,3A0C,三重交通,,国道神野口
D3D,3A0D,三重交通,,国道切幡
D3D,3A0E,三重交通,,国道小倉
D3D,3A17,三重交通,,友生小学校前
D3D,3A18,三重交通,,福祉センター
D3D,3A19,三重交通,,青山中学校
D3D,3A1D,三重交通,,寺脇
D3D,3A1E,三重交通,,岡田
D3D,3A1F,三重交通,,下川原
D3D,3A20,三重交通,,上津駅口
D3D,3A21,三重交通,,伊勢路
D3D,3A22,三重交通,,こうづ
D3D,3A23,三重交通,,北山口
D3D,3A24,三重交通,,北山
D3D,3A25,三重交通,,勝地南
D3D,3A26,三重交通,,勝地
D3D,3A27,三重交通,,岩上
D3D,3A28,三重交通,,妙楽地
D3D,3A29,三重交通,,ポンプ庫前
D3D,3A2A,三重交通,,稲谷口
D3D,3A2B,三重交通,,滝中
D3D,3A2C,三重交通,,滝
D3D,3A32,三重交通,,円徳院橋
D3D,3A33,三重交通,,野南公園北口
D3D,3A34,三重交通,,ゆめが丘七丁目東
D3D,3A35,三重交通,,ゆめが丘浄水場前
D3D,3A36,三重交通,,後瀬橋
D3D,3A37,三重交通,,羽根中
D3D,3A38,三重交通,,新羽根橋
D3D,3A39,三重交通,,阿保東町
D3D,3A3A,三重交通,,青山支所前
D3D,3A3B,三重交通,,上野口
D3D,3A3C,三重交通,,上代口
D3D,3A3E,三重交通,青山行政バス,腰山上出
D3D,3A3F,三重交通,,石神橋
D3D,3A40,三重交通,,城山橋
D3D,3A41,三重交通,,老川口
D3D,3A42,三重交通,,山立橋
D3D,3A43,三重交通,,山立下
D3D,3A44,三重交通,,種生学校前
D3D,3A45,三重交通,,矢地
D3D,3A46,三重交通,,種生支所前
D3D,3A47,三重交通,,小河内橋
D3D,3A48,三重交通,,小河内
D3D,3A49,三重交通,,出合
D3D,3A4A,三重交通,,出合橋
D3D,3A4B,三重交通,,原池口
D3D,3A4C,三重交通,,原池上口
D3D,3A4D,三重交通,,観音寺
D3D,3A4E,三重交通,,中出
D3D,3A4F,三重交通,,高尾保育所前
D3D,3A50,三重交通,,中出上口
D3D,3A51,三重交通,,酒屋
D3D,3A52,三重交通,,高尾
D3D,3A53,三重交通,,老川如来
D3D,3A54,三重交通,,老川東照宮前
D3D,3A55,三重交通,,福川
D3D,3A56,三重交通,,川原田
D3D,3A57,三重交通,,西出口(月瀬線)
D3D,3A58,三重交通,,桃香野口
D3D,3A59,三重交通,,庄原口
D3D,3A5A,三重交通,,諸木
D3D,3A5B,三重交通,,腰山上出
D3D,3A5C,三重交通,,腰山
D3D,3A5D,三重交通,,霧生
D3D,3A5E,三重交通,,霧生中出
D3D,3A5F,三重交通,,霧生上出
D3D,3A60,三重交通,,原池
D3D,3A62,三重交通,,上野南公園前
D3D,3A63,三重交通,,ゆめが丘七丁目北
D3D,3B01,三重交通,,長楽寺跡
D3D,3B03,三重交通,,生琉里口
D3D,3B05,三重交通,,F小田(伊賀)
D3D,3B06,三重交通,,森村
D3D,3B07,三重交通,,畠山
D3D,3B08,三重交通,,下出橋(伊賀)
D3D,3B09,三重交通,,花垣神社
D3D,3B0A,三重交通,,寺脇
D3D,3B0B,三重交通,玉滝線/柘植線 26/27系統,府中保育所前
D3D,3B11,三重交通,60上野山添線,F春日農協前
D3D,3B12,三重交通,60上野山添線,F高校前
D3D,3B14,三重交通,,治田公民館
D3D,3B15,三重交通,60上野山添線,F向山橋
D3D,3B16,三重交通,60上野山添線,F診療所前
D3D,3B17,三重交通,,F奥香落山荘
D3D,3B1A,三重交通,,高砂
D3D,3B1B,三重交通,,F神社前
D3D,3B1C,三重交通,,保育園前(伊賀)
D3D,3B1D,三重交通,,上払戸
D3D,3B1E,三重交通,,赤坂
D3D,3B1F,三重交通,,寺垣内
D3D,3B20,三重交通,,高良城橋
D3D,3B21,三重交通,,木根団地
D3D,3B22,三重交通,,東出(伊賀)
D3D,3B23,三重交通,,唐戸山
D3D,3B24,三重交通,,赤目ビレッジ
D3D,3B25,三重交通,,萩原
D3D,3B26,三重交通,,瑞穂
D3D,3B27,三重交通,,南出口
D3D,3B28,三重交通,,下登
D3D,3B29,三重交通,,上登
D3D,3B2A,三重交通,,太郎生殿
D3D,3B2B,三重交通,,布瀬橋
D3D,3B2C,三重交通,,羽後
D3D,3B2D,三重交通,,猿子
D3D,3B2F,三重交通,,西出(奥津線)
D3D,3B30,三重交通,,上出(奥津線)
D3D,3B31,三重交通,,一番町
D3D,3B35,三重交通,,山之手西
D3D,3B36,三重交通,,五番町(伊賀)
D3D,3B37,三重交通,,木戸口
D3D,3B3A,三重交通,,新嶽見橋
D3D,3B3D,三重交通,,中川原(伊賀)
D3D,3B3E,三重交通,,曽爾弁天橋
D3D,3B3F,三重交通,,弁天前
D3D,3B40,三重交通,,予野保育園前
D3D,3B41,三重交通,,西出公民館前(予野線)
D3D,3B42,三重交通,,治田インター
D3D,3B45,三重交通,,友生保育所前
D3D,3B46,三重交通,,梵寺橋
D3D,3B49,三重交通,,勘定橋
D3D,3B4A,三重交通,,藪内橋
D3D,3B4B,三重交通,,八辻橋
D3D,3B4C,三重交通,,山粕東口
D3D,3B4D,三重交通,,山粕
D3D,3B4E,三重交通,,月ヶ瀬温泉口
D3D,3B4F,三重交通,,三交上野車庫(名古屋線)
D3D,3B50,三重交通,,大山田温泉(伊賀)
D3D,3B51,三重交通,,つつじが丘北二番町
D3D,3B52,三重交通,,比奈知ダム前
D3D,3B56,三重交通,,MEGAドンキUNY名張店
D3D,3C01,三重交通,,松阪駅前
D3D,3C02,三重交通,,愛宕町(松阪)
D3D,3C03,三重交通,,茶与町
D3D,3C04,三重交通,,春日町(松阪)
D3D,3C05,三重交通,,大黒田小林(松阪)
D3D,3C06,三重交通,,新黒田町(松阪)
D3D,3C07,三重交通,,黒田新田(松阪)
D3D,3C08,三重交通,,小黒田(松阪)
D3D,3C09,三重交通,,田村
D3D,3C0A,三重交通,,中部中学校口
D3D,3C0B,三重交通,,立野
D3D,3C0C,三重交通,,松尾小学校口
D3D,3C0D,三重交通,,丹生寺
D3D,3C0E,三重交通,,桂瀬
D3D,3C0F,三重交通,,寺井
D3D,3C10,三重交通,,大河内小学校前
D3D,3C11,三重交通,,広坂
D3D,3C12,三重交通,,大河内
D3D,3C13,三重交通,,脇谷
D3D,3C14,三重交通,,辻原
D3D,3C15,三重交通,,瀬戸(松阪)
D3D,3C16,三重交通,,六呂木
D3D,3C17,三重交通,,小片野
D3D,3C18,三重交通,,南小学校前
D3D,3C19,三重交通,,大石
D3D,3C1A,三重交通,,不動前
D3D,3C1B,三重交通,,大石幼稚園前
D3D,3C1C,三重交通,,大石本郷
D3D,3C1D,三重交通,,東村
D3D,3C1E,三重交通,,深野
D3D,3C1F,三重交通,,柿野学校前
D3D,3C20,三重交通,,柿野
D3D,3C21,三重交通,,赤滝
D3D,3C22,三重交通,,千歳橋
D3D,3C23,三重交通,,畑井
D3D,3C24,三重交通,,粥見神社前
D3D,3C25,三重交通,,飯南地域振興局前
D3D,3C26,三重交通,,伊勢寺
D3D,3C27,三重交通,,観音前
D3D,3C28,三重交通,,飯南高校前
D3D,3C29,三重交通,,柏野(松阪)
D3D,3C2A,三重交通,,虻野
D3D,3C2D,三重交通,,堀出
D3D,3C2E,三重交通,,東出(松阪)
D3D,3C2F,三重交通,,宮前学校前(松阪)
D3D,3C30,三重交通,,宮前車庫前(松阪)
D3D,3C31,三重交通,,国分寺前(松阪)
D3D,3C32,三重交通,,野々口
D3D,3C33,三重交通,,作滝
D3D,3C34,三重交通,,向赤桶
D3D,3C35,三重交通,,赤桶
D3D,3C36,三重交通,,片栗子
D3D,3C37,三重交通,,田引口
D3D,3C39,三重交通,,田引
D3D,3C3A,三重交通,,九十九曲
D3D,3C3B,三重交通,,粟野
D3D,3C3D,三重交通,,向粟野
D3D,3C3E,三重交通,,粟野農協前
D3D,3C3F,三重交通,,川俣橋
D3D,3C40,三重交通,,富永(松阪)
D3D,3C41,三重交通,,大谷橋(松阪)
D3D,3C42,三重交通,,杢原
D3D,3C43,三重交通,,七日市
D3D,3C44,三重交通,,上り
D3D,3C45,三重交通,,森深野
D3D,3C46,三重交通,,森
D3D,3C53,三重交通,,横滝口
D3D,3C59,三重交通,,家野
D3D,3C5A,三重交通,,木屋切
D3D,3C5B,三重交通,,多気中学校前
D3D,3C5C,三重交通,,シャープ正門前(松阪)
D3D,3C5D,三重交通,,シャープ南
D3D,3C5E,三重交通,,相可台南
D3D,3C5F,三重交通,,相可台北
D3D,3C60,三重交通,,相可台公園前
D3D,3C61,三重交通,,多気町役場
D3D,3C62,三重交通,,仁田
D3D,3D09,三重交通,,ツヅラ又橋
D3D,3D0A,三重交通,,上辻原
D3D,3D0B,三重交通,,阪内御所
D3D,3D0C,三重交通,,不動橋(松阪)
D3D,3D0D,三重交通,,阪内
D3D,3D0E,三重交通,,細野
D3D,3D0F,三重交通,,柚原
D3D,3D19,三重交通,,駅部田
D3D,3D1A,三重交通,,御殿山口
D3D,3D1B,三重交通,,篠田山
D3D,3D1C,三重交通,,厚生病院前(松阪)
D3D,3D1D,三重交通,,蛸路
D3D,3D1E,三重交通,,八太(松阪)
D3D,3D1F,三重交通,,射和
D3D,3D20,三重交通,,相可一区
D3D,3D21,三重交通,,相鹿上神社前
D3D,3D23,三重交通,,五桂口
D3D,3D24,三重交通,,佐奈
D3D,3D25,三重交通,,平谷(松阪)
D3D,3D26,三重交通,,前村
D3D,3D27,三重交通,,井戸谷
D3D,3D28,三重交通,,おきん茶屋
D3D,3D29,三重交通,,栃原駅口
D3D,3D2A,三重交通,,栃原(松阪)
D3D,3D2B,三重交通,,神瀬
D3D,3D2C,三重交通,,楠ヶ野
D3D,3D2D,三重交通,,下楠
D3D,3D2E,三重交通,,川添
D3D,3D2F,三重交通,,粟生頭首湖前
D3D,3D30,三重交通,,粟生
D3D,3D31,三重交通,,高奈
D3D,3D32,三重交通,,下三瀬
D3D,3D33,三重交通,,上三瀬
D3D,3D34,三重交通,,上三瀬西
D3D,3D35,三重交通,,三瀬谷
D3D,3D36,三重交通,,道の駅奥伊勢おおだい
D3D,3D37,三重交通,,VISON
D3D,3D38,三重交通,,五桂池ふるさと村
D3D,3D39,三重交通,,JR多気駅
D3D,3D42,三重交通,,上蛸路
D3D,3E01,三重交通,,大台厚生病院
D3D,3E21,三重交通,54/55,栃原駅前
D3D,3E34,三重交通,,阿波曽
D3D,3E35,三重交通,,庄(松阪)
D3D,3E36,三重交通,,射和幼稚園前
D3D,3E37,三重交通,,本郷(松阪)
D3D,3E38,三重交通,,御麻生薗
D3D,3E39,三重交通,,広瀬(松阪)
D3D,3E3A,三重交通,,下茅原
D3D,3E3B,三重交通,,つばな保育園前
D3D,3E3C,三重交通,,上茅原
D3D,3E3D,三重交通,,上出江口
D3D,3E3E,三重交通,52松阪大石線,中万口
D3D,3E3F,三重交通,52松阪大石線,中万
D3D,3E40,三重交通,,下蛸路
D3D,3E42,三重交通,,平生町
D3D,3E58,三重交通,,相可高校前
D3D,3E59,三重交通,,相可高校
D3D,3E5A,三重交通,,相可高校南
D3D,3F27,三重交通,,三重高校前
D3D,3F29,三重交通,,南郊町
D3D,3F2C,三重交通,,岡寺前
D3D,3F2D,三重交通,,本町(松阪)
D3D,3F2F,三重交通,,市民病院前(松阪)
D3D,3F31,三重交通,,中大坪
D3D,3F35,三重交通,,松阪高校前
D3D,3F37,三重交通,,花田
D3D,3F38,三重交通,,松阪中央病院
D3D,4018,三重交通,,西林
D3D,4019,三重交通,南紀特急バス,内五曲り
D3D,401A,三重交通,,西之庄
D3D,401B,三重交通,,川井町二丁目
D3D,401E,三重交通,,五曲り
D3D,4020,三重交通,,西井村
D3D,4021,三重交通,,曲り
D3D,4022,三重交通,,一本松(松阪)
D3D,4027,三重交通,,岩内口
D3D,4028,三重交通,,ウエストパーク
D3D,4029,三重交通,,浜口農園前 (ベルファーム西)
D3D,402A,三重交通,,小阿坂口
D3D,402B,三重交通,,小阿坂
D3D,402C,三重交通,,阿坂小学校前
D3D,402D,三重交通,,大阿坂
D3D,402E,三重交通,,岩倉口(松阪)
D3D,402F,三重交通,,小野
D3D,4030,三重交通,,八重田
D3D,4031,三重交通,,日丘町
D3D,4032,三重交通,,日丘町センター前
D3D,4033,三重交通,,藤の木台
D3D,4034,三重交通,,中部台公園
D3D,4035,三重交通,,豊地
D3D,4036,三重交通,,嬉野一志町
D3D,4100,三重交通,,パワーセンター松阪
D3D,4105,三重交通,,源内
D3D,4106,三重交通,,上細野
D3D,4107,三重交通,,うきさとむら前
D3D,4108,三重交通,,下出(宇気郷線)
D3D,4114,三重交通,,百花苑前
D3D,411B,三重交通,,中万団地
D3D,411C,三重交通,,日野町
D3D,412F,三重交通,南紀特急バス,新町一丁目(松阪)
D3D,4130,三重交通,,県松阪庁舎前
D3D,4131,三重交通,,松阪卸センター
D3D,4135,三重交通,南紀特急バス,新町四丁目(松阪)
D3D,4136,三重交通,南紀特急バス,黒田町(松阪)
D3D,4139,三重交通,,花岡山
D3D,413B,三重交通,南紀特急バス,射和小学校前
D3D,413C,三重交通,,中之郷(松阪)
D3D,413D,三重交通,,新田中(松阪)
D3D,413E,三重交通,,新田上(松阪)
D3D,413F,三重交通,,道の駅飯高駅
D3D,4144,三重交通,,スメール
D3D,4147,三重交通,,小野江
D3D,4149,三重交通,,小舟江
D3D,414A,三重交通,,天白(国道上)
D3D,414C,三重交通,,天白(回転場)
D3D,414E,三重交通,,香良洲口
D3D,415C,三重交通,,新四ッ又
D3D,415D,三重交通,,市民センター前(松阪)
D3D,4160,三重交通,,パークタウン学園前
D3D,4200,三重交通,,下村町(松阪)
D3D,4205,三重交通,,津上
D3D,4207,三重交通,,老人福祉センター(松阪)
D3D,4208,三重交通,,名倉橋
D3D,4209,三重交通,,宇藤木
D3D,420C,三重交通,,市役所前(松阪)
D3D,420D,三重交通,,パークタウン公園前
D3D,420E,三重交通,,パークタウン南口
D3D,4210,三重交通,,文化会館南口(松阪)
D3D,4212,三重交通,,工業団地口(松阪)
D3D,4213,三重交通,,工業団地(松阪)
D3D,4214,三重交通,,工業団地南(松阪)
D3D,4216,三重交通,,文化会館(松阪)
D3D,421A,三重交通,,柴田整形前
D3D,421C,三重交通,,四町会
D3D,421D,三重交通,,公園前(松阪)
D3D,421F,三重交通,,山室口
D3D,4223,三重交通,,パティオひの街
D3D,4226,三重交通,,梅村学園口
D3D,4251,三重交通,,松阪合同庁舎
D3D,4253,三重交通,,阿波曽西
D3D,4254,三重交通,,谷出(松阪)
D3D,4331,三重交通,,多気クリスタルタウン前
D3D,4400,三重交通,,四疋田
D3D,4401,三重交通,,三疋田
D3D,4403,三重交通,,有間野口
D3D,4423,三重交通,,アドバンスモール松阪
D3D,4433,三重交通,,JR松阪駅
D3D,4434,三重交通,,ベルタウン
D3D,4435,三重交通,,よいほモール
D3D,4436,三重交通,,よいほモール北
D3D,4437,三重交通,,市役所前
D3D,4438,三重交通,,市民ホール
D3D,4439,三重交通,,クラギ文化ホール
D3D,443A,三重交通,,パワーセンター松阪
D3D,443B,三重交通,,城南住宅口
D3D,443C,三重交通,,桜町第二集会所
D3D,443D,三重交通,,桜町中央
D3D,443E,三重交通,,桜町郵便局東
D3D,443F,三重交通,,さくら保育園前
D3D,4440,三重交通,,ぎゅーとら大黒田店
D3D,4441,三重交通,,花岡小学校口
D3D,4442,三重交通,,中田整形前
D3D,4443,三重交通,,宝塚町
D3D,4444,三重交通,,アドバンスモール松阪
D3D,4445,三重交通,,宝塚古墳公園前
D3D,4446,三重交通,,山室入口
D3D,4447,三重交通,,マックスバリュ学園前店
D3D,4448,三重交通,,駅部田山の世古
D3D,4449,三重交通,,駅部田五月橋
D3D,444A,三重交通,,旭ヶ丘
D3D,444B,三重交通,,久保中学校
D3D,444C,三重交通,,松阪競輪場前
D3D,444D,三重交通,,第二小学校前
D3D,444E,三重交通,,愛宕町東
D3D,444F,三重交通,,平生町
D3D,4450,三重交通,,パティオひの街
D3D,4451,三重交通,,済生会病院
D3D,4452,三重交通,,近鉄松阪駅
D3D,4453,三重交通,,マックスバリュ中央店
D3D,4462,三重交通,,ベルファーム
D3D,4463,三重交通,,柳原
D3D,4508,三重交通,,広瀬口(松阪)
D3D,4509,三重交通,,浦出
D3D,450C,三重交通,,促進住宅
D3D,450D,三重交通,,深長口
D3D,450E,三重交通,,大阿坂口
D3D,450F,三重交通,,三町会
D3D,4510,三重交通,,中出(松阪)
D3D,4512,三重交通,,F中学校前(松阪)
D3D,4519,三重交通,,佐原日の出町
D3D,4524,三重交通,,神殿
D3D,4526,三重交通,,上田引
D3D,4527,三重交通,,柳瀬橋
D3D,4528,三重交通,,F富永(松阪)
D3D,4531,三重交通,,宇栗子橋
D3D,4605,三重交通,,櫛田
D3D,4606,三重交通,,早馬瀬口
D3D,4607,三重交通,,金剛団地前
D3D,4608,三重交通,,明和団地前
D3D,4609,三重交通,,明星
D3D,460A,三重交通,,世古
D3D,460B,三重交通,伊勢玉城線,♿荒子団地前
D3D,460C,三重交通,,宮忠・MEGAドン・キホーテ前
D3D,460D,三重交通,,問屋センター
D3D,460E,三重交通,,掛橋
D3D,460F,三重交通,,高畑
D3D,4610,三重交通,,川端口
D3D,4611,三交伊勢志摩交通,,度会橋
D3D,4612,三交伊勢志摩交通,,二俣町
D3D,4613,三交伊勢志摩交通,,山田上口
D3D,4614,三交伊勢志摩交通,,宮町
D3D,4615,三交伊勢志摩交通,,尼辻
D3D,4616,三交伊勢志摩交通,,新道
D3D,4617,三交伊勢志摩交通,,伊勢市駅前
D3D,4618,三重交通,,外宮前
D3D,4619,三重交通,,宇治山田駅前
D3D,461A,三重交通,,前田古市口
D3D,461B,三重交通,,伊勢警察前
D3D,461C,三重交通,,伊勢学園前
D3D,461D,三重交通,,山商口
D3D,461E,三重交通,,山商前
D3D,461F,三重交通,土路今一色線/伊勢鳥羽線 12/41系統,伊勢工高前
D3D,4620,三重交通,土路今一色線/伊勢鳥羽線 12/41系統,神久町
D3D,4621,三重交通,土路今一色線/伊勢鳥羽線 12/41系統,二軒茶屋
D3D,4622,三重交通,土路今一色線/伊勢鳥羽線 12/41系統,黒瀬町
D3D,4623,三重交通,土路今一色線/伊勢鳥羽線 12/41系統,浜郷小学校前
D3D,4624,三重交通,土路今一色線/伊勢鳥羽線 12/41系統,通り口
D3D,4625,三重交通,土路今一色線/伊勢鳥羽線 12/41系統,汐合
D3D,4626,三重交通,,荘(伊勢)
D3D,4627,三重交通,,山田原(伊勢)
D3D,4628,三重交通,,二見浦表参道
D3D,462A,三重交通,,松下
D3D,462B,三重交通,,池の浦
D3D,462C,三重交通,,堅神
D3D,462D,三重交通,,商船学校前
D3D,462E,三重交通,,シンフォニアテクノロジー (旧鳥羽神鋼前)
D3D,462F,三重交通,,鳥羽バスセンター
D3D,4631,三重交通,,中之郷桟橋
D3D,4632,三重交通,,藤之郷
D3D,4633,三重交通,,赤崎神社前
D3D,463E,三重交通,,鳥羽高校前
D3D,4647,三重交通,,浦田町
D3D,4648,三重交通,,猿田彦神社前
D3D,4649,三重交通,,桜木町
D3D,464A,三重交通,,桜木町口
D3D,464B,三重交通,,三条前
D3D,464C,三重交通,,中之町
D3D,464D,三重交通,,古市
D3D,464E,三重交通,,テニスコート前
D3D,464F,三重交通,,倭町
D3D,4650,三重交通,,尾上町(伊勢)
D3D,4651,三重交通,,小田橋(伊勢)
D3D,4652,三重交通,,岡本町(伊勢)
D3D,4653,三重交通,,吹上町(伊勢)
D3D,4656,三重交通,,南宮町
D3D,4657,三重交通,,筋向橋
D3D,4658,三重交通,,浦口町
D3D,4659,三重交通,,辻久留町
D3D,465C,三重交通,,上ノ社
D3D,465D,三重交通,,論出口
D3D,465E,三重交通,,徳川山
D3D,465F,三重交通,,宮川中学校前
D3D,4660,三重交通,,旭ヶ丘(伊勢)
D3D,4661,三重交通,,高倉山
D3D,4662,三交伊勢志摩交通,,川端(玉城線)
D3D,4663,三交伊勢志摩交通,,坂東
D3D,4700,三交伊勢志摩交通,,城田団地
D3D,4701,三交伊勢志摩交通,,上地(伊勢)
D3D,4702,三交伊勢志摩交通,,富岡口
D3D,4703,三交伊勢志摩交通,,湯田野
D3D,4704,三交伊勢志摩交通,,玉城病院前
D3D,4705,三交伊勢志摩交通,,萱町(伊勢)
D3D,4706,三交伊勢志摩交通,,田丸駅前
D3D,4707,三交伊勢志摩交通,有滝線 13系統,小俣郵便局前
D3D,470A,三重交通,,南島メディカルセンター
D3D,470F,三重交通,,伊勢赤十字病院
D3D,4710,三重交通,,一之木二丁目
D3D,4711,三重交通,,一之木三丁目
D3D,4712,三重交通,,一之木
D3D,4713,三重交通,,ミタス伊勢
D3D,4714,三重交通,,大野木東
D3D,4715,三重交通,,グッディ前
D3D,471C,三交伊勢志摩交通,伊勢玉城線,田丸城跡 (玉城町役場前)
D3D,471D,三重交通,,川端堤(中川線)
D3D,471E,三重交通,,中須
D3D,471F,三重交通,,昼田
D3D,4720,三重交通,,岩出
D3D,4721,三重交通,,葛原
D3D,4722,三重交通,,大野木(伊勢)
D3D,4723,三重交通,,南伊勢高校度会校舎前
D3D,4724,三重交通,,度会特別支援学校前
D3D,4725,三重交通,,度会棚橋
D3D,4726,三重交通,,度会小学校前
D3D,4727,三重交通,,牧戸
D3D,4728,三重交通,,平生
D3D,4729,三重交通,,大久保(伊勢)
D3D,472A,三重交通,,立岡
D3D,472B,三重交通,,鮠川
D3D,472C,三重交通,,鮠川大橋
D3D,472D,三重交通,,長原(伊勢)
D3D,472E,三重交通,,坂井(伊勢)
D3D,472F,三重交通,,立花口
D3D,4730,三重交通,,麻加江
D3D,4731,三重交通,,下田口
D3D,4732,三重交通,,上田口(伊勢)
D3D,4733,三重交通,,棚橋南
D3D,4734,三重交通,,内城田大橋
D3D,4735,三重交通,,下久具
D3D,4736,三重交通,,山川
D3D,4737,三重交通,,上久具
D3D,4738,三重交通,,田間
D3D,473D,三重交通,,論出
D3D,473E,三重交通,,清水(伊勢)
D3D,473F,三重交通,,済美学院前
D3D,4740,三重交通,,大倉うぐいす台
D3D,4741,三重交通,,大倉(伊勢)
D3D,4742,三重交通,,佐八
D3D,4743,三重交通,,佐八農協前
D3D,4744,三重交通,,白木
D3D,4745,三重交通,,津村口
D3D,4746,三重交通,,津村
D3D,4747,三重交通,,円座
D3D,4748,三重交通,,神薗
D3D,4749,三重交通,,土場
D3D,474A,三重交通,,川口(伊勢)
D3D,474B,三重交通,,五里山橋
D3D,474C,三重交通,,畦地
D3D,474D,三重交通,,栗原(伊勢)
D3D,474E,三重交通,,中ノ郷(伊勢)
D3D,474F,三重交通,,古河橋
D3D,4750,三重交通,,日向
D3D,4751,三重交通,,五ヶ町
D3D,4752,三重交通,,木越
D3D,4753,三重交通,,火打石
D3D,4754,三重交通,,駒ヶ野
D3D,4755,三重交通,,出合橋(伊勢)
D3D,4756,三重交通,,柳
D3D,4757,三重交通,,市場(伊勢)
D3D,4758,三重交通,,脇出
D3D,4759,三重交通,,脇出南
D3D,475A,三重交通,,岩ノ鼻
D3D,475B,三重交通,,梅橋
D3D,475C,三重交通,,中村(伊勢南島)
D3D,475D,三重交通,,南島道方
D3D,475E,三重交通,,阿曽浦口
D3D,475F,三重交通,,阿曽浦
D3D,4760,三重交通,,慥柄
D3D,4761,三重交通,,鵜倉農協前
D3D,4762,三重交通,,贄
D3D,4763,三重交通,,鵜倉西
D3D,4800,三重交通,,豆方
D3D,4801,三重交通,,奈屋
D3D,4802,三重交通,,東宮
D3D,4803,三重交通,,河内隧道口
D3D,4804,三重交通,,河内
D3D,4805,三重交通,,漁連前(南島線)
D3D,4806,三重交通,,奈津観音前
D3D,4807,三重交通,,浜田橋
D3D,4808,三重交通,,村山口
D3D,4809,三重交通,,神前
D3D,480C,三重交通,,沼木中学前
D3D,480D,三重交通,,広岡
D3D,480E,三重交通,,上野(伊勢)
D3D,480F,三重交通,,宮川パーク
D3D,4817,三重交通,,伊勢病院前
D3D,4818,三交伊勢志摩交通,有滝線 13系統,京町(伊勢)
D3D,4819,三交伊勢志摩交通,有滝線 13系統,宮川町
D3D,481A,三交伊勢志摩交通,有滝線 13系統,宮古橋
D3D,481B,三交伊勢志摩交通,有滝線 13系統,離宮前
D3D,481C,三交伊勢志摩交通,有滝線 13系統,宮川駅前
D3D,481E,三重交通,,小俣総合支所前
D3D,481F,三重交通,,新出(伊勢)
D3D,4820,三重交通,,庚申前(伊勢)
D3D,4821,三重交通,,明野
D3D,4822,三重交通,,明野駅前
D3D,4823,三重交通,,飛行場口
D3D,4827,三重交通,,植山口
D3D,4828,三重交通,,村松
D3D,4829,三重交通,,北浜支所前
D3D,482A,三重交通,,東大淀口
D3D,482B,三重交通,,東大淀
D3D,482C,三重交通,,大淀
D3D,482D,三重交通,,山大淀
D3D,4834,三重交通,,皇学館大学前(伊勢)
D3D,4835,三重交通,,神宮徴古館前
D3D,4841,三重交通,,山田赤十字病院
D3D,4843,三重交通,土路今一色線 12系統,♿豊浜大橋
D3D,4844,三重交通,土路今一色線 12系統,♿磯口
D3D,4845,三重交通,土路今一色線 12系統,♿磯
D3D,4846,三重交通,土路今一色線 12系統,♿西条口
D3D,4847,三重交通,土路今一色線 12系統,♿豊浜農協前
D3D,4848,三重交通,土路今一色線 12系統,♿土路
D3D,4849,三交伊勢志摩交通,有滝線 13系統,野依
D3D,484A,三交伊勢志摩交通,有滝線 13系統,北部農協前
D3D,484B,三交伊勢志摩交通,有滝線 13系統,豊浜中学校前
D3D,484C,三交伊勢志摩交通,有滝線 13系統,小川(伊勢)
D3D,484D,三交伊勢志摩交通,有滝線 13系統,有滝口
D3D,484E,三交伊勢志摩交通,有滝線 13系統,有滝
D3D,4852,三重交通,,金剛證寺
D3D,4853,三重交通,,山上広苑
D3D,4854,三重交通,,村山
D3D,4855,三重交通,,小方口
D3D,4858,三重交通,,栃木
D3D,4859,三重交通,,古和
D3D,485D,三重交通,,楠江
D3D,485E,三重交通,,白石(伊勢)
D3D,4909,三重交通,,滝倉
D3D,490A,三重交通,,つづみが丘
D3D,490B,三重交通,,蓮台寺
D3D,490C,三重交通,,勢田町
D3D,490D,三重交通,,庁舎前(伊勢)
D3D,490E,三重交通,,明倫小学校前
D3D,4910,三重交通,大湊線/神社線/土路今一色線/伊勢鳥羽線 03/04/12/41系統,伊勢市駅北口
D3D,4911,三重交通,大湊線/神社線/土路今一色線/伊勢鳥羽線 03/04/12/41系統,河崎町
D3D,4912,三重交通,土路今一色線/伊勢鳥羽線 12/41系統,河崎百五前
D3D,4913,三重交通,土路今一色線/伊勢鳥羽線 12/41系統,河崎町東
D3D,4914,三重交通,土路今一色線 12系統,♿西団地前(伊勢)
D3D,4915,三重交通,土路今一色線 12系統,♿西
D3D,4916,三重交通,土路今一色線 12系統,♿廣道
D3D,4917,三重交通,土路今一色線 12系統,♿今一色
D3D,4918,三重交通,土路今一色線 12系統,♿西浜
D3D,491A,三重交通,,一色町(伊勢)
D3D,491B,三重交通,,一色大橋(伊勢)
D3D,491C,三重交通,,中村町(伊勢)
D3D,491D,三重交通,,五十鈴川駅前
D3D,491E,三重交通,,岩渕
D3D,4922,三重交通,,旭通
D3D,4923,三重交通,,船江(伊勢)
D3D,4924,三重交通,,船江新道(伊勢)
D3D,4925,三重交通,,桧尻
D3D,4926,三重交通,,シンフォニアテクノロジー (旧神鋼前)
D3D,4927,三重交通,,竹ヶ鼻
D3D,4928,三重交通,,神社港
D3D,4929,三重交通,,新開
D3D,492A,三重交通,,馬瀬(伊勢)
D3D,492B,三重交通,,徳田(伊勢)
D3D,492C,三重交通,,西町(伊勢)
D3D,492D,三重交通,,中町(伊勢)
D3D,492E,三重交通,,八幡宮前
D3D,492F,三重交通,,大湊
D3D,4930,三重交通,,馬瀬下野神社墓地前
D3D,4931,三重交通,,下野町
D3D,4932,三重交通,,みなと小学校前
D3D,4933,三重交通,,内宮前
D3D,4934,三重交通,,神宮会館前
D3D,4935,三重交通,,伊勢病院西口
D3D,4936,三重交通,,注連指口
D3D,4937,三重交通,,集会所前(伊勢)
D3D,4938,三重交通,,注連指
D3D,4939,三重交通,,ララパーク
D3D,493A,三重交通,土路今一色線/伊勢鳥羽線 12/41系統,東谷医院前
D3D,493B,三重交通,,伊倉
D3D,493C,三重交通,,宇治山田高校前
D3D,493D,三重交通,,みどり苑
D3D,4940,三重交通,,大湊支所前
D3D,4941,三重交通,,二見総合支所前
D3D,4942,三重交通,,夫婦岩東口 (伊勢シーパラダイス前)
D3D,4943,三重交通,CANばす,民話の駅・蘇民前
D3D,4944,三重交通,CANばす,神宮徴古館
D3D,4945,三重交通,,月夜見宮前
D3D,4946,三重交通,,松尾観音寺
D3D,494A,三重交通,,伊勢ひかり病院
D3D,494C,三重交通,土路今一色線 12系統,♿高向北
D3D,494F,三交伊勢志摩交通,有滝線 13系統,小俣
D3D,4951,三重交通,,鳥羽シーサイドホテル
D3D,4952,三重交通,,鳥羽水族館・ミキモト真珠島
D3D,4953,三重交通,,こすえ
D3D,4954,三重交通,,南島棚橋
D3D,4955,三重交通,,横輪口
D3D,4957,三重交通,,伊勢忍者キングダム
D3D,4960,三重交通,,松尾観音
D3D,4961,三重交通,土路今一色線 12系統,♿大世古
D3D,4962,三重交通,,サンアリーナ
D3D,4963,三重交通,,度会町役場前
D3D,4A00,三重交通,,イオン伊勢店
D3D,4A01,三重交通,土路今一色線 12系統,♿宮町駅東口
D3D,4A06,三重交通,,伊勢市役所正面
D3D,4A33,三重交通,,御園小林
D3D,4B01,三重交通,,溝口
D3D,4B05,三交伊勢志摩交通,有滝線 13系統,野依西
D3D,4B06,三交伊勢志摩交通,有滝線 13系統,下小俣
D3D,4B07,三交伊勢志摩交通,有滝線 13系統,中小俣
D3D,4B09,三交伊勢志摩交通,伊勢玉城線,大手門橋
D3D,4B0A,三重交通,,コミュニティセンター(伊勢)
D3D,4B0D,三重交通,,大倉うぐいす台
D3D,4B0F,三重交通,,河口外科前
D3D,4B10,三重交通,,いせトピア
D3D,4B11,三重交通,,朝熊インター
D3D,4B12,三重交通,,光の街中央
D3D,4B13,三重交通,,光の街西
D3D,4B52,三重交通,,伊勢市駅前
D3D,4C04,三重交通,,伊勢ひかり病院
D3D,4E10,三交伊勢志摩交通,玉城線 23系統,川端口(玉城線)
D3D,4F01,三重交通,,下野工場団地口
D3D,4F02,三重交通,,馬瀬口(伊勢)
D3D,4F04,三重交通,,F村松口
D3D,4F05,三重交通,,F大堀川橋
D3D,4F06,三重交通,土路今一色線 12系統,♿漁協前(土路線)
D3D,4F07,三交伊勢志摩交通,,坂東口
D3D,4F08,三交伊勢志摩交通,,新田町東(伊勢)
D3D,4F0E,三重交通,,度会団地前
D3D,4F0F,三重交通,,平生口
D3D,4F10,三重交通,,長原保育所
D3D,4F11,三重交通,,内野
D3D,4F12,三重交通,,柳口
D3D,4F13,三重交通,,市場口(伊勢)
D3D,4F14,三重交通,,中井出
D3D,4F15,三重交通,,御杣
D3D,4F16,三重交通,,浮島パーク口
D3D,4F19,三重交通,,佐八保育所前
D3D,4F1A,三重交通,,栄団地(伊勢)
D3D,4F1B,三重交通,,大谷(伊勢)
D3D,4F1C,三重交通,,辻久留二丁目
D3D,4F1D,三重交通,,昭和苑口
D3D,4F1E,三重交通,,電子前
D3D,4F1F,三重交通,,上野南
D3D,4F20,三重交通,,開花橋
D3D,4F32,三重交通,,辻久留三丁目
D3D,4F33,三重交通,,辻久留2丁目
D3D,4F38,三重交通,,西垣内
D3D,4F4D,三重交通,,方座
D3D,4F52,三交伊勢志摩交通,有滝線 13系統,くわやま整形前
D3D,4F54,三重交通,,道行竈
D3D,4F57,三重交通,,大江
D3D,4F62,三重交通,,一之瀬公民館
D3D,5001,三重交通,,天の岩戸口
D3D,5002,三重交通,,築地口
D3D,5003,三重交通,,恵利原
D3D,5004,三重交通,,川辺
D3D,5005,三重交通,,磯部小学校前
D3D,5006,三重交通,,磯部バスセンター
D3D,5007,三重交通,,穴川
D3D,5008,三重交通,,穴川駅口
D3D,5009,三重交通,,浅野
D3D,500A,三重交通,,横山登山口
D3D,500B,三重交通,,鵜方西口
D3D,500C,三重交通,,鵜方駅前
D3D,500D,三重交通,,志摩市役所前
D3D,500E,三重交通,,立神口
D3D,500F,三重交通,,甲賀口
D3D,5010,三重交通,,島茶屋
D3D,5011,三重交通,,畔名口
D3D,5012,三重交通,,岡山
D3D,5013,三重交通,,名田口
D3D,5014,三重交通,,大王口
D3D,5015,三重交通,,大王小坂
D3D,5016,三重交通,,大王小学校前
D3D,5017,三重交通,,波切
D3D,5018,三重交通,,大王支所前
D3D,5019,三重交通,,志摩市民病院
D3D,501A,三重交通,,船越浜
D3D,501B,三重交通,,船越(志摩)
D3D,501C,三重交通,,深谷水道
D3D,501D,三重交通,,片田稲荷前
D3D,501E,三重交通,,片田新開
D3D,501F,三重交通,,片田
D3D,5020,三重交通,,片田椿山
D3D,5021,三重交通,,布施田
D3D,5022,三重交通,,布施田西口
D3D,5023,三重交通,,和具学校前
D3D,5024,三重交通,,和具
D3D,5025,三重交通,,志摩高岡
D3D,5026,三重交通,,越賀神社前
D3D,5027,三重交通,,越賀
D3D,5028,三重交通,,越賀西
D3D,5029,三重交通,,御座白浜
D3D,502A,三重交通,,御座
D3D,502B,三重交通,,御座港
D3D,502C,三重交通,,賢島駅前
D3D,502D,三重交通,,渡鹿野渡船場
D3D,5030,三重交通,,立神
D3D,5031,三重交通,,水産高校前
D3D,5039,三重交通,,横山下
D3D,503A,三重交通,,鵜方浜
D3D,503B,三重交通,,福川原
D3D,503C,三重交通,,大崎口
D3D,503D,三重交通,,迫子
D3D,503E,三重交通,,塩屋
D3D,503F,三重交通,,桧山路
D3D,5040,三重交通,,浜島中学校前
D3D,5041,三重交通,,鴻住
D3D,5042,三重交通,,朝日山
D3D,5043,三重交通,,浜島
D3D,5044,三重交通,,塩鹿浜
D3D,5045,三重交通,,磯笛峠
D3D,5046,三重交通,,南張
D3D,5047,三重交通,,田曽白浜
D3D,5048,三重交通,,田曽口
D3D,5049,三重交通,,田曽
D3D,504A,三重交通,,宿浦
D3D,504B,三重交通,,迫間
D3D,504C,三重交通,,山原
D3D,504D,三重交通,,栗木広
D3D,504E,三重交通,,夏草
D3D,504F,三重交通,,堀切(志摩)
D3D,5050,三重交通,,神津佐
D3D,5051,三重交通,,神津佐農協前
D3D,5052,三重交通,,泉(志摩)
D3D,5053,三重交通,,佐田(志摩)
D3D,5054,三重交通,,南勢小学校前
D3D,5055,三重交通,,薬局前
D3D,5056,三重交通,,楓江橋
D3D,5057,三重交通,,五ヶ所
D3D,5058,三重交通,,南勢野添
D3D,510B,三重交通,,本浦港
D3D,510D,三重交通,,本浦
D3D,510E,三重交通,,国府三本松
D3D,510F,三重交通,,国府
D3D,5110,三重交通,,ゴルフ場前(志摩)
D3D,5111,三重交通,,国府白浜
D3D,5112,三重交通,,国府坂の上
D3D,5114,三重交通,,安乗口
D3D,5115,三重交通,,安乗
D3D,5116,三重交通,,阿児の松原
D3D,5117,三重交通,,甲賀大半前
D3D,5118,三重交通,,甲賀小学校前
D3D,5119,三重交通,,甲賀
D3D,511A,三重交通,,志島
D3D,511E,三重交通,,石鏡
D3D,5120,三重交通,,国崎口
D3D,5121,三重交通,,安乗埼灯台口
D3D,5122,三重交通,,ホテル&リゾーツ伊勢志摩
D3D,5124,三重交通,,旭ヶ丘(志摩)
D3D,5125,三重交通,,合歓の郷
D3D,5128,三重交通,,神津佐神社前
D3D,5129,三重交通,,石鏡港
D3D,5132,三重交通,,長沢(志摩)
D3D,5133,三重交通,,浜島港
D3D,5134,三重交通,,大王公民館
D3D,5137,三重交通,,安乗中学校前
D3D,5138,三重交通,,志摩病院
D3D,5139,三重交通,,宿浦桟橋
D3D,513A,三重交通,,宿浦漁協前
D3D,513B,三重交通,,海の博物館前
D3D,5140,三重交通,,鳥羽体育館前
D3D,5148,三重交通,,穂原口
D3D,514A,三重交通,,国府神社前
D3D,514F,三重交通,,志島農協前
D3D,5150,三重交通,,大口(志摩)
D3D,5151,三重交通,,診療所前(志摩)
D3D,5152,三重交通,,市場前(志摩)
D3D,5359,三重交通,,磯部駅前
D3D,535A,三重交通,,志摩スペイン村
D3D,535B,三重交通,,的矢
D3D,535C,三重交通,,内新田
D3D,535D,三重交通,,畔名丸岡
D3D,535E,三重交通,,名田会神
D3D,535F,三重交通,,名田
D3D,5360,三重交通,,丸田
D3D,5361,三重交通,,田神
D3D,5362,三重交通,,波切魚市場
D3D,5363,三重交通,,大王埼灯台
D3D,540C,三重交通,,甲賀西
D3D,5523,三重交通,,豊和苑前
D3D,552A,三重交通,,坂崎
D3D,5536,三重交通,,大谷(志摩)
D3D,5537,三重交通,,立神支所前
D3D,5657,三重交通,,町立南伊勢病院
D3D,5743,三重交通,,向井
D3D,5744,三重交通,,F虹の里
D3D,574D,三重交通,,高丘町
D3D,574E,三重交通,,F桜ヶ丘
D3D,574F,三重交通,,F福良
D3D,5750,三重交通,,Fエクシブ
D3D,5751,三重交通,,F夏見キャンプ場前
D3D,5752,三重交通,,F小田浜
D3D,5753,三重交通,,今浦
D3D,5754,三重交通,,F浦村
D3D,583E,三重交通,,賢島宝生苑
D3D,583F,三重交通,,志摩マリンランド
D3D,5840,三重交通,,志摩観光ホテル
D3D,5858,三重交通,,F志摩支所前
D3D,585B,三重交通,,越賀集会所前
D3D,5901,三重交通,,船越新田
D3D,5902,三重交通,,深谷
D3D,5903,三重交通,,片田東
D3D,5904,三重交通,,和具東
D3D,5905,三重交通,,あづり浜
D3D,5906,三重交通,,石塚
D3D,5907,三重交通,,金谷
D3D,5908,三重交通,,山口丘
D3D,5909,三重交通,,西の橋
D3D,590A,三重交通,,布施田東
D3D,590C,三重交通,,瀬戸橋
D3D,590D,三重交通,,パールタウン
D3D,590E,三重交通,,ガンナ橋
D3D,590F,三重交通,,農協倉庫
D3D,5910,三重交通,,浜田
D3D,5911,三重交通,,畔名北
D3D,5912,三重交通,,南上野
D3D,5913,三重交通,,北上野
D3D,5914,三重交通,,鵜方カヨウ
D3D,5916,三重交通,,ジャンボ前
D3D,5917,三重交通,,F目戸海岸
D3D,5918,三重交通,,F大矢の浜
D3D,5919,三重交通,,平野
D3D,591A,三重交通,,南張口
D3D,591C,三重交通,,船着場
D3D,591D,三重交通,,F漁り火の森
D3D,591E,三重交通,,F石鏡口
D3D,5924,三重交通,,大江戸温泉物語前
D3D,5925,三重交通,,F水門
D3D,5928,三重交通,,ふるさと公園口
D3D,592B,三重交通,,F第一ホテル前
D3D,592C,三重交通,,F深浜
D3D,592D,三重交通,,うらじろ
D3D,592E,三重交通,,神明
D3D,592F,三重交通,,神明東口
D3D,5930,三重交通,,保養所前
D3D,5931,三重交通,,イオン阿児店
D3D,5932,三重交通,,阿児アリーナ
D3D,5933,三重交通,,志摩市役所
D3D,5934,三重交通,,鵜方東
D3D,593A,三重交通,,コメリ・ぎゅーとら
D3D,595B,三重交通,,福祉センター前(外)
D3D,595D,三重交通,,福祉センター(中)
D3D,595E,三重交通,,タラサ志摩ホテル&リゾート
D3D,5963,三重交通,,相差口
D3D,5A01,三重交通,,新宮駅前
D3D,5A02,三重交通,13熊野新宮線,丹鶴町(熊野行き)
D3D,5A03,三重交通,,丹鶴ホール前
D3D,5A04,三重交通,,速玉大社前
D3D,5A05,三重交通,,成川(南紀)
D3D,5A06,三重交通,,中村
D3D,5A07,三重交通,,飯盛口
D3D,5A08,三重交通,,矢渕
D3D,5A09,三重交通,,鵜殿
D3D,5A0A,三重交通,,紀宝町役場前
D3D,5A0B,三重交通,,堤谷
D3D,5A0C,三重交通,,鵜殿駅前
D3D,5A0D,三重交通,,平島(南紀)
D3D,5A0E,三重交通,,梶鼻
D3D,5A0F,三重交通,,上野口(南紀)
D3D,5A10,三重交通,,井田小林前
D3D,5A11,三重交通,,井田駅前
D3D,5A12,三重交通,,竹島
D3D,5A13,三重交通,,井田舞子
D3D,5A14,三重交通,,山地口
D3D,5A15,三重交通,,向山(南紀)
D3D,5A16,三重交通,,御浜町阿田和
D3D,5A17,三重交通,,阿田和端地
D3D,5A18,三重交通,,紀南病院前
D3D,5A19,三重交通,,阿田和駅前 (道の駅パーク七里御浜)
D3D,5A1A,三重交通,,平見(南紀)
D3D,5A1B,三重交通,,御浜町役場前
D3D,5A1C,三重交通,,萩内
D3D,5A1D,三重交通,,市木
D3D,5A1E,三重交通,,向地口
D3D,5A1F,三重交通,,三軒屋
D3D,5A20,三重交通,,神志山
D3D,5A21,三重交通,,志原尻
D3D,5A22,三重交通,,釜ノ平
D3D,5A23,三重交通,,丁塚
D3D,5A24,三重交通,,中茶屋
D3D,5A25,三重交通,,芝園
D3D,5A26,三重交通,,立石
D3D,5A27,三重交通,,有馬
D3D,5A28,三重交通,,花の窟 (花の窟神社最寄)
D3D,5A29,三重交通,,羽市木
D3D,5A2A,三重交通,,獅子岩
D3D,5A2B,三重交通,,松原(熊野新宮・五郷線)
D3D,5A2D,三重交通,,熊野市駅前 (市役所前)
D3D,5A2E,三重交通,,紀北信用前
D3D,5A2F,三重交通,,記念通り
D3D,5A30,三重交通,,新町(南紀)
D3D,5A31,三重交通,,阿須賀神社前
D3D,5A32,三重交通,,新宮城跡前
D3D,5A36,三重交通,,鬼ヶ城西口
D3D,5A37,三重交通,,鬼ヶ城東口 (松本峠道登り口最寄)
D3D,5A39,三重交通,,大泊
D3D,5A3A,三重交通,,船石
D3D,5A3B,三重交通,,大馬谷
D3D,5A3C,三重交通,,紀伊佐田
D3D,5A53,三重交通,,小阪
D3D,5B17,三重交通,,新田(南紀)
D3D,5B33,三重交通,,発電所前
D3D,5B44,三重交通,41河合線,下地
D3D,5C11,三重交通,,二本松(南紀)
D3D,5C15,三重交通,41河合線,主婦の店長島店
D3D,5C21,三重交通,,矢口
D3D,5C2A,三重交通,,大又
D3D,5C2C,三重交通,,勝浦温泉前
D3D,5C2D,三重交通,,相賀新町北
D3D,5C2E,三重交通,,中熊
D3D,5C2F,三重交通,,相賀新町(島勝)
D3D,5C30,三重交通,,尾鷲市病院前
D3D,5C31,三重交通,,熊野大橋
D3D,5C32,三重交通,,小又
D3D,5C33,三重交通,,大又大久保
D3D,5C34,三重交通,,上橋
D3D,5C35,三重交通,,池田橋(南紀)
D3D,5C36,三重交通,,中央橋(南紀)
D3D,5C37,三重交通,,朝尾橋
D3D,5C38,三重交通,,江竜
D3D,5C39,三重交通,,小口野
D3D,5C3A,三重交通,,飛鳥
D3D,5C3B,三重交通,,波瀬戸橋
D3D,5C3C,三重交通,,河上横町
D3D,5C3D,三重交通,,柏崎
D3D,5C3E,三重交通,高速バス,大内山
D3D,5C3F,三重交通,,みえ熊野古道商工会前
D3D,5C40,三重交通,,古里
D3D,5C41,三重交通,,三浦
D3D,5C42,三重交通,,紀北町海山
D3D,5C43,三重交通,高速バス,賀田口
D3D,5C44,三重交通,,朝日町(南紀)
D3D,5C45,三重交通,41河合線,有久寺口
D3D,5C46,三重交通,,生熊
D3D,5C48,三重交通,,大曽根浦駅前
D3D,5C49,三重交通,41河合線,大原
D3D,5C4C,三重交通,,尾鷲港
D3D,5C4D,三重交通,,加田教会前
D3D,5C4E,三重交通,,上里
D3D,5C4F,三重交通,,火力前(南紀)
D3D,5C50,三重交通,41河合線,河合(南紀)
D3D,5C51,三重交通,,紀北町役場前
D3D,5C52,三重交通,,紀伊松本
D3D,5C53,三重交通,,漁業会館前
D3D,5C57,三重交通,,国市
D3D,5C58,三重交通,,栄町(南紀)
D3D,5C59,三重交通,41河合線,志子
D3D,5C5A,三重交通,,島勝
D3D,5C5D,三重交通,,白浦
D3D,5C5E,三重交通,,白口(南紀)
D3D,5C5F,三重交通,,新長島橋
D3D,5C60,三重交通,,地蔵前(南紀)
D3D,5C61,三重交通,41河合線,十須
D3D,5C62,三重交通,41河合線,十須農協前
D3D,5D02,三重交通,,造船所前
D3D,5D03,三重交通,,玉戸
D3D,5D04,三重交通,41河合線,田山口
D3D,5D06,三重交通,,鳥先
D3D,5D07,三重交通,,道瀬
D3D,5D09,三重交通,41河合線,中桐
D3D,5D0A,三重交通,,中里(南紀)
D3D,5D0B,三重交通,,中新田(南紀)
D3D,5D0C,三重交通,,瀬木山 (尾鷲せぎやまホール前)
D3D,5D0D,三重交通,,紀伊長島駅前
D3D,5D0E,三重交通,,紀北町社会福祉協議会前
D3D,5D0F,三重交通,,長浜
D3D,5D16,三重交通,,引本
D3D,5D17,三重交通,,引本口
D3D,5D18,三重交通,,船越(南紀)
D3D,5D19,三重交通,,船津(南紀)
D3D,5D1A,三重交通,,船津駅前
D3D,5D1C,三重交通,,三船中学校前
D3D,5D1D,三重交通,,海山総合支所前
D3D,5D1E,三重交通,,向井(南紀)
D3D,5D1F,三重交通,,向井小学校前
D3D,5D20,三重交通,,ムナシ
D3D,5D22,三重交通,,矢の浜
D3D,5D23,三重交通,41河合線,山本(南紀)
D3D,5D24,三重交通,,ユースホステル前
D3D,5D25,三重交通,,冷蔵庫前
D3D,5D26,三重交通,,鷲毛 (馬越峠道登り口最寄)
D3D,5D27,三重交通,,渡利
D3D,5D28,三重交通,,尾鷲駅口
D3D,5D29,三重交通,,尾鷲市役所前
D3D,5D2A,三重交通,,イオン前(南紀尾鷲)
D3D,5D2B,三重交通,,県尾鷲庁舎前
D3D,5D2C,三重交通,,国道相賀・海山バスセンター
D3D,5D35,三重交通,,岡崎野田
D3D,5D38,三重交通,,大台町
D3D,5D39,三重交通,,滝原宮前
D3D,5D3A,三重交通,高速バス,大紀町
D3D,5D3B,三重交通,高速バス,阿曽
D3D,5D3C,三重交通,高速バス,柏野(南紀)
D3D,5D3F,三重交通,,きれい橋
D3D,5D40,三重交通,,相賀駅前(南紀)
D3D,5D41,三重交通,41河合線,赤羽学校前
D3D,5D42,三重交通,,赤羽口
D3D,5D43,三重交通,41河合線,赤羽公民館前
D3D,5D48,三重交通,,馬瀬(南紀)
D3D,5D49,三重交通,41河合線,茂原
D3D,5D4B,三重交通,,新宮市
D3D,5D4D,三重交通,高速バス,本町(南紀)
D3D,5D4E,三重交通,高速バス,熊野古道センター
D3D,5D4F,三重交通,高速バス,黒の浜
D3D,5D50,三重交通,高速バス,三田火力
D3D,5D51,三重交通,,熊野古道センター前(松本線)
D3D,5D58,三重交通,,三交南紀 (山崎車庫)
D3D,5D59,三重交通,,文化会館西(南紀)
D3D,5D5A,三重交通,,主婦の店前(南紀)
D3D,6031,三重交通,,主婦の店
D3D,6032,三重交通,,プライスカット
D3D,6033,三重交通,,海山公民館
D3D,6038,三重交通,,尾鷲駅
D3D,6201,三重交通,,オレンジロード有馬
D3D,6202,三重交通,高速バス,梅ヶ谷
D3D,6203,三重交通,,上野町
D3D,6204,三重交通,,ハローワーク
D3D,6205,三重交通,高速バス,マンボウ
D3D,624F,三重交通,,オレンジロード有馬
D3D,6301,三重交通,,相谷
D3D,6302,三重交通,,やまびこ
D3D,631E,三重交通,41河合線,赤羽公園
D3D,631F,三重交通,41河合線,此ヶ野橋
D3D,6322,三重交通,,上里診療所前
D3D,633D,三重交通,高速バス,紀北町紀伊長島 (紀伊長島IC前)
D3D,633F,三重交通,高速バス,奥伊勢PA(休憩)
D3D,6340,三重交通,高速バス,三交新宮駅前
D3D,6363,三重交通,,臨時停留所
D47,0,新潟交通,,共通
D47,3,新潟交通,,青山一丁目
D47,6,新潟交通,,赤坂町二丁目
D47,7,新潟交通,,青山
D47,8,新潟交通,,西郵便局前
D47,9,新潟交通,,寺尾駅前通
D47,A,新潟交通観光バス,,寺山橋
D47,B,新潟交通,,青山稲荷前
D47,D,新潟交通,,水道遊園前
D47,E,新潟交通,,赤塚連絡所前
D47,F,新潟交通,,赤塚下
D47,12,新潟交通観光バス,,明石一丁目
D47,14,新潟交通,,帝石前
D47,17,新潟交通観光バス,,出来島変電所前
D47,1A,新潟交通観光バス,,寺地西
D47,1B,新潟交通,,寺地西団地前
D47,1E,新潟交通観光バス,,寺地
D47,1F,新潟交通,,有明台
D47,21,新潟交通,,出来島
D47,23,新潟交通,,樋ノ入入口
D47,24,新潟交通,,青山二丁目
D47,25,新潟交通,,葛塚
D47,26,新潟交通,,旭町通二番町
D47,27,新潟交通,,鳥原新田
D47,28,新潟交通観光バス,,鳥屋野
D47,29,新潟交通,,東部営業所
D47,2A,新潟交通,臨時バス,鳥屋野体育館前
D47,2B,新潟交通,,とやの中央病院前
D47,2C,新潟交通,,鳥屋野潟公園前
D47,2D,新潟交通,,泥潟
D47,2E,新潟交通,,鳥屋野十字路
D47,32,泉観光バス,,がんセンター前(高)
D47,34,新潟交通観光バス,,秋葉一丁目
D47,35,新潟交通,,豊照町
D47,37,新潟交通,,中野小屋
D47,3B,新潟交通観光バス,,礎町
D47,3C,泉観光バス,,県庁(高)
D47,46,泉観光バス,,女池インター前(高)
D47,47,新潟交通,,五十嵐一の町西
D47,48,新潟交通,,五十嵐二の町東
D47,4A,新潟交通,,五十嵐二の町
D47,4C,新潟交通,,石山駅入口南
D47,4E,新潟交通,,石動
D47,4F,新潟交通,,石山駅入口北
D47,50,新潟交通,,石山六丁目
D47,51,新潟交通,,石山団地
D47,52,新潟交通,,石山中学前
D47,53,新潟交通,,石山出張所前
D47,54,新潟交通,,石山
D47,55,新潟交通,,稲葉
D47,57,新潟交通,,五十嵐中島
D47,5A,新潟交通観光バス,,中山木戸
D47,62,新潟交通観光バス,,稲荷町
D47,63,新潟交通,,入船営業所
D47,64,頸城自動車,,三条・燕
D47,65,新潟交通,,入船町五丁目
D47,66,新潟交通,,入船町二丁目
D47,69,新潟交通,,中谷内
D47,6A,新潟交通,,内野一番町
D47,6B,新潟交通,,内野二番町
D47,6C,新潟交通,,内野四ツ角
D47,6E,新潟交通,,内野中島
D47,6F,新潟交通,,内野営業所
D47,70,新潟交通,,内野七番町
D47,72,新潟交通,,中上木戸
D47,74,新潟交通,,浦山三区
D47,75,新潟交通,,浦山六区
D47,76,新潟交通,,浦山十区
D47,77,新潟交通,,内野小学校前
D47,78,新潟交通,,内野駅前
D47,79,新潟交通,,浦山町
D47,7A,新潟交通,,南部営業所
D47,7B,新潟交通観光バス,,馬越
D47,7C,新潟交通,,鵜の子
D47,7E,新潟交通観光バス,,万国橋
D47,82,新潟交通観光バス,,駅前通(新潟)
D47,83,新潟交通,,海老ヶ瀬本村
D47,85,新潟交通,,長潟本村
D47,86,新潟交通,,錦町
D47,87,新潟交通,,海老ヶ瀬木工団地
D47,88,新潟交通,,大野郷屋
D47,89,新潟交通,,中山
D47,8A,新潟交通,,中早通
D47,8B,新潟交通,,尾崎
D47,8C,新潟交通観光バス,,大形本町三丁目
D47,9D,新潟交通観光バス,,新潟駅
D47,A0,新潟交通,,西川橋
D47,A1,新潟交通,,西内野小学校前
D47,A2,新潟交通,,大形中学前
D47,A3,新潟交通,,大渕
D47,A4,新潟交通,,大江山連絡所前
D47,A8,新潟交通観光バス,,大野新町
D47,AB,新潟交通観光バス,,大野仲町
D47,AC,新潟交通,,往来橋
D47,AD,新潟交通,,岡本小路
D47,AE,新潟交通観光バス,,大島(中央区)
D47,AF,新潟交通観光バス,,親松
D47,B0,新潟交通観光バス,,祖父興野
D47,B1,新潟交通,,祖父興野東
D47,B2,新潟交通観光バス,,近江口
D47,B3,新潟交通,,岡山
D47,B4,新潟交通,,新潟科学技術学園前
D47,B5,新潟交通,,大渕団地
D47,B6,新潟交通,,大渕小学校前
D47,B7,新潟交通観光バス,,新潟高校前
D47,B8,新潟交通,,逢谷内
D47,B9,新潟交通,,信濃町
D47,BA,新潟交通,,西小針
D47,BC,新潟交通観光バス,,西大畑
D47,BD,新潟交通,,卸新町東
D47,BE,新潟交通,,産業振興センター前
D47,BF,新潟交通,,NOCプラザ (卸会館)
D47,C0,新潟交通,,卸新町二丁目
D47,C5,新潟交通観光バス,,新潟刑務所前
D47,C8,新潟交通観光バス,,大通小学校前
D47,CB,新潟交通観光バス,,大通ニュータウン
D47,CE,新潟交通観光バス,,新潟空港
D47,D0,新潟交通観光バス,,中山田
D47,D2,新潟交通観光バス,,三条・燕インター東
D47,D8,新潟交通,,西警察署前
D47,DA,新潟交通,,笠木
D47,DB,新潟交通,,上新町公民館前
D47,DC,新潟交通観光バス,,蒲原町
D47,DD,新潟交通観光バス,,上木戸新町
D47,E2,新潟交通,,上新町
D47,E6,新潟交通観光バス,,燕駅前
D47,F4,新潟交通,,学校町一番町
D47,F5,新潟交通,,新潟中央高校前
D47,F6,新潟交通,,西堀通八番町
D47,F7,新潟交通,,上山
D47,F8,新潟交通,,上道上が丘
D47,F9,新潟交通,,亀田工業団地入口
D47,FA,新潟交通,,第一高校前
D47,FB,新潟交通,,高山橋
D47,FC,新潟交通,,高山神社前
D47,FD,新潟交通,,田島
D47,FE,新潟交通観光バス,,泰平橋東詰
D47,100,新潟交通観光バス,,ユニゾンプラザ前
D47,104,新潟交通,,他門大橋
D47,108,新潟交通観光バス,,太右衛門新田
D47,109,新潟交通観光バス,,上舞潟
D47,10C,新潟交通,,上沼公民館前
D47,10F,新潟交通,,泰叟寺前
D47,111,新潟交通,,上近江
D47,112,新潟交通,,嘉木
D47,113,新潟交通,,上木戸本町
D47,114,新潟交通,,亀田インター
D47,115,新潟交通観光バス,,亀田中島
D47,116,新潟交通観光バス,,亀田仲町
D47,117,新潟交通観光バス,,亀田上町
D47,11B,新潟交通,,蓮野
D47,11C,新潟交通,,早通南四丁目
D47,11E,新潟交通,,早通駅前
D47,11F,新潟交通,,早通南二丁目
D47,123,新潟交通,,太夫浜入口
D47,124,新潟交通,,浜浦町二丁目
D47,125,新潟交通,,原の台
D47,126,新潟交通,,太夫浜上
D47,127,新潟交通観光バス,,白山公園前
D47,128,新潟交通観光バス,,万代一丁目
D47,12C,新潟交通,,太郎代浜
D47,12F,新潟交通,,早通
D47,130,新潟交通,E82石山線,花園町
D47,131,新潟交通,,秣川岸通
D47,132,新潟交通,,加治川
D47,138,新潟交通,,千歳大橋西
D47,13A,新潟交通観光バス,,浜谷町
D47,13D,新潟交通観光バス,,桑名病院入口
D47,13E,新潟交通観光バス,,中央埠頭
D47,13F,新潟交通,,広通江橋
D47,142,新潟交通,,東山
D47,146,新潟交通,,日和が丘
D47,147,新潟交通,,東上木戸
D47,14A,新潟交通,,津島屋
D47,14B,新潟交通,,津島屋七丁目南
D47,14C,新潟交通,,東堀通四番町
D47,14D,新潟交通,,木山小学校前
D47,14E,新潟交通,,月見橋
D47,150,新潟交通,,東堀通一番町
D47,151,新潟交通観光バス,,木伏
D47,152,新潟交通,,東中島三丁目
D47,153,新潟交通,,東児池
D47,154,越後交通,,長岡地域振興局前
D47,155,新潟交通,,竹尾二丁目
D47,15B,新潟交通,,金衛町二丁目
D47,15E,新潟交通,,津島屋七丁目
D47,15F,新潟交通,,東地区総合庁舎前
D47,160,新潟交通,,津島屋三丁目
D47,165,新潟交通観光バス,,附船町一丁目
D47,16A,新潟交通,,歴史博物館前
D47,16C,新潟交通,,東中島二丁目
D47,171,新潟交通,,東堀通十二番町
D47,172,新潟交通観光バス,,北埠頭
D47,173,新潟交通観光バス,,北葉町
D47,174,新潟交通,,東堀通九番町
D47,181,新潟交通,,文理高校前
D47,183,新潟交通,,文京町
D47,188,新潟交通,,船江町西
D47,189,新潟交通,,船江町一丁目
D47,18D,新潟交通,,金衛町一丁目
D47,18F,新潟交通,,陸上競技場前
D47,191,新潟交通,,弁天橋
D47,194,新潟交通,,平和町東
D47,196,新潟交通,,平和町西
D47,197,新潟交通観光バス,,平島二丁目
D47,198,新潟交通,,保古野木
D47,199,新潟交通観光バス,,本町
D47,1A0,新潟交通,,牡丹山神社前
D47,1A1,新潟交通,,牡丹山三差路
D47,1A2,新潟交通,,牡丹山二丁目
D47,1A3,新潟交通観光バス,,堀の内南
D47,1A4,新潟交通,,北越高校前
D47,1A5,新潟交通,,堀の内
D47,1A6,新潟交通,,牡丹山四丁目
D47,1A8,新潟交通,,本町四丁目(松浜)
D47,1A9,新潟交通,,本町一丁目(松浜)
D47,1AA,新潟交通,,北部営業所
D47,1AB,新潟交通観光バス,,紡績口
D47,1AF,新潟交通,,県庁
D47,1B0,新潟交通,,本町通十四番町
D47,1B2,新潟交通,,槙尾
D47,1B4,新潟交通,,松海が丘
D47,1B5,新潟交通,,松美台
D47,1B7,新潟交通観光バス,,県庁東
D47,1B8,新潟交通,,京王団地
D47,1B9,新潟交通,,下場
D47,1BB,新潟交通,,丸山
D47,1BC,新潟交通,,丸山小学校前
D47,1BD,新潟交通,,競馬場厩舎前
D47,1BE,新潟交通,,新潟競馬場前
D47,1BF,新潟交通,,新潟競馬場前
D47,1C0,新潟交通,,敬和学園高校前
D47,1C1,新潟交通,,松崎大橋
D47,1C3,新潟交通,,松浜小学校前
D47,1C4,新潟交通,,松浜
D47,1C5,新潟交通,,松栄町
D47,1C6,新潟交通,,松浜病院前
D47,1CB,新潟交通,,宮前通
D47,1CC,新潟交通観光バス,,敬和学園大学前
D47,1CE,新潟交通,,小針小学校前
D47,1D0,新潟交通,,南浜通
D47,1D1,新潟交通,,聖園病院前
D47,1D3,新潟交通,,光桂寺前
D47,1D4,新潟交通,,南長潟
D47,1D5,新潟交通,,小針自由が丘
D47,1D6,新潟交通観光バス,,南高校前
D47,1D7,新潟交通,,新潟医療センター前
D47,1D8,新潟交通,,水島町
D47,1D9,新潟交通,,小新四丁目
D47,1DA,新潟交通,,護国神社前
D47,1DB,新潟交通,,国立西新潟中央病院前
D47,1DC,新潟交通,,江南警察署前
D47,1DD,新潟交通観光バス,,江南高校前
D47,1DE,新潟交通,,高志中等教育学校前
D47,1DF,新潟交通,,江南二丁目
D47,1E0,新潟交通,,江南小学校前
D47,1E3,新潟交通観光バス,,県立大学前
D47,1E4,新潟交通,,河渡北
D47,1E5,新潟交通,,向陽三丁目
D47,1E6,新潟交通,,河渡東
D47,1E7,新潟交通,,臨港町三丁目
D47,1E8,新潟交通観光バス,,河渡新町
D47,1EE,新潟交通,,兄弟堀
D47,1F1,新潟交通,,小針五丁目
D47,1F2,新潟交通,,小針六丁目
D47,1F3,新潟交通,,小針八丁目
D47,1F4,新潟交通,,工業高校入口
D47,1F5,新潟交通,,小新中学前
D47,1F9,新潟交通,,北谷内(中央区)
D47,1FA,新潟交通,,小須戸神社前
D47,1FD,新潟交通観光バス,,高校通
D47,1FE,新潟交通,,西区役所前
D47,200,新潟交通,,北山
D47,203,新潟交通,,北高校前
D47,206,新潟交通,,三百地
D47,207,新潟交通,,済生会病院
D47,209,新潟交通,,酒屋小学校前
D47,20A,新潟交通,,笹口二丁目
D47,20D,新潟交通,,酒屋郵便局前
D47,20E,新潟交通,,酒屋車庫
D47,20F,新潟交通,,幸町
D47,210,新潟交通,,笹口
D47,211,新潟交通,,猿が馬場一丁目
D47,212,新潟交通,,桜が丘
D47,217,新潟交通,,小針七丁目
D47,219,新潟交通,,北場
D47,21A,新潟交通観光バス,,市役所前(新潟市)
D47,21B,新潟交通,,新中浜
D47,21C,新潟交通,,下谷内
D47,21D,新潟交通観光バス,,下木戸
D47,21F,新潟交通観光バス,,木場宮前
D47,221,新潟交通観光バス,,木場川前
D47,224,新潟交通,,下坂井
D47,22E,新潟交通,,下土地亀
D47,230,アイ・ケーアライアンス,,三条・燕インター前
D47,232,新潟交通,,下江口
D47,233,新潟交通,,葛塚仲町
D47,235,新潟交通,,グリーン団地前
D47,236,新潟交通,,新大入口
D47,237,新潟交通,,新大国道口
D47,238,新潟交通,,黒鳥
D47,239,新潟交通,,新大正門
D47,23A,新潟交通,,新大中門
D47,23C,新潟交通,,新大南
D47,23D,新潟交通,,新大工学部前
D47,23F,新潟交通,,有明福祉タウン
D47,241,新潟交通観光バス,,下俵柳
D47,246,新潟交通観光バス,,新光町
D47,247,新潟交通,,新岡山
D47,248,新潟交通,,下大渕
D47,249,新潟交通,,新天野
D47,24B,新潟交通,,市営住宅前
D47,24C,新潟交通観光バス,,紫竹
D47,24D,新潟交通,,下早通
D47,24E,新潟交通観光バス,,本町六丁目(五泉市)
D47,258,新潟交通観光バス,,新津本町三丁目
D47,25A,新潟交通,,下松崎
D47,25B,新潟交通観光バス,,じゅんさい池
D47,25C,新潟交通,,下山
D47,25D,新潟交通,,松港橋
D47,25E,新潟交通,,島見町
D47,25F,新潟交通観光バス,,新潟日報メディアシップ
D47,260,新潟交通,,新富町入口
D47,261,新潟交通,,島見上通
D47,262,新潟交通,,島見浜
D47,263,新潟交通,,下山小学校前
D47,267,新潟交通観光バス,,下山田
D47,268,新潟交通観光バス,,下善久
D47,26C,アイ・ケーアライアンス,,一の木戸商店街
D47,276,アイ・ケーアライアンス,,一の木戸
D47,280,アイ・ケーアライアンス,,東三条駅前
D47,281,新潟交通,,須戸大橋
D47,282,新潟交通,,須戸入口
D47,283,新潟交通,,水道町一丁目
D47,28A,アイ・ケーアライアンス,,本町四丁目(三条市)
D47,28D,新潟交通観光バス,,末広橋
D47,28F,新潟交通,,水族館前
D47,291,新潟交通,,関屋大川前
D47,293,新潟交通,,清心学園前
D47,294,新潟交通,,西部営業所
D47,295,新潟交通,,善徳
D47,296,新潟交通,,ビッグスワン前
D47,29A,新潟交通観光バス,,善久
D47,29D,新潟交通観光バス,,関屋本村
D47,29E,頸城自動車,,柿崎
D47,2A5,新潟交通,,曽野木団地入口
D47,2A6,新潟交通,,曽野木一丁目
D47,2A7,新潟交通,,曽野木団地
D47,2A8,新潟交通,,曽野木ニュータウン
D47,2A9,新潟交通,,曽野木連絡所前
D47,2AA,新潟交通観光バス,,曽川
D47,2AC,新潟交通,,送信所前
D47,2AE,新潟交通,,牡丹山小学校入口
D47,2AF,新潟交通,,茗荷谷
D47,2B2,頸城自動車,,頸城
D47,2B3,新潟交通観光バス,,宮浦中学前
D47,2B4,新潟交通,,南浜病院前
D47,2B6,新潟交通,,三菱ガス化学前
D47,2B8,新潟交通,,湊町通四の町
D47,2B9,新潟交通,,湊町通二の町
D47,2BC,頸城自動車,,木田(木田交差点西) (上越市役所南)
D47,2C0,新潟交通,,女池二丁目
D47,2C1,新潟交通,,女池西
D47,2C3,新潟交通,,女池愛宕
D47,2C4,新潟交通,,女池インター前
D47,2C6,新潟交通/新潟交通観光バス,S9:亀田・横越線,盲学校入口
D47,2C7,新潟交通,,桃山町一丁目
D47,2C8,新潟交通観光バス,,物見山
D47,2CA,新潟交通,,谷内
D47,2CB,新潟交通,,山崎
D47,2CC,新潟交通観光バス,,山木戸
D47,2D0,頸城自動車,,能生
D47,2D5,新潟交通,,山木戸二丁目
D47,2D6,新潟交通,,山木戸三丁目
D47,2D7,新潟交通,,山木戸五丁目
D47,2D8,新潟交通,,山木戸六丁目
D47,2D9,新潟交通,,野球場科学館前
D47,2DA,新潟交通,,山潟小学校前
D47,2DB,新潟交通観光バス,,山二ツ大曲
D47,2DC,新潟交通観光バス,,山二ツ
D47,2E4,新潟交通,,山ノ下海浜公園前
D47,2E5,新潟交通,,山ノ下
D47,2E6,新潟交通,,山ノ下郵便局前
D47,2E7,新潟交通観光バス,,山の下中学前
D47,2E8,新潟交通観光バス,,山田堤付
D47,2ED,新潟交通,,有楽一丁目
D47,2EE,新潟交通,,四ツ郷屋
D47,2F4,新潟交通,,東特別支援学校前
D47,2F5,新潟交通,,米山
D47,2F8,頸城自動車,,横町一丁目
D47,2FA,新潟交通,,陽光ニュータウン
D47,2FB,新潟交通観光バス,,横七番町二丁目
D47,2FC,新潟交通,,両川工業団地前
D47,2FD,新潟交通,,両川農協前
D47,2FE,新潟交通,,臨港病院前
D47,2FF,新潟交通,,臨港二丁目
D47,300,新潟交通,,臨港町
D47,301,新潟交通,,流通センター二丁目
D47,302,新潟交通,,流通センター会館前
D47,303,新潟交通,,流通センター四丁目
D47,305,新潟交通,,和田
D47,306,新潟交通,,和田倉庫前
D47,307,新潟交通,,和合町
D47,30A,新潟交通観光バス,,古町
D47,30F,新潟交通,,藤見町
D47,310,新潟交通,,藤見中学前
D47,311,新潟交通観光バス,,附属学校前 (新潟大)
D47,312,新潟交通観光バス,,福寿団地
D47,314,新潟交通観光バス,,弁天二丁目
D47,315,新潟交通観光バス,,平成大橋西詰
D47,316,新潟交通,,坂井輪郵便局前
D47,317,新潟交通,,坂井
D47,319,新潟交通,,済生会病院前
D47,31A,新潟交通,,笹口大通
D47,31B,新潟交通,,酒屋三方
D47,31C,新潟交通,,猿が馬場二丁目
D47,31E,新潟交通,,佐渡汽船
D47,320,新潟交通,,青山本村
D47,325,新潟交通,,有明大橋西詰
D47,326,新潟交通,,有明西
D47,327,新潟交通観光バス,,網川原
D47,328,新潟交通観光バス,,天野
D47,329,新潟交通,,赤道下木戸
D47,32A,新潟交通,,鐙
D47,32B,新潟交通,,粟山
D47,32D,新潟交通観光バス,,明石二丁目
D47,331,新潟交通,,五十嵐中学前
D47,336,新潟交通,,入船町六丁目
D47,33A,新潟交通,,新田
D47,33B,新潟交通,,新大西門
D47,33C,新潟交通,,神宮前
D47,33D,新潟交通観光バス,,下鳥屋野
D47,33E,新潟交通,,紫竹山
D47,341,新潟交通,,浄化センター前
D47,342,新潟交通,,内野四番町
D47,343,頸城自動車,,上越インター富岡
D47,344,新潟交通,,姥が山寺浦
D47,348,新潟交通観光バス,,俵柳
D47,349,新潟交通,,竹尾神社前
D47,34D,新潟交通,,太夫浜
D47,34E,新潟交通,,太陽の村前
D47,34F,新潟交通,,太夫浜霊苑前
D47,350,新潟交通観光バス,,宝町
D47,351,新潟交通,,中権寺
D47,352,頸城自動車,,高土町
D47,356,新潟交通,,長者町南
D47,357,新潟交通,,南地区センター前
D47,35E,新潟交通,,大友
D47,35F,新潟交通観光バス,,大形本町
D47,360,新潟交通観光バス,,尾山
D47,364,新潟交通,,大形保育園前
D47,365,新潟交通観光バス,,大野新田町
D47,366,新潟交通観光バス,,大野下町
D47,367,新潟交通,,大形駅前
D47,368,新潟交通観光バス,,信濃川大橋西詰
D47,369,新潟交通観光バス,,荻島
D47,36B,新潟交通,,大山二丁目
D47,36C,新潟交通観光バス,,大通一丁目
D47,36D,新潟交通観光バス,,大通南
D47,370,新潟交通,,道場山
D47,371,新潟交通,,豊栄駅前
D47,373,新潟交通,,鳥屋野中学入口
D47,374,新潟交通,,東明二丁目
D47,375,新潟交通,,東京学館前
D47,378,新潟交通,,寺尾
D47,37A,新潟交通,,寺尾公園前
D47,37B,新潟交通,,寺尾新町東
D47,37C,新潟交通,,寺尾新町西
D47,37D,新潟交通,,寺尾台
D47,37F,新潟交通,,寺山
D47,384,新潟交通,,中谷内宮前
D47,385,新潟交通,,中野山東
D47,386,新潟交通,,新潟万代病院前
D47,387,新潟交通,,中野山四丁目
D47,388,新潟交通観光バス,,鍋潟新田
D47,389,新潟交通観光バス,,鍋潟宮前
D47,38E,頸城自動車,,直江津駅前
D47,38F,新潟交通観光バス,,中道山
D47,392,新潟交通,,なぎさ荘前
D47,393,新潟交通,,新潟西高校前
D47,394,新潟交通,,西新町
D47,395,新潟交通,,西坂井
D47,396,新潟交通観光バス,,新崎駅前
D47,397,新潟交通観光バス,,新崎
D47,398,新潟交通観光バス,,濁川中学前
D47,39A,新潟交通,,新潟駅
D47,39B,新潟交通,,新崎鉄工団地前
D47,39C,新潟交通,,新崎団地前
D47,39D,新潟交通,,新井郷
D47,39E,新潟交通観光バス,,新潟商業高校前
D47,39F,新潟交通,,昭和町
D47,3A0,新潟交通,,附属学校入口 (新潟大)
D47,3A1,新潟交通,,西野入口
D47,3A2,新潟交通,,西山
D47,3A5,新潟交通観光バス,,新潟ふるさと村
D47,3A6,新潟交通観光バス,,西大畑坂上 (砂丘館入口)
D47,3A7,新潟交通,,西堀通十番町
D47,3A9,新潟交通観光バス,,沼垂白山
D47,3AA,新潟交通,,沼垂四ツ角
D47,3AB,新潟交通,,万代高校前
D47,3AD,新潟交通観光バス,,万代シテイ
D47,3AE,新潟交通,,白新町
D47,3AF,新潟交通,,浜松町
D47,3B0,新潟交通,,浜浦町一丁目
D47,3B1,新潟交通,,早通学校前
D47,3B4,新潟交通,,白山駅前
D47,3B8,新潟交通観光バス,,東中通
D47,3BA,新潟交通観光バス,,東新潟中学前
D47,3BB,新潟交通観光バス,,一日市
D47,3C0,新潟交通,,東臨港町
D47,3C1,新潟交通観光バス,,東青山
D47,3C3,新潟交通,,東堀通七番町
D47,3C5,新潟交通,,上坂井
D47,3CA,新潟交通,,上江口
D47,3CB,新潟交通,,上新栄町地蔵前
D47,3CC,新潟交通,,上新栄町
D47,3CD,新潟交通,,金巻興野
D47,3CE,新潟交通,,学校町三番町
D47,3D0,新潟交通,,上和田
D47,3D3,新潟交通,,総合福祉会館前
D47,3D4,新潟交通,,上所小学校前
D47,3D5,新潟交通観光バス,,亀田駅前
D47,3D6,新潟交通観光バス,,亀田下町
D47,3DE,越後交通,,南町
D47,3E6,新潟交通,,上山学校前
D47,3E7,新潟交通観光バス,,金巻
D47,3E8,新潟交通,,環境公社前
D47,3EF,新潟交通,,川岸町三丁目
D47,3F1,新潟交通,,北浜谷町
D47,3F2,新潟交通,,船江町二丁目
D47,3F4,新潟交通,,小針南台一
D47,3F5,新潟交通,,小針南台
D47,3F7,新潟交通,,小針十字路
D47,3F8,新潟交通,,小針二丁目
D47,3F9,新潟交通,,小針四丁目
D47,3FB,新潟交通,,河渡南
D47,3FC,新潟交通,,河渡
D47,3FD,新潟交通,,河渡二丁目
D47,3FE,新潟交通,,向陽二丁目
D47,3FF,新潟交通観光バス,,空港入口
D47,405,新潟交通観光バス,,平島
D47,406,新潟交通観光バス,,川口
D47,409,新潟交通観光バス,,寿小路
D47,40D,新潟交通,,明田
D47,40F,新潟交通,,南県営住宅前
D47,410,新潟交通,,宮本橋
D47,411,新潟交通観光バス,,南紫竹二丁目
D47,412,新潟交通観光バス,,南紫竹一丁目
D47,413,新潟交通,,美の里団地
D47,419,新潟交通,,松波町一丁目
D47,41A,新潟交通,,松波町三丁目
D47,41B,新潟交通,,真砂町
D47,41C,新潟交通観光バス,,舞潟
D47,421,新潟交通,,松崎
D47,422,新潟交通,,松浜二丁目
D47,423,新潟交通,,松浜中学前
D47,424,新潟交通,,太郎代入口
D47,426,新潟交通観光バス,,競馬場入口
D47,428,新潟交通,,競馬場北口
D47,42A,新潟交通,,本所
D47,42B,新潟交通,,堀割橋西詰
D47,430,新潟交通,,本町二丁目(松浜)
D47,432,新潟交通,,本町通五番町
D47,433,新潟交通観光バス,,柳が丘団地
D47,440,新潟交通,,下道上が丘
D47,441,新潟交通観光バス,,駅前通(新発田)
D47,442,新潟交通,,緒立温泉前
D47,443,新潟交通,,青山六丁目
D47,445,新潟交通,,小新大通団地
D47,446,新潟交通,,女池神明
D47,447,新潟交通,,女池西二丁目
D47,448,新潟交通,,女池桜木町
D47,449,新潟交通,,五十嵐二の町南
D47,44C,新潟交通,,万代町
D47,44D,新潟交通,,白山浦
D47,44E,新潟交通,,中浜団地入口
D47,44F,新潟交通,,早通宮前
D47,450,新潟交通,,免許センター
D47,453,新潟交通,,平和台団地前
D47,455,新潟交通,,旭三丁目
D47,456,新潟交通,,太郎代
D47,457,新潟交通,,松山
D47,45A,新潟交通,,中野山五丁目
D47,45C,新潟交通,,石山第二団地
D47,45E,新潟交通,,他門(北区)
D47,460,越後交通,,千手三丁目
D47,46A,越後交通,,大手通二丁目
D47,474,越後交通,,長岡駅前
D47,488,越後交通,,五百刈
D47,48A,新潟交通観光バス,,県庁前
D47,4BA,越後交通,,今朝白一丁目
D47,4C4,アイ・ケーアライアンス,,越路
D47,4CE,アイ・ケーアライアンス,,片貝
D47,4D8,アイ・ケーアライアンス,,小千谷
D47,4E2,アイ・ケーアライアンス,,越後川口
D47,4EC,アイ・ケーアライアンス,,小出
D47,4F6,アイ・ケーアライアンス,,六日町
D47,500,アイ・ケーアライアンス,,山本
D47,508,新潟交通,,東堀通六番町 (マンガの家入口)
D47,50A,アイ・ケーアライアンス,,十日町本町一丁目
D47,512,新潟交通,,西堀通四番町
D47,514,アイ・ケーアライアンス,,十日町本町3丁目
D47,515,新潟交通観光バス,,新堀通
D47,516,新潟交通,,五十嵐一の町
D47,517,新潟交通,,五十嵐団地前
D47,518,新潟交通,,BSN前
D47,51E,アイ・ケーアライアンス,,十日町本町六丁目
D47,520,新潟交通,,がんセンター前
D47,521,新潟交通,,竹尾
D47,531,新潟交通観光バス,,大野
D47,538,新潟交通,,南浜中学前
D47,53C,新潟交通,臨時バス,㋷柳原団地前
D47,553,新潟交通,臨時バス,新潟テルサ
D47,56A,新潟交通観光バス,,新津本町二丁目
D47,594,新潟交通,臨時直行バス,夕日コンサート会場
D47,5A3,新潟交通,,スポーツ公園前
D47,5A5,新潟交通,,天寿園前
D47,5A9,新潟交通,臨時直行バス,東総合スポーツセンター
D47,5BE,新潟交通観光バス,,黒埼出張所前
D47,5BF,新潟交通,,東関屋
D47,5C0,新潟交通観光バス,,ときめき
D47,5C1,新潟交通観光バス,,山田小学校前
D47,5C3,新潟交通観光バス,,大通黄金四丁目
D47,5C4,新潟交通観光バス,,大通黄金七丁目
D47,5C8,新潟交通,,竹尾インター前
D47,5D2,新潟交通,,坂井輪小学校前
D47,5D3,新潟交通,,坂井東二丁目
D47,5D4,新潟交通,,坂井東三丁目
D47,5D5,新潟交通,,坂井東小学校入口
D47,5D6,新潟交通,,新通小学校前
D47,5D7,新潟交通,,坂井村上下
D47,5D8,新潟交通,,坂井村上
D47,5D9,新潟交通,,新通橋
D47,5DA,新潟交通,,小見郷屋
D47,5E0,新潟交通,,ひばり荘前
D47,5E1,新潟交通,,窪田町東
D47,5E2,新潟交通,,窪田町西
D47,5E3,新潟交通,,浮洲町
D47,5E6,新潟交通,,新潟医療福祉大学
D47,5E7,新潟交通,,新潟医療福祉大学入口
D47,5E8,新潟交通,,スポーツ公園バスターミナル (デンカビッグスワンスタジアム)
D47,5ED,新潟交通,,入船みなとタワー前
D47,5EE,新潟交通,,万代テラス
D47,5F2,新潟交通,,朱鷺メッセ
D47,5F9,新潟交通,イベント臨時バス,新潟県民会館前
D47,5FA,新潟交通観光バス,,井随口
D47,607,新潟交通,,信楽園病院
D47,608,新潟交通,,新通南
D47,609,新潟交通,,西坂井団地
D47,60A,新潟交通,,五十嵐東一丁目
D47,60B,新潟交通,,西総合スポーツセンター前
D47,60C,新潟交通観光バス,,黒埼市民会館前
D47,60D,新潟交通観光バス,,立仏公民館前
D47,60E,新潟交通観光バス,,焼鮒団地北
D47,60F,新潟交通観光バス,,焼鮒団地南
D47,610,新潟交通,,小新ポンプ場前
D47,611,新潟交通,,桃山町二丁目
D47,622,新潟交通,,横越
D47,626,新潟交通,,太夫浜新町一丁目
D47,62C,新潟交通観光バス,,横越農協前
D47,631,新潟交通,,笠木小学校前
D47,632,新潟交通,,あそか苑前
D47,636,新潟交通観光バス,,横町
D47,63C,新潟交通,,市民病院西
D47,63D,新潟交通,,新潟市民病院
D47,63E,新潟交通,,市民病院南
D47,63F,新潟交通,,高美町
D47,640,新潟交通観光バス,,下山口
D47,647,新潟交通,,新津記念館前
D47,64A,新潟交通観光バス,,下条元町
D47,64C,新潟交通,新潟市観光循環バス,新潟市美術館入口
D47,654,新潟交通,,赤塚駅前
D47,655,新潟交通,,おおはくちょう橋
D47,656,新潟交通,,国際情報大学前
D47,657,新潟交通,,かただ公園前
D47,658,新潟交通,,赤塚小学校前
D47,668,新潟交通観光バス,,潟東営業所
D47,672,新潟交通,,美咲合同庁舎
D47,690,新潟交通観光バス,,魚町
D47,6A4,新潟交通,,女池上山一丁目
D47,6A5,新潟交通,,イオンモール新潟南
D47,6A6,新潟交通,,新潟青陵大学前
D47,6A7,新潟交通,,天野一丁目
D47,6C0,新潟交通,,中山五丁目
D47,6C1,新潟交通,,本馬越
D47,6C5,新潟交通観光バス,,下島公園前
D47,6C7,新潟交通,,太平二丁目
D47,6C8,新潟交通,,下山スポーツセンター
D47,6C9,新潟交通,,岡山跨線橋
D47,6CA,新潟交通,,牡丹山一丁目
D47,6CB,新潟交通,,牡丹山十字路
D47,6CC,新潟交通,,牡丹山五丁目
D47,6CD,新潟交通,,木戸中学前
D47,6CE,新潟交通,,はなみずき
D47,6CF,新潟交通,,木戸病院
D47,6D1,新潟交通,,ピアBandai
D47,6D3,新潟交通,新潟市観光循環バス,北前船の時代館前
D47,6D4,新潟交通,,北方文化博物館新潟分館前
D47,6D5,新潟交通,新潟市観光循環バス,北方文化博物館新潟分館入口
D47,6D7,新潟交通,,いくとぴあ食花前
D47,6D8,新潟交通,,新日本海フェリー
D47,6D9,新潟交通,,新潟大学病院
D47,6DA,新潟交通,,新潟LOTS
D47,6DB,新潟交通,,幸西三丁目
D47,6DC,新潟交通,,赤塚
D47,6DD,新潟交通,,五菜堀
D47,6DE,新潟交通,,川端町四丁目
D47,6DF,新潟交通,,川端町二丁目
D47,6E1,新潟交通,,西堀通二番町
D47,6E2,新潟交通,,平成通
D47,6E3,新潟交通,,上所上
D47,6E4,新潟交通,,上近江二丁目
D47,6E5,新潟交通,,女池北
D47,6E6,新潟交通,,舟江診療所前
D47,6E7,新潟交通観光バス,,木場
D47,6E8,新潟交通,,北陽
D47,6E9,新潟交通,,尾山ニュータウン
D47,6EB,新潟交通,,芋黒
D47,6EC,新潟交通,,豊栄ショッピングセンター
D47,6ED,新潟交通,,石動一丁目
D47,6EE,新潟交通,,豊栄駅北口
D47,6EF,新潟交通,,亀貝中央 (いっぺこーと)
D47,6F0,新潟交通,,小針六丁目南
D47,6F1,新潟交通,,小針三丁目
D47,6F2,新潟交通,,平島公園前
D47,6F3,新潟交通,,東青山二丁目
D47,6F5,新潟交通,,亀貝東
D47,6F6,新潟交通,,小新南
D47,6F7,新潟交通,,小針中学前
D47,6F8,新潟交通観光バス,,白根大通病院前
D47,6F9,新潟交通,,東青山一丁目
D47,6FA,新潟交通,,木崎小グラウンド前
D47,6FB,新潟交通,,上大川前通三番町
D47,6FC,新潟交通,,上大川前通二番町
D47,6FE,新潟交通観光バス,,五の町
D47,6FF,新潟交通,,弁天橋姥が山
D47,700,新潟交通,,山二ツ三丁目
D47,701,新潟交通観光バス,,亀田駅西口
D47,702,新潟交通,,内野駅南口
D47,703,新潟交通,,新津屋小路
D47,704,新潟交通,,江南区役所
D47,705,新潟交通,,ピアBandai前
D47,709,新潟交通,,護国神社入口
D47,70A,新潟交通,,古町花街入口 (古町8番町・新潟シティホテル前)
D47,70B,新潟交通,,旧小澤家住宅入口
D47,70C,新潟交通,,万代テラス
D47,70D,新潟交通,,水上バス乗り場・朱鷺メッセ前
D47,70E,新潟交通,,新潟県港湾資料室
D47,70F,新潟交通観光バス,,小須戸新町3丁目
D47,710,新潟交通観光バス,,小須戸出張所前
D47,711,新潟交通観光バス,,佐々木太子堂前
D47,712,新潟交通,,佐々木駅前
D47,71C,新潟交通観光バス,,山崎興野
D47,730,新潟交通観光バス,,寺社
D47,74E,新潟交通観光バス,,自動車学校前
D47,758,新潟交通観光バス,,住吉町
D47,762,新潟交通観光バス,,十五間
D47,776,新潟交通観光バス,,曙町
D47,78A,新潟交通観光バス,,上塩俵
D47,7A8,新潟交通観光バス,,上山口
D47,7BC,新潟交通観光バス,,新栄町
D47,802,新潟交通観光バス,,新発田営業所
D47,80C,新潟交通観光バス,,新発田駅前
D47,816,新潟交通観光バス,,神明前
D47,820,新潟交通観光バス,,水原
D47,82A,新潟交通観光バス,,水原下町
D47,834,新潟交通観光バス,,水原岡山町
D47,83E,新潟交通観光バス,,水原小学校前
D47,848,新潟交通観光バス,,水原上町
D47,852,新潟交通観光バス,,水原中学前
D47,85C,新潟交通観光バス,,水原仲町
D47,866,新潟交通観光バス,,西園町一丁目西
D47,870,新潟交通観光バス,,石川小路
D47,87A,新潟交通観光バス,,千刈団地前
D47,88E,新潟交通観光バス,,川根谷内入口
D47,8CA,新潟交通観光バス,,大曲
D47,910,新潟交通観光バス,,中央高校前
D47,91A,新潟交通観光バス,,中央町
D47,924,新潟交通観光バス,,中山口
D47,92E,新潟交通観光バス,,中島
D47,938,新潟交通観光バス,,中島三差路
D47,956,新潟交通観光バス,,東港入口
D47,974,新潟交通観光バス,,内島見
D47,988,新潟交通観光バス,,日の出町
D47,992,新潟交通観光バス,,能登
D47,99C,新潟交通観光バス,,白根桜町
D47,9A6,新潟交通観光バス,,白根農協前
D47,9C4,新潟交通観光バス,,瓢湖前
D47,9E2,新潟交通観光バス,,保坂
D47,9EC,新潟交通観光バス,,保田学校前
D47,9F6,新潟交通観光バス,,保田四ツ角
D47,A00,新潟交通観光バス,,保田車庫前
D47,A14,新潟交通観光バス,,北田中
D47,A1E,新潟交通観光バス,,堀越
D47,A28,新潟交通観光バス,,堀越農協前
D47,A64,新潟交通観光バス,,緑が丘病院前
D47,A6E,新潟交通観光バス,,緑岡団地前
D47,ABE,新潟交通観光バス,,川根谷内
D47,AC8,新潟交通観光バス,,下黒瀬
D47,AD2,新潟交通観光バス,,中黒瀬
D47,ADC,新潟交通観光バス,,上黒瀬
D47,AE6,新潟交通観光バス,,田山
D47,AF0,新潟交通観光バス,,飯森杉
D47,AFA,新潟交通観光バス,,小里
D47,C44,頸城自動車,,上越市役所入口
D47,C4E,頸城自動車,,市民プラザ前
D47,C6C,新潟交通観光バス,,阿賀野高校前
D47,C76,新潟交通観光バス,,京ヶ瀬支所前
D47,C8A,新潟交通観光バス,,保田横町
D47,C94,新潟交通観光バス,,上寺社
D47,C9E,新潟交通観光バス,,原中屋
D47,CA8,新潟交通観光バス,,上堀越
D47,CB2,新潟交通観光バス,,牧の島
D47,CD0,新潟交通観光バス,,田家寺前
D47,CF8,新潟交通観光バス,,東島
D47,D02,新潟交通観光バス,,朝日
D47,D0C,新潟交通観光バス,,古津駅前
D47,D2A,新潟交通観光バス,SW6金津線,金津寺前
D47,D34,新潟交通観光バス,SW6金津線,金津
D47,D48,新潟交通観光バス,,矢代田駅前
D47,D98,新潟交通観光バス,,小須戸二丁目
D47,DA2,新潟交通観光バス,,小須戸四丁目
D47,DAC,新潟交通観光バス,,うでこき
D47,DC0,越後交通,,柏崎地域振興局入口
D47,DC1,頸城自動車,,古町(高)
D47,DC2,泉観光バス,,市役所前(高)
D47,DC3,頸城自動車,,鳥原(高)
D47,DC4,頸城自動車,,巻・潟東(高)
D47,DC5,頸城自動車,,栄
D47,DC6,泉観光バス,,新潟駅前(高)
D47,DC7,泉観光バス,,県庁東(高)
D47,DC8,新潟交通観光バス,,中央橋南口
D47,DDA,アイ・ケーアライアンス,,下須頃
D47,DDB,アイ・ケーアライアンス,,競馬場前(三条市)
D47,DDC,アイ・ケーアライアンス,,本町三丁目(三条市)
D47,DDD,アイ・ケーアライアンス,,本町一丁目(三条市)
D47,DE0,越後交通,,柏崎営業所入口
D47,DE2,アイ・ケーアライアンス,,本町六丁目(三条市)
D47,DE3,泉観光バス,,郷屋川二丁目
D47,DE5,泉観光バス,,今泉
D47,100E,新潟交通観光バス,,月潟
D47,1018,新潟交通観光バス,,西萱場
D47,1022,新潟交通観光バス,,上曲
D47,102C,新潟交通観光バス,,曲
D47,1036,新潟交通観光バス,,千日
D47,1040,新潟交通観光バス,,千日下
D47,104A,新潟交通観光バス,,白根上
D47,1054,新潟交通観光バス,,白根中
D47,105E,新潟交通観光バス,,にししろね保育園前
D47,1068,新潟交通観光バス,,白根下
D47,1072,新潟交通観光バス,,笹川邸入口
D47,107C,新潟交通観光バス,,健康センター前
D47,1086,新潟交通観光バス,,味方下
D47,1090,新潟交通観光バス,,味方学校前
D47,109A,新潟交通観光バス,,吉江
D47,10A4,新潟交通観光バス,,吉田新田
D47,10AE,新潟交通観光バス,,山王
D47,10B8,新潟交通観光バス,,大倉
D47,10C2,新潟交通観光バス,,居宿
D47,10CC,新潟交通観光バス,,板井公民館前
D47,10D6,新潟交通観光バス,,板井下
D47,10E0,新潟交通観光バス,,木場駅跡
D47,1112,新潟交通観光バス,,小須戸神社前
D47,111C,新潟交通観光バス,,小須戸五丁目
D47,1126,新潟交通観光バス,,下興野(小須戸)
D47,1127,新潟交通観光バス,,下興野(新津)
D47,1130,新潟交通観光バス,,浦興野
D47,113A,新潟交通観光バス,,子成場
D47,1144,新潟交通観光バス,,蕨曽根
D47,114E,新潟交通観光バス,,大秋橋
D47,1158,新潟交通観光バス,,大秋公会堂前
D47,1162,新潟交通観光バス,,三ツ屋
D47,116C,新潟交通観光バス,,三枚潟
D47,1176,新潟交通観光バス,,覚路津
D47,1180,新潟交通観光バス,,花ノ牧
D47,118A,新潟交通観光バス,,上和田堤防
D47,1194,新潟交通観光バス,,和田堤防
D47,11DA,新潟交通観光バス,,白根小学校前
D47,11E4,新潟交通観光バス,,中央通六
D47,11EE,新潟交通観光バス,,簔口
D47,11F8,新潟交通観光バス,,古川宮前
D47,1202,新潟交通観光バス,,上古川
D47,120C,新潟交通観光バス,,古川三方
D47,1216,新潟交通観光バス,,下古川
D47,1220,新潟交通観光バス,,朝捲
D47,122A,新潟交通観光バス,,小蔵子三方
D47,1234,新潟交通観光バス,,臼井仲町
D47,123E,新潟交通観光バス,,臼井南
D47,1248,新潟交通観光バス,,出戸
D47,1252,新潟交通観光バス,,小合小学校前
D47,125C,新潟交通観光バス,,川根
D47,1266,新潟交通観光バス,,小合農協前
D47,1270,新潟交通観光バス,,小戸三方
D47,127A,新潟交通観光バス,,小合東小学校前
D47,1284,新潟交通観光バス,,大鹿
D47,128E,新潟交通観光バス,,大鹿宮前
D47,1298,新潟交通観光バス,,大鹿寺前
D47,12A2,新潟交通観光バス,,天神
D47,12AC,新潟交通観光バス,,山谷
D47,12C0,新潟交通観光バス,,白根高校前
D47,12CA,新潟交通観光バス,,和泉
D47,12DE,新潟交通観光バス,,鍋潟
D47,12E8,新潟交通観光バス,,鼠新田
D47,12F2,新潟交通観光バス,,戸石
D47,12FC,新潟交通観光バス,,小須戸一丁目
D47,1306,新潟交通観光バス,,小須戸出張所前
D47,1310,新潟交通観光バス,,小須戸中学前
D47,131A,新潟交通観光バス,,新保(秋葉区)
D47,1324,新潟交通観光バス,,矢代田西口
D47,132E,新潟交通観光バス,,新津南高校前
D47,1338,新潟交通観光バス,,蒲ヶ沢
D47,1342,新潟交通観光バス,,新津美術館入口
D47,134C,新潟交通観光バス,,中村
D47,1356,新潟交通観光バス,,程島
D47,1360,新潟交通観光バス,,田家
D47,13B0,新潟交通観光バス,,亀田駅西口
D47,13CE,新潟交通観光バス,,江南区役所
D47,1400,新潟交通観光バス,,長潟
D47,140A,新潟交通観光バス,,鐘木鍋潟
D47,1478,蒲原鉄道,,新潟市民病院
D47,147A,頸城自動車,,潟町
D47,147B,頸城自動車,,名立・谷浜
D47,147C,頸城自動車,,早川
D47,147D,頸城自動車,,糸魚川インター前
D47,147E,頸城自動車,,イオンタウン糸魚川前
D47,147F,頸城自動車,,糸魚川駅前
D47,1480,頸城自動車,,長岡北
D47,1481,頸城自動車,,大積
D47,1482,アイ・ケーアライアンス,,クロステン十日町
D47,1484,頸城自動車,,曽地
D47,1485,頸城自動車,,柏崎
D47,1486,頸城自動車,,上方
D47,1487,頸城自動車,,寺村
D47,1488,頸城自動車,,高田駅前
D47,148B,頸城自動車,,直江津ショッピングセンター前
D47,148D,頸城自動車,,マルケーバスセンター
D47,148E,泉観光バス,,万代シテイ
D47,148F,頸城自動車,,北城町三丁目
D47,1490,頸城自動車,,西山
D47,1491,越後交通,,柏崎インター
D47,1492,越後交通,,日吉町
D47,1493,越後交通,,柏崎駅前
D47,1494,泉観光バス,,中央インター前
D47,1495,泉観光バス,,酒屋
D47,1497,泉観光バス,,川口
D47,1498,泉観光バス,,安田インター
D47,1499,泉観光バス,,諭瀬十字路
D47,149B,越後交通,,長岡インター
D47,149C,越後交通,,西長岡 (旧 西長岡案内所)
D47,149D,越後交通,,大島三丁目
D47,1540,新潟交通観光バス,,亀田NTT前
D47,154A,新潟交通観光バス,,袋津
D47,1554,新潟交通観光バス,,横越堤防
D47,155E,新潟交通観光バス,,沢海新田
D47,1568,新潟交通観光バス,,下沢海
D47,1572,新潟交通観光バス,,上沢海博物館前
D47,157C,新潟交通観光バス,,満願寺水門
D47,1586,新潟交通観光バス,,満願寺
D47,1590,新潟交通観光バス,,中新田
D47,159A,新潟交通観光バス,,中新田駐在所前
D47,15A4,新潟交通観光バス,,新津工業高校前
D47,15AE,新潟交通観光バス,,金沢町二丁目
D47,15B8,新潟交通観光バス,,金沢町一丁目
D47,15C2,新潟交通観光バス,,新町
D47,15CC,新潟交通観光バス,,新津駅
D47,15D6,新潟交通観光バス,,阿賀浦橋東詰
D47,15E0,新潟交通観光バス,,京ヶ瀬営業所
D47,15EA,新潟交通観光バス,,亀田中学前
D47,15F4,新潟交通観光バス,,城山
D47,15FE,新潟交通観光バス,,下郷
D47,1608,新潟交通観光バス,,二本木
D47,1612,新潟交通観光バス,,中野
D47,161C,新潟交通観光バス,,新津第二中学前
D47,1626,新潟交通観光バス,,荻島
D47,1630,新潟交通観光バス,,結学校前
D47,163A,新潟交通観光バス,,結
D47,1644,新潟交通観光バス,,北上二丁目
D47,164E,新潟交通観光バス,,北上三丁目
D47,1658,新潟交通観光バス,,善道町
D47,1662,新潟交通観光バス,,秋葉区役所前 (総合体育館前)
D47,166C,新潟交通観光バス,,地域振興局新津庁舎前
D47,1676,新潟交通観光バス,SW6金津線,朝日橋
D47,1680,新潟交通観光バス,SW6金津線,朝日観音入口
D47,168A,新潟交通観光バス,SW6金津線,割町
D47,1694,新潟交通観光バス,SW6金津線,塩谷(秋葉区)
D47,169E,新潟交通観光バス,SW6金津線,中金津
D47,16A8,新潟交通観光バス,SW5,新潟薬科大学前
D47,16C6,新潟交通観光バス,,鯵潟陽向台
D47,16D0,新潟交通観光バス,,根岸
D47,1770,新潟交通観光バス,,東区役所(新潟市)
D47,1771,新潟交通観光バス,,上木戸
D47,1772,新潟交通観光バス,,木戸中学前
D47,1773,新潟交通観光バス,,はなみずき
D47,1774,新潟交通観光バス,,木戸病院
D47,1775,新潟交通観光バス,,中野山四丁目
D47,1776,新潟交通観光バス,,石山六丁目
D47,1777,新潟交通観光バス,,石山駅入口北
D47,1778,新潟交通観光バス,,石山駅入口南
D47,1779,新潟交通観光バス,,粟山
D47,177A,新潟交通観光バス,,中野山五丁目
D47,177B,新潟交通観光バス,,中野山東
D47,177C,新潟交通観光バス,,石山第二団地
D47,177D,新潟交通観光バス,,猿が馬場一丁目
D47,177E,新潟交通観光バス,,猿が馬場二丁目
D47,177F,新潟交通観光バス,,新岡山
D47,1780,新潟交通観光バス,,岡山
D47,1781,新潟交通観光バス,,岡山跨線橋
D47,1782,新潟交通観光バス,,逢谷内
D47,1783,新潟交通観光バス,,中道山
D47,1784,新潟交通観光バス,,浜谷町
D47,1785,新潟交通観光バス,,宝町
D47,1786,新潟交通観光バス,,山の下中学前
D47,1787,新潟交通観光バス,,秋葉一丁目
D47,1788,新潟交通観光バス,,桃山町一丁目
D47,1789,新潟交通観光バス,,桃山町二丁目
D47,178A,新潟交通観光バス,,臨港病院前
D47,178B,新潟交通観光バス,,希望が丘メディカルタウン
D47,178C,新潟交通観光バス,,錦町
D47,178D,新潟交通観光バス,,フレスポ赤道前
D47,178E,新潟交通観光バス,,鴎橋
D47,178F,新潟交通観光バス,,笹口
D47,1790,新潟交通観光バス,,市営住宅前
D47,1791,新潟交通観光バス,,牡丹山四丁目
D47,1792,新潟交通観光バス,,牡丹山二丁目
D47,1793,新潟交通観光バス,,下木戸
D47,1794,新潟交通観光バス,,河渡二丁目
D47,1795,新潟交通観光バス,,河渡北
D47,1796,新潟交通観光バス,,北葉町
D47,1797,新潟交通観光バス,,山の下庁舎前
D47,179C,新潟交通観光バス,,小新大通団地
D47,179E,新潟交通観光バス,,工業高校入口
D47,179F,新潟交通観光バス,,小新中学前
D47,17A0,新潟交通観光バス,,流通センター二丁目
D47,17A1,新潟交通観光バス,,流通センター会館前
D47,17A2,新潟交通観光バス,,流通センター四丁目
D47,17A3,新潟交通観光バス,,西警察署前
D47,17A4,新潟交通観光バス,,寺尾新町東
D47,17A5,新潟交通観光バス,,寺尾新町西
D47,17A6,新潟交通観光バス,,下道上が丘
D47,17A7,新潟交通観光バス,,上道上が丘
D47,17A8,新潟交通観光バス,,五十嵐東一丁目
D47,17A9,新潟交通観光バス,,西総合スポーツセンター前
D47,17AA,新潟交通観光バス,,清心学園前
D47,17AB,新潟交通観光バス,,新潟科学技術学園前
D47,17AC,新潟交通観光バス,,五十嵐中学前
D47,17AD,新潟交通観光バス,,上新栄町
D47,17AE,新潟交通観光バス,,上新栄町地蔵前
D47,17AF,新潟交通観光バス,,松海が丘
D47,17B0,新潟交通観光バス,,真砂町
D47,17B1,新潟交通観光バス,,国立西新潟中央病院前
D47,17B2,新潟交通観光バス,,有明西
D47,17B3,新潟交通観光バス,,有明福祉タウン
D47,17B4,新潟交通観光バス,,聖園病院前
D47,17B5,新潟交通観光バス,,上山
D47,17B6,新潟交通観光バス,,松美台
D47,17B7,新潟交通観光バス,,小針十字路
D47,17B8,新潟交通観光バス,,小針四丁目
D47,17B9,新潟交通観光バス,,小新ポンプ場前
D47,17BA,新潟交通観光バス,,小新四丁目
D47,17BB,新潟交通観光バス,,済生会病院
D47,17BC,新潟交通観光バス,,旭三丁目
D47,17BD,新潟交通観光バス,,鵜ノ子
D47,17BE,新潟交通観光バス,,江南警察署前
D47,17BF,新潟交通観光バス,,亀田工業団地入口
D47,17C0,新潟交通観光バス,,イオンモール新潟南
D47,17C1,新潟交通観光バス,,下早通
D47,17C2,新潟交通観光バス,,丸潟
D47,17C3,新潟交通観光バス,,新浦
D47,17C4,新潟交通観光バス,,嘉木
D47,17C5,新潟交通観光バス,,新天野
D47,17C6,新潟交通観光バス,,曽野木連絡所前
D47,17C7,新潟交通観光バス,,曽野木ニュータウン
D47,17C8,新潟交通観光バス,,曽野木団地
D47,17C9,新潟交通観光バス,,東京学館前
D47,17CA,新潟交通観光バス,,鳥屋野潟公園前
D47,17CB,新潟交通観光バス,,新潟市民病院
D47,17CC,新潟交通観光バス,,アスパーク亀田
D47,17CD,新潟交通観光バス,,城山
D47,17CE,新潟交通観光バス,,亀田中学前
D47,17CF,新潟交通観光バス,,亀田上町
D47,17D0,新潟交通観光バス,,亀田仲町
D47,17D1,新潟交通観光バス,,亀田下町
D47,17D2,江南区区バス,江01アスパーク病院ルート,江南区福祉センター
D47,17D3,新潟交通観光バス,,亀田第一病院前
D47,1A04,新潟交通観光バス,,舟江診療所前
D47,1A05,新潟交通観光バス,,西船見町
D47,1A06,新潟交通観光バス,,二葉町二丁目
D47,1A07,新潟交通観光バス,,寄居町十字路前
D47,1A0E,新潟交通観光バス,,本町通十一番町
D47,1A22,新潟交通観光バス,,クロスパル前
D47,1A2C,新潟交通観光バス,,二葉町一丁目
D47,1A36,新潟交通観光バス,,二葉町三丁目
D47,1A40,新潟交通観光バス,,ワークセンター日和山前
D47,1A4A,新潟交通観光バス,,四ツ屋町一丁目
D47,1A54,新潟交通観光バス,,四ツ屋町二丁目
D47,1A5E,新潟交通観光バス,,寄附町
D47,1A68,新潟交通観光バス,,西区役所前
D47,1A69,新潟交通観光バス,,小針坂
D47,1A6A,新潟交通観光バス,,イオン新潟西前
D47,1A6B,新潟交通観光バス,,小新南
D47,1A6C,新潟交通観光バス,,亀貝西
D47,1A72,新潟交通観光バス,,亀貝
D47,1A7C,新潟交通観光バス,,いっぺこ〜と (亀貝中央)
D47,1A9A,新潟交通観光バス,,旧聾学校入口
D47,1AA4,新潟交通観光バス,,小新本村
D47,1AAE,新潟交通観光バス,,白鳥の里
D47,1AB8,新潟交通観光バス,,坂井輪幼稚園前
D47,1AC2,新潟交通観光バス,,寺尾駅入口
D47,1ACC,新潟交通観光バス,,小針駅前
D47,1AD6,新潟交通観光バス,,新潟医療センター西
D47,1AEA,新潟交通観光バス,,牛海道中央公園
D47,1AF4,新潟交通観光バス,,桑名病院前
D47,1AFE,新潟交通観光バス,,太平
D47,1B08,新潟交通観光バス,,向陽
D47,1B12,新潟交通観光バス,,有楽
D47,1B1C,新潟交通観光バス,,松崎一丁目
D47,1B26,新潟交通観光バス,,松崎ショッピングセンター
D47,1B30,新潟交通観光バス,,大形本町一丁目
D47,1B3A,新潟交通観光バス,,中地区コミュニティセンター入口
D47,1B44,新潟交通観光バス,,幸栄一丁目
D47,1B4E,新潟交通観光バス,,河渡ショッピングセンター
D47,1B58,新潟交通観光バス,,中木戸
D47,1B62,新潟交通観光バス,,中山五丁目
D47,1B6C,新潟交通観光バス,,本馬越
D47,1BEE,新潟交通観光バス,,曽野木ニュータウン南
D47,1C2D,越後交通,,大島3丁目
D47,1C2E,越後交通,,長生橋西詰
D47,1C2F,越後交通,,千手3丁目
D47,1C30,越後交通,,大手通り2丁目
D47,1C31,越後交通,,長岡駅前
D47,1C32,越後交通,,アオーレ長岡前
D47,1C33,越後交通,,スズラン通り
D47,1C34,越後交通,,関東町
D47,1C35,越後交通,,神田1丁目
D47,1C36,越後交通,,神田町
D47,1C37,越後交通,,昭和通り
D47,1C38,越後交通,,長岡大橋東詰
D47,1C39,越後交通,,県立近代美術館
D47,1C3A,越後交通,,日赤病院前
D47,1C3B,越後交通,,センタープラザ前
D47,1C3C,越後交通,,本社営業所前
D47,1C3D,越後交通,,イオン長岡店前
D47,1C3E,越後交通,,大手大橋西詰
D47,1C3F,越後交通,,長岡西病院前
D47,1C40,越後交通,,西長岡
D47,1C41,越後交通,,大島4丁目
D47,1C42,越後交通,,長生橋東詰
D47,1C43,越後交通,,ハイブ長岡
D47,1C57,越後交通,,上田町
D47,1C58,越後交通,,日赤3丁目
D47,1C59,越後交通,,中島2丁目
D47,1C5A,越後交通,,中島小学校前
D47,1C5B,越後交通,,中島4丁目
D47,1C5C,越後交通,,中島5丁目
D47,1C5D,越後交通,,中島6丁目
D47,1C5E,越後交通,,中島7丁目
D47,1C60,越後交通,,大手大橋東詰
D47,1C84,新潟交通観光バス,,木崎小学校前
D47,1C8E,新潟交通観光バス,,木崎中学前
D47,1C98,新潟交通観光バス,,木崎川尻
D47,1CA2,新潟交通観光バス,,笠柳
D47,1CAC,新潟交通観光バス,,堀割
D47,1CB6,新潟交通観光バス,,藤寄道
D47,1CC0,新潟交通観光バス,,太田川橋
D47,1CCA,新潟交通観光バス,,曽根
D47,1CD4,新潟交通観光バス,,上中沢入口
D47,2076,新潟交通観光バス,,西園町一丁目東
D47,2166,新潟交通観光バス,,早川町一丁目
D47,217A,新潟交通観光バス,,牡丹山一丁目
D47,218E,新潟交通観光バス,,酒屋
D47,229C,新潟交通観光バス,,下越病院
D47,22C9,新潟交通観光バス,,新潟駅
D47,2332,新潟交通観光バス,,巻潟東インター駐車場
D47,2521,新潟交通観光バス,,北谷内(南区)
D47,26CE,新潟交通観光バス,,新津本町四丁目
D47,26CF,新潟交通観光バス,,山先
D47,26D0,新潟交通観光バス,,滝谷本町
D47,26D1,新潟交通観光バス,,滝谷入口
D47,26D2,新潟交通観光バス,,滝谷
D47,26D3,新潟交通観光バス,,草水(秋葉区)
D47,26D4,新潟交通観光バス,,高坪
D47,26D5,新潟交通観光バス,,一ノ堰
D47,26D6,新潟交通観光バス,,小口
D47,26D7,新潟交通観光バス,,大関
D47,26D8,新潟交通観光バス,,新関駅前
D47,26D9,新潟交通観光バス,,窪田団地前
D47,26DA,新潟交通観光バス,,船越
D47,26DB,新潟交通観光バス,,下条
D47,26DC,新潟交通観光バス,,三本木新田
D47,26DD,新潟交通観光バス,,三本木橋際
D47,26DE,新潟交通観光バス,,三本木
D47,26DF,新潟交通観光バス,,粟島公園入口
D47,26E0,新潟交通観光バス,,五泉駅前
D47,26E1,新潟交通観光バス,,吉沢
D47,26E2,新潟交通観光バス,,赤海
D47,26E3,新潟交通観光バス,,東赤海
D47,26E4,新潟交通観光バス,,旧五泉車庫
D47,26F9,新潟交通観光バス,,五泉駅前通
D47,26FA,新潟交通観光バス,,本町一丁目(五泉市)
D47,26FB,新潟交通観光バス,,本町二丁目(五泉市)
D47,26FC,新潟交通観光バス,,本町四丁目(五泉市)
D47,26FD,新潟交通観光バス,,新津温泉前
D47,26FE,新潟交通観光バス,,本町三丁目(五泉市)
D47,26FF,新潟交通観光バス,,秋葉一丁目(新津)
D51,0,アルピコ交通,,共通
D66,1,北陸鉄道,,金沢駅
D66,2,北陸鉄道,,本町
D66,3,北陸鉄道,,六枚町
D66,4,北陸鉄道,,リファーレ前
D66,B,北陸鉄道,,武蔵ヶ辻・近江町市場
D66,C,北陸鉄道,,尾張町
D66,15,北陸鉄道,,南町・尾山神社
D66,16,北陸鉄道,,香林坊
D66,17,北陸鉄道,,広坂・21世紀美術館
D66,18,北陸鉄道,,合同庁舎前
D66,1E,北陸鉄道,,片町中央通り
D66,1F,北陸鉄道,,片町
D66,20,北陸鉄道,,広小路(金沢市)
D66,29,北陸鉄道,,兼六園下・金沢城
D66,2B,北陸鉄道,,小将町
D66,2C,北陸鉄道,,横山町
D66,33,北陸鉄道,,天神橋(金沢市)
D66,34,北陸鉄道,,橋場町
D66,35,北陸鉄道,,味噌蔵町
D66,37,北陸鉄道,,泉野出町一丁目
D66,38,北陸鉄道,,泉野六丁目
D66,39,北陸鉄道,,市総合体育館前
D66,3A,北陸鉄道,,金沢大学附属病院
D66,3B,北陸鉄道,,泉野出町
D66,3C,北陸鉄道,,野町駅
D66,3D,北陸鉄道,,野町
D66,3E,北陸鉄道,,泉一丁目
D66,3F,北陸鉄道,,泉二丁目
D66,40,北陸鉄道,,有松
D66,41,北陸鉄道,,泉新町
D66,42,北陸鉄道,,上有松
D66,43,北陸鉄道,,寺地(金沢市)
D66,44,北陸鉄道,,伏見台
D66,46,北陸鉄道,,有松四丁目
D66,47,北陸鉄道,,寺町三丁目
D66,48,北陸鉄道,,寺町二丁目
D66,49,北陸鉄道,,寺町一丁目
D66,4A,北陸鉄道,,十一屋
D66,4B,北陸鉄道,,平和町
D66,4C,北陸鉄道,,金大附属学校自衛隊前
D66,4D,北陸鉄道,,大桑
D66,4E,北陸鉄道,,大桑グランド前
D66,4F,北陸鉄道,,大桑住宅
D66,50,北陸鉄道,,久安大橋
D66,51,北陸鉄道,,野田
D66,52,北陸鉄道,,自由が丘住宅
D66,53,北陸鉄道,,つつじが丘住宅
D66,54,北陸鉄道,,つつじが丘住宅口
D66,55,北陸鉄道,,万寿苑前
D66,56,北陸鉄道,,三小牛
D66,57,北陸鉄道,,北陸学院大学
D66,58,北陸鉄道,,野田東
D66,59,北陸鉄道,,石引二丁目
D66,5A,北陸鉄道,,石引広見
D66,5B,北陸鉄道,,出羽町
D66,5C,北陸鉄道,,石引町
D66,5D,北陸鉄道,,小立野
D66,5E,北陸鉄道,,天徳院前
D66,5F,北陸鉄道,,如来寺前
D66,60,北陸鉄道,,小立野三丁目
D66,61,北陸鉄道,,崎浦・県立図書館口
D66,62,北陸鉄道,,小立野一丁目
D66,63,北陸鉄道,,錦町(金沢市)
D66,100,北陸鉄道,,金商高校
D66,101,北陸鉄道,,大道割口
D66,102,北陸鉄道,,大道割
D66,103,北陸鉄道,,涌波一丁目
D66,104,北陸鉄道,,涌波二丁目
D66,105,北陸鉄道,,花里住宅
D66,106,北陸鉄道,,三口新町
D66,107,北陸鉄道,,中央病院
D66,108,北陸鉄道,,映寿会みらい病院
D66,109,北陸鉄道,,涌波三丁目
D66,10A,北陸鉄道,,東金沢駅
D66,10B,北陸鉄道,,富本町
D66,10C,北陸鉄道,,長町
D66,10D,北陸鉄道,,長土塀
D66,10E,北陸鉄道,,三社
D66,10F,北陸鉄道,,桜丘高校前
D66,110,北陸鉄道,,鳴和台
D66,114,北陸鉄道,,金沢星稜大学・高校
D66,115,北陸鉄道,,中島大橋
D66,116,北陸鉄道,,浅野町小学校前
D66,117,北陸鉄道,,神宮寺町
D66,118,北陸鉄道,,神宮寺二丁目
D66,119,北陸鉄道,,元町福祉健康センター前
D66,11A,北陸鉄道,,元町二丁目
D66,11B,北陸鉄道,,彦三
D66,11C,北陸鉄道,,瓢箪町
D66,11D,北陸鉄道,,小橋町(金沢)
D66,11E,北陸鉄道,,森山二丁目
D66,11F,北陸鉄道,,東山(金沢市)
D66,120,北陸鉄道,,森山
D66,121,北陸鉄道,,山の上
D66,122,北陸鉄道,,春日町
D66,123,北陸鉄道,,鳴和
D66,124,北陸鉄道,,小坂
D66,125,北陸鉄道,,東金沢駅東口
D66,126,北陸鉄道,,小坂西
D66,127,北陸鉄道,,駅西合同庁舎前
D66,128,北陸鉄道,,長田一丁目
D66,129,北陸鉄道,,中橋
D66,12A,北陸鉄道,,広岡口
D66,12B,北陸鉄道,,長田町
D66,12C,北陸鉄道,,中央市場口
D66,12E,北陸鉄道,,畝田西
D66,12F,北陸鉄道,,畝田中
D66,130,北陸鉄道,,畝田中三丁目
D66,131,北陸鉄道,,畝田住宅
D66,132,北陸鉄道,,金沢駅東通り
D66,133,北陸鉄道,,北安江
D66,135,北陸鉄道,,上諸江
D66,136,北陸鉄道,,三浦住宅前
D66,137,北陸鉄道,,西念
D66,138,北陸鉄道,,双葉町
D66,139,北陸鉄道,,広岡
D66,13A,北陸鉄道,,諸江町小学校前
D66,13B,北陸鉄道,,西念南
D66,13C,北陸鉄道,,西念西
D66,13D,北陸鉄道,,中村町(西泉)
D66,13E,北陸鉄道,,工業試験場口
D66,13F,北陸鉄道,,増泉
D66,140,北陸鉄道,,泉本町
D66,141,北陸鉄道,,西泉
D66,142,北陸鉄道,,金沢高校前
D66,143,北陸鉄道,,西泉住宅
D66,144,北陸鉄道,,市立工業高校東口
D66,145,北陸鉄道,,松村
D66,146,北陸鉄道,,北町西
D66,147,北陸鉄道,,北町
D66,148,北陸鉄道,,藤江
D66,149,北陸鉄道,,市立工業高校前
D66,14A,北陸鉄道,,畝田
D66,14B,北陸鉄道,,桂町南
D66,14D,北陸鉄道,,工業試験場
D66,14E,北陸鉄道,,勤労者プラザ前(金沢市)
D66,14F,北陸鉄道,,西念東
D66,150,北陸鉄道,,御影町
D66,151,北陸鉄道,,本江町
D66,152,北陸鉄道,,入江
D66,153,北陸鉄道,,米丸住宅
D66,154,北陸鉄道,,間明
D66,155,北陸鉄道,,高畠町(金沢)
D66,156,北陸鉄道,,諸江団地
D66,157,北陸鉄道,,金沢西高校
D66,158,北陸鉄道,,駅西消防署前
D66,159,北陸鉄道,,駅西本町
D66,15A,北陸鉄道,,入江一丁目
D66,15B,北陸鉄道,,米泉
D66,15C,北陸鉄道,,西金沢
D66,15E,北陸鉄道,,西金沢駅西口
D66,15F,北陸鉄道,,西金三丁目
D66,160,北陸鉄道,,新神田
D66,161,北陸鉄道,,糸田町
D66,162,北陸鉄道,,保古町
D66,163,北陸鉄道,,西金新町
D66,200,北陸鉄道,,県庁前
D66,201,北陸鉄道,,寺町五丁目
D66,202,北陸鉄道,,沼田町
D66,203,北陸鉄道,,泉野三丁目
D66,204,北陸鉄道,,泉が丘
D66,205,北陸鉄道,,泉野四丁目
D66,206,北陸鉄道,,泉野一丁目
D66,207,北陸鉄道,,円光寺北
D66,208,北陸鉄道,,伏見新町
D66,209,北陸鉄道,,長坂台
D66,20A,北陸鉄道,,泉丘高校前
D66,20B,北陸鉄道,,円光寺
D66,20C,北陸鉄道,,窪
D66,20D,北陸鉄道,,窪南
D66,20E,北陸鉄道,,高尾新町
D66,20F,北陸鉄道,,高尾南一丁目
D66,210,北陸鉄道,,大額一丁目
D66,211,北陸鉄道,,額新保三丁目
D66,212,北陸鉄道,,額新町
D66,213,北陸鉄道,,額住宅駅
D66,214,北陸鉄道,,高尾南三丁目
D66,215,北陸鉄道,,川上
D66,216,北陸鉄道,,笠舞本町
D66,217,北陸鉄道,,城南二丁目
D66,218,北陸鉄道,,城南一丁目
D66,21A,北陸鉄道,,猿丸神社前
D66,21B,北陸鉄道,,笠舞二丁目
D66,21C,北陸鉄道,,笠舞一丁目
D66,21D,北陸鉄道,,赤坂
D66,21E,北陸鉄道,,笠舞三丁目
D66,21F,北陸鉄道,,思案橋
D66,220,北陸鉄道,,幸町(金沢市)
D66,222,北陸鉄道,,本多町
D66,224,北陸鉄道,,金沢赤十字病院前
D66,225,北陸鉄道,,額谷一丁目
D66,226,北陸鉄道,,高尾台一丁目
D66,227,北陸鉄道,,西三馬
D66,228,北陸鉄道,,二万堂
D66,229,北陸鉄道,,久安五丁目
D66,22A,北陸鉄道,,久安三丁目
D66,22B,北陸鉄道,,久安二丁目
D66,22C,北陸鉄道,,三馬
D66,22D,北陸鉄道,,上三馬
D66,22E,北陸鉄道,,高尾
D66,22F,北陸鉄道,,錦丘高校前
D66,230,北陸鉄道,,金沢工業大学
D66,231,北陸鉄道,,伏見橋
D66,232,北陸鉄道,,田井町
D66,233,北陸鉄道,,鈴見台二丁目
D66,234,北陸鉄道,,若谷
D66,235,北陸鉄道,,若松
D66,236,北陸鉄道,,上若松
D66,237,北陸鉄道,,田上二丁目
D66,23A,北陸鉄道,,山環田上
D66,23B,北陸鉄道,,小立野二丁目
D66,23C,北陸鉄道,,小坂中
D66,23D,北陸鉄道,,神谷内
D66,23E,北陸鉄道,,柳橋
D66,23F,北陸鉄道,,法光寺
D66,240,北陸鉄道,,百坂
D66,241,北陸鉄道,,森本駅前
D66,242,北陸鉄道,,田上一丁目
D66,243,北陸鉄道,,鈴見台一丁目
D66,244,北陸鉄道,,旭町一丁目
D66,245,北陸鉄道,,鈴見町
D66,247,北陸鉄道,,豊国神社前
D66,248,北陸鉄道,,望湖台
D66,249,北陸鉄道,,卯辰山公園口
D66,24A,北陸鉄道,,卯辰山公園
D66,24B,北陸鉄道,,卯辰山千寿閣
D66,24C,北陸鉄道,,東警察署前
D66,24D,北陸鉄道,,乙丸(金沢市)
D66,24E,北陸鉄道,,高柳
D66,24F,北陸鉄道,,田中口
D66,250,北陸鉄道,,城北市民運動公園口
D66,252,北陸鉄道,,JA市本所前
D66,254,北陸鉄道,,高柳イータウン前
D66,256,北陸鉄道,,雪見橋
D66,257,北陸鉄道,,西大桑
D66,258,北陸鉄道,,高尾台二丁目
D66,25A,北陸鉄道,,額新保一丁目
D66,25B,北陸鉄道,,矢作北
D66,25C,北陸鉄道,,久安南
D66,25D,北陸鉄道,,横川三丁目
D66,25E,北陸鉄道,,横川四丁目
D66,25F,北陸鉄道,,藤江北
D66,260,北陸鉄道,,御所町
D66,261,北陸鉄道,,高田
D66,262,北陸鉄道,,御所ニュータウン口
D66,263,北陸鉄道,,御所一丁目
D66,300,北陸鉄道,,扇が丘
D66,301,北陸鉄道,,扇台小学校前
D66,302,北陸鉄道,,金沢国際ホテル前
D66,303,北陸鉄道,,大額二丁目
D66,304,北陸鉄道,,光が丘住宅
D66,305,北陸鉄道,,大額三丁目
D66,306,北陸鉄道,,額中学校前
D66,307,北陸鉄道,,しじま台
D66,308,北陸鉄道,,四十万
D66,30A,北陸鉄道,,鶴寿園
D66,30B,北陸鉄道,,光が丘口
D66,30C,北陸鉄道,,伏見台小学校
D66,30D,北陸鉄道,,高尾南二丁目
D66,30E,北陸鉄道,,大額新町
D66,30F,北陸鉄道,,元菊町
D66,310,北陸鉄道,,長土塀西
D66,311,北陸鉄道,,大豆田
D66,312,北陸鉄道,,御所二丁目
D66,313,北陸鉄道,,入江西
D66,315,北陸鉄道,,東力
D66,316,北陸鉄道,,黒田
D66,317,北陸鉄道,,西金四丁目
D66,318,北陸鉄道,,玉鉾二丁目
D66,319,北陸鉄道,,若宮町(金沢市)
D66,31A,北陸鉄道,,内灘町福祉センター
D66,31B,北陸鉄道,,内灘町総合公園
D66,31C,北陸鉄道,,白帆台公民館
D66,31D,北陸鉄道,,内灘温泉病院
D66,31E,北陸鉄道,,西南部小学校前
D66,31F,北陸鉄道,,新保本五丁目
D66,320,北陸鉄道,,新金沢郵便局前
D66,322,北陸鉄道,,大桑タウン
D66,323,北陸鉄道,,大桑ランプ口
D66,324,北陸鉄道,,大桑神社前
D66,325,北陸鉄道,,大桑本町
D66,326,北陸鉄道,,四十万五丁目
D66,329,北陸鉄道,,無量寺町
D66,32B,北陸鉄道,,畝田東三丁目
D66,32C,北陸鉄道,,無量寺ベイパーク前
D66,32D,北陸鉄道,,金沢港クルーズターミナル
D66,32E,北陸鉄道,,白帆台二丁目
D66,32F,北陸鉄道,,白帆台
D66,135B,北陸鉄道,,鞍月広場
D66,135C,北陸鉄道,,鞍月五丁目
D66,135D,北陸鉄道,,大友二丁目
D66,1400,北陸鉄道,,緑台一丁目
D66,1401,北陸鉄道,,金沢海みらい図書館前
D66,1402,北陸鉄道,,二水高校前
D66,1403,北陸鉄道,,松島北
D66,1404,北陸鉄道,,西部緑地公園
D66,1405,北陸鉄道,,湊運動公園前
D66,1406,北陸鉄道,,湊二丁目
D66,1408,北陸鉄道,,戸水西
D66,1409,北陸鉄道,,大友一丁目
D66,140B,北陸鉄道,,八日市出町
D66,140C,北陸鉄道,,新保本町
D66,140D,北陸鉄道,,森戸
D66,140E,北陸鉄道,,矢木
D66,140F,北陸鉄道,,上荒屋
D66,1410,北陸鉄道,,観音堂
D66,1411,北陸鉄道,,寺中
D66,1412,北陸鉄道,,西警察署前
D66,1413,北陸鉄道,,金石
D66,1414,北陸鉄道,,金石東
D66,1415,北陸鉄道,,金石西
D66,1416,北陸鉄道,,相生町
D66,1417,北陸鉄道,,相生住宅
D66,1418,北陸鉄道,,大野中央
D66,1419,北陸鉄道,,大野
D66,141A,北陸鉄道,,金石北
D66,141B,北陸鉄道,,桂町
D66,141C,北陸鉄道,,桂町東
D66,141D,北陸鉄道,,下安原西
D66,141E,北陸鉄道,,二口
D66,141F,北陸鉄道,,出雲(金沢市)
D66,1420,北陸鉄道,,桜田
D66,1421,北陸鉄道,,中示野
D66,1423,北陸鉄道,,袋畠西部緑地公園前
D66,1424,北陸鉄道,,総合スポーツセンター前
D66,1426,北陸鉄道,,浜専光寺
D66,1427,北陸鉄道,,下安原
D66,1429,北陸鉄道,,福増北口
D66,142B,北陸鉄道,,済生会病院
D66,142C,北陸鉄道,,海浜公園口
D66,142D,北陸鉄道,,下安原公民館前
D66,142E,北陸鉄道,,古府(金沢市)
D66,142F,北陸鉄道,,松島
D66,1430,北陸鉄道,,二塚
D66,1431,北陸鉄道,,みどり一丁目
D66,1432,北陸鉄道,,みどり中央
D66,1433,北陸鉄道,,上安原
D66,143F,北陸鉄道,,神野町
D66,1440,北陸鉄道,,みどり二丁目
D66,1442,北陸鉄道,,金沢龍谷高校
D66,1443,北陸鉄道,,近岡北
D66,1444,北陸鉄道,,南新保口
D66,1447,北陸鉄道,,鞍月
D66,1448,北陸鉄道,,大友
D66,1449,北陸鉄道,,戸水
D66,144B,北陸鉄道,,西割出
D66,144C,北陸鉄道,,問屋一丁目
D66,144D,北陸鉄道,,問屋二丁目
D66,144E,北陸鉄道,,問屋センター
D66,1451,北陸鉄道,,直江
D66,1452,北陸鉄道,,近岡
D66,1453,北陸鉄道,,粟崎南口
D66,1454,北陸鉄道,,粟崎五丁目
D66,1455,北陸鉄道,,粟崎三丁目
D66,1456,北陸鉄道,,粟崎一丁目
D66,1457,北陸鉄道,,旭ケ丘
D66,1458,北陸鉄道,,向粟崎
D66,1459,北陸鉄道,,内灘駅
D66,145B,北陸鉄道,,向陽台
D66,145C,北陸鉄道,,鶴ケ丘四丁目
D66,145D,北陸鉄道,,鶴ケ丘五丁目
D66,145E,北陸鉄道,,内灘中学校前
D66,145F,北陸鉄道,,大根布一丁目
D66,1460,北陸鉄道,,大根布
D66,1461,北陸鉄道,,大根布四丁目
D66,1462,北陸鉄道,,大根布五丁目
D66,1463,北陸鉄道,,宮坂
D66,1500,北陸鉄道,,黒津船
D66,1501,北陸鉄道,,西荒屋小学校前
D66,1502,北陸鉄道,,西荒屋
D66,1503,北陸鉄道,,勤労青少年ホーム前
D66,1504,北陸鉄道,,室
D66,1505,北陸鉄道,,大崎南口
D66,1506,北陸鉄道,,大崎
D66,1507,北陸鉄道,,大崎公民館前
D66,1508,北陸鉄道,,大崎北口
D66,1509,北陸鉄道,,内日角
D66,150A,北陸鉄道,,宇野気交番前
D66,150B,北陸鉄道,,湊三丁目
D66,150C,北陸鉄道,,八日市四丁目
D66,150D,北陸鉄道,,八日市三丁目
D66,150E,北陸鉄道,,御経塚中
D66,150F,北陸鉄道,,上荒屋大橋
D66,1510,北陸鉄道,,上荒屋西
D66,1512,北陸鉄道,,JA二塚支店前
D66,1513,北陸鉄道,,粟崎四丁目
D66,1515,北陸鉄道,,中神谷内
D66,1516,北陸鉄道,,疋田
D66,1517,北陸鉄道,,千木
D66,1519,北陸鉄道,,運転免許センター
D66,151A,北陸鉄道,,木越
D66,151B,北陸鉄道,,大浦東口
D66,151C,北陸鉄道,,大浦
D66,151D,北陸鉄道,,福久南
D66,151E,北陸鉄道,,疋田東
D66,151F,北陸鉄道,,太田南口
D66,1520,北陸鉄道,,福久
D66,1521,北陸鉄道,,森本市民センター前
D66,1522,北陸鉄道,,大崎光宝台
D66,1523,北陸鉄道,,粟崎二丁目
D66,1524,北陸鉄道,,緑台二丁目
D66,1525,北陸鉄道,,千木南
D66,1526,北陸鉄道,,森本大橋
D66,1527,北陸鉄道,,今町(旧道)
D66,1528,北陸鉄道,,二日市
D66,1529,北陸鉄道,,岸川(旧道)
D66,152A,北陸鉄道,,利屋町(旧道)
D66,152B,北陸鉄道,,太田(津幡町)
D66,152C,北陸鉄道,,潟端
D66,152D,北陸鉄道,,中条
D66,152E,北陸鉄道,,北中条(旧道)
D66,152F,北陸鉄道,,横浜
D66,1530,北陸鉄道,,新津幡
D66,1532,北陸鉄道,,北中条(新道)
D66,1533,北陸鉄道,,南森本
D66,1534,北陸鉄道,,観法寺
D66,1535,北陸鉄道,,今町(金沢市・新道)
D66,1536,北陸鉄道,,八幡(金沢市)
D66,1537,北陸鉄道,,岸川(新道)
D66,1538,北陸鉄道,,利屋町
D66,1539,北陸鉄道,,新太田
D66,153A,北陸鉄道,,津幡駅前
D66,153B,北陸鉄道,,津幡中央
D66,1543,北陸鉄道,,かほく市役所前
D66,1544,北陸鉄道,,宇野気駅
D66,1616,北陸鉄道,,大浦保育園前
D66,1618,北陸鉄道,,古府南
D66,1619,北陸鉄道,,間明二丁目
D66,161A,北陸鉄道,,米丸学校前
D66,161B,北陸鉄道,,白菊町
D66,161C,北陸鉄道,,丸の内
D66,161E,北陸鉄道,,横枕
D66,161F,北陸鉄道,,金市
D66,1620,北陸鉄道,,荒屋(金沢市)
D66,1621,北陸鉄道,,荒屋北
D66,1625,北陸鉄道,,金市団地
D66,1626,北陸鉄道,,福久南口
D66,1628,北陸鉄道,,みずき一丁目
D66,1629,北陸鉄道,,みずき団地口
D66,162A,北陸鉄道,,みずき二丁目
D66,162B,北陸鉄道,,みずき三丁目
D66,162C,北陸鉄道,,みずき四丁目
D66,162D,北陸鉄道,,示野ショッピングセンター
D66,162E,北陸鉄道,,示野機器団地
D66,162F,北陸鉄道,,示野雪吊橋
D66,1630,北陸鉄道,,松村四丁目
D66,1635,北陸鉄道,,千田町
D66,1637,北陸鉄道,,東蚊爪西
D66,1638,北陸鉄道,,パピィ・1通り
D66,1639,北陸鉄道,,庄町商店街
D66,163A,北陸鉄道,,庄本町通り
D66,163B,北陸鉄道,,本津幡駅
D66,1655,北陸鉄道,,コマツ金沢工場
D66,165E,北陸鉄道,,安原保育園前
D66,165F,北陸鉄道,,安原工業団地北口
D66,1660,北陸鉄道,,安原工業団地中央
D66,1661,北陸鉄道,,安原工業団地南口
D66,1662,北陸鉄道,,打木南口
D66,1663,北陸鉄道,,打木
D66,1700,北陸鉄道,,増泉一丁目
D66,1701,北陸鉄道,,押野丸木
D66,1702,北陸鉄道,,本押野
D66,1703,北陸鉄道,,八日市
D66,1704,北陸鉄道,,八日市住宅
D66,1705,北陸鉄道,,野代
D66,1706,北陸鉄道,,御経塚
D66,1707,北陸鉄道,,野々市駅
D66,170B,北陸鉄道,,野代二丁目
D66,170C,北陸鉄道,,押越
D66,170D,北陸鉄道,,八日市一丁目
D66,170E,北陸鉄道,,押野北
D66,170F,北陸鉄道,,押野中央
D66,1712,北陸鉄道,,明倫高校前
D66,1713,北陸鉄道,,富光寺住宅
D66,1714,北陸鉄道,,百々鶴荘前
D66,1719,北陸鉄道,,野々市スポーツランド前
D66,171A,北陸鉄道,,中林
D66,171C,北陸鉄道,,西上林
D66,171F,北陸鉄道,,舘町
D66,1720,北陸鉄道,,旭町住宅
D66,1721,北陸鉄道,,暁町
D66,1722,北陸鉄道,,桜町(金沢市)
D66,1723,北陸鉄道,,旭町(金沢市)
D66,1724,北陸鉄道,,菊川一丁目
D66,1725,北陸鉄道,,旭町口
D66,1726,北陸鉄道,,金沢大学自然研前
D66,1727,北陸鉄道,,田上新町
D66,1728,北陸鉄道,,角間新町
D66,1729,北陸鉄道,,金沢大学中央
D66,172A,北陸鉄道,,金沢大学
D66,172B,北陸鉄道,,若松橋
D66,172C,北陸鉄道,,若松西
D66,172D,北陸鉄道,,太陽が丘ニュータウン
D66,172F,北陸鉄道,,鈴見台三丁目
D66,1730,北陸鉄道,,鈴見台四丁目
D66,1731,北陸鉄道,,金沢大学角間口
D66,1732,北陸鉄道,,いなほ一丁目
D66,1733,北陸鉄道,,いなほ工業団地
D66,173C,北陸鉄道,,中林二丁目
D66,173D,北陸鉄道,,ときわ病院前
D66,173E,北陸鉄道,,三納町
D66,1740,北陸鉄道,,野々市市役所
D66,1741,北陸鉄道,,野々市中学校前
D66,1742,北陸鉄道,,住吉町
D66,1763,北陸鉄道,,都雅野住宅
D66,1800,北陸鉄道,,東部車庫
D66,1801,北陸鉄道,,金沢学院大学附属中学校・高校
D66,1802,北陸鉄道,,犀川小学校前
D66,1808,北陸鉄道,,金沢学院大学
D66,185E,北陸鉄道,,北大ひまわりの家
D66,185F,北陸鉄道,,小豆沢口
D66,1860,北陸鉄道,,辰巳丘高校
D66,1861,北陸鉄道,,舘山町
D66,1862,北陸鉄道,,土清水南
D66,1863,北陸鉄道,,土清水
D66,1900,北陸鉄道,,下田上
D66,1901,北陸鉄道,,加賀田上
D66,1902,北陸鉄道,,俵
D66,1903,北陸鉄道,,俵スタジオ前
D66,1904,北陸鉄道,,医王口
D66,1905,北陸鉄道,,別所口
D66,1906,北陸鉄道,,湯谷原
D66,1907,北陸鉄道,,銀河の里キゴ山口
D66,1908,北陸鉄道,,医王山スキー場前
D66,190A,北陸鉄道,,土清水口
D66,190B,北陸鉄道,,田上口
D66,190C,北陸鉄道,,銚子口
D66,190D,北陸鉄道,,中村(金沢市)
D66,190E,北陸鉄道,,袋
D66,190F,北陸鉄道,,茅原
D66,1910,北陸鉄道,,東荒屋
D66,1911,北陸鉄道,,朝ケ屋
D66,1912,北陸鉄道,,市の瀬
D66,1913,北陸鉄道,,北袋
D66,1914,北陸鉄道,,芝原
D66,1915,北陸鉄道,,湯涌温泉
D66,1917,北陸鉄道,,永安町
D66,1918,北陸鉄道,,末
D66,1919,北陸鉄道,,下辰巳
D66,191A,北陸鉄道,,辰巳農協前
D66,191B,北陸鉄道,,中辰巳
D66,191C,北陸鉄道,,上辰巳
D66,191F,北陸鉄道,,別所(金沢市)
D66,1920,北陸鉄道,,内川小学校前
D66,1922,北陸鉄道,,別所南
D66,1924,北陸鉄道,,押野
D66,1925,北陸鉄道,,医王山スポーツセンター前
D66,1926,北陸鉄道,,東野々市
D66,1927,北陸鉄道,,南野々市
D66,1928,北陸鉄道,,野々市本町三丁目
D66,1929,北陸鉄道,,菅原町
D66,192A,北陸鉄道,,矢作
D66,192B,北陸鉄道,,粟田
D66,192C,北陸鉄道,,下新庄
D66,192D,北陸鉄道,,上新庄
D66,192E,北陸鉄道,,部入道口
D66,192F,北陸鉄道,,熱野
D66,1930,北陸鉄道,,道法寺
D66,1931,北陸鉄道,,井ノ口
D66,1932,北陸鉄道,,小柳
D66,1933,北陸鉄道,,月橋
D66,1934,北陸鉄道,,鶴来駅
D66,1935,北陸鉄道,,押野三丁目
D66,1936,北陸鉄道,,鶴来本町
D66,1937,北陸鉄道,,白山青年の家前
D66,1938,北陸鉄道,,今町(白山市)
D66,1939,北陸鉄道,,一の宮(白山市)
D66,193A,北陸鉄道,,白山町(鶴来)
D66,193B,北陸鉄道,,中島(白山市)
D66,193C,北陸鉄道,,広瀬(白山市)
D66,193D,北陸鉄道,,瀬木野
D66,193E,北陸鉄道,,加賀河合
D66,193F,北陸鉄道,,上河合
D66,1940,北陸鉄道,,大日川
D66,1941,北陸鉄道,,若原
D66,1942,北陸鉄道,,下野
D66,1943,北陸鉄道,,上野(白山市)
D66,1950,北陸鉄道,,下福岡
D66,1951,北陸鉄道,,上福岡
D66,1952,北陸鉄道,,江津
D66,1953,北陸鉄道,,吉岡
D66,1954,北陸鉄道,,黄門橋
D66,1955,北陸鉄道,,下吉野
D66,1956,北陸鉄道,,上吉野
D66,1957,北陸鉄道,,不老峡
D66,1958,北陸鉄道,,佐良
D66,1959,北陸鉄道,,瀬波橋
D66,195A,北陸鉄道,,市原
D66,195B,北陸鉄道,,下木滑
D66,195C,北陸鉄道,,上木滑
D66,195D,北陸鉄道,,木滑新
D66,195E,北陸鉄道,,瀬戸野
D66,195F,北陸鉄道,,瀬女
D66,1960,北陸鉄道,,女原口
D66,1961,北陸鉄道,,手取ダム前
D66,1962,北陸鉄道,,ふじが丘
D66,1963,北陸鉄道,,吉野工芸の里
D66,1A00,北陸鉄道,,深瀬
D66,1A01,北陸鉄道,,桑島温泉
D66,1A02,北陸鉄道,,桑島
D66,1A03,北陸鉄道,,白峰北口
D66,1A04,北陸鉄道,,白峰
D66,1A05,北陸鉄道,,白峰車庫
D66,1A0F,北陸鉄道,,白山体験村
D66,1A13,北陸鉄道,,口直海
D66,1A1B,北陸鉄道,,きりの里
D66,1A1D,北陸鉄道,,白山町中
D66,1A1F,北陸鉄道,,白山警察署鶴来庁舎前
D66,1A20,北陸鉄道,,白山郷公園前
D66,1A21,北陸鉄道,,粟田北
D66,1A28,北陸鉄道,,堀内町
D66,1A29,北陸鉄道,,河内小学校前
D66,1A2A,北陸鉄道,,石川県浄水場口
D66,1A2B,北陸鉄道,,南白山町
D66,1A2D,北陸鉄道,,ファミール鳥越
D66,1A2E,北陸鉄道,,押野六丁目
D66,1A30,北陸鉄道,,横宮
D66,1A31,北陸鉄道,,野々市中央
D66,1A32,北陸鉄道,,西野々市
D66,1A33,北陸鉄道,,太平寺
D66,1A34,北陸鉄道,,稲荷
D66,1A35,北陸鉄道,,三日市
D66,1A36,北陸鉄道,,田中
D66,1A37,北陸鉄道,,番匠
D66,1A38,北陸鉄道,,徳丸(白山市)
D66,1A39,北陸鉄道,,八ツ矢
D66,1A3A,北陸鉄道,,松任
D66,1A3B,北陸鉄道,,成
D66,1A3C,北陸鉄道,,南松任
D66,1A3D,北陸鉄道,,中村(白山市松任)
D66,1A3E,北陸鉄道,,宮丸
D66,1A3F,北陸鉄道,,荒屋柏野
D66,1A40,北陸鉄道,,下柏野
D66,1A41,北陸鉄道,,福留(白山市)
D66,1A42,北陸鉄道,,源兵島
D66,1A43,北陸鉄道,,水島
D66,1A44,北陸鉄道,,木呂場
D66,1A46,北陸鉄道,,北安田
D66,1A48,北陸鉄道,,千代野東一丁目
D66,1A49,北陸鉄道,,千代野東三丁目
D66,1A4A,北陸鉄道,,千代野西二丁目
D66,1A4B,北陸鉄道,,千代野西六丁目
D66,1A4C,北陸鉄道,,千代野西八丁目
D66,1A4D,北陸鉄道,,千代野ニュータウン
D66,1A4E,北陸鉄道,,村井町
D66,1A4F,北陸鉄道,,茶屋一丁目
D66,1A50,北陸鉄道,,長竹東
D66,1A51,北陸鉄道,,長竹西
D66,1A52,北陸鉄道,,若宮体育館前
D66,1A53,北陸鉄道,,布市町
D66,1A54,北陸鉄道,,西新町
D66,1A55,北陸鉄道,,松任高校前
D66,1A56,北陸鉄道,,大町(白山市)
D66,1A57,北陸鉄道,,中町
D66,1A58,北陸鉄道,,金城大学
D66,1A5A,北陸鉄道,,相木一丁目
D66,1A5B,北陸鉄道,,相木町
D66,1A5C,北陸鉄道,,北相木
D66,1A5D,北陸鉄道,,相木団地
D66,1A5E,北陸鉄道,,新成二丁目
D66,1A5F,北陸鉄道,,北安田中央
D66,1A60,北陸鉄道,,北安田南(千代野)
D66,1A61,北陸鉄道,,新成一丁目
D66,1A62,北陸鉄道,,中成
D66,1B03,北陸鉄道,,松任駅北口
D66,1B33,北陸鉄道,,新田
D66,1B34,北陸鉄道,,宮永市
D66,1B35,北陸鉄道,,宮永
D66,1C00,北陸鉄道,,太陽が丘北陸大学通り
D66,1C01,北陸鉄道,,曽谷
D66,1C02,北陸鉄道,,北陸大学太陽が丘
D66,1C03,北陸鉄道,,北陸大学薬学部
D66,1C04,北陸鉄道,,北陸大学松雲会館前
D66,1C06,北陸鉄道,,大清台
D66,1C07,北陸鉄道,,大学前
D66,1C08,北陸鉄道,,医大病院
D66,1C09,北陸鉄道,,大根布六丁目
D66,1C0A,北陸鉄道,,木越住宅
D66,1C0B,北陸鉄道,,大野港
D66,1C0C,北陸鉄道,,創作の森前
D66,1C10,北陸鉄道,,押野二丁目
D66,1C11,北陸鉄道,,八日市五丁目
D66,1D00,北陸鉄道,,朝霧台
D66,1D01,北陸鉄道,,石川森林管理署前
D66,1D02,北陸鉄道,,田上本町
D66,1D0D,北陸鉄道,,野々市小学校前
D66,1D0E,北陸鉄道,,白山町(野々市)
D66,1D0F,北陸鉄道,,菅原小学校前
D66,1D11,北陸鉄道,,扇が丘中央
D66,1E01,北陸鉄道,,広小路(白山市)
D66,1E02,北陸鉄道,,蕪城通り
D66,1E03,北陸鉄道,,倉光
D66,1E04,北陸鉄道,,開発
D66,1E05,北陸鉄道,,平松
D66,1E06,北陸鉄道,,剣崎
D66,1E07,北陸鉄道,,安吉
D66,1E08,北陸鉄道,,城南橋
D66,1E09,北陸鉄道,,寄新保
D66,1E0A,北陸鉄道,,草深
D66,1E0B,北陸鉄道,,川北小学校前
D66,1E0C,北陸鉄道,,壱ツ屋
D66,1E0D,北陸鉄道,,山田先出
D66,1E0E,北陸鉄道,,松任駅前
D66,1E0F,北陸鉄道,,松任合同庁舎前
D66,1E10,北陸鉄道,,総合運動公園東口
D66,1E11,北陸鉄道,,松任中央病院
D66,1E12,北陸鉄道,,白山市役所前
D66,1E13,北陸鉄道,,中村南
D66,1E1D,北陸鉄道,,名鉄森島
D66,1E1E,北陸鉄道,,若宮町(白山市)
D66,1E1F,北陸鉄道,,新徳丸
D66,1E20,北陸鉄道,,翠星高校前
D66,1E21,北陸鉄道,,三浦
D66,1E22,北陸鉄道,,木津
D66,1E23,北陸鉄道,,安養寺
D66,1E24,北陸鉄道,,行町
D66,1E25,北陸鉄道,,館畑公民館前
D66,1E26,北陸鉄道,,日向
D66,1E27,北陸鉄道,,中島口
D66,1E28,北陸鉄道,,下森島
D66,1E29,北陸鉄道,,上森島
D66,1E2A,北陸鉄道,,西の村
D66,1E2B,北陸鉄道,,中村(白山市鶴来)
D66,1E2C,北陸鉄道,,春の木
D66,1E2D,北陸鉄道,,本鶴来
D66,1E2E,北陸鉄道,,大国町
D66,1E2F,北陸鉄道,,松任中学校前
D66,1E30,北陸鉄道,,草深南
D66,1E35,北陸鉄道,,藤波
D66,1E36,北陸鉄道,,乙丸(白山市)
D66,1E37,北陸鉄道,,菅波
D66,1E38,北陸鉄道,,藤の木
D66,1E39,北陸鉄道,,向島
D66,1E3A,北陸鉄道,,矢頃島
D66,1E3B,北陸鉄道,,漆島
D66,1E3C,北陸鉄道,,三反田
D66,1E3D,北陸鉄道,,中島小学校前
D66,1E3E,北陸鉄道,,林中
D66,1E3F,北陸鉄道,,中島(川北町)
D66,1E40,北陸鉄道,,中島東
D66,1E41,北陸鉄道,,藤蔵
D66,1E42,北陸鉄道,,山の庄
D66,1E47,北陸鉄道,,出城公民館前
D66,1E50,北陸鉄道,,白山下
D66,1E51,北陸鉄道,,河原山
D66,1E52,北陸鉄道,,三ツ屋野
D66,1E53,北陸鉄道,,西佐良
D66,1E54,北陸鉄道,,上吉谷
D66,1E55,北陸鉄道,,下吉谷
D66,1E56,北陸鉄道,,釜清水
D66,1E58,北陸鉄道,,鳥越小学校前
D66,1E5E,北陸鉄道,,服部
D66,1E5F,北陸鉄道,,東二口
D66,1E60,北陸鉄道,,鶴来支所前
D66,1F00,北陸鉄道,,川北温泉
D66,1F01,北陸鉄道,,御経塚西
D66,1F02,北陸鉄道,,横江北
D66,1F03,北陸鉄道,,イオンモール白山
D66,1F04,北陸鉄道,,野々市図書館
D66,1F05,北陸鉄道,,太平寺西
D66,1F06,北陸鉄道,,堀内公民館
D66,1F07,北陸鉄道,,南ヶ丘病院
D66,1F08,北陸鉄道,,矢作三丁目
D66,1F09,北陸鉄道,,三納一丁目
D66,1F0A,北陸鉄道,,粟田五丁目
D66,1F0B,北陸鉄道,,新庄六丁目
D66,1F0C,北陸鉄道,,新庄西
D66,1F0D,北陸鉄道,,粟田五丁目東
D66,1F0E,北陸鉄道,,石川県立大学
D66,1F0F,北陸鉄道,,上荒屋七丁目
D66,2B3A,北陸鉄道,,つるぎ病院前
D66,3200,北陸鉄道,,小松駅
D66,3201,北陸鉄道,,昭和通り
D66,3202,北陸鉄道,,京町
D66,3203,北陸鉄道,,西町
D66,3204,北陸鉄道,,竜助町
D66,3205,北陸鉄道,,本折町
D66,3206,北陸鉄道,,横町
D66,3207,北陸鉄道,,松任町
D66,3208,北陸鉄道,,小松高校前
D66,3209,北陸鉄道,,浜田町
D66,320A,北陸鉄道,,桜木町
D66,320B,北陸鉄道,,大川町
D66,320C,北陸鉄道,,園町
D66,320E,北陸鉄道,,小寺町
D66,320F,北陸鉄道,,上本折
D66,3214,北陸鉄道,,南加賀保健福祉センター前
D66,3215,北陸鉄道,,平面
D66,3217,北陸鉄道,,あけぼの町
D66,3218,北陸鉄道,,錦町(小松市)
D66,3219,北陸鉄道,,市民病院
D66,321A,北陸鉄道,,向本折西
D66,321B,北陸鉄道,,向本折中
D66,321E,北陸鉄道,,小長野
D66,3228,北陸鉄道,,寺井中央
D66,322A,北陸鉄道,,寺井史跡公園前
D66,322B,北陸鉄道,,寺井北口
D66,322C,北陸鉄道,,寺井
D66,3232,北陸鉄道,,粟生東口
D66,3234,北陸鉄道,,手取川橋
D66,323C,北陸鉄道,,高堂
D66,323D,北陸鉄道,,荒屋(小松市)
D66,323E,北陸鉄道,,荒屋小学校前(小松市)
D66,3250,北陸鉄道,,長田
D66,3251,北陸鉄道,,島田(小松市)
D66,3252,北陸鉄道,,板津中学校前
D66,325A,北陸鉄道,,梅田町
D66,325B,北陸鉄道,,梯
D66,3300,北陸鉄道,,向本折
D66,3301,北陸鉄道,,須天
D66,330B,北陸鉄道,,今江町北
D66,330C,北陸鉄道,,今江
D66,330D,北陸鉄道,,今江町南
D66,3314,北陸鉄道,,串茶屋
D66,3315,北陸鉄道,,串
D66,3316,北陸鉄道,,青路町
D66,3317,北陸鉄道,,串東口
D66,3328,北陸鉄道,,野立町
D66,3329,北陸鉄道,,四丁町
D66,332A,北陸鉄道,,月津東
D66,332B,北陸鉄道,,月津
D66,332C,北陸鉄道,,矢田(小松市)
D66,3332,北陸鉄道,,村松
D66,3333,北陸鉄道,,松崎
D66,3334,北陸鉄道,,日末
D66,3336,北陸鉄道,,日末小学校前
D66,3337,北陸鉄道,,佐美口
D66,3338,北陸鉄道,,佐美
D66,3400,北陸鉄道,,白江
D66,3401,北陸鉄道,,一針口
D66,340A,北陸鉄道,,能美口
D66,340B,北陸鉄道,,能美
D66,340C,北陸鉄道,,千代
D66,340D,北陸鉄道,,千代東口
D66,340F,北陸鉄道,,辰口温泉口
D66,3411,北陸鉄道,,西軽海
D66,3414,北陸鉄道,,古府(小松市)
D66,3415,北陸鉄道,,小野
D66,3416,北陸鉄道,,本河田
D66,3417,北陸鉄道,,河田
D66,341E,北陸鉄道,,上河田
D66,341F,北陸鉄道,,下八里
D66,3420,北陸鉄道,,中八里
D66,3421,北陸鉄道,,上八里
D66,3437,北陸鉄道,,辰口和光台
D66,343C,北陸鉄道,,いしかわ動物園
D66,343D,北陸鉄道,,辰口温泉
D66,343E,北陸鉄道,,辰口
D66,343F,北陸鉄道,,倉重
D66,3440,北陸鉄道,,出口
D66,3441,北陸鉄道,,緑が丘一丁目
D66,3442,北陸鉄道,,辰口ハイタウン
D66,3443,北陸鉄道,,辰口丘陵公園口
D66,3444,北陸鉄道,,緑が丘四丁目
D66,3445,北陸鉄道,,緑が丘九丁目
D66,3446,北陸鉄道,,川辺町
D66,3447,北陸鉄道,,一針
D66,3449,北陸鉄道,,長野保育所前
D66,344A,北陸鉄道,,大長野
D66,3450,北陸鉄道,,末信
D66,3451,北陸鉄道,,牛島
D66,3452,北陸鉄道,,佐野
D66,3453,北陸鉄道,,佐野公民館前
D66,3454,北陸鉄道,,湯谷
D66,3457,北陸鉄道,,泉台
D66,3458,北陸鉄道,,九谷温泉
D66,3459,北陸鉄道,,クアハウス九谷前
D66,345A,北陸鉄道,,緑が丘十丁目
D66,345B,北陸鉄道,,松が岡二丁目
D66,345C,北陸鉄道,,松が岡一丁目
D66,352A,北陸鉄道,,新庄三丁目
D66,352B,北陸鉄道,,上林四丁目
D66,352C,北陸鉄道,,県立大学南口
D66,352D,北陸鉄道,,末松二丁目
D66,3532,北陸鉄道,,中四十万
D66,3533,北陸鉄道,,加賀産新庄
D66,3534,北陸鉄道,,加賀産上林
D66,3535,北陸鉄道,,加賀産みずほ台
D66,3536,北陸鉄道,,加賀産藤の木
D66,3537,北陸鉄道,,加賀産山島台ニュータウン
D66,3538,北陸鉄道,,山島台中央
D66,3539,北陸鉄道,,南部車庫
D66,353A,北陸鉄道,,山島台一丁目
D66,353C,北陸鉄道,,大学院口
D66,353D,北陸鉄道,,先端大学院
D66,353F,北陸鉄道,,山島台四丁目
D66,3541,北陸鉄道,,深瀬新町
D66,3542,北陸鉄道,,七原町
D66,3543,北陸鉄道,,日向団地
D66,3600,北陸鉄道,,北陸小松
D66,360B,北陸鉄道,,城南町
D66,360F,北陸鉄道,,浮柳
D66,361F,北陸鉄道,,木曽町
D66,3620,北陸鉄道,,鶴ヶ島
D66,3623,北陸鉄道,,安宅
D66,3624,北陸鉄道,,安宅出町
D66,3626,北陸鉄道,,長崎口
D66,3627,北陸鉄道,,安宅漁港
D66,3628,北陸鉄道,,長崎
D66,3708,北陸鉄道,,加賀産岩内
D66,3709,北陸鉄道,,岩内東
D66,370A,北陸鉄道,,三ツ屋
D66,370B,北陸鉄道,,山田(能美市)
D66,370C,北陸鉄道,,来丸
D66,370D,北陸鉄道,,火釜
D66,370E,北陸鉄道,,岩内
D66,370F,北陸鉄道,,三ツ口
D66,3714,北陸鉄道,,宮竹小学校前
D66,3715,北陸鉄道,,宮竹
D66,3800,北陸鉄道,,沖
D66,3801,北陸鉄道,,小松工業高校前
D66,3802,北陸鉄道,,打越(小松市)
D66,3803,北陸鉄道,,北吉竹
D66,3804,北陸鉄道,,吉竹
D66,3805,北陸鉄道,,千木野
D66,3809,北陸鉄道,,本江町東
D66,380B,北陸鉄道,,東山(小松市)
D66,380C,北陸鉄道,,江指
D66,380D,北陸鉄道,,長谷
D66,380E,北陸鉄道,,波佐谷
D66,3810,北陸鉄道,,瀬領(小松市)
D66,3814,北陸鉄道,,瀬領温泉
D66,3815,北陸鉄道,,上り江
D66,3816,北陸鉄道,,打木(小松市)
D66,3817,北陸鉄道,,荒俣峡
D66,3819,北陸鉄道,,赤瀬
D66,3829,北陸鉄道,,大杉下町
D66,382A,北陸鉄道,,大杉中町
D66,382C,北陸鉄道,,大杉本町
D66,382D,北陸鉄道,,明神橋
D66,3C00,北陸鉄道,,山代東口
D66,3C01,北陸鉄道,,北部二丁目
D66,3C02,北陸鉄道,,山代西口
D66,3C04,北陸鉄道,,山代小学校前
D66,3C05,北陸鉄道,,文化会館前(加賀市)
D66,3C06,北陸鉄道,,山代温泉南口
D66,3C07,北陸鉄道,,幸町(加賀市)
D66,3C09,北陸鉄道,,七ツ堀
D66,3C0D,北陸鉄道,,市の瀬神社前
D66,3C0E,北陸鉄道,,山代温泉
D66,3C32,北陸鉄道,,那谷寺
D66,3C3C,北陸鉄道,,馬場
D66,3C3D,北陸鉄道,,上荒屋(小松市)
D66,3C41,北陸鉄道,,河南
D66,3C43,北陸鉄道,,黒瀬
D66,3C44,北陸鉄道,,保賀
D66,3C46,北陸鉄道,,黒瀬西
D66,3C48,北陸鉄道,,加茂
D66,3C4C,北陸鉄道,,加茂南
D66,3C5A,北陸鉄道,,二ツ屋
D66,3D00,北陸鉄道,,粟津温泉
D66,3D01,北陸鉄道,,粟津温泉北口
D66,3D02,北陸鉄道,,粟津小学校前
D66,3D03,北陸鉄道,,湯上
D66,3D0A,北陸鉄道,,津波倉
D66,3D14,北陸鉄道,,下粟津
D66,3D1E,北陸鉄道,,島
D66,3D28,北陸鉄道,,新島
D66,3D2D,北陸鉄道,,粟津駅口
D66,3D32,北陸鉄道,,粟津駅前
D66,3E00,北陸鉄道,,加賀温泉駅
D66,3E01,北陸鉄道,,JA加賀前
D66,3F00,北陸鉄道,,片山津温泉
D66,3F01,北陸鉄道,,片山津西口
D66,3F02,北陸鉄道,,片山津町
D66,3F03,北陸鉄道,,片山津本町
D66,3F04,北陸鉄道,,富塚
D66,3F07,北陸鉄道,,ときわ台
D66,3F08,北陸鉄道,,湖城団地口
D66,3F10,北陸鉄道,,石川病院
D66,3F11,北陸鉄道,,雪の科学館前
D66,3F23,北陸鉄道,,潮津
D66,3F25,北陸鉄道,,片山津温泉総湯前
D66,3F2A,北陸鉄道,,片山津5区
D66,3F2B,北陸鉄道,,湖城団地
D66,4000,北陸鉄道,,山中温泉
D66,4009,北陸鉄道,,淀町
D66,400A,北陸鉄道,,二天
D66,400B,北陸鉄道,,中田(加賀市)
D66,400C,北陸鉄道,,長谷田
D66,400D,北陸鉄道,,旭町(加賀市)
D66,400E,北陸鉄道,,上原
D66,400F,北陸鉄道,,塚谷
D66,4010,北陸鉄道,,桂木町
D66,4011,北陸鉄道,,緑ケ丘
D66,4012,北陸鉄道,,西桂木町
D66,4013,北陸鉄道,,ぬくもり診療所前
D66,4014,北陸鉄道,,菊の湯前
D66,4015,北陸鉄道,,こおろぎ橋
D66,4016,北陸鉄道,,ゆーゆー館前
D66,4017,北陸鉄道,,栢野
D66,401C,北陸鉄道,,こおろぎ町
D66,401D,北陸鉄道,,高瀬大橋
D66,401E,北陸鉄道,,下谷町
D66,401F,北陸鉄道,,もみじ谷
D66,4020,北陸鉄道,,日和台
D66,4021,北陸鉄道,,菅谷(加賀市)
D66,4022,北陸鉄道,,平岩橋
D66,4023,北陸鉄道,,山中本町
D66,4024,北陸鉄道,,ゆげ街道
D66,4025,北陸鉄道,,湯の谷橋
D66,4026,北陸鉄道,,保賀西
D66,4033,北陸鉄道,,漆器団地
D66,4034,北陸鉄道,,別所町
D66,4035,北陸鉄道,,見晴台
D66,4036,北陸鉄道,,上原町
D66,4100,北陸鉄道,,大聖寺駅前
D66,4101,北陸鉄道,,南町(加賀)
D66,4102,北陸鉄道,,弓町
D66,4103,北陸鉄道,,菅生町
D66,4104,北陸鉄道,,越前町
D66,4105,北陸鉄道,,関町
D66,4107,北陸鉄道,,かが交流プラザさくら
D66,4112,北陸鉄道,,錦町(加賀市)
D66,4113,北陸鉄道,,錦城ケ丘
D66,4114,北陸鉄道,,三ツ
D66,4115,北陸鉄道,,三木
D66,4116,北陸鉄道,,永井新
D66,4117,北陸鉄道,,永井
D66,4118,北陸鉄道,,永井西口
D66,4119,北陸鉄道,,瀬越口
D66,411A,北陸鉄道,,吉崎
D66,411B,北陸鉄道,,塩屋
D66,411C,北陸鉄道,,加賀市医療センター
D66,4130,北陸鉄道,,松が丘一丁目
D66,4132,北陸鉄道,,南郷公民館前
D66,4133,北陸鉄道,,南郷
D66,4134,北陸鉄道,,下河崎
D66,4135,北陸鉄道,,上河崎
D66,4136,北陸鉄道,,大聖寺実業高校前
D66,4137,北陸鉄道,,作見南
D66,4138,北陸鉄道,,作見
D66,4139,北陸鉄道,,温泉駅北口
D66,413A,北陸鉄道,,白山台
D66,413C,北陸鉄道,,松が丘二丁目
D66,413D,北陸鉄道,,中央公園口
D66,413E,北陸鉄道,,春日町(加賀市)
D66,413F,北陸鉄道,,岡町
D66,4140,北陸鉄道,,耳聞山
D66,4141,北陸鉄道,,法華坊
D66,4142,北陸鉄道,,小菅波町
D66,4143,北陸鉄道,,イオン加賀の里前
D66,4144,北陸鉄道,,河崎上神社前
D66,4300,北陸鉄道,,赤瀬那殿口
D66,4303,北陸鉄道,,安宅の関前
D66,4304,北陸鉄道,,嵐
D66,4306,北陸鉄道,,糸町
D66,4307,北陸鉄道,,岩上
D66,4308,北陸鉄道,,岩渕
D66,4309,北陸鉄道,,鵜川遊泉寺
D66,430B,北陸鉄道,,大杉上町
D66,430F,北陸鉄道,,大杉みどりの里
D66,4310,北陸鉄道,,尾小屋
D66,4311,北陸鉄道,,桂
D66,4312,北陸鉄道,,観音下
D66,4313,北陸鉄道,,金平
D66,4314,北陸鉄道,,金野保育所前
D66,4315,北陸鉄道,,金野町
D66,4316,北陸鉄道,,上麦口
D66,4317,北陸鉄道,,軽海
D66,4318,北陸鉄道,,軽海団地前
D66,4319,北陸鉄道,,希望ヶ丘
D66,431B,北陸鉄道,,工業高校東口
D66,431D,北陸鉄道,,国府小学校前
D66,431E,北陸鉄道,,国府台
D66,431F,北陸鉄道,,小杉
D66,4320,北陸鉄道,,小松郵便局前
D66,4322,北陸鉄道,,佐々木
D66,4323,北陸鉄道,,塩原
D66,4325,北陸鉄道,,商工会議所前
D66,4327,北陸鉄道,,市立高校前
D66,4328,北陸鉄道,,千木野団地
D66,4329,北陸鉄道,,千木野町中
D66,432A,北陸鉄道,,せせらぎの郷
D66,432C,北陸鉄道,,千松閣
D66,432D,北陸鉄道,,千松閣前
D66,432E,北陸鉄道,,出合
D66,432F,北陸鉄道,,出村(小松市)
D66,4330,北陸鉄道,,寺井西口
D66,4331,北陸鉄道,,土居原町
D66,4332,北陸鉄道,,中
D66,4333,北陸鉄道,,中田島前
D66,4334,北陸鉄道,,中海こども園前
D66,4335,北陸鉄道,,中海郵便局前
D66,4336,北陸鉄道,,長崎会館前
D66,4337,北陸鉄道,,中ノ峠
D66,4338,北陸鉄道,,長原
D66,4339,北陸鉄道,,那谷町
D66,433A,北陸鉄道,,西大野
D66,433B,北陸鉄道,,西軽海三丁目
D66,433C,北陸鉄道,,布橋
D66,433D,北陸鉄道,,野立西
D66,433E,北陸鉄道,,波佐谷町南
D66,433F,北陸鉄道,,波佐羅
D66,4340,北陸鉄道,,花坂
D66,4341,北陸鉄道,,ハニベ前
D66,4342,北陸鉄道,,原(小松市)
D66,4343,北陸鉄道,,原永田前
D66,4344,北陸鉄道,,原番谷
D66,4345,北陸鉄道,,日の出町
D66,4347,北陸鉄道,,不動
D66,4348,北陸鉄道,,別宮
D66,4349,北陸鉄道,,三坂
D66,434A,北陸鉄道,,麦口
D66,434B,北陸鉄道,,八幡(小松市)
D66,434C,北陸鉄道,,やわたメディカルセンター
D66,434D,北陸鉄道,,若杉
D66,460F,北陸鉄道,,飯山
D66,4610,北陸鉄道,,飯山新町
D66,4611,北陸鉄道,,本江
D66,4612,北陸鉄道,,若部
D66,4613,北陸鉄道,,寺境
D66,4614,北陸鉄道,,酒井
D66,4615,北陸鉄道,,四柳
D66,4616,北陸鉄道,,大町(羽咋市)
D66,4617,北陸鉄道,,小金森
D66,4618,北陸鉄道,,高畠
D66,4619,北陸鉄道,,小田中
D66,461A,北陸鉄道,,久江
D66,461B,北陸鉄道,,水白
D66,461C,北陸鉄道,,小竹
D66,461D,北陸鉄道,,井田(中能登町)
D66,461E,北陸鉄道,,鹿島小学校西口
D66,461F,北陸鉄道,,芹川
D66,4620,北陸鉄道,,二宮
D66,4621,北陸鉄道,,越路
D66,4622,北陸鉄道,,武部
D66,4623,北陸鉄道,,久の木
D66,4624,北陸鉄道,,若林
D66,4625,北陸鉄道,,飯川
D66,4626,北陸鉄道,,下町
D66,4627,北陸鉄道,,JA徳田支店前
D66,4628,北陸鉄道,,八幡(七尾市)
D66,4629,北陸鉄道,,南ケ丘住宅前
D66,462A,北陸鉄道,,古府(七尾市)
D66,462B,北陸鉄道,,藤野町
D66,462C,北陸鉄道,,本府中
D66,462D,北陸鉄道,,川原町
D66,462E,北陸鉄道,,太田(羽咋市)
D66,462F,北陸鉄道,,石野町
D66,4630,北陸鉄道,,鶴多町
D66,4631,北陸鉄道,,羽咋高校前
D66,4632,北陸鉄道,,羽咋農協センター前
D66,463B,北陸鉄道,,白鳥苑前
D66,4645,北陸鉄道,,七尾美術館前
D66,464F,北陸鉄道,,白馬口
D66,4650,北陸鉄道,,細口
D66,4651,北陸鉄道,,国分
D66,4652,北陸鉄道,,藤橋
D66,4653,北陸鉄道,,岩屋町
D66,4654,北陸鉄道,,西藤橋
D66,4655,北陸鉄道,,青葉台
D66,4656,北陸鉄道,,小丸山台1丁目
D66,4657,北陸鉄道,,小丸山台2丁目
D66,4658,北陸鉄道,,小丸山台3丁目
D66,4659,北陸鉄道,,能登総合病院
D66,465B,北陸鉄道,,邑知中学校前
D66,4660,北陸鉄道,,JA鹿島支店前
D66,4700,北陸鉄道,,妙成寺口
D66,4701,北陸鉄道,,羽咋駅前
D66,4702,北陸鉄道,,市役所前
D66,4703,北陸鉄道,,羽咋小学校前
D66,4704,北陸鉄道,,羽咋中央
D66,4705,北陸鉄道,,羽咋大橋
D66,4706,北陸鉄道,,工業高校前(羽咋)
D66,4707,北陸鉄道,,釜屋新保
D66,4708,北陸鉄道,,猫の目
D66,4709,北陸鉄道,,一の宮(羽咋市)
D66,470A,北陸鉄道,,滝
D66,470B,北陸鉄道,,三軒茶屋
D66,470C,北陸鉄道,,本成寺口
D66,470D,北陸鉄道,,柴垣
D66,470E,北陸鉄道,,滝谷口
D66,470F,北陸鉄道,,甘田
D66,4710,北陸鉄道,,大島
D66,4711,北陸鉄道,,長沢(志賀町)
D66,4712,北陸鉄道,,大念寺
D66,4713,北陸鉄道,,高浜
D66,4714,北陸鉄道,,末吉
D66,4715,北陸鉄道,,清水(志賀町)
D66,4716,北陸鉄道,,堀松南
D66,4717,北陸鉄道,,大笹
D66,4718,北陸鉄道,,牛首
D66,4719,北陸鉄道,,米町
D66,471A,北陸鉄道,,松の木
D66,471B,北陸鉄道,,直海
D66,471C,北陸鉄道,,長田口
D66,471D,北陸鉄道,,豊後名
D66,471E,北陸鉄道,,三明
D66,471F,北陸鉄道,,谷神
D66,4720,北陸鉄道,,荒屋(志賀町)
D66,4721,北陸鉄道,,生神
D66,4722,北陸鉄道,,七海
D66,4728,北陸鉄道,,牛下
D66,472A,北陸鉄道,,大島キャンプ場口
D66,472B,北陸鉄道,,西北台小学校前
D66,4751,北陸鉄道,,羽咋中学校前
D66,475F,北陸鉄道,,七尾中学校
D66,4760,北陸鉄道,,杉森(七尾市)
D66,4761,北陸鉄道,,高田(七尾市)
D66,4762,北陸鉄道,,サンビーム日和ヶ丘
D66,4822,北陸鉄道,,JA高階店前
D66,4825,北陸鉄道,,東三階
D66,4826,北陸鉄道,,旭町(七尾市)
D66,4900,北陸鉄道,,志賀中学校
D66,4901,北陸鉄道,,志賀小学校前
D66,4902,北陸鉄道,,福野
D66,4903,北陸鉄道,,大島入口
D66,4904,北陸鉄道,,宿女
D66,4905,北陸鉄道,,福井口
D66,4906,北陸鉄道,,雨谷
D66,4910,北陸鉄道,,志賀やすらぎ荘前
D66,4915,北陸鉄道,,下甘田保育所前
D66,4916,北陸鉄道,,二所宮
D66,4917,北陸鉄道,,上棚
D66,4918,北陸鉄道,,中村(志賀町)
D66,4919,北陸鉄道,,東谷内
D66,491A,北陸鉄道,,上後山
D66,491B,北陸鉄道,,下後山
D66,491D,北陸鉄道,,徳丸(中能登町)
D66,491F,北陸鉄道,,能登部駅前
D66,4A00,北陸鉄道,,北鉄加賀バス前
D66,4A01,北陸鉄道,,富来
D66,4A02,北陸鉄道,,領家口
D66,4A2B,北陸鉄道,,門前総持寺前
D66,4A2C,北陸鉄道,,禅の里交流館前
D66,4C00,北陸鉄道,,能登食祭市場
D66,4C01,北陸鉄道,,七尾駅前
D66,4C02,北陸鉄道,,小丸山城址公園
D66,4C03,北陸鉄道,,小島橋
D66,4C04,北陸鉄道,,小島町三丁目
D66,4C05,北陸鉄道,,津向町
D66,4C06,北陸鉄道,,松百新町
D66,4C07,北陸鉄道,,国立七尾病院前
D66,4C08,北陸鉄道,,松百
D66,4C09,北陸鉄道,,祖浜
D66,4C0A,北陸鉄道,,石崎口
D66,4C0B,北陸鉄道,,和倉温泉駅前
D66,4C0C,北陸鉄道,,香島中学校前
D66,4C0D,北陸鉄道,,香島
D66,4C0E,北陸鉄道,,お祭り会館前
D66,4C0F,北陸鉄道,,和倉温泉
D66,4C10,北陸鉄道,,和倉小学校前
D66,4C19,北陸鉄道,,桧物町
D66,4C1A,北陸鉄道,,寿町
D66,4C1B,北陸鉄道,,恵寿病院前
D66,4C1C,北陸鉄道,,つつじケ浜
D66,4C1D,北陸鉄道,,西湊合同庁舎前
D66,4C1F,北陸鉄道,,郡町
D66,4C20,北陸鉄道,,湊町口
D66,4C21,北陸鉄道,,矢田新中央
D66,4C22,北陸鉄道,,矢田新東
D66,4C23,北陸鉄道,,万行浜通り
D66,4C24,北陸鉄道,,臼池
D66,4C25,北陸鉄道,,東湊小学校前
D66,4C26,北陸鉄道,,太田八幡
D66,4C27,北陸鉄道,,殿
D66,4C28,北陸鉄道,,沢野
D66,4C29,北陸鉄道,,百海
D66,4C2A,北陸鉄道,,庵港
D66,4C2B,北陸鉄道,,庵
D66,4C2C,北陸鉄道,,虫崎
D66,4C2D,北陸鉄道,,下佐々波
D66,4C2E,北陸鉄道,,上佐々波
D66,4C2F,北陸鉄道,,出村
D66,4C30,北陸鉄道,,黒崎(七尾市)
D66,4C31,北陸鉄道,,花園口(七尾市)
D66,4C32,北陸鉄道,,東浜
D66,4C33,北陸鉄道,,大泊(七尾市)
D66,4C34,北陸鉄道,,大泊寺の前
D66,4C35,北陸鉄道,,東大泊
D66,4C36,北陸鉄道,,新脇
D66,4C37,北陸鉄道,,脇
D66,4C4B,北陸鉄道,,卸売市場前
D66,4C4C,北陸鉄道,,福留(七尾市)
D66,4C4D,北陸鉄道,,福浦(七尾市)
D66,4C51,北陸鉄道,,海門寺
D66,4C52,北陸鉄道,,滝の尻
D66,4C53,北陸鉄道,,赤崎(七尾市)
D66,4C54,北陸鉄道,,赤崎温泉
D66,4C55,北陸鉄道,,此の木(七尾市)
D66,4C56,北陸鉄道,,上三室
D66,4C57,北陸鉄道,,三室
D66,4C58,北陸鉄道,,鵜の浦
D66,4C59,北陸鉄道,,崎山郵便局前
D66,4C5A,北陸鉄道,,山崎(崎山線)
D66,4C5B,北陸鉄道,,湯川口
D66,4C5C,北陸鉄道,,湯川温泉
D66,4C5D,北陸鉄道,,下湯川
D66,4C5E,北陸鉄道,,上湯川
D66,4C5F,北陸鉄道,,川尻(七尾市鵜浦)
D66,4C60,北陸鉄道,,鹿渡島
D66,4C61,北陸鉄道,,白鳥
D66,4C62,北陸鉄道,,江泊
D66,4C63,北陸鉄道,,大野木
D66,4D00,北陸鉄道,,鹿渡島漁港
D66,4D01,北陸鉄道,,奥原
D66,4D02,北陸鉄道,,田鶴浜住宅前
D66,4D03,北陸鉄道,,舟尾
D66,4D04,北陸鉄道,,川尻(七尾市田鶴浜)
D66,4D06,北陸鉄道,,JA田鶴浜支店前
D66,4D07,北陸鉄道,,三引口
D66,4D08,北陸鉄道,,白浜
D66,4D09,北陸鉄道,,深見口
D66,4D0A,北陸鉄道,,大津口
D66,4D21,北陸鉄道,,白浜東
D66,4D33,北陸鉄道,,大津(七尾市)
D66,4D34,北陸鉄道,,大津西口
D66,4D35,北陸鉄道,,徳田
D66,4D36,北陸鉄道,,矢田
D66,4D37,北陸鉄道,,土田学校前
D66,4D38,北陸鉄道,,代田
D66,4D39,北陸鉄道,,土田支所前
D66,4D3A,北陸鉄道,,牧山
D66,4D3B,北陸鉄道,,火打谷
D66,4D3C,北陸鉄道,,石川県緑化センター前
D66,4D3D,北陸鉄道,,梨谷
D66,4D3E,北陸鉄道,,吉田(志賀町)
D66,4E0B,北陸鉄道,,白馬
D66,4E0C,北陸鉄道,,三階口
D66,4E0D,北陸鉄道,,盤若野
D66,4E0E,北陸鉄道,,池崎
D66,4E0F,北陸鉄道,,西池崎
D66,4E10,北陸鉄道,,町屋口
D66,4E11,北陸鉄道,,満仁
D66,4E12,北陸鉄道,,西下
D66,4E13,北陸鉄道,,中勢橋
D66,4E14,北陸鉄道,,吉田(七尾市)
D66,4E17,北陸鉄道,,西三階
D66,4E1F,北陸鉄道,,大呑保育園前
D66,4E25,北陸鉄道,,七原口
D66,4E26,北陸鉄道,,伊久留(七尾市)
D66,4E27,北陸鉄道,,温井
D66,4E28,北陸鉄道,,相馬住宅前
D66,4E2B,北陸鉄道,,中能登中学校
D66,4E2C,北陸鉄道,,ラピア鹿島前
D66,4E2D,北陸鉄道,,アルプラザ鹿島
D66,4E2E,北陸鉄道,,織姫の里
D66,4E2F,北陸鉄道,,岩屋(化石層)
D66,4E30,北陸鉄道,,鹿島体育館口
D66,4E31,北陸鉄道,,鹿島小学校
D66,4F63,北陸鉄道,,臨空産業団地前
D66,5001,北陸鉄道,,走出
D66,500D,北陸鉄道,,城山住宅前
D66,500E,北陸鉄道,,真名井口
D66,500F,北陸鉄道,,職業短大前
D66,5010,北陸鉄道,,穴水高校前
D66,5011,北陸鉄道,,穴水高校口
D66,5112,北陸鉄道,,穴水総合病院
D66,5114,北陸鉄道,,東町(穴水役場口)
D66,5115,北陸鉄道,,穴水駅前
D66,5116,北陸鉄道,,大島町
D66,5117,北陸鉄道,,栄町
D66,5118,北陸鉄道,,庚申町
D66,5119,北陸鉄道,,此の木(穴水町)
D66,511A,北陸鉄道,,平野
D66,511B,北陸鉄道,,唐川口
D66,511C,北陸鉄道,,小又(穴水町)
D66,511D,北陸鉄道,,貝吹口
D66,511E,北陸鉄道,,原
D66,511F,北陸鉄道,,荒屋(輪島市)
D66,5120,北陸鉄道,,東大町
D66,5121,北陸鉄道,,別所(輪島市)
D66,5122,北陸鉄道,,平
D66,5123,北陸鉄道,,旧本郷小学校前
D66,5124,北陸鉄道,,二又川
D66,5125,北陸鉄道,,納能屋口
D66,5126,北陸鉄道,,谷口
D66,5127,北陸鉄道,,内保
D66,5128,北陸鉄道,,貝喰
D66,5129,北陸鉄道,,山辺
D66,512A,北陸鉄道,,栃木口
D66,512B,北陸鉄道,,本市口
D66,512C,北陸鉄道,,本市
D66,512D,北陸鉄道,,広瀬(輪島市)
D66,512E,北陸鉄道,,日野尾
D66,5131,北陸鉄道,,大町(穴水町)
D66,5132,北陸鉄道,,保健センター前
D66,5133,北陸鉄道,,西山PA
D66,5134,北陸鉄道,,大町東
D66,5135,北陸鉄道,,秋吉
D66,5136,北陸鉄道,,高松SA
D66,5137,北陸鉄道,,輪島マリンタウン
D66,5201,北陸鉄道,,田村
D66,5202,北陸鉄道,,正仏
D66,5203,北陸鉄道,,浦上
D66,5204,北陸鉄道,,知気女
D66,5205,北陸鉄道,,中屋(輪島市)
D66,5206,北陸鉄道,,上中屋
D66,5209,北陸鉄道,,西円山
D66,520A,北陸鉄道,,縄又
D66,520B,北陸鉄道,,下縄又
D66,520C,北陸鉄道,,二俣
D66,520D,北陸鉄道,,二俣学校前
D66,520E,北陸鉄道,,黒川(輪島市)
D66,520F,北陸鉄道,,四十九坊
D66,5210,北陸鉄道,,長井
D66,5211,北陸鉄道,,稲屋
D66,5212,北陸鉄道,,大屋学校前
D66,5213,北陸鉄道,,小伊勢
D66,5214,北陸鉄道,,県立漆芸研修所前
D66,5215,北陸鉄道,,測候所前
D66,5216,北陸鉄道,,新橋
D66,5217,北陸鉄道,,輪島塗会館
D66,5218,北陸鉄道,,馬場町
D66,521C,北陸鉄道,,重蔵神社前
D66,522A,北陸鉄道,,能登高校南
D66,5237,北陸鉄道,,椿崎口
D66,5238,北陸鉄道,,鹿波
D66,5239,北陸鉄道,,鹿波東
D66,523A,北陸鉄道,,曽良
D66,523B,北陸鉄道,,曽良東
D66,523C,北陸鉄道,,兜小学校前
D66,523D,北陸鉄道,,農協甲支店前
D66,523E,北陸鉄道,,兜診療所前
D66,523F,北陸鉄道,,黒崎(穴水町)
D66,5240,北陸鉄道,,沖波宮の下
D66,5241,北陸鉄道,,沖波立戸浜
D66,5243,北陸鉄道,,沖波
D66,5244,北陸鉄道,,沖波口
D66,5245,北陸鉄道,,前波口
D66,5246,北陸鉄道,,前波集会所前
D66,5247,北陸鉄道,,宇加川
D66,5248,北陸鉄道,,花園口(穴水町)
D66,5249,北陸鉄道,,古君集会所前
D66,524A,北陸鉄道,,古君中町
D66,524B,北陸鉄道,,太田川
D66,524C,北陸鉄道,,竹太
D66,524D,北陸鉄道,,前波南
D66,524F,北陸鉄道,,市の坂(穴水町)
D66,5250,北陸鉄道,,小又(穴水町山中)
D66,5251,北陸鉄道,,女良川
D66,5252,北陸鉄道,,東山(穴水町)
D66,5253,北陸鉄道,,明千寺
D66,5254,北陸鉄道,,野並
D66,5255,北陸鉄道,,大郷
D66,5256,北陸鉄道,,なごみ
D66,5257,北陸鉄道,,椿崎マリーナ
D66,5258,北陸鉄道,,崎山
D66,5300,北陸鉄道,,向洋中学校
D66,5301,北陸鉄道,,北七海
D66,5302,北陸鉄道,,麦ヶ浦
D66,5303,北陸鉄道,,下出(穴水町)
D66,5304,北陸鉄道,,中居北口
D66,5305,北陸鉄道,,中居南口
D66,5306,北陸鉄道,,向洋小学校
D66,5307,北陸鉄道,,西比良
D66,5308,北陸鉄道,,比良農協前
D66,5309,北陸鉄道,,能登川尻
D66,530A,北陸鉄道,,岩車
D66,530B,北陸鉄道,,東岩車
D66,530C,北陸鉄道,,穴水聖頌園前
D66,530D,北陸鉄道,,旭ヶ丘口
D66,530E,北陸鉄道,,南旭ヶ丘
D66,530F,北陸鉄道,,旭ヶ丘3区
D66,5310,北陸鉄道,,中旭ヶ丘
D66,5311,北陸鉄道,,旭ヶ丘1区
D66,5312,北陸鉄道,,旭ヶ丘2区
D66,5313,北陸鉄道,,比良駅前
D66,5314,北陸鉄道,,下曽山
D66,5315,北陸鉄道,,上曽山
D66,5316,北陸鉄道,,高内畠
D66,5317,北陸鉄道,,能登本木
D66,5318,北陸鉄道,,木住
D66,5319,北陸鉄道,,能登瑞穂
D66,531A,北陸鉄道,,町
D66,531B,北陸鉄道,,八乃田
D66,531C,北陸鉄道,,柿生
D66,531D,北陸鉄道,,能登神道
D66,531E,北陸鉄道,,谷屋
D66,531F,北陸鉄道,,小垣
D66,5320,北陸鉄道,,鵜川駅前
D66,5321,北陸鉄道,,鵜川口
D66,5322,北陸鉄道,,能登桜木
D66,5323,北陸鉄道,,能登七見
D66,5324,北陸鉄道,,矢波弁天
D66,5325,北陸鉄道,,三波
D66,5326,北陸鉄道,,波並駅前
D66,5327,北陸鉄道,,能登間島
D66,5328,北陸鉄道,,健民テニスコート前
D66,5329,北陸鉄道,,藤波駅口
D66,5342,北陸鉄道,,婦人ホーム口
D66,5361,北陸鉄道,,市立輪島病院
D66,5400,北陸鉄道,,輪島高校前
D66,5401,北陸鉄道,,輪島駅前
D66,541F,北陸鉄道,,杉平
D66,5420,北陸鉄道,,横地
D66,5421,北陸鉄道,,小川
D66,5422,北陸鉄道,,川尻(輪島市)
D66,5423,北陸鉄道,,安町
D66,5424,北陸鉄道,,桐田
D66,5425,北陸鉄道,,市ノ瀬
D66,5426,北陸鉄道,,荒田
D66,5427,北陸鉄道,,下熊野
D66,5428,北陸鉄道,,熊野
D66,5429,北陸鉄道,,小淵橋
D66,542A,北陸鉄道,,渡合
D66,542B,北陸鉄道,,興徳寺
D66,542C,北陸鉄道,,三井駅前
D66,542D,北陸鉄道,,長沢(輪島市)
D66,542E,北陸鉄道,,小泉
D66,542F,北陸鉄道,,新保
D66,5431,北陸鉄道,,市の坂(輪島市)
D66,5432,北陸鉄道,,あての木園前
D66,5433,北陸鉄道,,きらめき橋
D66,5501,北陸鉄道,,弥生町
D66,5502,北陸鉄道,,塚田
D66,5503,北陸鉄道,,稲舟
D66,5504,北陸鉄道,,菰沢
D66,5505,北陸鉄道,,寝豚
D66,5506,北陸鉄道,,岡塚
D66,5507,北陸鉄道,,高州山口
D66,5508,北陸鉄道,,惣領
D66,5509,北陸鉄道,,打越
D66,550A,北陸鉄道,,大谷内
D66,550B,北陸鉄道,,鷲岳
D66,550C,北陸鉄道,,納見
D66,550D,北陸鉄道,,白米千枚田
D66,550E,北陸鉄道,,名舟
D66,550F,北陸鉄道,,南志見
D66,5510,北陸鉄道,,渋田口
D66,5511,北陸鉄道,,大川
D66,5512,北陸鉄道,,河原
D66,5514,北陸鉄道,,下時国
D66,5515,北陸鉄道,,上時国
D66,5516,北陸鉄道,,敷戸
D66,5517,北陸鉄道,,寺地(輪島市)
D66,5518,北陸鉄道,,下広江
D66,5519,北陸鉄道,,広江
D66,551A,北陸鉄道,,町野
D66,551B,北陸鉄道,,粟蔵
D66,551C,北陸鉄道,,桶戸
D66,551D,北陸鉄道,,若桑
D66,551E,北陸鉄道,,眞久
D66,551F,北陸鉄道,,法安
D66,5520,北陸鉄道,,円山
D66,5521,北陸鉄道,,長尾(能登町上長尾)
D66,5522,北陸鉄道,,下出(能登町)
D66,5523,北陸鉄道,,小間生
D66,5524,北陸鉄道,,鴨川
D66,5525,北陸鉄道,,石井
D66,5526,北陸鉄道,,柳田
D66,5527,北陸鉄道,,笹川橋
D66,5528,北陸鉄道,,笹川
D66,5529,北陸鉄道,,天坂橋
D66,552A,北陸鉄道,,柳田天坂
D66,552B,北陸鉄道,,上町公民館前
D66,552C,北陸鉄道,,上町(能登町)
D66,552D,北陸鉄道,,中又
D66,552E,北陸鉄道,,立ケ谷内
D66,552F,北陸鉄道,,長坂
D66,5530,北陸鉄道,,平体口
D66,5531,北陸鉄道,,梅の木
D66,5532,北陸鉄道,,能登町役場前
D66,5601,北陸鉄道,,曽々木口
D66,5607,北陸鉄道,,国光
D66,561B,北陸鉄道,,飯田栄町北
D66,561D,北陸鉄道,,能登飯田
D66,561F,北陸鉄道,,すずなり館前
D66,5621,北陸鉄道,,珠洲鉢ケ崎
D66,5622,北陸鉄道,,珠洲市総合病院前
D66,5625,北陸鉄道,,珠洲市役所前
D66,5626,北陸鉄道,,馬渡(珠洲市)
D66,5627,北陸鉄道,,鵜島
D66,5629,北陸鉄道,,鵜飼本町
D66,562A,北陸鉄道,,春日野
D66,562B,北陸鉄道,,盤若橋
D66,562C,北陸鉄道,,谷崎
D66,562D,北陸鉄道,,竹中橋
D66,562E,北陸鉄道,,上戸農協前
D66,5630,北陸鉄道,,善慶寺前
D66,5631,北陸鉄道,,北方
D66,5632,北陸鉄道,,南町(珠洲市)
D66,563F,北陸鉄道,,石崎小学校前
D66,5640,北陸鉄道,,石崎駐在所前
D66,5641,北陸鉄道,,石崎東四区
D66,5642,北陸鉄道,,石崎漁港前
D66,5645,北陸鉄道,,姫中組
D66,5646,北陸鉄道,,姫上野台
D66,5647,北陸鉄道,,姫幸港口
D66,5648,北陸鉄道,,金大実験所口
D66,5649,北陸鉄道,,後谷
D66,5653,北陸鉄道,,正院
D66,5654,北陸鉄道,,正院西口
D66,5655,北陸鉄道,,野々江
D66,5656,北陸鉄道,,島田
D66,5657,北陸鉄道,,勝楽寺前
D66,5658,北陸鉄道,,熊谷
D66,5659,北陸鉄道,,吾妻橋
D66,565A,北陸鉄道,,飯田高校下
D66,5660,北陸鉄道,,飯田栄町
D66,5661,北陸鉄道,,昭和橋
D66,5700,北陸鉄道,,りふれっしゅ村
D66,570F,北陸鉄道,,加村口
D66,5710,北陸鉄道,,精育園前
D66,5711,北陸鉄道,,洲衛
D66,5712,北陸鉄道,,のと里山空港
D66,5713,北陸鉄道,,是久
D66,5714,北陸鉄道,,桜峠
D66,5715,北陸鉄道,,内浦駒渡
D66,5716,北陸鉄道,,珠洲鵜飼
D66,5717,北陸鉄道,,上戸
D66,5718,北陸鉄道,,いやさか広場前
D66,5719,北陸鉄道,,羽根漁港
D66,571B,北陸鉄道,,縄文真脇温泉口
D66,571D,北陸鉄道,,小木港
D66,571E,北陸鉄道,,九十九湾
D66,5720,北陸鉄道,,柳田植物公園口
D66,5721,北陸鉄道,,前浜
D66,5722,北陸鉄道,,珠洲川尻
D66,5723,北陸鉄道,,弁天公園前
D66,5724,北陸鉄道,,本蛸島
D66,5725,北陸鉄道,,蛸島本町
D66,5726,北陸鉄道,,旭町(珠洲市)
D66,574C,北陸鉄道,,宇出津病院前
D66,574D,北陸鉄道,,能登田町
D66,574E,北陸鉄道,,辺田の浜
D66,5751,北陸鉄道,,宇加塚口
D66,5752,北陸鉄道,,宇加塚
D66,5753,北陸鉄道,,上藤の瀬
D66,5754,北陸鉄道,,藤の瀬(能登町)
D66,5755,北陸鉄道,,下藤の瀬
D66,5756,北陸鉄道,,吉尾口
D66,5757,北陸鉄道,,鶴町
D66,5758,北陸鉄道,,田谷出
D66,5759,北陸鉄道,,曽又
D66,575A,北陸鉄道,,上曽又
D66,575B,北陸鉄道,,新村浜
D66,575C,北陸鉄道,,遠島山公園下
D66,575D,北陸鉄道,,田の浦
D66,575F,北陸鉄道,,本小浦
D66,5760,北陸鉄道,,真脇
D66,5762,北陸鉄道,,高瀬口
D66,5763,北陸鉄道,,小木町
D66,5801,北陸鉄道,,九十九岸
D66,5803,北陸鉄道,,ホテルのときんぷら前
D66,5804,北陸鉄道,,越坂口
D66,5805,北陸鉄道,,越坂
D66,5806,北陸鉄道,,能登新保
D66,5807,北陸鉄道,,五色ヶ浜
D66,5808,北陸鉄道,,長尾(能登町内浦長尾)
D66,5809,北陸鉄道,,新村
D66,580A,北陸鉄道,,能登宮崎
D66,580B,北陸鉄道,,立壁口
D66,580C,北陸鉄道,,九里川尻
D66,580D,北陸鉄道,,九ノ里薬師寺前
D66,580E,北陸鉄道,,松波中学校前
D66,580F,北陸鉄道,,内浦総合支所前
D66,5810,北陸鉄道,,松波本町
D66,5811,北陸鉄道,,松波城址公園口
D66,5812,北陸鉄道,,技術専門校前
D66,5813,北陸鉄道,,南恋路
D66,5814,北陸鉄道,,恋路浜
D66,5815,北陸鉄道,,宗玄
D66,5816,北陸鉄道,,本鵜島
D66,5817,北陸鉄道,,船橋
D66,5818,北陸鉄道,,黒丸
D66,5819,北陸鉄道,,見附島口
D66,581A,北陸鉄道,,南鵜飼
D66,581B,北陸鉄道,,鵜飼駅前
D66,581C,北陸鉄道,,山分
D66,581D,北陸鉄道,,十八束
D66,581E,北陸鉄道,,能登山中
D66,581F,北陸鉄道,,時長
D66,5820,北陸鉄道,,能登不動寺
D66,5821,北陸鉄道,,宮犬
D66,5822,北陸鉄道,,内浦サンケン前
D66,5823,北陸鉄道,,能登上
D66,5824,北陸鉄道,,西松波
D66,5901,北陸鉄道,,曽福
D66,5902,北陸鉄道,,能登鹿島
D66,5903,北陸鉄道,,鹿島
D66,5904,北陸鉄道,,根木
D66,5905,北陸鉄道,,第三望洋台
D66,5906,北陸鉄道,,第二望洋台
D66,5907,北陸鉄道,,志ヶ浦
D66,5908,北陸鉄道,,乙ヶ崎
D66,5909,北陸鉄道,,穴水小学校前
D66,590A,北陸鉄道,,新崎崎出
D66,590B,北陸鉄道,,新崎
D66,590C,北陸鉄道,,緑ヶ丘
D66,590D,北陸鉄道,,新崎口
D66,6258,北陸鉄道,,寺分
D66,6302,北陸鉄道,,西泉
D66,6303,北陸鉄道,,新西金沢
D66,6304,北陸鉄道,,押野
D66,6305,北陸鉄道,,野々市
D66,6306,北陸鉄道,,野々市工大前
D66,6307,北陸鉄道,,馬替
D66,6308,北陸鉄道,,額住宅前
D66,6309,北陸鉄道,,乙丸
D66,630A,北陸鉄道,,四十万
D66,630B,北陸鉄道,,曽谷
D66,630C,北陸鉄道,,道法寺
D66,630D,北陸鉄道,,井口
D66,630E,北陸鉄道,,小柳
D66,630F,北陸鉄道,,日御子
D66,6313,北陸鉄道,,陽羽里
D66,6320,北陸鉄道,,七ッ屋
D66,6321,北陸鉄道,,上諸江
D66,6322,北陸鉄道,,磯部
D66,6323,北陸鉄道,,割出
D66,6324,北陸鉄道,,三口
D66,6325,北陸鉄道,,三ッ屋
D66,6326,北陸鉄道,,大河端
D66,6327,北陸鉄道,,北間
D66,6328,北陸鉄道,,蚊爪
D66,6329,北陸鉄道,,粟ヶ崎
D6F,0,富山地方鉄道,,共通
D83,2,岐阜バス,,名鉄岐阜 (バスターミナル)
D83,3,岐阜バス,,名鉄岐阜 (神田町通り)
D83,4,岐阜バス,,金宝町
D83,5,岐阜バス,,徹明町
D83,6,岐阜バス,,柳ヶ瀬
D83,7,岐阜バス,,商工会議所前
D83,8,岐阜バス,,今沢町
D83,9,岐阜バス,,高島屋前
D83,A,岐阜バス,,市役所・鶯谷高校口
D83,B,岐阜バス,,伊奈波通り
D83,C,岐阜バス,,本町3丁目(岐阜市)
D83,D,岐阜バス,,本町1丁目(岐阜市)
D83,E,岐阜バス,,材木町
D83,F,岐阜バス,,大仏南・妙照寺前
D83,10,岐阜バス,,岐阜公園・岐阜城
D83,11,岐阜バス,,長良橋南･川原町
D83,12,岐阜バス,,長良橋北・鵜飼屋
D83,13,岐阜バス,,長良ヶ丘
D83,14,岐阜バス,,長良北町
D83,15,岐阜バス,,長良天神
D83,16,岐阜バス,,長良上天神
D83,17,岐阜バス,,長良高見
D83,18,岐阜バス,,下岩崎
D83,19,岐阜バス,,長良小学校前
D83,1A,岐阜バス,,長良高校前
D83,1B,岐阜バス,,長良幸和町
D83,1C,岐阜バス,,真福寺公民館口
D83,1D,岐阜バス,,長良医療センター口
D83,1E,岐阜バス,,真竜寺前
D83,1F,岐阜バス,,真福禅寺前
D83,20,岐阜バス,,松籟団地
D83,21,岐阜バス,,長良公園前
D83,22,岐阜バス,,長良堀田
D83,23,岐阜バス,,サンライフ岐阜前
D83,24,岐阜バス,,おぶさ公民館前
D83,25,岐阜バス,,おぶさ
D83,26,岐阜バス,,うかいミュージアム前
D83,27,岐阜バス,,おぶさ口
D83,28,岐阜バス,,竜田町
D83,29,岐阜バス,,金園町8丁目
D83,2A,岐阜バス,,金園町9丁目
D83,2B,岐阜バス,,岐阜日産前
D83,2C,岐阜バス,,東興町
D83,2D,岐阜バス,,北一色
D83,2E,岐阜バス,,清流ライナー岩崎
D83,31,岐阜バス,,競輪場前
D83,32,岐阜バス,,曙町
D83,33,岐阜バス,,長住町1丁目
D83,34,岐阜バス,,白山小学校前
D83,35,岐阜バス,,田神駅前
D83,36,岐阜バス,,入舟町1丁目
D83,37,岐阜バス,,入舟町2丁目
D83,38,岐阜バス,,入舟町4丁目
D83,3A,岐阜バス,,国松
D83,3B,岐阜バス,,加納桜道
D83,3C,岐阜バス,,加納上本町
D83,3D,岐阜バス,,加納附属小学校前
D83,3E,岐阜バス,,加納駅前
D83,3F,岐阜バス,,加納八幡町
D83,40,岐阜バス,,茶所
D83,41,岐阜バス,,上川手
D83,42,岐阜バス,,領下
D83,43,岐阜バス,,城東通り1丁目
D83,44,岐阜バス,,気象台前
D83,45,岐阜バス,,城東通り3丁目
D83,46,岐阜バス,,厚見中学校前
D83,47,岐阜バス,,八剣
D83,48,岐阜バス,,下川手
D83,49,岐阜バス,,加納中学校前
D83,4A,岐阜バス,,加納朝日町2丁目
D83,4B,岐阜バス,,城南通り
D83,4C,岐阜バス,,城南郵便局前
D83,4D,岐阜バス,,茜部本郷
D83,4E,岐阜バス,,上茜部
D83,4F,岐阜バス,,城南病院前
D83,50,岐阜バス,,中央市場前
D83,51,岐阜バス,,茜部小学校前
D83,52,岐阜バス,,加納上本町4丁目
D83,53,岐阜バス,,加納大黒町
D83,54,岐阜バス,,加納神明町
D83,55,岐阜バス,,加納新本町
D83,56,岐阜バス,,加納竜興町
D83,57,岐阜バス,,加納高校前
D83,58,岐阜バス,,名鉄岐南駅東
D83,59,岐阜バス,,中保育教育園前
D83,5A,岐阜バス,,岐南中学校前
D83,5B,岐阜バス,,岐阜精機前
D83,5C,岐阜バス,,六条大溝町
D83,5D,岐阜バス,,三里小学校前
D83,5E,岐阜バス,,産業会館前
D83,5F,岐阜バス,,宇佐
D83,60,岐阜バス,,JA会館前
D83,61,岐阜バス,,OKBぎふ清流アリーナ
D83,62,岐阜バス,,県庁
D83,63,岐阜バス,,江添
D83,102,岐阜バス,,JR岐阜
D83,104,岐阜バス,,橋本町2丁目
D83,105,岐阜バス,,朝日大学病院前
D83,106,岐阜バス,,西問屋町
D83,10F,岐阜バス,,市橋小学校前
D83,113,岐阜バス,,金町7丁目
D83,115,岐阜バス,,大宝町
D83,116,岐阜バス,,加納上本町3丁目
D83,117,岐阜バス,,文化センター金神社前
D83,11A,岐阜バス,,千手堂
D83,11B,岐阜バス,,徹明通6丁目
D83,11C,岐阜バス,,鍵屋
D83,11D,岐阜バス,,本荘
D83,11E,岐阜バス,,市民病院前
D83,11F,岐阜バス,,森屋
D83,122,岐阜バス,,鏡島精華2丁目
D83,123,岐阜バス,,鏡島精華3丁目
D83,124,岐阜バス,,金華橋通り柳ヶ瀬
D83,125,岐阜バス,,市庁舎西口
D83,126,岐阜バス,,メディアコスモス・美江寺町
D83,127,岐阜バス,,ぎふしんフォーラム・裁判所前
D83,128,岐阜バス,,北税務署前
D83,129,岐阜バス,,西野町
D83,12A,岐阜バス,,西野町7丁目
D83,12B,岐阜バス,,都通り1丁目
D83,12C,岐阜バス,,福祉センター保健所前
D83,12D,岐阜バス,,メディアコスモス前
D83,12E,岐阜バス,,モレラ岐阜
D83,12F,岐阜バス,,早田東町
D83,130,岐阜バス,,北消防署前
D83,132,岐阜バス,,忠節
D83,133,岐阜バス,,忠節橋
D83,134,岐阜バス,,本郷町
D83,135,岐阜バス,,柳ヶ瀬西口
D83,136,岐阜バス,,忠節西
D83,137,岐阜バス,,池の上
D83,138,岐阜バス,,島栄町
D83,139,岐阜バス,,島小学校前
D83,13C,岐阜バス,,北島
D83,13E,岐阜バス,,北高前
D83,13F,岐阜バス,,則武
D83,140,岐阜バス,,則武小学校前
D83,141,岐阜バス,,則武本郷
D83,142,岐阜バス,,長良川国際会議場北口
D83,143,岐阜バス,,岐阜メモリアルセンター前
D83,144,岐阜バス,,さぎ山向井町
D83,145,岐阜バス,,希望が丘こども医療福祉センター前
D83,146,岐阜バス,,県岐商前
D83,147,岐阜バス,,長良平和通り
D83,148,岐阜バス,,福光南町
D83,149,岐阜バス,,せみ
D83,14C,岐阜バス,,正木北
D83,14D,岐阜バス,,正木マーサ前
D83,153,岐阜バス,,高速各務原
D83,154,岐阜バス,,高速関
D83,155,岐阜バス,,高速美濃
D83,156,岐阜バス,,高速郡上美並
D83,158,岐阜バス,,正木東
D83,159,岐阜バス,,高速郡上大和
D83,15C,岐阜バス,,美濃和紙の里公園前
D83,15D,岐阜バス,,片狩キャンプ場前
D83,15E,岐阜バス,,禰宜屋橋
D83,15F,岐阜バス,,ミヤマリトルバレー
D83,162,岐阜バス,,栄町通5丁目
D83,163,岐阜バス,,下川手口
D83,200,岐阜バス,,東川手
D83,203,岐阜バス,,美山南郵便局前
D83,204,岐阜バス,,北山交流センター
D83,205,岐阜バス,,神崎
D83,206,岐阜バス,,テクノプラザ (VRテクノジャパン)
D83,208,岐阜バス,,加納朝日町1丁目
D83,20A,岐阜バス,,市立女子短大
D83,20B,岐阜バス,,曲路
D83,20C,岐阜バス,,東別院鶯谷高校前
D83,20D,岐阜バス,,鶯谷トンネル東口
D83,20E,岐阜バス,,上加納墓地前
D83,20F,岐阜バス,,塩町
D83,210,岐阜バス,,宝来町
D83,211,岐阜バス,,岩戸
D83,212,岐阜バス,,岩戸公園前
D83,214,岐阜バス,,緑ヶ丘
D83,215,岐阜バス,,鷺山玉川町
D83,216,岐阜バス,,鷺山白鷺町
D83,217,岐阜バス,,簡易保険前
D83,219,岐阜バス,,市橋
D83,21A,岐阜バス,,市岐商前
D83,21B,岐阜バス,,西荘4丁目
D83,21C,岐阜バス,,鏡島弘法前
D83,21D,岐阜バス,,鏡島町6丁目
D83,21E,岐阜バス,,鏡島町4丁目
D83,21F,岐阜バス,,鏡島町1丁目
D83,220,岐阜バス,,梅園町
D83,221,岐阜バス,,島田西町
D83,222,岐阜バス,,桜通5丁目
D83,223,岐阜バス,,桜通4丁目
D83,224,岐阜バス,,加納本町
D83,225,岐阜バス,,旭ヶ丘
D83,226,岐阜バス,,清
D83,227,岐阜バス,,本荘中ノ町
D83,228,岐阜バス,,科学館前
D83,229,岐阜バス,,県美術館
D83,22A,岐阜バス,,市橋4丁目
D83,22B,岐阜バス,,市橋3丁目
D83,22C,岐阜バス,,則武西
D83,22D,岐阜バス,,旦の島
D83,22E,岐阜バス,,守口町4丁目
D83,22F,岐阜バス,,守口町
D83,230,岐阜バス,,萱場北町
D83,231,岐阜バス,,萱場
D83,232,岐阜バス,,中電アパート前
D83,233,岐阜バス,,則武新屋敷
D83,234,岐阜バス,,島県営アパート前
D83,235,岐阜バス,,萱場口
D83,236,岐阜バス,,近の島
D83,237,岐阜バス,,市営アパート前
D83,238,岐阜バス,,大福町5丁目
D83,239,岐阜バス,,日光町
D83,23A,岐阜バス,,早田栄町
D83,23B,岐阜バス,,岐阜赤十字病院前
D83,23C,岐阜バス,,加納朝日町3丁目
D83,23D,岐阜バス,,奥平町
D83,240,岐阜バス,,南柿ヶ瀬
D83,241,岐阜バス,,島県営アパート前
D83,244,岐阜バス,,加納矢場町
D83,246,岐阜バス,,岐阜農林高校北
D83,247,岐阜バス,,又丸西
D83,248,岐阜バス,,川部
D83,249,岐阜バス,,大縄場大橋西
D83,24A,岐阜バス,,西島町
D83,24B,岐阜バス,,菅生6丁目
D83,24C,岐阜バス,,北島2丁目
D83,24D,岐阜バス,,島大橋東
D83,24E,岐阜バス,,長良東
D83,24F,岐阜バス,,長良医療センター
D83,253,岐阜バス,,西中島北
D83,255,岐阜バス,,正木北町
D83,256,岐阜バス,,岐阜市役所・メディアコスモス
D83,500,岐阜バス,,高富
D83,501,岐阜バス,,戸羽川
D83,502,岐阜バス,,上岩崎
D83,503,岐阜バス,,三田洞
D83,504,岐阜バス,,三田洞山崎
D83,505,岐阜バス,,粟野口
D83,506,岐阜バス,,粟野(岐阜市)
D83,507,岐阜バス,,高富大竜寺前
D83,508,岐阜バス,,岐北厚生病院前
D83,509,岐阜バス,,高富小学校前
D83,50A,岐阜バス,,高富北町
D83,50B,岐阜バス,,山県警察署前
D83,50C,岐阜バス,,富岡小学校前
D83,50D,岐阜バス,,松塚
D83,50E,岐阜バス,,十王
D83,50F,岐阜バス,,焼橋
D83,510,岐阜バス,,御鋒
D83,511,岐阜バス,,椎倉
D83,512,岐阜バス,,岩佐口
D83,513,岐阜バス,,岩佐下町
D83,514,岐阜バス,,岩佐
D83,515,岐阜バス,,岩佐小原
D83,516,岐阜バス,,美山中学校前
D83,517,岐阜バス,,富永教会堂前
D83,518,岐阜バス,,富永
D83,519,岐阜バス,,網掛
D83,51A,岐阜バス,,佐野
D83,51B,岐阜バス,,佐野西口
D83,51C,岐阜バス,,徳永口
D83,51E,岐阜バス,,笹賀
D83,51F,岐阜バス,,笹賀橋
D83,520,岐阜バス,,水棚
D83,521,岐阜バス,,谷合
D83,522,岐阜バス,,登利
D83,523,岐阜バス,,谷合西野
D83,524,岐阜バス,,瀬見
D83,525,岐阜バス,,片狩
D83,526,岐阜バス,,美舟養魚場前
D83,527,岐阜バス,,下日原
D83,528,岐阜バス,,上日原
D83,529,岐阜バス,,神崎口
D83,52A,岐阜バス,,加羅
D83,52B,岐阜バス,,百々瀬
D83,52C,岐阜バス,,神有
D83,52D,岐阜バス,,広瀬
D83,52E,岐阜バス,,馬場
D83,52F,岐阜バス,,山戸口
D83,530,岐阜バス,,山戸
D83,531,岐阜バス,,八月堂前
D83,532,岐阜バス,,岡
D83,533,岐阜バス,,奥峠
D83,534,岐阜バス,,草木
D83,535,岐阜バス,,下塩後
D83,536,岐阜バス,,塩後
D83,537,岐阜バス,,船越口
D83,538,岐阜バス,,船越
D83,539,岐阜バス,,柏原
D83,53A,岐阜バス,,出戸
D83,53B,岐阜バス,,菅谷口
D83,53C,岐阜バス,,菅谷
D83,53D,岐阜バス,,下菅谷
D83,53E,岐阜バス,,洞戸中瀬
D83,557,岐阜バス,,東鏡島
D83,610,岐阜バス,,高富扇橋
D83,616,岐阜バス,,岩神
D83,617,岐阜バス,,見池
D83,618,岐阜バス,,八月口
D83,619,岐阜バス,,市井
D83,61A,岐阜バス,,山県バスターミナル
D83,628,岐阜バス,,文殊
D83,629,岐阜バス,,物部
D83,62A,岐阜バス,,又丸町畑
D83,62E,岐阜バス,,さぎ山小学校北
D83,62F,岐阜バス,,さぎ山東
D83,630,岐阜バス,,柳戸橋
D83,631,岐阜バス,,青山中学校南
D83,632,岐阜バス,,北警察署前
D83,633,岐阜バス,,上土居
D83,634,岐阜バス,,打越
D83,635,岐阜バス,,打越本郷
D83,636,岐阜バス,,常国寺前
D83,637,岐阜バス,,城田寺
D83,638,岐阜バス,,城田寺団地
D83,63C,岐阜バス,,繰舟橋
D83,63D,岐阜バス,,岐大口
D83,63E,岐阜バス,,岐阜大学
D83,640,岐阜バス,,折立平野総合病院前
D83,641,岐阜バス,,黒野城跡前
D83,642,岐阜バス,,黒野仲町
D83,643,岐阜バス,,岐阜大学病院
D83,64B,岐阜バス,,伊自良四ツ辻
D83,64C,岐阜バス,,東光寺口
D83,64D,岐阜バス,,伊自良大森
D83,64E,岐阜バス,,藤倉
D83,64F,岐阜バス,,上藤倉
D83,650,岐阜バス,,伊自良支所
D83,651,岐阜バス,,上願
D83,652,岐阜バス,,上願坂口
D83,653,岐阜バス,,掛
D83,654,岐阜バス,,平井公民館
D83,655,岐阜バス,,矢洞
D83,656,岐阜バス,,伊自良長滝
D83,658,岐阜バス,,黒野小学校
D83,659,岐阜バス,,下鵜飼
D83,65A,岐阜バス,,中2丁目
D83,65B,岐阜バス,,黒野こども園前
D83,65C,岐阜バス,,黒野病院前
D83,65D,岐阜バス,,岐北中学校前
D83,65E,岐阜バス,,御望野
D83,65F,岐阜バス,,犬塚
D83,702,岐阜バス,,新町
D83,703,岐阜バス,,宝珠ハイツ口
D83,704,岐阜バス,,宝珠ハイツ公園
D83,705,岐阜バス,,宝珠ハイツ
D83,706,岐阜バス,,本巣大洞
D83,707,岐阜バス,,西秋沢
D83,708,岐阜バス,,二軒屋
D83,72F,岐阜バス,,本巣消防署前
D83,731,岐阜バス,,上西郷2丁目
D83,732,岐阜バス,,柿ヶ瀬
D83,733,岐阜バス,,東改田
D83,734,岐阜バス,,折立南口
D83,735,岐阜バス,,七郷小学校
D83,736,岐阜バス,,堀ノ内
D83,737,岐阜バス,,小西郷
D83,738,岐阜バス,,桑山
D83,739,岐阜バス,,阿弥陀寺
D83,73A,岐阜バス,,学ヶ丘
D83,73B,岐阜バス,,西郷
D83,73C,岐阜バス,,島消防署前
D83,73D,岐阜バス,,下尻毛
D83,73E,岐阜バス,,尻毛
D83,73F,岐阜バス,,上尻毛
D83,740,岐阜バス,,西改田
D83,741,岐阜バス,,佐野東口
D83,742,岐阜バス,,鏡島小学校前
D83,74B,岐阜バス,,相羽
D83,74C,岐阜バス,,柱本南
D83,74F,岐阜バス,,岐阜高専
D83,750,岐阜バス,,北方西小学校前
D83,752,岐阜バス,,土貴野
D83,754,岐阜バス,,薮川橋西
D83,755,岐阜バス,,下方
D83,756,岐阜バス,,政田
D83,757,岐阜バス,,神明西
D83,758,岐阜バス,,上真桑
D83,759,岐阜バス,,東加茂
D83,75A,岐阜バス,,北方栄町
D83,75B,岐阜バス,,加茂町
D83,75C,岐阜バス,,北方バスターミナル
D83,75E,岐阜バス,,鏡島
D83,760,岐阜バス,,黒野八幡町
D83,761,岐阜バス,,大野バスセンター
D83,762,岐阜バス,,南鏡島1丁目
D83,763,岐阜バス,,南鏡島3丁目
D83,800,岐阜バス,,西鏡島
D83,801,岐阜バス,,河渡
D83,802,岐阜バス,,伊勢田2丁目
D83,803,岐阜バス,,サンタウン通り
D83,804,岐阜バス,,高屋太子
D83,805,岐阜バス,,高屋
D83,806,岐阜バス,,北方柱本
D83,807,岐阜バス,,ハイタウン北方
D83,808,岐阜バス,,北方円鏡寺前
D83,809,岐阜バス,,北方一本松
D83,80A,岐阜バス,,岐阜農林高前
D83,80B,岐阜バス,,加茂若宮
D83,80C,岐阜バス,,芝原4丁目
D83,80D,岐阜バス,,芝原6丁目
D83,80E,岐阜バス,,河渡2丁目
D83,80F,岐阜バス,,生津
D83,810,岐阜バス,,本田郵便局前
D83,811,岐阜バス,,本田
D83,813,岐阜バス,,美江寺東口
D83,814,岐阜バス,,美江寺
D83,815,岐阜バス,,トミダヤ巣南店
D83,816,岐阜バス,,田之上
D83,817,岐阜バス,,唐栗口
D83,81A,岐阜バス,,本田団地
D83,81C,岐阜バス,,旭化成
D83,81D,岐阜バス,,穂積駅西口
D83,81E,岐阜バス,,瑞穂市役所前
D83,820,岐阜バス,,茶屋新田1丁目
D83,832,岐阜バス,,OKBふれあい会館
D83,849,岐阜バス,,岐阜聖徳学園高校前
D83,84A,岐阜バス,,北鶉
D83,84B,岐阜バス,,鶉ターミナル
D83,84C,岐阜バス,,日置江1丁目
D83,84D,岐阜バス,,日置江4丁目
D83,84E,岐阜バス,,茶屋新田
D83,84F,岐阜バス,,墨俣
D83,929,岐阜バス,,蘇原旭町
D83,946,岐阜バス,,佐波郵便局前
D83,947,岐阜バス,,岐阜流通センター北口
D83,948,岐阜バス,,岐阜流通センター
D83,949,岐阜バス,,岐阜流通センター南口
D83,94B,岐阜バス,,岐阜聖徳学園大学
D83,A08,岐阜バス,,茜部大川
D83,A0D,岐阜バス,,神清寺
D83,A0E,岐阜バス,,寺屋敷
D83,A0F,岐阜バス,,野瀬
D83,A10,岐阜バス,,東鶉7丁目
D83,A11,岐阜バス,,津島神社前
D83,A12,岐阜バス,,鶉小学校前
D83,A13,岐阜バス,,西鶉
D83,A14,岐阜バス,,上佐波
D83,A15,岐阜バス,,宮上公民館
D83,A16,岐阜バス,,中佐波
D83,A17,岐阜バス,,下佐波
D83,A18,岐阜バス,,山西
D83,A19,岐阜バス,,坂巻
D83,A1A,岐阜バス,,高桑
D83,A1B,岐阜バス,,もえぎの里
D83,A1D,岐阜バス,,県自動車会館
D83,A1E,岐阜バス,,カラフルタウン
D83,A29,岐阜バス,,笠松駅
D83,A2A,岐阜バス,,岐阜工業高校前
D83,A2B,岐阜バス,,岐阜保健大学南
D83,A2C,岐阜バス,,聖徳学園口
D83,A2D,岐阜バス,,薮田東
D83,A2E,岐阜バス,,JR西岐阜駅
D83,A2F,岐阜バス,,松波総合病院
D83,A32,岐阜バス,,細畑
D83,A33,岐阜バス,,いりのと公園前
D83,A34,岐阜バス,,岐阜女子高前
D83,A35,岐阜バス,,岐南町三宅
D83,A3C,岐阜バス,,上印食
D83,A3D,岐阜バス,,南屋敷
D83,A3E,岐阜バス,,伏屋
D83,A3F,岐阜バス,,円城寺
D83,A40,岐阜バス,,中野
D83,A41,岐阜バス,,若宮地前無動寺
D83,A42,岐阜バス,,江川
D83,A43,岐阜バス,,米野(笠松町)
D83,A44,岐阜バス,,東米野
D83,A45,岐阜バス,,川島笠田
D83,A46,岐阜バス,,川島河田町
D83,A47,岐阜バス,,川島小学校前
D83,A48,岐阜バス,,川島中学校前
D83,A49,岐阜バス,,松倉公民館前
D83,A4A,岐阜バス,,川島松倉
D83,A50,岐阜バス,,東大野
D83,A54,岐阜バス,,大佐野
D83,A56,岐阜バス,,西上中屋
D83,A57,岐阜バス,,東上中屋
D83,A58,岐阜バス,,松本
D83,A5B,岐阜バス,,前渡西町
D83,A5C,岐阜バス,,前渡不動前
D83,A5D,岐阜バス,,長平
D83,A5E,岐阜バス,,河川環境楽園
D83,A60,岐阜バス,,前渡西町1丁目
D83,B02,岐阜バス,,栄町通7丁目
D83,B06,岐阜バス,,新鵜沼駅
D83,B07,岐阜バス,,三井山官舎前
D83,B08,岐阜バス,,自衛隊前
D83,B0A,岐阜バス,,日毛前
D83,B0C,岐阜バス,,南陽町・加納高校前
D83,B0D,岐阜バス,,茜部大野
D83,B0E,岐阜バス,,茜部中島
D83,B0F,岐阜バス,,血液センター前
D83,B10,岐阜バス,,南保健センター前
D83,B11,岐阜バス,,茜部市営アパート前
D83,B12,岐阜バス,,茜部菱野
D83,B13,岐阜バス,加納南線,岐阜保健大学
D83,B14,岐阜バス,,前一色西
D83,B15,岐阜バス,,富田学園南口
D83,B16,岐阜バス,,岐東球場前
D83,B17,岐阜バス,岐阜各務原線,水海道4丁目
D83,B18,岐阜バス,岐阜各務原線,那加岩地町
D83,B19,岐阜バス,岐阜各務原線,手力雄神社前
D83,B1A,岐阜バス,,石山町
D83,B20,岐阜バス,,各務原市役所
D83,B25,岐阜バス,,三柿野駅
D83,B27,岐阜バス,,JR各務ヶ原駅前
D83,B29,岐阜バス,,鵜沼中学校前
D83,B2A,岐阜バス,,松が丘
D83,B2B,岐阜バス,,八木山小学校前
D83,B2C,岐阜バス,,つつじが丘北
D83,B2D,岐阜バス,,つつじが丘公園
D83,B2E,岐阜バス,,鵜沼西町
D83,B49,岐阜バス,,東鶉
D83,B5A,岐阜バス,,岐阜県総合医療センター口
D83,B5B,岐阜バス,,岐阜県総合医療センター
D83,B5C,岐阜バス,,野一色局前
D83,B5D,岐阜バス,,長森中学校前
D83,B5E,岐阜バス,,富田学園前
D83,B5F,岐阜バス,,前一色東
D83,B60,岐阜バス,,水海道公民館前
D83,B61,岐阜バス,,水海道
D83,B62,岐阜バス,,富田学園口
D83,B63,岐阜バス,,佐兵衛新田
D83,C00,岐阜バス,,土山
D83,C02,岐阜バス,,琴が丘
D83,C03,岐阜バス,,柄山町
D83,C04,岐阜バス,,尾崎アパート前
D83,C05,岐阜バス,,尾崎ショッピングセンター前
D83,C06,岐阜バス,,尾崎公園前
D83,C07,岐阜バス,,尾崎バスターミナル
D83,C08,岐阜バス,,北洞
D83,C09,岐阜バス,,岩小学校前
D83,C0A,岐阜バス,,河村病院前
D83,C0B,岐阜バス,,諏訪山口
D83,C0C,岐阜バス,,諏訪山団地
D83,C0D,岐阜バス,,野一色5丁目
D83,C0E,岐阜バス,,山崎
D83,C0F,岐阜バス,,蘇原大島
D83,C10,岐阜バス,,同島
D83,C11,岐阜バス,,伊吹
D83,C12,岐阜バス,,蘇原
D83,C13,岐阜バス,,熊田
D83,C14,岐阜バス,,蘇原東島
D83,C15,岐阜バス,,坂井
D83,C16,岐阜バス,,駒場
D83,C17,岐阜バス,,国所
D83,C19,岐阜バス,,各務小学校西
D83,C1A,岐阜バス,,東栄町3丁目
D83,C1E,岐阜バス,,野畑町
D83,C1F,岐阜バス,岐阜各務原線,前洞新町
D83,C20,岐阜バス,岐阜各務原線,不動丘町
D83,C21,岐阜バス,岐阜各務原線,入会町
D83,C22,岐阜バス,,蘇原中学校南口
D83,C23,岐阜バス,,柿沢町
D83,C24,岐阜バス,岐阜各務原線,菊園町
D83,C25,岐阜バス,,興亜町
D83,C26,岐阜バス,,東海中央病院南口
D83,C27,岐阜バス,,プリニーの市民会館前
D83,C28,岐阜バス,,各務原高校前
D83,C29,岐阜バス,,船山町
D83,C2A,岐阜バス,,各務西町営業所
D83,C2B,岐阜バス,,東門
D83,C2C,岐阜バス,,外山町
D83,C2D,岐阜バス,,清住町1丁目
D83,C2E,岐阜バス,,清住町5丁目
D83,C2F,岐阜バス,,各務原団地
D83,C30,岐阜バス,,下須衛
D83,C31,岐阜バス,,上須衛
D83,C33,岐阜バス,,上桐谷
D83,C34,岐阜バス,,桐谷住宅前
D83,C35,岐阜バス,,藤谷
D83,C36,岐阜バス,,関商工前
D83,C38,岐阜バス,,向山団地
D83,C39,岐阜バス,,藤谷口
D83,C3A,岐阜バス,,久郷 (ひろレディスクリニック)
D83,C46,岐阜バス,,長森本町
D83,C47,岐阜バス,,野一色
D83,C48,岐阜バス,,東野一色
D83,C49,岐阜バス,,琴塚
D83,C4A,岐阜バス,,東海学院大学前
D83,C4D,岐阜バス,,日野橋
D83,C4E,岐阜バス,,日野坂
D83,C4F,岐阜バス,,岩田坂
D83,C50,岐阜バス,,神池
D83,C51,岐阜バス,,岩田
D83,C52,岐阜バス,,下芥見
D83,C53,岐阜バス,,東芥見
D83,C54,岐阜バス,,長山
D83,C55,岐阜バス,,南山団地
D83,C56,岐阜バス,,岐阜清流高等特別支援学校前
D83,C57,岐阜バス,,大洞団地口
D83,C58,岐阜バス,,大洞つくし公園前
D83,C59,岐阜バス,,光輪公園口
D83,C5A,岐阜バス,,桜台柏台
D83,C5B,岐阜バス,,桐ヶ丘
D83,C5C,岐阜バス,,大洞緑団地
D83,C5D,岐阜バス,,大船霊友会講堂前
D83,C5F,岐阜バス,,薬師洞
D83,C60,岐阜バス,,関市山田
D83,C61,岐阜バス,,津保川ニュータウン前
D83,C62,岐阜バス,,小金田
D83,C63,岐阜バス,,小屋名
D83,D00,岐阜バス,,赤土坂
D83,D01,岐阜バス,,新田
D83,D02,岐阜バス,,栄町3丁目
D83,D03,岐阜バス,,福野
D83,D04,岐阜バス,,栄町1丁目
D83,D05,岐阜バス,,本町5丁目
D83,D06,岐阜バス,,安桜山公園前
D83,D07,岐阜バス,,本町1丁目(関市)
D83,D08,岐阜バス,,吉田町
D83,D09,岐阜バス,,西町
D83,D0A,岐阜バス,,仲町
D83,D0B,岐阜バス,,吉野町
D83,D0C,岐阜バス,,東町
D83,D0D,岐阜バス,,平賀町
D83,D0E,岐阜バス,,せき東山
D83,D10,岐阜バス,買い物循環線,刃物会館前
D83,D11,岐阜バス,買い物循環線,春日神社前
D83,D12,岐阜バス,買い物循環線,相生町(関市)
D83,D13,岐阜バス,買い物循環線,吉田観音前
D83,D14,岐阜バス,買い物循環線,旭ヶ丘小学校前
D83,D15,岐阜バス,関板取線/関上之保線,関口駅前
D83,D17,岐阜バス,関板取線,旭ヶ丘2丁目
D83,D19,岐阜バス,,岐阜医療科学大
D83,D1A,岐阜バス,関上之保線,岐阜医療科学大前
D83,D1B,岐阜バス,関上之保線,長峰坂
D83,D1C,岐阜バス,関上之保線,大平賀
D83,D1D,岐阜バス,関上之保線,小牧口
D83,D1E,岐阜バス,関上之保線,三羽尻
D83,D1F,岐阜バス,関上之保線,西神野
D83,D20,岐阜バス,関上之保線,神野
D83,D21,岐阜バス,関上之保線,下日立
D83,D22,岐阜バス,関上之保線,上日立
D83,D23,岐阜バス,関上之保線,高沢観音口
D83,D24,岐阜バス,関上之保線,上野
D83,D25,岐阜バス,関上之保線,殿村局前
D83,D26,岐阜バス,関上之保線,殿村
D83,D27,岐阜バス,関上之保線,上殿村
D83,D28,岐阜バス,関上之保線,天正寺口
D83,D29,岐阜バス,関上之保線,大門
D83,D2A,岐阜バス,関上之保線,小宮
D83,D2B,岐阜バス,関上之保線,武儀事務所
D83,D2D,岐阜バス,関上之保線,粟野
D83,D2E,岐阜バス,関上之保線,岩
D83,D2F,岐阜バス,関上之保線,武儀倉口
D83,D30,岐阜バス,関上之保線,一柳
D83,D31,岐阜バス,関上之保線,下名倉
D83,D32,岐阜バス,関上之保線,名倉
D83,D33,岐阜バス,関上之保線,船山口
D83,D34,岐阜バス,関上之保線,和田野
D83,D35,岐阜バス,関上之保線,上之保小学校前
D83,D36,岐阜バス,関上之保線,上之保川合
D83,D37,岐阜バス,関上之保線,川合車庫
D83,D38,岐阜バス,関上之保線,武儀生涯学習センター
D83,D39,岐阜バス,関上之保線,乙亀
D83,D3A,岐阜バス,関上之保線,間吹
D83,D3B,岐阜バス,関上之保線,多々羅
D83,D3C,岐阜バス,関板取線/関上之保線,関高校前
D83,D3D,岐阜バス,,稲河
D83,D4E,岐阜バス,,肥田瀬
D83,E28,岐阜バス,関上之保線,上之保温泉
D83,E2A,岐阜バス,関上之保線,上之保事務所
D83,E32,岐阜バス,,小瀬星ヶ丘
D83,E33,岐阜バス,,小瀬西口
D83,E34,岐阜バス,,小瀬
D83,E35,岐阜バス,,下有知神社前
D83,E36,岐阜バス,,下有知
D83,E37,岐阜バス,,下有知上切
D83,E38,岐阜バス,,中有知
D83,E39,岐阜バス,,松森
D83,E3A,岐阜バス,,美濃千畝町
D83,E3D,岐阜バス,,相生町(美濃市)
D83,E3E,岐阜バス,,うだつの町並み通り
D83,E3F,岐阜バス,,美濃市役所前
D83,E40,岐阜バス,,美濃小倉公園前
D83,E41,岐阜バス,,美濃小学校前
D83,E42,岐阜バス,,道の駅美濃にわか茶屋
D83,F09,岐阜バス,,八幡駅前
D83,F0E,岐阜バス,,郡上八幡城下町プラザ
D83,F0F,岐阜バス,,ホテル郡上八幡
D83,F10,岐阜バス,,五町神明公園
D83,F11,岐阜バス,,郡上大橋
D83,F2C,岐阜バス,,郡上北消防署前
D83,F2D,岐阜バス,,郡上市白鳥庁舎
D83,F30,岐阜バス,,郡上白鳥
D83,F35,岐阜バス,,愛宕公園前
D83,1000,岐阜バス,,郡上高校前
D83,1028,岐阜バス,,前野
D83,1029,岐阜バス,,安毛キャンプ場前
D83,102A,岐阜バス,,安毛
D83,102B,岐阜バス,,バイパス下長瀬
D83,102C,岐阜バス,,JAめぐみの下牧支店
D83,102D,岐阜バス,,バイパス上長瀬
D83,102E,岐阜バス,,穴洞橋
D83,102F,岐阜バス,,谷戸
D83,1030,岐阜バス,,城山橋
D83,1031,岐阜バス,,浅野
D83,1032,岐阜バス,,蕨生局前
D83,1033,岐阜バス,,蕨生
D83,1034,岐阜バス,,蕨生大島
D83,1035,岐阜バス,,牧谷庚申堂
D83,1036,岐阜バス,,牧谷上野
D83,1037,岐阜バス,,睦橋
D83,1038,岐阜バス,,乙狩局前
D83,1039,岐阜バス,,牧谷乙狩
D83,103A,岐阜バス,,面平
D83,103B,岐阜バス,,洞戸大野
D83,103C,岐阜バス,,岩門不動前
D83,103D,岐阜バス,,黒谷
D83,1048,岐阜バス,,美濃藍川団地
D83,1049,岐阜バス,,藍見小学校前
D83,104A,岐阜バス,,極楽寺
D83,104B,岐阜バス,,日本トムソン前
D83,104C,岐阜バス,,大矢田神社前
D83,104D,岐阜バス,,大矢田
D83,104E,岐阜バス,,高田坂
D83,104F,岐阜バス,,松葉
D83,1050,岐阜バス,,武芸八幡
D83,1051,岐阜バス,,武芸川中学校前
D83,1052,岐阜バス,関板取線,JAめぐみの武芸川支店前
D83,1053,岐阜バス,関板取線,小知野
D83,1054,岐阜バス,関板取線,武芸市場
D83,1055,岐阜バス,関板取線,平岡医院前
D83,1056,岐阜バス,関板取線,武芸谷口
D83,1058,岐阜バス,関板取線,一色橋
D83,1059,岐阜バス,,山県高校前
D83,105A,岐阜バス,,出口
D83,105B,岐阜バス,関板取線,瀬尻小学校前
D83,105C,岐阜バス,,岩井山かさ神
D83,105D,岐阜バス,関板取線,小瀬遊船前
D83,105E,岐阜バス,関板取線,鮎之瀬橋
D83,105F,岐阜バス,関板取線,池尻
D83,1060,岐阜バス,関板取線,池尻砂倉
D83,1061,岐阜バス,関板取線,広見開閉所前
D83,1062,岐阜バス,関板取線,広見
D83,1063,岐阜バス,関板取線,広見北山
D83,1100,岐阜バス,関板取線,広見唐橋
D83,1101,岐阜バス,わかくさ・小金田線/わかくさ・千疋線,小屋名追分
D83,1102,岐阜バス,,梅林公園前
D83,1103,岐阜バス,わかくさ・小金田線/わかくさ・千疋線,小屋名中島
D83,1104,岐阜バス,わかくさ・千疋線,千疋北
D83,1105,岐阜バス,わかくさ・千疋線,大平台タウン口
D83,1106,岐阜バス,わかくさ・千疋線,大平台タウン
D83,1108,岐阜バス,わかくさ・千疋線,蓮華寺
D83,1109,岐阜バス,わかくさ・千疋線,千疋西河原
D83,1110,岐阜バス,,日野西
D83,1111,岐阜バス,,JAぎふ日野支店前
D83,1112,岐阜バス,,日野本郷
D83,1113,岐阜バス,,日野舟伏
D83,111C,岐阜バス,,岐阜グランドホテル
D83,111D,岐阜バス,,長良新屋敷
D83,111E,岐阜バス,,中川原
D83,1120,岐阜バス,,古津
D83,1121,岐阜バス,,古津鏡岩
D83,1122,岐阜バス,,大蔵台
D83,1123,岐阜バス,,藍川橋
D83,1124,岐阜バス,,向加野
D83,1125,岐阜バス,,加野光町
D83,1126,岐阜バス,,加野県営住宅前
D83,1127,岐阜バス,,加野団地
D83,1128,岐阜バス,,岩井山かさ神口
D83,1129,岐阜バス,,岩井公民館前
D83,112A,岐阜バス,,岩井石原台
D83,112B,岐阜バス,,福富口
D83,112C,岐阜バス,,福富
D83,112D,岐阜バス,,福富団地口
D83,112E,岐阜バス,,新屋敷
D83,112F,岐阜バス,,三輪南小学校前
D83,1130,岐阜バス,,厳美郵便局前
D83,1131,岐阜バス,,千疋口
D83,1132,岐阜バス,,茂地
D83,1133,岐阜バス,,三輪釈迦前
D83,1134,岐阜バス,,井之洞口
D83,1135,岐阜バス,,跡部御岳前
D83,1136,岐阜バス,,跡部
D83,1137,岐阜バス,,川北
D83,1138,岐阜バス,,武芸高野
D83,1139,岐阜バス,,巾下
D83,113B,岐阜バス,関板取線,桶森
D83,113C,岐阜バス,関板取線,武芸洞
D83,113D,岐阜バス,関板取線,汾陽寺前
D83,113E,岐阜バス,関板取線,美谷学園前
D83,113F,岐阜バス,関板取線,寺尾
D83,1140,岐阜バス,,三輪
D83,1141,岐阜バス,,里一公民館前
D83,1142,岐阜バス,,北野
D83,1143,岐阜バス,,東洞前
D83,1144,岐阜バス,,山県岩
D83,1145,岐阜バス,,六地蔵
D83,1146,岐阜バス,,岐阜女子大口
D83,1147,岐阜バス,,岐阜女子大
D83,1148,岐阜バス,,森(山県市)
D83,1149,岐阜バス,,螢ヶ丘
D83,1155,岐阜バス,,岐阜城北高校前
D83,1156,岐阜バス,,三田洞自動車学校口
D83,115B,岐阜バス,,三田洞団地
D83,115C,岐阜バス,関板取線/買い物循環線,緑町(関市)
D83,115D,岐阜バス,関板取線/買い物循環線,緑ヶ丘中学校前
D83,115E,岐阜バス,関板取線,緑ヶ丘3丁目
D83,1160,岐阜バス,わかくさ・千疋線,千疋公民館前
D83,1161,岐阜バス,,芥見南山
D83,1162,岐阜バス,,上芥見
D83,1163,岐阜バス,,長良志段見
D83,1200,岐阜バス,,サニーハイツ花みずき前
D83,1201,岐阜バス,,曽我屋東
D83,1202,岐阜バス,,佐波屋敷
D83,1238,岐阜バス,関上之保線,日本教前
D83,124D,岐阜バス,,水品
D83,124E,岐阜バス,,谷汲山
D83,124F,岐阜バス,,谷汲
D83,1250,岐阜バス,,長瀬局前
D83,1254,岐阜バス,,アピタ北方前
D83,125F,岐阜バス,わかくさ・小金田線,津保川台
D83,1260,岐阜バス,わかくさ・小金田線,虹ヶ丘
D83,1309,岐阜バス,,岐南町役場前
D83,130A,岐阜バス,,岐南営業所
D83,131B,岐阜バス,,郡上総合庁舎前
D83,131C,岐阜バス,,新中坪住宅前
D83,131D,岐阜バス,,郡上八幡博覧館前
D83,131E,岐阜バス,,中濃庁舎
D83,131F,岐阜バス,,中洞
D83,1320,岐阜バス,,穂積駅前
D83,1322,岐阜バス,,岐阜特別支援学校前
D83,1327,岐阜バス,,岐阜特別支援学校
D83,132A,岐阜バス,,関市役所
D83,132B,岐阜バス,,西本郷通り6丁目
D83,132C,岐阜バス,関板取線/買い物循環線,円保通り1丁目
D83,132D,岐阜バス,,中池公園口
D83,132E,岐阜バス,,東本郷通り6丁目
D83,132F,岐阜バス,,若宮町 (弥八地蔵前)
D83,1333,岐阜バス,わかくさ・千疋線,千疋大橋
D83,1351,岐阜バス,,穂積北中学校前
D83,1352,岐阜バス,,洞戸小学校前
D83,1354,岐阜バス,,長良川国際会議場前
D83,1359,岐阜バス,,宝珠
D83,1401,岐阜バス,,メモリアル正門前
D83,1403,岐阜バス,,金華橋
D83,1405,岐阜バス,,岩崎桜本
D83,1406,岐阜バス,,粟野警察アパート前
D83,1407,岐阜バス,,粟野西5丁目
D83,140D,岐阜バス,,山県市役所
D83,1410,岐阜バス,関板取線/市街地病院循環線,関中央病院前
D83,1412,岐阜バス,,美濃市駅
D83,1413,岐阜バス,,洞戸観光やな
D83,141E,岐阜バス,,美濃
D83,141F,岐阜バス,,宗慶
D83,1420,岐阜バス,,JAぎふ真正支店前
D83,1421,岐阜バス,,真正分庁舎
D83,1422,岐阜バス,,天神前住宅
D83,1423,岐阜バス,,イオンタウン本巣
D83,1425,岐阜バス,,本田団地北口
D83,1426,岐阜バス,わかくさ・小金田線,津保川公園前
D83,1427,岐阜バス,大野忠節線,パレットピアおおの
D83,1429,岐阜バス,,中鶉
D83,142A,岐阜バス,,樫瀬
D83,142B,岐阜バス,,荒川
D83,142C,岐阜バス,,十七条東
D83,142D,岐阜バス,,西小学校前
D83,1430,岐阜バス,,森(瑞穂市)
D83,1432,岐阜バス,,巣南庁舎
D83,1433,岐阜バス,,古橋
D83,1434,岐阜バス,,中濃厚生病院
D83,1435,岐阜バス,,みやまジョイフル倶楽部前
D83,1436,岐阜バス,,岩桜小学校前
D83,1438,岐阜バス,,美山構造改善センター
D83,143A,岐阜バス,,美山コテージ村
D83,143B,岐阜バス,,武芸川温泉
D83,1442,岐阜バス,,八幡城南町
D83,1443,岐阜バス,,八幡新栄町
D83,1444,岐阜バス,,八幡日吉町
D83,1445,岐阜バス,,八幡愛宕町・慈恩禅寺前
D83,1446,岐阜バス,,城山トンネル
D83,150C,岐阜バス,,牧戸
D83,1511,岐阜バス,,桜の郷荘川
D83,1512,岐阜バス,,岐阜聖徳学園大学
D83,1514,岐阜バス,,おぶさ桜町
D83,1516,岐阜バス,,三田洞東2丁目
D83,1517,岐阜バス,,美山中学校
D83,1518,岐阜バス,,徳永公民館前
D83,1519,岐阜バス,,織部の里もとす
D83,151C,岐阜バス,,美濃病院
D83,1524,岐阜バス,,島南公園前
D83,1525,岐阜バス,,菅生
D83,1526,岐阜バス,,西菅生
D83,1527,岐阜バス,,西中島
D83,1528,岐阜バス,,短大口
D83,1529,岐阜バス,,一日市場
D83,152A,岐阜バス,,竹橋
D83,152B,岐阜バス,,曽我屋口
D83,152C,岐阜バス,,合渡小学校前
D83,152D,岐阜バス,,JAぎふ合渡支店前
D83,152E,岐阜バス,,曽我屋
D83,152F,岐阜バス,,又丸新柳町
D83,1530,岐阜バス,,又丸
D83,1531,岐阜バス,,松ノ木
D83,1532,岐阜バス,,西改田上の町
D83,1534,岐阜バス,,寺田ガーデン
D83,1535,岐阜バス,,岐阜メモリアルセンター北
D83,1536,岐阜バス,,長良西小学校前
D83,1537,岐阜バス,,福光1丁目
D83,1538,岐阜バス,,福光2丁目
D83,1539,岐阜バス,,福光3丁目
D83,153A,岐阜バス,,福光球場前
D83,153B,岐阜バス,,長良八代公園前
D83,1547,岐阜バス,,高速美濃バス停前
D83,1549,岐阜バス,,段町
D83,154D,岐阜バス,明治村線/リトルワールド・モンキーパーク線,犬山駅東口
D83,154E,岐阜バス,明治村線/リトルワールド・モンキーパーク線,犬山城下 (名鉄犬山ホテル前)
D83,1563,岐阜バス,,平瀬温泉
D83,1600,岐阜バス,,白川郷
D83,1601,岐阜バス,,鳩ヶ谷
D83,1603,岐阜バス,,高速ひるがの高原
D83,1901,岐阜バス,,本巣市役所
D83,191B,岐阜バス,,みどり公園
D83,191F,岐阜バス,,糸貫分庁舎・モレラ南口
D83,1938,岐阜バス,,清水
D83,1939,岐阜バス,,みつば
D83,193D,岐阜バス,,下真桑
D83,193F,岐阜バス,,高砂町
D83,1B1B,日本タクシー,,ピアゴ長良店
D83,1B34,日本タクシー,,サンマート・長良整形
D83,1E01,岐阜バス,,大桑雉洞
D83,1E02,岐阜バス,,雉洞
D83,1E03,岐阜バス,,下雉洞
D83,1E04,岐阜バス,,上斧田
D83,1E05,岐阜バス,,斧田
D83,1E06,岐阜バス,,四国山香りの森公園口
D83,1E07,岐阜バス,,大桑小学校
D83,1E08,岐阜バス,,高札
D83,1E09,岐阜バス,,六反
D83,1E0A,岐阜バス,,椿野
D83,1E0B,岐阜バス,,坪井
D83,1E0C,岐阜バス,,中市洞
D83,1E0D,岐阜バス,,大桑市洞
D83,1E0E,岐阜バス,,上六反
D83,1E0F,岐阜バス,,中市場
D83,1E10,岐阜バス,,大桑市場
D83,1E11,岐阜バス,,伊佐美不動
D83,1E12,岐阜バス,,伊佐美
D83,1E13,岐阜バス,,桜尾小学校
D83,1E1C,岐阜バス,,本町3丁目(山県市)
D83,1E1D,岐阜バス,,神宮橋
D83,1E1E,岐阜バス,,幸報苑
D83,1E1F,岐阜バス,,栢野
D83,1E22,岐阜バス,,伊自良湖口
D83,1E24,岐阜バス,,梅原小学校
D83,1E25,岐阜バス,,梅原口
D83,1E26,岐阜バス,,二ツ橋
D83,1E27,岐阜バス,,八京
D83,1E28,岐阜バス,,持成
D83,1E2A,岐阜バス,,平和堂高富店
D83,1E37,岐阜バス,,西市場
D83,1E42,岐阜バス,,梅原スポーツランド
D83,1E43,岐阜バス,,山県グリーンポート
D83,1E44,岐阜バス,,山県グリーンビレッジ
D83,1E46,岐阜バス,,佐賀
D83,1E47,岐阜バス,,佐賀西
D83,1E48,岐阜バス,,米野(山県市高富)
D83,1E4A,岐阜バス,,高木
D83,1E4B,岐阜バス,,文化の里
D83,1E4C,岐阜バス,,松尾
D83,1F05,岐阜バス,,多目的センター前
D83,1F06,ハーバス,,イオンビッグ岐阜山県店
D83,2101,岐阜バス,,わかくさプラザ
D83,2102,岐阜バス,,関シティターミナル
D83,2103,岐阜バス,関板取線/関上之保線/わかくさ・小金田線/わかくさ・千疋線,関信用金庫本店前
D83,2107,岐阜バス,買い物循環線,関信用金庫山王通支店前
D83,210B,岐阜バス,わかくさ・千疋線,松林寺団地口
D83,210C,岐阜バス,わかくさ・小金田線,保戸島公民センター前
D83,210D,岐阜バス,わかくさ・小金田線,アンビエンテくらち前
D83,210F,岐阜バス,わかくさ・小金田線,小屋名雇用促進住宅前
D83,2110,岐阜バス,わかくさ・小金田線,下倉知
D83,2111,岐阜バス,わかくさ・小金田線,倉知ふれあいセンター前
D83,2114,岐阜バス,,西木戸
D83,211F,岐阜バス,,梅ヶ枝町
D83,2120,岐阜バス,,神明町
D83,2121,岐阜バス,,寿町
D83,2122,岐阜バス,,関高校口・桜ヶ丘
D83,2123,岐阜バス,関板取線/市街地病院循環線,鋳物師屋4丁目
D83,2124,岐阜バス,,肥田瀬島
D83,2129,岐阜バス,買い物循環線,十六銀行西関支店前
D83,212A,岐阜バス,買い物循環線,バロー関緑ヶ丘店前
D83,212D,岐阜バス,わかくさ・千疋線,植野永田屋商店前
D83,2134,岐阜バス,買い物循環線,バロー関ひがし店前
D83,2135,岐阜バス,買い物循環線,ゲンキーせき東新店前
D83,2136,岐阜バス,,東山公民センター前
D83,2137,岐阜バス,,関郵便局前
D83,2138,岐阜バス,買い物循環線/わかくさ・小金田線,片倉グラウンド前
D83,2139,岐阜バス,買い物循環線/わかくさ・小金田線,関自動車学校前
D83,213C,岐阜バス,わかくさ・小金田線,長谷部商店前
D83,213D,岐阜バス,わかくさ・千疋線,植野公民館
D83,213E,岐阜バス,,岩下
D83,213F,岐阜バス,買い物循環線/わかくさ・小金田線,マーゴ前
D83,2140,岐阜バス,買い物循環線/市街地病院循環線,平賀7丁目
D83,2141,岐阜バス,関板取線,弥生町
D83,2142,岐阜バス,関板取線,天徳町
D83,2143,岐阜バス,関板取線,関仲町郵便局前
D83,2144,岐阜バス,わかくさ・小金田線,ケアハウスあかつき南
D83,2145,岐阜バス,わかくさ・小金田線,保明
D83,2146,岐阜バス,わかくさ・小金田線,金福寺北
D83,2147,岐阜バス,わかくさ・小金田線,あずま整形外科
D83,214A,岐阜バス,わかくさ・小金田線,戸田転作促進センター
D83,214B,岐阜バス,わかくさ・小金田線/わかくさ・千疋線,ベイシア前 (百年公園北口)
D83,214C,岐阜バス,わかくさ・小金田線,下白金公民センター前
D83,214D,岐阜バス,わかくさ・小金田線,十五社神社前
D83,2154,岐阜バス,わかくさ・小金田線,側島南
D83,2156,岐阜バス,関板取線,バロー武芸川店北
D83,2157,岐阜バス,市街地病院循環線,スーパーセンターオークワ関店
D83,2158,岐阜バス,わかくさ・小金田線/わかくさ・千疋線,百年公園
D83,223B,岐阜バス,,中濃庁舎
D83,223C,岐阜バス,,高速美濃バス停前
D83,2256,岐阜バス,,洞戸小学校前
D83,2257,岐阜バス,,黒谷
D83,2258,岐阜バス,,岩門不動前
D83,2259,岐阜バス,,洞戸大野
D83,225A,岐阜バス,,洞戸観光やな
D83,2301,岐阜バス,,穂積郵便局
D83,2302,岐阜バス,,瑞穂市役所
D83,2303,岐阜バス,,図書館
D83,2304,岐阜バス,,稲里
D83,2305,岐阜バス,,野田新田公民館
D83,2306,岐阜バス,,牛牧団地
D83,2307,岐阜バス,,牛牧八幡神社東
D83,2308,岐阜バス,,上牛牧
D83,2309,岐阜バス,,防災センター
D83,230B,岐阜バス,,十九条東
D83,230C,岐阜バス,,本田団地北
D83,230D,岐阜バス,,馬場西
D83,230E,岐阜バス,,馬場上光町
D83,230F,岐阜バス,,バロー穂積店
D83,2310,岐阜バス,,馬場東
D83,2311,岐阜バス,,別府保育所
D83,2312,岐阜バス,,中切
D83,2313,岐阜バス,,下穂積
D83,2314,岐阜バス,,祖父江
D83,2315,岐阜バス,,野白新田
D83,2316,岐阜バス,,下畑
D83,2317,岐阜バス,,下牛牧南
D83,2318,岐阜バス,,牛牧八幡神社前
D83,2319,岐阜バス,,花塚公民館
D83,231A,岐阜バス,,井場
D83,231B,岐阜バス,,庄屋敷
D83,231C,岐阜バス,,ほづみ園
D83,231D,岐阜バス,,宝江
D83,231E,岐阜バス,,十九条西
D83,2321,岐阜バス,,重里
D83,2322,岐阜バス,,美江寺駅
D83,2325,岐阜バス,,大月
D83,2326,岐阜バス,,呂久
D83,2327,岐阜バス,,古橋神田町
D83,2328,岐阜バス,,南小学校
D83,2329,岐阜バス,,横屋
D83,232A,岐阜バス,,プラント6
D83,232B,岐阜バス,,居倉東
D83,232C,岐阜バス,,本田コミュニティセンター
D83,232D,岐阜バス,,前所
D83,232E,岐阜バス,,牛牧団地西
D83,232F,岐阜バス,,イオンタウン本巣
D83,2400,岐阜バス,,スポーツ公園前
D83,2401,岐阜バス,,稲羽中学校
D83,2402,岐阜バス,,北上中屋
D83,2403,岐阜バス,,鵜沼山崎町
D83,2404,岐阜バス,,宝積寺
D83,2405,岐阜バス,,貞照寺前
D83,2406,岐阜バス,,新鵜沼台6丁目
D83,2407,岐阜バス,,新鵜沼台2丁目
D83,2408,岐阜バス,,新鵜沼北公園前
D83,2409,岐阜バス,,鵜沼第3小学校北
D83,240A,岐阜バス,,鵜沼台
D83,240B,岐阜バス,,うぬまの森前
D83,240C,岐阜バス,,緑苑東2丁目
D83,2411,岐阜バス,,鵜沼東町1丁目
D83,2412,岐阜バス,各務原東部線,各務おがせ町8丁目
D83,2413,岐阜バス,各務原東部線,おがせ池
D83,2414,岐阜バス,各務原東部線,各務おがせ町5丁目
D83,2415,岐阜バス,,リハビリテーション病院前
D83,2416,岐阜バス,,稲羽コミュニティセンター前
D83,2417,岐阜バス,,三井町公民館前
D83,2418,岐阜バス,,小佐野町
D83,2419,岐阜バス,,下中屋町
D83,241A,岐阜バス,,稲羽西小学校前
D83,241B,岐阜バス,,松本町2丁目
D83,241C,岐阜バス,,下切町
D83,241D,岐阜バス,,両内野公民館
D83,241E,岐阜バス,,陵南小学校口
D83,241F,岐阜バス,,陵南福祉センター前
D83,2420,岐阜バス,,アピタ・カーマホームセンター
D83,2421,岐阜バス,,名電各務原駅
D83,2422,岐阜バス,,各務野高校北
D83,2423,岐阜バス,,鵜沼三ツ池町
D83,2424,岐阜バス,,二十軒
D83,2425,岐阜バス,,鵜沼川崎町
D83,2426,岐阜バス,,川崎町集会所前
D83,2427,岐阜バス,,高速各務原バス停口
D83,2428,岐阜バス,,尾崎南町5丁目
D83,2429,岐阜バス,,尾崎南町2丁目
D83,242A,岐阜バス,,尾崎南町1丁目
D83,242B,岐阜バス,,琴が丘中央
D83,242C,岐阜バス,,桐野口
D83,242D,岐阜バス,,山後町公民館前
D83,242E,岐阜バス,,前洞新町3丁目
D83,242F,岐阜バス,,那加中学校前
D83,2430,岐阜バス,,プリニーの体育館前 (総合体育館前)
D83,2431,岐阜バス,,新那加駅
D83,2432,岐阜バス,,本町アステモール
D83,2433,岐阜バス,,那加栄町
D83,2434,岐阜バス,,市民公園中央図書館前
D83,2435,岐阜バス,,織田信長公園前
D83,2436,岐阜バス,,那加雄飛ヶ丘町
D83,2437,岐阜バス,,入会町3丁目
D83,2438,岐阜バス,,申子町
D83,2439,岐阜バス,,岩地
D83,243A,岐阜バス,,航空宇宙博物館
D83,243B,岐阜バス,,北成清
D83,243C,岐阜バス,,内藤記念くすり博物館
D83,243E,岐阜バス,,神置
D83,243F,岐阜バス,,中屋蓮如前
D83,2440,岐阜バス,,恵みの湯前
D83,2441,岐阜バス,,川崎重工ホッケースタジアム前
D83,2442,岐阜バス,,南成清
D83,2443,岐阜バス,,慈光園
D83,2444,岐阜バス,,瞑想の森
D83,2445,岐阜バス,,市民プール
D83,2446,岐阜バス,,南町
D83,2447,岐阜バス,,東海中央病院
D83,2448,岐阜バス,,中央町
D83,2449,岐阜バス,,スポーツ広場前
D83,244A,岐阜バス,,衣裳塚古墳
D83,244B,岐阜バス,,鵜沼古市場町
D83,244C,岐阜バス,,鵜沼宿駅
D83,244D,岐阜バス,,スーパーヤマワ
D83,244E,岐阜バス,,フェニックス総合クリニック
D83,244F,岐阜バス,,各務西町3丁目
D83,2450,岐阜バス,,バロー各務原中央店
D83,2451,岐阜バス,,美人の湯前
D83,2452,岐阜バス,,蘇原第一小学校前
D83,2453,岐阜バス,,蘇原野口町西
D83,2454,岐阜バス,,蘇原野口町東
D83,2455,岐阜バス,,蘇原東島町
D83,2457,岐阜バス,,各務原病院
D83,2458,岐阜バス,,プリニーの野球場前 (市民球場前)
D83,2459,岐阜バス,,東山
D83,2461,岐阜バス,,柿沢郵便局前
D83,2462,岐阜バス,,JR蘇原駅
D83,2463,岐阜バス,,六軒北
D83,2700,岐阜バス,,JR鵜沼駅
D83,2702,岐阜バス,,蘇原古市場町
D83,2703,岐阜バス,,楠町
D83,2704,岐阜バス,,鵜沼市民サービスセンター
D83,2705,岐阜バス,,新加納町東
D83,2706,岐阜バス,,新加納駅南
D83,2707,岐阜バス,,新加納町西
D83,2708,岐阜バス,,那加日新町
D83,270A,岐阜バス,,米野高瀬
D83,270B,岐阜バス,,神置南
D83,270C,岐阜バス,,かさだ広場
D83,270D,岐阜バス,,笠田東口
D83,270E,岐阜バス,,笠田西口
D83,270F,岐阜バス,,渡西口
D83,2710,岐阜バス,,渡東口
D83,2711,岐阜バス,,緑町(各務原市)
D83,2712,岐阜バス,,西養寺前
D83,2713,岐阜バス,,招魂社前
D83,2714,岐阜バス,,川島小学校前
D83,2715,岐阜バス,,松倉公民館前
D83,2716,岐阜バス,,松倉東口
D83,2717,岐阜バス,,小網西口
D83,2718,岐阜バス,,各務西町営業所
D83,2719,岐阜バス,,消防学校前
D83,271F,岐阜バス,,小伊木町2丁目
D83,2722,岐阜バス,,金属工業団地
D83,272A,岐阜バス,,健康科学センター
D83,272B,岐阜バス,,那加不動丘
D83,272C,岐阜バス,,イオンタウン前
D83,272D,岐阜バス,,大島町
D83,272E,岐阜バス,,桐野町 (各務原市役所前行)
D83,272F,岐阜バス,,東海学院大学南
D83,2732,岐阜バス,,鵜沼台1丁目
D83,2733,岐阜バス,,鵜沼朝日町
D83,2742,岐阜バス,,JR蘇原駅北
D83,3200,岐阜バス,,緑苑口
D83,3201,岐阜バス,,緑苑南
D83,3202,岐阜バス,鵜沼緑苑団地線,緑苑西
D83,3203,岐阜バス,鵜沼緑苑団地線,緑苑小学校
D83,3204,岐阜バス,鵜沼緑苑団地線,緑苑北
D83,3205,岐阜バス,,緑苑東
D83,3206,岐阜バス,,センター前
D83,3207,岐阜バス,明治村線,時迫間
D83,3208,岐阜バス,明治村線,休日診療所前
D83,3209,岐阜バス,明治村線,総合犬山中央病院東
D83,320A,岐阜バス,明治村線,犬山ニュータウン
D83,320B,岐阜バス,明治村線,桜坪
D83,320C,岐阜バス,明治村線,前原
D83,320D,岐阜バス,明治村線,前原新向
D83,320E,岐阜バス,明治村線,赤坂
D83,320F,岐阜バス,明治村線,長者町団地
D83,3211,岐阜バス,明治村線,明治村
D83,3212,岐阜バス,明治村線(五郎丸経由),橋爪
D83,3213,岐阜バス,明治村線(五郎丸経由),橋爪中
D83,3214,岐阜バス,明治村線(五郎丸経由),五郎丸
D83,3215,岐阜バス,リトルワールド・モンキーパーク線,今井丸山
D83,3216,岐阜バス,リトルワールド・モンキーパーク線,リトルワールド
D83,3217,岐阜バス,明治村線,金山
D83,3218,岐阜バス,明治村線,長者町団地南
D83,3219,岐阜バス,明治村線(五郎丸経由),総合犬山中央病院前
D83,321B,岐阜バス,,イオンモール各務原
D83,321C,岐阜バス,,各務原市役所前駅
D83,321D,岐阜バス,明治村線,安楽寺
D83,321E,岐阜バス,明治村線,神尾
D83,321F,岐阜バス,鵜沼緑苑団地線,緑苑南1丁目
D83,3220,岐阜バス,鵜沼緑苑団地線,緑苑西1丁目
D83,3221,岐阜バス,鵜沼緑苑団地線,緑苑北1丁目
D83,3222,岐阜バス,鵜沼緑苑団地線,緑苑東3丁目
D83,3223,岐阜バス,鵜沼緑苑団地線,緑苑中
D83,3224,岐阜バス,リトルワールド・モンキーパーク線,モンキーパーク
D83,3226,岐阜バス,,新那加駅北口
D83,4600,岐阜バス,,美濃市駅
D83,4601,岐阜バス,,美濃
D83,4602,岐阜バス,,相生町
D83,4603,岐阜バス,,うだつの町並み通り
D83,4604,岐阜バス,,美濃小倉公園前
D83,4605,岐阜バス,,美濃市役所前
D83,4606,岐阜バス,,段町
D83,4607,岐阜バス,,美濃病院
D83,4608,岐阜バス,,中有知
D83,4609,岐阜バス,,関テクノハイランド
D83,460A,岐阜バス,,関市役所・わかくさプラザ(高速名古屋線)
D83,460B,岐阜バス,,関市役所・わかくさプラザ(高速名古屋線)
D83,460C,岐阜バス,,西本郷通り6丁目
D83,460D,岐阜バス,,中池公園口
D83,460E,岐阜バス,,せき東山
D83,460F,岐阜バス,,仲町
D83,4610,岐阜バス,,吉田町
D83,4611,岐阜バス,,安桜山公園前
D83,4612,岐阜バス,,栄町1丁目
D83,4613,岐阜バス,,新田
D83,4614,岐阜バス,,赤土坂
D83,4615,岐阜バス,,高速各務原
D83,4616,岐阜バス,,栄 (オアシス21)
D83,4617,岐阜バス,,錦通本町
D83,4618,岐阜バス,,伏見町
D83,4619,岐阜バス,,名鉄バスセンター (名古屋駅)
D83,461A,岐阜バス,,米屋町
D83,461B,岐阜バス,,美濃小学校前
D83,461C,岐阜バス,,道の駅美濃にわか茶屋
D83,461D,岐阜バス,,関シティターミナル
D83,461E,岐阜バス,,高速関
D83,461F,岐阜バス,,郡上八幡城下町プラザ
D83,503B,日本タクシー,,平野内科クリニック
D83,503C,日本タクシー,,JA常磐支店前
D83,5100,日本タクシー,にっこりバス/さんさんバス/七郷・木田バス,マーサ南口
D83,510B,日本タクシー,にっこりバス,岐阜メモリアルセンター
D83,5113,日本タクシー,にっこりバス,忠節
D83,5133,日本タクシー,,北部コミセン
D83,5150,日本タクシー,,正木マーサ前
D83,5214,日本タクシー,ほっとバス,中西郷
D83,5431,日本タクシー,長森ふれあいバス,県総合医療センター
D83,5442,日本タクシー,長森ふれあいバス,天池2丁目
D83,545B,日本タクシー,,ぎふ清流福祉エリア
D83,545C,日本タクシー,,メモリアル西
D83,5500,日本タクシー,,まさき接骨院
D83,551F,日本タクシー,,福光東3丁目
D83,5521,日本タクシー,,ごとう整形外科
D83,5522,日本タクシー,,福光公園西
D83,5524,日本タクシー,,長良川国際会議場前
D83,5525,日本タクシー,,メモリアル前
D83,5526,日本タクシー,,北消防署前
D83,5527,日本タクシー,,清洲公民館
D83,5528,日本タクシー,,簡易保険前
D83,5610,日本タクシー,加納めぐりバス/すまいるバス/厚見・茜部ぐるりふれあいバス,アピタ岐阜店前
D83,5700,日本タクシー,西ぎふ・くるくるバス,西岐阜駅南口
D83,5708,日本タクシー,西ぎふ・くるくるバス,県庁
D83,5710,日本タクシー,西ぎふ・くるくるバス,県民ふれあい会館前
D83,571A,日本タクシー,すまいるバス/西ぎふ・くるくるバス,市民病院北口
D83,5749,日本タクシー,,竹村歯科医院
D83,5900,日本タクシー,373バス,県総合医療センター
D83,5918,日本タクシー,373バス,杉江商店
D83,5A5B,日本タクシー,ほっとバス,岐阜大学病院
D83,5B17,日本タクシー,すまいるバス,宇佐住吉町
D83,5B2C,日本タクシー,すまいるバス,オーキッドパーク
D8B,0,万葉線,,共通
E01,0,近江鉄道バス,,共通
E09,0,京都市営バス・京都バス,,共通
E09,3,京都バス,,河原町三条
E09,4,京都バス,,京都市役所前
E09,5,京都バス,,河原町丸太町
E09,6,京都バス,,府立医大病院前
E09,8,京都バス,,河原町今出川
E09,9,京都バス,,出町柳駅前
E09,A,京都市バス,,新葵橋
E09,B,京都市バス,,糺ノ森
E09,C,京都市バス,,下鴨神社前
E09,D,京都市バス,,一本松
E09,E,京都バス,,洛北高校前
E09,F,京都バス,,府立大学前
E09,10,京都バス,,植物園前
E09,11,京都バス,,烏丸北大路 (北大路駅)
E09,12,京都バス,,北大路新町
E09,14,京都市バス,,元町
E09,15,京都バス,,上堀川
E09,16,京都市バス,,下緑町
E09,17,京都市バス,,常徳寺前
E09,18,京都市バス,,紫野泉堂町
E09,19,京都市バス,,旭ヶ丘
E09,1A,京都市バス,,佛教大学前
E09,1B,京都市バス,,北木ノ畑町
E09,1C,京都市バス,,鷹峯上ノ町
E09,1D,京都市バス,,土天井町
E09,1E,京都市バス,,鷹峯源光庵前
E09,1F,京都市バス,,釈迦谷口
E09,20,京都市バス,,玄琢
E09,21,京都市バス,,玄琢下
E09,22,京都市バス,,西賀茂車庫前
E09,23,京都市バス,,神光院前
E09,24,京都市バス,,大宮総門口町
E09,25,京都市バス,,大宮田尻町
E09,26,京都バス,,上賀茂御薗橋
E09,27,京都バス,,加茂川中学前
E09,28,京都バス,,下岸町
E09,29,京都市バス,,上賀茂菖蒲園町
E09,2A,京都バス,,東高縄町
E09,2B,京都バス,,下鳥田町
E09,2C,京都バス,,北大路堀川
E09,2D,京都市バス,,下総町
E09,2F,京都市バス,,四条河原町(バスの駅)
E09,30,京都バス,,烏丸今出川 《地下鉄今出川駅》
E09,31,京都市バス,,烏丸一条
E09,32,京都バス,,烏丸下長者町
E09,33,京都バス,,烏丸丸太町
E09,34,京都バス,,烏丸二条
E09,35,京都バス,,烏丸御池
E09,36,京都バス,,烏丸三条
E09,37,京都バス,,四条烏丸
E09,38,京都バス,,烏丸松原
E09,39,京都バス,,烏丸五条 《地下鉄五条駅》
E09,3A,京都市バス,,烏丸六条
E09,3B,京都バス,,烏丸七条
E09,3C,京都市バス,,上賀茂石計町
E09,3D,京都バス,,京都駅前
E09,3E,京都市バス,,京都外大前
E09,3F,京都市バス,,四条中学前
E09,40,京都市バス,,西院巽町
E09,41,京都バス,,西大路四条
E09,42,京都市バス,,四条御前通
E09,43,京都バス,,四条中新道
E09,44,京都バス,,壬生寺道
E09,45,京都バス,,四条大宮
E09,46,京都市バス,,四条堀川
E09,47,京都市バス,,四条西洞院
E09,48,京都市バス,,四条高倉
E09,49,京都バス,,四条河原町(南行)
E09,4B,京都バス,,百万遍
E09,4C,京都市営バス,46/52/55/臨号系統,四条大宮(南行北詰)
E09,4D,京都市バス,,田中樋ノ口町
E09,4E,京都市バス,,北白川小倉町
E09,4F,京都バス,,北白川別当町
E09,50,京都市バス,,上池田町
E09,51,京都市バス,,北白川仕伏町
E09,52,京都市バス,,下京区総合庁舎前
E09,53,京都バス,,洛北高校正門前
E09,54,京都バス,,北園町
E09,55,京都バス,,神殿町
E09,56,京都バス,,野々神町
E09,57,京都市バス,,北山駅前
E09,58,京都市バス,,上賀茂榊田町
E09,5A,京都市バス,,深泥池
E09,5B,京都バス,,国際会館駅前
E09,5C,京都バス,,岩倉大鷺町
E09,5D,京都バス,,上高野
E09,5E,京都バス,,花園橋
E09,5F,京都バス,,宝ヶ池
E09,60,京都バス,,修学院離宮道
E09,61,京都バス,,修学院道
E09,62,京都バス,,一乗寺清水町 (曼殊院)
E09,63,京都バス,,一乗寺下り松町 (誌仙堂)
E09,100,京都バス,,一乗寺木ノ本町
E09,101,京都バス,,上終町・瓜生山学園 京都芸術大学前
E09,102,京都バス,,北白川校前
E09,103,京都バス,,銀閣寺道
E09,104,京都市バス,,浄土寺
E09,105,京都市バス,,錦林車庫前
E09,106,京都市バス,,真如堂前
E09,107,京都市バス,,東天王町
E09,108,京都市バス,,南禅寺・永観堂道
E09,109,京都市バス,,岡崎法勝寺町
E09,10A,京都バス,,岡崎公園 動物園前
E09,10B,京都バス,,岡崎公園 美術館・平安神宮前
E09,10C,京都バス,,神宮道
E09,10D,京都バス,,東山三条
E09,10E,京都バス,,三条京阪前
E09,10F,京都市バス,,京都駅八条口
E09,110,京都市バス,,東寺道
E09,111,京都市バス,,九条車庫前 (京都府民総合交流プラザ前)
E09,112,京都市バス,,地下鉄九条駅前 (大石橋)
E09,113,京都市バス,,東福寺
E09,114,京都市バス,,泉涌寺道
E09,115,京都市バス,,今熊野
E09,116,京都バス,,東山七条
E09,117,京都バス,,馬町
E09,118,京都バス,,五条坂
E09,119,京都バス,,清水道
E09,11A,京都バス,,東山安井
E09,11B,京都バス,,祇園
E09,11C,京都バス,,四条京阪前
E09,11D,京都市バス,,上賀茂神社前
E09,11E,京都市バス,,九条近鉄前
E09,11F,京都市バス,,九条大宮
E09,120,京都市バス,,東寺南門前
E09,121,京都市バス,,東寺西門前
E09,122,京都市バス,,御土居
E09,123,京都市バス,,八条中学前
E09,124,京都市バス,,西寺前
E09,125,京都市バス,,九条御前通
E09,126,京都市バス,,西大路九条
E09,127,京都市バス,,西大路八条
E09,128,京都市バス,,六孫王神社前
E09,129,京都市バス,,八条大宮
E09,12A,京都市バス,,七条御前通
E09,12B,京都市バス,,パルスプラザ前
E09,12C,京都バス,,市立病院前
E09,12D,京都市バス,,八条油小路
E09,12E,京都市バス,,竹田駅西口
E09,12F,京都市バス,,竹田駅東口
E09,130,京都市バス,,みぶ操車場前
E09,131,京都市バス,,千本三条・朱雀立命館前
E09,132,京都バス,,二条駅前
E09,133,京都バス,,千本旧二条
E09,134,京都バス,,千本丸太町
E09,135,京都市バス,,千本出水
E09,136,京都市バス,,千本中立売
E09,137,京都市バス,,千本今出川
E09,138,京都市バス,,上七軒
E09,139,京都市バス,,北野天満宮前
E09,13A,京都市バス,,北野白梅町
E09,13B,京都市バス,,等持院道
E09,13C,京都市バス,,等持院南町
E09,13D,京都市バス,,妙心寺北門前
E09,13E,京都市バス,,嵐電妙心寺駅前
E09,13F,京都市バス,,御室仁和寺
E09,140,京都市バス,,福王子
E09,141,京都市バス,,三宝寺
E09,142,京都市バス,,高鼻町
E09,143,京都市バス,,高雄病院前
E09,144,京都市バス,,平岡八幡前
E09,145,京都市バス,,梅ケ畑清水町
E09,146,京都市バス,,広芝町
E09,147,京都市バス,,高雄小学校前
E09,148,京都市バス,,御経坂
E09,149,京都市バス,,御所ノ口
E09,14A,京都市バス,,高雄
E09,14B,京都市バス,,堀川鞍馬口
E09,14C,京都市バス,,天神公園前
E09,14D,京都市バス,,堀川寺ノ内
E09,14E,京都市バス,,堀川上立売
E09,14F,京都市バス,,堀川今出川
E09,150,京都市バス,,一条戻橋・晴明神社前
E09,151,京都市バス,,堀川中立売
E09,152,京都市バス,,堀川下長者町
E09,153,京都市バス,,堀川下立売
E09,154,京都バス,,堀川丸太町
E09,155,京都市バス,,二条城前
E09,156,京都バス,,堀川御池
E09,157,京都市バス,,堀川三条
E09,158,京都市バス,,堀川蛸薬師
E09,159,京都市バス,,堀川松原
E09,15A,京都市バス,,堀川五条
E09,15B,京都市バス,,西本願寺前
E09,15C,京都市バス,,七条堀川
E09,15D,京都市バス,,七条西洞院
E09,15E,京都市バス,,山越
E09,15F,京都市バス,,ユースホステル前
E09,160,京都市バス,,宇多野病院前
E09,161,京都市バス,,鳴滝本町
E09,162,京都市バス,,府立体育館前 《島津アリーナ京都前》
E09,163,京都市バス,,大将軍
E09,200,京都バス,,丸太町智恵光院
E09,201,京都バス,,文化庁前・府庁前
E09,202,京都バス,,裁判所前
E09,203,京都バス,,知恩院前
E09,204,京都バス,,西大路三条
E09,205,京都バス,,山ノ内
E09,206,京都バス,,庚申前
E09,207,京都市バス,,竹田浄菩堤院町
E09,208,京都市バス,,蚕ノ社
E09,209,京都バス,,太秦東口
E09,20A,京都バス,,太秦広隆寺前
E09,20B,京都バス,,太秦開町
E09,20C,京都バス,,帷子ノ辻
E09,20D,京都市バス,,生田口
E09,20E,京都バス,,有栖川
E09,20F,京都バス,,車折神社前 (嵯峨美術大学前)
E09,210,京都バス,,下嵯峨
E09,211,京都市バス,,嵐山 (渡月橋北詰)
E09,212,京都市バス,,立命館大学前
E09,213,京都市営バス,,衣笠総門町
E09,214,京都市営バス,,金閣寺前
E09,215,京都市バス,,金閣寺道
E09,216,京都市バス,,千本北大路
E09,217,京都市バス,,船岡山
E09,218,京都市バス,,建勲神社前
E09,219,京都市バス,,大徳寺前
E09,21A,京都市バス,,久我石原町
E09,21B,京都市バス,,東土川橋
E09,21C,京都市バス,,国道東土川
E09,21D,京都市バス,,久世殿城町
E09,21E,京都市バス,,下久世
E09,21F,京都市バス,,中久世
E09,220,京都市バス,,久世橋西詰
E09,221,京都市バス,,久世橋東詰
E09,222,京都市バス,,吉祥院長田町
E09,223,京都市バス,,吉祥院西ノ茶屋町
E09,224,京都市バス,,吉祥院車道町
E09,225,京都市バス,,西大路七条
E09,226,京都市バス,,西大路花屋町
E09,227,京都バス,,西大路五条
E09,228,京都市バス,,西大路松原
E09,229,京都市バス,,東北園町
E09,22A,京都バス,,左京区総合庁舎前
E09,22B,京都バス,,修学院駅前
E09,22C,京都市バス,,松ヶ崎海尻町
E09,22D,京都市バス,,桜木町
E09,22E,京都市バス,,わら天神前
E09,22F,京都市バス,,衣笠校前
E09,230,京都市バス,,北野中学前
E09,231,京都バス,,西ノ京円町 《JR円町駅》
E09,232,京都バス,,丸太町御前通
E09,233,京都バス,,丸太町七本松
E09,234,京都バス,,神泉苑前
E09,235,京都バス,,新町御池
E09,236,京都バス,,堺町御池
E09,237,京都バス,,三条春日
E09,238,京都バス,,七条京阪前 (京阪七条駅)
E09,239,京都市バス,,塩小路橋
E09,23A,京都市バス,,東福寺道
E09,23B,京都市バス,,月輪
E09,23C,京都市バス,,十条相深町
E09,23D,京都市バス,,稲荷大社前
E09,23E,京都市バス,,警察学校前
E09,23F,京都市バス,,龍谷大学前
E09,240,京都市バス,,深草西浦町
E09,241,京都市バス,,聖母女学院前
E09,242,京都市バス,,坊町
E09,243,京都市バス,,僧坊町
E09,244,京都市バス,,西久宝寺町
E09,245,京都市バス,,西寺町
E09,246,京都市バス,,東寺町
E09,247,京都市バス,,教育大学前
E09,248,京都市バス,,藤森神社
E09,249,京都市バス,,藤森神社前
E09,24A,京都市バス,,直違橋一丁目
E09,24B,京都市バス,,藤ノ森
E09,24C,京都市バス,,等持院東町
E09,24D,京都市バス,,九条大宮(北行)
E09,24E,京都市営バス,,河原町今出川
E09,24F,京都市バス,,西小路花屋町
E09,252,京都市営バス,,河原町松原
E09,253,京都市バス,,菱妻神社前
E09,254,京都市バス,,久我
E09,255,京都市バス,,赤池
E09,256,京都市バス,,城南宮道
E09,257,京都市バス,,小枝橋
E09,258,京都市バス,,奈須野
E09,259,京都市バス,,地蔵前
E09,25A,京都市バス,,岩ノ本町
E09,25B,京都市バス,,城ヶ前町
E09,25C,京都市バス,,上鳥羽小学校前
E09,25D,京都市バス,,上鳥羽村山町
E09,25E,京都市バス,,上ノ町
E09,25F,京都市バス,,五丁橋
E09,260,京都市バス,,千本十条
E09,261,京都市バス,,唐戸町
E09,262,京都市バス,,羅城門
E09,263,京都市バス,,東寺東門前
E09,300,京都市バス,,七条大宮・京都水族館前
E09,301,京都市バス,,島原口
E09,302,京都バス,,大宮五条
E09,303,京都市バス,,大宮松原
E09,304,京都市バス,,岡崎公園 ロームシアター京都・みやこめっせ前
E09,305,京都市バス,,五条西洞院
E09,306,京都市バス,,西洞院六条
E09,307,京都市バス,,西洞院正面
E09,308,京都市バス,,市民防災センター前
E09,309,京都市バス,,上鳥羽
E09,30A,京都市バス,,城南宮
E09,30B,京都市バス,,国道赤池
E09,30C,京都市バス,,下鳥羽城ノ越町
E09,30D,京都市バス,,国道下鳥羽
E09,30E,京都市バス,,国道大手筋
E09,30F,京都市バス,,三栖公園前
E09,310,京都市バス,,西大手筋
E09,311,京都市バス,,京橋
E09,312,京都市バス,,中書島
E09,313,京都市バス,,八丁畷
E09,314,京都市バス,,府道横大路
E09,315,京都市バス,,富ノ森
E09,316,京都市バス,,納所北城堀
E09,317,京都市バス,,納所町
E09,318,京都市バス,,京阪淀駅
E09,319,京都市バス,,太秦小学校前
E09,31A,京都市バス,,南太秦
E09,31B,京都市バス,,立命館大学前(キャンパス内)
E09,31C,京都市バス,,鳴滝松本町
E09,31D,京都市バス,,河原町東寺道
E09,31E,京都市バス,,七本松仁和寺街道
E09,31F,京都市バス,,七本松出水
E09,320,京都市バス,,堀川今出川(急行111)
E09,321,京都市バス,,槇ノ尾
E09,322,京都市バス,,栂ノ尾
E09,323,京都バス,,左京区総合庁舎・京都工芸繊維大学前
E09,325,京都市バス,,三条京阪前
E09,32B,京都市バス,,国道沓掛口
E09,32F,京都市バス,,国道東野
E09,331,京都市バス,,桃陵団地前
E09,332,京都市バス,,九条駅前
E09,333,京都市バス,,伏見警察署前
E09,334,京都市バス,,下鳥羽
E09,335,京都市バス,,三町
E09,337,京都市バス,,横大路
E09,338,京都市バス,,梅小路公園・JR梅小路京都西駅前
E09,339,京都市バス,,梅小路公園・京都鉄道博物館前
E09,33A,京都市バス,,菱川
E09,33B,京都市バス,,樋爪口
E09,33C,京都市バス,,上樋爪
E09,33D,京都市バス,,樋爪町
E09,33E,京都市バス,,水垂町
E09,33F,京都市バス,,宮前橋西詰
E09,340,京都市バス,,久我御旅町
E09,341,京都市バス,,神川小学校前
E09,342,京都市バス,,下久我
E09,343,京都市営バス,,菱川(南北行)
E09,344,京都市バス,,七条壬生川
E09,345,京都市バス,,七条千本
E09,346,京都市バス,,月読橋
E09,347,京都市バス,,大門町
E09,348,京都市バス,,川勝寺
E09,349,京都市バス,,久我の杜
E09,34A,京都市バス,,桂大橋
E09,34B,京都市バス,,桂離宮前
E09,34C,京都市バス,,下桂
E09,34D,京都市バス,,桂消防署前
E09,34E,京都市バス,,桂駅東口
E09,34F,京都市バス,,川島町
E09,350,京都市バス,,樫原
E09,351,京都市バス,,公会堂前
E09,352,京都市バス,,三ノ宮
E09,353,京都市バス,,中久世一丁目
E09,354,京都市バス,,油小路丹波橋・アクト京都前
E09,355,京都市バス,,城南宮東口
E09,356,京都市バス,,桂坂口
E09,357,京都市バス,,中桂
E09,358,京都市バス,,桂徳大寺
E09,359,京都市バス,,上桂東ノ口
E09,35A,京都市バス,,竹田内畑町
E09,35B,京都市バス,,烏丸札ノ辻
E09,35C,京都市バス,,丸太町京阪前
E09,35D,京都バス,,川端二条
E09,35E,京都市バス,,千本鞍馬口
E09,35F,京都市バス,,乾隆校前
E09,360,京都市バス,,千本上立売
E09,361,京都市バス,,今出川浄福寺
E09,362,京都市バス,,青少年科学センター前
E09,400,京都市バス,,智恵光院中立売
E09,401,京都市バス,,桂滝川町
E09,402,京都市バス,,下津林六反田
E09,403,京都市バス,,西大路御池
E09,404,京都市バス,,太子道
E09,405,京都市バス,,京都先端科学大学前
E09,406,京都市バス,,山ノ内御池
E09,407,京都市バス,,西小路御池
E09,408,京都市バス,,牛ヶ瀬
E09,409,京都市バス,,西ノ京藤ノ木町
E09,40A,京都市バス,,西ノ京塚本町
E09,40B,京都市バス,,南広町
E09,40C,京都市バス,,日新電機前
E09,40D,京都市バス,,梅津段町
E09,40E,京都市バス,,長福寺道
E09,40F,京都市バス,,梅津西浦町
E09,410,京都市バス,,梅宮大社前
E09,411,京都市バス,,松尾橋
E09,412,京都バス,,松尾大社前
E09,413,京都バス,,内田町
E09,414,京都市バス,,谷ケ辻町
E09,415,京都バス,,阪急嵐山駅前
E09,416,京都市バス,,嵐山公園 (渡月橋南詰)
E09,417,京都バス,,嵐山天龍寺前 (嵐電嵐山駅)
E09,418,京都バス,,野々宮
E09,419,京都バス,,嵯峨小学校前
E09,41A,京都バス,,嵯峨釈迦堂前
E09,41B,京都バス,,小渕町
E09,41C,京都バス,,大覚寺
E09,41D,京都バス,,光華女子学園前
E09,41E,京都市バス,,西京極運動公園前 (わかさスタジアム京都・ハンナリーズアリーナ前)
E09,41F,京都市バス,,西京極
E09,420,京都市バス,,西大橋西詰
E09,421,京都市バス,,上桂御正町
E09,422,京都市バス,,上桂前田町
E09,423,京都市バス,,平和台町
E09,424,京都市バス,,千代原口
E09,425,京都市バス,,桂中学前
E09,426,京都市バス,,松尾大利町
E09,427,京都市バス,,鈴虫寺・苔寺道
E09,428,京都市バス,,松室北河原町
E09,429,京都市バス,,西京区役所前
E09,42B,京都市バス,,一乗寺高槻町
E09,42C,京都市バス,,一乗寺赤ノ宮町
E09,42D,京都バス,,高野
E09,42E,京都バス,,高野橋東詰
E09,42F,京都バス,,高木町
E09,430,京都バス,,下鴨東本町
E09,431,京都市バス,,一乗寺青城町
E09,432,京都市バス,,一乗寺北大丸町
E09,433,京都バス,,田中大久保町
E09,434,京都バス,,叡電元田中
E09,435,京都バス,,京大正門前
E09,436,京都バス,,近衛通
E09,437,京都バス,,熊野神社前
E09,438,京都バス,,東山二条・岡崎公園口
E09,439,京都市バス,,西京極午塚町
E09,43A,京都バス,,中ノ橋五条
E09,43B,京都バス,,京都リサーチパーク前
E09,43C,京都市バス,,五条壬生川
E09,43D,京都市バス,,新間ノ町二条
E09,43E,京都市バス,,岡崎道
E09,43F,京都市バス,,岡崎神社前
E09,440,京都市バス,,銀閣寺前
E09,441,京都市バス,,南田町
E09,442,京都市バス,,法然院町
E09,443,京都市バス,,上宮ノ前町
E09,444,京都市バス,,宮ノ前町
E09,445,京都市バス,,一乗寺梅ノ木町
E09,446,京都市バス,,一乗寺地蔵本町
E09,447,京都バス,,御薗口町(上賀茂神社前)
E09,448,京都バス,,朝露ヶ原町
E09,449,京都バス,,柊野別れ
E09,44A,京都バス,,ゴルフ場前
E09,44B,京都市バス,,京都産大前
E09,44C,京都市バス,,西賀茂橋東詰
E09,44D,京都市バス,,松ノ下町
E09,44E,京都バス,,出雲路橋
E09,44F,京都市バス,,出雲路俵町
E09,450,京都市バス,,出雲路神楽町
E09,451,京都市バス,,葵橋西詰
E09,45B,京都市バス,,動物園正門前
E09,45C,京都市バス,,南禅寺・疏水記念館・動物園東門前
E09,45D,京都市バス,,青蓮院前
E09,45E,京都市バス,,知恩院三門前
E09,45F,京都市バス,,河原町松原
E09,460,京都市バス,,河原町五条
E09,461,京都市バス,,五条京阪前
E09,462,京都市バス,,五条大和大路・東山開睛館前
E09,503,京都市バス,,東側町
E09,513,京都市バス,,吉祥院堂ノ後町
E09,514,京都市バス,,吉祥院池田町
E09,515,京都市バス,,塔南高校前
E09,516,京都市バス,,吉祥院高畑町
E09,517,京都市バス,,吉祥院天満宮前
E09,518,京都市バス,,落合町
E09,519,京都市バス,,十条大宮
E09,51A,京都市バス,,十条油小路
E09,51B,京都市バス,,十条新町
E09,51C,京都市バス,,十条竹田街道
E09,51D,京都市バス,,河原町十条
E09,51E,京都市バス,,南松ノ木町
E09,51F,京都市バス,,九条河原町
E09,520,京都市バス,,京都駅八条口アバンティ前
E09,521,京都市バス,,塩小路高倉
E09,522,京都バス,,七条河原町
E09,523,京都市バス,,河原町正面
E09,524,京都市バス,,吉祥院蒔絵町
E09,525,京都市バス,,船戸町
E09,526,京都市バス,,五条高倉
E09,527,京都市バス,,河原町八条
E09,528,京都バス,,西賀茂井ノ口町
E09,529,京都バス,,志久呂橋西詰
E09,52A,京都市バス,,志久呂橋(旧道)
E09,52B,京都市バス,,柊野(旧道)
E09,52C,京都市営バス,特37号系統,庄田橋
E09,52D,京都市バス,,西賀茂車庫前(特37)
E09,52F,京都市バス,,大宮小野堀町
E09,530,京都市バス,,下竹殿町
E09,531,京都市バス,,大宮大門町
E09,532,京都市バス,,大宮交通公園前
E09,533,京都市バス,,牛若
E09,534,京都市バス,,紫野上野町
E09,535,京都市バス,,下津林中島
E09,536,京都市バス,,今宮神社前
E09,537,京都市バス,,北上久世
E09,539,京都バス,,猿田彦橋
E09,53A,京都市バス,,葛野大路八条
E09,53B,京都市バス,,吉祥院運動公園前
E09,53C,京都市バス,,羽束師志水町
E09,53D,京都市バス,,JR長岡京東口
E09,53E,京都市バス,,芝本
E09,53F,京都市バス,,馬場
E09,540,京都市バス,,工業団地前
E09,541,京都市バス,,南区総合庁舎前
E09,542,京都バス,,柊野グラウンド前
E09,543,京都市バス,,高橋南
E09,544,京都バス,,西賀茂庄田町
E09,545,京都バス,,西賀茂中学北
E09,548,京都市バス,,JR桂川駅前
E09,54E,京都市バス,,近鉄上鳥羽口駅前
E09,54F,京都市バス,,JR藤森駅前
E09,550,京都市バス,,大宮中立売
E09,551,京都市バス,,西洞院仏光寺
E09,552,京都市バス,,西洞院松原
E09,559,京都バス,,東元町
E09,55A,京都市バス,,北山橋東詰
E09,55B,京都バス,,植物園北門前 (地下鉄北山駅)
E09,55C,京都バス,,安井西口
E09,55D,京都バス,,黒橋
E09,55E,京都市バス,,深草北蓮池町
E09,55F,京都市バス,,下町
E09,560,京都市バス,,伏見インクライン前
E09,563,京都市バス,,納所岸ノ下
E09,600,京都市バス,,御香宮前
E09,601,京都市バス,,板橋
E09,602,京都市バス,,丹波橋
E09,603,京都市バス,,桃山中学前
E09,604,京都市バス,,最上町
E09,605,京都市バス,,墨染
E09,606,京都バス,,伯楽町
E09,607,京都バス,,西ノ京馬代町
E09,608,京都バス,,木辻南町
E09,609,京都バス,,妙心寺前
E09,60A,京都バス,,花園駅前
E09,60B,京都バス,,双ヶ丘
E09,60C,京都市バス,,常盤御池町
E09,60D,京都市バス,,宇多野御屋敷町
E09,60E,京都市バス,,嵐電宇多野駅前
E09,60F,京都バス,,嵯峨野秋街道町
E09,610,京都市バス,,竹田出橋
E09,611,京都市バス,,竹田久保町
E09,612,京都市バス,,深草下川原町
E09,613,京都市バス,,勧進橋
E09,614,京都市バス,,札ノ辻
E09,615,京都市バス,,築山
E09,616,京都市バス,,久世工業団地前
E09,617,京都市バス,,久世大薮町
E09,618,京都市バス,,御室
E09,619,京都市バス,,塔ノ下町
E09,61A,京都市バス,,竜安寺前
E09,61B,京都市バス,,今出川大宮
E09,61C,京都市バス,,上京区総合庁舎前
E09,61D,京都市バス,,同志社前
E09,61E,京都市バス,,洛西口駅前
E09,620,京都市バス,,久世七本松
E09,621,京都市バス,,高田町
E09,622,京都市バス,,川島六ノ坪町
E09,623,京都市バス,,自衛隊前
E09,624,京都市バス,,莚田町
E09,625,京都市バス,,桂高校前
E09,626,京都市バス,,桂小橋
E09,63F,京都市バス,,国道中山
E09,640,京都市バス,,国道塚原
E09,641,京都市バス,,向日回生病院前
E09,648,京都市バス,,南春日町
E09,64F,京都市バス,,伊織町
E09,650,京都市バス,,高原町
E09,651,京都市バス,,物集女
E09,652,京都市バス,,史跡公園前
E09,653,京都市バス,,平田町
E09,654,京都市バス,,月見ヶ丘
E09,655,京都市バス,,上桂駅前
E09,656,京都市バス,,上桂西居町
E09,657,京都市バス,,上野橋
E09,658,京都市バス,,北ノ口
E09,659,京都市バス,,梅津石灘町
E09,65A,京都市バス,,桂川小学校前
E09,663,京都バス,,京大病院前
E09,704,京都バス,,松ヶ崎駅前
E09,705,京都市バス,,御陵町
E09,706,京都市バス,,国道三ノ宮
E09,707,京都バス,,北大路バスターミナル 《地下鉄北大路駅》
E09,708,京都バス,,上賀茂橋
E09,709,京都市バス,,山越東町
E09,70A,京都市バス,,七瀬川町
E09,70B,京都市バス,,竹田城南宮道
E09,70C,京都市バス,,西墨染通
E09,70D,京都市バス,,棒鼻
E09,70E,京都市バス,,住吉
E09,70F,京都市バス,,西丹波橋
E09,710,京都市バス,,肥後町
E09,711,京都市バス,,太秦映画村道
E09,712,京都市バス,,常盤・嵯峨野高校前
E09,713,京都バス,,常磐野小学校前
E09,714,京都バス,,太秦北路町
E09,715,京都バス,,太秦開日町
E09,716,京都バス,,広沢御所ノ内町
E09,717,京都バス,,嵯峨中学前
E09,718,京都バス,,嵯峨瀬戸川町
E09,719,京都バス,,北白川
E09,71A,京都バス,,京大農学部前
E09,71B,京都バス,,嵯峨嵐山駅前
E09,71F,京都市バス,,九条七本松
E09,72A,京都市バス,,山ノ前町
E09,72B,京都市バス,,上賀茂豊田町
E09,72C,京都市バス,,上賀茂松本町
E09,72D,京都市バス,,上賀茂小学校前
E09,730,京都市バス,,下三栖
E09,731,京都市バス,,横大路車庫前
E09,732,京都市バス,,免許試験場前
E09,733,京都市バス,,南横大路 (さすてな京都前)
E09,734,京都バス,,角倉町
E09,735,京都市バス,,馬塚町
E09,73D,京都市バス,,洛水高校前
E09,741,京都バス,,花園扇野町
E09,742,京都市バス,,原谷
E09,743,京都市バス,,原谷口
E09,744,京都市バス,,立命館西園寺記念館前
E09,745,京都市バス,,原谷農協前
E09,746,京都市バス,,吉祥院宮ノ西町
E09,747,京都市バス,,吉祥院壱ノ段町
E09,748,京都市バス,,葛野大路九条
E09,749,京都市バス,,西板橋
E09,74A,京都市バス,,二条駅西口
E09,74B,京都市バス,,衣笠氷室町
E09,74C,京都市バス,,小畑川公園北口
E09,74D,京都市バス,,新林公団住宅前
E09,74E,京都市バス,,新林センター前
E09,74F,京都市バス,,新林池公園
E09,750,京都市バス,,新林中通
E09,751,京都市バス,,東新林町
E09,752,京都市バス,,葛野大路高辻
E09,753,京都市バス,,鳥羽大橋北詰
E09,754,京都市バス,,葛野大路花屋町
E09,755,京都市バス,,西京極駅前
E09,756,京都市バス,,広沢池・佛大広沢校前
E09,757,京都市バス,,地下鉄十条駅前
E09,759,京都市バス,,樫原鴫谷
E09,75A,京都市バス,,洛西高校前
E09,75B,京都市バス,,境谷センター前
E09,75C,京都市バス,,西竹の里町
E09,75D,京都市バス,,北福西町一丁目
E09,75E,京都市バス,,三ノ宮街道
E09,75F,京都市バス,,樫原水築町
E09,760,京都市バス,,樫原小学校前
E09,761,京都市バス,,野田町
E09,762,京都市バス,,桂駅西口
E09,763,京都市バス,,境谷大橋
E09,800,京都市バス,,京都明徳高校前
E09,801,京都市バス,,洛西バスターミナル
E09,802,京都市バス,,東竹の里橋
E09,803,京都市バス,,東竹の里町
E09,804,京都市バス,,福西遺跡公園前
E09,805,京都市バス,,洛西大橋
E09,806,京都市バス,,中央公園南口
E09,807,京都市バス,,南福西町三丁目
E09,808,京都市バス,,南福西町二丁目
E09,809,京都市バス,,南福西町 《竹林公園前》
E09,80A,京都市バス,,北福西町
E09,80B,京都市バス,,右京の里
E09,80C,京都市バス,,上里小学校前
E09,80D,京都市バス,,紅葉町
E09,80E,京都市バス,,勝山町
E09,80F,京都市バス,,大原野小学校前
E09,810,京都市バス,,花の舞公園前
E09,811,京都市バス,,西京極小学校前
E09,812,京都市バス,,久世橋通大宮
E09,813,京都市バス,,久世橋通油小路
E09,814,京都市バス,,久世橋通新町
E09,815,京都市バス,,三栖大黒町
E09,816,京都市バス,,小松原児童公園前
E09,817,京都市バス,,西大路駅前
E09,818,京都市バス,,大原野上里北ノ町
E09,819,京都市バス,,樫原塚ノ本町
E09,81A,京都市バス,,川島粟田町
E09,81B,京都市バス,,樫原秤谷町
E09,81C,京都市バス,,石原団地前
E09,81D,京都市バス,,吉祥院嶋高町
E09,81E,京都市バス,,上鳥羽馬廻
E09,81F,京都市バス,,烏丸下立売
E09,820,京都市バス,,四条葛野大路
E09,824,京都バス,,松ヶ崎橋
E09,825,京都バス,,松ヶ崎大黒天
E09,827,京都市バス,,福西竹の里
E09,828,京都市バス,,西境谷町三丁目
E09,829,京都市バス,,岩倉操車場前
E09,82A,京都市バス,,上鳥羽塔ノ森
E09,82B,京都市バス,,桂坂センター前
E09,82C,京都市バス,,天蓋公園前
E09,82D,京都市バス,,西桂坂
E09,82E,京都市バス,,北沓掛町六丁目
E09,82F,京都市バス,,南工業団地前
E09,830,京都市バス,,下津林大般若町
E09,831,京都市バス,,大枝山町西
E09,832,京都市バス,,ふれあいの里
E09,833,京都市バス,,桂坂小学校前
E09,834,京都市バス,,峰ヶ堂町三丁目
E09,835,京都市バス,,東桂坂
E09,836,京都市バス,,桂御陵坂
E09,837,京都市バス,,大枝山町東
E09,838,京都市バス,,山越中町
E09,839,京都市バス,,やまごえ温水プール前
E09,83A,京都市バス,,峰ヶ堂町一丁目
E09,83C,京都市バス,,ライトハウス前
E09,83F,京都バス,,太秦天神川駅前 (駅前広場)
E09,850,京都市バス,,京都駅前
E09,853,京都市バス,,京阪中書島・伏見港公園
E09,855,京都市バス,,京大桂キャンパス前
E09,856,京都市バス,,桂イノベーションパーク前
E09,902,京都バス,,荒神口
E09,905,京都バス,,東山仁王門
E09,906,京都バス,,飛鳥井町
E09,90A,京都バス,,博物館三十三間堂前
E09,90B,京都市バス,,右京ふれあい文化会館前
E09,913,京都市営バス,100円循環バス,御幸町御池
E09,914,京都市営バス,100円循環バス,柳馬場御池
E09,919,京都市営バス,100円循環バス,四条河原町西詰
E09,91A,京都市営バス,100円循環バス,四条河原町北詰
E09,91B,京都市営バス,100円循環バス,河原町三条南詰
E09,91C,京都市営バス,100円循環バス,河原町三条北詰
E09,932,京都市バス,,桂坂中央
E09,3C01,京都バス,,赤の宮
E09,3C06,京都バス,,一条山
E09,3C0A,京都バス,,岩坂
E09,3C0B,京都バス,,岩倉駅前
E09,3C0C,京都バス,,岩倉下在地町
E09,3C0D,京都バス,,岩倉三宅町
E09,3C0E,京都バス,,岩倉実相院
E09,3C0F,京都バス,,岩倉村松
E09,3C11,京都バス,,岩倉中町
E09,3C12,京都バス,,岩倉農協前
E09,3C13,京都バス,,市原
E09,3C14,京都バス,,市原駅前
E09,3C16,京都バス,,石折
E09,3C17,京都バス,,太秦映画村前
E09,3C1F,京都バス,,梅の宮前
E09,3C20,京都バス,,幡枝くるすの公園前
E09,3C22,京都バス,,延暦寺バスセンター
E09,3C23,京都バス,,愛宕寺前
E09,3C24,京都バス,,鬼谷橋
E09,3C27,京都バス,,大原
E09,3C28,京都バス,,大原学校前
E09,3C29,京都バス,,大城田町
E09,3C2A,京都バス,,大長瀬町
E09,3C2B,京都バス,,市原 (上野中)
E09,3C39,京都バス,,加茂大橋
E09,3C3B,京都バス,,河原町御池 (河原町三条)
E09,3C40,京都バス,,上橋
E09,3C43,京都バス,,上長谷
E09,3C45,京都バス,,川端一条
E09,3C46,京都バス,,川端丸太町 (神宮丸太町駅)
E09,3C49,京都バス,,貴船口
E09,3C4A,京都バス,,京都精華大学前
E09,3C4F,京都バス,,清滝
E09,3C53,京都バス,,北大路駅前
E09,3C59,京都バス,,北白川琵琶町
E09,3C5D,京都バス,比良線 10系統,朽木学校前
E09,3C5E,京都バス,,九頭龍弁天前
E09,3C63,京都バス,,古知谷
E09,3D02,京都バス,,荒神橋
E09,3D05,京都バス,,小出石
E09,3D06,京都バス,,小町寺
E09,3D09,京都バス,,苔寺・すず虫寺
E09,3D0C,京都バス,,護法堂弁天前
E09,3D16,京都バス,,しずはうす前
E09,3D22,京都バス,,篠坂町
E09,3D27,京都バス,,城山
E09,3D29,京都バス,,新田
E09,3D2B,京都バス,,清水町
E09,3D2C,京都バス,,静原
E09,3D2D,京都バス,,静原下の町
E09,3D2E,京都バス,,静原大門口
E09,3D2F,京都バス,,静原御旅町
E09,3D30,京都バス,,静原口
E09,3D31,京都バス,,静原上の町
E09,3D32,京都バス,,静原西陣織ネクタイ団地前
E09,3D34,京都バス,,十王橋
E09,3D35,京都バス,,地蔵谷
E09,3D3A,京都バス,,高野橋西詰
E09,3D3C,京都バス,,高野玉岡町
E09,3D3D,京都バス,,高野車庫
E09,3D3E,京都バス,,高野泉町
E09,3D3F,京都バス,,谷ヶ辻町
E09,3D40,京都バス,,田の谷峠
E09,3D42,京都バス,,蓼倉橋
E09,3D44,京都バス,,大覚寺道
E09,3D45,京都バス,,地球研前
E09,3D46,京都バス,,長代南橋
E09,3D47,京都バス,,忠在地
E09,3D48,京都バス,,長源寺前
E09,3D4C,京都バス,,戸寺
E09,3D50,京都バス,,鳥居本
E09,3D51,京都バス,,登山口
E09,3D52,京都バス,,東塔
E09,3D57,京都バス,,長谷別れ
E09,3D58,京都バス,,二の瀬
E09,3D5A,京都バス,,西河原町
E09,3D5B,京都バス,,西京極スポーツセンター前
E09,3D5C,京都バス,,西京極北大入町
E09,3D60,京都バス,,二軒茶屋
E09,3E00,京都バス,,野村別れ (里の駅大原)
E09,3E05,京都バス,,花園町
E09,3E06,京都バス,,花尻橋 (大原記念病院前)
E09,3E08,京都バス,,阪急嵐山駅前 (駅前広場)
E09,3E0C,京都バス,,八幡前
E09,3E16,京都バス,,比叡山頂
E09,3E19,京都バス,,ふるさと前
E09,3E1C,京都バス,,平八前
E09,3E1D,京都バス,,北稜高校前
E09,3E1F,京都バス,比良線 10系統,坊村
E09,3E24,京都バス,,松尾小学校前
E09,3E28,京都バス,,宮の田
E09,3E29,京都バス,,御蔭橋
E09,3E2A,京都バス,,三宅八幡
E09,3E2C,京都バス,,神子ヶ渕
E09,3E2E,京都バス,,美濃瀬橋
E09,3E30,京都バス,,村松集会所前
E09,3E31,京都バス,,村松団地前
E09,3E32,京都バス,,無動寺
E09,3E35,京都バス,,山中
E09,3E36,京都バス,,山中上
E09,3E37,京都バス,,八瀬駅前
E09,3E38,京都バス,,八瀬甲ヶ渕
E09,3E39,京都バス,,八瀬甲賀小路
E09,3E3A,京都バス,,八瀬大橋
E09,3E3B,京都バス,,夢見ヶ丘
E09,3E3C,京都バス,,洛北グリーンハイツ前
E09,3E3F,京都バス,,洛北病院前
E09,3E40,京都バス,,ロテル・ド・比叡
E09,3E41,京都バス,,井の口橋
E09,3E42,京都バス,花園線 63系統,↬一の井町
E09,3E46,京都バス,,市原大橋
E09,3E47,京都バス,,梅宮橋
E09,3E48,京都バス,,江文神社前
E09,3E49,京都バス,,江文峠
E09,3E4A,京都バス,,江文峠口
E09,3E4B,京都バス,,小野谷口
E09,3E4C,京都バス,高野車庫→大原,↬大原札の辻
E09,3E4D,京都バス,,大布施
E09,3E4E,京都バス,,尾花町
E09,3E52,京都バス,,春日社前
E09,3E59,京都バス,,上在地
E09,3E5A,京都バス,,川島織物セルコン
E09,3E5B,京都バス,,杜若
E09,3E5C,京都バス,,貴船
E09,3E5D,京都バス,,叡電貴船口駅前
E09,3E5E,京都バス,,旧道別れ
E09,3E5F,京都バス,高野北山出庫線,↬京都コンサートホール前
E09,3E60,京都バス,,嵯峨美術大学前
E09,3E61,京都バス,,教会前
E09,3E62,京都バス,,清滝道
E09,3F00,京都バス,,鞍馬
E09,3F01,京都バス,,鞍馬温泉
E09,3F05,京都バス,高野車庫→大原,↬草生町
E09,3F08,京都バス,,山幸橋
E09,3F09,京都バス,,下の町
E09,3F10,京都バス,,杓子屋
E09,3F11,京都バス,,菖蒲谷池
E09,3F14,京都バス,,十王堂橋
E09,3F15,京都バス,,菅原
E09,3F16,京都バス,,高橋
E09,3F18,京都バス,,宝ヶ池球技場前
E09,3F19,京都バス,,宝ヶ池公園前
E09,3F1A,京都バス,,宝ヶ池公園北口
E09,3F1B,京都バス,,大悲山口
E09,3F1D,京都バス,,角子橋
E09,3F1F,京都バス,,東北部クリーンセンター前
E09,3F20,京都バス,,峠下
E09,3F23,京都バス,,西賀茂橋
E09,3F24,京都バス,,西賀茂鹿ノ下町
E09,3F25,京都バス,,西山高雄
E09,3F26,京都バス,,西市原
E09,3F28,京都バス,,能見口
E09,3F2A,京都バス,,野村
E09,3F2C,京都バス,,花背交流の森前
E09,3F2D,京都バス,,花背高原前
E09,3F2E,京都バス,,花背山の家前
E09,3F2F,京都バス,,花背峠
E09,3F30,京都バス,,花背農協前
E09,3F31,京都バス,,原地中の町
E09,3F32,京都バス,,広河原
E09,3F35,京都バス,,古道橋
E09,3F37,京都バス,,扶桑橋
E09,3F38,京都バス,,別所下の町
E09,3F39,京都バス,,別所上の町
E09,3F3A,京都バス,,別所中の町
E09,3F3C,京都バス,,堂ノ町
E09,3F3E,京都バス,,松ヶ崎道
E09,3F42,京都バス,,紅葉橋
E09,3F43,京都バス,,百井別れ
E09,3F44,京都バス,,山の家グランド前
E09,3F45,京都バス,,八桝橋
E09,3F46,京都バス,,八桝口
E09,3F47,京都バス,,八桝校前
E09,3F4B,京都バス,,花友はなせ・診療所前
E09,4000,京都バス,,西幡枝 (円通寺前)
E09,4001,京都バス,,幡枝八幡宮前
E09,4002,京都バス,,三本杉
E09,4003,京都バス,,梅宮駐車場
E09,4005,京都バス,,京都産大 本山寮前
E09,4502,京都バス,,幡枝 (妙満寺)
E09,463E,京都バス,,京都外大前 (西貝川町)
E09,4808,京都バス,,太秦天神川駅前 (蚕の社)
E09,480D,京都バス,,生田口
E09,4811,京都バス,,嵐山 (渡月橋北詰)
E09,482C,京都バス,,松ヶ崎海尻町 (地下鉄松ヶ崎駅)
E09,4A28,京都バス,63/73系統,北河原町
E09,4A47,京都バス,,上賀茂神社前
E09,4A4B,京都バス,,京都産業大学前
E09,4B2B,京都バス,,柊野(新道)
E09,4C0B,京都バス,五条線,双ヶ岡
E09,4D11,京都バス,,常盤仲之町
E09,4D41,京都バス,嵐山本線/五条線,花園黒橋
E09,4E29,京都バス,,宝ヶ池通
E09,4E3F,京都バス,,太秦天神川駅前 (蚕の社)
E09,4F19,京都バス,,四条河原町(北行)
E09,4F1A,京都バス,,四条河原町(東行)
E09,5863,京都バス,,臨時停留所
E0D,0,コトデンバス,,共通
E14,0,南海バス,,共通
E14,23,南海バス,,愛泉学園前
E14,25,南海バス,,青葉台会館前
E14,27,南海バス,,青葉台センター前
E14,29,南海バス,,赤坂台一丁
E14,2A,南海バス,,赤坂台一丁南
E14,2B,南海バス,,赤坂台三丁
E14,2C,南海バス,,赤坂台四丁
E14,2D,南海バス,,赤坂台五丁
E14,2E,南海バス,,赤坂台六丁
E14,30,南海バス,,赤坂台小学校前
E14,31,南海バス,,赤坂台センター
E14,32,南海バス,,赤畑町 (御廟山古墳東)
E14,33,南海バス,,赤峰
E14,34,南海バス,,浅香
E14,35,南海バス,,浅香山住宅前
E14,36,南海バス,,浅香山通
E14,39,南海バス,,旭ヶ丘(堺市) (健康福祉プラザ前)
E14,3A,南海バス,,旭ヶ丘(河内長野市)
E14,3B,南海バス,,旭ヶ丘北町
E14,3C,南海バス,,旭ヶ丘口
E14,3E,南海バス,,旭町
E14,43,南海バス,,芦部
E14,45,南海バス,国際貨物地区線,ANA車輌整備工場前
E14,46,南海バス,,堺駅 自動チャージ機
E14,48,南海バス,,天野山
E14,4A,南海バス,,天の橋 (原池公園西)
E14,4B,南海ウイングバス,,余部西口
E14,4C,南海バス,,光明池駅 自動チャージ機
E14,4D,南海バス,,和泉中央駅 自動チャージ機
E14,4E,南海バス,,あみだ池
E14,50,南海バス,,綾の町電停前
E14,52,南海ウイングバス,,荒木西
E14,53,南海バス,春木川線,有井田
E14,54,南海ウイングバス,,蟻ヶ池
E14,57,南海バス,,池浦
E14,58,南海バス,,池浦中央
E14,5B,南海バス,,池田下
E14,5C,南海バス,緑ヶ丘団地線,石尾山
E14,5E,南海バス,,石津川駅前
E14,5F,南海バス,,石津神社前
E14,60,南海バス,,石橋
E14,61,南海バス,,石原
E14,63,南海バス,,石見川
E14,66,南海りんかんバス,,高野山営業所 窓口
E14,100,南海バス,,石見川口
E14,101,南海バス,,和泉青葉台
E14,102,南海バス,,和泉青葉台口
E14,103,南海バス,,和泉青葉台中
E14,104,南海バス,,和泉旭町
E14,105,南海バス,,和泉王子
E14,106,南海バス,,泉大津駅前
E14,108,南海ウイングバス,,和泉大宮駅前
E14,10A,南海バス,,泉ヶ丘駅
E14,10C,南海バス,,三原台南
E14,10D,南海バス,,幸団地
E14,10E,南海ウイングバス,,泉佐野駅前
E14,111,南海バス,,和泉市役所前
E14,112,南海バス,,府中町南
E14,113,南海バス,,泉田中
E14,114,南海バス,,泉田中南
E14,115,南海ウイングバス,,和泉中央駅
E14,116,南海バス,,和泉中学校前
E14,119,南海バス,,和泉府中駅前
E14,11A,南海バス,,和泉府中車庫前
E14,11B,南海バス,,和泉和田
E14,11D,南海バス,,伊勢道
E14,122,南海バス,,市小学校前
E14,123,南海バス,,一条通
E14,124,南海バス,,一の坂
E14,128,南海バス,,稲葉(堺市)
E14,12B,南海バス,,いぶき
E14,12C,南海バス,,いぶき野一丁目
E14,12D,南海バス,,いぶき野三丁目
E14,12F,南海ウイングバス,,今木
E14,131,南海バス,,岩室
E14,132,南海バス,,上田
E14,133,南海バス,,上之
E14,134,南海バス,,上野芝
E14,136,南海バス,,上野芝駅前 (履中天皇陵南)
E14,138,南海ウイングバス,,上町1丁目
E14,13A,南海ウイングバス,,牛滝山
E14,13C,南海バス,,内川橋
E14,13D,南海バス,,内田
E14,13E,南海バス,,内田上
E14,141,南海バス,,梅北二丁
E14,142,南海バス,,梅北町
E14,143,南海バス,,浦田
E14,144,南海バス,,上原口
E14,147,南海バス,,家原寺町
E14,148,南海バス,,堺市立総合医療センター東
E14,149,南海バス,,戎島
E14,14A,南海バス,,延命寺口
E14,14D,南海バス,,太井(河内長野市)
E14,14E,南海バス,,大泉緑地前
E14,154,南海バス,国際貨物地区線,大阪国際郵便局前
E14,157,南海バス,,大阪千代田短大
E14,159,南海バス,,大小路
E14,15C,南海バス,,大寺北門山之口前
E14,15D,南海バス,,大寺南門山之口前
E14,15E,南海バス,,西堺警察署前
E14,15F,南海バス,,鳳北口
E14,160,南海バス,,鳳高校前
E14,161,南海バス,,大鳥神社前
E14,162,南海バス,,鳳中町
E14,163,南海バス,,西区役所前
E14,200,南海バス,,鳳西町北
E14,201,南海バス,,鳳西町南
E14,202,南海バス,父鬼線,大野(和泉市)
E14,203,南海バス,,大野口
E14,204,南海バス,,大野芝
E14,206,南海バス,,大野台四丁目
E14,207,南海バス,,大野台五丁目
E14,208,南海バス,,大野台六丁目
E14,20A,南海バス,,大浜中町
E14,20B,南海バス,,大浜南町
E14,20C,南海ウイングバス,,大原口
E14,20D,南海バス,,大美野噴水前
E14,210,南海バス,,大森
E14,211,南海バス,,大矢船北町
E14,212,南海バス,,大矢船中町
E14,213,南海バス,,大矢船西町
E14,214,南海バス,,大矢船橋
E14,215,南海バス,,大矢船南町
E14,216,南海ウイングバス,,小垣内(外環)
E14,219,南海バス,父鬼線 特33系統,小川口(和泉市)
E14,21A,南海バス,,奥天野
E14,21C,南海バス,,奥本町
E14,21E,南海ウイングバス,,尾崎駅前
E14,223,南海バス,,小山田
E14,224,南海バス,,小山田口 おやまだぐち
E14,225,南海バス,,小山田南
E14,226,南海バス,,大饗
E14,227,南海バス,,海山通
E14,228,南海バス,,海山通四丁
E14,22A,南海バス,,香ヶ丘
E14,22B,南海バス,,加賀田口
E14,22C,南海バス,,加賀田小学校前
E14,230,南海バス,,加塩
E14,231,南海バス,,春日神社前
E14,232,南海バス,,霞ヶ丘
E14,234,南海バス,,片蔵
E14,235,南海バス,,葛城中学校前
E14,237,南海バス,,金岡口
E14,238,南海バス,,金岡公園前
E14,239,南海バス,,北区役所前
E14,23A,南海バス,,金岡神社前
E14,23B,南海バス,,金岡町
E14,23E,南海ウイングバス,,金田新田
E14,23F,南海バス,,金山
E14,241,南海バス,,釜室
E14,242,南海バス,,釜室南
E14,243,南海バス,,上
E14,244,南海バス,,神石市之町
E14,245,南海バス,,神石橋
E14,24A,南海バス,,神ヶ丘口
E14,24B,南海バス,,上川橋
E14,24D,南海バス,,上北
E14,24F,南海バス,,上小深
E14,250,南海バス,,上阪本
E14,251,南海バス,,上高向
E14,252,南海バス,,上中村
E14,254,南海バス,,上之山神社前
E14,255,南海バス,,上別所
E14,257,南海バス,,亀の甲
E14,258,南海バス,,鴨谷台三丁
E14,25A,南海バス,国際貨物地区線,貨物合同庁舎前
E14,25B,南海ウイングバス,,唐国
E14,25C,南海ウイングバス,,唐国南
E14,25E,南海バス,,河合寺
E14,25F,南海バス,,川上小学校前
E14,260,南海バス,,川上神社前
E14,261,南海バス,,川尻
E14,263,南海バス,,河内天美駅前
E14,300,南海バス,,河内長野駅前
E14,301,南海バス,,河内長野警察署前
E14,302,南海バス,,河内長野市役所前
E14,303,南海バス,,河内松原駅前
E14,304,南海バス,,川中
E14,305,南海バス,,川中道
E14,306,南海バス,,瓦町公園前
E14,307,南海バス,,納花町民会館前
E14,308,南海バス,,関西空港
E14,30C,南海バス,,観心寺
E14,30D,南海バス,,観音寺町
E14,30F,南海ウイングバス,,岸和田駅前
E14,311,南海ウイングバス,,岸和田郵便局前
E14,312,南海ウイングバス,,北余部
E14,313,南海バス,,北池田
E14,314,南海バス,,北垣外
E14,318,南海バス,鶴山台団地線,北信太駅筋
E14,319,南海バス,,北庄町
E14,31A,南海バス,,北高尾
E14,31B,南海バス,,北田中
E14,31D,南海バス,,北野田駅前
E14,31F,南海バス,,北野田北口
E14,321,南海バス,,北野田東口
E14,322,南海バス,,北花田二丁
E14,324,南海バス,,北深井
E14,325,南海バス,,北福瀬
E14,326,南海バス,,北村
E14,328,南海バス,,木戸東町
E14,329,南海バス,,木戸東町2区
E14,32A,南海バス,国際貨物地区線,機内食前
E14,32B,南海バス,,貴望ヶ丘
E14,336,南海バス,,協和町
E14,337,南海バス,,清崎
E14,338,南海バス,,清見台1丁目
E14,339,南海バス,,清見台2丁目
E14,33A,南海バス,,清見台3丁目
E14,33B,南海バス,,清見台東口
E14,33D,南海バス,,近畿大学病院前
E14,33E,南海バス,,錦川
E14,33F,南海バス,泉北栂地区線,原山公園前
E14,342,南海バス,,錦綾町
E14,343,南海バス,,錦綾橋
E14,344,南海バス,,近隣センター前
E14,345,南海バス,国際貨物地区線,空港駅
E14,347,南海バス,,草部
E14,349,南海バス,,葛の口
E14,34A,南海バス,,久世小学校前 (原池公園東)
E14,34D,南海バス,金剛団地線 57/58-1/60系統,久野喜台二丁目
E14,34E,南海バス,,久野喜台小学校前
E14,350,南海ウイングバス,,熊取駅前
E14,351,南海ウイングバス,,熊取団地
E14,352,南海バス,,熊取町役場前
E14,355,南海ウイングバス,,熊取役場前
E14,356,南海ウイングバス,,久米田
E14,357,南海ウイングバス,,久米田駅前
E14,359,南海バス,,蔵前町
E14,35A,南海バス,,蔵前西
E14,35B,南海バス,岩湧線,車作
E14,35C,南海バス,,黒石道
E14,35E,南海バス,,黒土口
E14,35F,南海バス,,黒土町
E14,360,南海バス,,黒鳥
E14,361,南海ウイングバス,,黒山
E14,362,南海バス,,桑原
E14,363,南海バス,,警察学校前(堺市)
E14,400,南海バス,,毛穴大橋
E14,401,南海バス,,毛穴なかよし橋
E14,402,南海バス,,毛穴南
E14,405,南海バス,,公園北口
E14,407,南海バス,畑・鉢ヶ峯線,公園墓地北口
E14,408,南海ウイングバス,空港・りんくうタウン線,公園前(りんくうタウン)
E14,409,南海バス,金剛東団地線,公園前
E14,40A,南海バス,,大仙中町
E14,40D,南海バス,,公団西口
E14,40E,南海バス,岩湧線,神納
E14,410,南海バス,,神野
E14,411,南海バス,,光明池駅
E14,412,南海バス,,光明池車庫
E14,413,南海ウイングバス,,光明小学校前
E14,414,南海バス,,光明台一丁目
E14,415,南海バス,,光明台一丁目西
E14,416,南海バス,,光明台二丁目
E14,417,南海バス,,光明台三丁目
E14,418,南海バス,,光明台北小学校前
E14,419,南海バス,,光明台センター
E14,41A,南海バス,,公民館前
E14,41B,南海バス,,向陽台二丁目
E14,41C,南海バス,,向陽台三丁目
E14,41D,南海バス,,向陵中町
E14,41E,南海バス,,向陵東町
E14,41F,南海バス,,小金台二丁目
E14,420,南海バス,,小金台二丁目東
E14,421,南海バス,,小金台二丁目南
E14,424,南海バス,,国内貨物代理店ビル前
E14,425,南海バス,,国内貨物駐車場前
E14,426,南海バス,,国分峠
E14,42A,南海バス,,大阪南医療センター前
E14,42B,南海バス,,小阪
E14,42C,南海バス,,小阪西口
E14,42E,南海バス,,コスモス館前
E14,42F,南海バス,,小代
E14,430,南海バス,,小代常念寺前
E14,431,南海バス,,のぞみ野中央
E14,432,南海バス,,のぞみ野南
E14,433,南海バス,,小深
E14,434,南海バス,,小深口
E14,435,南海バス,,小吹台
E14,436,南海バス,,小吹台口
E14,437,南海バス,,小吹台西口
E14,438,南海ウイングバス,,小松里
E14,43B,南海バス,,御陵前
E14,43C,南海バス,,金剛駅前
E14,43D,南海バス,,金剛高校前
E14,43E,南海バス,,金剛山ロープウェイ前
E14,43F,南海バス,,金剛登山口
E14,441,南海バス,,サイクルセンター
E14,442,南海バス,,材木町
E14,443,南海バス,,堺駅前(東口)
E14,444,南海バス,,堺駅南口
E14,446,南海バス,,堺市博物館前 (仁徳天皇陵拝所前)
E14,448,南海バス,,堺市役所前
E14,449,南海バス,,堺市立霊堂前
E14,44A,南海バス,,堺西高校前
E14,44B,南海バス,,御陵前
E14,44C,南海バス,,北堺警察署前
E14,44D,南海バス,,堺東高校前
E14,44F,南海バス,,堺臨海工業団地
E14,450,南海バス,,栄橋
E14,451,南海バス,,逆瀬川口
E14,452,南海バス,,阪本
E14,453,南海バス,,鷺橋
E14,454,南海バス,,桜井神社前
E14,45F,南海バス,,狭山西小学校前
E14,460,南海バス,,狭山ニュータウンセンター
E14,463,南海バス,,山荘
E14,500,南海バス,,三宝
E14,501,南海バス,,三宝公園前
E14,507,南海バス,,塩穴通
E14,508,南海バス,,塩崎橋
E14,509,南海バス,,汐滝橋
E14,50A,南海バス,,塩浜町
E14,50E,南海バス,,七道駅前通
E14,511,南海バス,,自動車検査場前
E14,512,南海ウイングバス,尾崎線,自然田
E14,513,南海バス,,信太中学校前
E14,514,南海バス,,信太山駅前
E14,516,南海バス,,志保池公園前
E14,517,南海バス,,清水
E14,518,南海バス,,市民交流センター前
E14,519,南海バス,,市民グランド前
E14,51A,南海ウイングバス,,下池田
E14,51F,南海バス,,下草尾
E14,520,南海バス,,下里口
E14,521,南海バス,,下田
E14,522,南海バス,,下高向
E14,523,南海バス,,下茶屋
E14,524,南海バス,,しもつ池
E14,526,南海バス,,下出口(堺市)
E14,527,南海バス,,下の宮
E14,528,南海バス,,下伏屋
E14,529,南海バス,,下別所
E14,52B,南海ウイングバス,,下松駅前
E14,52C,南海バス,,下箕形
E14,52F,南海バス,国際貨物地区線,JAL輸出ビル前
E14,530,南海バス,,集会所前
E14,532,南海ウイングバス,特6系統,住宅前
E14,533,南海バス,,宿院
E14,534,南海バス,,城
E14,535,南海バス,国際貨物地区線,浄化センター前
E14,537,南海バス,,昇條坂
E14,539,南海バス,,松風台
E14,53E,南海バス,,白鷺駅前
E14,541,南海バス,,栄泰橋
E14,543,南海バス,,城前橋
E14,544,南海バス,,城山台一丁
E14,545,南海バス,,城山台一丁南
E14,546,南海バス,,城山台二丁
E14,547,南海バス,,城山台三丁
E14,548,南海バス,,城山台四丁
E14,549,南海バス,,城山台五丁
E14,54B,南海バス,,城山台口
E14,54C,南海バス,,城山台センター
E14,54D,南海バス,,新金岡二丁
E14,552,南海バス,,新家町
E14,553,南海ウイングバス,,市民病院前
E14,554,南海バス,,神社前(和泉市)
E14,555,南海バス,,神社前(河内長野市)
E14,55B,南海バス,,新檜尾台一丁
E14,55C,南海バス,,新檜尾台三丁
E14,55E,南海バス,,新檜尾台センター
E14,560,南海バス,,新堀町
E14,561,南海バス,,新町橋
E14,562,南海バス,,神明町
E14,563,南海バス,,水荘園
E14,603,南海ウイングバス,,菅生口
E14,604,南海バス,,鈴の宮団地北口
E14,605,南海バス,,鈴の宮団地センター
E14,606,南海バス,,鈴の宮団地西口
E14,607,南海バス,,鈴の宮団地東口
E14,608,南海ウイングバス,,砂川駅前
E14,60A,南海バス,,諏訪ノ森駅前
E14,60F,南海バス,,関茶屋
E14,611,南海バス,,善正
E14,616,南海バス,,泉北高校前
E14,618,南海バス,,荘園センター
E14,619,南海バス,,荘園町
E14,61A,南海バス,,荘園橋
E14,621,南海バス,,側川
E14,622,南海バス,,東保育所前
E14,623,南海バス,,第一公園前
E14,624,南海バス,国際貨物地区線,第1輸出ビル前
E14,626,南海バス,,大師町
E14,627,南海バス,,大仙公園西
E14,629,南海バス,,大仙西町団地前
E14,62A,南海バス,,太町
E14,62C,南海バス,,第二住宅前
E14,62D,南海バス,国際貨物地区線,第2代理店ビル前
E14,62F,南海バス,,高倉台2丁
E14,630,南海バス,,高倉台3丁
E14,631,南海バス,,高倉台4丁
E14,633,南海バス,,高倉台センター
E14,635,南海バス,,高砂町
E14,637,南海バス,,高橋
E14,638,南海バス,,高辺台二丁目
E14,639,南海バス,,高辺台三丁目
E14,63A,南海バス,,高辺台小学校前
E14,63C,南海バス,,高見の里駅前
E14,63D,南海バス,,高山
E14,63E,南海バス,,滝尻口
E14,63F,南海バス,,滝畑ダム
E14,640,南海バス,,滝畑ダムサイト
E14,641,南海バス,,滝畑ふるさと文化財の森センター前
E14,643,南海バス,,竹城台2丁
E14,644,南海バス,,竹城台3丁
E14,645,南海バス,,竹城台4丁
E14,647,南海バス,,竹城台口
E14,648,南海バス,,竹城台センター
E14,649,南海バス,,高向
E14,64C,南海バス,,田園
E14,64D,南海バス,,田園北口
E14,64E,南海バス,,田園東
E14,64F,南海バス,,田園南
E14,650,南海バス,,田出井町
E14,65C,南海バス,,地下鉄北花田駅前
E14,65D,南海バス,,地下鉄新金岡駅前
E14,65E,南海バス,,父鬼
E14,65F,南海バス,,父鬼口
E14,660,南海バス,,父鬼新町
E14,661,南海バス,,築港新町一丁
E14,662,南海バス,,築港新町一丁北
E14,663,南海バス,,築港新町二丁
E14,700,南海バス,,築港新町二丁西
E14,701,南海バス,,築港新町三丁
E14,702,南海バス,,築港新町中一丁
E14,703,南海バス,,千早大橋
E14,704,南海バス,,茶山台
E14,705,南海バス,,茶山台2丁
E14,706,南海バス,,茶山台3丁
E14,708,南海バス,,茶山台センター
E14,709,南海バス,,茶山台南口
E14,70A,南海ウイングバス,,中央公園前
E14,70B,南海バス,,中央センター前
E14,70C,南海バス,,長承寺
E14,70E,南海バス,,千代田駅前
E14,70F,南海バス,,千代田小学校前
E14,710,南海バス,,千代田台
E14,711,南海バス,,千代田南町
E14,714,南海バス,,津久野駅前
E14,716,南海バス,,津久野町
E14,718,南海バス,,辻之
E14,71B,南海バス,,津々山台一丁目
E14,71C,南海バス,,津々山台一丁目北
E14,71D,南海バス,,津々山台一丁目南
E14,71E,南海バス,,津々山台二丁目
E14,71F,南海バス,,津々山台二丁目北
E14,720,南海バス,,津々山台二丁目東
E14,723,南海バス,,鶴山台二丁目
E14,724,南海バス,,鶴山台四丁目
E14,725,南海バス,,鶴山台センター
E14,726,南海バス,,鶴山台南小学校前
E14,727,南海バス,,出口
E14,728,南海バス,,出島
E14,729,南海バス,,帝塚山泉ヶ丘CP
E14,72A,南海バス,,帝塚山学院泉ヶ丘校前
E14,72B,南海バス,,帝塚山狭山キャンパス
E14,72C,南海バス,,今熊
E14,72E,南海バス,,出屋敷
E14,72F,南海バス,,寺池台一丁目
E14,730,南海バス,,寺池台三丁目
E14,731,南海バス,,寺池台四丁目
E14,732,南海バス,,寺池台小学校前
E14,733,南海バス,,寺門
E14,734,南海バス,,寺門町一丁目
E14,735,南海バス,,寺地町
E14,737,南海バス,,寺田
E14,738,南海バス,,寺田住宅
E14,73B,南海ウイングバス,葛城線,天神山町2丁目
E14,73C,南海ウイングバス,葛城線,天神山町3丁目
E14,741,南海バス,,土塔
E14,742,南海バス,,土塔北口
E14,743,南海バス,,東部
E14,745,南海バス,,栂
E14,746,南海バス,,栂・美木多駅
E14,748,南海バス,,徳島駅前
E14,74B,南海バス,,富木
E14,74C,南海バス,,殿原
E14,751,南海バス,,登美丘中学校前
E14,754,南海バス,,豊田南
E14,756,南海バス,,鳥池
E14,759,南海バス,,富田林病院前
E14,75A,南海ウイングバス,,蜻蛉池公園前
E14,75E,南海バス,,中大美野
E14,760,南海バス,,長尾町
E14,762,南海バス,,中向陽町
E14,804,南海バス,,長曽根住宅前
E14,80A,南海バス,,中高向
E14,80B,南海バス,,中茶屋
E14,80D,南海バス,,長野車庫
E14,80F,南海バス,,中の町
E14,810,南海バス,,中日野
E14,812,南海ウイングバス,尾崎線,中村
E14,815,南海ウイングバス,,中もず駅前
E14,817,南海バス,,中もず駅前通
E14,818,南海ウイングバス,,中もず団地前
E14,819,南海バス,,中もず町
E14,81A,南海バス,,中山
E14,81B,南海バス,,永山園
E14,81E,南海バス,,中老人福祉センター
E14,820,南海バス,,七ツ辻
E14,821,南海ウイングバス,,浪商学園前
E14,822,南海バス,,南面利
E14,827,南海バス,,南海西友前
E14,829,南海バス,,南花台一丁目北
E14,82A,南海バス,,南花台一丁目南
E14,82B,南海バス,,南花台三丁目北
E14,82C,南海バス,,南花台三丁目南
E14,82D,南海バス,,南花台四丁目
E14,82F,南海バス,,なんてん
E14,830,南海バス,,なんば
E14,831,南海バス,,なんば高速バスターミナル
E14,833,南海バス,,南陵通一丁
E14,834,南海バス,,南陵通四丁
E14,835,南海バス,,賑町
E14,838,南海バス,,西我堂
E14,839,南海バス,,錦町
E14,83A,南海バス,,西口園
E14,83B,南海バス,,西小学校前
E14,83C,南海バス,,西代町南
E14,83D,南海バス,,西谷口
E14,842,南海バス,,西端
E14,845,南海バス,,西山
E14,846,南海バス,,西山台北
E14,847,南海バス,,西山台南
E14,849,南海バス,,日東町東口
E14,84A,南海バス,,日本工機前
E14,84B,南海バス,,庭代台1丁
E14,84C,南海バス,,庭代台1丁南
E14,84D,南海バス,,庭代台2丁
E14,84E,南海バス,,庭代台3丁
E14,84F,南海バス,,庭代台4丁
E14,851,南海バス,,庭代台小学校前
E14,852,南海バス,,庭代台センター
E14,853,南海バス,,庭代台中学校前
E14,854,南海バス,,庭代台西口
E14,855,南海バス,,庭代台東口
E14,856,南海バス,,御池台4丁南
E14,857,南海バス,,布忍駅筋
E14,85B,南海バス,,小山田集会所前
E14,85C,南海バス,,納花
E14,85D,南海ウイングバス,,農芸高校前
E14,85E,南海バス,,野作
E14,85F,南海バス,,野田尾
E14,861,南海バス,,野遠
E14,863,南海バス,,野々井
E14,902,南海バス,,灰掛
E14,904,南海バス,,配水池前
E14,906,南海ウイングバス,,箱作駅前
E14,907,南海バス,,土師
E14,908,南海バス,,土師北口
E14,90A,南海バス,,土師南
E14,90B,南海バス,,畑
E14,90C,南海バス,,畑口
E14,90D,南海バス,,畑下
E14,90E,南海バス,,畑集会所前
E14,911,南海バス,,畑山
E14,912,南海バス,,鉢ヶ峯
E14,913,南海バス,,鉢ヶ峯東
E14,914,南海バス,,鉢塚
E14,915,南海バス,,八幡池
E14,916,南海バス,,はつが野口
E14,917,南海ウイングバス,,初芝駅前
E14,918,南海バス,,八田
E14,919,南海バス,,八田北
E14,91A,南海バス,,八田荘
E14,91B,南海バス,,八田荘団地
E14,91C,南海バス,,八田荘西小学校前
E14,91E,南海バス,,鳩の原
E14,91F,南海バス,,花田口
E14,924,南海バス,,浜寺石津町東
E14,925,南海バス,,浜寺公園駅前通
E14,926,南海バス,,浜寺昭和町南
E14,927,南海バス,,浜寺中学校前
E14,92B,南海バス,,浜寺元町
E14,92C,南海ウイングバス,,原寺
E14,92D,南海バス,,原山台3丁
E14,92E,南海バス,,原山台4丁
E14,930,南海バス,,原山台口
E14,931,南海バス,,原山台五丁西
E14,932,南海バス,,原山台センター
E14,933,南海バス,,原山台中学校前
E14,934,南海バス,,春木
E14,935,南海バス,,春木川
E14,936,南海バス,,春木北口
E14,937,南海バス,,春木下山
E14,938,南海バス,,晴美台1丁
E14,939,南海バス,,晴美台2丁
E14,93A,南海バス,,はるみ小学校前
E14,93B,南海バス,,晴美台センター
E14,93E,南海バス,,八田寺公園前
E14,93F,南海バス,,八田北町
E14,940,南海バス,,八田西団地
E14,941,南海バス,,八田西町
E14,942,南海バス,,阪和堺市駅筋
E14,943,南海バス,,阪和堺市駅前 (JR堺市駅前)
E14,944,南海バス,,東浅香山町
E14,947,南海バス,,東片蔵
E14,948,南海ウイングバス,葛城線,東岸和田駅前
E14,94C,南海バス,,東中学校前(河内長野市)
E14,94D,南海バス,,東中学校前(堺市)
E14,950,南海バス,,東南面利
E14,952,南海バス,,東湊三丁
E14,953,南海バス,,東湊五丁
E14,955,南海バス,,東湊電停前
E14,956,南海バス,,東峯
E14,957,南海バス,,東峯口
E14,958,南海バス,,東室堂
E14,959,南海バス,,東山
E14,95A,南海バス,,東山車庫前
E14,95C,南海ウイングバス,,日置荘小学校前
E14,95E,南海ウイングバス,,引野
E14,960,南海バス,,久井
E14,961,南海バス,,久井下
E14,962,南海バス,,菱木
E14,963,南海バス,,菱木下
E14,A00,南海バス,,菱木南
E14,A01,南海バス,,美術館前
E14,A03,南海ウイングバス,,日根野駅前
E14,A04,南海バス,,日野
E14,A05,南海バス,,桧尾
E14,A06,南海バス,,檜尾山
E14,A07,南海バス,,檜尾山北
E14,A08,南海バス,,日野口
E14,A0A,南海バス,,平井
E14,A0B,南海バス,,平井大橋
E14,A0C,南海ウイングバス,,平尾
E14,A0D,南海バス,,平岡町
E14,A0E,南海バス,,平岡西口
E14,A13,南海バス,,広野
E14,A16,南海バス,,深井駅
E14,A19,南海バス,,深井新町
E14,A1A,南海バス,,深井西口
E14,A1B,南海バス,,深井東町
E14,A1C,南海バス,,深井水池町
E14,A1D,南海バス,,深阪
E14,A1F,南海バス,,福泉高校前
E14,A20,南海バス,,福泉公民館前
E14,A21,南海バス,,福泉小学校前
E14,A22,南海バス,,福泉中央小学校前
E14,A23,南海バス,,福泉中学校前
E14,A24,南海バス,,福泉南中学校前
E14,A25,南海バス,,福祉会館前
E14,A26,南海バス,,福祉センターあかみね
E14,A27,南海バス,,福瀬戎
E14,A28,南海バス,,福瀬新田
E14,A29,南海ウイングバス,,福田
E14,A2A,南海バス,,福田中
E14,A2B,南海バス,,福町
E14,A2E,南海バス,,藤沢台一丁目
E14,A2F,南海バス,,藤沢台二丁目
E14,A30,南海バス,,藤沢台五丁目
E14,A31,南海バス,,藤沢台六丁目
E14,A32,南海バス,,のぞみ野西
E14,A33,南海バス,,伏尾
E14,A35,南海バス,,伏屋
E14,A36,南海バス,,伏屋東
E14,A37,南海バス,,府大研究所前
E14,A38,南海バス,,もず梅町三丁 (ニサンザイ古墳北)
E14,A39,南海バス,,船尾町東
E14,A3A,南海ウイングバス,葛城線,船渡
E14,A3B,南海ウイングバス,,船戸下
E14,A3C,南海バス,,大阪技術研前
E14,A3D,南海バス,,府立大学前
E14,A3E,南海バス,,古畑
E14,A3F,南海バス,,古保
E14,A40,南海バス,,変電所前
E14,A41,南海バス,ポートターミナル線,ポートターミナル
E14,A42,南海バス,,北条
E14,A43,南海バス,,方違神社前 (反正天皇陵北)
E14,A45,南海バス,,細池橋
E14,A46,南海バス,,菩提
E14,A48,南海バス,,堀上
E14,A49,南海バス,,堀上緑町一丁
E14,A4A,南海バス,,堀上緑町二丁
E14,A4F,南海バス,,槙尾山口
E14,A50,南海バス,,槙尾中学校前
E14,A51,南海バス,,槇塚台1丁
E14,A52,南海バス,,槇塚台2丁
E14,A53,南海バス,,槇塚台2丁北
E14,A54,南海バス,,槇塚台2丁南
E14,A55,南海バス,,槇塚台3丁
E14,A56,南海バス,,槇塚台4丁
E14,A57,南海バス,,槇塚台センター
E14,A5A,南海バス,,鱒釣場
E14,A5B,南海バス,,桝矢
E14,A5C,南海バス,,松尾寺
E14,A5D,南海バス,,松尾中
E14,A5E,南海バス,,松尾南口
E14,A61,南海バス,,松屋
E14,A62,南海バス,,松屋大和川通
E14,A63,南海バス,,松屋大和川通三丁
E14,B00,南海ウイングバス,,摩湯
E14,B01,南海バス,,万崎
E14,B03,南海バス,,万崎東
E14,B04,南海バス,,万町弘法寺前
E14,B05,南海バス,,御池台1丁
E14,B06,南海バス,,御池台2丁
E14,B07,南海バス,,御池台3丁
E14,B08,南海バス,,御池台4丁
E14,B09,南海バス,,御池台5丁
E14,B0B,南海バス,,御池台センター
E14,B0C,南海ウイングバス,,箕形
E14,B0D,南海バス,,美加の台
E14,B0E,南海バス,,美加の台駅前
E14,B0F,南海バス,,美加の台北
E14,B10,南海バス,,美加の台口
E14,B11,南海バス,,美加の台小学校前
E14,B12,南海バス,,美加の台中
E14,B13,南海バス,,美加の台西
E14,B14,南海バス,,美加の台東
E14,B15,南海バス,,美加の台南
E14,B16,南海バス,,美木多
E14,B17,南海バス,,美木多中学校前
E14,B18,南海バス,,三木閉北口
E14,B19,南海バス,,三国ヶ丘駅前
E14,B1B,南海バス,,みずき台一丁目
E14,B1C,南海バス,,みずき台二丁目西
E14,B1D,南海バス,,みずき台二丁目東
E14,B20,南海バス,,水落
E14,B22,南海バス,,三日市町駅筋
E14,B23,南海バス,,三日市町駅東
E14,B24,南海バス,,三日市町駅前
E14,B26,南海バス,,緑ヶ丘
E14,B27,南海バス,,緑ヶ丘北町
E14,B28,南海バス,,緑ヶ丘団地
E14,B29,南海バス,,緑ヶ丘中町
E14,B2A,南海バス,,緑ヶ丘南町
E14,B2D,南海バス,,南青葉台
E14,B2E,南海バス,,南青葉台口
E14,B2F,南海バス,,南青葉台中央
E14,B30,南海バス,,南余部
E14,B31,南海バス,,南池田小学校前
E14,B32,南海バス,,南ヶ丘
E14,B33,南海バス,,南片蔵
E14,B34,南海バス,,南貴望ヶ丘
E14,B37,南海バス,,南島町
E14,B38,南海バス,,南清水
E14,B39,南海ウイングバス,,南小学校前
E14,B3A,南海バス,,南新町一丁目
E14,B3C,南海バス,,南第二小学校前
E14,B3D,南海バス,,南第一小学校前
E14,B3F,南海バス,,南中学校前
E14,B41,南海バス,,南野々井
E14,B42,南海バス,,南花田町
E14,B43,南海バス,,南花田町東
E14,B45,南海バス,,南山田
E14,B47,南海バス,,南横山小学校前
E14,B49,南海バス,,峰垣内
E14,B4A,南海バス,,見野山
E14,B4B,南海ウイングバス,,美原高校前
E14,B4C,南海バス,,三原台1丁
E14,B4D,南海バス,,三原台2丁
E14,B4E,南海バス,,三原台4丁
E14,B50,南海バス,,三原台小学校前
E14,B51,南海バス,,三原台センター
E14,B52,南海バス,,三原台中学校前
E14,B55,南海バス,,宮山台2丁
E14,B56,南海バス,,宮山台3丁
E14,B57,南海バス,,宮山台4丁
E14,B58,南海バス,,宮山台小学校前
E14,B59,南海バス,,宮山台中学校前
E14,B5A,南海バス,,妙見下
E14,B5B,南海バス,,明正
E14,B5C,南海バス,,むくの本
E14,B5D,南海バス,,向ヶ丘
E14,B5E,南海バス,,堺市立総合医療センター北
E14,B5F,南海バス,,向ヶ丘第二団地前
E14,B60,南海ウイングバス,,六尾
E14,B61,南海バス,,室堂
E14,B63,南海バス,,女鹿坂
E14,C00,南海バス,,メンテナンスセンター前
E14,C03,南海バス,,もず駅前
E14,C05,南海バス,,もず西之町 (ニサンザイ古墳西)
E14,C07,南海バス,,もず八幡前
E14,C09,南海バス,,もず陵南町
E14,C0A,南海バス,,もず陵南町西
E14,C0D,南海ウイングバス,,桃の木台3丁目
E14,C0E,南海バス,,桃の木台四丁目
E14,C11,南海ウイングバス,,桃の木台小学校前
E14,C12,南海バス,,桃山台1丁
E14,C13,南海バス,,桃山台三丁
E14,C14,南海バス,,桃山台三丁南
E14,C15,南海バス,,桃山台口
E14,C18,南海バス,,文珠前
E14,C19,南海バス,,門前
E14,C1A,南海バス,,八下中学校前
E14,C1B,南海バス,,安井町
E14,C1F,南海バス,,柳田
E14,C20,南海バス,,八幡町
E14,C22,南海バス,,山田
E14,C24,南海バス,,山田北
E14,C26,南海バス,,山田南口
E14,C27,南海バス,,山ノ口橋
E14,C2D,南海バス,,やまぶき
E14,C2E,南海バス,,山戸
E14,C2F,南海バス,,弥生自治会館前
E14,C30,南海バス,,弥生町一丁目
E14,C31,南海バス,,東大谷高校前
E14,C32,南海バス,,三原台北
E14,C33,南海バス,,夕月橋
E14,C34,南海バス,,郵便局前(堺市)
E14,C35,南海バス,,郵便局前(河内長野市)
E14,C36,南海バス,,熊野小学校前
E14,C37,南海バス,,国分峠東 (和泉市総合スポーツセンター前)
E14,C38,南海バス,,ラブリーホール前
E14,C39,南海バス,,旅客ターミナル
E14,C3C,南海バス,,石津西町
E14,C3F,南海ウイングバス,,りんくうプレミアム・アウトレット前 (りんくう大通り)
E14,C41,南海ウイングバス,,りんくうタウン駅前
E14,C44,南海バス,,臨港七区
E14,C45,南海バス,,臨港六区
E14,C46,南海バス,,労災病院前
E14,C47,南海バス,,若樫
E14,C48,南海バス,,若樫口
E14,C49,南海バス,,若竹大橋
E14,C4B,南海バス,,若松台1丁
E14,C4C,南海バス,,若松台3丁
E14,C4E,南海バス,,若松台センター
E14,C4F,南海バス,,若松台中学校前
E14,C52,南海バス,,和気
E14,C53,南海バス,,和気小学校前
E14,C54,南海ウイングバス,イオンりんくう線,ワシントンホテル
E14,C56,南海バス,,和田南
E14,C58,南海バス,,桃山学院教育大学前
E14,C5C,南海ウイングバス,53/54/55系統,小垣内(旧道)
E14,C5D,南海バス,テクノステージ線,あゆみ野二丁目中
E14,D00,南海バス,,ハーベストの丘
E14,D1B,南海バス,,浅香山郵便局前
E14,D52,南海バス,,東区役所前
E14,D61,南海バス,,御池台2丁東
E14,E12,南海バス,,ユニバーサル・スタジオ・ジャパン
E14,E18,南海バス,,樫本病院前
E14,E19,南海バス,,岩室二丁目
E14,E1B,南海バス,,狭山駅
E14,E1C,南海バス,,狭山神社前
E14,E27,南海バス,,菅生神社前
E14,E50,南海バス,,東茱萸木四丁目
E14,E5A,南海バス,,はつが野二丁目
E14,E5B,南海バス,,南楽園
E14,E5C,南海バス,,テクノステージ口
E14,E5D,南海バス,,テクノステージ北
E14,E5E,南海バス,,和泉商工会議所前
E14,E5F,南海バス,,テクノステージ三丁目北
E14,E60,南海バス,テクノステージ線,コスモ中央公園前
E14,E61,南海バス,,テクノステージ三丁目中
E14,E62,南海バス,,テクノステージ三丁目東
E14,E63,南海バス,,テクノステージ三丁目南
E14,F00,南海バス,,テクノステージ南
E14,F01,南海バス,,テクノステージ中
E14,F02,南海バス,,エアロプラザ
E14,F03,南海バス,,見学展望ホール
E14,F04,南海バス,,浦田
E14,F08,南海バス,,光明台一丁目西
E14,F0B,南海バス,,和泉府中駅筋
E14,F0D,南海バス,,光明台北小学校前
E14,F12,南海バス,,勝江川
E14,F13,南海バス,,サン燦プール前
E14,F14,南海バス,,和泉シティプラザ前
E14,F15,南海バス,,阿弥陀寺前
E14,F18,南海バス,,光明池球技場前
E14,F19,南海バス,,国府小学校前
E14,F1A,南海バス,,黒石町
E14,F1C,南海バス,,三林町
E14,F1D,南海バス,,三林町春日神社前
E14,F1E,南海バス,,市民球場前
E14,F22,南海バス,,小田町
E14,F23,南海バス,,小田町東
E14,F24,南海バス,,小田町北
E14,F27,南海バス,,上代町自治会館前
E14,F28,南海バス,,人権文化センター前
E14,F29,南海バス,,聖神社鳥居前
E14,F2A,南海バス,,青少年センター前
E14,F2B,南海バス,,総合福祉会館前
E14,F2D,南海バス,,鶴山台一丁目
E14,F30,南海バス,,伯太町四丁目
E14,F31,南海バス,,八坂神社前
E14,F33,南海バス,,平井町西
E14,F34,南海バス,,放光池1号公園西
E14,F35,南海バス,,北信太駅東
E14,F37,南海バス,,万町東
E14,F38,南海バス,,柳田橋南
E14,F39,南海バス,,和気町一丁目
E14,F3A,南海バス,,和泉診療所南
E14,F3B,南海バス,,鶴山台北老人集会所前
E14,F3E,南海バス,,堺東駅北口
E14,F3F,南海バス,,寺ヶ池
E14,F40,南海バス,,光明台1丁目
E14,F41,南海バス,,光明台1丁目西
E14,F42,南海バス,,光明台2丁目
E14,F43,南海バス,,光明台北小学校前
E14,F44,南海バス,,光明台センター
E14,F47,南海バス,,本多町
E14,F48,南海バス,,石坂
E14,F4A,南海バス,,西大饗
E14,F53,南海バス,,グリーンポリス前
E14,F55,南海バス,,金剛駅南
E14,1000,南海バス,,高向公民館前
E14,1001,南海バス,,清掃工場前
E14,1002,南海バス,,浦田町南
E14,1003,南海バス,,鍛冶屋町
E14,1004,南海バス,,和泉警察署前
E14,1005,南海バス,,伯太高校南
E14,1006,南海バス,,黒鳥小学校東
E14,1007,南海バス,,信太山駐屯地前
E14,1008,南海バス,,和泉伯太郵便局北
E14,1009,南海バス,,和泉今福住宅
E14,100A,南海バス,,堺駅西口
E14,100B,南海バス,,梅田
E14,1011,南海バス,,日野コミュニティーセンター
E14,1012,南海バス,,関空展望ホール
E14,1013,南海バス,,イオンモール堺北花田
E14,1014,南海バス,,阪和堺市駅前 (JR堺市駅前)
E14,1015,南海バス,,美原区役所前
E14,1016,南海バス,,今井南
E14,1017,南海バス,,小寺
E14,1018,南海バス,,太井(堺市)
E14,1022,南海ウイングバス,,徳洲会病院
E14,1023,南海バス,,のぞみ野東
E14,1024,南海バス,,はつが野三丁目
E14,1025,南海バス,,滝尻
E14,1026,南海バス,,桃山学院大学
E14,1027,南海バス,,日置荘北町2丁
E14,1028,南海バス,,東初芝公園前
E14,1029,南海バス,,初芝東
E14,102A,南海バス,,小田町南
E14,102B,南海バス,,伏屋町中
E14,102C,南海バス,,運転免許試験場前
E14,102D,南海バス,,光明池駅筋
E14,1033,南海バス,,黒鳥山公園
E14,1034,南海バス,,芦部
E14,1035,南海バス,,阪本町中
E14,1036,南海バス,,東阪本町
E14,1037,南海バス,,伏屋町南
E14,1038,南海バス,,大野(大阪狭山市)
E14,1039,南海バス,,下黒山西
E14,103A,南海バス,,弥生文化博物館前
E14,103B,南海バス,,北部コミュニティーセンター
E14,103C,南海バス,,和泉リサイクル公園
E14,103D,南海バス,,堺浜シーサイドステージ
E14,103E,南海バス,,登美丘東小学校前
E14,103F,南海バス,,高松
E14,1040,南海バス,,高松北
E14,1041,南海バス,,北余部北
E14,1042,南海バス,,太井南
E14,1043,南海バス,,黒姫山古墳前
E14,1044,南海バス,,多治井北
E14,1045,南海バス,,西多治井
E14,1046,南海バス,,丹上
E14,1047,南海バス,,真福寺公園前
E14,1048,南海バス,,大保
E14,1049,南海バス,,別所南
E14,104C,南海バス,,三日市町駅前通
E14,104F,南海バス,,八田西町三丁(路線)
E14,1052,南海バス,,堺女子短期大学前
E14,1055,南海バス,,堺浜北
E14,1056,南海バス,,林間田園都市駅前
E14,1057,南海バス,,匠町
E14,1058,南海バス,,堺浜南
E14,1059,南海バス,,住之江公園駅前
E14,1062,南海バス,,自然ふれあいの森前
E14,1063,南海バス,,大阪初芝学園
E14,1100,南海バス,,高速鳴門
E14,1105,南海バス,,高松駅
E14,1106,南海バス,関空リムジンバス 関西空港〜泉北・河内長野線,河内長野駅前
E14,110F,南海バス,,東浦
E14,1110,南海バス,,津名一宮
E14,1111,南海バス,,洲本
E14,1112,南海バス,,志知
E14,1119,南海バス,,阪急三番街
E14,111A,南海バス,,ハービス大阪
E14,111B,南海バス,,高速舞子
E14,111C,南海バス,,鳴門公園口
E14,111D,南海バス,,工業団地前
E14,111F,南海バス,,ゆめタウン高松
E14,1120,南海バス,,松茂
E14,1122,南海バス,,ポートタウン東
E14,113E,南海バス,,りんくうプレミアム
E14,113F,南海バス,,関西空港12番
E14,1140,南海バス,,関西空港1番
E14,1141,南海バス,,旅客ターミナルビル4階
E14,1142,南海バス,,姫路駅
E14,1147,南海バス,,高松中央インターバスターミナル
E14,114B,南海バス,,山陽インター
E14,114C,南海バス,,岡山インター
E14,114D,南海バス,,岡山駅前
E14,114E,南海バス,,旅客ターミナルビル1階
E14,1151,南海バス,,和泉市南部リージョンセンター
E14,1152,南海バス,,高速大内
E14,1153,南海バス,,高速津田
E14,1154,南海バス,,高速志度
E14,1161,南海バス,,加茂名
E14,1162,南海バス,,石井
E14,11AE,南海バス,,霞ヶ丘
E14,1208,南海バス,,荘園橋東
E14,1210,南海バス,,ATC
E14,1211,南海バス,,コスモタワー
E14,1212,南海バス,,インテックス大阪東
E14,1213,南海バス,,広国神社前
E14,1217,南海バス,,慶賀野
E14,1218,南海バス,,南港フェリーターミナル
E14,1219,南海バス,,敷物団地
E14,121A,南海バス,,原山台5丁
E14,121B,南海バス,,原山台5丁北
E14,121C,南海バス,,臨時駐車場
E14,121D,南海バス,,臨時海遊館
E14,121E,南海バス,,加古川駅
E14,1221,南海バス,,大阪南医療センター玄関口
E14,1222,南海バス,,王子町三丁目
E14,1223,南海バス,,市営永尾団地
E14,1224,南海バス,,市営丸笠団地
E14,1225,南海バス,,伯太町三丁目
E14,1226,南海バス,,伯太高校北
E14,1227,南海バス,,府営和泉伯太住宅
E14,1228,南海バス,,池田下町東
E14,1229,南海バス,,光明台中学校前
E14,122A,南海バス,,光明台3号緑地前
E14,122B,南海バス,,光明台4号公園
E14,122C,南海バス,,光明台5号公園
E14,122D,南海バス,,光明台橋
E14,122E,南海バス,,光明台南小学校前
E14,122F,南海バス,,小阪西町
E14,1230,南海バス,,浜寺元町北
E14,1231,南海バス,,御池台南
E14,1232,南海バス,泉北泉ヶ丘地区線,スマ・エコ タウン 晴美台
E14,1233,南海バス,国際貨物地区線,国際貨物上屋G棟前 (フェデックス前)
E14,1234,南海バス,,海遊館(天保山)
E14,1235,南海バス,,ららぽーと和泉前
E14,123A,南海バス,,奥河内くろまろの郷
E14,123B,南海バス,,クボタ精機
E14,123C,南海バス,,堺市立総合医療センター前
E14,123E,南海バス,,金剛駅前
E14,123F,南海バス,,初芝中
E14,1240,南海バス,,近畿中央呼吸器センター前
E14,1242,南海バス,,イオンモール堺鉄砲町
E14,1243,南海バス,,下田南
E14,1244,南海バス,,南松尾はつが野学園前
E14,1245,南海バス,,はつが野六丁目
E14,1246,南海バス,,シャープ事務棟
E14,1247,南海バス,,正門前
E14,1248,南海バス,,北青葉台
E14,1249,南海バス,,和泉市立総合医療センター前
E14,124A,南海バス,,和泉市立総合医療センター玄関口
E14,12C1,南海バス,,堺駅前
E14,1300,南海バス,,池上
E14,1301,南海バス,,和泉第一団地前
E14,1302,南海バス,,王子第一団地前
E14,1304,南海バス,,Jグリーン堺南口
E14,1305,南海バス,,堺浜
E14,1306,南海バス,,Jグリーン堺クラブハウス前
E14,1307,南海ウイングバス,,道の駅愛彩ランド
E14,1309,南海バス,,PL病院
E14,1315,南海バス,,富田林駅前
E14,1316,南海バス,関空リムジンバス,旅客ターミナル
E14,1317,南海バス,関空リムジンバス,関西空港(第2)
E14,131D,南海バス,,第2ターミナル国内線
E14,131E,南海バス,,第2ターミナル国際線
E14,1325,南海バス,,津久野中学校前
E14,1326,南海バス,,中深井北
E14,1327,南海バス,,中深井南
E14,1328,南海バス,,中深井西
E14,1329,南海バス,国際貨物地区線,二期島国際貨物駐車場前
E14,132A,南海バス,,ホテルユニバーサルポートヴィータ
E14,132D,南海バス,,鳳駅前
E14,132E,南海バス,,南花田町東町会館前
E14,134A,南海バス,,堺筋
E14,134B,南海バス,,川向
E14,134C,南海バス,,山中田
E14,134D,南海バス,,大伴
E14,134E,南海バス,,出屋敷
E14,134F,南海バス,,五軒家
E14,1350,南海バス,,寛弘寺
E14,1351,南海バス,,神山
E14,1352,南海バス,,森屋西口
E14,1353,南海バス,,森屋
E14,1354,南海バス,,千早赤阪村役場
E14,1355,南海バス,,千早赤阪村立中学校前
E14,197A,南海バス,,黒土町
E14,1E06,南海りんかんバス,,あやの台中央
E14,1E07,南海りんかんバス,,あやの台南口
E14,1E08,南海りんかんバス,,あやの台一丁目東
E14,1E14,南海りんかんバス,,奥の院前
E14,1E1D,南海りんかんバス,,苅萱堂前
E14,1E1F,南海りんかんバス,,紀見ケ丘
E14,1E20,南海りんかんバス,,紀見ケ丘中
E14,1E2F,南海りんかんバス,,高野山駅前
E14,1E3A,南海りんかんバス,,金剛峯寺前
E14,1E3B,南海バス,,金堂前
E14,1E44,南海りんかんバス,,城野
E14,1F14,南海りんかんバス,,三石台
E14,1F21,南海りんかんバス,,林間田園都市駅前
E14,2425,南海りんかんバス,,ニトリ前
E14,3225,南海バス,,青葉台会館前
E14,3408,南海バス,,大野台六丁目
E14,3609,南海バス,,公園前
E14,3A08,南海バス,,荘園橋東
E14,3A35,南海バス,,ららぽーと和泉前
E14,4601,南海バス,,堺東駅前
E14,4602,南海バス,,堺東駅前
E14,4603,南海バス,,堺駅前(東口)
E14,4604,南海バス,,中もず駅前
E14,4605,南海バス,,深井駅
E14,4606,南海バス,,余部西口
E14,4607,南海バス,,原寺
E14,4608,南海バス,,泉ヶ丘駅(南側)
E14,4609,南海バス,,栂・美木多駅
E14,460A,南海バス,,金剛駅前(西側)
E14,460B,南海バス,,光明池駅
E14,460E,南海バス,,美加の台駅前
E14,460F,南海バス,,新町橋
E14,4610,南海バス,,加賀田口
E14,4611,南海バス,,三日市町駅前
E14,4612,南海バス,,三日市町駅筋
E14,4613,南海バス,,上田
E14,4614,南海バス,,郵便局前(河内長野市)
E14,4615,南海バス,,七ツ辻
E14,4616,南海バス,,ラブリーホール前
E14,4617,南海バス,,河内長野警察署前
E14,4618,南海バス,,市民交流センター前 (図書館前)
E14,4619,南海バス,,河内長野市役所前
E14,461A,南海バス,,本多町
E14,461B,南海バス,,石坂
E14,461C,南海バス,,千代田駅前
E14,461D,南海バス,,千代田南町
E14,461E,南海バス,,千代田小学校前
E14,461F,南海バス,,大阪南医療センター前
E14,4620,南海バス,,大阪南医療センター玄関口
E14,4621,南海バス,,千代田駅前
E14,4622,南海バス,,美加の台駅前
E14,4623,南海バス,,三日市町駅前
E14,4624,南海バス,,芦部
E14,4625,南海バス,,和泉市役所前
E14,4626,南海バス,,府中町南
E14,4627,南海バス,,和泉中央駅
E14,4628,南海バス,,和泉府中駅筋
E14,4629,南海バス,,和泉府中駅前
E14,462A,南海バス,,春日神社前
E14,462B,南海バス,,納花町民会館前
E14,462C,南海バス,,北信太駅筋
E14,462D,南海バス,,黒鳥
E14,462E,南海バス,,光明池車庫
E14,462F,南海バス,,公民館前
E14,4630,南海バス,,山荘
E14,4631,南海バス,,信太中学校前
E14,4632,南海バス,,信太山駅前
E14,4633,南海バス,,志保池公園前
E14,4634,南海バス,,側川
E14,4635,南海バス,,太町
E14,4636,南海バス,,第二住宅前
E14,4637,南海バス,,父鬼
E14,4638,南海バス,,鶴山台センター
E14,4639,南海バス,,春木川
E14,463A,南海バス,,美術館前
E14,463B,南海バス,,伏屋
E14,463C,南海バス,,槙尾中学校前
E14,463D,南海バス,,松尾寺
E14,463E,南海バス,,万町弘法寺前
E14,463F,南海バス,,緑ヶ丘団地
E14,4640,南海バス,,南池田小学校前
E14,4641,南海バス,,若樫
E14,4642,南海バス,,和気小学校前
E14,4643,南海バス,,黒鳥小学校東
E14,4644,南海バス,,三日市町駅東
E14,4645,南海バス,,大矢船北町(南花台系統)
E14,4646,南海バス,,中もず駅前(北側)
E14,4647,南海バス,,深井駅(西側)
E14,4648,南海バス,,妙見下(タマタウン堺・泉ヶ丘前)
E14,464A,南海バス,,和泉市立総合医療センター玄関口
E14,464B,南海バス,,光明池駅
E14,464C,南海バス,,池田下町西
E14,5003,南海バス,,南部市民交流センター本館
E14,502D,南海ウイングバス,,八幡山団地
E14,5109,南海ウイングバス,,貝掛
E14,5117,南海ウイングバス,,鳥取ノ荘駅前
E14,5145,南海ウイングバス,,イオンモールりんくう泉南
E14,515E,南海ウイングバス,,泉陽ヶ丘
E14,5215,南海ウイングバス,,光陽台2丁目南
E14,5216,南海ウイングバス,,光陽台3丁目
E14,5217,南海ウイングバス,,舞3丁目南
E14,521D,南海ウイングバス,,鴻和北
E14,5220,南海ウイングバス,,おざき出会い館
E14,5221,南海ウイングバス,,尾崎駅北
E14,5222,南海ウイングバス,,鳥取三井
E14,5223,南海ウイングバス,,大阪観光大学
E14,5224,南海ウイングバス,,住友電工ファインポリマー(山原)
E14,5225,南海ウイングバス,,泉南市農業公園
E14,522A,南海ウイングバス,,箱作公園前
E14,522B,南海ウイングバス,,箱の浦北
E14,522C,南海ウイングバス,,光陽台4丁目
E14,522D,南海ウイングバス,,舞4丁目北
E14,522E,南海ウイングバス,,七山西
E14,6363,南海ウイングバス南部,,回送用
E15,0,近鉄バス,,共通
E15,2,近鉄バス,,近鉄八尾駅前
E15,3,近鉄バス,,アリオ八尾
E15,4,近鉄バス,,八尾駅筋
E15,1E,近鉄バス,加美線 10101,三ノ瀬
E15,22,近鉄バス,,布施駅前
E15,104,近鉄バス,,八尾水道局前
E15,10A,近鉄バス,,JR八尾駅前
E15,10C,近鉄バス,八尾線,植松
E15,10E,近鉄バス,八尾線,太子堂
E15,110,近鉄バス,八尾線,南太子堂
E15,112,近鉄バス,八尾線,北木の本
E15,114,近鉄バス,八尾線,了意橋
E15,116,近鉄バス,八尾線,南木の本
E15,118,近鉄バス,八尾線,大正北小学校前
E15,11A,近鉄バス,八尾線,八尾空港前
E15,11C,近鉄バス,八尾線 70402,若林口
E15,11E,近鉄バス,八尾線,八尾南駅前
E15,120,近鉄バス,八尾線,若林町
E15,122,近鉄バス,八尾線,若林東
E15,124,近鉄バス,八尾線,大正小学校前
E15,126,近鉄バス,八尾線,太田(八尾市)
E15,128,近鉄バス,八尾線,大正橋南詰
E15,12A,近鉄バス,八尾線,小山
E15,12C,近鉄バス,八尾線,藤の里住宅前
E15,12E,近鉄バス,八尾線,藤井寺市役所前
E15,130,近鉄バス,八尾線,北岡
E15,132,近鉄バス,八尾線,藤井寺駅
E15,300,近鉄バス,,山本駅前
E15,302,近鉄バス,,美好橋
E15,304,近鉄バス,,山本小学校前
E15,306,近鉄バス,,上之島二丁目
E15,308,近鉄バス,,上之島町
E15,30A,近鉄バス,,上尾町
E15,30C,近鉄バス,,太田川
E15,30E,近鉄バス,,大竹
E15,310,近鉄バス,,楽音寺 (貴島病院本院前)
E15,312,近鉄バス,,横小路南口
E15,318,近鉄バス,,下六万寺二丁目
E15,31C,近鉄バス,,御幸町
E15,32C,近鉄バス,,緑ヶ丘(八尾市)
E15,32E,近鉄バス,,光町
E15,330,近鉄バス,,光町二丁目
E15,404,近鉄バス,,青葉町
E15,406,近鉄バス,,北山本
E15,408,近鉄バス,,福万寺口
E15,40A,近鉄バス,,高砂住宅
E15,40C,近鉄バス,,三野郷
E15,40E,近鉄バス,,玉串南口
E15,410,近鉄バス,,玉串
E15,412,近鉄バス,,玉串北口
E15,414,近鉄バス,,玉井
E15,416,近鉄バス,,花園
E15,418,近鉄バス,,花園駅前
E15,600,近鉄バス,,国分駅前
E15,63E,近鉄バス,,金剛連絡所前
E15,662,近鉄バス,,津々山台公園南
E15,710,近鉄バス,羽曳野線,古市駅前
E15,712,近鉄バス,大阪教育大線,柏原キャンパス
E15,714,近鉄バス,大阪教育大線,大阪教育大前駅
E15,80C,近鉄バス,,さつき野センター前
E15,810,近鉄バス,,堺筋
E15,81E,近鉄バス,,さくら坂4丁目
E15,81F,近鉄バス,,喜志駅
E15,836,近鉄バス,,聖徳太子御廟前
E15,900,近鉄バス,金剛東団地線/北野田線/富田林市レインボーバス 70201/70210/70212/90303/90304/90305/71108,富田林駅前
E15,916,近鉄バス,金剛東団地線,中央センター前
E15,A00,近鉄バス,,河内松原駅前
E15,A02,近鉄バス,,東高見の里
E15,A04,近鉄バス,,新堂町
E15,A06,近鉄バス,,松原市民運動広場前
E15,A08,近鉄バス,,岡町
E15,A20,近鉄バス,松原線,新堂住宅
E15,A22,近鉄バス,松原線,岡北口
E15,A24,近鉄バス,松原線,岡
E15,A28,近鉄バス,松原線,丹南
E15,A2A,近鉄バス,松原線,真福寺
E15,A2C,近鉄バス,,大保
E15,A30,近鉄バス,松原線,黒山中
E15,A32,近鉄バス,松原線,美原区役所東口
E15,A34,近鉄バス,松原線,上黒山
E15,A36,近鉄バス,松原線,余部
E15,B08,近鉄バス,丹比線,恵我ノ荘駅前
E15,B1E,近鉄バス,,平尾西
E15,B20,近鉄バス,,平尾
E15,D1E,近鉄バス,北野田線,北野田駅前
E15,D22,近鉄バス,羽曳野線,藤井寺駅前
E15,E04,近鉄バス,羽曳野線,藤井寺住宅前
E15,E0A,近鉄バス,羽曳野線,軽里三丁目
E15,E0C,近鉄バス,羽曳野線,軽里一丁目 (LICはびきの)
E15,E0E,近鉄バス,羽曳野線,羽曳山住宅前
E15,E10,近鉄バス,羽曳野線,府立医療センター
E15,E12,近鉄バス,羽曳野線,羽曳が丘一丁目
E15,E14,近鉄バス,羽曳野線,羽曳が丘四丁目北
E15,E16,近鉄バス,羽曳野線,四天王寺大学
E15,E18,近鉄バス,羽曳野線,大阪府立大学羽曳野キャンパス
E15,F00,近鉄バス,羽曳野線,大阪緑涼高校前
E15,F02,近鉄バス,羽曳野線,御陵前
E15,F04,近鉄バス,羽曳野線,藤井寺南住宅前
E15,F06,近鉄バス,羽曳野線,野々上
E15,F0A,近鉄バス,羽曳野線,羽曳が丘五丁目
E15,F1C,近鉄バス,羽曳野線,羽曳が丘西五丁目
E15,F20,近鉄バス,羽曳野線,羽曳野警察署前
E15,F34,近鉄バス,羽曳野線,桃山台二丁目
E15,F3A,近鉄バス,羽曳野線,羽曳が丘西五丁目東
E15,1400,近鉄バス,,阪急茨木市駅
E15,1402,近鉄バス,,茨木市役所前
E15,1404,近鉄バス,,駅前通り (JR茨木駅)
E15,1406,近鉄バス,,JR茨木駅
E15,1408,近鉄バス,,中穂積一丁目
E15,140A,近鉄バス,,茨木みどりヶ丘病院前
E15,140C,近鉄バス,,中穂積三丁目
E15,1412,近鉄バス,,南春日丘
E15,1414,近鉄バス,,南春日丘西
E15,141E,近鉄バス,茨木線[阪大],阪大医学部病院前
E15,1422,近鉄バス,茨木線[阪大],阪大本部前
E15,142A,近鉄バス,,記念公園西口
E15,142F,近鉄バス,エキスポシティ線 50115,万博記念公園駅 (エキスポシティ前)
E15,1430,近鉄バス,エキスポシティ線 50115,記念公園南口
E15,143C,近鉄バス,茨木線[春日丘],春日丘公園
E15,144C,近鉄バス,茨木線[弁天] 50006,茨木弁天前
E15,1450,近鉄バス,茨木線[東和苑],阪急茨木北口
E15,1452,近鉄バス,茨木線[東和苑],東中学校前
E15,1454,近鉄バス,茨木線[東和苑],庄
E15,1455,近鉄バス,茨木線[東和苑],JR総持寺駅
E15,1456,近鉄バス,茨木線[東和苑],総持寺口
E15,1458,近鉄バス,茨木線[東和苑],西河原
E15,145A,近鉄バス,茨木線[東和苑],三島小学校前
E15,145C,近鉄バス,茨木線[東和苑],疣水神社前
E15,145E,近鉄バス,茨木線[東和苑],東太田一丁目
E15,1460,近鉄バス,茨木線[東和苑],追大総持寺キャンパス前
E15,1462,近鉄バス,茨木線[東和苑],追手門学院中・高前
E15,1500,近鉄バス,茨木線[東和苑],太田(茨木市)
E15,1502,近鉄バス,茨木線[東和苑],太田三丁目
E15,1504,近鉄バス,茨木線[東和苑],花園東和苑
E15,151E,近鉄バス,,JR茨木東口
E15,1522,近鉄バス,,阪急茨木南口
E15,152A,近鉄バス,,大同町北
E15,1536,近鉄バス,,真砂二丁目
E15,1538,近鉄バス,,真砂一丁目
E15,1600,近鉄バス,茨木線[八防],鳥飼五久
E15,162E,近鉄バス,茨木線[八防],あやめ橋
E15,163C,近鉄バス,摂津市内循環,JR千里丘
E15,164C,近鉄バス,摂津市内循環,別府南
E15,172E,近鉄バス,茨木線[八防],島南口
E15,173E,近鉄バス,,中津町東
E15,1746,近鉄バス,摂津市内循環,摂津市役所前 (ポリテクセンター前)
E15,1E42,近鉄バス,,住道北口
E15,1E44,近鉄バス,,住道駅前 (住道駅北)
E15,1E46,近鉄バス,,大東市役所前
E15,1E4A,近鉄バス,,平野屋
E15,1E4C,近鉄バス,,寺川
E15,1E4E,近鉄バス,,産業大学前
E15,1E54,近鉄バス,阪奈生駒線,竜間
E15,1E56,近鉄バス,阪奈生駒線,生駒登山口西 (龍間運動広場前)
E15,1E58,近鉄バス,阪奈生駒線,生駒登山口
E15,1E5C,近鉄バス,阪奈生駒線,阪奈中垣内
E15,1E5E,近鉄バス,,中垣内
E15,1F00,近鉄バス,,萱島
E15,1F02,近鉄バス,,萱島南
E15,1F04,近鉄バス,,上馬伏
E15,1F06,近鉄バス,,巣本
E15,1F08,近鉄バス,,四宮住宅前
E15,1F14,近鉄バス,,御領東
E15,1F16,近鉄バス,,氷野
E15,1F18,近鉄バス,,赤井北
E15,1F1C,近鉄バス,,JR住道 (住道駅南)
E15,1F22,近鉄バス,,三洋町
E15,1F24,近鉄バス,,三洋橋
E15,1F26,近鉄バス,,朋来住宅前
E15,1F28,近鉄バス,,加納
E15,1F2A,近鉄バス,,楠見橋北
E15,1F2C,近鉄バス,,楠見橋
E15,1F2E,近鉄バス,,箕輪口
E15,1F30,近鉄バス,,中野東
E15,1F32,近鉄バス,,中野南
E15,1F36,近鉄バス,,菱江中ノ町
E15,1F38,近鉄バス,,菱江
E15,1F3A,近鉄バス,,菱屋東
E15,1F3C,近鉄バス,,岩田町五丁目
E15,1F3E,近鉄バス,,若江岩田
E15,1F40,近鉄バス,,若江本町
E15,1F42,近鉄バス,,若江
E15,1F44,近鉄バス,,若江南
E15,1F50,近鉄バス,,萱振
E15,1F52,近鉄バス,,萱振南口
E15,1F54,近鉄バス,,八尾中学校前
E15,1F5C,近鉄バス,,荒本駅前(北)
E15,1F5E,近鉄バス,,横枕
E15,2004,近鉄バス,,楠風荘
E15,2006,近鉄バス,,鴻池
E15,2008,近鉄バス,,鴻池新田駅
E15,200A,近鉄バス,,トラックターミナル前
E15,200C,近鉄バス,,新家
E15,200E,近鉄バス,,意岐部
E15,2010,近鉄バス,,御厨橋
E15,2012,近鉄バス,,商業大学前
E15,2014,近鉄バス,,八戸ノ里駅前
E15,2016,近鉄バス,,小阪駅前
E15,201E,近鉄バス,,四条畷
E15,2020,近鉄バス,,四条畷神社前
E15,202C,近鉄バス,清滝線,清滝団地
E15,202E,近鉄バス,清滝線,四條畷電通大
E15,2057,近鉄バス,,三箇西
E15,2104,近鉄バス,,住道駅南(ロータリー)
E15,2114,近鉄バス,,平野屋橋西詰
E15,2118,近鉄バス,,御供田北
E15,2126,近鉄バス,,東大阪市役所前(府立図書館前)
E15,2302,近鉄バス,,大東四条
E15,2304,近鉄バス,四条畷線 40006/40007,北条
E15,2306,近鉄バス,,野崎観音前
E15,2308,近鉄バス,,野崎三丁目
E15,2310,近鉄バス,,南日下 (Aリージョンセンター前)
E15,2312,近鉄バス,,芝
E15,2314,近鉄バス,,石切神社前
E15,2316,近鉄バス,,新石切駅前
E15,2318,近鉄バス,,枚岡車庫
E15,231A,近鉄バス,,額田西口
E15,231C,近鉄バス,,箱殿
E15,231E,近鉄バス,,鳥居町
E15,2320,近鉄バス,,東体育館前
E15,2322,近鉄バス,,鷹殿町
E15,2324,近鉄バス,,旭町
E15,2326,近鉄バス,経法大線,大竹南
E15,2328,近鉄バス,経法大線,大竹会館前
E15,232A,近鉄バス,経法大線,大阪経済法科大学
E15,232C,近鉄バス,,信貴山門
E15,232E,近鉄バス,,高安山霊園前
E15,2330,近鉄バス,,高安山
E15,2336,近鉄バス,,谷川
E15,233A,近鉄バス,,吉田下島
E15,233B,近鉄バス,,稲葉町三丁目
E15,233E,近鉄バス,,吉田駅前
E15,2344,近鉄バス,,住道駅中央
E15,2356,近鉄バス,,御領西
E15,2358,近鉄バス,,南郷公園前
E15,235A,近鉄バス,,南郷住宅前
E15,235C,近鉄バス,,赤井三丁目
E15,235E,近鉄バス,,角田東
E15,2416,近鉄バス,,大野二丁目
E15,2418,近鉄バス,,東花園駅前
E15,2800,近鉄バス,中央環状線 10003,久宝寺口駅前
E15,2802,近鉄バス,中央環状線 10003,中環久宝寺口
E15,2804,近鉄バス,中央環状線,金物団地前
E15,280A,近鉄バス,中央環状線,友井五丁目
E15,280B,近鉄バス,中央環状線,近江堂三丁目
E15,280C,近鉄バス,中央環状線,上小阪住宅前
E15,280D,近鉄バス,近畿大学線,近畿大学東門前
E15,280E,近鉄バス,中央環状線,東上小阪
E15,2810,近鉄バス,中央環状線,宝持
E15,2812,近鉄バス,中央環状線,市立体育館前
E15,2814,近鉄バス,中央環状線,プール西口
E15,281F,近鉄バス,布施線[徳庵] 10708/30271,徳庵駅前
E15,282C,近鉄バス,,東大阪大学前
E15,2832,近鉄バス,東大阪病院線,市立東大阪医療センター
E15,2834,近鉄バス,東大阪病院線,五百石公園前
E15,2850,近鉄バス,布施線[早瀬橋] 10503,早瀬橋
E15,2852,近鉄バス,布施線[早瀬橋] 10503,南森河内
E15,2854,近鉄バス,布施線[早瀬橋] 10503,高井田六丁目
E15,2856,近鉄バス,布施線[早瀬橋] 10503,高井田五丁目
E15,2858,近鉄バス,布施線[早瀬橋] 10503,高井田三丁目
E15,285A,近鉄バス,布施線[早瀬橋] 10503,高井田二丁目
E15,285C,近鉄バス,布施線[早瀬橋] 10503,長堂二丁目
E15,285E,近鉄バス,布施線[早瀬橋] 10503,長堂
E15,285F,近鉄バス,あべの・上本町シャトルバス,近鉄上本町駅
E15,2860,近鉄バス,あべの・上本町シャトルバス,あべの橋東口 (あべのハルカス東口)
E15,2862,近鉄バス,あべの・上本町シャトルバス,あべの橋 (あべのハルカス)
E15,2863,近鉄バス,あべの・上本町シャトルバス,四天王寺参道口
E15,2900,近鉄バス,加美線 10101,平野駅前
E15,2902,近鉄バス,加美線 10101,平野元町六丁目
E15,2916,近鉄バス,,八尾市立病院前
E15,2918,近鉄バス,,JR久宝寺駅
E15,291A,近鉄バス,赤十字病院線/警察病院線,近鉄上本町駅
E15,291C,近鉄バス,赤十字病院線,大阪赤十字病院
E15,291E,近鉄バス,警察病院線,大阪警察病院
E15,2920,近鉄バス,警察病院線,JR桃谷駅
E15,2924,近鉄バス,警察病院線,上本町九丁目
E15,292A,近鉄バス,布施線[早瀬橋] 10503,JR放出駅前
E15,292C,近鉄バス,あべの・上本町シャトルバス 11,下寺町一丁目
E15,292E,近鉄バス,あべの・上本町シャトルバス 11,下寺町二丁目 (和空 下寺町前)
E15,2D00,近鉄バス,向島団地線,向島駅前
E15,2D02,近鉄バス,向島団地線,二ノ丸
E15,2D04,近鉄バス,向島団地線,二ノ丸北
E15,2D06,近鉄バス,向島団地線,四ツ谷池
E15,2D08,近鉄バス,向島団地線,センター北
E15,2D0A,近鉄バス,向島団地線,センター前
E15,2D0C,近鉄バス,向島団地線,上島西
E15,2D0E,近鉄バス,向島団地線,二ノ丸小学校前
E15,2D10,近鉄バス,向島団地線,二ノ丸中
E15,2D12,近鉄バス,向島団地線,上島南
E15,2D14,近鉄バス,向島団地線,清水町西
E15,2D16,近鉄バス,向島団地線,清水町
E15,2D18,近鉄バス,向島団地線,清水町北
E15,2D1A,近鉄バス,向島団地線,鷹場町東
E15,2D1C,近鉄バス,向島団地線,藤ノ木南
E15,2D1E,近鉄バス,向島団地線,藤ノ木町
E15,2D20,近鉄バス,向島団地線,丸町東
E15,2D22,近鉄バス,向島団地線,丸町
E15,2D24,近鉄バス,向島団地線,二ノ丸西
E15,2D26,近鉄バス,向島団地線,上島
E15,2D28,近鉄バス,向島団地線,向島
E15,2D2A,近鉄バス,向島団地線,桃陵団地前
E15,2D2C,近鉄バス,向島団地線,桃山
E15,2D3A,近鉄バス,向島団地線,板橋
E15,2D3C,近鉄バス,向島団地線,丹波橋
E15,2D3E,近鉄バス,向島団地線,桃山中学前
E15,2D40,近鉄バス,向島団地線,最上町
E15,2D42,近鉄バス,向島団地線,西墨染通
E15,2D44,近鉄バス,向島団地線,竹田城南宮道
E15,2D46,近鉄バス,向島団地線,七瀬川町
E15,2D48,近鉄バス,向島団地線,竹田出橋
E15,2D4A,近鉄バス,向島団地線,竹田駅東口
E15,3202,近鉄バス,,川西駅筋
E15,5A3C,近鉄バス,八尾京都,京都駅八条口
E16,0,京阪バス,,共通
E16,1,江若交通,浜大津線,県庁前
E16,2,江若交通,,山科駅
E16,4,江若交通,浜大津線,大津駅
E16,5,江若交通,浜大津線,裁判所前
E16,6,江若交通,浜大津線,京町通
E16,7,江若交通,浜大津線,浜町
E16,9,江若交通,浜大津線,びわ湖浜大津
E16,B,江若交通,浜大津線,三保ヶ崎
E16,E,江若交通,浜大津線,競艇場前
E16,12,江若交通,浜大津線,茶ヶ崎
E16,15,江若交通,浜大津線,イオンスタイル大津京前
E16,16,江若交通,浜大津線,柳ヶ崎
E16,17,江若交通,浜大津線,ブランチ大津京前
E16,18,江若交通,浜大津線,鏡が浜
E16,19,江若交通,浜大津線,際川
E16,1B,江若交通,浜大津線,北際川
E16,1F,江若交通,浜大津線,唐崎
E16,21,江若交通,浜大津線,北唐崎
E16,22,江若交通,浜大津線,四ツ谷
E16,25,江若交通,浜大津線,石川町
E16,28,江若交通,浜大津線,下阪本
E16,2A,江若交通,浜大津線,太間町
E16,2D,江若交通,浜大津線/日吉台線,比叡辻
E16,2F,江若交通,浜大津線/日吉台線,来迎寺カネカ前
E16,32,江若交通,浜大津線/日吉台線,木ノ岡団地前
E16,36,江若交通,浜大津線,苗鹿
E16,39,江若交通,浜大津線,おごと温泉ホテル前
E16,3B,江若交通,浜大津線,おごと温泉
E16,3E,江若交通,浜大津線,北雄琴
E16,42,江若交通,浜大津線,山ノ下
E16,46,江若交通,浜大津線,衣川
E16,48,江若交通,,仰木道
E16,49,江若交通,,本堅田
E16,4B,江若交通,,堅田駅
E16,4C,江若交通,,堅田駅西口
E16,4D,江若交通,西地区ローズタウン線/堅田葛川線,琵琶湖大橋口
E16,50,江若交通,西地区ローズタウン線,真野浜
E16,53,江若交通,西地区ローズタウン線,びわこローズタウン口
E16,54,江若交通,西地区ローズタウン線,清水町
E16,57,江若交通,西地区ローズタウン線,美空東
E16,58,江若交通,西地区ローズタウン線,美空北
E16,5A,江若交通,浜大津線/西地区ローズタウン線/東地区ローズタウン線/龍華線,小野駅
E16,5D,江若交通,浜大津線/東地区ローズタウン線,朝日一丁目
E16,5E,江若交通,浜大津線/東地区ローズタウン線,南朝日二丁目
E16,5F,江若交通,浜大津線/東地区ローズタウン線,北朝日二丁目
E16,60,江若交通,浜大津線/東地区ローズタウン線,小野小学校前
E16,61,江若交通,浜大津線/東地区ローズタウン線,水明一丁目
E16,62,江若交通,浜大津線,小野南口
E16,63,江若交通,浜大津線,小野
E16,102,江若交通,浜大津線,小野神社前
E16,104,江若交通,浜大津線,榎
E16,105,江若交通,浜大津線,和迩小学校前
E16,106,江若交通,浜大津線,和迩駅
E16,133,京阪バス,,夢見ヶ丘
E16,134,江若交通,,大津京駅
E16,135,京阪バス,,無動寺
E16,136,京阪バス,,比叡山頂
E16,137,京阪バス,,東塔 (坂本ケーブル口)
E16,138,京阪バス,,延暦寺バスセンター
E16,139,京阪バス,比叡山内シャトルバス,西塔
E16,13A,京阪バス,比叡山内シャトルバス,峰道
E16,13B,京阪バス,比叡山内シャトルバス,横川
E16,14A,江若交通,浜大津線/日吉台線,坂本医院前
E16,14D,江若交通,浜大津線/日吉台線,比叡山坂本駅
E16,151,江若交通,日吉台線,日吉台団地口
E16,152,江若交通,日吉台線,日吉台一丁目
E16,153,江若交通,日吉台線,日吉台市民センター前
E16,154,江若交通,日吉台線,古墳前
E16,155,江若交通,日吉台線,日吉台四丁目
E16,156,江若交通,日吉台線,堀場製作所正門前
E16,157,江若交通,日吉台線,日吉台三丁目
E16,158,江若交通,日吉台線,日吉台北二丁目
E16,15B,江若交通,日吉台線/ケーブル坂本線,坂本比叡山口駅
E16,15E,江若交通,日吉台線/ケーブル坂本線,日吉大社前
E16,15F,江若交通,ケーブル坂本線,ケーブル坂本駅
E16,160,江若交通,浜大津線,堀場製作所前
E16,161,江若交通,日吉台線,大宮町
E16,162,江若交通,日吉台線,大宮町東
E16,200,江若交通,日吉台線,西教寺
E16,201,江若交通,日吉台線,専称寺前
E16,202,江若交通,日吉台線,赤地蔵前
E16,20C,江若交通,,おごと温泉駅
E16,20D,江若交通,仰木の里線/堅田仰木の里循環,大谷大学グランド前
E16,20F,江若交通,仰木の里線/堅田仰木の里循環,北大津高校前
E16,210,江若交通,仰木の里線内回り循環,仰木の里東三丁目
E16,211,江若交通,仰木の里線/堅田仰木の里循環,仰木西公園前
E16,212,江若交通,仰木の里線/堅田仰木の里循環,けやき通り東
E16,213,江若交通,仰木の里線/堅田仰木の里循環,けやき通り
E16,214,江若交通,仰木の里線/堅田仰木の里循環,仰木の里東
E16,215,江若交通,仰木の里線/堅田仰木の里循環,仰木の里小学校前
E16,216,江若交通,仰木の里線/堅田仰木の里循環,仰木中学校前
E16,217,江若交通,仰木の里線/堅田仰木の里循環,のぞみ公園前
E16,218,江若交通,仰木の里線/堅田仰木の里循環,このみ公園前
E16,219,江若交通,仰木の里線/堅田仰木の里循環,仰木の里
E16,21A,江若交通,仰木の里線/堅田仰木の里循環,仰木の里東七丁目
E16,21C,江若交通,仰木の里線内回り循環,レークピアセンター前
E16,21D,江若交通,仰木の里線/堅田仰木の里循環,成安造形大学前
E16,21F,江若交通,仰木の里線内回り循環,御呂戸川緑地前
E16,223,江若交通,,堅田営業所前
E16,224,江若交通,,本堅田六丁目
E16,225,江若交通,,天神山
E16,227,江若交通,,仰木台東口
E16,22A,江若交通,,レークピア北口
E16,22E,江若交通,,十王堂前
E16,22F,江若交通,,下仰木
E16,231,江若交通,,平尾
E16,233,江若交通,,仰木小学校前
E16,234,京阪バス,,山中町
E16,235,江若交通,,辻
E16,236,江若交通,,札場
E16,237,江若交通,,上仰木
E16,238,京阪バス,,比叡平二丁目
E16,239,京阪バス,,比叡平
E16,23A,京阪バス,,一丁目南
E16,23B,京阪バス,,比叡平一丁目
E16,23C,江若交通,浜大津線(堅田町内循環),本堅田三丁目
E16,23D,京阪バス,,田ノ谷峠
E16,23E,江若交通,浜大津線(堅田町内循環),末広町
E16,23F,京阪バス,,びわ湖霊園前
E16,240,江若交通,浜大津線(堅田町内循環),堅田出町
E16,241,江若交通,浜大津線(堅田町内循環),浮御堂前
E16,243,江若交通,浜大津線(堅田町内循環),新川
E16,247,江若交通,琵琶湖大橋線/木の浜線,今道内湖
E16,248,江若交通,,今堅田出島灯台
E16,249,江若交通,,勾当内侍前
E16,24A,江若交通,,堅田駅口
E16,24B,江若交通,琵琶湖大橋線,ピエリ守山口
E16,24C,江若交通,琵琶湖大橋線/木の浜線,今堅田二丁目
E16,250,江若交通,,琵琶湖大橋東詰
E16,252,江若交通,琵琶湖大橋線/木の浜線,美崎ニッサンタウン前
E16,253,江若交通,琵琶湖大橋線/木の浜線,美崎
E16,254,江若交通,琵琶湖大橋線/木の浜線,美崎レークニュータウン前
E16,255,江若交通,琵琶湖大橋線/木の浜線,佐川美術館
E16,256,江若交通,琵琶湖大橋線/木の浜線,滋賀運輸支局
E16,257,江若交通,琵琶湖大橋線/木の浜線,自動車会館
E16,258,江若交通,琵琶湖大橋線/木の浜線,木ノ浜郵便局前
E16,259,江若交通,琵琶湖大橋線,児童館前
E16,25B,江若交通,琵琶湖大橋線/木の浜線,木の浜橋
E16,25D,江若交通,琵琶湖大橋線(エコバス),みずほ団地口
E16,25E,江若交通,琵琶湖大橋線(エコバス),木の浜農協前
E16,25F,江若交通,琵琶湖大橋線(エコバス),木の浜口
E16,260,江若交通,琵琶湖大橋線(エコバス),速野小学校前
E16,261,江若交通,琵琶湖大橋線(エコバス),大曲
E16,262,江若交通,琵琶湖大橋線(エコバス),南脇
E16,263,江若交通,琵琶湖大橋線(エコバス),洲本
E16,300,江若交通,琵琶湖大橋線(エコバス),荒見
E16,301,江若交通,琵琶湖大橋線(エコバス),守山北中学校前
E16,302,江若交通,琵琶湖大橋線(エコバス),笠原口
E16,303,江若交通,琵琶湖大橋線(エコバス),河西口
E16,304,江若交通,琵琶湖大橋線(エコバス),播磨田
E16,305,江若交通,琵琶湖大橋線(エコバス),河西ニュータウン前
E16,306,江若交通,琵琶湖大橋線(エコバス),播磨田南
E16,307,江若交通,琵琶湖大橋線(エコバス),下の郷東
E16,308,江若交通,琵琶湖大橋線(エコバス),小児保健医療センター前
E16,309,江若交通,琵琶湖大橋線(エコバス),滋賀県立総合病院
E16,30A,江若交通,琵琶湖大橋線(エコバス),滋賀県立総合病院口
E16,30B,江若交通,琵琶湖大橋線(エコバス),守山市民病院
E16,30C,江若交通,琵琶湖大橋線(エコバス),市役所前
E16,30D,江若交通,琵琶湖大橋線(エコバス),吉身公民館前
E16,30E,江若交通,琵琶湖大橋線(エコバス),油池
E16,30F,江若交通,琵琶湖大橋線(エコバス),守山駅
E16,311,江若交通,東地区ローズタウン線,湖青一丁目
E16,313,江若交通,西地区ローズタウン線/龍華線,フレスコ向陽店前
E16,314,江若交通,西地区ローズタウン線/龍華線,向陽町
E16,316,江若交通,西地区ローズタウン線,美空南
E16,318,江若交通,西地区ローズタウン線/龍華線,花園町
E16,319,江若交通,西地区ローズタウン線/龍華線,清風町南口
E16,31B,江若交通,西地区ローズタウン線/龍華線,清風町北口
E16,31C,江若交通,西地区ローズタウン線/龍華線,真野中学校前
E16,31E,江若交通,西地区ローズタウン線/龍華線,陽明町北口1
E16,31F,江若交通,龍華線,陽明町北口2
E16,320,江若交通,西地区ローズタウン線,清和町
E16,322,江若交通,西地区ローズタウン線,緑町北口
E16,324,江若交通,西地区ローズタウン線,真野北小学校前
E16,325,江若交通,西地区ローズタウン線/龍華線,フレスコみどり店前
E16,329,江若交通,龍華線,榛原の里
E16,32A,江若交通,龍華線,龍華
E16,32F,江若交通,西地区ローズタウン線/堅田葛川線,JAレーク大津北
E16,331,江若交通,堅田葛川線,中村
E16,332,江若交通,堅田葛川線,沢口
E16,336,江若交通,堅田葛川線,普門
E16,33A,江若交通,堅田葛川線,家田道
E16,33C,江若交通,堅田葛川線,大野
E16,33E,江若交通,堅田葛川線,南庄道
E16,341,江若交通,堅田葛川線,南庄
E16,343,江若交通,堅田葛川線,伊香立診療所前
E16,344,江若交通,伊香立循環線,伊香立公園前
E16,345,江若交通,伊香立循環線,山百合の丘
E16,346,江若交通,堅田葛川線,向在地道
E16,349,江若交通,堅田葛川線,馬場
E16,34A,江若交通,堅田葛川線,下在地
E16,34C,江若交通,堅田葛川線,伊香立小学校前
E16,34F,江若交通,堅田葛川線,岡出
E16,350,江若交通,堅田葛川線,生津
E16,351,江若交通,堅田葛川線,北在地
E16,355,江若交通,堅田葛川線,伊香立中学校前
E16,358,江若交通,堅田葛川線,龍華道
E16,362,江若交通,堅田葛川線,北部クリーンセンター前
E16,400,江若交通,堅田葛川線,還来神社前
E16,405,江若交通,堅田葛川線,途中
E16,407,江若交通,堅田葛川線,上ノ町
E16,40C,江若交通,堅田葛川線,花折峠口
E16,411,江若交通,堅田葛川線,平
E16,419,江若交通,堅田葛川線,坂下
E16,41B,江若交通,堅田葛川線,下坂下
E16,420,江若交通,堅田葛川線,木戸口
E16,423,江若交通,堅田葛川線,葛川学校前
E16,424,江若交通,堅田葛川線,葛川中村
E16,426,江若交通,堅田葛川線,下中村
E16,429,江若交通,堅田葛川線,葛川郵便局前
E16,42A,江若交通,堅田葛川線,坊村
E16,42E,江若交通,堅田葛川線,町居
E16,433,江若交通,堅田葛川線,梅ノ木
E16,434,京阪バス,,大門
E16,435,京阪バス,,三井寺
E16,436,江若交通,堅田葛川線,下梅ノ木
E16,437,京阪バス,,市役所前(大津市)
E16,438,江若交通,堅田葛川線,上貫井
E16,439,江若交通,堅田葛川線,貫井
E16,43A,京阪バス,,皇子ヶ丘
E16,43B,京阪バス,,錦織町
E16,43D,江若交通,堅田葛川線/朽木線,細川
E16,442,京阪バス,,競艇場前(滋賀)
E16,444,江若交通,浜大津線,大津赤十字志賀病院
E16,447,京阪バス,,茶ヶ崎
E16,448,江若交通,和迩栗原線,栗原道
E16,449,江若交通,和迩栗原線,道の駅 妹子の郷
E16,44F,江若交通,龍華線,下龍華
E16,453,江若交通,龍華線,上龍華
E16,45C,江若交通,和迩栗原線,栗原
E16,45F,江若交通,和迩栗原線,妙道会聖地
E16,50B,江若交通,びわ湖バレイ線,志賀駅
E16,50D,江若交通,びわ湖バレイ線,びわ湖バレイ前
E16,516,江若交通,比良登山線,比良舞子口
E16,518,江若交通,比良登山線,比良イン谷口
E16,51C,江若交通,比良登山線,比良駅
E16,51E,江若交通,琵琶湖大橋線(エコバス),守山市民ホール前
E16,51F,江若交通,琵琶湖大橋線(エコバス),立命館守山中学・高校前
E16,520,江若交通,琵琶湖大橋線(エコバス),守山警察署前
E16,521,江若交通,琵琶湖大橋線(エコバス),山柿団地
E16,522,江若交通,琵琶湖大橋線(エコバス),図書館前
E16,533,京阪バス,,緑ヶ丘
E16,534,京阪バス,,藤尾小学校
E16,535,京阪バス,,藤尾・小金塚
E16,536,京阪バス,,藤尾奥町
E16,539,京阪バス,,稲葉台
E16,545,江若交通,高島線,高島本町
E16,546,江若交通,高島線,近江高島駅
E16,547,江若交通,高島線,高島市民病院
E16,548,江若交通,高島線,新町
E16,54A,江若交通,高島線,アイリッシュパーク前
E16,54B,江若交通,高島線,青冷寺
E16,54D,江若交通,高島線,高島支所前
E16,54E,江若交通,高島線,水尾
E16,550,江若交通,高島線,南鴨
E16,551,江若交通,高島線,出鴨
E16,552,江若交通,高島線,北鴨
E16,553,江若交通,高島線,東鴨
E16,554,江若交通,高島線,鴨足立
E16,555,江若交通,高島線,三尾里
E16,557,江若交通,高島線,小川口
E16,558,江若交通,高島線/朽木線/安曇川町循環,安曇川駅 (1番)
E16,559,江若交通,,プラント高島店
E16,55A,江若交通,高島線/朽木線/安曇川町循環,JA西びわこ前
E16,55C,江若交通,朽木線,南市
E16,55D,江若交通,朽木線,五番領
E16,55E,江若交通,朽木線,十八川道
E16,562,江若交通,朽木線/安曇川町循環,安曇川高校前
E16,600,京阪バス,,浜大津
E16,60A,京阪バス,,大津駅
E16,60E,江若交通,はーとバス,米井
E16,637,京阪バス,,浜町
E16,638,京阪バス,,京町通
E16,639,京阪バス,,県庁前
E16,63A,京阪バス,,松ヶ枝町
E16,741,京阪バス,,本宮町
E16,744,京阪バス,,大津市民病院
E16,745,京阪バス,,マツダ前
E16,747,京阪バス,,国道膳所
E16,748,京阪バス,,湖城が丘
E16,749,京阪バス,,雲雀ヶ丘
E16,74A,京阪バス,,滋賀病院前
E16,74B,京阪バス,,上別保
E16,74C,京阪バス,,東レ北門前
E16,752,江若交通,高島線,高島中学校前
E16,754,江若交通,高島線,新中野団地前
E16,756,江若交通,高島線,音羽
E16,757,江若交通,高島線,高島海洋センター前
E16,758,江若交通,高島線,海洋センター
E16,759,江若交通,高島線,音羽上
E16,75B,江若交通,高島線,拝戸団地前
E16,75C,江若交通,高島線,水尾神社前
E16,75D,江若交通,高島線,下拝戸
E16,75F,江若交通,高島線,上拝戸
E16,762,江若交通,高島線,武曽口 (1番)
E16,802,江若交通,高島線,伊黒
E16,807,江若交通,高島線,富坂口
E16,80B,江若交通,高島線,中溝
E16,80F,江若交通,高島線,鹿ヶ瀬道
E16,810,江若交通,高島線,鹿ヶ瀬
E16,811,江若交通,高島線,ガリバー旅行村
E16,812,江若交通,高島線,黒谷
E16,816,江若交通,高島線,畑
E16,819,江若交通,高島線,宿鴨
E16,81D,江若交通,高島線,野田口
E16,820,江若交通,高島線,宮野
E16,821,江若交通,高島線,野田公園前
E16,828,江若交通,高島線,野田北
E16,82D,江若交通,高島線,安曇川中学校前
E16,830,江若交通,高島線,下ノ城
E16,833,江若交通,高島線,馬場
E16,834,江若交通,高島線,三田
E16,835,京阪バス,,義仲寺
E16,836,江若交通,高島線,佐賀
E16,837,江若交通,高島線,佐賀区公園前
E16,838,京阪バス,,木ノ下町
E16,839,京阪バス,,丸ノ内町
E16,83A,江若交通,高島線,上寺
E16,83B,江若交通,高島線,田中
E16,83C,江若交通,高島線,新田
E16,83D,江若交通,高島線,河原
E16,83E,江若交通,高島線,横山
E16,83F,京阪バス,,衛生科学センター前
E16,840,京阪バス,,ローム滋賀前
E16,842,江若交通,高島線,武曽
E16,848,江若交通,朽木線,三重生
E16,84B,江若交通,朽木線,庄堺
E16,84D,江若交通,朽木線,健康の森前
E16,84F,江若交通,朽木線,南古賀
E16,852,江若交通,朽木線,南古賀西
E16,853,江若交通,朽木線,広瀬橋
E16,858,江若交通,朽木線,中野
E16,85D,江若交通,朽木線,長尾
E16,85F,江若交通,朽木線,長尾西口
E16,900,江若交通,朽木線,下荒川
E16,905,江若交通,朽木線,上荒川
E16,90D,江若交通,朽木線,高岩橋
E16,911,江若交通,朽木線,野尻
E16,913,江若交通,朽木線,朽木グランド前
E16,914,江若交通,朽木線,下市場
E16,915,江若交通,朽木線,朽木支所前
E16,918,江若交通,朽木線,朽木学校前
E16,91B,江若交通,朽木線,岩瀬
E16,91E,江若交通,朽木線,上岩瀬
E16,921,江若交通,朽木線,下古川
E16,922,江若交通,朽木線,古川
E16,924,江若交通,朽木線,上古川
E16,927,江若交通,朽木線,桑ノ橋
E16,92B,江若交通,朽木線,朽木大野
E16,92F,江若交通,朽木線,村井
E16,933,京阪バス,,松原(大津市)
E16,934,京阪バス,,唐橋前
E16,935,京阪バス,,宮ノ内
E16,936,京阪バス,,晴嵐小学校前
E16,937,京阪バス,,石山高校前
E16,938,京阪バス,,泉福寺
E16,939,京阪バス,,国分町
E16,93A,京阪バス,,国分団地
E16,93B,京阪バス,,栄町(大津市)
E16,93C,京阪バス,,仏神寺
E16,93D,京阪バス,,東レ正門前(おりば専用)
E16,93E,京阪バス,,国分一丁目
E16,93F,京阪バス,,幻住庵
E16,A00,京都京阪バス,六地蔵線,京阪六地蔵
E16,A01,京都京阪バス,六地蔵線(京都外環状線),新六地蔵橋
E16,A03,京都京阪バス,六地蔵線(京都外環状線),JR六地蔵北口
E16,A04,京都京阪バス,六地蔵線,JR六地蔵
E16,A05,京都京阪バス,六地蔵線(御蔵山循環),御園
E16,A06,京都京阪バス,六地蔵線(御蔵山循環),幼稚園前
E16,A07,京都京阪バス,六地蔵線(御蔵山循環),中住宅
E16,A08,京都京阪バス,六地蔵線(御蔵山循環),御蔵山
E16,A09,京都京阪バス,六地蔵線(御蔵山循環),西住宅
E16,A0A,京都京阪バス,六地蔵線(東御蔵山循環),御蔵山参道
E16,A0B,京都京阪バス,六地蔵線(東御蔵山循環),木幡小学校
E16,A0C,京都京阪バス,六地蔵線(東御蔵山循環),金草原
E16,A0D,京都京阪バス,六地蔵線(東御蔵山循環),東宇治高校
E16,A0E,京都京阪バス,六地蔵線(東御蔵山循環),頼政道
E16,A0F,京都京阪バス,六地蔵線(東御蔵山循環),東御蔵山中央
E16,A10,京都京阪バス,六地蔵線(東御蔵山循環),東御蔵山
E16,A11,京都京阪バス,六地蔵線(東御蔵山循環),平尾南
E16,A12,京都京阪バス,六地蔵線(東御蔵山循環),日野田頬町
E16,A13,京都京阪バス,六地蔵線(東御蔵山循環),なごみの里病院
E16,A14,京都京阪バス,六地蔵線(東御蔵山循環),日野西川頬
E16,A15,京都京阪バス,六地蔵線(東御蔵山循環),石田
E16,A16,京都京阪バス,六地蔵線(東御蔵山循環),石田南
E16,A17,京都京阪バス,六地蔵線(東御蔵山循環),畑町
E16,A18,京都京阪バス,六地蔵線(東御蔵山循環),町並
E16,A34,京阪バス,,大浜
E16,A35,京阪バス,,石山小学校前
E16,A36,京阪バス,,石山幼稚園前
E16,A37,京阪バス,,野々宮
E16,A38,京阪バス,,石山団地口
E16,A39,京阪バス,,石山団地中央
E16,A3A,京阪バス,,石山団地
E16,A3B,江若交通,朽木線,上古賀
E16,A3C,江若交通,朽木線,上古賀口
E16,A3D,京阪バス,,大津車庫
E16,A40,江若交通,朽木線/はーとバス,下古賀
E16,A41,江若交通,朽木線,広瀬小学校前
E16,A48,江若交通,朽木線/安曇川町循環,安曇川郵便局前
E16,A49,江若交通,朽木線,西万木
E16,A4A,江若交通,安曇川町循環,西万木東口
E16,A4B,江若交通,安曇川町循環,青柳
E16,A4C,江若交通,安曇川町循環/高島線,西万木今宮神社前
E16,A4D,江若交通,安曇川町循環/高島線,平和堂あどがわ店
E16,A4E,江若交通,安曇川町循環,図書館前
E16,A50,江若交通,安曇川町循環,藤樹記念館前
E16,A52,江若交通,安曇川町循環,藤樹書院前
E16,A54,江若交通,安曇川町循環,下小川
E16,A56,江若交通,安曇川町循環,横江
E16,A58,江若交通,安曇川町循環,藤江
E16,A59,江若交通,安曇川町循環,横江浜
E16,A5A,江若交通,安曇川町循環,今在家
E16,A5B,江若交通,安曇川町循環,世代交流センター前
E16,A5C,江若交通,安曇川町循環,こどもの国前
E16,A5E,江若交通,安曇川町循環,北船木
E16,A5F,江若交通,安曇川町循環,北船木区事務所前
E16,A60,江若交通,安曇川町循環,南船木交差点
E16,A62,江若交通,安曇川町循環,南船木西口
E16,B00,京都京阪バス,黄檗宇治大久保線,JR黄檗駅
E16,B01,京都京阪バス,黄檗宇治大久保線,平野町
E16,B02,江若交通,安曇川町循環,リバーサイド
E16,B03,京阪京都交通,,星の坂2番
E16,B04,京阪京都交通,,星の坂3番
E16,B05,京阪京都交通,,星の坂4番
E16,B06,京阪京都交通,,星の坂5番
E16,B08,京都京阪バス,,隼上り
E16,B0A,京都京阪バス,,三室戸
E16,B0B,京都京阪バス,,谷下り
E16,B0C,京都京阪バス,,門前
E16,B0D,京都京阪バス,,明星町1丁目
E16,B0E,京都京阪バス,,明星町2丁目
E16,B0F,京阪京都交通,,星の坂6番
E16,B10,京都京阪バス,あじさい号 163系統,㋷三室戸寺
E16,B11,京都京阪バス,折居台明星町線 40/40A,菟道荒槙
E16,B12,京都京阪バス,,京阪宇治駅
E16,B13,京都京阪バス,,宇治橋西詰
E16,B14,京都京阪バス,,JR宇治駅
E16,B15,京都京阪バス,,総合庁舎前
E16,B16,京都京阪バス,宇治大久保淀線 21系統,西町
E16,B17,京都京阪バス,,城南荘前
E16,B18,京都京阪バス,,神明
E16,B19,京都京阪バス,宇治大久保淀線/宇治久御山団地線,宇治支援学校
E16,B1A,京都京阪バス,,JR新田駅
E16,B1B,京都京阪バス,,近鉄大久保
E16,B1C,京都京阪バス,,緑ヶ原口
E16,B20,京都京阪バス,佐山大久保線/宇治大久保淀線 20/21/21A/21D系統,佐山
E16,B21,京都京阪バス,宇治大久保淀線 21/21A/21B/21D系統,下津屋口
E16,B22,京都京阪バス,宇治大久保淀線 21/21A/21B/21D系統,下津屋
E16,B23,京都京阪バス,宇治大久保淀線 21/21A/21B/21D系統,田井(久御山町)
E16,B24,京都京阪バス,宇治大久保淀線 21/21A/21B系統,久御山町役場前
E16,B25,京都京阪バス,宇治大久保淀線 21/21A/21B系統,島田
E16,B26,京都京阪バス,宇治大久保淀線 21/21A/21B系統,生津
E16,B27,京都京阪バス,宇治大久保淀線 21/21A/21B系統,藤和田
E16,B28,京都京阪バス,宇治大久保淀線 21/21A/21B系統,北川顔
E16,B29,京都京阪バス,宇治大久保淀線 21/21A/21B系統,淀新町
E16,B2B,京都京阪バス,,京阪宇治駅
E16,B2C,京都京阪バス,,京阪淀駅
E16,B30,京都京阪バス,,新成田
E16,B33,京阪バス,,滋賀大前
E16,B34,京阪バス,,平津
E16,B35,京阪バス,,赤川
E16,B37,京都京阪バス,,野村口
E16,B38,京都京阪バス,,まちの駅イオンモール久御山
E16,B39,京都京阪バス,,西大手筋
E16,B3A,京都京阪バス,,中書島(竹田街道)
E16,B3B,京阪バス,,北千町
E16,B3C,京都京阪バス,,宇治市役所
E16,B3D,京都京阪バス,,琵琶台口
E16,B3E,京阪バス,,南郷中学校
E16,B3F,京阪バス,,南郷二丁目
E16,B40,京阪バス,,南郷二丁目東
E16,B41,京阪バス,,千寿の郷
E16,B42,京都京阪バス,,太陽が丘西ゲート前
E16,B44,京都京阪バス,,立命館宇治高校
E16,B4B,京都京阪バス,折居台明星町線 40/40A,宇治文化センター
E16,B4C,京都京阪バス,,太陽が丘ゲート前
E16,B4D,京都京阪バス,,太陽が丘
E16,B4E,京都京阪バス,,白川峠
E16,B53,京都京阪バス,,銘城台
E16,B54,京都京阪バス,,下町
E16,B55,京都京阪バス,,郷之口 (宇治茶の郷前)
E16,B56,京都京阪バス,,役場南 (宇治田原町)
E16,B57,京都京阪バス,,ね田
E16,B58,京都京阪バス,,大宮道
E16,B59,京都京阪バス,,維中前 宇治田原バスセンター
E16,B5A,京都京阪バス,,岩山
E16,B5B,京都京阪バス,,長山口
E16,B5C,京都京阪バス,,宇治田原小学校
E16,B5D,京都京阪バス,,工業団地口
E16,C03,京都京阪バス,,緑苑坂
E16,C08,京都京阪バス,大久保宮ノ谷線 58A,大谷(城陽市)
E16,C22,京都京阪バス,新田辺宇治田原線,多賀口
E16,C25,江若交通,はーとバス,北畑
E16,C28,京都京阪バス,新田辺宇治田原線,田辺職安前
E16,C29,京都京阪バス,新田辺宇治田原線,JR京田辺(路上)
E16,C2A,京都京阪バス,新田辺宇治田原線,JR京田辺(ロータリー)
E16,C2B,京都京阪バス,,近鉄新田辺
E16,C2C,京都京阪バス,大久保太陽が丘線/黄檗宇治大久保線,JR新田駅南口
E16,C33,京阪バス,,南郷一丁目
E16,C34,京阪バス,,南郷洗堰
E16,C35,京阪バス,,南郷
E16,C36,京阪バス,,岡の平
E16,C37,京阪バス,,新浜
E16,C38,京阪バス,,蛙岩
E16,C39,京阪バス,,立木観音前
E16,C3A,京阪バス,,鹿跳橋
E16,C3B,京阪バス,,白州不動尊前
E16,C3D,京阪バス,,外畑
E16,C3F,江若交通,はーとバス,川原市
E16,C5C,江若交通,琵琶湖大橋線,免許センター前
E16,D00,京都京阪バス,,小倉
E16,D01,京都京阪バス,,近鉄小倉
E16,D02,京都京阪バス,,徳洲会病院
E16,D03,京都京阪バス,,三軒家
E16,D04,京都京阪バス,,槇島コミセン
E16,D05,京都京阪バス,,大川原
E16,D06,京都京阪バス,,目川
E16,D07,京都京阪バス,,京都文教前
E16,D08,京都京阪バス,,上島西
E16,D09,京都京阪バス,,二ノ丸小学校前
E16,D0A,京都京阪バス,,近鉄向島駅前
E16,D0B,京都京阪バス,,四ツ谷池
E16,D1A,京阪京都交通,川東線F11,保津
E16,D1B,京阪京都交通,川東線F11,北保津
E16,D1C,京阪京都交通,川東線F11,保津ヶ丘
E16,D1D,京阪京都交通,川東線F11,毘沙門
E16,D1E,京阪京都交通,川東線F11,国分
E16,D1F,京阪京都交通,川東線F11,七谷川
E16,D20,京阪京都交通,川東線F11,江島里
E16,D21,京阪京都交通,川東線F11,中村
E16,D22,京阪京都交通,川東線F11,出雲神社前
E16,D23,京阪京都交通,川東線F11,出雲
E16,D24,京阪京都交通,川東線F11,出雲台
E16,D25,京阪京都交通,川東線F11,小口
E16,D26,京阪京都交通,川東線F11/F12,池尻
E16,D27,京阪京都交通,川東線F11/F12,亀岡川東学園前
E16,D28,京阪京都交通,川東線F11/F12,馬路中
E16,D29,京阪京都交通,川東線F11/F12,馬路南
E16,D33,京阪バス,,宮前橋
E16,D34,京阪バス,,大石小学校
E16,D35,京阪バス,,東大石淀町
E16,D36,京阪バス,,西大石淀町
E16,D37,京阪バス,,ゴルフ場前
E16,D38,京阪バス,,曽束口
E16,D39,京阪バス,,曽束中
E16,D3A,京阪バス,,曽束
E16,D3B,京阪バス,,びわこ池田墓園
E16,D3D,京阪バス,,桜谷口
E16,D3E,京阪バス,,桜谷中央
E16,D3F,京阪バス,,極楽橋
E16,D40,京阪バス,,桜公園東
E16,D5D,京阪京都交通,,国道佐伯
E16,E00,京都京阪バス,鴻ノ巣山運動公園近鉄寺田線 520/525系統,近鉄寺田
E16,E01,京都京阪バス,鴻ノ巣山運動公園近鉄寺田線 520/525系統,文化パルク城陽
E16,E02,京都京阪バス,鴻ノ巣山運動公園近鉄寺田線 520/525系統,保健センター前
E16,E03,京都京阪バス,鴻ノ巣山運動公園近鉄寺田線 520/525系統,庭井南
E16,E04,京都京阪バス,鴻ノ巣山運動公園近鉄寺田線 520/525系統,寺田南小学校
E16,E05,京都京阪バス,鴻ノ巣山運動公園近鉄寺田線 520/525系統,城陽郵便局
E16,E06,京都京阪バス,鴻ノ巣山運動公園近鉄寺田線/プラムイン城陽長池線 520/525/580/582系統,城陽市役所
E16,E07,京都京阪バス,鴻ノ巣山運動公園近鉄寺田線/プラムイン城陽長池線 520/521/525/580/582/583系統,JR城陽駅
E16,E0F,京都京阪バス,鴻ノ巣山運動公園近鉄寺田線 520/521/525系統,鴻ノ巣山公園
E16,E10,京都京阪バス,鴻ノ巣山運動公園近鉄寺田線/プラムイン城陽長池線 520/521/525/580/582/583系統,プラムイン城陽
E16,E15,京都京阪バス,プラムイン城陽長池線/鴻ノ巣山運動公園近鉄寺田線 520/525/580/582/583系統,男女参画センター
E16,E16,京都京阪バス,プラムイン城陽長池線 580/582系統,寺田駅東口
E16,E17,京都京阪バス,プラムイン城陽長池線 580/582系統,樋尻
E16,E18,京都京阪バス,プラムイン城陽長池線 580/582系統,佐伯幼稚園
E16,E19,京都京阪バス,プラムイン城陽長池線 580/582系統,若葉
E16,E1A,京都京阪バス,プラムイン城陽長池線 580/582系統,西城陽高校
E16,E1B,京都京阪バス,プラムイン城陽長池線 580/582系統,水主団地
E16,E1C,京都京阪バス,プラムイン城陽長池線 580系統,水主
E16,E1D,京都京阪バス,プラムイン城陽長池線 580系統,大三戸
E16,E1E,京都京阪バス,プラムイン城陽長池線 580系統,西ノ口(城陽市)
E16,E1F,京都京阪バス,プラムイン城陽長池線 580系統,島ノ宮
E16,E20,京都京阪バス,プラムイン城陽長池線 580系統,富野郵便局
E16,E21,京都京阪バス,プラムイン城陽長池線 580系統,近鉄富野荘
E16,E22,京都京阪バス,プラムイン城陽長池線 580系統,西富野
E16,E23,京都京阪バス,プラムイン城陽長池線 580系統,JA城陽南支店
E16,E24,京都京阪バス,プラムイン城陽長池線 580系統,堀口
E16,E25,京都京阪バス,プラムイン城陽長池線 580系統,東富野
E16,E26,京都京阪バス,プラムイン城陽長池線 580系統,富野幼稚園
E16,E27,京都京阪バス,プラムイン城陽長池線 580系統,長池駅口
E16,E28,京都京阪バス,プラムイン城陽長池線 580系統,アル・プラザ城陽
E16,E33,京阪バス,,大石中
E16,E35,京阪バス,,奥出
E16,E37,京阪バス,,小田原口
E16,E38,京阪バス,,小田原
E16,F00,京阪バス,,立命館大学びわこ・くさつ
E16,F0A,京阪京都交通,,龍谷大学瀬田キャンパス
E16,1000,京都京阪バス,,宇治田原郵便局前 (やんたんぐち)
E16,1001,江若交通,はーとバス,新旭駅 (1番)
E16,1003,江若交通,はーとバス,今市・辻沢
E16,1006,江若交通,はーとバス,五十川神社前
E16,1007,江若交通,はーとバス,五十川
E16,1009,江若交通,はーとバス,岡会議所前
E16,100B,江若交通,はーとバス,日爪
E16,100C,江若交通,はーとバス,もりっこ前
E16,100D,江若交通,はーとバス,岡
E16,100F,江若交通,はーとバス,岡バイパス交差点
E16,1011,江若交通,はーとバス,木津
E16,1013,江若交通,はーとバス,森
E16,1014,江若交通,はーとバス,ホリゾン前
E16,1015,江若交通,はーとバス,田井
E16,1017,江若交通,はーとバス,霜降
E16,1019,江若交通,はーとバス,針江公民館前
E16,101A,京阪京都交通,畑野千代川線F41/F43,宮川
E16,101B,江若交通,はーとバス,針江・小池
E16,101D,江若交通,はーとバス,日吉二宮神社前
E16,101F,江若交通,はーとバス,深溝
E16,1021,江若交通,はーとバス,藁園・六石丸
E16,1023,江若交通,はーとバス,藁園神社前
E16,1029,江若交通,はーとバス,市役所前 (高島市)
E16,102D,江若交通,はーとバス,新庄・本町
E16,102E,江若交通,,新庄
E16,102F,江若交通,はーとバス,新庄・大善寺前
E16,1031,江若交通,はーとバス,南小学校前
E16,1032,京阪京都交通,園篠線・八田線,園部河原町
E16,1033,江若交通,はーとバス,新旭養護学校前
E16,1035,江若交通,はーとバス,太田・蒲生
E16,1037,江若交通,はーとバス,太田・北町
E16,1039,江若交通,はーとバス,大田神社前
E16,103B,江若交通,はーとバス,太田・東出口
E16,103D,江若交通,はーとバス,太田・日光苑
E16,1047,江若交通,はーとバス,藁園ふれあい会館前
E16,1049,江若交通,はーとバス,藁園・四の坪
E16,104D,江若交通,はーとバス,太田・中川原
E16,104F,江若交通,はーとバス,平井
E16,1051,江若交通,はーとバス,安養寺
E16,1055,江若交通,はーとバス,安養寺・西
E16,1057,江若交通,はーとバス,井ノ口
E16,1058,江若交通,はーとバス,下古賀東
E16,1063,江若交通,はーとバス,五十川住宅前
E16,1101,江若交通,はーとバス,水鳥観察センター前
E16,1103,江若交通,はーとバス,木津浜
E16,1105,江若交通,はーとバス,近江今津駅
E16,1133,京阪バス,,東山二条
E16,1134,京阪バス,,熊野神社前
E16,1135,京阪バス,,近衛通
E16,1136,京阪バス,,京大正門
E16,1137,京阪バス,,百万遍
E16,1138,京阪バス,,京大農学部
E16,1139,京阪バス,,銀閣寺道
E16,113A,京阪バス,,別当町
E16,113B,京阪バス,,北白川仕伏町
E16,113D,京阪バス,,北白川琵琶町
E16,113E,京阪バス,,地蔵谷
E16,113F,京阪バス,,岩坂
E16,1140,京阪バス,,京阪出町柳
E16,1200,京阪バス,,三条京阪
E16,1234,京阪バス,,東山三条
E16,1235,京阪バス,,神宮道
E16,1236,京阪バス,,三条広道
E16,1237,京阪バス,,蹴上
E16,1238,京阪バス,,祇園
E16,1239,京阪バス,,五条坂
E16,123A,京阪バス,,池田町(国道)
E16,123B,京阪バス,,清閑寺山ノ内町
E16,123D,京阪バス,,馬町
E16,123E,京阪バス,,池田町(渋谷街道)
E16,1241,京阪バス,,四条京阪 (祇園四条駅)
E16,1242,京阪バス,,東山安井
E16,1243,京阪バス,,清水道
E16,1244,京阪バス,,五条大和大路
E16,1245,京阪バス,,上馬町
E16,1246,京阪バス,,将軍塚青龍殿
E16,1247,京阪バス,東山ドライブウェイ 70,花山天文台・阿含
E16,1300,京阪バス,,四条大宮
E16,1301,江若交通,ピエリ守山線,ピエリ守山
E16,1302,江若交通,ピエリ守山線,第一なぎさ公園
E16,1303,江若交通,ピエリ守山線,琵琶湖マリオットホテル
E16,1304,江若交通,比叡山内シャトルバス,比叡山頂
E16,1305,江若交通,比叡山内シャトルバス,東塔
E16,1314,京阪バス,,四条烏丸
E16,131E,京阪バス,,四条河原町
E16,1328,京阪京都交通,,烏丸五条
E16,1332,京阪バス,,五条京阪 (清水五条駅)
E16,133C,京阪バス,,二条駅
E16,133D,京阪バス,,河原町三条
E16,133E,京阪バス,,烏丸松原
E16,133F,京阪京都交通,,大宮五条
E16,1340,京阪バス,,河原町五条
E16,1341,京阪バス,,四条高倉
E16,1344,京阪バス,,河原町松原
E16,1345,京阪バス,,五条高倉
E16,1346,京阪バス,,大宮松原
E16,1347,京阪京都交通,,堀川五条
E16,1348,京阪京都交通,,五条西洞院
E16,1349,京阪京都交通,,七条京阪前
E16,134A,京阪京都交通,,烏丸七条
E16,134B,京阪京都交通,,烏丸六条
E16,1350,京阪バス,,烏丸御池
E16,1351,京阪バス,,京都市役所前
E16,1400,京阪京都交通,,京都駅前
E16,1404,京阪バス,,西本願寺前
E16,1405,京阪バス,西本願寺清水寺ライン 308系統,西本願寺 (聞法会館前)
E16,1406,京阪バス,,梅小路・ホテルエミオン京都
E16,1407,京阪バス,300系統,七条壬生川
E16,140A,京阪京都交通,,西大路四条
E16,140F,京阪バス,,京都駅(ザ・サウザンドキョウト前)
E16,141E,京阪京都交通,,京都先端大(太秦キャンパス)
E16,1433,京阪京都交通,,七条大宮・京都水族館前
E16,1434,京阪京都交通,,梅小路公園・JR梅小路京都西駅
E16,1435,京阪京都交通,,七条千本
E16,1436,京阪京都交通,,七条御前通
E16,1437,京阪京都交通,,西大路七条
E16,1438,京阪京都交通,,月読橋
E16,1439,京阪京都交通,,大門町
E16,143A,京阪京都交通,,川勝寺
E16,143B,京阪京都交通,,東側町
E16,143D,京阪京都交通,,西京極小学校前
E16,143E,京阪京都交通,,葛野大路八条
E16,143F,京阪京都交通,,桂小橋
E16,1440,京阪京都交通,,桂大橋
E16,1441,京阪京都交通,,京都リサーチパーク前
E16,1442,京阪京都交通,,市立病院前
E16,1443,京阪京都交通,,西大路五条
E16,1444,京阪京都交通,,中ノ橋五条
E16,1445,京阪京都交通,,光華女子学園前
E16,1447,京阪京都交通,,西京極運動公園前
E16,1448,京阪京都交通,,西大橋西詰
E16,1449,京阪京都交通,,上桂御正町
E16,144A,京阪京都交通,,上桂前田町
E16,144B,京阪京都交通,,千代原口
E16,144C,京阪京都交通,,御陵町
E16,144D,京阪京都交通,,国道三ノ宮
E16,1454,京阪京都交通,,桂離宮前
E16,1455,京阪京都交通,,桂消防署前
E16,1533,京阪バス,,立命館大学衣笠
E16,1600,京阪京都交通,,京都駅八条口
E16,160A,京阪京都交通,,JR桂川駅前
E16,1633,京阪バス,,東寺道
E16,1634,京阪バス,,九条近鉄前
E16,1636,京阪バス,,東寺南門
E16,1637,京阪バス,,市民防災センター
E16,1638,京阪バス,,上鳥羽
E16,1639,京阪バス,,九条駅前
E16,163A,京阪バス,,大石橋 (九条駅)
E16,163B,京阪バス,,十条駅
E16,163C,京阪バス,,久世橋通新町西詰
E16,163F,京阪バス,,十条油小路
E16,1647,京阪京都交通,,北上久世
E16,1648,京阪京都交通,,下津林中島
E16,1649,京阪京都交通,,牛ヶ瀬
E16,164A,京阪京都交通,,下津林大般若町
E16,164B,京阪京都交通,,下津林六反田
E16,164C,京阪京都交通,,桂高校前
E16,1650,京阪京都交通,,洛西口駅前
E16,1651,京阪京都交通,,物集女
E16,1652,京阪京都交通,,向日回生病院前
E16,1653,京阪京都交通,,北ノ口
E16,1654,京阪京都交通,,史跡公園前
E16,1655,京阪京都交通,,平田町
E16,1800,京阪バス,,山科駅
E16,180A,京阪バス,,外環三条
E16,1833,京阪バス,,九条山
E16,1834,京阪バス,,日ノ岡
E16,1835,京阪バス,,御陵東
E16,1836,京阪バス,,京都薬科大学
E16,1837,京阪バス,,五条別
E16,1838,京阪バス,,竹鼻
E16,1839,京阪バス,,山階校前
E16,183A,京阪バス,,上花山花ノ岡町
E16,183B,京阪バス,,上花山久保町
E16,183D,京阪バス,,川田道
E16,183E,京阪バス,,山科西野
E16,183F,京阪バス,,国道東野
E16,1840,京阪バス,,石塚町
E16,1841,京阪バス,,北花山
E16,1843,京阪バス,,中道町
E16,1844,京阪バス,,岸ノ下町
E16,1845,京阪バス,,西今屋敷
E16,1847,京阪バス,,山科団地
E16,1848,京阪バス,,今屋敷
E16,1849,京阪バス,,地蔵寺
E16,184A,京阪バス,,四ノ宮
E16,184B,京阪バス,,国道音羽
E16,184C,京阪バス,,大塚野溝町
E16,184D,京阪バス,,国道大塚
E16,184E,京阪バス,,上花山
E16,184F,京阪バス,,東野片下り町
E16,1851,京阪バス,,今屋敷公園
E16,1852,京阪バス,,北部農協
E16,1853,京阪バス,,様子見町
E16,1854,京阪バス,,広見町
E16,1855,京阪バス,,山科団地南
E16,1856,京阪バス,,西野山階町
E16,1857,京阪バス,,陵ヶ岡天智天皇陵
E16,1858,京阪バス,,御陵駅
E16,1859,京阪バス,,音羽病院
E16,1933,京阪バス,,東野
E16,1934,京阪バス,,八反畑
E16,1935,京阪バス,,椥辻駅
E16,1936,京阪バス,,一本道
E16,1937,京阪バス,,蚊ヶ瀬
E16,1938,京阪バス,,北大塚(京都市)
E16,1939,京阪バス,,南大塚
E16,193A,京阪バス,,大宅打明町
E16,193B,京阪バス,,大宅
E16,193D,京阪バス,,大宅甲ノ辻
E16,193E,京阪バス,,山科警察署前
E16,193F,京阪バス,,川田 (清水焼団地)
E16,1940,京阪バス,,花山稲荷
E16,1941,京阪バス,,清水焼団地
E16,1942,京阪バス,,射庭ノ上町
E16,1943,京阪バス,,大石神社
E16,1944,京阪バス,,西野山団地
E16,1945,京阪バス,,勧修寺泉玉町
E16,1947,京阪バス,,勧修寺北出町
E16,1948,京阪バス,,小野隨心院口
E16,1949,京阪バス,,小野駅
E16,194A,京阪バス,,勧修寺下ノ茶屋町
E16,194C,京阪バス,,折上神社
E16,194D,京阪バス,,栗栖野
E16,194E,京阪バス,,勧修寺
E16,194F,京阪バス,,勧修寺東栗栖野町
E16,1951,京阪バス,,岩屋神社
E16,1952,京阪バス,,大塚檀ノ浦
E16,1953,京阪バス,,妙見寺
E16,1954,京阪バス,,大塚丹田
E16,1955,京阪バス,,小山南溝町
E16,1956,京阪バス,,小山
E16,1957,京阪バス,,小山北林町
E16,1958,京阪バス,,京都橘大学
E16,1959,京阪バス,,栗栖野華ノ木町
E16,195B,京阪バス,,おちり池
E16,195C,京阪バス,,山階南小学校
E16,195D,京阪バス,,舞台町
E16,195E,京阪バス,,森野町
E16,195F,京阪バス,,椥辻橋
E16,1960,京阪バス,,山科総合庁舎
E16,1961,京阪バス,,隨心院
E16,1962,京阪バス,,大宅中学校 (京都橘大学下)
E16,1A00,京阪バス,,醍醐バスターミナル
E16,1A33,京阪バス,,醍醐上ノ山町
E16,1A34,京阪バス,,醍醐新町
E16,1A35,京阪バス,,醍醐寺前
E16,1A36,京阪バス,,醍醐寺
E16,1A37,京阪バス,,醍醐辻
E16,1A38,京阪バス,,醍醐和泉町
E16,1A39,京阪バス,,一言寺
E16,1A3A,京阪バス,,合場川
E16,1A3B,京阪バス,,西醍醐上ノ山町
E16,1A3D,京阪バス,,中山団地
E16,1A3E,京阪バス,,醍醐北西裏町
E16,1A3F,京阪バス,,醍醐駅
E16,1A40,京阪バス,,醍醐池田町
E16,1A41,京阪バス,,大受団地
E16,1A42,京阪バス,,醍醐折戸町
E16,1A43,京阪バス,,北小栗栖
E16,1A44,京阪バス,,南小栗栖
E16,1A45,京阪バス,,醍醐北団地
E16,1A47,京阪バス,,北団地東
E16,1A48,京阪バス,,醍醐天皇陵
E16,1A49,京阪バス,,醍醐寺口
E16,1A4A,京阪バス,,御霊ヶ下町
E16,1A4B,京阪バス,,醍醐新和泉町
E16,1B00,京阪バス,,京阪六地蔵
E16,1B33,京阪バス,,石田
E16,1B34,京阪バス,,畑町
E16,1B35,京阪バス,,町並
E16,1B36,京阪バス,,日野誕生院
E16,1B37,京阪バス,,日野薬師
E16,1B38,京阪バス,,日野
E16,1B39,京阪バス,,日野西川頬
E16,1B3A,京阪バス,,なごみの里病院北
E16,1B3D,京阪バス,,小栗栖
E16,1B3E,京阪バス,,小栗栖団地
E16,1B3F,京阪バス,,山ノ下
E16,1B40,京阪バス,,新六地蔵橋
E16,1B41,京阪バス,,武田総合病院
E16,1B42,京阪バス,,なごみの里病院
E16,1B43,京阪バス,,石田駅
E16,1B44,京阪バス,,JR六地蔵北口
E16,1B45,京阪バス,,JR六地蔵
E16,1B47,京阪バス,,石田南
E16,1B48,京阪バス,,御園
E16,1B49,京阪バス,,幼稚園前
E16,1B4A,京阪バス,,中住宅
E16,1B4B,京阪バス,,御蔵山
E16,1B4C,京阪バス,,西住宅
E16,1B4D,京阪バス,,御蔵山参道
E16,1B4E,京阪バス,,木幡小学校
E16,1B4F,京阪バス,,金草原
E16,1B50,京阪バス,,東宇治高校
E16,1B51,京阪バス,,頼政道
E16,1B52,京阪バス,,東御蔵山中央
E16,1B53,京阪バス,,東御蔵山
E16,1B57,京阪バス,,平尾南
E16,1B58,京阪バス,,日野田頬町
E16,1C02,京阪バス,,稲荷大社前
E16,1C05,京阪バス,,龍谷大学前
E16,1C33,京阪バス,,十条相深町
E16,1C36,京阪バス,,藤ノ森
E16,1C38,京阪バス,,直違橋一丁目
E16,1C3F,京阪バス,,丹波橋駅東
E16,1C40,京阪バス,,竹田出橋
E16,1C41,京阪バス,,青少年科学センター
E16,1C42,京阪バス,,京都医療センター
E16,1C43,京阪バス,,深草谷口町
E16,1C44,京阪バス,,深草馬谷町
E16,1C45,京阪バス,,中ノ茶屋観光農園前
E16,1D33,京阪バス,,東町
E16,1D34,京阪バス,,桃山南口
E16,1D35,京阪バス,,伊賀
E16,1D36,京阪バス,,江戸町
E16,1D37,京阪バス,,観月橋北詰
E16,1D3A,京阪バス,,京都橘高校
E16,1D43,京阪バス,,伊賀団地
E16,1E00,京阪バス,,中書島(竹田街道)
E16,1E0A,京阪バス,,竹田駅西口
E16,1E0B,京阪バス,,竹田西段川原町
E16,1E14,京阪バス,,竹田駅東口
E16,1E1E,京阪京都交通,,京阪中書島
E16,1E33,京阪バス,,城南宮
E16,1E34,京阪バス,,赤池
E16,1E35,京阪バス,,下鳥羽城ノ越町
E16,1E36,京阪バス,,下鳥羽
E16,1E37,京阪バス,,西大手筋
E16,1E38,京阪バス,,三栖公園前
E16,1E39,京阪バス,,国道大手筋
E16,1E3A,京阪バス,,パルスプラザ前
E16,1E3B,京阪バス,,城南宮東口
E16,1E3D,京阪バス,,京橋
E16,1E3E,京阪バス,,竹田内畑町
E16,1E3F,京阪バス,,油小路丹波橋・アクト京都前
E16,1E40,京阪バス,,伏見警察署前
E16,1E41,京阪バス,,三栖大黒町
E16,1F0A,京阪バス,,京阪淀駅
E16,1F35,京阪バス,,大下津
E16,1F36,京阪バス,,八丁畷
E16,1F37,京阪バス,,横大路
E16,1F38,京阪バス,,南横大路
E16,1F39,京阪バス,,富ノ森
E16,1F3A,京阪バス,,納所北城堀
E16,1F3B,京阪バス,,納所町
E16,2000,京阪京都交通,,桂駅東口
E16,2001,京阪京都交通,,川島町
E16,2002,京阪京都交通,,川島粟田町
E16,2003,京阪京都交通,,樫原
E16,2004,京阪京都交通,,公会堂前
E16,2005,京阪京都交通,,三ノ宮
E16,2006,京阪京都交通,,国道中山
E16,2007,京阪京都交通,,国道塚原
E16,2008,京阪京都交通,,国道沓掛口
E16,2009,京阪京都交通,,芸大前
E16,200B,京阪京都交通,,国道沓掛
E16,200C,京阪京都交通,,薬師湯前
E16,200D,京阪京都交通,,沓掛西口 (京都霊園・京都成章高校前)
E16,200E,京阪京都交通,,京都成章高校前
E16,2010,京阪京都交通,,新林センター前
E16,2011,京阪京都交通,,新林池公園
E16,2012,京阪京都交通,,新林中通
E16,2013,京阪京都交通,,東新林町
E16,2014,京阪京都交通,,洛西バスターミナル
E16,2015,京阪京都交通,,竹の里小学校前
E16,2016,京阪京都交通,,東竹の里町
E16,2017,京阪京都交通,,西竹の里町
E16,2018,京阪京都交通,,境谷センター前
E16,2019,京阪京都交通,,洛西高校前
E16,201A,京阪京都交通,,新林公団住宅前
E16,201B,京阪京都交通,,境谷大橋
E16,201C,京阪京都交通,,北福西町一丁目
E16,201D,京阪京都交通,,京都明徳高校前
E16,201F,京阪京都交通,,西長天理教前
E16,2020,京阪京都交通,,西長出荷場前
E16,2021,京阪京都交通,,西長南口
E16,2022,京阪京都交通,,北春日町
E16,2023,京阪京都交通,,柳川
E16,2024,京阪京都交通,,北井
E16,2025,京阪京都交通,,南春日町
E16,2026,京阪京都交通,,灰方
E16,2027,京阪京都交通,,横井
E16,2029,京阪京都交通,,八幡前
E16,202A,京阪京都交通,,長峰
E16,2032,京阪京都交通,,桂駅西口
E16,2033,京阪京都交通,,野田町
E16,2034,京阪京都交通,,樫原小学校前
E16,2035,京阪京都交通,,樫原水築町
E16,2036,京阪京都交通,,樫原塚ノ本町
E16,2037,京阪京都交通,,三ノ宮街道
E16,2038,京阪京都交通,,中山
E16,2039,京阪京都交通,,塚原
E16,203A,京阪京都交通,,桂坂口
E16,203B,京阪京都交通,,桂坂センター前
E16,203C,京阪京都交通,,樫原秤谷町
E16,203D,京阪京都交通,,沓掛
E16,203E,京阪京都交通,,天蓋公園前
E16,203F,京阪京都交通,,西桂坂
E16,2040,京阪京都交通,,ふれあいの里
E16,2041,京阪京都交通,,大枝山町西
E16,2042,京阪京都交通,,桂坂小学校前
E16,2043,京阪京都交通,,花の舞公園前
E16,2044,京阪京都交通,,大枝山町東
E16,2045,京阪京都交通,,峰ヶ堂町一丁目
E16,2046,京阪京都交通,,桂坂中央
E16,2047,京阪京都交通,,東桂坂
E16,2048,京阪京都交通,,桂御陵坂
E16,2049,京阪京都交通,,京大桂キャンパス前
E16,204A,京阪京都交通,,桂イノベーションパーク前
E16,204B,京阪京都交通,,樫原鴫谷
E16,204C,京阪京都交通,,峰ヶ堂町三丁目
E16,205B,京阪京都交通,,北沓掛町六丁目
E16,2100,京阪バス,,阪急大山崎
E16,210A,京阪バス,,JR山崎
E16,2133,京阪バス,,新山崎橋
E16,2134,京阪バス,,名神大山崎
E16,2135,京阪バス,,小畑橋
E16,2142,京阪バス,,洛西浄化センター
E16,2143,京阪バス,,落合橋
E16,2144,京阪バス,,久貝
E16,2145,京阪バス,,調子
E16,2146,京阪バス,,阪急西山天王山
E16,2147,京阪バス,,東浦
E16,2148,京阪バス,,清水ヶ口
E16,214F,京阪バス,,JR駅前通り
E16,2150,京阪バス,,JR長岡京
E16,2232,京阪バス,,JR黄檗駅
E16,2234,京阪バス,,平野町
E16,2235,京阪バス,,黄檗公園
E16,2236,京阪バス,,ニ番割
E16,2239,京阪バス,,新成田
E16,223B,京阪バス,,二ノ丸小学校前
E16,223C,京阪バス,,三室戸
E16,223D,京阪バス,,森本
E16,223E,京阪バス,,隼上り
E16,223F,京阪バス,,羽戸山2丁目
E16,2241,京阪バス,,黄檗台
E16,224F,京阪バス,,羽戸山3丁目
E16,2250,京阪バス,,近鉄向島駅前
E16,2251,京阪バス,,四ツ谷池
E16,2252,京阪バス,,上島西
E16,2253,京阪バス,,京都文教前
E16,2254,京阪バス,,目川
E16,2259,京阪バス,,小倉
E16,225A,京阪バス,,近鉄小倉
E16,2333,京阪バス,,豊前丈
E16,2334,京阪バス,,くつわ池
E16,2335,京阪バス,,みどりが丘
E16,2336,京阪バス,,ゆうゆうの里
E16,2337,京阪バス,,白川峠
E16,2347,京阪バス,,琵琶台1丁目
E16,2348,京阪バス,,琵琶台2丁目
E16,2349,京阪バス,,琵琶台3丁目
E16,234A,京阪バス,,小根尾
E16,234B,京阪バス,,太陽が丘西ゲート前
E16,234C,京阪バス,,植物公園
E16,234E,京阪バス,,宇治友が丘
E16,234F,京阪バス,,尖山
E16,2350,京阪バス,,寺山台東
E16,2351,京阪バス,,寺山台
E16,2352,京阪バス,,広野町宮谷
E16,2353,京阪バス,,大久保小学校
E16,2640,京阪バス,,久御山団地南
E16,2641,京阪バス,,久御山団地
E16,2642,京阪バス,,佐古
E16,2643,京都京阪バス,,久御山団地
E16,2644,京阪バス,,西栄町
E16,2649,京都京阪バス,,宮ノ後公園
E16,2651,京阪バス,,栄町(久御山町)
E16,2656,京阪バス,,まちの駅イオン久御山店前
E16,2733,京阪バス,,久津川
E16,2734,京阪バス,,下大谷
E16,2735,京阪バス,,大谷
E16,2737,京阪バス,,深谷
E16,2741,京阪バス,,山城大橋
E16,2742,京阪バス,,多賀口
E16,2743,京阪バス,,芦原
E16,2744,京阪バス,,青谷梅林
E16,2745,京阪バス,,南京都病院
E16,2747,京阪バス,,東芦原
E16,2748,京阪バス,,夫婦松
E16,2749,京阪バス,,一休温泉前
E16,274A,京阪バス,,明星ヶ原
E16,280E,京阪バス,,光台六丁目
E16,280F,京阪バス,,国立国会図書館
E16,2810,京阪バス,,木津川台住宅
E16,2811,京阪バス,,公園東通り
E16,282A,京阪バス,,けいはんなプラザ
E16,2833,京阪バス,,学研けいはんなプラザ
E16,2835,京阪バス,,光台七丁目
E16,2857,京都京阪バス,,茶源郷 和束
E16,2900,京阪バス,,石清水八幡宮駅
E16,2901,京阪バス,,森
E16,2902,京阪バス,,小西
E16,2903,京阪バス,,川口
E16,2904,京阪バス,,小宮
E16,2905,京阪バス,,下奈良
E16,2906,京阪バス,,上奈良
E16,2907,京阪バス,,御園神社
E16,2908,京阪バス,,八王子
E16,2909,京阪バス,,上津屋
E16,290B,京阪バス,,浜上津屋
E16,290C,京阪バス,,八幡市民体育館
E16,290D,京阪バス,,野尻
E16,290E,京阪バス,,西岩田
E16,290F,京阪バス,,岩田
E16,2910,京阪バス,,岩田南
E16,2911,京阪バス,,岩田北
E16,2912,京阪バス,,内里南
E16,2913,京阪バス,,内里
E16,2915,京阪バス,,有都小学校
E16,2916,京阪バス,,蜻蛉尻
E16,2917,京阪バス,74/79系統,新田
E16,2918,京阪バス,,101棟前
E16,2919,京阪バス,,106棟前
E16,291A,京阪バス,,金振西
E16,291B,京阪バス,,金振東
E16,291C,京阪バス,,男山商店街西
E16,291D,京阪バス,,男山商店街東
E16,291F,京阪バス,,B43棟前
E16,2920,京阪バス,,男山中央センター商店街前
E16,2921,京阪バス,,C13棟前
E16,2922,京阪バス,,C21棟前
E16,2923,京阪バス,,306棟前
E16,2924,京阪バス,,311棟前
E16,2925,京阪バス,,315棟前
E16,2926,京阪バス,,318棟前
E16,2929,京阪バス,,ソフィアモール
E16,292A,京阪バス,,クレイン京都
E16,292B,京阪バス,,欽明台北
E16,292C,京阪バス,,つつじ公園
E16,292D,京阪バス,,欽明台東
E16,292E,京阪バス,,あかねヶ丘
E16,2933,京阪バス,,旦所
E16,2934,京阪バス,,八幡小学校前
E16,2935,京阪バス,,八幡市役所前
E16,2936,京阪バス,,八幡郵便局前
E16,2937,京阪バス,,走上り
E16,2938,京阪バス,,志水
E16,2939,京阪バス,,公会堂前
E16,293A,京阪バス,,おさ田
E16,293B,京阪バス,,広門
E16,293D,京阪バス,,小松
E16,293E,京阪バス,,西戸津
E16,293F,京阪バス,,戸津
E16,2940,京阪バス,,久保田
E16,2941,京阪バス,,大芝・松花堂前
E16,2942,京阪バス,,中央センター前
E16,2944,京阪バス,,御幸谷
E16,2945,京阪バス,,欽明台西
E16,2946,京阪バス,,京阪橋本
E16,2947,京阪バス,,丸尾
E16,2948,京阪バス,,ひかり
E16,2949,京阪バス,,男山車庫
E16,294A,京阪バス,,北センター
E16,294B,京阪バス,,さくら小学校
E16,294C,京阪バス,,京都八幡高校
E16,294D,京阪バス,,弓岡
E16,294E,京阪バス,,しで原
E16,294F,京阪バス,,長谷
E16,2951,京阪バス,,くすのき小学校(八幡市)
E16,2952,京阪バス,,泉
E16,2953,京阪バス,,長沢
E16,2954,京阪バス,,塩釜
E16,2955,京阪バス,,明野
E16,2956,京阪バス,,橋本小学校
E16,2957,京阪バス,,吉井
E16,2958,京阪バス,,水珀南山
E16,2959,京阪バス,,水珀
E16,295A,京阪バス,,摂南大学薬用植物園
E16,295B,京阪バス,,金右衛門口
E16,295C,京阪バス,,京都八幡高校南学舎
E16,295D,京阪バス,,河原
E16,295E,京阪バス,,松里
E16,295F,京阪バス,,福禄谷
E16,2960,京阪バス,,摂南大学北口
E16,2961,京阪バス,,御幸南
E16,2962,京阪バス,,本郷
E16,2963,京阪バス,,きんめい公園
E16,2A00,京阪バス,,近鉄新田辺
E16,2A0A,京阪バス,,JR京田辺
E16,2A0B,京阪バス,,JR京田辺(ロータリー)
E16,2A14,京阪バス,,松井山手駅
E16,2A15,京阪バス,,山手中央
E16,2A16,京阪バス,,山手西
E16,2A17,京阪バス,,美濃山小学校
E16,2A18,京阪バス,,高速京田辺前
E16,2A31,京阪バス,,椿本チエイン
E16,2A33,京阪バス,,田辺本町
E16,2A34,京阪バス,,一休ヶ丘
E16,2A35,京阪バス,,長尾谷
E16,2A36,京阪バス,,茂ヶ谷
E16,2A37,京阪バス,,河内峠
E16,2A38,京阪バス,,天王
E16,2A39,京阪バス,,一休寺道
E16,2A3A,京阪バス,,茶屋前
E16,2A3B,京阪バス,,畠
E16,2A3D,京阪バス,,健康ヶ丘
E16,2A3E,京阪バス,,大住ヶ丘
E16,2A3F,京阪バス,,大住ヶ丘西
E16,2A40,京阪バス,,虚空蔵谷
E16,2A41,京阪バス,,花住坂
E16,2A42,京阪バス,,松井ヶ丘一丁目
E16,2A43,京阪バス,,大住ヶ丘北
E16,2A44,京阪バス,,館
E16,2A45,京阪バス,79系統,岡村
E16,2A47,京阪バス,,三野
E16,2A48,京阪バス,,健康村
E16,2A49,京阪バス,,稲葉
E16,2A4A,京阪バス,,田辺職安前
E16,2A4B,京阪バス,,田辺高校
E16,2A4C,京阪バス,,東(京田辺市)
E16,2A4D,京阪バス,,草内口
E16,2A4E,京阪バス,61系統,美禅
E16,2A4F,京阪バス,61系統,草内
E16,2A51,京阪バス,田辺八幡線 74系統,♿東田辺
E16,2A52,京阪バス,京田辺市内線/田辺八幡線 66/74系統,♿京田辺市役所
E16,2A53,京阪バス,,松井
E16,2A54,京阪バス,,松井東
E16,2A55,京阪バス,,八小路
E16,2A56,京阪バス,,大住
E16,2A57,京阪バス,,中島橋
E16,2A58,京阪バス,,大住浜
E16,2A59,京阪バス,,池嶋
E16,2A5B,京阪バス,,大日本印刷
E16,2A5C,京阪バス,,美濃山口
E16,2A5D,京阪バス,京田辺市内線 66系統,♿一休寺
E16,2A5E,京阪バス,京田辺市内線 66系統,♿薪井手
E16,2A5F,京阪バス,京田辺市内線/田辺八幡線 66/74系統,♿宝生苑
E16,2A60,京阪バス,京田辺市内線 66系統,♿松井ヶ丘三丁目
E16,2A61,京阪バス,京田辺市内線 66系統,♿山手東
E16,2A63,京阪バス,,高速京田辺
E16,2B33,京阪バス,コミュニティバスやわた,橋本東山本
E16,2B34,京阪バス,コミュニティバスやわた,かもしか公園前
E16,2B35,京阪バス,コミュニティバスやわた,橋本栗ヶ谷
E16,2B36,京阪バス,コミュニティバスやわた,あらかし近隣公園前
E16,2B37,京阪バス,コミュニティバスやわた,橋本東刈又
E16,2B38,京阪バス,コミュニティバスやわた,男山雄徳
E16,2B3A,京阪バス,コミュニティバスやわた,すみれ公園前
E16,2B3B,京阪バス,コミュニティバスやわた,男山泉
E16,2B3D,京阪バス,コミュニティバスやわた,生涯学習センター前
E16,2B3E,京阪バス,コミュニティバスやわた,八寿園前
E16,2B3F,京阪バス,コミュニティバスやわた,一区公会堂前
E16,2B40,京阪バス,コミュニティバスやわた,ありあけ公園前
E16,2B41,京阪バス,コミュニティバスやわた,あさひ公園前
E16,2B44,京阪バス,コミュニティバスやわた,川口別所
E16,2B47,京阪バス,コミュニティバスやわた,川口萩原
E16,2B48,京阪バス,コミュニティバスやわた,下奈良今里
E16,2B49,京阪バス,コミュニティバスやわた,下奈良二階堂
E16,2B4A,京阪バス,コミュニティバスやわた,都集会所前
E16,2B4B,京阪バス,コミュニティバスやわた,上奈良南ノ口
E16,2B4C,京阪バス,コミュニティバスやわた,内里宮ノ前
E16,2B4D,京阪バス,コミュニティバスやわた,野尻城究
E16,2B4E,京阪バス,コミュニティバスやわた,上津屋石ノ塔
E16,2B4F,京阪バス,コミュニティバスやわた,市民体育館
E16,2B50,京阪バス,コミュニティバスやわた,長沢北
E16,2B52,京阪バス,コミュニティバスやわた,市役所庁舎前(八幡市)
E16,2B53,京阪バス,,八幡東浦
E16,2C00,京阪京都交通,,JR亀岡駅南口
E16,2C01,京阪京都交通,,大本本部前
E16,2C02,京阪京都交通,,グランド前
E16,2C03,京阪京都交通,,古世口
E16,2C04,京阪京都交通,,頼政塚前
E16,2C05,京阪京都交通,,国道つつじヶ丘
E16,2C06,京阪京都交通,,ひばりが丘
E16,2C07,京阪京都交通,,篠
E16,2C08,京阪京都交通,,国道王子
E16,2C09,京阪京都交通,,峠西口
E16,2C0A,京阪京都交通,,老ノ坂峠
E16,2C0B,京阪京都交通,,JR馬堀駅
E16,2C0C,京阪京都交通,,亀岡市立病院前
E16,2C0D,京阪京都交通,,広道
E16,2C0E,京阪京都交通,,アルプラザ前
E16,2C0F,京阪京都交通,,陽生苑前
E16,2C10,京阪京都交通,,森
E16,2C11,京阪京都交通,,森公民館前
E16,2C12,京阪京都交通,,都台
E16,2C13,京阪京都交通,,広田
E16,2C14,京阪京都交通,,保津川下り乗船場
E16,2C15,京阪京都交通,,北古世
E16,2C16,京阪京都交通,,ニチコン前
E16,2C17,京阪京都交通,,亀岡病院前
E16,2C18,京阪京都交通,,西つつじヶ丘
E16,2C19,京阪京都交通,,大葉台一丁目
E16,2C1A,京阪京都交通,,大葉台二丁目
E16,2C1B,京阪京都交通,,桜台公園前
E16,2C1C,京阪京都交通,,桧谷公園前
E16,2C1D,京阪京都交通,,桜台西口
E16,2C1E,京阪京都交通,,京都先端大(亀岡キャンパス)
E16,2C1F,京阪京都交通,,大葉台二丁目西口
E16,2C20,京阪京都交通,,大葉台一丁目西口
E16,2C21,京阪京都交通,,つつじヶ丘小学校前
E16,2C22,京阪京都交通,,ふれあいセンター前
E16,2C23,京阪京都交通,,雲仙台
E16,2C24,京阪京都交通,,美山台
E16,2C25,京阪京都交通,,上矢田
E16,2C26,京阪京都交通,,グリーンタウン (中矢田町)
E16,2C27,京阪京都交通,,鍬山神社前
E16,2C28,京阪京都交通,,亀岡車庫
E16,2C29,京阪京都交通,,緑橋
E16,2C2A,京阪京都交通,,亀岡市役所前
E16,2C2B,京阪京都交通,,西口
E16,2C2C,京阪京都交通,,穴太口
E16,2C2D,京阪京都交通,,南条局前
E16,2C2E,京阪京都交通,,ガレリアかめおか
E16,2C2F,京阪京都交通,,JA京都本店前
E16,2C30,京阪京都交通,,国道穴川
E16,2C31,京阪京都交通,,運動公園前
E16,2C32,京阪京都交通,,運動公園ターミナル
E16,2C33,京阪京都交通,,市民プール前
E16,2C34,京阪京都交通,,吉田中
E16,2C35,京阪京都交通,,吉田東
E16,2C36,京阪京都交通,,穴川
E16,2C37,京阪京都交通,,並河
E16,2C38,京阪京都交通,,東土田
E16,2C39,京阪京都交通,,土田
E16,2C3A,京阪京都交通,,国道千代川
E16,2C3B,京阪京都交通,,JR亀岡駅北口
E16,2C3C,京阪京都交通,,JR千代川駅
E16,2C3D,京阪京都交通,,国道太田道
E16,2C3E,京阪京都交通,,国道下佐伯
E16,2C3F,京阪京都交通,,国道佐伯
E16,2C40,京阪京都交通,八田線 40号系統,♿柿花
E16,2C41,京阪京都交通,八田線 40号系統,♿奥条
E16,2C42,京阪京都交通,八田線 40号系統,♿第二亀岡園前
E16,2C43,京阪京都交通,,湯の花温泉
E16,2C44,京阪京都交通,,高芝
E16,2C45,京阪京都交通,八田線 40号系統,♿猪倉
E16,2C47,京阪京都交通,八田線 40号系統,♿JA西部支店前
E16,2C48,京阪京都交通,,宮前
E16,2C49,京阪京都交通,,宮川
E16,2C4A,京阪京都交通,,中野
E16,2C4B,京阪京都交通,,赤熊
E16,2C4D,京阪京都交通,,大井工業団地1番
E16,2C4E,京阪京都交通,,大井工業団地2番
E16,2C51,京阪京都交通,,穴太
E16,2C52,京阪京都交通,,おばた橋
E16,2C53,京阪京都交通,,穴太寺前
E16,2C5A,京阪京都交通,,トロッコ亀岡駅
E16,2C5B,京阪京都交通,,星の丘1番
E16,2C5C,京阪京都交通,,星の丘2番
E16,2C5D,京阪京都交通,,星の丘3番
E16,2D01,京阪京都交通,,イオン亀岡店南
E16,2D02,京阪京都交通,,旅籠郵便局前
E16,2D03,京阪京都交通,,本町東
E16,2D04,京阪京都交通,,本町西
E16,2D05,京阪京都交通,,下矢田
E16,2D06,京阪京都交通,,ムツミ病院前
E16,2D07,京阪京都交通,,中矢田鳥居前
E16,2D08,京阪京都交通,,古世ニュータウン
E16,2D09,京阪京都交通,,アミティ前
E16,2D0B,京阪京都交通,,西竪町
E16,2D0C,京阪京都交通,,東竪町
E16,2D0D,京阪京都交通,,イオン亀岡店北
E16,2D15,京阪京都交通,,西友前南
E16,2D17,京阪京都交通,,北町南
E16,2D18,京阪京都交通,,マツモト荒塚店前
E16,2D19,京阪京都交通,,亀岡市役所
E16,2D1A,京阪京都交通,,安町中
E16,2D1B,京阪京都交通,,安町北
E16,2D1C,京阪京都交通,,常盤橋
E16,2D1D,京阪京都交通,,河原町南
E16,2D1F,京阪京都交通,,前川原
E16,2D20,京阪京都交通,,余部西
E16,2D21,京阪京都交通,,余部東
E16,2D22,京阪京都交通,,保津川団地南
E16,2D23,京阪京都交通,,保津川団地北
E16,2D24,京阪京都交通,,保津川団地前
E16,2D25,京阪京都交通,,宇津根
E16,2D26,京阪京都交通,,河原町
E16,2D27,京阪京都交通,,清水団地前
E16,2D35,京阪京都交通,,亀岡市立病院
E16,2D39,京阪京都交通,,牧田
E16,2D3A,京阪京都交通,,合戦野
E16,2D3B,京阪京都交通,,夕日ヶ丘一丁目
E16,2D3D,京阪京都交通,,夕日ヶ丘
E16,2D3E,京阪京都交通,,下西山
E16,2D3F,京阪京都交通,,篠村八幡宮前
E16,2D40,京阪京都交通,,上北裏
E16,2D41,京阪京都交通,,観音芝
E16,2D42,京阪京都交通,,見晴三丁目
E16,2D43,京阪京都交通,,見晴二丁目
E16,2D44,京阪京都交通,,鵜ノ川
E16,2D45,京阪京都交通,,見晴一丁目
E16,2D47,京阪京都交通,,図書館馬堀分館前
E16,2D48,京阪京都交通,,霧二公園前
E16,2D49,京阪京都交通,,新西川橋
E16,2D4A,京阪京都交通,,柏原公園前
E16,2D4B,京阪京都交通,,三宅荘園前
E16,2D51,京阪京都交通,,北ノ庄
E16,2D52,京阪京都交通,,とこなげ口
E16,2D53,京阪京都交通,,亀岡市交流会館前
E16,2D54,京阪京都交通,,神前ふれあいセンター前
E16,2D55,京阪京都交通,,佐々尾神社前
E16,2D56,京阪京都交通,,青野
E16,2D57,京阪京都交通,,松熊
E16,2D58,京阪京都交通,,あせび口
E16,2D59,京阪京都交通,,大内(亀岡市)
E16,2D5B,京阪京都交通,,太田西
E16,2D5C,京阪京都交通,,鹿谷
E16,2D5D,京阪京都交通,,鹿谷とこなげ口
E16,2E01,京阪京都交通,,保津
E16,2E02,京阪京都交通,,北保津
E16,2E03,京阪京都交通,,保津ヶ丘
E16,2E04,京阪京都交通,,毘沙門
E16,2E05,京阪京都交通,,国分
E16,2E06,京阪京都交通,,七谷川
E16,2E07,京阪京都交通,,江島里
E16,2E08,京阪京都交通,,中村
E16,2E09,京阪京都交通,,出雲神社前
E16,2E0B,京阪京都交通,,出雲
E16,2E0C,京阪京都交通,,出雲台
E16,2E0D,京阪京都交通,,小口
E16,2E0E,京阪京都交通,,池尻
E16,2E0F,京阪京都交通,,亀岡川東学園前
E16,2E10,京阪京都交通,,馬路中
E16,2E11,京阪京都交通,,馬路南
E16,2E12,京阪京都交通,,南丹高校前
E16,2E13,京阪京都交通,,河原林
E16,2E15,京阪京都交通,,河原林口
E16,2E16,京阪京都交通,,勝林島
E16,2E17,京阪京都交通,,宇津根大橋
E16,2E18,京阪京都交通,,新緑苑
E16,2E19,京阪京都交通,,水鳥のみち
E16,2E1A,京阪京都交通,,美濃田
E16,2E1B,京阪京都交通,,広保
E16,2E1C,京阪京都交通,,山階
E16,2E1D,京阪京都交通,,印地
E16,2E1E,京阪京都交通,,JR並河駅
E16,2E1F,京阪京都交通,,南条
E16,2E20,京阪京都交通,,吉田西
E16,2E21,京阪京都交通,,太田
E16,2E22,京阪京都交通,,青葉学園前
E16,2E23,京阪京都交通,,南金岐
E16,2E24,京阪京都交通,,北金岐
E16,2E25,京阪京都交通,,小金岐
E16,2E26,京阪京都交通,,小林
E16,2E27,京阪京都交通,,土田三丁目
E16,2E29,京阪京都交通,,寺村口
E16,2E2A,京阪京都交通,,寺村
E16,2E2B,京阪京都交通,,與能神社前
E16,2E2C,京阪京都交通,,春日部
E16,2E2D,京阪京都交通,,大野
E16,2E2E,京阪京都交通,,東別院グランド前
E16,2E2F,京阪京都交通,,東掛
E16,2E30,京阪京都交通,,東別院小学校前
E16,2E31,京阪京都交通,,南掛
E16,2E33,京阪京都交通,,甘露寺前
E16,2E34,京阪京都交通,,倉谷口
E16,2E35,京阪京都交通,,万願寺
E16,2E36,京阪京都交通,,柚原東谷
E16,2E37,京阪京都交通,,柚原
E16,2E38,京阪京都交通,,下ノ谷口
E16,2E39,京阪京都交通,,神地西ノ谷
E16,2E3A,京阪京都交通,,神地
E16,2E3B,京阪京都交通,,奥野
E16,2E3D,京阪京都交通,,笑路
E16,2E3E,京阪京都交通,,犬甘野口
E16,2E3F,京阪京都交通,,上ノ谷
E16,2E40,京阪京都交通,,中ノ谷
E16,2E41,京阪京都交通,,中ノ谷公民館前
E16,2E42,京阪京都交通,,太歳
E16,2E43,京阪京都交通,,下ノ谷
E16,2E44,京阪京都交通,,皿谷
E16,2E45,京阪京都交通,,法貴
E16,2E47,京阪京都交通,,法貴口
E16,2E48,京阪京都交通,,犬飼
E16,2E49,京阪京都交通,,犬飼口
E16,2E4A,京阪京都交通,,夫婦池団地前
E16,2E4B,京阪京都交通,,土ヶ畑
E16,2E4C,京阪京都交通,,土ヶ畑口
E16,2E4D,京阪京都交通,,布子谷
E16,2E4E,京阪京都交通,,クルビ谷
E16,2E4F,京阪京都交通,,高橋
E16,2E50,京阪京都交通,,広野
E16,2E51,京阪京都交通,,千ヶ畑
E16,2E52,京阪京都交通,,千ヶ畑口
E16,2E53,京阪京都交通,,西加舎
E16,2E54,京阪京都交通,,本梅
E16,2E55,京阪京都交通,,東加舎
E16,2E56,京阪京都交通,,本梅小学校前
E16,2E57,京阪京都交通,,平松台
E16,2E58,京阪京都交通,,グリーンタウン(本梅町)
E16,2E59,京阪京都交通,,平松
E16,2E5A,京阪京都交通,,芦ノ山
E16,2E5B,京阪京都交通,,中野倉庫前
E16,2E5C,京阪京都交通,,中野八幡前
E16,2E5D,京阪京都交通,,中湯の花
E16,2E5E,京阪京都交通,,茶屋
E16,2E5F,京阪京都交通,,グリーンハイツ口
E16,2E60,京阪京都交通,,かめおか作業所前
E16,2E61,京阪京都交通,,上佐伯
E16,2E62,京阪京都交通,,育親中学校前
E16,2F33,京阪バス,,北田原
E16,2F34,京阪バス,,北田原口
E16,2F35,京阪バス,,下田原
E16,2F36,京阪バス,,山口川
E16,3000,京阪バス,,樟葉駅
E16,3033,京阪バス,,くずはモール
E16,3034,京阪バス,,あさひ
E16,3035,京阪バス,,みさき
E16,3036,京阪バス,,公園前
E16,3037,京阪バス,,藤原
E16,3038,京阪バス,,船橋
E16,3039,京阪バス,,東山
E16,303A,京阪バス,,中の池公園
E16,303B,京阪バス,,企業団地中央
E16,303C,京阪バス,,東船橋
E16,303D,京阪バス,,国道田近
E16,303E,京阪バス,,西長尾
E16,303F,京阪バス,,招提大谷
E16,3040,京阪バス,,薬師谷
E16,3041,京阪バス,,家具町一丁目
E16,3042,京阪バス,,峠
E16,3043,京阪バス,,家具町二丁目
E16,3044,京阪バス,,家具団地
E16,3045,京阪バス,,大阪工大
E16,3046,京阪バス,,北山中央
E16,3047,京阪バス,,ポエムノール北山
E16,3048,京阪バス,,ぽえむ南橋
E16,3049,京阪バス,,国道招提
E16,304A,京阪バス,,なみき
E16,304B,京阪バス,,長尾元町七丁目
E16,304C,京阪バス,,長尾中学校
E16,304D,京阪バス,,摂南大学枚方キャンパス
E16,304E,京阪バス,,船橋本町
E16,3051,京阪バス,,家具町二丁目南
E16,3052,京阪バス,,中くずは
E16,3053,京阪バス,,北くずは
E16,3054,京阪バス,,田近二丁目
E16,3055,京阪バス,,田近三丁目
E16,3056,京阪バス,,高野道
E16,3057,京阪バス,,枚方ハイツ
E16,3058,京阪バス,,車谷公園
E16,3059,京阪バス,,朝日一丁目
E16,305B,京阪バス,,自治会集会所前
E16,305C,京阪バス,,樟葉南小学校
E16,305D,京阪バス,,面取町
E16,305E,京阪バス,,面取町二丁目
E16,3063,京阪バス,,東山二丁目
E16,3100,京阪バス,,京阪牧野駅前
E16,3133,京阪バス,,歯科大学前
E16,3134,京阪バス,,坂住宅前
E16,3135,京阪バス,,関西医大前
E16,3136,京阪バス,,宇山
E16,3137,京阪バス,,招提口
E16,3138,京阪バス,,招提
E16,3139,京阪バス,,新池
E16,313B,京阪バス,,招提南町
E16,313D,京阪バス,,招提中町
E16,313E,京阪バス,,養父ヶ丘
E16,313F,京阪バス,,関西記念病院前
E16,3140,京阪バス,,南船橋
E16,3141,京阪バス,,牧野高校前
E16,3142,京阪バス,,第三中学校前
E16,3143,京阪バス,,牧野北町
E16,3144,京阪バス,,樋ノ上
E16,3145,京阪バス,,養父元町
E16,3146,京阪バス,,招提北町
E16,3147,京阪バス,,招提元町
E16,3148,京阪バス,,西船橋
E16,3149,京阪バス,,宇山東町
E16,314A,京阪バス,,牧野小学校
E16,314B,京阪バス,,船橋住宅
E16,314C,京阪バス,,宇山町北
E16,314D,京阪バス,,牧野本町
E16,3209,京阪京都交通,,烏丸五条
E16,320E,京阪京都交通,,樫原
E16,3211,京阪京都交通,,葛野大路八条
E16,3217,京阪京都交通,,沓掛西口 (京都霊園・京都成章高校前)
E16,3218,京阪京都交通,桂坂20/20B/21/21A/23/23B/26B/イオンモール京都桂川線22B,桂イノベーションパーク前
E16,321A,京阪京都交通,,桂駅東口
E16,321B,京阪京都交通,桂坂20/20B/21/21A/23/23B/26B/イオンモール京都桂川線22B,桂御陵坂
E16,321F,京阪京都交通,桂坂19/20/20B/21/21A/23/快速24/25/26/27/28/イオンモール京都桂川線22B,桂坂中央
E16,3222,京阪京都交通,,桂大橋
E16,3225,京阪京都交通,桂坂26/26B/28/28A/28B/国道2/大原野14/イオンモール京都桂川線15,月読橋
E16,3227,京阪京都交通,桂坂21/21A/27,光華女子学園前
E16,322A,京阪京都交通,,国道沓掛口
E16,322B,京阪京都交通,桂坂21/21A/27,国道三ノ宮
E16,322C,京阪京都交通,,国道中山
E16,322D,京阪京都交通,,国道塚原
E16,322E,京阪京都交通,,三ノ宮
E16,322F,京阪京都交通,,三ノ宮街道
E16,3232,京阪京都交通,,七条千本
E16,3233,京阪バス,,磯島
E16,3234,京阪バス,,御殿山
E16,3235,京阪バス,,三栗
E16,3236,京阪バス,,三栗府営住宅前
E16,3237,京阪バス,,牧野(府道)
E16,3239,京阪京都交通,桂坂19/20B/21/21A/23B/快速24/25/26/26B/27/28/イオンモール京都桂川線22B,西桂坂
E16,3243,京阪京都交通,桂坂19/20/20B/21/21A/23/23B/26B/イオンモール京都桂川線22B,大枝山町東
E16,3246,京阪京都交通,,大門町
E16,3247,京阪京都交通,桂坂21/21A/27,中ノ橋五条
E16,324A,京阪京都交通,,塚原
E16,3250,京阪京都交通,,梅小路公園前
E16,330A,京阪京都交通,桂坂20/20B/21/21A/23/イオンモール京都桂川線22B,樫原鴫谷
E16,330D,京阪京都交通,桂坂21/21A/27,西大橋西詰
E16,3333,京阪バス,,禁野口
E16,3335,京阪バス,,市立ひらかた病院前
E16,3336,京阪バス,,中宮住宅前
E16,3337,京阪バス,,中宮北町
E16,3338,京阪バス,,外大西門
E16,3339,京阪バス,,小松団地
E16,333A,京阪バス,,関西外大中宮キャンパス
E16,333B,京阪バス,,都ヶ丘
E16,333D,京阪バス,,須山町
E16,333E,京阪バス,,甲斐田
E16,333F,京阪バス,,片鉾・中央図書館
E16,3340,京阪バス,,小倉町
E16,3341,京阪バス,,小倉東町
E16,3342,京阪バス,,北片鉾
E16,3343,京阪バス,,甲斐田東町
E16,3344,京阪バス,,須山東
E16,3346,京阪バス,,関西医大附属病院
E16,3348,京阪バス,,関西外大中宮キャンパス(構内)
E16,3349,京阪バス,,イズミヤ前
E16,334A,京阪バス,,関西外大御殿山キャンパス
E16,3400,京阪バス,,長尾駅
E16,3432,京阪バス,,田ノ口中央
E16,3433,京阪バス,,田ノ口
E16,3434,京阪バス,,国道田ノ口
E16,3435,京阪バス,,田ノ口団地
E16,3436,京阪バス,,出屋敷
E16,3437,京阪バス,,山田池団地
E16,3438,京阪バス,,春日山
E16,3439,京阪バス,,長尾谷町
E16,343A,京阪バス,,長尾谷町三丁目
E16,343B,京阪バス,,藤阪ハイツ
E16,343D,京阪バス,,既製服団地
E16,343E,京阪バス,,長尾西口
E16,343F,京阪バス,,長尾口
E16,3440,京阪バス,,枚方車庫
E16,3441,京阪バス,,長尾台郵便局
E16,3442,京阪バス,,長尾台住宅
E16,3443,京阪バス,,長尾東町一丁目
E16,3444,京阪バス,,長尾東町二丁目
E16,3445,京阪バス,,枚方カントリー口
E16,3446,京阪バス,,枚方カントリー
E16,3447,京阪バス,,長尾元町
E16,3448,京阪バス,,総合スポーツセンター
E16,3449,京阪バス,,長尾宮前
E16,3533,京阪バス,,官公庁団地
E16,3534,京阪バス,,宮之阪
E16,3535,京阪バス,,中宮
E16,3536,京阪バス,,星ヶ丘医療センター口
E16,3537,京阪バス,,星ヶ丘医療センター
E16,3539,京阪バス,,国道池ノ宮
E16,353A,京阪バス,,池ノ宮
E16,353B,京阪バス,,東池ノ宮
E16,353D,京阪バス,,西四辻
E16,3540,京阪バス,,西池ノ宮
E16,3600,京阪バス,,津田駅
E16,360A,京阪バス,,津田駅東口
E16,3633,京阪バス,,四辻
E16,3634,京阪バス,,西野村
E16,3635,京阪バス,,野村
E16,3636,京阪バス,,津田西町
E16,3637,京阪バス,,津田中学校前
E16,3638,京阪バス,,満穂橋
E16,3639,京阪バス,,藤阪
E16,363A,京阪バス,,北藤阪
E16,363B,京阪バス,,菅原小学校前
E16,363C,京阪バス,,藤阪駅
E16,363D,京阪バス,,藤阪中町
E16,363E,京阪バス,,枚方公済病院
E16,363F,京阪バス,,春日西
E16,3640,京阪バス,,春日神社前
E16,3641,京阪バス,,春日東
E16,3642,京阪バス,,春日自治会館前
E16,3733,京阪バス,,津田本通
E16,3734,京阪バス,,津田病院前
E16,3735,京阪バス,,国際ゴルフ場前
E16,3736,京阪バス,,杉
E16,3737,京阪バス,,氷室台
E16,3738,京阪バス,,榁谷橋
E16,3739,京阪バス,,尊延寺
E16,373A,京阪バス,,穂谷口
E16,373B,京阪バス,,境橋
E16,373E,京阪バス,,三之宮神社
E16,373F,京阪バス,,穂谷
E16,3740,京阪バス,,三陽台
E16,3741,京阪バス,,宗谷
E16,3742,京阪バス,,馬廻
E16,3746,京阪バス,,杉山手
E16,3747,京阪バス,,大阪国際大学
E16,3748,京阪バス,,三ツ池
E16,3749,京阪バス,,上渡場橋
E16,374A,京阪バス,,やまの香通り
E16,374B,京阪バス,,スパバレイ枚方南前
E16,374C,京阪バス,,高園テクノロジー前
E16,374D,京阪バス,,津田サイエンスヒルズ
E16,374E,京阪バス,,ブールミッシュ前
E16,374F,京阪バス,,津田くにみ坂
E16,3750,京阪バス,,やまなみ通り
E16,3751,京阪バス,,そよ風の道
E16,3752,京阪バス,,くにみ坂南
E16,3753,京阪バス,,高園産業前
E16,3754,京阪バス,,森下仁丹前
E16,3755,京阪バス,,府立北大阪技術専門校
E16,3756,京阪バス,,吉泉産業前
E16,3757,京阪バス,,津田南町
E16,3800,京阪バス,,枚方市駅南口
E16,3833,京阪バス,,田宮
E16,3834,京阪バス,,変電所前
E16,3835,京阪バス,,山之上
E16,3836,京阪バス,,山之上西町
E16,3837,京阪バス,,山之上五丁目西
E16,3900,京阪バス,,枚方公園駅前
E16,390A,京阪バス,,光善寺駅口
E16,3914,京阪バス,,光善寺駅
E16,3933,京阪バス,,菊ヶ丘
E16,3934,京阪バス,,東菊ヶ丘
E16,3935,京阪バス,,さつき丘
E16,3936,京阪バス,,南さつき丘
E16,3937,京阪バス,,枚方公園口
E16,393D,京阪バス,,北公園前
E16,393E,京阪バス,,伊加賀西町
E16,393F,京阪バス,,東公園前
E16,3940,京阪バス,,出口二丁目
E16,3941,京阪バス,,伊加賀小学校
E16,3942,京阪バス,,南中振
E16,3A36,京阪バス,,宮ノ前橋
E16,3A37,京阪バス,,桑ヶ谷
E16,3A38,京阪バス,,香里橋
E16,3A39,京阪バス,,藤田川
E16,3A3A,京阪バス,,けやき1番(深夜降車専用)
E16,3A3B,京阪バス,,香里ヶ丘三丁目
E16,3A3D,京阪バス,,けやき2番(深夜降車専用)
E16,3A3E,京阪バス,,新香里
E16,3A3F,京阪バス,,香里ヶ丘九丁目
E16,3A40,京阪バス,,香里ヶ丘十丁目
E16,3A41,京阪バス,,香里小学校前
E16,3A42,京阪バス,,香里ヶ丘
E16,3A43,京阪バス,,開成小学校前
E16,3A44,京阪バス,,五本松
E16,3A45,京阪バス,,香里ヶ丘七丁目
E16,3A47,京阪バス,,公孫樹通
E16,3A48,京阪バス,,香里ヶ丘五丁目
E16,3A49,京阪バス,,香里ヶ丘六丁目
E16,3A4A,京阪バス,,山之上五丁目
E16,3A4B,京阪バス,,山之上四丁目南
E16,3A4C,京阪バス,,香里ヶ丘八丁目
E16,3A4D,京阪バス,,淀見公園
E16,3A4E,京阪バス,,八丁目北
E16,3A4F,京阪バス,,みどり丘
E16,3A50,京阪バス,,東中振
E16,3A51,京阪バス,,香里丘高校
E16,3B33,京阪バス,,香里旭ヶ丘
E16,3B34,京阪バス,,東香里
E16,3B35,京阪バス,,東香里病院前
E16,3B36,京阪バス,,高田
E16,3B37,京阪バス,,新高田
E16,3B38,京阪バス,,東香里新町
E16,3B39,京阪バス,,茄子作口
E16,3B3A,京阪バス,,野口
E16,3B3B,京阪バス,,春日宮ノ前
E16,3B3D,京阪バス,,広野
E16,3B3E,京阪バス,,茄子作住宅
E16,3B3F,京阪バス,,茄子作北町
E16,3B40,京阪バス,,釈尊寺
E16,3B41,京阪バス,,釈尊寺団地
E16,3B42,京阪バス,,団地東
E16,3B43,京阪バス,,釈尊寺北
E16,3B47,京阪バス,,東香里南町
E16,3B48,京阪バス,,高田一丁目
E16,3C0B,京阪バス,,市役所前(高槻市)
E16,3C34,京阪バス,,沢良木町
E16,3C35,京阪バス,,城東町
E16,3C36,京阪バス,,春日町(高槻市)
E16,3C38,京阪バス,,南辻子
E16,3C39,京阪バス,,内黒地橋
E16,3C3A,京阪バス,,深沢
E16,3C3B,京阪バス,,北大塚(高槻市)
E16,3C40,京阪バス,,名神高槻
E16,3D33,京阪バス,,大塚
E16,3D34,京阪バス,,枚方大橋北詰
E16,3D35,京阪バス,,竹ノ内町
E16,3D36,京阪バス,,番田
E16,3D37,京阪バス,,番田一丁目
E16,3D38,京阪バス,,鷺打橋
E16,3D39,京阪バス,,唐崎
E16,3D3A,京阪バス,,西切
E16,3D3B,京阪バス,,玉川橋団地
E16,3D3C,京阪バス,,西唐崎
E16,3E00,京阪バス,,阪急茨木
E16,3E0A,京阪バス,,阪急茨木東口
E16,3E14,京阪バス,,JR茨木
E16,3E1E,京阪バス,,南茨木駅
E16,3E33,京阪バス,,駅前通り
E16,3E34,京阪バス,,茨木市役所前
E16,3E35,京阪バス,,西寺田町
E16,3E36,京阪バス,,東寺田町
E16,3E37,京阪バス,,先鉾橋
E16,3E38,京阪バス,,学園町
E16,3E39,京阪バス,,鮎川
E16,3E3A,京阪バス,,白川住宅口
E16,3E3B,京阪バス,,白川二丁目
E16,3E3D,京阪バス,,白川三丁目
E16,3E3E,京阪バス,,目垣
E16,3E3F,京阪バス,,新堂
E16,3E40,京阪バス,,東雲運動広場
E16,3E41,京阪バス,,学園南町
E16,3E42,京阪バス,,五十鈴町
E16,3E43,京阪バス,,中津町東
E16,3E44,京阪バス,,中津町
E16,3E45,京阪バス,,阪急茨木南口
E16,3E46,京阪バス,,JR茨木東口
E16,3E47,京阪バス,,市役所南口(茨木市)
E16,3E48,京阪バス,,立命館大学 (岩倉公園前)
E16,3E49,京阪バス,,立命館大学大阪いばらき
E16,3F00,京阪京都交通,,♿JR八木駅
E16,3F11,京阪京都交通,,木崎町
E16,3F12,京阪京都交通,,明治国際医療大学
E16,3F13,京阪京都交通,,曽我谷口
E16,3F14,京阪京都交通,,日吉駅前
E16,3F15,京阪京都交通,,附属病院(明治国際医療大学)
E16,3F33,京阪京都交通,神吉線/原・神吉線 41/43号系統,♿八木大堰橋
E16,3F34,京阪京都交通,神吉線/原・神吉線 41/43号系統,♿JA八木支店前
E16,3F35,京阪京都交通,神吉線/原・神吉線 41/43号系統,♿西田
E16,3F36,京阪京都交通,神吉線/原・神吉線 41/43号系統,♿青戸
E16,3F37,京阪京都交通,,杉
E16,3F38,京阪京都交通,,旭
E16,3F39,京阪京都交通,,郷ノ口
E16,3F3A,京阪京都交通,神吉線/原・神吉線 41/43号系統,♿山階公民館前
E16,3F3B,京阪京都交通,神吉線/原・神吉線 41/43号系統,♿東所
E16,3F3C,京阪京都交通,神吉線/原・神吉線 41/43号系統,♿宮林
E16,3F3D,京阪京都交通,神吉線/原・神吉線 41/43号系統,♿西所
E16,3F3E,京阪京都交通,神吉線/原・神吉線 41/43号系統,♿神吉上
E16,3F3F,京阪京都交通,神吉線/原・神吉線 41/43号系統,♿神吉公民館前
E16,3F40,京阪京都交通,神吉線/原・神吉線 41/43号系統,♿中ノ庄
E16,3F41,京阪京都交通,神吉線/原・神吉線 41/43号系統,♿旧神吉小学校前
E16,3F42,京阪京都交通,神吉線/原・神吉線 41/43号系統,♿和田道
E16,3F43,京阪京都交通,神吉線/原・神吉線 41/43号系統,♿どんどん橋
E16,3F44,京阪京都交通,神吉線/原・神吉線 41/43号系統,♿神吉口
E16,3F45,京阪京都交通,原・神吉線 43号系統,♿神吉池
E16,3F46,京阪京都交通,,樋ノ口
E16,3F47,京阪京都交通,原・神吉線 43号系統,♿越畑フレンドパーク前
E16,3F48,京阪京都交通,原・神吉線 43号系統,♿越畑
E16,3F49,京阪京都交通,原・神吉線 43号系統,♿宕陰小学校前
E16,3F4A,京阪京都交通,原・神吉線 43号系統,♿宕陰出張所前
E16,3F4B,京阪京都交通,原・神吉線 43号系統,♿原
E16,4000,京阪京都交通,,JR園部駅西口
E16,4001,京阪京都交通,,JR吉富駅
E16,4002,京阪京都交通,,玉ノ井
E16,4003,京阪京都交通,,八木嶋
E16,4004,京阪京都交通,園部八木線 46号系統,京都中部総合医療センター
E16,4005,京阪京都交通,,国道八木
E16,400B,京阪京都交通,八田線 40号系統,♿九品寺前
E16,400C,京阪京都交通,八田線 40号系統,♿大西
E16,400D,京阪京都交通,八田線 40号系統,♿旧摩気小学校前
E16,400E,京阪京都交通,八田線 40号系統,♿宍人
E16,400F,京阪京都交通,八田線 40号系統,♿長谷
E16,4010,京阪京都交通,八田線 40号系統,♿八乙女口
E16,4011,京阪京都交通,八田線 40号系統,♿下八田
E16,4012,京阪京都交通,八田線 40号系統,♿八田
E16,4013,京阪京都交通,八田線 40号系統,♿旧西本梅小学校前
E16,4015,京阪京都交通,八田線 40号系統,♿西埴生
E16,4016,京阪京都交通,八田線 40号系統,♿埴生
E16,4017,京阪京都交通,八田線 40号系統,♿農芸高校前
E16,4018,京阪京都交通,八田線 40号系統,♿西大谷
E16,4019,京阪京都交通,八田線 40号系統,♿大谷
E16,4033,京阪京都交通,,京都建築大学校前
E16,4034,京阪京都交通,,栄町
E16,4035,京阪京都交通,,淇陽学校前
E16,4036,京阪京都交通,,小桜
E16,4037,京阪京都交通,,園部高校前
E16,4038,京阪京都交通,,国際交流会館前
E16,4039,京阪京都交通,,南丹市役所前
E16,403A,京阪京都交通,,園部大橋
E16,403B,京阪京都交通,,園部河原町
E16,403D,京阪京都交通,,横田
E16,403E,京阪京都交通,,横田上
E16,403F,京阪京都交通,,黒田
E16,4040,京阪京都交通,,船阪
E16,4041,京阪京都交通,,仁江
E16,4042,京阪京都交通,,神崎橋
E16,4043,京阪京都交通,,摩気神社前
E16,4044,京阪京都交通,,辻田
E16,4045,京阪京都交通,,今井
E16,4047,京阪京都交通,,天引
E16,4048,京阪京都交通,,るり渓口
E16,4049,京阪京都交通,,原山口
E16,404A,京阪京都交通,,西野々
E16,404B,京阪京都交通,,安口
E16,404C,京阪京都交通,,安口西
E16,404D,京阪京都交通,,川原東
E16,404E,京阪京都交通,,川原
E16,404F,京阪京都交通,,福住上
E16,4050,京阪京都交通,,福住
E16,4200,京阪バス,,京阪交野市駅
E16,4233,京阪バス,,逢合橋
E16,4234,京阪バス,,天の川
E16,4235,京阪バス,,西ノ口
E16,4236,京阪バス,,畑中
E16,4237,京阪バス,,住吉神社前
E16,4238,京阪バス,,交野農協前
E16,4239,京阪バス,,大仏町
E16,423A,京阪バス,,倉治
E16,423B,京阪バス,,桜道
E16,423D,京阪バス,,南倉治
E16,423F,京阪バス,,市場
E16,4241,京阪バス,,交野郵便局
E16,4242,京阪バス,,幾野一丁目
E16,4243,京阪バス,,幾野四丁目
E16,4244,京阪バス,,西倉治
E16,4247,京阪バス,,交野高校前
E16,4248,京阪バス,,いきいきランド交野前
E16,4249,京阪バス,,交野警察署前
E16,424A,京阪バス,,青山三丁目
E16,4300,京阪バス,,河内磐船駅
E16,4333,京阪バス,,さくら丘住宅
E16,4334,京阪バス,,天野が原
E16,4335,京阪バス,,私市三丁目
E16,4336,京阪バス,,私市四丁目
E16,4337,京阪バス,,藤が尾二丁目
E16,4338,京阪バス,,妙見口
E16,4339,京阪バス,,藤が尾団地
E16,433A,京阪バス,,妙見坂五丁目
E16,433B,京阪バス,,妙見坂七丁目
E16,433C,京阪バス,,妙見東一丁目
E16,433D,京阪バス,,妙見東二丁目
E16,433E,京阪バス,,妙見東三丁目
E16,433F,京阪バス,,東原
E16,4433,京阪バス,,京阪私市
E16,4434,京阪バス,,磐船口
E16,4435,京阪バス,,しぐれの里
E16,4436,京阪バス,,梅の木
E16,4437,京阪バス,,鮎返しの滝
E16,4438,京阪バス,,哮橋
E16,4439,京阪バス,,磐船神社前
E16,443A,京阪バス,,羽衣橋
E16,443B,京阪バス,,星のブランコ
E16,4500,京阪バス,,星田駅
E16,4533,京阪バス,,星田北五丁目
E16,4534,京阪バス,,北星田
E16,4535,京阪バス,,星田四丁目
E16,4536,京阪バス,,南旭町
E16,4537,京阪バス,,大谷町
E16,4538,京阪バス,,交野車庫
E16,4539,京阪バス,,星田北六丁目
E16,453A,京阪バス,,高岡
E16,453B,京阪バス,,星の森
E16,453D,京阪バス,,星田山手
E16,453E,京阪バス,,ふれあいプラザ
E16,453F,京阪バス,,南公園
E16,4540,京阪バス,,コモンシティ星田
E16,4541,京阪バス,,星田七丁目
E16,4542,京阪バス,,南星台四丁目
E16,4543,京阪バス,,南星台
E16,4600,京阪バス,,京阪香里園
E16,4633,京阪バス,,桜ヶ丘
E16,4634,京阪バス,,紅葉ヶ丘
E16,4635,京阪バス,,末広町(寝屋川市)
E16,4636,京阪バス,,成田町
E16,4637,京阪バス,,成田山不動尊前
E16,4638,京阪バス,,三井
E16,4639,京阪バス,,同志社香里
E16,463A,京阪バス,,田井(寝屋川市)
E16,4700,京阪バス,,寝屋川市駅(西口)
E16,4701,京阪京都交通,,京都成章高校前
E16,4702,京阪京都交通,,洛西口駅前
E16,4709,京阪京都交通,,京都明徳高校前
E16,470A,京阪バス,,寝屋川市駅(東口)
E16,4714,京阪京都交通,イオンモール線,イオンモール京都五条
E16,4718,京阪京都交通,,明治国際医療大学
E16,4733,京阪バス,,八坂本通
E16,4734,京阪バス,,寝屋川市役所前(水道局前)
E16,4735,京阪バス,,寝屋川市役所
E16,4736,京阪バス,,観音橋
E16,4737,京阪バス,,秦北口
E16,4738,京阪バス,,秦公民館前
E16,4739,京阪バス,,秦八丁
E16,473A,京阪バス,,寝屋川市民会館
E16,473B,京阪バス,,東小学校前
E16,473D,京阪バス,,高宮
E16,473E,京阪バス,,あさひ丘住宅
E16,473F,京阪バス,,豊野浄水場前
E16,4740,京阪バス,,太秦住宅
E16,4741,京阪バス,,太秦東口
E16,4742,京阪バス,,寝屋川警察署前
E16,4743,京阪バス,,国松南口
E16,4744,京阪バス,,国松北口
E16,4745,京阪バス,,八坂神社前
E16,4747,京阪バス,,太秦公園東
E16,4748,京阪バス,,打上新町西
E16,4749,京阪バス,,初町
E16,474A,京阪バス,30A系統,電通大駅前キャンパス
E16,4833,京阪バス,,三井団地
E16,4834,京阪バス,,三井が丘
E16,4835,京阪バス,,三井秦団地
E16,4836,京阪バス,,寝屋
E16,4837,京阪バス,,寝屋川団地口
E16,4838,京阪バス,,寝屋川団地
E16,4839,京阪バス,,寝屋神社前
E16,483A,京阪バス,,ビバモール寝屋川(Aのりば)
E16,483B,京阪バス,,ビバモール寝屋川(B・Cのりば)
E16,483D,京阪バス,,三井公園
E16,4900,京阪バス,,寝屋川公園駅
E16,4934,京阪バス,,明和小学校前
E16,4935,京阪バス,,笠松
E16,4936,京阪バス,,正縁寺
E16,4937,京阪バス,,電通大寝屋川キャンパス
E16,4938,京阪バス,,高宮口
E16,4939,京阪バス,,大成町
E16,493B,京阪バス,,猪鼻橋
E16,493D,京阪バス,,堀溝
E16,493E,京阪バス,,楠根南町
E16,493F,京阪バス,,高宮南口
E16,4940,京阪バス,,高倉
E16,4941,京阪バス,,明和
E16,4942,京阪バス,,西方寺
E16,4943,京阪バス,,昭栄町
E16,4944,京阪バス,,中木田中学校
E16,4945,京阪バス,,中木田町
E16,4947,京阪バス,,電鉄車庫前
E16,4948,京阪バス,,中木田町南
E16,4949,京阪バス,,木田元宮
E16,494A,京阪バス,,木田小学校
E16,494B,京阪バス,,南コミュニティセンター (市民体育館前)
E16,494C,京阪バス,,萱島東
E16,494D,京阪バス,,萱島南団地
E16,494E,京阪バス,,萱島南
E16,494F,京阪バス,,河北
E16,4951,京阪バス,,深北緑地
E16,4952,京阪バス,,市民体育館(寝屋川市)
E16,4953,京阪バス,,小路北町
E16,4954,京阪バス,,打上公園
E16,4955,京阪バス,,梅が丘小学校
E16,4956,京阪バス,,梅が丘
E16,4A00,京阪バス,,京阪香里園(西口)
E16,4A33,京阪バス,,石津
E16,4A34,京阪バス,,八坂町
E16,4A35,京阪バス,,平池町南
E16,4A36,京阪バス,,平池町北
E16,4A37,京阪バス,,音羽町
E16,4A38,京阪バス,,石津元町
E16,4A39,京阪バス,,石津南町
E16,4A3A,京阪バス,,緑町 (グリーンシティ)
E16,4A3B,京阪バス,,田井小学校
E16,4A3D,京阪バス,,友呂岐中学校
E16,4A3E,京阪バス,,寝屋川生野病院前
E16,4A3F,京阪バス,,日新町 (アル・プラザ香里園前)
E16,4A40,京阪バス,,西北コミュニティセンター
E16,4A41,京阪バス,,香里新町
E16,4A42,京阪バス,,桜木町北
E16,4A43,京阪バス,,桜木町ポンプ場
E16,4A44,京阪バス,,木屋町
E16,4A45,京阪バス,,木屋元町
E16,4A46,京阪バス,,淀川河川公園
E16,4A47,京阪バス,寝屋川市内線 木屋ルート,緑町中
E16,4B06,京阪京都交通,,JR桂川駅前
E16,4B33,京阪バス,,大利
E16,4B34,京阪バス,,寝屋川車庫
E16,4B35,京阪バス,,池田府営住宅前
E16,4B36,京阪バス,,池田
E16,4B37,京阪バス,,市立保健福祉センター前
E16,4B38,京阪バス,,市立保健福祉センター東口
E16,4B39,京阪バス,,池の里市民交流センター
E16,4B3B,京阪バス,,菅原神社前
E16,4B3D,京阪バス,,摂南大学
E16,4B3E,京阪バス,,太間口
E16,4B3F,京阪バス,,太間公園
E16,4B40,京阪バス,寝屋川市内線 木屋ルート,市立総合センター
E16,4B41,京阪バス,,上鳥飼北
E16,4B42,京阪バス,,流通センター前
E16,4B43,京阪バス,,池田中町
E16,4C33,京阪バス,,春日町(寝屋川市)
E16,4C34,京阪バス,,対馬江
E16,4C35,京阪バス,,葛原
E16,4C36,京阪バス,,宝町
E16,4C37,京阪バス,,仁和寺
E16,4C38,京阪バス,,宮垣内
E16,4C39,京阪バス,,黒原
E16,4C3A,京阪バス,,点野団地
E16,4C3B,京阪バス,,仁和寺団地口
E16,4C3D,京阪バス,,仁和寺団地
E16,4C3E,京阪バス,,点野
E16,4C3F,京阪バス,,点野国道口
E16,4C40,京阪バス,,点野三丁目南
E16,4C41,京阪バス,,葛原一丁目
E16,4C42,京阪バス,,西コミュニティセンター
E16,4C43,京阪バス,,点野三丁目東
E16,4D00,京阪バス,,京阪萱島駅前
E16,4D0A,京阪バス,,萱島駅
E16,4D33,京阪バス,,高柳
E16,4D34,京阪バス,,東高柳
E16,4D35,京阪バス,,高柳住宅前
E16,4D36,京阪バス,,上神田
E16,4D37,京阪バス,,中神田
E16,4D38,京阪バス,,下神田
E16,4D39,京阪バス,,萱島ポンプ場
E16,4D3A,京阪バス,,神田小学校
E16,4D3B,京阪バス,,上神田北
E16,4D3D,京阪バス,,神田保育園
E16,4D3E,京阪バス,,神田天満宮
E16,4D3F,京阪バス,,啓明小学校
E16,4D40,京阪バス,,高柳六丁目
E16,4D41,京阪バス,,黒原旭町
E16,4D42,京阪バス,,黒原旭町西
E16,4D43,京阪バス,,旭町公園
E16,4D44,京阪バス,,第二幼稚園
E16,4D45,京阪バス,,高柳五郵便局前
E16,4E00,京阪バス,,四条畷駅
E16,4E0A,京阪バス,,忍ヶ丘駅
E16,4E14,京阪バス,,忍ヶ丘駅口
E16,4E33,京阪バス,,蔀屋
E16,4E34,京阪バス,,国道中野
E16,4E35,京阪バス,,四條畷市役所
E16,4E36,京阪バス,,四條畷小学校西詰
E16,4E37,京阪バス,,塚脇
E16,4E38,京阪バス,,四條畷神社
E16,4E39,京阪バス,,砂
E16,4E3A,京阪バス,,西中野
E16,4E3B,京阪バス,,東中野
E16,4E3D,京阪バス,,四條畷小学校前
E16,4E3E,京阪バス,,南野六丁目
E16,4E44,京阪バス,,二丁通郵便局
E16,4E45,京阪バス,,くすのき小学校(四條畷市)
E16,4E47,京阪バス,,蔀屋公民館
E16,4E49,京阪バス,,畷生会病院
E16,4E4A,京阪バス,,中岡橋
E16,4E4B,京阪バス,,参道中
E16,4E4C,京阪バス,,四條畷神社伊勢屋前
E16,4E4D,京阪バス,,市民総合センター(四條畷市)
E16,4E4F,京阪バス,,栗尾
E16,4E51,京阪バス,,忍ヶ丘小学校
E16,4E54,京阪バス,,青少年運動広場
E16,4E55,京阪バス,,新間池
E16,4E56,京阪バス,,忍ヶ丘北詰
E16,4E57,京阪バス,,南中学校
E16,4E59,京阪バス,,堀溝三丁目
E16,4E5B,京阪バス,,雁屋
E16,4E5C,京阪バス,,四條畷保健所
E16,4E5D,京阪バス,,イオンモール四條畷
E16,4F33,京阪バス,,下清滝
E16,4F35,京阪バス,,清滝
E16,4F36,京阪バス,,清滝橋(団地側)
E16,4F37,京阪バス,,清滝団地
E16,4F38,京阪バス,,上清滝
E16,4F39,京阪バス,,逢阪
E16,4F3B,京阪バス,,飯盛霊園前
E16,4F3C,京阪バス,,電通大四條畷キャンパス
E16,4F3D,京阪バス,,エコクリーンセンター下
E16,4F3E,京阪バス,,飯盛霊園
E16,4F3F,京阪バス,,清滝橋 (電通大前)
E16,5033,京阪バス,,森山
E16,5034,京阪バス,,中番
E16,5035,京阪バス,,佐水
E16,5036,京阪バス,,照涌
E16,5037,京阪バス,,田原台一丁目
E16,5038,京阪バス,,グリーンホール田原
E16,5039,京阪バス,,戎公園
E16,503A,京阪バス,,田原小学校
E16,503B,京阪バス,,田原台センター
E16,503D,京阪バス,,田原台七丁目
E16,503E,京阪バス,,北谷公園北
E16,503F,京阪バス,,緑風台
E16,5040,京阪バス,,さつきヶ丘公園
E16,5041,京阪バス,,下田原集会所
E16,5042,京阪バス,,田原台二丁目
E16,5043,京阪バス,,北谷公園
E16,5044,京阪バス,,田原台九丁目南
E16,5045,京阪バス,,田原台九丁目
E16,5046,京阪バス,,田原台八丁目
E16,5047,京阪バス,,緑の文化園
E16,510A,京阪バス,,地下鉄大日南口
E16,5114,京阪バス,,大日駅
E16,5133,京阪バス,,佐太天神前
E16,5134,京阪バス,,金田
E16,5135,京阪バス,,佐太二番
E16,5136,京阪バス,,大久保(守口市)
E16,5137,京阪バス,,藤田
E16,5138,京阪バス,,大庭住宅前
E16,513D,京阪バス,,佐太小学校前
E16,513E,京阪バス,,佐太二番西詰
E16,513F,京阪バス,,五番
E16,5140,京阪バス,,大日町二丁目
E16,5147,京阪バス,,藤田南
E16,5148,京阪バス,,大久保中央公園
E16,5149,京阪バス,守口市内循環線 大久保系統,大久保団地
E16,514A,京阪バス,守口市内循環線 大久保系統,大久保中学校
E16,514B,京阪バス,守口市内循環線 大久保系統,大久保町五丁目
E16,514C,京阪バス,守口市内循環線 大久保系統,東公民館
E16,514D,京阪バス,守口市内循環線 大久保系統,東公園
E16,514E,京阪バス,守口市内循環線 大久保系統,東小学校
E16,514F,京阪バス,守口市内循環線 大久保系統,もりぐち歴史館
E16,5151,京阪バス,守口市内循環線 大久保系統,大久保町二丁目
E16,5152,京阪バス,,大久保町一丁目
E16,5153,京阪バス,,佐太二番北詰
E16,5200,京阪バス,,京阪守口市駅
E16,5214,京阪バス,,守口市駅西口
E16,521E,京阪バス,,地下鉄守口
E16,5228,京阪バス,,太子橋
E16,5233,京阪バス,,大庭七番
E16,5234,京阪バス,,八番
E16,5235,京阪バス,,八雲小学校前
E16,5236,京阪バス,,八雲
E16,5237,京阪バス,,北斗町
E16,5238,京阪バス,,パナソニック前
E16,5239,京阪バス,,京阪本通
E16,523A,京阪バス,,京阪土居北口
E16,523B,京阪バス,,土居
E16,523E,京阪バス,,外島町南
E16,523F,京阪バス,,外島町
E16,5240,京阪バス,,吉祥橋 (八雲中学校)
E16,5241,京阪バス,,八雲北住宅
E16,5243,京阪バス,,太子橋三丁目
E16,5244,京阪バス,,下島小学校
E16,5245,京阪バス,,八雲西町
E16,5337,京阪バス,,市民球場前
E16,5339,京阪バス,,東光町
E16,533A,京阪バス,,東光本通
E16,533B,京阪バス,,西郷通
E16,533F,京阪バス,,寺方小学校
E16,5340,京阪バス,,西郷通南
E16,5342,京阪バス,,寺方本通一丁目
E16,5343,京阪バス,,寺方府営住宅前
E16,5344,京阪バス,,寺方東
E16,5345,京阪バス,,東郷通
E16,5348,京阪バス,,寺方元町
E16,534B,京阪バス,,錦通住宅
E16,534C,京阪バス,,南寺方東通三丁目
E16,534D,京阪バス,,南寺方東通四丁目
E16,534E,京阪バス,,南寺方東通五丁目
E16,534F,京阪バス,,南寺方東通六丁目
E16,5350,京阪バス,,世木公園
E16,5360,京阪バス,,大枝公園前
E16,5361,京阪バス,,大枝南町
E16,5400,京阪バス,,京阪大和田駅
E16,5433,京阪バス,,天辻工場前
E16,5434,京阪バス,,上馬伏
E16,5435,京阪バス,,巣本
E16,5436,京阪バス,,四宮住宅前
E16,5437,京阪バス,,岸和田
E16,5438,京阪バス,,下馬伏
E16,5439,京阪バス,,南野口
E16,543A,京阪バス,,島頭
E16,543B,京阪バス,,下島町
E16,5533,京阪バス,,門真車庫前
E16,5534,京阪バス,,門真団地
E16,5535,京阪バス,,西御領
E16,5536,京阪バス,,御領
E16,5537,京阪バス,,江端南
E16,5538,京阪バス,,江端
E16,5539,門真市コミュニティバス,,南部市民センター口
E16,553A,京阪バス,,門真団地南
E16,5600,京阪バス,,古川橋駅(南ターミナル)
E16,560A,京阪バス,,古川橋駅
E16,5614,京阪バス,,地下鉄門真南
E16,5633,京阪バス,,一番
E16,5634,京阪バス,,免許試験場(道路側)
E16,5636,京阪バス,,北桑才
E16,5637,京阪バス,,三島大橋
E16,5638,京阪バス,,三島
E16,5639,京阪バス,,南三島
E16,563A,京阪バス,,東三島
E16,563B,京阪バス,,三島団地前
E16,563D,京阪バス,,鳥飼道
E16,563F,京阪バス,,古川橋府営住宅前
E16,5640,京阪バス,,免許試験場(バスプール)
E16,5641,門真市コミュニティバス,,保健福祉センター
E16,5642,門真市コミュニティバス,,古川町
E16,5643,門真市コミュニティバス,,打越町
E16,5644,門真市コミュニティバス,,沖町
E16,5645,門真市コミュニティバス,,北島橋変電所前
E16,5647,門真市コミュニティバス,,市民プラザ前
E16,5648,門真市コミュニティバス,,末広町(門真市)
E16,5700,京阪バス,,京阪門真市駅(南ターミナル)
E16,5736,門真市コミュニティバス,,門真市役所
E16,573D,京阪バス,,農協会館前
E16,5900,京阪バス,,JR吹田
E16,5939,京阪バス,,御旅町
E16,593A,京阪バス,,中の島公園前
E16,593B,京阪バス,,簡易裁判所前
E16,593D,京阪バス,,田中町
E16,5A34,京阪バス,,豊里小学校前
E16,5A35,京阪バス,,大桐一丁目
E16,5A36,京阪バス,,大桐二丁目
E16,5A37,京阪バス,,瑞光二丁目
E16,5A38,京阪バス,,上新庄駅北口
E16,5B0A,京阪バス,,なんば (OCAT)
E16,5B14,京阪バス,,ホテル京阪ユニバーサルタワー
E16,5C00,京阪バス,,鶴見緑地
E16,5C35,京阪バス,,焼野
E16,6363,京阪京都交通,,臨時停留所
E1E,0,西日本ジェイアールバス,,共通
E1E,22,本四海峡バス,,高速舞子
E1E,22A,西日本ジェイアールバス,高速バス 大磯号,淡路夢舞台前
E1E,25B,本四海峡バス,大磯号,東浦バスターミナル
E1E,533,本四海峡バス,高速バス,津名一宮IC
E1E,A02,西日本ジェイアールバス,金沢周辺,金沢駅東口
E1E,A04,西日本ジェイアールバス,金沢周辺,武蔵ケ辻・近江町市場
E1E,A06,西日本ジェイアールバス,金沢周辺,香林坊
E1E,A07,西日本ジェイアールバス,金沢周辺,広坂・21世紀美術館
E1E,A0E,西日本ジェイアールバス,金沢周辺,山の上
E1E,A0F,西日本ジェイアールバス,金沢周辺,春日町
E1E,A10,西日本ジェイアールバス,金沢周辺,鳴和
E1E,A11,西日本ジェイアールバス,金沢周辺,小坂
E1E,A12,西日本ジェイアールバス,金沢周辺,小坂中
E1E,A13,西日本ジェイアールバス,金沢周辺,神谷内
E1E,A14,西日本ジェイアールバス,金沢周辺,法光寺
E1E,A15,西日本ジェイアールバス,金沢周辺,百坂
E1E,A16,西日本ジェイアールバス,金沢周辺,森本駅
E1E,B0A,西日本ジェイアールバス,牧線,山王町一丁目
E1E,D07,西日本ジェイアールバス,才田線,湖陽住宅
E1E,F01,西日本ジェイアールバス,金沢ショッピングライナー まちバス,武蔵ヶ辻・近江町市場
E1E,F02,西日本ジェイアールバス,金沢ショッピングライナー まちバス,南町・尾山神社
E1E,F0C,西日本ジェイアールバス,金沢ショッピングライナー まちバス,金沢駅兼六園口(東口)・金沢フォーラス
E1E,1400,西日本ジェイアールバス,,近江今津駅
E1E,1409,西日本ジェイアールバス,,梅原口
E1E,140E,西日本ジェイアールバス,,保坂
E1E,140F,西日本ジェイアールバス,,近江角川
E1E,1410,西日本ジェイアールバス,,近江杉山
E1E,1411,西日本ジェイアールバス,,天増川口
E1E,1412,西日本ジェイアールバス,,下大杉
E1E,1413,西日本ジェイアールバス,,橘町
E1E,1414,西日本ジェイアールバス,,若狭熊川
E1E,1415,西日本ジェイアールバス,,下新町
E1E,1416,西日本ジェイアールバス,,新道口
E1E,1417,西日本ジェイアールバス,,瓜生口
E1E,141B,西日本ジェイアールバス,,若狭大森
E1E,141C,西日本ジェイアールバス,,上中病院前
E1E,141D,西日本ジェイアールバス,,上中
E1E,141E,西日本ジェイアールバス,,三宅小学校前
E1E,141F,西日本ジェイアールバス,,天徳寺
E1E,1420,西日本ジェイアールバス,,若狭神谷
E1E,1421,西日本ジェイアールバス,,野木口
E1E,1422,西日本ジェイアールバス,,日笠
E1E,1423,西日本ジェイアールバス,,新平野駅口
E1E,1424,西日本ジェイアールバス,,平野口
E1E,1425,西日本ジェイアールバス,,大興寺
E1E,1426,西日本ジェイアールバス,,東市場
E1E,1427,西日本ジェイアールバス,,若狭国分
E1E,1428,西日本ジェイアールバス,,遠敷
E1E,1429,西日本ジェイアールバス,,検見坂
E1E,142A,西日本ジェイアールバス,,木崎橋
E1E,142B,西日本ジェイアールバス,,湯岡橋
E1E,142C,西日本ジェイアールバス,,湯岡
E1E,142D,西日本ジェイアールバス,,関電前
E1E,142E,西日本ジェイアールバス,,小浜駅
E1E,1434,西日本ジェイアールバス,,ふるさと公園
E1E,1E00,西日本ジェイアールバス,若江線,園部駅
E1E,1E01,西日本ジェイアールバス,若江線,本町口
E1E,1E02,西日本ジェイアールバス,若江線,園部宮町
E1E,2801,西日本ジェイアールバス,高雄・京北線/高速バス,京都駅 (烏丸口)
E1E,2802,西日本ジェイアールバス,高雄・京北線,三哲
E1E,2803,西日本ジェイアールバス,高雄・京北線,七条大宮・京都水族館前
E1E,2804,西日本ジェイアールバス,高雄・京北線,五条大宮
E1E,2805,西日本ジェイアールバス,高雄・京北線,大宮松原
E1E,2806,西日本ジェイアールバス,高雄・京北線,四条大宮
E1E,2807,西日本ジェイアールバス,高雄・京北線,千本三条・朱雀立命館前
E1E,2808,西日本ジェイアールバス,高雄・京北線,二条駅前
E1E,2809,西日本ジェイアールバス,高雄・京北線,千本旧二条
E1E,280A,西日本ジェイアールバス,高雄・京北線,千本丸太町
E1E,280B,西日本ジェイアールバス,高雄・京北線,丸太町七本松
E1E,280C,西日本ジェイアールバス,高雄・京北線,丸太町御前通
E1E,280D,西日本ジェイアールバス,高雄・京北線,円町
E1E,280E,西日本ジェイアールバス,高雄・京北線,大将軍
E1E,280F,西日本ジェイアールバス,高雄・京北線,北野
E1E,2810,西日本ジェイアールバス,高雄・京北線,わら天神前
E1E,2811,西日本ジェイアールバス,高雄・京北線,立命館大学前
E1E,2812,西日本ジェイアールバス,高雄・京北線,竜安寺前
E1E,2813,西日本ジェイアールバス,高雄・京北線,御室東
E1E,2814,西日本ジェイアールバス,高雄・京北線,御室仁和寺
E1E,2815,西日本ジェイアールバス,高雄・京北線,福王子
E1E,2816,西日本ジェイアールバス,高雄・京北線,三宝寺
E1E,2817,西日本ジェイアールバス,高雄・京北線,高鼻町
E1E,2818,西日本ジェイアールバス,高雄・京北線,高雄病院前
E1E,2819,西日本ジェイアールバス,高雄・京北線,平岡八幡
E1E,281A,西日本ジェイアールバス,高雄・京北線,梅ヶ畑清水町
E1E,281B,西日本ジェイアールバス,高雄・京北線,広芝町
E1E,281C,西日本ジェイアールバス,高雄・京北線,高雄学校前
E1E,281D,西日本ジェイアールバス,高雄・京北線,御経坂
E1E,281E,西日本ジェイアールバス,高雄・京北線,御所ノ口
E1E,281F,西日本ジェイアールバス,高雄・京北線,山城高雄
E1E,2820,西日本ジェイアールバス,高雄・京北線,槇ノ尾
E1E,2821,西日本ジェイアールバス,高雄・京北線,栂ノ尾
E1E,2822,西日本ジェイアールバス,高雄・京北線,夫婦橋
E1E,2823,西日本ジェイアールバス,高雄・京北線,毘沙門橋
E1E,2824,西日本ジェイアールバス,高雄・京北線,亀石町
E1E,2825,西日本ジェイアールバス,高雄・京北線,菩提道
E1E,2826,西日本ジェイアールバス,高雄・京北線,山城中川
E1E,2827,西日本ジェイアールバス,高雄・京北線,北山中川
E1E,2828,西日本ジェイアールバス,高雄・京北線,中川学校前
E1E,2829,西日本ジェイアールバス,高雄・京北線,上ノ畑橋
E1E,282A,西日本ジェイアールバス,高雄・京北線,杉阪口
E1E,282B,西日本ジェイアールバス,高雄・京北線,川登橋
E1E,282C,西日本ジェイアールバス,高雄・京北線,北山生協前
E1E,282D,西日本ジェイアールバス,高雄・京北線,北山グリーンガーデン前
E1E,282E,西日本ジェイアールバス,高雄・京北線,小野郷口
E1E,282F,西日本ジェイアールバス,高雄・京北線,小野下ノ町
E1E,2830,西日本ジェイアールバス,高雄・京北線,小野郷
E1E,2831,西日本ジェイアールバス,高雄・京北線,小野上ノ町
E1E,2832,西日本ジェイアールバス,高雄・京北線,滝ノ町
E1E,2833,西日本ジェイアールバス,高雄・京北線,細野口
E1E,2834,西日本ジェイアールバス,高雄・京北線,栗尾町
E1E,2835,西日本ジェイアールバス,高雄・京北線,八千代橋
E1E,2836,西日本ジェイアールバス,高雄・京北線,周山下町
E1E,2837,西日本ジェイアールバス,高雄・京北線,京北合同庁舎前
E1E,2838,西日本ジェイアールバス,高雄・京北線,周山
E1E,2839,西日本ジェイアールバス,高雄・京北線,下京区総合庁舎前
E1E,283A,西日本ジェイアールバス,高雄・京北線,大宮五条
E1E,283B,西日本ジェイアールバス,高雄・京北線,西ノ京円町 《JR円町駅》
E1E,283C,西日本ジェイアールバス,,京都駅前
E1E,283D,西日本ジェイアールバス,高雄・京北線,北野白梅町
E1E,283E,西日本ジェイアールバス,高雄・京北線,妙心寺北門前
E1E,283F,西日本ジェイアールバス,高雄・京北線,御室
E1E,2840,西日本ジェイアールバス,高雄・京北線,立命館大学前(キャンパス内)
E1E,2842,西日本ジェイアールバス,高雄・京北線,高雄
E1E,2901,西日本ジェイアールバス,高雄・京北線,等持院道
E1E,2902,西日本ジェイアールバス,高雄・京北線,等持院南町
E1E,2903,西日本ジェイアールバス,高雄・京北線 支線(一条通経由/烏丸経由/循環),妙心寺北門
E1E,2904,西日本ジェイアールバス,高雄・京北線,嵐電妙心寺駅前
E1E,2905,西日本ジェイアールバス,高雄・京北線,府立体育館前
E1E,2A01,西日本ジェイアールバス,高雄・京北線,四条烏丸 (地下鉄四条駅)
E1E,2A02,西日本ジェイアールバス,高雄・京北線,烏丸御池
E1E,2A03,西日本ジェイアールバス,高雄・京北線,烏丸丸太町 (地下鉄丸太町駅)
E1E,2A04,西日本ジェイアールバス,高雄・京北線,府庁前
E1E,3201,西日本ジェイアールバス,高速バス,大阪駅 (JR高速バスターミナル)
E1E,3204,西日本ジェイアールバス,高速バス,千里ニュータウン
E1E,3403,西日本ジェイアールバス,高速バス,高速舞子
E1E,3406,西日本ジェイアールバス,高速バス,有馬温泉
E1E,3C00,西日本ジェイアールバス,中国高速線,津山駅
E1E,3C01,西日本ジェイアールバス,中国高速線,津山インター
E1E,3C02,西日本ジェイアールバス,中国高速線,中国勝間田
E1E,3C03,西日本ジェイアールバス,中国高速線,美作インター
E1E,3C04,西日本ジェイアールバス,中国高速線,作東
E1E,3C05,西日本ジェイアールバス,中国高速線,中国上月
E1E,3C06,西日本ジェイアールバス,中国高速線,佐用インター
E1E,3C07,西日本ジェイアールバス,中国高速線,南光
E1E,3C08,西日本ジェイアールバス,中国高速線,葛根
E1E,3C09,西日本ジェイアールバス,中国高速線,山崎インター
E1E,3C0A,西日本ジェイアールバス,中国高速線,安富
E1E,3C0B,西日本ジェイアールバス,中国高速線,夢前
E1E,3C0C,西日本ジェイアールバス,中国高速線,福崎インター
E1E,3C0D,西日本ジェイアールバス,中国高速線,北条
E1E,3C0E,西日本ジェイアールバス,中国高速線(加西支線),アスティアかさい
E1E,3C0F,西日本ジェイアールバス,中国高速線(加西支線),加西市役所前
E1E,3C10,西日本ジェイアールバス,中国高速線(加西支線),古坂三丁目
E1E,3C11,西日本ジェイアールバス,中国高速線(加西支線),加西インター
E1E,3C12,西日本ジェイアールバス,中国高速線,泉
E1E,3C1A,西日本ジェイアールバス,中国高速線,滝野社インター
E1E,3C1B,西日本ジェイアールバス,中国高速線,社
E1E,3C1C,西日本ジェイアールバス,中国高速線,高速東条
E1E,3C1D,西日本ジェイアールバス,中国高速線,吉川インター
E1E,3C1E,西日本ジェイアールバス,中国高速線,長尾
E1E,460A,西日本ジェイアールバス,高速バス,淡路インター
E1E,460B,西日本ジェイアールバス,高速バス,ニジゲンノモリ (淡路ハイウェイオアシス)
E1E,4703,本四海峡バス,高速バス,淡路夢舞台前
E1E,5A26,本四海峡バス,高速バス,高速舞子
E1F,0,大阪市交通局,,共通
E1F,B0D,大阪シティバス,,天保山ハーバービレッジ
E1F,1040,大阪シティバス,,喜連西住道矢田
E1F,1041,大阪シティバス,,喜連東一丁目
E1F,1042,大阪シティバス,,喜連東三丁目
E1F,1048,大阪シティバス,,小路東六丁目
E1F,1057,大阪シティバス,,六反東公園
E1F,1058,大阪シティバス,,東中島四丁目北
E1F,1104,大阪シティバス,,天王田公園
E1F,1105,大阪シティバス,,諏訪小学校
E1F,1117,大阪シティバス,79号系統,安治川口駅前
E1F,1118,大阪シティバス,,中之島四丁目
E1F,111B,大阪シティバス,,旭区役所
E1F,111D,大阪シティバス,,夕凪二丁目
E1F,111E,大阪シティバス,,泉尾二丁目西
E1F,111F,大阪シティバス,,御崎四丁目
E1F,1120,大阪シティバス,,南住吉一丁目東
E1F,1127,大阪シティバス,,三ツ島南
E1F,1128,大阪シティバス,,教育センター附属高校
E1F,1129,大阪シティバス,79号系統,桜島二丁目東
E1F,112A,大阪シティバス,,長吉六反三丁目
E1F,112B,大阪シティバス,,南港フェリーターミナル
E1F,112C,大阪シティバス,,柴島駅淀川キリスト教病院前
E1F,112D,大阪シティバス,,鶴町南公園
E1F,112E,大阪シティバス,,上本町六丁目南 (近鉄前)
E1F,112F,大阪シティバス,,上本町六丁目東
E1F,1130,大阪シティバス,,上本町七丁目北
E1F,1131,大阪シティバス,,地下鉄駒川中野
E1F,1132,大阪シティバス,86号系統,地下鉄だいどう豊里
E1F,1133,大阪シティバス,,曽根崎警察署
E1F,1134,大阪シティバス,,あべの橋西
E1F,1135,大阪シティバス,,京橋駅南口
E1F,1136,大阪シティバス,,福町三丁目
E1F,1137,大阪シティバス,,十三北
E1F,113C,大阪シティバス,いまざとライナー,神路公園
E1F,113D,大阪シティバス,,常吉臨港緑地
E1F,1432,大阪シティバス,,神姫バス神戸三宮バスターミナル
E20,0,高槻市交通局,,共通
E20,2,高槻市営バス,,阪急高槻駅
E20,3,高槻市営バス,,市役所前
E20,4,高槻市営バス,,城西町
E20,5,高槻市営バス,,東庄所
E20,6,高槻市営バス,,下田部
E20,7,高槻市営バス,,二十
E20,8,高槻市営バス,,芝生住宅東口
E20,9,高槻市営バス,,芝生西口
E20,A,高槻市営バス,,車庫前
E20,B,高槻市営バス,,栄町東
E20,C,高槻市営バス,,栄町
E20,D,高槻市営バス,,寿町
E20,E,高槻市営バス,,富田東
E20,F,高槻市営バス,,如是校前
E20,10,高槻市営バス,,津之江
E20,11,高槻市営バス,,城西橋
E20,12,高槻市営バス,,庄所
E20,13,高槻市営バス,,弁天駐車場前
E20,14,高槻市営バス,,東五百住
E20,15,高槻市営バス,,登美の里
E20,16,高槻市営バス,,桜ヶ丘
E20,18,高槻市営バス,,如是南
E20,19,高槻市営バス,,芝生住宅北口
E20,1A,高槻市営バス,,芝生住宅
E20,1B,高槻市営バス,,三中前
E20,1C,高槻市営バス,,富田団地東
E20,1D,高槻市営バス,,富田団地中央
E20,1E,高槻市営バス,,富田団地
E20,1F,高槻市営バス,,唐崎西口
E20,20,高槻市営バス,,玉川橋団地
E20,21,高槻市営バス,,玉川口
E20,22,高槻市営バス,,西面口
E20,23,高槻市営バス,,三島江南口
E20,24,高槻市営バス,,柱本
E20,25,高槻市営バス,,柱本団地
E20,26,高槻市営バス,,松原
E20,27,高槻市営バス,,沢良木町
E20,28,高槻市営バス,,城東町
E20,29,高槻市営バス,,春日町
E20,2A,高槻市営バス,,辻子
E20,2B,高槻市営バス,,西冠
E20,2C,高槻市営バス,,下田部団地
E20,2D,高槻市営バス,,天王町西
E20,2E,高槻市営バス,,天王町
E20,2F,高槻市営バス,,野田 (第一東和会病院前)
E20,30,高槻市営バス,,北大冠校前
E20,31,高槻市営バス,,六中前
E20,32,高槻市営バス,,東天川
E20,33,高槻市営バス,,前島
E20,34,高槻市営バス,,萩之庄南
E20,35,高槻市営バス,,国道梶原
E20,36,高槻市営バス,,梶原南
E20,37,高槻市営バス,,道鵜町北口
E20,38,高槻市営バス,,道鵜町
E20,39,高槻市営バス,,藤の里 (しもむら内科クリニック前)
E20,3A,高槻市営バス,,天川町
E20,3B,高槻市営バス,,六中西
E20,3C,高槻市営バス,,大冠校前
E20,3D,高槻市営バス,,須賀町
E20,3E,高槻市営バス,,大冠町
E20,3F,高槻市営バス,,東和町
E20,40,高槻市営バス,,深沢住宅
E20,41,高槻市営バス,,深沢住宅南口
E20,42,高槻市営バス,,北大塚
E20,43,高槻市営バス,,八丁畷 (大阪医科薬科大学病院前(北門))
E20,44,高槻市営バス,,別所新町
E20,45,高槻市営バス,,安満新町
E20,46,高槻市営バス,,安満
E20,47,高槻市営バス,,山手町
E20,48,高槻市営バス,,桧尾川
E20,49,高槻市営バス,,萩之庄
E20,4A,高槻市営バス,,梶原
E20,4B,高槻市営バス,,梶原東
E20,4C,高槻市営バス,,別所
E20,4D,高槻市営バス,,磐手校前
E20,4E,高槻市営バス,,磐手橋
E20,4F,高槻市営バス,,日吉台東口
E20,50,高槻市営バス,,成合
E20,51,高槻市営バス,,成合旭橋
E20,52,高槻市営バス,,成合中町
E20,53,高槻市営バス,,上成合
E20,54,高槻市営バス,,砕石場前
E20,55,高槻市営バス,,砕石場上
E20,56,高槻市営バス,,川久保峠
E20,57,高槻市営バス,,川久保
E20,58,高槻市営バス,,JR富田駅
E20,59,高槻市営バス,,ひかり診療所前
E20,5A,高槻市営バス,,富田校前
E20,5B,高槻市営バス,,西垣内
E20,5C,高槻市営バス,,西の町
E20,5D,高槻市営バス,,柳川町
E20,5E,高槻市営バス,,西町
E20,5F,高槻市営バス,,昭和台二丁目
E20,60,高槻市営バス,,昭和台一丁目
E20,61,高槻市営バス,,三島江
E20,62,高槻市営バス,,三箇牧校前
E20,63,高槻市営バス,,広浜金属前
E20,100,高槻市営バス,,唐崎
E20,101,高槻市営バス,,芝生車庫
E20,102,高槻市営バス,,弁天駐車場南
E20,103,高槻市営バス,,芝生住宅南
E20,104,高槻市営バス,,唐崎北
E20,105,高槻市営バス,,北郵便局前
E20,106,高槻市営バス,,下田部団地口
E20,107,高槻市営バス,,若松町
E20,108,高槻市営バス,,唐崎橋
E20,200,高槻市営バス,,JR高槻駅西
E20,202,高槻市営バス,,下天神
E20,203,高槻市営バス,,上天神
E20,204,高槻市営バス,,奥天神
E20,205,高槻市営バス,,日吉台口
E20,206,高槻市営バス,,南公園
E20,207,高槻市営バス,,東公園
E20,208,高槻市営バス,,中央公園
E20,209,高槻市営バス,,JR高槻駅北
E20,20A,高槻市営バス,,真上南
E20,20B,高槻市営バス,,真上
E20,20C,高槻市営バス,,緑が丘 (みどりヶ丘病院前)
E20,20D,高槻市営バス,,服部図書館前
E20,20E,高槻市営バス,,芝谷町
E20,20F,高槻市営バス,,芝谷東
E20,210,高槻市営バス,,芝谷古墳前
E20,211,高槻市営バス,,安岡寺東
E20,212,高槻市営バス,,寺谷町
E20,213,高槻市営バス,,浦堂
E20,214,高槻市営バス,玉滝線 26系統,♿服部
E20,215,高槻市営バス,,学園前
E20,216,高槻市営バス,,安岡寺住宅
E20,217,高槻市営バス,,松が丘
E20,218,高槻市営バス,,上の口
E20,219,高槻市営バス,,原立石
E20,21A,高槻市営バス,,神峰山口
E20,21B,高槻市営バス,,原大橋
E20,21C,高槻市営バス,,三島の郷前
E20,21D,高槻市営バス,,原砕石場
E20,21E,高槻市営バス,,不二が原
E20,220,高槻市営バス,,つるが谷
E20,221,高槻市営バス,,空谷橋
E20,222,高槻市営バス,11/60〜63,出灰
E20,223,高槻市営バス,11/60〜63,森林センター前
E20,224,高槻市営バス,11/60〜63,田能口
E20,225,高槻市営バス,,樫田校前
E20,226,高槻市営バス,,樫田郵便局前
E20,227,高槻市営バス,,田能
E20,228,高槻市営バス,,中畑口
E20,229,高槻市営バス,,中畑西
E20,22A,高槻市営バス,,中畑
E20,22B,高槻市営バス,,中畑回転場
E20,22C,高槻市営バス,,樫船神社
E20,22D,高槻市営バス,,田能西条
E20,22E,高槻市営バス,,大谷橋
E20,22F,高槻市営バス,,二料山荘
E20,230,高槻市営バス,,二料
E20,231,高槻市営バス,,杉生
E20,232,高槻市営バス,,伏原
E20,233,高槻市営バス,,塚脇
E20,234,高槻市営バス,,西之川原
E20,235,高槻市営バス,,宮之川原
E20,236,高槻市営バス,,大蔵司
E20,237,高槻市営バス,,川西
E20,238,高槻市営バス,,サンスター前
E20,239,高槻市営バス,,郡家新町東
E20,23A,高槻市営バス,,清福寺
E20,23B,高槻市営バス,,郡家本郷
E20,23C,高槻市営バス,,二中前
E20,23D,高槻市営バス,,南平台東
E20,23E,高槻市営バス,,南平台小学校前
E20,23F,高槻市営バス,,平安女学院大学東
E20,240,高槻市営バス,,上奈佐原
E20,241,高槻市営バス,,西の口
E20,242,高槻市営バス,,霊仙寺
E20,243,高槻市営バス,,月見台
E20,244,高槻市営バス,,関西大学
E20,245,高槻市営バス,,明治製菓前
E20,246,高槻市営バス,,パナソニック前
E20,247,高槻市営バス,,郡家
E20,248,高槻市営バス,,今城塚古墳前
E20,249,高槻市営バス,,岡本
E20,24A,高槻市営バス,,氷室
E20,24B,高槻市営バス,,巡礼橋
E20,24C,高槻市営バス,,宮田
E20,24D,高槻市営バス,,四中前
E20,24E,高槻市営バス,,二中西
E20,24F,高槻市営バス,,南平台南
E20,250,高槻市営バス,,南平台
E20,251,高槻市営バス,,北南平台
E20,252,高槻市営バス,,奈佐原
E20,253,高槻市営バス,,南平台西口
E20,254,高槻市営バス,,南平台三丁目西 (共働舎花の会前)
E20,255,高槻市営バス,,岡本西
E20,256,高槻市営バス,,阿武山口
E20,257,高槻市営バス,,変電所前
E20,258,高槻市営バス,,萩谷総合公園
E20,259,高槻市営バス,,下萩谷
E20,25A,高槻市営バス,,中萩谷
E20,25B,高槻市営バス,,萩谷
E20,25C,高槻市営バス,,阿武野校前
E20,25D,高槻市営バス,,宮田南
E20,25E,高槻市営バス,,宮田公民館前
E20,25F,高槻市営バス,,土室南
E20,260,高槻市営バス,,土室
E20,261,高槻市営バス,,上土室
E20,263,高槻市営バス,,日赤病院南
E20,300,高槻市営バス,,日赤病院
E20,301,高槻市営バス,,阿武野一丁目
E20,302,高槻市営バス,,大和
E20,303,高槻市営バス,,大阪医科薬科大学(薬学部)
E20,304,高槻市営バス,,公団阿武山
E20,305,高槻市営バス,,上の池公園南
E20,306,高槻市営バス,,上の池公園
E20,307,高槻市営バス,,西塚原
E20,308,高槻市営バス,,塚原
E20,309,高槻市営バス,,日吉台西
E20,30A,高槻市営バス,,高槻橋
E20,30B,高槻市営バス,,西之川原橋
E20,30D,高槻市営バス,,緑が丘車庫
E20,30E,高槻市営バス,,真如苑 (悠音精舎)
E20,30F,高槻市営バス,,JR富田駅
E20,310,高槻市営バス,,下の口
E20,311,高槻市営バス,,大和北
E20,312,高槻市営バス,,富田丘町
E20,313,高槻市営バス,,萩谷公民館前
E20,314,高槻市営バス,,大蔵司北
E20,315,高槻市営バス,,名神町
E20,316,高槻市営バス,,消防署前
E20,317,高槻市営バス,,芥川小学校前
E20,318,高槻市営バス,,古曽部台
E20,319,高槻市営バス,,美しが丘南
E20,31A,高槻市営バス,,美しが丘
E20,31B,高槻市営バス,,美しが丘西
E20,31C,高槻市営バス,,日吉台西公園
E20,31D,高槻市営バス,,塚原口
E20,31E,高槻市営バス,,芥川商店街
E20,31F,高槻市営バス,,塚原二丁目
E20,320,高槻市営バス,,霊松寺
E20,321,高槻市営バス,,梶原西
E20,322,高槻市営バス,,古曽部防災公園
E20,323,高槻市営バス,,別所本町公園南
E20,324,高槻市営バス,,別所本町公園北
E20,325,高槻市営バス,,五領公民館前
E20,326,高槻市営バス,,国道上牧西
E20,327,高槻市営バス,,阪急上牧駅
E20,328,高槻市営バス,,淀の原北
E20,329,高槻市営バス,,淀の原南
E20,32A,高槻市営バス,,東上牧
E20,32B,高槻市営バス,,上牧南
E20,32C,高槻市営バス,,上牧中央
E20,32D,高槻市営バス,,上牧北
E20,400,高槻市営バス,,高槻カントリー倶楽部
E20,401,高槻市営バス,,西之川原中
E20,800,高槻市営バス,,クリンピア前島
E20,803,高槻市営バス,,公園墓地1区
E20,804,高槻市営バス,,田町
E20,806,高槻市営バス,,公園墓地3区
E20,807,高槻市営バス,,公園墓地7区
E20,808,高槻市営バス,,公園墓地10区
E20,809,高槻市営バス,,公園墓地8区
E20,4A01,高槻市営バス,,JR高槻駅南案内所 1番窓口/チャージ機
E20,4A02,高槻市営バス,,JR高槻駅南案内所 2番窓口
E20,4A03,高槻市営バス,,JR高槻駅南案内所 3番窓口
E20,4B01,高槻市営バス,,阪急高槻市駅案内所
E21,1,関西空港交通,,関西国際空港
E21,107,関西空港交通,,藤の木台四丁目
E22,0,阪急バス,,共通
E22,20,阪急バス,,清風荘
E22,21,阪急バス,,石橋
E22,22,阪急バス,,井口堂
E22,23,阪急バス,,荘園口
E22,24,阪急バス,,尊鉢
E22,25,阪急バス,,光明公園前
E22,26,阪急バス,,池田市役所前
E22,27,阪急バス,,阪急池田駅
E22,28,阪急バス,,豊中稲荷神社前
E22,29,阪急バス,,豊中本町四丁目
E22,2A,阪急バス,,春日橋
E22,2B,阪急バス,,柴原口
E22,2C,阪急バス,,柴原
E22,2D,阪急バス,,桜井谷
E22,2E,阪急バス,,宮山
E22,2F,阪急バス,,春日町四丁目
E22,30,阪急バス,,野畑住宅前
E22,31,阪急バス,,永楽荘四丁目
E22,32,阪急バス,,箕面高校前
E22,33,阪急バス,,箕面市役所前
E22,34,阪急バス,,箕面警察前
E22,36,阪急バス,,豊中本町八丁目
E22,37,阪急バス,,梅花学園前
E22,38,阪急バス,,豊中高校前
E22,39,阪急バス,,上野小学校前
E22,3A,阪急バス,,東豊中団地前
E22,3B,阪急バス,,三ッ池
E22,3C,阪急バス,,東豊中
E22,3D,阪急バス,,島熊山
E22,3E,阪急バス,,上野坂一丁目
E22,3F,阪急バス,,上野坂下 (星名歯科医院前)
E22,47,阪急バス,,上久代 (よしの歯科クリニック前)
E22,52,阪急バス,,塚口本町
E22,53,阪急バス,,つかしん前
E22,54,阪急バス,,猪名寺西口
E22,55,阪急バス,,稲野
E22,56,阪急バス,,伊丹営業所前
E22,57,阪急バス,,南本町四丁目
E22,58,阪急バス,,南本町一丁目
E22,5A,阪急バス,,伊丹北ノ口
E22,5B,阪急バス,,卸売市場前
E22,5C,阪急バス,,辻村
E22,5D,阪急バス,,北村西ノ口
E22,5E,阪急バス,,北村
E22,5F,阪急バス,,体育館・市民プ―ル前
E22,60,阪急バス,,瑞穂小学校前
E22,61,阪急バス,,総監部前
E22,101,阪急バス,,寺本公団前
E22,102,阪急バス,,昆陽ノ里
E22,103,阪急バス,,高台
E22,104,阪急バス,,県立高校前
E22,105,阪急バス,,神足稲葉
E22,106,阪急バス,,北条小学校
E22,107,阪急バス,,寺内一丁目
E22,109,阪急バス,,五月台三丁目
E22,10A,阪急バス,,五月台七丁目
E22,10B,阪急バス,,阪大豊中学舎前
E22,10C,阪急バス,,谷上駅
E22,10D,阪急バス,,吹田市役所前 (阪急吹田)
E22,10E,阪急バス,,アサヒビール会社前
E22,10F,阪急バス,,片山町三丁目
E22,110,阪急バス,,天道
E22,111,阪急バス,,東原町
E22,112,阪急バス,,吹高口
E22,113,阪急バス,,岸部
E22,114,阪急バス,,七尾
E22,115,阪急バス,,清水
E22,118,阪急バス,,蔵垣内
E22,119,阪急バス,,名糖前
E22,11A,阪急バス,,宇野辺
E22,11B,阪急バス,,下穂積
E22,11D,阪急バス,,府民センター前
E22,11E,阪急バス,,茨木警察署前
E22,11F,阪急バス,,上穂積 (SBSゆにたす前)
E22,120,阪急バス,,春日
E22,121,阪急バス,,畑田
E22,122,阪急バス,,三咲町
E22,123,阪急バス,,疣水神社前
E22,124,阪急バス,,総持寺前
E22,125,阪急バス,,赤大路
E22,126,阪急バス,,国道富田
E22,127,阪急バス,,JR富田
E22,130,阪急バス,,阪急水無瀬
E22,131,阪急バス,,国道島本
E22,132,阪急バス,,国道大山崎
E22,133,阪急バス,,新山崎橋
E22,134,阪急バス,,大山崎町体育館前
E22,135,阪急バス,,小畑橋
E22,136,阪急バス,,神足
E22,137,阪急バス,,馬場(長岡京市)
E22,138,阪急バス,,菱川
E22,139,阪急バス,,簡易裁判所前
E22,13A,阪急バス,,東土川
E22,13B,阪急バス,,殿城町
E22,13C,阪急バス,,下久世
E22,141,阪急バス,,月若公園
E22,147,阪急バス,,尼崎総合文化センター
E22,148,阪急バス,,西長洲
E22,149,阪急バス,,西長洲本通二丁目
E22,14A,阪急バス,,スポーツセンター
E22,14B,阪急バス,,尾浜
E22,14C,阪急バス,,久々知
E22,14D,阪急バス,,久代六丁目
E22,14E,阪急バス,,久代南
E22,14F,阪急バス,,久代
E22,150,阪急バス,,久代口
E22,151,阪急バス,,加茂南口
E22,152,阪急バス,,加茂
E22,153,阪急バス,,栄根
E22,156,阪急バス,,栄町
E22,157,阪急バス,,西本町
E22,201,阪急バス,,中筋六丁目
E22,202,阪急バス,,中筋三丁目
E22,20E,阪急バス,,大井
E22,20F,阪急バス,,屏風岩
E22,210,阪急バス,,川床口
E22,211,阪急バス,,万善
E22,212,阪急バス,,猪名川町スポーツセンター前
E22,213,阪急バス,,中木津
E22,214,阪急バス,,木津
E22,215,阪急バス,,木津上
E22,216,阪急バス,,木間生
E22,217,阪急バス,,杤原
E22,218,阪急バス,,林田口
E22,219,阪急バス,,六瀬総合センター前
E22,21A,阪急バス,,笹尾上
E22,21B,阪急バス,,清水(猪名川町)
E22,21C,阪急バス,,清水北
E22,21D,阪急バス,,尾花橋
E22,21E,阪急バス,,大島小学校前
E22,21F,阪急バス,,杉生
E22,220,阪急バス,,杉生下
E22,221,阪急バス,,杉生中
E22,222,阪急バス,,杉生上
E22,223,阪急バス,,福石神社前
E22,224,阪急バス,,西軽井沢
E22,225,阪急バス,,杉生新田
E22,226,阪急バス,,猪村
E22,227,阪急バス,,後川
E22,228,阪急バス,,能勢の郷口
E22,229,阪急バス,,能勢の郷
E22,22B,阪急バス,,山田橋
E22,22C,阪急バス,,明神橋
E22,22D,阪急バス,,下阿古谷
E22,22E,阪急バス,,阿古谷中
E22,22F,阪急バス,,上阿古谷
E22,236,阪急バス,,島
E22,237,阪急バス,,西畑(猪名川町)
E22,238,阪急バス,,柏原口
E22,239,阪急バス,,大野口
E22,23A,阪急バス,,柏原中
E22,23B,阪急バス,,柏原
E22,23C,阪急バス,,中橋
E22,23D,阪急バス,,絹延橋
E22,23E,阪急バス,,木部
E22,23F,阪急バス,,中川原
E22,240,阪急バス,,東山(池田市)
E22,241,阪急バス,,吉田橋
E22,242,阪急バス,,伏尾
E22,243,阪急バス,,久安寺
E22,244,阪急バス,,発電所前
E22,245,阪急バス,,北摂池田メモリアルパーク前
E22,246,阪急バス,,水源池
E22,247,阪急バス,,西山口
E22,248,阪急バス,,下止々呂美
E22,249,阪急バス,,止々呂美ふるさと自然科学館前
E22,24A,阪急バス,,中止々呂美
E22,24B,阪急バス,,上止々呂美
E22,24C,阪急バス,,上ノ所
E22,24D,阪急バス,,高山口
E22,24E,阪急バス,,川尻
E22,24F,阪急バス,,平野(豊能町)
E22,251,阪急バス,,切畑口
E22,252,阪急バス,,南ノ谷
E22,253,阪急バス,,妙見口
E22,254,阪急バス,,久原
E22,255,阪急バス,,清滝口
E22,256,阪急バス,,野間峠
E22,257,阪急バス,,清滝
E22,258,阪急バス,,妙見山上
E22,259,阪急バス,,牧
E22,260,阪急バス,,山下
E22,261,阪急バス,,山下本町
E22,262,阪急バス,,一庫
E22,303,阪急バス,,千軒
E22,304,阪急バス,,民田口
E22,305,阪急バス,,上杉口
E22,306,阪急バス,,清水橋(能勢町)
E22,307,阪急バス,,片山口
E22,308,阪急バス,,平野口
E22,309,阪急バス,,汐の湯温泉前
E22,30A,阪急バス,,森上
E22,30B,阪急バス,,山辺口
E22,30C,阪急バス,,栗栖
E22,30D,阪急バス,,赤馬
E22,30E,阪急バス,,大里住宅前
E22,30F,阪急バス,,大里
E22,310,阪急バス,,能勢町役場前
E22,311,阪急バス,,能勢町宿野
E22,313,阪急バス,,妙見口駅
E22,314,阪急バス,,東ときわ台二丁目
E22,315,阪急バス,,東ときわ台五丁目
E22,316,阪急バス,,小学校前
E22,317,阪急バス,,東ときわ台九丁目
E22,318,阪急バス,,東ときわ台七丁目
E22,319,阪急バス,,支所前
E22,31A,阪急バス,,伏尾台五丁目
E22,31B,阪急バス,,ほそごう学園前
E22,31C,阪急バス,,下田尻
E22,31D,阪急バス,,鬼子母神前
E22,31E,阪急バス,,上田尻
E22,31F,阪急バス,,口山内
E22,323,阪急バス,,名月峠
E22,324,阪急バス,,北脇
E22,325,阪急バス,,保育所前
E22,327,阪急バス,,阪急雲雀丘花屋敷駅
E22,328,阪急バス,,花屋敷
E22,329,阪急バス,,豆坂口
E22,32A,阪急バス,,つつじが丘(宝塚市)
E22,32B,阪急バス,,長尾台
E22,32C,阪急バス,,満願寺
E22,32D,阪急バス,,愛宕原ゴルフ場
E22,32E,阪急バス,,園芸高校前
E22,32F,阪急バス,,宣真学園前
E22,330,阪急バス,,阪急石橋阪大前駅
E22,331,阪急バス,,中之島
E22,332,阪急バス,,北轟木
E22,333,阪急バス,,北今在家
E22,334,阪急バス,,新開橋
E22,335,阪急バス,,ダイハツ本社前
E22,336,阪急バス,,北豊島中学校前
E22,337,阪急バス,,脇塚
E22,338,阪急バス,,神田
E22,339,阪急バス,,早苗の森
E22,33A,阪急バス,,呉服町
E22,33B,阪急バス,,池田電話局前
E22,33C,阪急バス,,綾羽町
E22,33D,阪急バス,,五月山公園大広寺
E22,33E,阪急バス,,五月丘小学校前
E22,33F,阪急バス,,五月丘
E22,340,阪急バス,,渋谷中学校前
E22,341,阪急バス,,上渋谷
E22,342,阪急バス,,西畑(池田市)
E22,343,阪急バス,,畑
E22,344,阪急バス,,東畑
E22,345,阪急バス,,新稲
E22,346,阪急バス,,新稲東
E22,347,阪急バス,,五月丘一丁目
E22,348,阪急バス,,畑四丁目
E22,349,阪急バス,,住吉
E22,358,阪急バス,,名塩南台一丁目
E22,359,阪急バス,,名塩南台二丁目
E22,35A,阪急バス,,芳野町
E22,405,阪急バス,,伊丹一丁目
E22,408,阪急バス,,西桑津
E22,409,阪急バス,,神津
E22,40A,阪急バス,,伊丹スカイパーク・上須古
E22,40B,阪急バス,,宮川原橋
E22,416,阪急バス,,阪急伊丹
E22,417,阪急バス,,清水橋(伊丹市)
E22,418,阪急バス,,春日丘
E22,419,阪急バス,,伊丹坂
E22,41A,阪急バス,,緑ヶ丘七丁目
E22,41B,阪急バス,,自衛隊病院前
E22,41C,阪急バス,,加茂小学校前 (ハピネス川西前)
E22,41D,阪急バス,,上加茂 (ふくい歯科医院前)
E22,41E,阪急バス,,南花屋敷
E22,41F,阪急バス,,加茂二丁目
E22,420,阪急バス,,山本丸橋
E22,421,阪急バス,,伊丹病院・住友前
E22,422,阪急バス,,伊丹市役所前
E22,423,阪急バス,,JR伊丹
E22,426,阪急バス,,安倉中三丁目
E22,427,阪急バス,,小浜
E22,428,阪急バス,,桜台四丁目
E22,429,阪急バス,宝塚市内線/宝塚山手台線,五月台六丁目
E22,42A,阪急バス,宝塚市内線/宝塚山手台線,五月台四丁目
E22,42B,阪急バス,,歌劇場前
E22,42C,阪急バス,,宝塚駅
E22,42D,阪急バス,,猪名寺
E22,42E,阪急バス,,南清水
E22,42F,阪急バス,,園田公民館
E22,430,阪急バス,,上食満西ノ口
E22,431,阪急バス,,下食満
E22,432,阪急バス,,瓦宮
E22,433,阪急バス,,穴太
E22,435,阪急バス,,城山橋
E22,436,阪急バス,,山辺
E22,437,阪急バス,,東山辺
E22,438,阪急バス,,上山辺
E22,439,阪急バス,,行者口
E22,43A,阪急バス,,砂原橋
E22,43B,阪急バス,宝塚市内線/宝塚西高校,アヴェルデ前
E22,43C,阪急バス,,宝塚市立病院
E22,43D,阪急バス,,今里町
E22,43E,阪急バス,,中筋八丁目
E22,43F,阪急バス,,中筋七丁目
E22,440,阪急バス,,山本南一丁目
E22,441,阪急バス,,長尾南小学校前
E22,442,阪急バス,,阪急山本駅
E22,446,阪急バス,,髭茶屋
E22,447,阪急バス,,甲武橋東詰
E22,451,阪急バス,,尼崎東警察署前
E22,510,阪急バス,,売布東の町
E22,511,阪急バス,,笹尾春日神社前
E22,540,阪急バス,宝塚市内線ほか,野上
E22,541,阪急バス,宝塚市内線ほか,西山橋
E22,542,阪急バス,宝塚市内線ほか,宝塚ゴルフ場
E22,544,阪急バス,宝塚市内線ほか,西山団地
E22,545,阪急バス,,西宮ゴルフ場
E22,546,阪急バス,,盤滝口
E22,555,阪急バス,,熊野町一丁目
E22,563,阪急バス,,名塩南台センター前
E22,600,阪急バス,,名塩南台西
E22,601,阪急バス,宝塚市内線,阪急逆瀬川駅(東口)
E22,608,阪急バス,,安倉小学校前
E22,609,阪急バス,,安倉下ノ池
E22,60A,阪急バス,,宝塚安倉団地
E22,60B,阪急バス,,中野住宅前
E22,610,阪急バス,,小浜一丁目
E22,611,阪急バス,,総合福祉センター前
E22,612,阪急バス,,第三師団前
E22,613,阪急バス,,大鹿口
E22,614,阪急バス,,北伊丹
E22,615,阪急バス,,下河原
E22,616,阪急バス,,生瀬橋
E22,617,阪急バス,,生瀬
E22,618,阪急バス,,木ノ元
E22,619,阪急バス,,塩瀬中学校前
E22,61A,阪急バス,,名塩東口
E22,61B,阪急バス,,名塩
E22,61C,阪急バス,,名塩西ノ口
E22,61D,阪急バス,,名塩山荘
E22,61E,阪急バス,,名塩茶園町
E22,61F,阪急バス,,東久保
E22,620,阪急バス,,赤坂峠
E22,621,阪急バス,,三軒家
E22,623,阪急バス,,JR西宮名塩
E22,624,阪急バス,,丸山下
E22,625,阪急バス,,一本松
E22,626,阪急バス,,知るべ岩
E22,627,阪急バス,,座頭谷
E22,628,阪急バス,,蓬莱峡
E22,629,阪急バス,,舟坂東口
E22,62A,阪急バス,,舟坂
E22,62B,阪急バス,,舟坂橋
E22,62C,阪急バス,,白水峡墓園前
E22,62D,阪急バス,,松尾橋
E22,62E,阪急バス,,山田山
E22,62F,阪急バス,80/95系統,有馬東口 (有馬わんだガーデン前)
E22,630,阪急バス,1/75/76/95系統,有馬温泉 (阪急バスターミナル)
E22,631,阪急バス,1/75/76/80/95系統,有馬温泉駅
E22,632,阪急バス,,新有馬
E22,633,阪急バス,,中野
E22,634,阪急バス,,金仙寺口
E22,635,阪急バス,,上山口
E22,636,阪急バス,,山口センター前
E22,637,阪急バス,,下山口
E22,638,阪急バス,,天上橋
E22,639,阪急バス,,名来
E22,63A,阪急バス,,平田
E22,63B,阪急バス,,平田橋
E22,63C,阪急バス,,日下部
E22,63D,阪急バス,,新道場
E22,63E,阪急バス,,宅原口
E22,63F,阪急バス,,八景中学校前
E22,640,阪急バス,,京口
E22,641,阪急バス,,三田本町
E22,642,阪急バス,,平成大橋
E22,643,阪急バス,,三田駅
E22,644,阪急バス,,前坂
E22,645,阪急バス,,よみうりカントリークラブ前
E22,646,阪急バス,,読売ゴルフ場
E22,647,阪急バス,,吹田営業所前
E22,648,阪急バス,,田中町
E22,649,阪急バス,,JR吹田駅(南口)
E22,64A,阪急バス,,旭町
E22,64B,阪急バス,,高浜神社前
E22,64C,阪急バス,,神境町
E22,64E,阪急バス,,北江口橋
E22,64F,阪急バス,,北江口住宅前
E22,650,阪急バス,,江口橋
E22,651,阪急バス,,ダイキン工業前
E22,652,阪急バス,,別府南
E22,654,阪急バス,,一津屋上
E22,655,阪急バス,,鐘化前
E22,656,阪急バス,,新在家口
E22,657,阪急バス,,鳥飼八防
E22,658,阪急バス,,西鳥飼 (近藤診療所前)
E22,659,阪急バス,,下鳥飼
E22,65A,阪急バス,,鳥飼五久
E22,65B,阪急バス,,勝安寺前
E22,65C,阪急バス,,中鳥飼
E22,65D,阪急バス,,上鳥飼
E22,65E,阪急バス,柱本線 141系統,柱本
E22,65F,阪急バス,柱本線 141系統,三島江南口
E22,660,阪急バス,柱本線 141系統,三島江
E22,661,阪急バス,,摂津ふれあいの里
E22,662,阪急バス,,東旭町
E22,663,阪急バス,,末広町
E22,700,阪急バス,,大曽根
E22,701,阪急バス,,吹田東小学校前
E22,702,阪急バス,,吹東町
E22,703,阪急バス,,岸辺南
E22,704,阪急バス,,正雀
E22,706,阪急バス,,JR千里丘駅
E22,707,阪急バス,,市民文化ホール前 (黒本診療所)
E22,708,阪急バス,,味舌下
E22,709,阪急バス,,摂津市役所前
E22,70A,阪急バス,,新幹線公園前
E22,71C,阪急バス,,間谷住宅入口
E22,71D,阪急バス,,間谷住宅1
E22,71E,阪急バス,,間谷住宅2
E22,71F,阪急バス,,間谷住宅3
E22,720,阪急バス,,間谷住宅4 (阪大外国語学部前)
E22,721,阪急バス,,間谷住宅5
E22,722,阪急バス,,市民病院(吹田市)
E22,723,阪急バス,,垂水町二丁目
E22,724,阪急バス,,北条町一丁目
E22,725,阪急バス,,小曽根
E22,726,阪急バス,,染之井住宅前
E22,727,阪急バス,,公民館前
E22,728,阪急バス,,大池(吹田市)
E22,729,阪急バス,,豊津小学校前
E22,72A,阪急バス,,垂水
E22,72B,阪急バス,,市場前(吹田市)
E22,72C,阪急バス,,阪急豊津駅
E22,72D,阪急バス,,吹田市立中央図書館
E22,72E,阪急バス,,片山小学校前
E22,72F,阪急バス,,朝日が丘町名神下
E22,731,阪急バス,,山田西
E22,732,阪急バス,,五月が丘
E22,733,阪急バス,,中小学校前
E22,734,阪急バス,,桜
E22,735,阪急バス,,桜ヶ丘
E22,736,阪急バス,,桜ヶ丘西
E22,737,阪急バス,,箕面六丁目
E22,73A,阪急バス,,七尾西
E22,73B,阪急バス,,亥子谷
E22,73C,阪急バス,,佐竹台六丁目
E22,73D,阪急バス,,佐竹台五丁目
E22,73E,阪急バス,,高野台中学校前
E22,73F,阪急バス,,佐竹台診療所前
E22,743,阪急バス,,千里営業所前
E22,744,阪急バス,,山田弘済院
E22,745,阪急バス,,津雲台七丁目
E22,746,阪急バス,,上新田
E22,747,阪急バス,,新田幼稚園前
E22,748,阪急バス,,阪急南千里駅
E22,749,阪急バス,,佐竹台三丁目
E22,74A,阪急バス,,菩提池
E22,74B,阪急バス,,佐竹台四丁目
E22,74C,阪急バス,,佐竹台幼稚園前
E22,74D,阪急バス,,高野台五丁目
E22,74E,阪急バス,,玉川幼稚園前
E22,74F,阪急バス,,高野台四丁目
E22,750,阪急バス,,高野台小学校前
E22,751,阪急バス,,高野台二丁目
E22,752,阪急バス,,津雲台二丁目
E22,753,阪急バス,,津雲台南口
E22,754,阪急バス,,津雲台五丁目
E22,755,阪急バス,,津雲台センター前
E22,757,阪急バス,,古江台四丁目
E22,758,阪急バス,,古江台小学校前
E22,759,阪急バス,,古江台五丁目
E22,75A,阪急バス,,さゆり幼稚園前
E22,75B,阪急バス,,藤白台一丁目
E22,75C,阪急バス,,ゆらら藤白台
E22,75D,阪急バス,,藤白台二丁目
E22,75E,阪急バス,,ふじしろ幼稚園前
E22,75F,阪急バス,,青山台一丁目
E22,760,阪急バス,,東町三丁目
E22,761,阪急バス,,豊中八中前
E22,762,阪急バス,,東町二丁目
E22,763,阪急バス,,西町三丁目 (山本整形外科前)
E22,800,阪急バス,,北町一丁目
E22,801,阪急バス,,北町二丁目
E22,802,阪急バス,,青山台二丁目
E22,803,阪急バス,,青山幼稚園前
E22,805,阪急バス,,安威団地口
E22,806,阪急バス,,阪急茨木市駅(西口)
E22,808,阪急バス,,茨木市役所前
E22,809,阪急バス,,駅前通り
E22,80A,阪急バス,,大門南
E22,80B,阪急バス,,大門北
E22,80E,阪急バス,,山田宮ノ前
E22,810,阪急バス,,佃
E22,811,阪急バス,,三ッ辻
E22,812,阪急バス,,山田南 (やまぐち歯科前)
E22,813,阪急バス,,下山田
E22,814,阪急バス,,南清和園
E22,815,阪急バス,,吹田簡易裁判所
E22,816,阪急バス,,南新町
E22,817,阪急バス,柱本線 141系統,茨木団地前
E22,818,阪急バス,柱本線 141系統,内瀬
E22,819,阪急バス,柱本線 141系統,大同町
E22,81A,阪急バス,柱本線 141系統,二階堂
E22,81B,阪急バス,柱本線 141系統,目垣
E22,81C,阪急バス,柱本線 141系統,西面大橋
E22,81D,阪急バス,柱本線 141系統,西面
E22,81E,阪急バス,,竹橋町
E22,81F,阪急バス,,阪大本部前
E22,820,阪急バス,,田中
E22,821,阪急バス,,千里丘一丁目
E22,822,阪急バス,,三保ヶ池
E22,823,阪急バス,,メゾン千里丘
E22,824,阪急バス,,新芦屋
E22,825,阪急バス,,千里丘清水
E22,826,阪急バス,,阪大東口
E22,827,阪急バス,,茨木美穂ヶ丘
E22,828,阪急バス,,郡 (オゾ化学技研前)
E22,829,阪急バス,,中河原南口
E22,82A,阪急バス,,中河原(茨木市)
E22,82B,阪急バス,,福井
E22,82C,阪急バス,,福井宮の前
E22,82D,阪急バス,,上福井
E22,82E,阪急バス,,熊ヶ谷
E22,82F,阪急バス,,手水ヶ谷
E22,830,阪急バス,,的田
E22,831,阪急バス,,大岩郵便局前
E22,832,阪急バス,,大岩
E22,834,阪急バス,,馬場(茨木市)
E22,835,阪急バス,,庄之本
E22,836,阪急バス,,免山
E22,837,阪急バス,,南条
E22,838,阪急バス,,泉原
E22,839,阪急バス,,千提寺口
E22,83A,阪急バス,,茨木山手台七丁目
E22,83C,阪急バス,,下音羽
E22,83D,阪急バス,,長谷口
E22,83E,阪急バス,,稲葉庄
E22,83F,阪急バス,,車川庄
E22,840,阪急バス,,銭原クラブ前
E22,841,阪急バス,,銭原 (青少年野外活動センター)
E22,842,阪急バス,,藤ノ宮
E22,843,阪急バス,,小松
E22,844,阪急バス,,大円
E22,845,阪急バス,,中野東
E22,846,阪急バス,,湯谷口
E22,847,阪急バス,,法性寺前
E22,848,阪急バス,,西野
E22,849,阪急バス,,中所
E22,84A,阪急バス,,浅田
E22,84B,阪急バス,,木代
E22,84C,阪急バス,,福田
E22,84D,阪急バス,,上音羽
E22,84E,阪急バス,,倶楽部前
E22,84F,阪急バス,,上音羽口
E22,850,阪急バス,,五日市
E22,851,阪急バス,,耳原
E22,852,阪急バス,,安威南口
E22,853,阪急バス,,塚原口
E22,854,阪急バス,,安威
E22,855,阪急バス,,桑原橋
E22,856,阪急バス,,桑原
E22,857,阪急バス,,奥垣内
E22,859,阪急バス,,生保
E22,85B,阪急バス,,大岩口
E22,903,阪急バス,,車作クラブ前
E22,904,阪急バス,,板谷
E22,905,阪急バス,,安元
E22,906,阪急バス,,寿命院前
E22,907,阪急バス,,忍頂寺小学校前
E22,908,阪急バス,,下井
E22,909,阪急バス,,宿川原
E22,90A,阪急バス,,豊川一丁目
E22,90B,阪急バス,,国道豊川
E22,90C,阪急バス,,関電学園前
E22,90E,阪急バス,,新家
E22,90F,阪急バス,,箕面墓地前
E22,911,阪急バス,,西宿
E22,912,阪急バス,,箕面萱野駅南 (アウディ箕面前)
E22,913,阪急バス,,萱野三平前
E22,914,阪急バス,,稲
E22,915,阪急バス,,室山一丁目
E22,916,阪急バス,,宿久庄
E22,917,阪急バス,,宿久庄西
E22,918,阪急バス,,鳥羽
E22,919,阪急バス,,川合
E22,91A,阪急バス,,山の口
E22,91B,阪急バス,,中村(箕面市)
E22,91C,阪急バス,,奥
E22,91D,阪急バス,,JR向日町
E22,91E,阪急バス,,阪急東向日
E22,91F,阪急バス,,寺戸
E22,920,阪急バス,,東山 (ポプラ彩りの郷前)
E22,921,阪急バス,,右京の里
E22,922,阪急バス,,上里
E22,923,阪急バス,,宇ノ山
E22,924,阪急バス,,灰方
E22,925,阪急バス,,南春日町
E22,926,阪急バス,,中久世
E22,927,阪急バス,,小塩
E22,928,阪急バス,,池ノ尻
E22,929,阪急バス,,堂ノ前
E22,92A,阪急バス,,向日町郵便局前
E22,92B,阪急バス,,調子
E22,92C,阪急バス,,久貝
E22,92D,阪急バス,,JR長岡京東口
E22,92E,阪急バス,,芝本
E22,92F,阪急バス,,城の里
E22,935,阪急バス,,物集女
E22,936,阪急バス,,車塚住宅前
E22,937,阪急バス,,垣内
E22,938,阪急バス,,辰巳
E22,939,阪急バス,,天神二丁目
E22,93A,阪急バス,,植野
E22,93B,阪急バス,,一文橋
E22,93C,阪急バス,,一里塚 (ほった眼科)
E22,93D,阪急バス,,長岡京市役所前
E22,93E,阪急バス,,阪急長岡天神
E22,93F,阪急バス,,開田
E22,940,阪急バス,,長岡天満宮前
E22,941,阪急バス,,花山住宅前
E22,942,阪急バス,,友岡 (IKKA DESIGN前)
E22,944,阪急バス,,円明寺
E22,945,阪急バス,,大山崎町役場前
E22,946,阪急バス,,山崎聖天前
E22,947,阪急バス,,高橋
E22,948,阪急バス,,阪急大山崎
E22,949,阪急バス,,JR山崎
E22,94A,阪急バス,,JR駅前通り
E22,94B,阪急バス,,JR長岡京
E22,94C,阪急バス,,西陣町
E22,94D,阪急バス,,東台
E22,94E,阪急バス,,長法寺
E22,94F,阪急バス,,上長法寺
E22,950,阪急バス,,光明寺
E22,951,阪急バス,,梅ヶ丘
E22,952,阪急バス,,海印寺
E22,953,阪急バス,,奥海印寺
E22,954,阪急バス,,牧落
E22,955,阪急バス,,南桜井
E22,956,阪急バス,,半町
E22,957,阪急バス,,瀬川
E22,958,阪急バス,,国道石橋
E22,95C,阪急バス,,ルミナス箕面の森
E22,95D,阪急バス,,ルミナス四番街
E22,95E,阪急バス,,山手公園前
E22,95F,阪急バス,,刀根山元町
E22,962,阪急バス,,北小学校口
E22,963,阪急バス,,第二中学校口
E22,A00,阪急バス,,如意谷
E22,A01,阪急バス,,坊島
E22,A02,阪急バス,,白島
E22,A03,阪急バス,宝塚川西線 92/93系統,久代三丁目
E22,A04,阪急バス,,二之切
E22,A05,阪急バス,,熊野町東
E22,A06,阪急バス,,熊野町(豊中市)
E22,A08,阪急バス,,旭ヶ丘(豊中市)
E22,A09,阪急バス,,旭ヶ丘北口
E22,A0A,阪急バス,,熊野田小学校前
E22,A0B,阪急バス,,豊中三中前
E22,A0C,阪急バス,,桜塚高校前
E22,A0D,阪急バス,,中桜塚四丁目
E22,A0E,阪急バス,,南桜塚三丁目
E22,A0F,阪急バス,,長興寺
E22,A10,阪急バス,,南桜塚二丁目
E22,A11,阪急バス,,曽根東
E22,A12,阪急バス,,二丁目南口
E22,A13,阪急バス,,中桜塚一丁目
E22,A15,阪急バス,,上野西三丁目
E22,A16,阪急バス,,東豊中小学校前
E22,A17,阪急バス,,東豊中四丁目
E22,A18,阪急バス,,東豊中五丁目
E22,A19,阪急バス,,熊野町西
E22,A1A,阪急バス,,上野坂
E22,A1E,阪急バス,,税務署前
E22,A24,阪急バス,,さくらコース前
E22,A25,阪急バス,,西町一丁目
E22,A26,阪急バス,,南町二丁目
E22,A27,阪急バス,,吹田高校
E22,A28,阪急バス,,竹谷
E22,A29,阪急バス,,佐井寺
E22,A2A,阪急バス,,佐井寺北
E22,A2B,阪急バス,,清水ヶ口
E22,A2C,阪急バス,,東浦
E22,A2D,阪急バス,,小泉橋
E22,A2E,阪急バス,,紅葉町
E22,A2F,阪急バス,,勝山町
E22,A30,阪急バス,,向日台団地前
E22,A34,阪急バス,,安威団地
E22,A35,阪急バス,,免許試験場前
E22,A38,阪急バス,,見場走り
E22,A39,阪急バス,,阪急茨木市駅(東口)
E22,A3A,阪急バス,,鳥飼下一丁目
E22,A3B,阪急バス,,鳥飼下三丁目
E22,A3C,阪急バス,,鳥飼西三丁目
E22,A3D,阪急バス,,鳥飼西五丁目
E22,A3E,阪急バス,,日本庭園前
E22,A41,阪急バス,,東一津屋
E22,A47,阪急バス,,外院の里
E22,A48,阪急バス,,豊川住宅前
E22,A49,阪急バス,,郡山団地
E22,A4D,阪急バス,,萱野北小学校前
E22,A4E,阪急バス,,如意谷住宅前
E22,A53,阪急バス,,第二大山崎小学校前
E22,A54,阪急バス,,円明寺ヶ丘
E22,A55,阪急バス,,小倉橋
E22,A56,阪急バス,,滝ノ町
E22,A58,阪急バス,,川西郵便局前
E22,A59,阪急バス,,新船場北橋
E22,A5A,阪急バス,,新船場南橋
E22,A5B,阪急バス,,記念公園南口
E22,A5D,阪急バス,宝塚市内線ほか,逆瀬台一丁目
E22,A5E,阪急バス,,粟生団地
E22,A63,阪急バス,吹田市内線,岸部東
E22,B01,阪急バス,,江ノ木公園前 (甲聖会紀念病院前)
E22,B02,阪急バス,,小曽根三丁目
E22,B06,阪急バス,,豊南町西三丁目
E22,B07,阪急バス,,稲津町三丁目
E22,B08,阪急バス,,春日町二丁目
E22,B0B,阪急バス,,南町一丁目
E22,B0C,阪急バス,,豊中九中前
E22,B0D,阪急バス,,追手門幼稚園前
E22,B0E,阪急バス,,旭ヶ丘団地前
E22,B10,阪急バス,,桃山台二丁目
E22,B11,阪急バス,,東町センター前
E22,B12,阪急バス,,中央公園口
E22,B13,阪急バス,,クリーンセンター前
E22,B14,阪急バス,,北消防署前
E22,B15,阪急バス,,豊中不動尊前
E22,B16,阪急バス,,阪急石橋北口
E22,B1B,阪急バス,,石澄
E22,B1C,阪急バス,,呉羽の里
E22,B1D,阪急バス,,旭丘
E22,B1E,阪急バス,,緑丘
E22,B1F,阪急バス,,水月公園前
E22,B20,阪急バス,,秦野小学校前
E22,B21,阪急バス,,下渋谷
E22,B22,阪急バス,,辻ヶ池公園前
E22,B23,阪急バス,,宇保町
E22,B24,阪急バス,,八王寺一丁目
E22,B25,阪急バス,,八王寺二丁目
E22,B26,阪急バス,,山田市民体育館前
E22,B27,阪急バス,,新小川
E22,B28,阪急バス,吹田市内線,吹田SST (吹田サスティナブル・スマートタウン)
E22,B29,阪急バス,,岸部小路
E22,B2A,阪急バス,,向日市役所前
E22,B2B,阪急バス,,西町二丁目
E22,B2C,阪急バス,,南町三丁目
E22,B2D,阪急バス,,上新田住宅前
E22,B2E,阪急バス,,上野東三丁目
E22,B2F,阪急バス,,刀根山六丁目
E22,B30,阪急バス,,上野口
E22,B31,阪急バス,,野里
E22,B34,阪急バス,,北公園前
E22,B35,阪急バス,32/141系統,柱本団地
E22,B36,阪急バス,,ゆずり葉台
E22,B37,阪急バス,,上ノ町
E22,B3B,阪急バス,,金ヶ原
E22,B3C,阪急バス,,金ヶ原中
E22,B3D,阪急バス,,金ヶ原口
E22,B3E,阪急バス,,北摂信愛園前
E22,B3F,阪急バス,,太鼓山
E22,B40,阪急バス,,明神前
E22,B41,阪急バス,,美竹台住宅前
E22,B43,阪急バス,,記念公園西口
E22,B45,阪急バス,三宮有馬線 6系統,有馬西口
E22,B46,阪急バス,三宮有馬線 6系統,水無
E22,B47,阪急バス,三宮有馬線 6系統,有馬口駅前
E22,B49,阪急バス,三宮有馬線 6系統,唐櫃団地口
E22,B4A,阪急バス,三宮有馬線 6系統,大池見山台
E22,B4B,阪急バス,,三宮駅前
E22,B4C,阪急バス,,吹田第二小学校前
E22,B4D,阪急バス,,金田町
E22,B4E,阪急バス,,広芝公園前
E22,B4F,阪急バス,,広芝町
E22,B50,阪急バス,,南小学校前
E22,B51,阪急バス,,南吹田三丁目
E22,B52,阪急バス,,吹田警察前
E22,B53,阪急バス,,西緑丘 (よこいクリニック前)
E22,B54,阪急バス,,緑丘 (おかもと歯科・矯正歯科前)
E22,B55,阪急バス,,新神戸駅
E22,B59,阪急バス,,東泉丘小学校前
E22,B5A,阪急バス,,ジオ緑地住宅前
E22,B5B,阪急バス,,緑地公園グリーンハイツ前
E22,B5C,阪急バス,,文化会館前
E22,B5D,阪急バス,,市立池田病院
E22,B61,阪急バス,宝塚市内線ほか,逆瀬台五丁目
E22,B62,阪急バス,,阪大南口
E22,C00,阪急バス,,吹田東高校前
E22,C01,阪急バス,,流通センター1
E22,C02,阪急バス,,流通センター2
E22,C03,阪急バス,,流通センター3
E22,C04,阪急バス,,流通センター南
E22,C05,阪急バス,,すみれ台一丁目
E22,C06,阪急バス,,すみれ台二丁目
E22,C07,阪急バス,,名来南
E22,C08,阪急バス,,名塩南台東公園前
E22,C09,阪急バス,,JR南吹田駅
E22,C0B,阪急バス,,野畑小学校前 (そりまち歯科医院前)
E22,C0C,阪急バス,,山田樫切山
E22,C0E,阪急バス,,高木東町
E22,C10,阪急バス,,島本町役場前
E22,C11,阪急バス,,若山台センター
E22,C12,阪急バス,,樋爪口
E22,C13,阪急バス,,豊川支所前
E22,C14,阪急バス,,青松園前
E22,C15,阪急バス,宝塚市内線,阪急中山観音駅(南口)
E22,C16,阪急バス,,山手四丁目
E22,C17,阪急バス,宝塚市内線,五月台一丁目
E22,C18,阪急バス,,センター前
E22,C19,阪急バス,,桜台二丁目
E22,C1A,阪急バス,,桜台六丁目
E22,C1B,阪急バス,宝塚市内線/宝塚山手台線,五月台五丁目
E22,C1C,阪急バス,宝塚市内線ほか,逆瀬台センター (県立宝塚高校前)
E22,C1D,阪急バス,宝塚市内線ほか,宝塚西高校前
E22,C24,阪急バス,,展望台
E22,C25,阪急バス,,宝殿橋
E22,C26,阪急バス,,瑞宝寺公園前
E22,C2B,阪急バス,,民田
E22,C2C,阪急バス,,西宮北インター
E22,C2D,阪急バス,,山口営業所前
E22,C2E,阪急バス,,名来北
E22,C32,阪急バス,,藤白台五丁目
E22,C33,阪急バス,,若山台一丁目
E22,C34,阪急バス,,団地入口
E22,C35,阪急バス,,緑地公園前
E22,C36,阪急バス,,幼稚園前
E22,C37,阪急バス,,保育園前
E22,C38,阪急バス,,茨木サニータウン
E22,C39,阪急バス,,北緑丘小学校前
E22,C3A,阪急バス,,北緑丘団地
E22,C3C,阪急バス,,清水(茨木市)
E22,C3D,阪急バス,,豊川四丁目
E22,C3E,阪急バス,,車作
E22,C3F,阪急バス,,豊島高校前
E22,C40,阪急バス,,箕谷
E22,C41,阪急バス,,下谷上
E22,C43,阪急バス,三宮有馬線 6系統,上谷上
E22,C44,阪急バス,三宮有馬線 6系統,大池(神戸市)
E22,C45,阪急バス,三宮有馬線 6系統,六甲登山口
E22,C49,阪急バス,,伏尾台一丁目
E22,C4A,阪急バス,,洗心館前
E22,C4D,阪急バス,,浜風町
E22,C54,阪急バス,,木津八幡神社前
E22,C55,阪急バス,,エデンの園
E22,C56,阪急バス,,阪大外国語学部前
E22,C58,阪急バス,,野上三丁目
E22,C59,阪急バス,,桜道入口
E22,C5A,阪急バス,,野上五丁目
E22,C5B,阪急バス,,聖天寺下
E22,C5C,阪急バス,,宝梅中学校前
E22,C5D,阪急バス,,宝松苑
E22,C5E,阪急バス,,光が丘中
E22,C5F,阪急バス,,光が丘北
E22,C61,阪急バス,,伏尾台四丁目
E22,C62,阪急バス,,伏尾台センター
E22,C63,阪急バス,,工業団地前
E22,D00,阪急バス,,光風台住宅前
E22,D01,阪急バス,,市立スポーツセンター前
E22,D02,阪急バス,,宝塚市立病院前 (宝塚インター前)
E22,D03,阪急バス,,宝塚営業所前
E22,D04,阪急バス,,泉町
E22,D05,阪急バス,,霊園北口
E22,D06,阪急バス,,芝西
E22,D07,阪急バス,,市立病院前(箕面市)
E22,D0A,阪急バス,,東竹の里町
E22,D0B,阪急バス,,西竹の里町
E22,D0C,阪急バス,,境谷センター前
E22,D0D,阪急バス,,洛西高校前
E22,D0E,阪急バス,,新林公団住宅前
E22,D0F,阪急バス,,洛西バスターミナル
E22,D10,阪急バス,,JR猪名寺
E22,D11,阪急バス,,白島北
E22,D12,阪急バス,,石丸
E22,D13,阪急バス,,外院
E22,D14,阪急バス,,尼谷
E22,D15,阪急バス,,宮の前
E22,D16,阪急バス,,霊園事務所前
E22,D17,阪急バス,,霊園六区
E22,D18,阪急バス,,霊園七区
E22,D19,阪急バス,,霊園五区
E22,D1A,阪急バス,,北摂霊園 (モニュメント前)
E22,D1C,阪急バス,,一庫ダム
E22,D1D,阪急バス,,長原
E22,D1E,阪急バス,,深谷
E22,D20,阪急バス,,霊園八区
E22,D21,阪急バス,,北六甲台鍋倉公園前
E22,D22,阪急バス,,北六甲台センター前
E22,D23,阪急バス,,少路二丁目 (英光幼学舎前)
E22,D24,阪急バス,,北緑丘
E22,D25,阪急バス,,北六甲台天上公園前
E22,D26,阪急バス,,旭が丘ホーム前
E22,D27,阪急バス,,粟生畑ケ田
E22,D28,阪急バス,,あかね
E22,D29,阪急バス,,今里
E22,D2A,阪急バス,,保健センター前
E22,D2B,阪急バス,,柴の里
E22,D2C,阪急バス,,長岡第二中学校前
E22,D2D,阪急バス,,薬師堂 (宮地歯科医院)
E22,D2E,阪急バス,,舞塚
E22,D2F,阪急バス,,文化センター前
E22,D30,阪急バス,,泉原西
E22,D31,阪急バス,,希望ヶ丘四丁目
E22,D32,阪急バス,,希望ヶ丘三丁目
E22,D33,阪急バス,,希望ヶ丘二丁目
E22,D34,阪急バス,,中穂積一丁目
E22,D35,阪急バス,,中穂積三丁目
E22,D36,阪急バス,,紫明園
E22,D37,阪急バス,,春光園
E22,D38,阪急バス,,南春日丘
E22,D39,阪急バス,,南春日丘西
E22,D3A,阪急バス,,阪急宝塚南口駅
E22,D3C,阪急バス,,御殿山二丁目
E22,D3D,阪急バス,,御殿山四丁目
E22,D3E,阪急バス,,すみれガ丘一丁目
E22,D3F,阪急バス,,すみれガ丘中央
E22,D45,阪急バス,,金蘭会学園前
E22,D46,阪急バス,,阪大口
E22,D47,阪急バス,,小野原南
E22,D48,阪急バス,,小野原東五丁目
E22,D49,阪急バス,,小野原東
E22,D4A,阪急バス,,粟生間谷西四丁目
E22,D4B,阪急バス,,すみれガ丘三丁目
E22,D4C,阪急バス,,すみれガ丘東
E22,D50,阪急バス,,山本東三丁目
E22,D51,阪急バス,,口谷東
E22,D52,阪急バス,,名塩南台四丁目
E22,D53,阪急バス,,名塩南台南公園前
E22,D54,阪急バス,,阪大医学部病院前
E22,D55,阪急バス,,阪大医学部前
E22,D5A,阪急バス,,阪急小野原住宅北
E22,D5B,阪急バス,,阪急小野原住宅中央
E22,D5C,阪急バス,,関西学院千里国際キャンパス
E22,D5D,阪急バス,,宝塚山手台一丁目
E22,D5E,阪急バス,,宝塚山手台二丁目
E22,D5F,阪急バス,,宝塚山手台中央
E22,D61,阪急バス,,ホテル阪急エキスポパーク前
E22,E02,阪急バス,,高山
E22,E05,阪急バス,,大原野小学校前
E22,E06,阪急バス,柱本線 141系統,柱本営業所前
E22,E0A,阪急バス,,西宮戎
E22,E14,阪急バス,,希望ヶ丘東
E22,E17,阪急バス,,追手門学院前
E22,E1F,阪急バス,,東山台二丁目
E22,E20,阪急バス,,東山台小学校前
E22,E21,阪急バス,,東山台四丁目
E22,E25,阪急バス,,善峯寺
E22,E27,阪急バス,,JR吹田駅(北口)
E22,E28,阪急バス,,光風台駅
E22,E29,阪急バス,,新光風台二丁目
E22,E2A,阪急バス,,シートス前
E22,E2B,阪急バス,,新光風台自治会館前
E22,E2C,阪急バス,,勝竜寺城公園前
E22,E2D,阪急バス,,大門橋
E22,E2E,阪急バス,,上山手町
E22,E2F,阪急バス,,総合運動場前
E22,E30,阪急バス,,岡場駅
E22,E37,阪急バス,,富士火災
E22,E3B,阪急バス,,さくら台南口
E22,E3C,阪急バス,,さくら台四丁目
E22,E3D,阪急バス,,さくら台
E22,E3E,阪急バス,,さくら台一丁目
E22,E45,阪急バス,,豊南町南
E22,E46,阪急バス,,豊南町東四丁目
E22,E47,阪急バス,,豊南小学校前
E22,E48,阪急バス,,北条町二丁目
E22,E49,阪急バス,,柴原阪大前駅 (市立豊中病院前)
E22,E52,阪急バス,,中央図書館前
E22,E53,阪急バス,,保健医療センター前
E22,E54,阪急バス,,余野(東能勢中)
E22,E56,阪急バス,,宝塚山手台三丁目
E22,E57,阪急バス,,宝塚山手台北公園前
E22,E58,阪急バス,,宝塚山手台四丁目
E22,E59,阪急バス,,南摂津駅
E22,E5A,阪急バス,,奥山内
E22,E5B,阪急バス,,加村
E22,E5C,阪急バス,,倉垣
E22,E5D,阪急バス,,杉原
E22,E5F,阪急バス,,中宿野
E22,E60,阪急バス,,拝原
E22,E61,阪急バス,,高村
E22,E62,阪急バス,,才の神
E22,E63,阪急バス,,豆柏
E22,F00,阪急バス,,上宿野
E22,F01,阪急バス,,石船
E22,F02,阪急バス,,川床
E22,F03,阪急バス,,平石
E22,F04,阪急バス,,豊中センター前
E22,F06,阪急バス,三宮有馬線 6系統,花山
E22,F07,阪急バス,,霊園十区
E22,F08,阪急バス,,山麓公園前
E22,F0A,阪急バス,,中央環状新在家
E22,F0B,阪急バス,,城南三丁目
E22,F0D,阪急バス,,小曽根小学校前
E22,F14,阪急バス,,原田元町三丁目
E22,F15,阪急バス,,原田中一丁目
E22,F16,阪急バス,,原田中二丁目
E22,F17,阪急バス,,原田下水処理場
E22,F18,阪急バス,,クリーンランド
E22,F19,阪急バス,,新光風台四丁目
E22,F1A,阪急バス,,新光風台五丁目
E22,F1B,阪急バス,,光風台小学校前
E22,F20,阪急バス,,川西明峰高校前
E22,F21,阪急バス,,落合橋
E22,F24,阪急バス,,緑ヶ丘二丁目
E22,F27,阪急バス,,阪急中山観音駅(北口)
E22,F28,阪急バス,,中山台一丁目
E22,F29,阪急バス,,中山台二丁目
E22,F2A,阪急バス,,西願寺橋
E22,F2B,阪急バス,,生瀬東町
E22,F2C,阪急バス,,五月が丘南
E22,F30,阪急バス,,中筋山手二丁目
E22,F31,阪急バス,,森興橋 (北摂中央病院前)
E22,F32,阪急バス,,小野原西
E22,F33,阪急バス,,八天の森
E22,F34,阪急バス,,阪急長岡天神南
E22,F37,阪急バス,,すみれガ丘二丁目
E22,F38,阪急バス,,宝塚市立病院前 (宝塚インター前)
E22,F4B,阪急バス,,自治会館前
E22,F4C,阪急バス,,西法寺
E22,F4D,阪急バス,,南平尾
E22,F4E,阪急バス,,南福西町二丁目
E22,F4F,阪急バス,,南福西町
E22,F50,阪急バス,,北福西町
E22,F51,阪急バス,,北福西町一丁目
E22,F52,阪急バス,,境谷大橋
E22,F53,阪急バス,,五月が丘西
E22,F54,阪急バス,,里ノ後
E22,F62,阪急バス,,伏見台一丁目
E22,F63,阪急バス,,伏見台配水池前
E22,1000,阪急バス,,伏見台二丁目
E22,1002,阪急バス,,三島幼稚園前
E22,1003,阪急バス,,摂津警察署前
E22,1007,阪急バス,,北陵公民館前
E22,1009,阪急バス,,阪急売布神社駅
E22,100A,阪急バス,,橋本関雪邸前
E22,100B,阪急バス,,売布ガ丘南
E22,100C,阪急バス,,売布ガ丘北
E22,100D,阪急バス,,売布きよしガ丘南
E22,100E,阪急バス,,売布きよしガ丘中央公園
E22,100F,阪急バス,,売布きよしガ丘北
E22,1010,阪急バス,,売布神社口
E22,1011,阪急バス,,泉ガ丘第2
E22,1012,阪急バス,,泉ガ丘第1
E22,1013,阪急バス,,泉ガ丘北
E22,1014,阪急バス,,仁川駅前
E22,1015,阪急バス,,仁川植物園前
E22,1016,阪急バス,,仁川台南公園
E22,1017,阪急バス,,仁川台中
E22,1018,阪急バス,,仁川台北
E22,1019,阪急バス,,仁川うぐいす台口
E22,101A,阪急バス,,仁川団地前
E22,101B,阪急バス,,泉ガ丘南
E22,101C,阪急バス,,イエズス修道会前
E22,101D,阪急バス,,仁川旭ガ丘前
E22,101E,阪急バス,,仁川高丸1丁目
E22,101F,阪急バス,,高丸公園前
E22,1020,阪急バス,,仁川高丸中央公園東
E22,1021,阪急バス,,仁川高丸3丁目
E22,1022,阪急バス,,仁川高丸2丁目南
E22,1023,阪急バス,,仁川高台西
E22,1026,阪急バス,,福祉コミュニティプラザ
E22,1028,阪急バス,,大阪国際空港[南ターミナル17]
E22,1029,阪急バス,,大阪国際空港[北ターミナル7B]
E22,102A,阪急バス,,洛西口駅前
E22,102B,阪急バス,,洛西大橋
E22,102C,阪急バス,,イオンモール伊丹 (JR伊丹東口)
E22,102F,阪急バス,,けやき坂五丁目
E22,1030,阪急バス,,福西遺跡公園前
E22,1031,阪急バス,,中央公園南口
E22,1032,阪急バス,,福西竹の里
E22,1033,阪急バス,,南福西町三丁目
E22,1034,阪急バス,,向日回生病院前
E22,1035,阪急バス,,竹の里小学校前
E22,1036,阪急バス,,JR中山寺駅(南口)
E22,1037,阪急バス,,中筋南
E22,103B,阪急バス,,久保
E22,103C,阪急バス,,大坂峠
E22,103D,阪急バス,,峠口
E22,103E,阪急バス,,山内会所前
E22,103F,阪急バス,,能勢高校前
E22,1040,阪急バス,,和田
E22,1041,阪急バス,,七面口
E22,1042,阪急バス,,奥田橋
E22,1043,阪急バス,,七面山
E22,1044,阪急バス,,歌垣山登山口
E22,1045,阪急バス,,歌垣局前
E22,1046,阪急バス,,北地黄
E22,1047,阪急バス,,奥の院
E22,1048,阪急バス,,豊能警察署前
E22,1049,阪急バス,,地黄局前
E22,104A,阪急バス,,旧東郷小学校前
E22,104B,阪急バス,,本滝口
E22,104C,阪急バス,,稲地
E22,104D,阪急バス,,黒川
E22,104E,阪急バス,,ケーブル前
E22,1050,阪急バス,,山田西四丁目
E22,1052,阪急バス,,高田町
E22,113B,阪急バス,,桜井口
E22,113F,阪急バス,,仁川マンション前
E22,1140,阪急バス,,仁川団地北
E22,1144,阪急バス,,樫ノ木公園前
E22,1153,阪急バス,,上鳥飼北
E22,1155,阪急バス,,東豊中二丁目
E22,1156,阪急バス,,柏原下
E22,1158,阪急バス,,中野北
E22,1159,阪急バス,,東福井三丁目
E22,115A,阪急バス,武庫川新橋線 91系統,金井町
E22,115B,阪急バス,武庫川新橋線 91系統,西野団地前
E22,115C,阪急バス,武庫川新橋線 91系統,高司四丁目
E22,115D,阪急バス,武庫川新橋線 91系統,高司二丁目
E22,115E,阪急バス,武庫川新橋線 91系統,高司中学校前
E22,115F,阪急バス,武庫川新橋線 91系統,競馬場北
E22,1160,阪急バス,武庫川新橋線 91系統,駒の町
E22,1161,阪急バス,,阪大歯学部病院前
E22,1163,阪急バス,,自然文化園・日本庭園中央
E22,1200,阪急バス,,仁川小学校前 (仁川診療所前)
E22,1201,阪急バス,,高丸3丁目東
E22,1203,阪急バス,,民田東
E22,1204,阪急バス,武庫川新橋線 91系統,南部消防出張所前
E22,1207,阪急バス,,上天竺橋
E22,1208,阪急バス,宝塚市内線ほか,青葉台口
E22,1209,阪急バス,,すみれガ丘北公園前
E22,120A,阪急バス,,豊中市役所北
E22,120B,阪急バス,,錦松台口
E22,120C,阪急バス,,南野坂自治会館前
E22,120D,阪急バス,,中央環状柴原口
E22,1215,阪急バス,,荒神川
E22,1216,阪急バス,,宝塚警察署前
E22,1217,阪急バス,,鶴之荘
E22,1218,阪急バス,,豊川駅
E22,1219,阪急バス,,若北会館
E22,121A,阪急バス,,茨木山手台二丁目
E22,121C,阪急バス,,泉原上
E22,121D,阪急バス,,止々呂美南
E22,121E,阪急バス,,箕面森町地区センター
E22,121F,阪急バス,,泉台南
E22,1220,阪急バス,,清荒神清澄寺
E22,1221,阪急バス,,とどろみの森学園前
E22,1222,阪急バス,,涼風町
E22,1223,阪急バス,,南浜町
E22,1224,阪急バス,,海洋町
E22,1228,阪急バス,,森町中二丁目
E22,1229,阪急バス,,森町中三丁目
E22,122A,阪急バス,,森町里山住宅口
E22,122B,阪急バス,,森町中央公園
E22,122C,阪急バス,,石井橋
E22,122D,阪急バス,,石井町
E22,122F,阪急バス,,里山そらテラス
E22,1230,阪急バス,,箕面森町西
E22,1232,阪急バス,,JRさくら夙川駅
E22,1233,阪急バス,,阪神西宮
E22,1234,阪急バス,,六湛寺
E22,1235,阪急バス,,西宮市役所前(国道上)
E22,1236,阪急バス,,西宮戎
E22,1238,阪急バス,,誠成公倫会館(外)
E22,1239,阪急バス,,阪神甲子園
E22,123A,阪急バス,,神戸女学院西門前
E22,123B,阪急バス,,朝日が丘町(吹田市)
E22,123C,阪急バス,,原町二丁目
E22,123D,阪急バス,,吹田第二中学校前
E22,123E,阪急バス,,紫金山公園前
E22,123F,阪急バス,,亥子谷名神下
E22,1240,阪急バス,,涼風町東
E22,1241,阪急バス,,山打出
E22,1242,阪急バス,,宮の前南
E22,1252,阪急バス,,関西大学 (山手ゆにわ遊園前)
E22,1253,阪急バス,,老人保健施設前
E22,1254,阪急バス,,片山町二丁目
E22,1255,阪急バス,,社会保険事務所前
E22,1256,阪急バス,三宮有馬線 6系統,有馬温泉 (太閤橋)
E22,1257,阪急バス,,小野原西五丁目
E22,1258,阪急バス,,箕面墓地公園南
E22,125A,阪急バス,,阪急小野原住宅南
E22,125B,阪急バス,,荘園一丁目
E22,125C,阪急バス,,鉢塚一丁目南
E22,125D,阪急バス,,鉢塚一丁目
E22,125E,阪急バス,,附属池田小学校前
E22,125F,阪急バス,,緑丘小学校前
E22,1260,阪急バス,,池田市役所前(国道)
E22,1261,阪急バス,,呉服小学校前
E22,1262,阪急バス,,姫室町
E22,1263,阪急バス,,池田駅南
E22,1302,阪急バス,,国道中筋
E22,1303,阪急バス,,JR中山寺駅(北口)
E22,1304,阪急バス,,安倉北小学校前
E22,1314,阪急バス,,黒川ダリヤ園
E22,1317,阪急バス,,JR島本
E22,131B,阪急バス,,黒川公民館
E22,131D,阪急バス,,北六甲台東口
E22,131E,阪急バス,,JR桂川駅前
E22,131F,阪急バス,,伊丹郵便局前
E22,1320,阪急バス,,坂ノ下
E22,1321,阪急バス,,北ノ口
E22,1322,阪急バス,,阪急摂津市駅前
E22,1326,阪急バス,,今宮三丁目
E22,1327,阪急バス,,阪急摂津市駅
E22,1329,阪急バス,,上甲子園小学校前
E22,132A,阪急バス,,国道上甲子園
E22,132B,阪急バス,,県道上甲子園
E22,132C,阪急バス,,甲子園二番町
E22,132D,阪急バス,,甲子園三番町
E22,132E,阪急バス,,甲子園五番町
E22,132F,阪急バス,,名塩小学校前
E22,1335,阪急バス,,茨木ヒルズ
E22,1336,阪急バス,,鍛冶屋橋
E22,1342,阪急バス,,宝塚すみれ墓苑管理事務所前
E22,1343,阪急バス,,宝塚すみれ墓苑中央
E22,1345,阪急バス,,春日四丁目
E22,1347,阪急バス,,山手台東五丁目
E22,1348,阪急バス,,山手台芝桜公園前
E22,134B,阪急バス,,グランフロント大阪[北]
E22,134C,阪急バス,,グランフロント大阪[南]
E22,134D,阪急バス,,JR大阪駅[西]
E22,134E,阪急バス,,西梅田
E22,134F,阪急バス,,JR北新地駅
E22,1350,阪急バス,,梅田新道[北]
E22,1351,阪急バス,,阪神梅田駅/地下鉄東梅田駅
E22,1352,阪急バス,,JR岸辺駅(南口)
E22,1353,阪急バス,,奥池集会所前
E22,1354,阪急バス,,JR大阪駅[東]/地下鉄梅田駅
E22,1355,阪急バス,,グランフロント大阪[東]
E22,1356,阪急バス,,阪急梅田駅
E22,1357,阪急バス,,茶屋町
E22,1358,阪急バス,,済生会中津病院
E22,1363,阪急バス,,彩都粟生南五丁目
E22,1400,阪急バス,,彩都粟生南七丁目
E22,1401,阪急バス,,彩都粟生南六丁目
E22,1402,阪急バス,,彩都やまぶき三丁目
E22,1403,阪急バス,,彩都あかね3
E22,1404,阪急バス,,彩都あかね2
E22,1405,阪急バス,,彩都あかね1
E22,1406,阪急バス,,彩都粟生北二丁目
E22,1407,阪急バス,,彩都粟生北三丁目
E22,1409,阪急バス,,彩都粟生北五丁目
E22,140A,阪急バス,,彩都やまぶき五丁目
E22,140B,阪急バス,,彩都やまぶき四丁目
E22,140C,阪急バス,,持国天橋
E22,140D,阪急バス,,北中央公園前
E22,140E,阪急バス,,伏尾台セラージュ前
E22,140F,阪急バス,,阪急千里山駅
E22,1410,阪急バス,,阪急梅田駅 (阪急三番街)
E22,1411,阪急バス,,千里山東
E22,1412,阪急バス,,千里山松が丘
E22,1413,阪急バス,,千里山・佐井寺図書館前 (ちさと図書館)
E22,1414,阪急バス,,宮山幼稚園前
E22,1415,阪急バス,,箕面萱野駅
E22,1418,阪急バス,,田中橋
E22,141B,阪急バス,,箕面船場阪大前駅
E22,141C,阪急バス,,服部緑地西口
E22,141D,阪急バス,,履正社高校
E22,1420,阪急バス,,佐井寺南が丘
E22,1428,阪急バス,,彩都あかね口
E22,1509,阪急バス,,京都済生会病院
E22,1531,阪急バス,ひまわりルート/あおばルート,新芦屋
E22,1536,阪急バス,ひまわりルート/あおばルート,モノレール宇野辺
E22,1540,阪急バス,ひまわりルート/あおばルート,イズミヤ前
E22,1555,阪急バス,ひまわりルート/あおばルート,JR千里丘駅前
E22,1605,阪急バス,北コース/西コース,JR長岡京
E22,1614,阪急バス,北コース,川原公園前
E22,1638,阪急バス,,京阪淀駅
E22,1639,阪急バス,,大下津
E22,163A,阪急バス,,洛西浄化センター
E22,163B,阪急バス,,阪急西山天王山
E22,163C,阪急バス,,茨木営業所前
E22,1928,阪急バス,宝塚市内線,桜台一丁目
E22,193A,阪急バス,,JR西宮
E22,1A02,阪急バス,,箕面七丁目
E22,1A10,阪急バス,,今宮四丁目
E22,1A27,阪急バス,,小野原旧街道
E22,1A35,阪急バス,,船場団地
E22,1A39,阪急バス,,桜
E22,1A3D,阪急バス,,平和台西
E22,1B0B,阪急バス,,宝塚山手台東四丁目
E22,1B0C,阪急バス,,宝塚さくらの丘公園
E22,1B0D,阪急バス,,宝塚山手台東三丁目
E22,1D00,阪急バス,,市民温水プール前(向日市)
E22,1D01,阪急バス,,市民体育館前(向日市)
E22,1D02,阪急バス,,向日市保健センター前
E22,1D03,阪急バス,,城の里中
E22,1D04,阪急バス,,城の里東
E22,1D05,阪急バス,,古市
E22,1D06,阪急バス,,東和苑
E22,1D10,阪急バス,,鳥島
E22,1D11,阪急バス,,安倉
E22,1F10,阪急バス,,波豆
E22,1F11,阪急バス,,清ノ瀬橋
E22,1F12,阪急バス,,稲谷
E22,1F13,阪急バス,,宝塚自然の家前
E22,1F14,阪急バス,,宝山坂
E22,1F15,阪急バス,,宝山寺下
E22,1F16,阪急バス,,西谷小学校前
E22,1F17,阪急バス,,大東
E22,1F18,阪急バス,,波豆川
E22,1F19,阪急バス,,上佐曽利 (園芸組合前)
E22,1F1A,阪急バス,,上佐曽利南口
E22,1F1B,阪急バス,,千本口
E22,1F1C,阪急バス,,下佐曽利
E22,1F1D,阪急バス,,下中橋
E22,1F1E,阪急バス,,宝地ケ鼻
E22,1F1F,阪急バス,,長谷公民館前
E22,1F20,阪急バス,,長谷南
E22,1F21,阪急バス,,東部
E22,1F22,阪急バス,,東部南口
E22,1F23,阪急バス,,西谷夢プラザ (旧西谷支所前)
E22,1F24,阪急バス,,松葉屋
E22,1F25,阪急バス,,よろづや
E22,1F26,阪急バス,,境野
E22,1F27,阪急バス,,西谷の森公園口
E22,1F28,阪急バス,,延命寺
E22,1F29,阪急バス,,玉瀬
E22,1F2A,阪急バス,,前田橋
E22,1F2B,阪急バス,,玉瀬辻
E22,1F2C,阪急バス,,武田尾辻
E22,1F2D,阪急バス,,出合橋
E22,1F2E,阪急バス,,大岩稲荷前
E22,1F2F,阪急バス,,温泉橋
E22,1F30,阪急バス,,JR武田尾駅
E22,1F31,阪急バス,,西谷の森公園東の谷
E22,1F32,阪急バス,,西谷の森公園西の谷
E22,1F33,阪急バス,,切畑北口
E22,1F34,阪急バス,,切畑
E22,1F35,阪急バス,,切畑南口
E22,1F36,阪急バス,,検見橋
E22,1F37,阪急バス,,鳥ヶ脇
E22,1F38,阪急バス,,大宝塚ゴルフ場
E22,1F39,阪急バス,,十万辻
E22,1F3A,阪急バス,,渋谷
E22,1F3B,阪急バス,,高原ゴルフ前
E22,1F3C,阪急バス,,長尾山霊園口
E22,1F42,阪急バス,,生瀬橋東詰
E22,1F43,阪急バス,,長尾山霊園
E22,2228,阪急バス,青コース/緑コース/赤コース,中木津
E22,224C,阪急バス,青コース/緑コース/赤コース,猪名川郵便局前
E22,2254,阪急バス,青コース/緑コース/赤コース/黄コース,猪名川町役場前
E22,2319,阪急バス,青コース/緑コース/赤コース/黄コース,日生中央
E22,2E01,阪急バス,,岡場駅
E22,2E02,阪急バス,,東有野台
E22,2E03,阪急バス,,済生会病院前 (藤原台北町2丁目)
E22,2E04,阪急バス,,有馬中学校前
E22,2E05,阪急バス,,五社駅
E22,2E06,阪急バス,,有野台8丁目
E22,2E0B,阪急バス,,藤原台南町1丁目
E22,2E0C,阪急バス,,柳谷公園
E22,2E0D,阪急バス,,有野台会館前
E22,2E0E,阪急バス,,有野台6丁目
E22,2E0F,阪急バス,,有野台5丁目
E22,2E10,阪急バス,,有野公園前
E22,2E11,阪急バス,,有野台4丁目
E22,2E12,阪急バス,,切畑公園前
E22,2E13,阪急バス,,有野台1丁目
E22,2E14,阪急バス,,有野台7丁目
E22,2E15,阪急バス,,有野台9丁目
E22,2E1C,阪急バス,,北神区民センター前
E22,2E1D,阪急バス,,藤原台中町3丁目
E22,2E1E,阪急バス,,藤原台中町4丁目
E22,2E1F,阪急バス,,藤原台中町7丁目
E22,2E20,阪急バス,,藤原台南町5丁目
E22,2E21,阪急バス,,藤原台南町4丁目
E22,2E22,阪急バス,,あさひ橋
E22,2E23,阪急バス,,地域福祉センター前
E22,2E24,阪急バス,,上下谷公園
E22,2E25,阪急バス,,東公園前
E22,2E26,阪急バス,,東有野台3丁目
E22,2E27,阪急バス,,東有野台1丁目
E22,2E2C,阪急バス,,香花園
E22,3200,阪急バス,,新大阪
E22,3213,阪急バス,青ルート/赤ルート/緑ルート,かやの中央
E22,325D,阪急バス,,箕面市役所前
E22,325E,阪急バス,,箕面警察前
E22,3701,阪急バス,,呉服橋西詰
E22,3702,阪急バス,,小花一丁目
E22,4501,神鉄バス,,西鈴蘭台駅前
E22,4502,神鉄バス,,コープ西鈴店
E22,4503,神鉄バス,,7棟前
E22,4504,神鉄バス,,小学校前 (君影小)
E22,4505,神鉄バス,,陸橋下
E22,4507,神鉄バス,,君影6丁目
E22,4508,神鉄バス,,鈴蘭台駅前
E22,4509,神鉄バス,,ダイエー前
E22,450A,神鉄バス,,郵便局前 (神戸鈴蘭台南郵便局)
E22,450D,神鉄バス,,鈴蘭台東口
E22,4510,神鉄バス,,中央病院前
E22,4516,神鉄バス,,中里町
E22,4529,阪急バス,,回送
E22,452A,阪急バス,清荒神 臨時バス,清荒神(駐車場内)
E22,5039,阪急バス,,ときわ台駅
E22,503A,阪急バス,,光風台六丁目二号公園
E22,503B,阪急バス,,光風台六丁目三号公園
E22,503C,阪急バス,,光風台駐輪場
E22,5102,阪急バス,,彩都あさぎ
E22,5103,阪急バス,,彩都あさぎ南
E22,5104,阪急バス,,彩都西駅
E22,5105,阪急バス,,彩都あさぎ三丁目
E22,550A,阪急田園バス,,JR武田尾
E22,550B,阪急田園バス,,武田尾
E22,550C,阪急田園バス,,大岩稲荷前
E22,550D,阪急田園バス,,出合橋
E22,550E,阪急田園バス,,武田尾辻
E22,550F,阪急田園バス,,玉瀬辻
E22,5510,阪急田園バス,,前田橋
E22,5511,阪急田園バス,,玉瀬
E22,5512,阪急田園バス,,延命寺
E22,5513,阪急田園バス,,西谷の森公園口
E22,5514,阪急田園バス,,境野
E22,5515,阪急田園バス,,よろづや
E22,5516,阪急田園バス,,松葉屋
E22,5517,阪急田園バス,,西谷支所前
E22,5518,阪急田園バス,,東部南口
E22,5519,阪急田園バス,,東部
E22,551A,阪急田園バス,,長谷南
E22,551B,阪急田園バス,,長谷公民館前
E22,551C,阪急田園バス,,宝地ヶ鼻
E22,551D,阪急田園バス,,下中橋
E22,551E,阪急田園バス,,下佐曽利
E22,551F,阪急田園バス,,千本口
E22,5520,阪急田園バス,,上佐曽利南口
E22,5521,阪急田園バス,,上佐曽利
E22,5522,阪急田園バス,,波豆川
E22,5523,阪急田園バス,,阪急田園バス本社前
E22,5524,阪急田園バス,,西谷小学校前
E22,5525,阪急田園バス,,宝山寺下
E22,5526,阪急田園バス,,宝山坂
E22,5527,阪急田園バス,,宝塚自然の家前
E22,5528,阪急田園バス,,稲谷
E22,5529,阪急田園バス,,清ノ瀬橋
E22,552A,阪急田園バス,,波豆
E22,552B,阪急田園バス,,普明寺橋
E22,552C,阪急田園バス,,羽束川
E22,552D,阪急田園バス,,香下峠
E22,552E,阪急田園バス,,香下
E22,552F,阪急田園バス,,丸山
E22,5530,阪急田園バス,,香下西口
E22,5531,阪急田園バス,,茶屋ノ木
E22,5532,阪急田園バス,,成谷口
E22,5533,阪急田園バス,,上野台中学前
E22,5534,阪急田園バス,,虫尾
E22,5535,阪急田園バス,,中央病院北口 (兵庫中央病院)
E22,5536,阪急田園バス,,城山公園前
E22,5537,阪急田園バス,,杉ヶ丘
E22,5539,阪急田園バス,,三輪北
E22,553A,阪急田園バス,,三田駅
E22,553B,阪急田園バス,,長尾山霊園
E22,553F,阪急バス,,松が枝町
E22,5540,阪急バス,,日の峰1丁目
E22,5541,阪急バス,,日の峰2丁目
E22,5542,阪急バス,,大原中学校前
E22,5543,阪急バス,,泉橋
E22,5544,阪急バス,,北五葉7丁目
E22,5545,阪急バス,,北五葉3丁目
E22,5546,阪急バス,,北五葉2丁目
E22,5547,阪急バス,,西鈴蘭台駅
E22,5548,阪急バス,,南五葉3丁目
E22,5549,阪急バス,,星和台ポラール前
E22,554A,阪急バス,,星和台口
E22,554B,阪急バス,,テニスコート前(神戸市)
E22,554C,阪急バス,,しあわせの村中央
E22,554D,阪急バス,,病院前 (しあわせの村)
E22,554E,阪急バス,,シルバーカレッジ前
E22,554F,阪急バス,,ひよどり台5丁目
E22,5550,阪急バス,,ひよどり台
E22,5551,阪急バス,,ひよどり台センター前
E22,5552,阪急バス,,ひよどり台1丁目
E22,5553,阪急バス,,ひよどりインター前
E22,5554,阪急バス,,鵯越駅前
E22,5555,阪急バス,,滝山町
E22,5556,阪急バス,,菊水町10丁目
E22,5557,阪急バス,,鵯越町
E22,5558,阪急バス,,夢野町3丁目
E22,5559,阪急バス,,夢野町2丁目
E22,555A,阪急バス,,熊野橋
E22,555B,阪急バス,,東山町(神戸市)
E22,555C,阪急バス,,湊川公園西口
E22,555D,阪急バス,,新開地
E22,555E,阪急バス,,新開地東口
E22,555F,阪急バス,,神戸駅前
E22,5560,阪急バス,,市民防災総合センター
E22,5561,阪急バス,,ひよどり台北町
E22,5562,阪急バス,,泉台7丁目
E22,5563,阪急バス,,泉台5丁目
E22,5600,阪急バス,,西泉台公園前
E22,5601,阪急バス,,泉台4丁目
E22,5602,阪急バス,,泉台2丁目
E22,5603,阪急バス,,泉橋
E22,5604,阪急バス,,北鈴蘭台駅
E22,5605,阪急バス,,若葉台4丁目
E22,5606,阪急バス,,中央病院前
E22,5607,阪急バス,,惣山町4丁目
E22,5608,阪急バス,,惣山町1丁目
E22,5609,阪急バス,,山の街駅
E22,560A,阪急バス,,やきもち地蔵前
E22,560B,阪急バス,,広陵町1丁目
E22,560C,阪急バス,,広陵町3丁目
E22,560D,阪急バス,,広陵町4丁目
E22,560E,阪急バス,,鷺谷公園前
E22,560F,阪急バス,,小倉台4丁目
E22,5610,阪急バス,,広陵中学校前
E22,5611,阪急バス,,筑紫が丘4丁目
E22,5612,阪急バス,,つくしが丘公園
E22,5613,阪急バス,,筑紫が丘6丁目
E22,5614,阪急バス,,筑紫が丘5丁目
E22,5615,阪急バス,,鈴蘭台駅
E22,5616,阪急バス,,鈴蘭台東口
E22,5617,阪急バス,,神戸親和大学
E22,5618,阪急バス,,東町公園
E22,5619,阪急バス,,水源池前
E22,561A,阪急バス,,水呑
E22,561B,阪急バス,,高座金清橋
E22,561C,阪急バス,,高座
E22,561D,阪急バス,,草谷
E22,561E,阪急バス,,平野橋
E22,561F,阪急バス,,桃山
E22,5620,阪急バス,,天王谷
E22,5621,阪急バス,,平野(神戸市)
E22,5622,阪急バス,,大学病院前
E22,5623,阪急バス,,楠町6丁目
E22,5624,阪急バス,,多聞通5丁目
E22,5626,阪急バス,,二軒茶屋
E22,5627,阪急バス,,峠
E22,5634,阪急バス,,夢野台
E22,634D,阪急バス,,ニューム・ジェット
E22,6363,阪急バス,,整理券精算
E23,0,水間鉄道バス,,共通
E23,12,水間鉄道バス,,三ツ松団地折返場
E23,A03,水間鉄道バス,,下木積
E23,A0F,水間鉄道バス,,✌蕎原
E23,A15,水間鉄道バス,,水間観音駅
E23,1404,水間鉄道バス,コスモスライナー,五中前
E23,1407,水間鉄道バス,コスモスライナー,海浜緑地公園・国華園前
E23,1413,水間鉄道バス,コスモスライナー,合同宿舎前
E23,141E,水間鉄道バス,コスモスライナー,貝塚駅下り
E23,1421,水間鉄道バス,コスモスライナー,明治関西工場前
E23,1E35,水間鉄道バス,,三ヶ山中
E23,1E4B,水間鉄道バス,,イオン貝塚店前
E23,5C44,水間鉄道,,貝塚
E29,0,大阪空港交通,,共通
E29,3,阪急観光バス,大阪(伊丹)空港線,新大阪駅
E29,9,阪急観光バス,,新阪急ホテル
E29,C,阪急観光バス,,神戸(三宮)
E29,10,阪急観光バス,京都線,京都駅烏丸口
E29,14,阪急観光バス,京都線,四条河原町
E29,19,阪急観光バス,,長田駅
E29,25,大阪空港交通,,姫路駅前
E29,4D,阪急観光バス,,大和西大寺駅南口
E29,133,阪急観光バス,,神戸三宮駅
E29,136,阪急観光バス,,ハービス大阪
E29,137,阪急観光バス,,ホテル阪神
E29,138,阪急観光バス,,大阪駅前(梅田)
E29,13A,阪急観光バス,,大阪(伊丹)空港
E29,146,阪急観光バス,,関西国際空港
E2C,0,神戸フェリーバス,,共通
E31,0,阪神バス,,共通
E31,1,阪神バス,北大阪線/野田杭瀬甲子園線,野田阪神前
E31,4,阪神バス,北大阪線,海老江
E31,7,阪神バス,北大阪線,上海老江
E31,9,阪神バス,尼崎市内線 30/31/48系統,尼崎北小学校
E31,A,阪神バス,北大阪線,鷺洲六丁目
E31,B,尼崎交通事業振興,尼崎市内線 70系統,尼崎港
E31,C,阪神バス,尼崎市内線 20系統,猪名寺
E31,D,阪神バス,北大阪線,大淀中五丁目
E31,E,阪神バス,尼崎市内線 47/50系統,稲葉荘1丁目
E31,F,阪神バス,尼崎市内線,稲葉荘2丁目
E31,10,阪神バス,北大阪線,大淀中四丁目
E31,11,阪神バス,尼崎市内線,稲葉荘4丁目
E31,12,阪神バス,尼崎市内線,今北
E31,14,阪神バス,尼崎市内線,地域総合センター今北
E31,15,阪神バス,尼崎市内線,南武庫之荘3丁目
E31,16,阪神バス,北大阪線,中津六丁目
E31,17,尼崎交通事業振興,尼崎市内線,百合学院
E31,19,阪神バス,北大阪線,中津
E31,1A,阪神バス,尼崎市内線,大島3丁目
E31,1B,阪神バス,尼崎市内線,大庄小学校
E31,1C,阪神バス,北大阪線,北野
E31,1D,阪神バス,尼崎市内線,大庄西
E31,1E,尼崎交通事業振興,尼崎市内線,大高洲町
E31,1F,阪神バス,,南浜
E31,21,阪神バス,尼崎市内線,大浜1丁目
E31,22,阪神バス,北大阪線,本庄中通
E31,24,阪神バス,尼崎市内線,小園
E31,25,阪神バス,北大阪線,天神橋筋六丁目
E31,26,尼崎交通事業振興,尼崎市内線,小田南生涯学習プラザ前
E31,28,阪神バス,北大阪線,本庄西
E31,2A,阪神バス,尼崎市内線,つかしん前
E31,39,阪神バス,,中海老江
E31,3C,阪神バス,,野里
E31,3E,阪神バス,尼崎市内線,大島1丁目
E31,3F,阪神バス,,歌島橋
E31,40,阪神バス,尼崎市内線,園田東・西生涯学習プラザ前
E31,41,阪神バス,尼崎市内線,上坂部
E31,42,阪神バス,,西淀川警察署前
E31,43,阪神バス,尼崎市内線 14/30/31/48系統,上ノ島
E31,44,尼崎交通事業振興,尼崎市内線,クリーンセンター
E31,45,阪神バス,,神崎大橋
E31,48,阪神バス,,佃
E31,4A,阪神バス,尼崎市内線 12/21/56系統,尼崎北警察署
E31,4B,阪神バス,,左門殿橋
E31,4C,阪神バス,尼崎市内線,北図書館
E31,4D,阪神バス,尼崎市内線 43系統,近畿中央病院
E31,4E,阪神バス,,阪神杭瀬駅北
E31,4F,尼崎交通事業振興,尼崎市内線,金楽寺
E31,50,阪神バス,尼崎市内線,杭瀬
E31,51,阪神バス,,東長洲
E31,54,阪神バス,,稲川橋
E31,55,阪神バス,尼崎市内線,杭瀬南新町2丁目
E31,57,阪神バス,,県立尼崎高校前
E31,5A,阪神バス,,尼崎文化センター前
E31,5B,阪神バス,尼崎市内線,競馬場
E31,60,阪神バス,,阪神尼崎駅北
E31,62,尼崎交通事業振興,尼崎市内線,五合橋筋
E31,63,阪神バス,,東難波
E31,100,阪神バス,尼崎市内線,五反田
E31,101,阪神バス,尼崎市内線,琴浦神社
E31,102,阪神バス,,難波
E31,105,阪神バス,,昭和通八丁目
E31,106,阪神バス,尼崎市内線,裁判所
E31,107,阪神バス,尼崎市内線,社協会館
E31,108,阪神バス,,西難波
E31,109,阪神バス,尼崎市内線,産業技術大学
E31,10A,尼崎交通事業振興,尼崎市内線,東難波町3丁目
E31,10B,阪神バス,北大阪線,南浜田
E31,10C,阪神バス,尼崎市内線 31系統,三反田
E31,10D,尼崎交通事業振興,尼崎市内線,JR尼崎(北)
E31,10E,阪神バス,,尼崎浜田車庫前
E31,10F,阪神バス,尼崎市内線,JR尼崎(南)
E31,110,阪神バス,尼崎市内線,JR猪名寺(東口)
E31,111,阪神バス,,東大島
E31,112,阪神バス,尼崎市内線,JR立花(上)
E31,113,阪神バス,尼崎市内線,JR立花(下)
E31,114,阪神バス,,西大島
E31,115,阪神バス,尼崎市内線,JR塚口
E31,116,尼崎交通事業振興,尼崎市内線,潮江
E31,117,阪神バス,,尼崎西消防署前
E31,119,尼崎交通事業振興,尼崎市内線,アミング潮江前
E31,11A,阪神バス,尼崎宝塚線/宝塚甲子園線,労災病院前
E31,11B,阪神バス,尼崎市内線,椎堂
E31,11C,尼崎交通事業振興,尼崎市内線,下坂部
E31,11D,阪神バス,,水堂
E31,11E,阪神バス,尼崎市内線,市役所(尼崎市)
E31,11F,阪神バス,尼崎市内線 31系統,障害福祉センター
E31,120,阪神バス,,南武庫荘七丁目
E31,122,尼崎交通事業振興,尼崎市内線,昭和通
E31,123,阪神バス,,南武庫荘五丁目
E31,124,阪神バス,尼崎市内線,昭和通8丁目
E31,125,尼崎交通事業振興,尼崎市内線,城ノ堀
E31,126,阪神バス,,武庫荘駅西口
E31,127,尼崎交通事業振興,尼崎市内線,新庄下橋
E31,129,阪神バス,,武庫の郷
E31,12A,阪神バス,尼崎市内線,常陽中学校
E31,12B,尼崎交通事業振興,尼崎市内線,上下水道庁舎前
E31,12C,阪神バス,,友行西口
E31,12E,阪神バス,尼崎市内線,崇徳院
E31,12F,阪神バス,,時友
E31,131,尼崎交通事業振興,尼崎市内線 70番系統,日本製鉄前
E31,132,阪神バス,,昆陽里南
E31,134,阪神バス,尼崎市内線,尼崎競艇場
E31,135,阪神バス,,昆陽里
E31,136,阪神バス,,昆陽里北
E31,137,尼崎交通事業振興,尼崎市内線 11系統,尼崎総合文化センター
E31,138,阪神バス,,池尻南口
E31,139,阪神バス,尼崎市内線,尼崎御園郵便局前
E31,13B,阪神バス,,池尻
E31,13D,阪神バス,尼崎市内線 80-1/80-2/85系統,高洲
E31,13E,阪神バス,,西野
E31,13F,阪神バス,尼崎市内線,竹谷小学校
E31,140,阪神バス,尼崎市内線,橘公園
E31,141,阪神バス,,鳥島
E31,142,阪神バス,尼崎市内線,立花北生涯学習プラザ前
E31,143,阪神バス,尼崎市内線,栗山町2丁目
E31,144,阪神バス,尼崎宝塚線/伊丹立花線,金井町
E31,146,阪神バス,尼崎市内線,立花町2丁目
E31,147,阪神バス,,中野住宅前
E31,148,阪神バス,尼崎市内線,立花町3丁目
E31,149,阪神バス,尼崎市内線 20系統,田能
E31,14A,阪神バス,,宝塚安倉団地
E31,14B,阪神バス,尼崎市内線 20/21/21-2/22系統,田能口
E31,14D,阪神バス,,阪神安倉団地前
E31,14F,阪神バス,尼崎市内線,東難波町2丁目
E31,150,阪神バス,,安倉南一丁目
E31,151,尼崎交通事業振興,尼崎市内線,東難波町4丁目
E31,152,阪神バス,尼崎市内線 12/21/56系統,ピッコロシアター
E31,153,阪神バス,,安倉
E31,154,阪神バス,尼崎市内線 30/31系統,塚口小学校
E31,155,阪神バス,,総合福祉センター前
E31,156,阪神バス,,小浜
E31,158,尼崎交通事業振興,尼崎市内線,次屋2丁目
E31,159,阪神バス,,鶴之荘
E31,15B,阪神バス,尼崎市内線,常吉
E31,15C,阪神バス,,宝塚警察署前
E31,15E,阪神バス,尼崎市内線,阪神出屋敷
E31,15F,阪神バス,,荒神川
E31,161,阪神バス,尼崎市内線,天満神社
E31,162,阪神バス,,歌劇場前
E31,163,阪神バス,尼崎市内線,道意
E31,200,阪神バス,尼崎市内線,阪神センタープール
E31,201,阪神バス,,宝塚
E31,203,阪神バス,尼崎市内線,リサーチコア前
E31,205,阪神バス,,昭和南通七丁目
E31,208,阪神バス,尼崎市内線,竹谷小学校前
E31,20A,阪神バス,,出屋敷
E31,20B,阪神バス,尼崎市内線,戸ノ内町2丁目
E31,20C,阪神バス,,阪神出屋敷
E31,20E,阪神バス,,高洲
E31,214,阪神バス,,宝塚市立病院前
E31,216,阪神バス,伊丹立花線/尼崎市内線,富松城跡
E31,217,阪神バス,,安倉中三丁目
E31,21A,阪神バス,,安倉小学校前
E31,21B,阪神バス,尼崎市内線,武庫東生涯学習プラザ前
E31,21C,阪神バス,尼崎市内線,友行西口
E31,21D,阪神バス,,安倉下ノ池
E31,21E,阪神バス,伊丹立花線,北雁替公園前
E31,221,阪神バス,,小曽根一丁目
E31,222,尼崎交通事業振興,尼崎市内線,長洲本通
E31,223,阪神バス,尼崎市内線,中浜
E31,224,阪神バス,,小曽根三丁目
E31,225,尼崎交通事業振興,尼崎市内線,若王寺
E31,226,阪神バス,尼崎市内線,七松小学校
E31,227,阪神バス,,小松北町
E31,228,阪神バス,尼崎市内線,七松町2丁目
E31,229,阪神バス,尼崎市内線,七松町3丁目
E31,22A,阪神バス,,学文中学校前
E31,22B,阪神バス,尼崎市内線,波洲橋
E31,22C,阪神バス,尼崎市内線,西大島
E31,22D,阪神バス,,鳴尾高校前
E31,22E,阪神バス,尼崎市内線,西川
E31,22F,阪神バス,尼崎市内線,南警察署西分庁舎
E31,230,阪神バス,,甲子園六番町
E31,244,阪神バス,,稲葉荘一丁目
E31,246,阪神バス,尼崎市内線,武庫の里2丁目
E31,247,阪神バス,,武庫大橋
E31,248,阪神バス,尼崎市内線,尼崎西消防署前
E31,24A,阪神バス,,戸崎町
E31,24B,尼崎交通事業振興,尼崎市内線 11系統,西長洲本通2丁目
E31,24C,阪神バス,尼崎市内線,西難波
E31,24D,阪神バス,,国道上甲子園
E31,24E,阪神バス,尼崎市内線,西難波北
E31,24F,阪神バス,尼崎市内線,西難波中
E31,250,阪神バス,,上甲子園小学校前
E31,251,阪神バス,尼崎市内線,西難波南
E31,252,阪神バス,尼崎市内線,西武庫
E31,253,阪神バス,,瓦木
E31,254,阪神バス,尼崎市内線,西武庫公園
E31,256,阪神バス,,津門
E31,257,阪神バス,尼崎市内線,額田
E31,258,阪神バス,尼崎市内線,武庫東小学校
E31,259,阪神バス,,阪神国道駅前
E31,25C,阪神バス,,津門稲荷町
E31,25E,阪神バス,,JR西宮駅南口
E31,25F,阪神バス,,国道JR西宮駅前
E31,260,阪神バス,尼崎市内線,浜浦町
E31,261,阪神バス,尼崎市内線,浜田車庫
E31,262,阪神バス,,西宮市役所前
E31,263,阪神バス,尼崎市内線,浜田小学校
E31,301,阪神バス,,県立西宮病院前
E31,302,阪神バス,尼崎市内線,阪急園田(北)
E31,303,尼崎交通事業振興,尼崎市内線,阪急園田(南)
E31,304,阪神バス,,阪神西宮
E31,306,阪神バス,,阪神西宮南口
E31,307,阪神バス,,西宮戎 (阪神西宮駅北)
E31,308,尼崎交通事業振興,尼崎市内線,阪急塚口
E31,309,尼崎交通事業振興,尼崎市内線,阪神尼崎(北)
E31,30A,阪神バス,,夙川
E31,30B,尼崎交通事業振興,尼崎市内線,阪神尼崎(南)
E31,30D,阪神バス,,森具
E31,30E,阪神バス,尼崎市内線,阪神杭瀬
E31,30F,阪神バス,尼崎市内線,阪神大物
E31,310,阪神バス,,翠ヶ丘
E31,311,阪神バス,尼崎市内線,東大島
E31,312,尼崎交通事業振興,尼崎市内線,東海岸町
E31,313,阪神バス,,打出春日町
E31,315,阪神バス,尼崎市内線,東園田
E31,316,阪神バス,,山打出
E31,319,阪神バス,,JR芦屋駅前
E31,31A,阪神バス,尼崎市内線,東園田3丁目
E31,31B,阪神バス,尼崎市内線,東園田4丁目
E31,31C,阪神バス,,芦屋川
E31,31D,阪神バス,,業平橋
E31,31E,阪神バス,,阪神芦屋
E31,31F,阪神バス,西宮神戸線,津知
E31,322,阪神バス,西宮神戸線,森南町
E31,323,尼崎交通事業振興,尼崎市内線,東高洲町
E31,324,阪神バス,尼崎市内線 30/31/48系統,東富松
E31,325,阪神バス,西宮神戸線,森
E31,328,阪神バス,西宮神戸線,本山中町
E31,32A,阪神バス,尼崎市内線,東本町4丁目
E31,32B,阪神バス,西宮神戸線,小路
E31,32C,阪神バス,尼崎市内線,髭茶屋
E31,32E,阪神バス,西宮神戸線,田中
E31,330,阪神バス,尼崎市内線,松内町
E31,331,阪神バス,西宮神戸線,甲南本通
E31,333,阪神バス,尼崎市内線,水堂
E31,334,阪神バス,西宮神戸線,甲南町五丁目
E31,335,阪神バス,尼崎市内線,御園団地
E31,337,阪神バス,西宮神戸線,東灘区役所前
E31,338,尼崎交通事業振興,尼崎市内線,南塚口町1丁目
E31,33A,阪神バス,西宮神戸線,JR住吉駅前
E31,33B,阪神バス,尼崎市内線,南浜田
E31,33C,阪神バス,尼崎市内線,南武庫之荘2丁目
E31,33D,阪神バス,西宮神戸線,住吉宮西
E31,33E,阪神バス,尼崎市内線,南武庫之荘4丁目
E31,340,阪神バス,西宮神戸線,阪神御影駅北
E31,342,阪神バス,尼崎市内線,南武庫之荘7丁目
E31,343,阪神バス,西宮神戸線,御影大手筋
E31,344,阪神バス,尼崎市内線,南武庫之荘8丁目
E31,345,阪神バス,尼崎市内線,南武庫之荘9丁目
E31,346,阪神バス,西宮神戸線,上石屋
E31,347,阪神バス,尼崎市内線,宮ノ北団地
E31,349,阪神バス,西宮神戸線,徳井
E31,34A,阪神バス,尼崎市内線 48系統,武庫庄
E31,34B,阪神バス,尼崎市内線,武庫営業所
E31,34C,阪神バス,西宮神戸線,灘区役所前(八幡桜口)
E31,34D,阪神バス,尼崎市内線,武庫川
E31,34F,阪神バス,西宮神戸線,六甲口
E31,350,阪神バス,尼崎市内線 41/43-2番系統,武庫小学校前
E31,353,阪神バス,尼崎市内線,武庫之郷
E31,354,阪神バス,尼崎市内線,阪急武庫之荘(北)
E31,356,阪神バス,尼崎市内線,阪急武庫之荘(南)
E31,357,阪神バス,尼崎市内線,阪急武庫之荘(南)
E31,358,阪神バス,西宮神戸線,阪神西灘駅前
E31,359,阪神バス,尼崎市内線 46系統,武庫之荘西口
E31,35A,阪神バス,尼崎市内線 40/41/45/48系統,武庫之荘1丁目
E31,35B,阪神バス,西宮神戸線,浜岩屋
E31,35C,阪神バス,尼崎市内線 46系統,武庫之荘3丁目
E31,35D,阪神バス,尼崎市内線 40/41/45系統,武庫之荘4丁目
E31,35E,阪神バス,西宮神戸線,敏馬神社前
E31,360,阪神バス,尼崎市内線 43/43-2系統,武庫東中学校
E31,361,阪神バス,西宮神戸線,敏馬
E31,362,阪神バス,尼崎市内線 45系統,武庫元町
E31,400,阪神バス,西宮神戸線,脇浜三丁目
E31,401,阪神バス,尼崎市内線,武庫豊町
E31,402,阪神バス,尼崎市内線,蓬川公園
E31,403,阪神バス,西宮神戸線,春日野道
E31,404,阪神バス,尼崎市内線,元浜
E31,405,阪神バス,尼崎市内線,元浜町2丁目
E31,406,阪神バス,西宮神戸線,吾妻通四丁目
E31,407,阪神バス,尼崎市内線,元浜町3丁目
E31,408,阪神バス,尼崎市内線,守部公園
E31,40A,阪神バス,尼崎市内線,八幡橋
E31,40C,阪神バス,西宮神戸線/HAT神戸線,雲井通
E31,40D,阪神バス,尼崎市内線,労災病院
E31,40E,尼崎交通事業振興,尼崎市内線,地方合同庁舎
E31,411,尼崎交通事業振興,尼崎市内線,クリーンセンター第2工場
E31,412,阪神バス,西宮神戸線,三宮センター街東口
E31,415,阪神バス,西宮神戸線,神戸税関前
E31,429,阪神バス,,JR甲子園口
E31,42C,阪神バス,,甲子園商店街
E31,42E,阪神バス,尼崎市内線,武庫川町3丁目
E31,42F,阪神バス,,県道上甲子園
E31,430,阪神バス,尼崎市内線 58系統,市民健康開発センター
E31,432,阪神バス,,甲子園二番町
E31,433,尼崎交通事業振興,尼崎市内線,尼崎総合医療センター
E31,434,尼崎交通事業振興,尼崎市内線,尼崎総合医療センター正門前
E31,435,阪神バス,,甲子園三番町
E31,438,阪神バス,,甲子園五番町
E31,43B,阪神バス,,阪神甲子園
E31,43E,阪神バス,,ららぽーと甲子園西
E31,440,阪神バス,尼崎市内線 48-2/58系統,尼崎東警察署前
E31,441,阪神バス,尼崎宝塚線/甲子園宝塚線/杭瀬宝塚線/伊丹立花線,武庫支所(武庫地区会館)前
E31,443,阪神バス,尼崎市内線,北雁替公園前
E31,444,阪神バス,,甲子園八番町
E31,447,阪神バス,,ららぽーと甲子園南
E31,44A,阪神バス,,西宮東高校前
E31,44D,阪神バス,,鳴尾消防署前
E31,44E,阪神バス,尼崎市内線,県立尼崎高校前
E31,450,阪神バス,,甲子園警察署前
E31,453,阪神バス,,阪神鳴尾駅前
E31,454,阪神バス,,小松西町
E31,456,阪神バス,,武庫川女子大学前
E31,45C,阪神バス,,鳴尾東小学校前
E31,45F,阪神バス,,上田西町
E31,462,阪神バス,,上田
E31,501,阪神バス,,武庫川団地中央
E31,504,阪神バス,,武庫川団地南
E31,508,阪神バス,,高須東第一
E31,50A,阪神バス,,高須東第二
E31,50C,阪神バス,,武庫川団地駅前
E31,50E,阪神バス,,鳴尾南中学校前
E31,511,阪神バス,,鳴尾浜一丁目
E31,513,阪神バス,,県立総合体育館前
E31,514,阪神バス,,鳴尾浜中央
E31,517,阪神バス,,鳴尾浜西
E31,51A,阪神バス,,鳴尾浜三丁目
E31,51D,阪神バス,,南公園前
E31,51E,阪神バス,,リゾ鳴尾浜
E31,51F,阪神バス,,鳴尾浜南第一
E31,520,阪神バス,,鳴尾浜南第二
E31,521,阪神バス,,鳴尾浜二丁目
E31,524,阪神バス,,木材センター
E31,526,阪神バス,,鳴尾浜東
E31,529,阪神バス,,阪神鳴尾浜球場前
E31,53D,阪神バス,,甲子園九番町
E31,540,阪神バス,,浜甲子園
E31,546,阪神バス,,浜甲子園二丁目
E31,549,阪神バス,,浜甲子園三丁目
E31,54C,阪神バス,,南甲子園小学校前
E31,54F,阪神バス,浜甲子園線/西宮尼崎線,南甲子園三丁目
E31,552,阪神バス,,南甲子園二丁目
E31,555,阪神バス,,月見里
E31,558,阪神バス,,南甲子園一丁目
E31,607,阪神バス,西宮団地線,武庫川女子大薬学部前
E31,608,阪神バス,西宮団地線,武庫川女子大附属中高前
E31,60B,阪神バス,西宮団地線,浜甲子園団地第二
E31,60E,阪神バス,西宮団地線,浜甲子園団地第三
E31,611,阪神バス,西宮団地線,浜甲子園運動公園前
E31,614,阪神バス,西宮団地線,浜甲子園団地第五
E31,617,阪神バス,西宮団地線,浜甲子園団地第六
E31,61A,阪神バス,西宮団地線,浜甲子園団地第七
E31,62E,阪神バス,,常磐町
E31,62F,阪神バス,,JRさくら夙川
E31,631,阪神バス,,西田公園前
E31,634,阪神バス,,大社小学校前
E31,637,阪神バス,,城山町
E31,63A,阪神バス,,北城山町
E31,63D,阪神バス,,満池谷
E31,640,阪神バス,,名次神社前
E31,643,阪神バス,,名次町
E31,649,阪神バス,,獅子ヶ口
E31,64C,阪神バス,,甲陽園若江町
E31,64F,阪神バス,,阪急甲陽園駅前
E31,652,阪神バス,,目神山
E31,655,阪神バス,,大師道
E31,657,阪神バス,,山王町
E31,658,阪神バス,,新甲陽
E31,65B,阪神バス,,新甲陽口
E31,65E,阪神バス,,六軒
E31,661,阪神バス,,大社町
E31,703,阪神バス,,高座橋
E31,706,阪神バス,,市民運動場前
E31,709,阪神バス,西宮山手線/鷲林寺線,室川町
E31,70C,阪神バス,,中村
E31,70E,阪神バス,,JR西宮
E31,70F,阪神バス,,西宮警察署前
E31,710,阪神バス,,阪急夙川
E31,711,阪神バス,,夙川小学校前
E31,712,阪神バス,,苦楽園口
E31,713,阪神バス,,北夙川小学校前
E31,719,阪神バス,,獅子ヶ口北
E31,71C,阪神バス,,神園町
E31,71F,阪神バス,,越木岩神社北
E31,722,阪神バス,,柏堂町 (北山緑化植物園前)
E31,725,阪神バス,,鷲林寺南口
E31,728,阪神バス,,鷲林寺
E31,72B,阪神バス,,西宮甲山高校前
E31,72E,阪神バス,,甲山墓園前
E31,731,阪神バス,,北山貯水池
E31,734,阪神バス,,甲山大師
E31,737,阪神バス,,甲山大師下
E31,744,阪神バス,,阪神西宮駅東口
E31,747,阪神バス,,本町
E31,749,阪神バス,,石在町
E31,74A,阪神バス,,浜松原町
E31,74D,阪神バス,,東町
E31,750,阪神バス,,白鹿博物館前
E31,753,阪神バス,,浜町
E31,756,阪神バス,,西波止町
E31,759,阪神バス,,泉町
E31,75C,阪神バス,,建石町
E31,75F,阪神バス,,川東町
E31,762,阪神バス,,荒戎町
E31,801,阪神バス,,戎神社前
E31,815,阪神バス,,道意
E31,818,阪神バス,,道意六丁目
E31,819,阪神バス,,末広町
E31,81A,阪神バス,,尼崎スポーツの森
E31,81B,阪神バス,,元浜
E31,81E,阪神バス,,南武橋東詰
E31,821,阪神バス,,東鳴尾
E31,82B,阪神バス,,巽町
E31,82E,阪神バス,,西谷町
E31,82F,阪神バス,,今津港町
E31,830,阪神バス,,誠成公倫会館
E31,831,阪神バス,,今津出在家町
E31,834,阪神バス,,今津二葉町
E31,837,阪神バス,,阪神今津駅前
E31,83A,阪神バス,,津門西口
E31,843,阪神バス,,交通公園前
E31,846,阪神バス,,鞍掛町
E31,849,阪神バス,,西宮浜東第一
E31,84C,阪神バス,,西宮浜東第二
E31,84F,阪神バス,,西宮浜東第三
E31,852,阪神バス,,西宮浜東第四
E31,855,阪神バス,,西宮浜東第五
E31,856,阪神バス,,西宮浜中央
E31,858,阪神バス,,西宮大橋南
E31,901,阪神バス,,マリナパーク東
E31,904,阪神バス,,ヨットハーバー前
E31,907,阪神バス,,マリナパーク南
E31,90A,阪神バス,,マリナパーク西
E31,90D,阪神バス,,西宮浜四丁目
E31,910,阪神バス,,西宮浜中学校前
E31,913,阪神バス,,総合処理センター前
E31,916,阪神バス,,西宮浜営業所前
E31,933,阪神バス,HAT神戸線,灘の浜東
E31,934,阪神バス,HAT神戸線,灘の浜西
E31,935,阪神バス,HAT神戸線,灘の浜西
E31,937,阪神バス,HAT神戸線,県立美術館前
E31,939,阪神バス,HAT神戸線,人と防災未来センター
E31,93B,阪神バス,HAT神戸線,日赤病院前
E31,93C,阪神バス,HAT神戸線,脇の浜住宅東
E31,93D,阪神バス,HAT神戸線,脇の浜住宅中央
E31,93E,阪神バス,HAT神戸線,脇の浜住宅西
E31,93F,阪神バス,,西宮北口
E31,950,阪神バス,,西宮北口
E31,951,阪神バス,,両度町
E31,952,阪神バス,,芦原町
E31,953,阪神バス,,高畑町
E31,954,阪神バス,,天満神社
E31,955,阪神バス,,中浜
E31,95C,阪神バス,尼崎甲子園線,JR尼崎(南)
E31,95D,阪神バス,,尼崎総合医療センター正門前
E31,1411,阪神バス,伊丹立花線,富松城跡
E31,1412,阪神バス,,富松町1丁目
E31,1414,阪神バス,,阪急武庫之荘(北)
E31,1415,阪神バス,,阪急武庫之荘(南)
E31,1416,阪神バス,,武庫之荘1丁目
E31,1418,阪神バス,,武庫の郷
E31,1423,阪神バス,,武庫之荘3丁目
E31,142B,阪神バス,,裁判所
E31,142C,阪神バス,,立花町2丁目
E31,1531,阪神バス,伊丹立花線,北雁替公園前
E31,1533,阪神バス,,武庫庄
E31,1548,阪神バス,尼崎市内線 48-2/58番系統,潮江1丁目
E31,1549,阪神バス,尼崎市内線 48-2/58系統,尼崎東警察署前
E31,1800,阪神バス,,武庫西生涯学習プラザ前
E33,0,神姫バス,,共通
E33,B,神姫バス,高速バス,神戸三宮
E33,603,神姫バス,,伏見町
E33,605,神姫バス,,中之町
E33,606,神姫バス,,いぶき東フレア(共同運行) (いぶき台東公園前)
E33,607,神姫バス,,天神橋
E33,609,神姫バス,,松原向
E33,60B,神姫バス,,東津山駅前
E33,60D,神姫バス,,新兼田橋
E33,60F,神姫バス,,河辺西
E33,611,神姫バス,,河辺
E33,613,神姫バス,,西吉田
E33,615,神姫バス,,大崎
E33,617,神姫バス,,池ヶ原
E33,619,神姫バス,,池ヶ原東
E33,61B,神姫バス,,黒坂
E33,61D,神姫バス,,押田西
E33,61F,神姫バス,,押田
E33,621,神姫バス,,勝間田上
E33,623,神姫バス,,勝間田
E33,625,神姫バス,,勝間田駅前
E33,627,神姫バス,,勝間田下
E33,629,神姫バス,,黒土上
E33,62B,神姫バス,,黒土
E33,62D,神姫バス,,中尾西
E33,62F,神姫バス,,中尾
E33,631,神姫バス,,明見
E33,633,神姫バス,,林野駅前
E33,635,神姫バス,,栄町
E33,637,神姫バス,,本町
E33,639,神姫バス,,林野
E33,63A,神姫バス,,湯郷温泉
E33,63B,神姫バス,,湯郷東
E33,63C,神姫バス,,湯郷北
E33,63D,神姫バス,,入田
E33,63F,神姫バス,,上本町
E33,641,神姫バス,,朽木
E33,643,神姫バス,,平田
E33,645,神姫バス,,北原
E33,647,神姫バス,,宮ノ原
E33,649,神姫バス,,平福下
E33,64B,神姫バス,,平福
E33,64D,神姫バス,,川北
E33,64F,神姫バス,,川北上
E33,651,神姫バス,,江見駅前
E33,653,神姫バス,,大還橋
E33,655,神姫バス,,作東バスストップ前
E33,656,神姫バス,,藤生
E33,657,神姫バス,,江見小学校前
E33,659,神姫バス,,バレンタイン作東
E33,65B,神姫バス,,江見吉田
E33,65D,神姫バス,,芦河内橋
E33,65F,神姫バス,,鯰
E33,661,神姫バス,,松脇
E33,663,神姫バス,,豊野下
E33,665,神姫バス,,豊野
E33,667,神姫バス,,岩辺
E33,669,神姫バス,,小ノ谷
E33,66B,神姫バス,,山手口
E33,66D,神姫バス,,豆田
E33,66F,神姫バス,,五名
E33,671,神姫バス,,下原
E33,673,神姫バス,,沢田
E33,675,神姫バス,,川戸口
E33,677,神姫バス,,壬生
E33,679,神姫バス,,赤田
E33,67B,神姫バス,,立石
E33,67D,神姫バス,,淀
E33,67F,神姫バス,,小原田口
E33,681,神姫バス,,下庄
E33,683,神姫バス,,大塔
E33,685,神姫バス,,下町
E33,687,神姫バス,,中町下
E33,689,神姫バス,,中町
E33,68B,神姫バス,,雪見橋
E33,68D,神姫バス,,大原病院前
E33,68F,神姫バス,,大原
E33,112D,神姫バス,,龍野(たつの市)
E33,1137,神姫バス,,龍野橋
E33,1139,神姫バス,,龍野橋東詰
E33,113B,神姫バス,,堂本
E33,113D,神姫バス,,宮脇
E33,1144,神姫バス,,鵤
E33,114F,神姫バス,,和久
E33,11D7,神姫バス,,宮田団地前
E33,11DF,神姫バス,,宮田西
E33,11E0,神姫バス,,南勝原
E33,11E1,神姫バス,,宮田(姫路市)
E33,11E2,神姫バス,,大津(あやみの)
E33,11E6,神姫バス,,大津南
E33,11E8,神姫バス,,五反長
E33,11F2,神姫バス,,山電天満駅北
E33,11F8,神姫バス,,正門通
E33,11FA,神姫バス,,東新町
E33,1202,神姫バス,,青山中
E33,1204,神姫バス,,青山出屋敷
E33,1206,神姫バス,,宇野津医院前
E33,1208,神姫バス,,青山
E33,1215,神姫バス,,青山坂下
E33,121E,神姫バス,,黒岡
E33,1220,神姫バス,,太田
E33,1222,神姫バス,,太田小学校前
E33,1224,神姫バス,,中出屋敷
E33,1226,神姫バス,,東南口
E33,1227,神姫バス,,あすかホール前
E33,1250,神姫バス,,北河原
E33,1260,神姫バス,,歌野橋
E33,1262,神姫バス,,夢前町1丁目
E33,1264,神姫バス,,夢前川駅南 (旧製鉄記念広畑病院)
E33,1283,神姫バス,,西延末・姫路市立水族館北
E33,1285,神姫バス,,姫路市立陸上競技場北
E33,1287,神姫バス,,東町坪
E33,1289,神姫バス,,西町坪
E33,128B,神姫バス,,東苫編
E33,128D,神姫バス,,西苫編
E33,1297,神姫バス,,英賀保駅南口
E33,12A9,神姫バス,,西土井
E33,12B1,神姫バス,,はりま勝原駅
E33,12B5,神姫バス,,大津北
E33,12B9,神姫バス,,東大津
E33,1302,神姫バス,,西今宿
E33,1304,神姫バス,,下手野東口
E33,1306,神姫バス,,下手野
E33,1308,神姫バス,,日赤病院前
E33,130A,神姫バス,,青山
E33,132A,神姫バス,,遠山
E33,132C,神姫バス,,青山北一丁目
E33,132E,神姫バス,,余部駅前
E33,1330,神姫バス,,飾西南口
E33,1332,神姫バス,,飾西高校前
E33,1333,神姫バス,,飾西郵便局前
E33,1334,神姫バス,,飾西郵便局前
E33,1336,神姫バス,,石倉
E33,1338,神姫バス,,長池(姫路市)
E33,133A,神姫バス,,伊勢
E33,133C,神姫バス,,石倉
E33,133E,神姫バス,,かまはな
E33,1340,神姫バス,,林田
E33,1341,神姫バス,,伊勢
E33,1342,神姫バス,,林田橋
E33,1344,神姫バス,,茶ノ木
E33,1346,神姫バス,,西市場
E33,1348,神姫バス,,六九谷
E33,134A,神姫バス,,大谷(姫路市)
E33,134C,神姫バス,,上山下
E33,134E,神姫バス,,山田口
E33,1350,神姫バス,,松山(姫路市)
E33,1352,神姫バス,,井之口(姫路市)
E33,1354,神姫バス,,狭戸
E33,1356,神姫バス,,植木野
E33,1358,神姫バス,,塩野
E33,135A,神姫バス,,上塩野
E33,135C,神姫バス,,長野(安富町)
E33,1364,神姫バス,,上塩野
E33,1367,神姫バス,,長野
E33,1369,神姫バス,,安志
E33,136C,神姫バス,,安志
E33,136D,神姫バス,,須賀東口
E33,136E,神姫バス,,須賀東口
E33,136F,神姫バス,,須賀
E33,1370,神姫バス,,須賀
E33,1371,神姫バス,,船元
E33,1372,神姫バス,,船元
E33,1373,神姫バス,,山崎インター
E33,1374,神姫バス,,車庫前(山崎)
E33,1376,神姫バス,,播磨山崎郵便局
E33,1398,神姫バス,,飾西宮前
E33,139B,神姫バス,,実法寺北口
E33,13A1,神姫バス,,打越
E33,13A3,神姫バス,,刀出
E33,13A5,神姫バス,,坪田
E33,13A7,神姫バス,,菅生新在家・鯰尾坂
E33,13A9,神姫バス,,別車口
E33,13AB,神姫バス,,大村(夢前町)
E33,13AD,神姫バス,,宗元
E33,13AF,神姫バス,,荒木
E33,13B1,神姫バス,,荒木北口
E33,13B3,神姫バス,,塚本
E33,13B5,神姫バス,,護塚橋
E33,13B7,神姫バス,,芦田橋
E33,13B9,神姫バス,,古瀬畑
E33,13BB,神姫バス,,砕石場前
E33,13BD,神姫バス,,戸倉(夢前町)
E33,13BF,神姫バス,,葛畑
E33,13C7,神姫バス,,三森
E33,13C9,神姫バス,,安志東口
E33,13CB,神姫バス,,菅谷
E33,13CD,神姫バス,,大町(安富町)
E33,13CF,神姫バス,,名坂
E33,13D1,神姫バス,,下河
E33,13D3,神姫バス,,角屋
E33,13D5,神姫バス,,末広
E33,13D7,神姫バス,,学校前(安富北小)
E33,13E7,神姫バス,,グリーンステーション鹿ヶ壷
E33,1407,神姫バス,,日赤病院前
E33,1409,神姫バス,,青山
E33,140B,神姫バス,,東今宿南口
E33,1428,神姫バス,,福沢町
E33,1432,神姫バス,,東駅前町
E33,143C,神姫バス,,南八代
E33,143E,神姫バス,,県立大環境人間学部
E33,143F,神姫バス,,西八代
E33,1440,神姫バス,,八代本町
E33,1442,神姫バス,,東光寺前
E33,1444,神姫バス,,西高前
E33,144A,神姫バス,,城北新町
E33,1460,神姫バス,,一丁町
E33,1462,神姫バス,,京口駅前
E33,1464,神姫バス,,京口台
E33,1466,神姫バス,,城見町
E33,1478,神姫バス,,新在家本町3丁目
E33,1480,神姫バス,,田寺新在家峠
E33,1481,神姫バス,,田寺東4丁目
E33,1482,神姫バス,,田寺北口
E33,1484,神姫バス,,山田(姫路市)
E33,1499,神姫バス,,町田
E33,149D,神姫バス,,姫路城大手門・好古園前
E33,14A6,神姫バス,,河原(姫路市)
E33,14B4,神姫バス,,下手野西口
E33,14B6,神姫バス,,下手野北口
E33,14B8,神姫バス,,県営住宅前
E33,14BA,神姫バス,,東夢前台
E33,14BC,神姫バス,,上手野
E33,14CB,神姫バス,,こどもの館前
E33,14D9,神姫バス,,峰南町
E33,14DA,神姫バス,,平野南口
E33,14DB,神姫バス,,広嶺中学校前
E33,14DC,神姫バス,,北平野
E33,14DD,神姫バス,,竹ヶ端
E33,14DE,神姫バス,,平野西口
E33,14DF,神姫バス,,姫路獨協大学
E33,14E0,神姫バス,,上大野
E33,14E1,神姫バス,,大野(姫路市)
E33,14E2,神姫バス,,大寿台
E33,14E6,神姫バス,,書写郵便局前
E33,14E8,神姫バス,,書写東坂
E33,14EA,神姫バス,,東洋大学姫路高校
E33,14EC,神姫バス,,西坂口
E33,14EE,神姫バス,,西坂
E33,14F0,神姫バス,,県立大工学部
E33,14FA,神姫バス,,書写西住宅 (書写病院前)
E33,14FE,神姫バス,,姫山公園北・医療センター・博物館美術館前(南行)
E33,14FF,神姫バス,,姫路郵便局前
E33,1504,神姫バス,,佐谷医院前
E33,1536,神姫バス,,西蒲田
E33,1539,神姫バス,,西夢前台五丁目
E33,153B,神姫バス,,城山(姫路市)
E33,153D,神姫バス,,八幡小学校
E33,1540,神姫バス,,下野北口
E33,1542,神姫バス,,阿川
E33,1544,神姫バス,,西夢前台七丁目
E33,1546,神姫バス,,才崎橋西詰
E33,1548,神姫バス,,中河原
E33,1553,神姫バス,,延末 (イオンタウン姫路)
E33,1555,神姫バス,,手柄山中央公園口
E33,156B,神姫バス,18系統,東夢前台四丁目
E33,156D,神姫バス,18系統,籾取
E33,156F,神姫バス,18系統,高畑
E33,1571,神姫バス,18系統,下蒲田北口
E33,1573,神姫バス,18系統,東蒲田
E33,1575,神姫バス,18系統,下蒲田南口
E33,1577,神姫バス,18系統,蒲田口
E33,1579,神姫バス,18系統,八幡公民館前
E33,157B,神姫バス,18系統,下蒲田東口
E33,157D,神姫バス,18系統,高畑南口
E33,15C1,神姫バス,,西庄
E33,15C3,神姫バス,17系統,西庄南口
E33,15C5,神姫バス,17系統,県立姫路循環器病センター
E33,15CB,神姫バス,,荒川農協前
E33,1600,神姫バス,,姫路城大手門・好古園前
E33,1602,神姫バス,,聴覚特別支援学校・好古園前
E33,1604,神姫バス,,市之橋文学館前・男山千姫天満宮
E33,1606,神姫バス,,岡町
E33,1608,神姫バス,,岩端北口・城西小学校南
E33,160A,神姫バス,,東辻井
E33,160C,神姫バス,,名古山北口
E33,1617,神姫バス,,御立南口
E33,1618,神姫バス,,御立
E33,161A,神姫バス,,御立北口
E33,161C,神姫バス,,横関
E33,161D,神姫バス,,横関東口
E33,161E,神姫バス,,玉田南口
E33,1620,神姫バス,,玉田
E33,1622,神姫バス,,書写ゴルフ場前
E33,1624,神姫バス,,書写吹・置塩坂
E33,1626,神姫バス,,新畑(夢前町)
E33,1627,神姫バス,,ヤマサ蒲鉾前
E33,1628,神姫バス,,清水橋西詰(夢前町)
E33,162A,神姫バス,,宮置南
E33,162C,神姫バス,,置塩小学校前
E33,162D,神姫バス,,中村公民館前
E33,162E,神姫バス,,宮置
E33,1630,神姫バス,,庄上
E33,1632,神姫バス,,又坂
E33,1635,神姫バス,,糸田
E33,1637,神姫バス,,丸山(夢前町)
E33,1639,神姫バス,,古知之庄東
E33,163B,神姫バス,,塩田
E33,163D,神姫バス,,滑原
E33,163F,神姫バス,,夢乃井
E33,1641,神姫バス,,岡村
E33,1643,神姫バス,,夢前高校前
E33,1645,神姫バス,,松ノ本南
E33,1647,神姫バス,,松ノ本
E33,1649,神姫バス,,松ノ本北
E33,164A,神姫バス,,前之庄
E33,1658,神姫バス,51系統,勇繁
E33,165F,神姫バス,51系統,中山之内
E33,1660,神姫バス,51系統,山之内
E33,1678,神姫バス,,古知之庄
E33,1682,神姫バス,,岩端
E33,1685,神姫バス,,竜野町
E33,170B,神姫バス,,新在家(姫路市新在家)
E33,170D,神姫バス,,西新在家
E33,170F,神姫バス,,宮の谷(姫路市)
E33,1716,神姫バス,,姫路高校前
E33,1717,神姫バス,,姫高北口
E33,171A,神姫バス,,辻井北口
E33,171C,神姫バス,,好古学園前
E33,171D,神姫バス,,田寺東2丁目
E33,1721,神姫バス,,前山
E33,1723,神姫バス,,御立中1丁目
E33,1726,神姫バス,,御立中5丁目
E33,1752,神姫バス,,阿保車庫
E33,1765,神姫バス,,神屋町六丁目
E33,1767,神姫バス,,神屋町三丁目
E33,1769,神姫バス,,宮西町三丁目
E33,176B,神姫バス,,宮西町 (姫路警察署前)
E33,1774,神姫バス,,すこやかセンター前
E33,1777,神姫バス,25/90系統,日出町
E33,178F,神姫バス,,四郷学院東
E33,1791,神姫バス,,見野の郷交流館前
E33,1793,神姫バス,,見野古墳群前
E33,1795,神姫バス,,見野
E33,1797,神姫バス,,本郷(姫路市四郷町)
E33,1799,神姫バス,,四郷和光保育所東
E33,1806,神姫バス,21/22/25系統,坂田町
E33,180A,神姫バス,,神屋町
E33,180C,神姫バス,,天神前(姫路市)
E33,180E,神姫バス,,市川橋
E33,1811,神姫バス,,市川橋東詰
E33,1816,神姫バス,,神姫商工前
E33,1818,神姫バス,,国分寺
E33,181A,神姫バス,,御着駅前
E33,181C,神姫バス,,御着
E33,183E,神姫バス,,霊園前
E33,1840,神姫バス,,鹿島神社
E33,184B,神姫バス,,アンビック前
E33,184D,神姫バス,,小川橋西詰
E33,184F,神姫バス,,小川
E33,1851,神姫バス,,庄西口
E33,1853,神姫バス,,庄
E33,1855,神姫バス,,豊国西口
E33,1857,神姫バス,,豊国
E33,1859,神姫バス,,飾東出張所前
E33,185B,神姫バス,,春日野
E33,185D,神姫バス,,清水(姫路市飾東町)
E33,185F,神姫バス,,飾東山崎
E33,1864,神姫バス,,北野口
E33,1867,神姫バス,,小原(姫路市)
E33,189D,神姫バス,,延末北
E33,18A0,神姫バス,,東姫路駅口
E33,18A8,神姫バス,,打越新田
E33,18AF,神姫バス,,緑台(姫路市)
E33,18B7,神姫バス,,バーズタウン3丁目
E33,18C1,神姫バス,,白鳥台三丁目
E33,18C6,神姫バス,,打越西
E33,18EA,神姫バス,,深志野
E33,18F4,神姫バス,,清住
E33,18FD,神姫バス,,姫路セントラルパーク
E33,1900,神姫バス,,姫路駅(南口)
E33,190B,神姫バス,,東延末
E33,190D,神姫バス,,安田
E33,190F,神姫バス,,姫路市役所前
E33,1910,神姫バス,,姫路市役所南
E33,1912,神姫バス,,三宅
E33,1914,神姫バス,,姫路中央病院前
E33,1915,神姫バス,,上野田
E33,1929,神姫バス,,南車崎
E33,192B,神姫バス,,土山(姫路市)
E33,192D,神姫バス,,西兜
E33,192F,神姫バス,,岡田口
E33,1931,神姫バス,,中地
E33,1933,神姫バス,,中央体育館・姫路球場前
E33,1935,神姫バス,,手柄山中央公園
E33,1937,神姫バス,,武道館・植物園前
E33,193B,神姫バス,,中野田3丁目
E33,193C,神姫バス,,Aコープ高浜店前
E33,193D,神姫バス,,中野田
E33,193F,神姫バス,,下野田公園前
E33,1941,神姫バス,,下野田 (播州信用金庫飾磨支店前)
E33,1943,神姫バス,,清水町
E33,1946,神姫バス,,山電飾磨駅
E33,194A,神姫バス,,姫路南郵便局前
E33,1965,神姫バス,,北条住宅南
E33,1976,神姫バス,,北原西口
E33,1983,神姫バス,,白浜幼稚園前
E33,1985,神姫バス,,白浜南住宅
E33,1987,神姫バス,,白浜海岸
E33,198D,神姫バス,,北原東口
E33,198F,神姫バス,,奥山口
E33,1991,神姫バス,,糸引小学校前
E33,1993,神姫バス,,継南口
E33,1995,神姫バス,,東山(姫路市)
E33,1996,神姫バス,,東山西
E33,19A3,神姫バス,,山電八家駅
E33,19BF,神姫バス,,白浜の宮駅
E33,19C3,神姫バス,,パナソニック液晶ディスプレイ前
E33,1A15,神姫バス,,延末南
E33,1A17,神姫バス,,手柄
E33,1A19,神姫バス,,飯田口
E33,1A1B,神姫バス,,西亀山
E33,1A1D,神姫バス,,西都倉
E33,1A1F,神姫バス,,飾磨中部中学校前
E33,1A21,神姫バス,,飾磨工業高校前
E33,1A23,神姫バス,,恵美酒神社前
E33,1A25,神姫バス,,飾磨天神
E33,1A27,神姫バス,,須加北口
E33,1A29,神姫バス,,須加
E33,1A2B,神姫バス,,姫路みなとドーム前
E33,1A2D,神姫バス,,みなと町
E33,1A2F,神姫バス,,姫路港
E33,1A33,神姫バス,,総合スポーツ会館前
E33,1A35,神姫バス,,中地南口
E33,1A37,神姫バス,,構北口
E33,1A39,神姫バス,,構
E33,1A3B,神姫バス,,構二丁目
E33,1A3D,神姫バス,,加茂(姫路市)
E33,1A3F,神姫バス,,津田幼稚園前
E33,1A41,神姫バス,,津田神社前
E33,1A43,神姫バス,,思案橋東口
E33,1A44,神姫バス,,思案橋
E33,1A45,神姫バス,27系統,思案橋
E33,1ADC,神姫バス,,アクリエひめじ北口(巽橋)
E33,1ADE,神姫バス,,県立はりま姫路総合医療センター前
E33,1C05,神姫バス,,姫路郵便局前
E33,1C07,神姫バス,,姫山公園南・医療センター・美術館前(北行)
E33,1C08,神姫バス,,姫山公園北・博物館(北行)
E33,1C09,神姫バス,,野里門
E33,1C0A,神姫バス,,河間町
E33,1C0B,神姫バス,,慶雲寺前
E33,1C0C,神姫バス,,伊伝居
E33,1C0D,神姫バス,,梅ヶ枝町
E33,1C0E,神姫バス,,軍人橋
E33,1C0F,神姫バス,,城北公園前
E33,1C10,神姫バス,,競馬場前
E33,1C12,神姫バス,,白国南口
E33,1C14,神姫バス,,白国
E33,1C1B,神姫バス,,砥堀駅前
E33,1C1D,神姫バス,,上砥堀
E33,1C1F,神姫バス,,砥堀小学校前
E33,1C21,神姫バス,,マリア病院
E33,1C23,神姫バス,,仁豊野南口
E33,1C46,神姫バス,,福崎駅前
E33,1C81,神姫バス,,江鮒団地
E33,1C83,神姫バス,,仁色
E33,1C85,神姫バス,,仁色北口
E33,1C87,神姫バス,,中野東口(姫路市)
E33,1C92,神姫バス,,大沢(姫路市)
E33,1E01,神姫バス,,西中島
E33,1E02,神姫バス,,イオン姫路前
E33,1E03,神姫バス,,保城南口
E33,1E04,神姫バス,,野里駅西
E33,1E06,神姫バス,,野里駅前
E33,1E07,神姫バス,,保城住宅
E33,1E0F,神姫バス,,城見台3丁目
E33,1E11,神姫バス,,城見台4丁目
E33,1E12,神姫バス,,城見台
E33,1E14,神姫バス,,砥堀東
E33,1E16,神姫バス,,砥堀北
E33,1E18,神姫バス,,生野橋
E33,1E23,神姫バス,,金竹
E33,1E25,神姫バス,,日本化薬西口
E33,1E27,神姫バス,,白鷺霊園前
E33,1E29,神姫バス,,太尾
E33,1E2B,神姫バス,61/62/81系統,太尾北口
E33,1E2D,神姫バス,61/62/81系統,牧野
E33,1E2F,神姫バス,61/62/81系統,西山田
E33,1E40,神姫バス,61/81系統,住宅前(加西市・姫路〜北条)
E33,1E41,神姫バス,61/62/81系統,笠屋
E33,1E42,神姫バス,61/62/81系統,本町西
E33,1E43,神姫バス,61/62/81系統,本町東
E33,1E45,神姫バス,,イオンモール加西北条
E33,1E48,神姫バス,,横尾南(一般路線用)
E33,1E49,神姫バス,61/62/81系統,横尾(姫路線)
E33,1E5B,神姫バス,,畑
E33,1E5C,神姫バス,,西谷(加西市)
E33,1E5D,神姫バス,,谷
E33,1E5E,神姫バス,,宮西(加西市)
E33,1E67,神姫バス,,加西市役所前(姫路，高砂，社線)
E33,1E68,神姫バス,,古坂3丁目(姫路高砂社線)
E33,1E6A,神姫バス,,玉丘町
E33,1E6C,神姫バス,,玉野西口
E33,1E6E,神姫バス,,玉野(北条〜社線)
E33,1E76,神姫バス,大和線,横尾(大和線)
E33,1E79,神姫バス,大和線,横尾東口
E33,1E7B,神姫バス,大和線,鴨谷南
E33,1E7D,神姫バス,大和線,鴨谷
E33,1E7F,神姫バス,大和線,殿原
E33,1E81,神姫バス,大和線,中富口
E33,1E8F,神姫バス,,北条営業所
E33,2096,神姫バス,,丸山公園前(加西市)
E33,2098,神姫バス,,高室
E33,209A,神姫バス,,播磨農高前
E33,209F,神姫バス,,フラワーセンター駐車場
E33,20BC,神姫バス,,大沢口
E33,20CD,神姫バス,,平津
E33,210F,神姫バス,,法華山口
E33,211B,神姫バス,,法華口駅前
E33,224C,神姫バス,,和泉西口
E33,2258,神姫バス,,明楽寺
E33,2408,神姫バス,,木村南
E33,240A,神姫バス,,稲屋
E33,2412,神姫バス,,加古川消防署前
E33,2414,神姫バス,,加古川橋東詰
E33,2416,神姫バス,,加古川公民館前
E33,2429,神姫バス,,安田東ファミールハイツ
E33,2437,神姫バス,,宝殿駅南口
E33,245D,神姫バス,,神爪1丁目
E33,245E,神姫バス,,宝殿駅北口
E33,245F,神姫バス,56系統,神爪1丁目
E33,2460,神姫バス,56系統,岸
E33,2461,神姫バス,56系統,西神吉
E33,2469,神姫バス,56系統,志方南口
E33,247D,神姫バス,56系統,志方小学校前
E33,2489,神姫バス,,升田
E33,248E,神姫バス,,上部
E33,2498,神姫バス,,山角
E33,24A6,神姫バス,,都台3丁目
E33,24C1,神姫バス,,平荘湖口
E33,24C3,神姫バス,,ウエルネスパーク
E33,24C8,神姫バス,,加古川駅北口
E33,24CA,神姫バス,,篠原町
E33,24CC,神姫バス,,河原(加古川市)
E33,24CD,神姫バス,,中津(加古川市)
E33,24CE,神姫バス,,大野(加古川市)
E33,2504,神姫バス,,平野(加古川市)
E33,2512,神姫バス,,高畑(加古川市平岡町)
E33,2518,神姫バス,,国道土山(明石加古川線)
E33,2519,神姫バス,,土山北
E33,251A,神姫バス,,福里西
E33,251F,神姫バス,,国道東加古川
E33,2522,神姫バス,,南芳苑・かこてらす前
E33,2524,神姫バス,,一色北
E33,2529,神姫バス,,別府駅東
E33,252A,神姫バス,,自動車教習所前
E33,2532,神姫バス,,土山駅南口
E33,2537,神姫バス,,東野添3丁目
E33,253B,神姫バス,,播磨町役場前
E33,2546,神姫バス,,新島中央公園北
E33,2561,神姫バス,,土山駅
E33,2569,神姫バス,,水足東口
E33,256C,神姫バス,,福沢(加古川市)
E33,256E,神姫バス,,福留
E33,2582,神姫バス,,新在家(加古川市)
E33,2586,神姫バス,,北野新田
E33,2596,神姫バス,,甲南加古川病院
E33,2598,神姫バス,,県立加古川医療センター
E33,25AB,神姫バス,,日岡駅口
E33,25BF,神姫バス,,神野西
E33,2600,神姫バス,,地下鉄三宮駅前
E33,2603,神姫バス,,らぽす前
E33,2604,神姫バス,,明石国道本町
E33,2607,神姫バス,,国道西新町
E33,260B,神姫バス,,和坂川崎重工前
E33,260D,神姫バス,,和坂3丁目
E33,260F,神姫バス,,松の内
E33,2617,神姫バス,,中谷山
E33,2619,神姫バス,,森田
E33,261B,神姫バス,,大久保小学校前
E33,261D,神姫バス,,国道大久保
E33,261F,神姫バス,,富士通前
E33,2620,神姫バス,,西脇口
E33,2621,神姫バス,,金ケ崎東口
E33,2623,神姫バス,,金ケ崎
E33,2625,神姫バス,,長坂寺
E33,2628,神姫バス,,浜西
E33,262A,神姫バス,,清水(明石市)
E33,262B,神姫バス,,清水北沢
E33,262D,神姫バス,,清水西口
E33,262F,神姫バス,,福里
E33,2634,神姫バス,,六分一山
E33,2636,神姫バス,,御旅
E33,2638,神姫バス,,国安
E33,263A,神姫バス,,国安北
E33,263B,神姫バス,,国安団地前
E33,263C,神姫バス,,天満小学校前
E33,263E,神姫バス,,六甲バター北
E33,2640,神姫バス,,稲美町役場前
E33,2642,神姫バス,,稲美中央公園前
E33,2644,神姫バス,,国岡裏
E33,2646,神姫バス,,県住前(稲美町)
E33,2649,神姫バス,,上新田
E33,264B,神姫バス,,上新田北口
E33,266B,神姫バス,,川北口
E33,266C,神姫バス,,新川北口
E33,2677,神姫バス,,野谷
E33,2678,神姫バス,,母里
E33,2697,神姫バス,,西明石駅東口(降車専用)
E33,2698,神姫バス,,国道西明石
E33,269B,神姫バス,,井吹西小学校南 (井吹西地域福祉センター前)
E33,26A0,神姫バス,,厄神駅前
E33,26A3,神姫バス,,国包西
E33,26CA,神姫バス,(臨時)日光山墓園線,㋷日光山墓園管理事務所
E33,26CB,神姫バス,(臨時)日光山墓園線,㋷日光山墓園駐車場
E33,2E05,神姫バス,,三木鉄道記念公園前
E33,2E0B,神姫バス,,大村(三木市)
E33,2E18,神姫バス,,朝日ヶ丘北
E33,2E19,神姫バス,,朝日ヶ丘中
E33,2E1A,神姫バス,,朝日ヶ丘
E33,2E1E,神姫バス,,高木
E33,2E1F,神姫バス,,高木西
E33,2E21,神姫バス,,東這田中
E33,2E22,神姫バス,,別所中学校前(三木市)
E33,2E24,神姫バス,,西這田
E33,2E26,神姫バス,,花尻東
E33,2E28,神姫バス,,別所小学校前
E33,2E29,神姫バス,,ともえ中央公園前
E33,2E3D,神姫バス,,中央公民館前(三木市)
E33,2E3E,神姫バス,,上の丸
E33,2E40,神姫バス,,大塚(三木市)
E33,2E41,神姫バス,,エビス
E33,2E4E,神姫バス,,志染公民館前
E33,2E51,神姫バス,,志染小学校前
E33,2E56,神姫バス,,御坂
E33,2E58,神姫バス,,三津田
E33,2E66,神姫バス,,加佐東
E33,2E70,神姫バス,,細川中
E33,2E72,神姫バス,,細川町公民館
E33,2E94,神姫バス,,渡瀬(三木市)
E33,2EA9,神姫バス,,大二谷
E33,2EAB,神姫バス,,上の辻
E33,2EC6,神姫バス,,総合保健福祉センター前
E33,2EC8,神姫バス,,恵比須駅
E33,2EFF,神姫バス,,伽耶院口
E33,300C,神姫バス,,電鉄小野駅
E33,300F,神姫バス,,小野(小野市)
E33,3011,神姫バス,,小野大池
E33,3013,神姫バス,,小野商工会議所前
E33,3019,神姫バス,,鹿野
E33,3023,神姫バス,,南坊
E33,3025,神姫バス,,東実
E33,3027,神姫バス,,松尾
E33,3028,神姫バス,,田中口(加東市)
E33,304E,ウイング神姫,,丹波篠山市立図書館前
E33,3200,神姫バス,,社 (社営業所)
E33,3202,神姫バス,,社上本町
E33,3207,神姫バス,,上中(加東市)
E33,320E,神姫バス,,滝野
E33,3211,神姫バス,,滝駅前
E33,3213,神姫バス,,板波
E33,3215,神姫バス,,野村 (西脇市駅前)
E33,321D,神姫バス,,西脇(西脇市) (アピカ)
E33,321E,神姫バス,,やしろショッピングパークBio前 (加東バスターミナル)
E33,321F,神姫バス,,県総合庁舎前
E33,3224,神姫バス,,新貝原
E33,3225,神姫バス,,河高
E33,3226,神姫バス,,社町駅
E33,322B,神姫バス,,東別府口
E33,322C,神姫バス,,東別府
E33,3249,神姫バス,,上久米大日前
E33,324D,神姫バス,,上久米東口
E33,324F,神姫バス,,東条バスストップ前
E33,3250,神姫バス,,天神(加東市)
E33,3253,神姫バス,,横谷倉庫
E33,3605,神姫バス,西脇営業所/中国高速線(西脇支線),西脇営業所
E33,3D00,神姫バス,,大久保駅
E33,3D03,神姫バス,,大久保市民センター前
E33,3D05,神姫バス,,大久保東
E33,3D07,神姫バス,,岡田郵便局前
E33,3D11,神姫バス,,石ヶ谷墓園事務所前
E33,3D12,神姫バス,,石ヶ谷墓園
E33,3D13,神姫バス,,石ヶ谷墓園北
E33,3D1F,神姫バス,,県営大久保第二住宅前
E33,3D20,神姫バス,,高丘2丁目
E33,3D22,神姫バス,,高丘東小学校前
E33,3D24,神姫バス,,高丘1丁目
E33,3D26,神姫バス,,高丘3丁目
E33,3D28,神姫バス,,中央センター前
E33,3D2A,神姫バス,,高丘4丁目
E33,3D30,神姫バス,,高丘4丁目西
E33,3D33,神姫バス,,茜
E33,3D37,神姫バス,,茜北
E33,3D39,神姫バス,,山手小学校南
E33,3D3F,神姫バス,,山手台口
E33,3D41,神姫バス,,山手台南
E33,3D43,神姫バス,,山手台西
E33,3D45,神姫バス,,山手台
E33,3E20,神姫バス,,大久保北
E33,3E26,神姫バス,,山の下
E33,3E27,神姫バス,,高丘西口
E33,3E28,神姫バス,,高丘5丁目
E33,3E29,神姫バス,,高丘車庫前
E33,3E2A,神姫バス,,高丘6丁目
E33,3E3B,神姫バス,,竜が岡4丁目
E33,3E3D,神姫バス,,福吉(神戸市西区)
E33,3E65,神姫バス,,田井東口
E33,3E6F,神姫バス,,神出中学校前
E33,3E71,神姫バス,,雌岡山口
E33,3E72,神姫バス,,金棒池
E33,3E73,神姫バス,,雄岡山口西
E33,3E74,神姫バス,,雄岡山口東
E33,3E75,神姫バス,,五百蔵
E33,3E83,神姫バス,2系統,上ヶ池公園前
E33,3E85,神姫バス,2系統,鳥羽弁財天公民館前
E33,3E87,神姫バス,2系統,鳥羽弁財天
E33,3F02,神姫バス,,西明石町5丁目
E33,3F04,神姫バス,,西明石町3丁目
E33,3F0A,神姫バス,,鳥羽(明石市)
E33,3F0C,神姫バス,,王塚台1丁目
E33,3F0E,神姫バス,,王塚台5丁目
E33,3F10,神姫バス,,王塚台東口
E33,3F12,神姫バス,,鳥羽南(明石市)
E33,3F14,神姫バス,,中野東口(神戸市西区)
E33,3F1A,神姫バス,,中野1丁目南
E33,3F1E,神姫バス,,中津(神戸市西区)
E33,3F23,神姫バス,,中村(神戸市西区)
E33,3F33,神姫バス,,玉津曙南口
E33,3F35,神姫バス,,県立リハビリセンター
E33,3F3D,神姫バス,26/27系統,小山3丁目
E33,3F43,神姫バス,,二ツ屋北
E33,3F47,神姫バス,,長畑東
E33,3F49,神姫バス,,長畑西
E33,3F4B,神姫バス,,宮下3丁目
E33,3F4D,神姫バス,,宮下2丁目
E33,3F4F,神姫バス,,宮下南
E33,3F51,神姫バス,,宮下1丁目
E33,3F6F,神姫バス,,滝川第二中学高校
E33,400B,神姫バス,,魚の棚
E33,400D,神姫バス,,樽屋町
E33,4019,神姫バス,,林崎
E33,401D,神姫バス,,東松江
E33,401F,神姫バス,,西松江
E33,4021,神姫バス,,藤江小学校前
E33,4023,神姫バス,,藤江神社前
E33,4025,神姫バス,,藤江病院前
E33,4027,神姫バス,,藤江駅
E33,4041,神姫バス,,別所町
E33,4043,神姫バス,,東藤江
E33,4046,神姫バス,,川崎重工西
E33,4047,神姫バス,,望海中学校南
E33,4051,神姫バス,,明石本町
E33,4063,神姫バス,,王子(明石市)
E33,4065,神姫バス,,大道町東
E33,406B,神姫バス,,茶園場町
E33,40BF,神姫バス,,相生町 (旧保健センター)
E33,40C1,神姫バス,,明石市役所前
E33,40C9,神姫バス,,上ノ丸(明石市) (文化博物館前)
E33,40CA,神姫バス,,上ノ丸3丁目
E33,40CB,神姫バス,,上ノ丸郵便局前
E33,40CC,神姫バス,,太寺
E33,40CD,神姫バス,,太寺2丁目
E33,40CE,神姫バス,,明高下
E33,40D1,神姫バス,,中朝霧丘
E33,40D2,神姫バス,,朝霧丘
E33,40D4,神姫バス,,朝霧2丁目
E33,40E6,神姫バス,,朝霧小学校前
E33,40F0,神姫バス,,明舞中央病院前
E33,4101,神姫バス,,鷹匠町
E33,4105,神姫バス,,明石市民病院
E33,4111,神姫バス,,西建設事務所前
E33,4115,神姫バス,,若宮団地
E33,4117,神姫バス,,松本南口
E33,4124,神姫バス,,櫨谷中央
E33,4131,神姫バス,,寺谷(神戸市西区)
E33,4138,神姫バス,,カワサキ前
E33,413A,神姫バス,,友清
E33,4147,神姫バス,,西新町1丁目
E33,4149,神姫バス,,北王子町
E33,414B,神姫バス,,がんセンター
E33,414D,神姫バス,,明石国道事務所前
E33,4163,神姫バス,16系統,赤羽グリーンタウン
E33,416C,神姫バス,16/86系統,赤羽神社南
E33,416F,神姫バス,,玉津環境センター前
E33,460C,神姫バス,,大野(明石市)
E33,460E,神姫バス,,明石高校前
E33,4610,神姫バス,,免許試験場
E33,4613,神姫バス,,生田
E33,4615,神姫バス,,伊川谷住宅前
E33,4617,神姫バス,,南別府車庫
E33,4618,神姫バス,,南別府1丁目
E33,461F,神姫バス,,石塚
E33,4620,神姫バス,,漆山下
E33,4622,神姫バス,,日向前
E33,4629,神姫バス,,漆山上
E33,462B,神姫バス,,伊川谷高校前
E33,4633,神姫バス,,神戸学院大学口
E33,4635,神姫バス,,大津和
E33,4637,神姫バス,,池上中央公園
E33,463D,神姫バス,,上脇
E33,464C,神姫バス,,明舞北センター
E33,464D,神姫バス,,南多聞台7丁目
E33,464F,神姫バス,,明舞センター前
E33,4671,神姫バス,,北別府3丁目
E33,4673,神姫バス,,伊川谷惣社前
E33,4679,神姫バス,,白水東口
E33,467B,神姫バス,,伊川谷小学校前
E33,467C,神姫バス,,前川橋
E33,4697,神姫バス,,前開上
E33,4699,神姫バス,,太山寺
E33,469B,神姫バス,,布施畑
E33,469D,神姫バス,,布施畑口
E33,469F,神姫バス,,中畑
E33,46A1,神姫バス,,白川台
E33,46A3,神姫バス,,白川台センター前
E33,46A5,神姫バス,,白川台南口
E33,46A7,神姫バス,,落合団地前
E33,46A9,神姫バス,,名谷駅
E33,46B4,神姫バス,,朝霧駅
E33,46C1,神姫バス,,大谷(神戸市西区)
E33,46C3,神姫バス,,和井取
E33,46DC,神姫バス,,西神南駅
E33,4739,神姫バス,,西神墓園
E33,476F,神姫バス,,桜が丘中町5丁目
E33,4771,神姫バス,,木津小学校前
E33,4773,神姫バス,,秋葉台3丁目
E33,4787,神姫バス,,木幡
E33,4793,神姫バス,,白川峠
E33,4794,神姫バス,,白川台3丁目
E33,4797,神姫バス,,夢野町2丁目
E33,4799,神姫バス,,湊川公園西口
E33,47A1,神姫バス,,神戸複産団地口
E33,47A6,神姫バス,,見津が丘3丁目・トーヨータイヤ物流前
E33,47A7,神姫バス,,見津が丘4丁目
E33,47AA,神姫バス,,木津駅
E33,47BE,神姫バス,にじ色バス,学園東地域福祉センター
E33,47C8,神姫バス,にじ色バス,学園東町6丁目東
E33,47CA,神姫バス,にじ色バス,学園東町北公園
E33,47CC,神姫バス,にじ色バス,学園東町4丁目北
E33,47CD,神姫バス,にじ色バス,学園東町4丁目東
E33,47CE,神姫バス,にじ色バス,東町小学校前
E33,480F,神姫バス,,緑が丘中1丁目
E33,4825,神姫バス,,緑が丘西1丁目
E33,4847,神姫バス,,西自由が丘2丁目
E33,484A,神姫ゾーンバス,,自由が丘中公園
E33,484F,神姫バス,,あかねが丘(三木市)
E33,4852,神姫バス,,東自由が丘2丁目
E33,4878,神姫バス,,青山5丁目
E33,4901,神姫バス,,妙法寺駅前(共同運行)
E33,4907,神姫バス,,かりばプラザ(共同運行)
E33,490F,神姫バス,,横尾2丁目(共同運行)
E33,4913,神姫バス,,啓明学院前(共同運行)
E33,4923,神姫バス,,離宮公園前(共同運行)
E33,4929,神姫バス,,須磨水族園(共同運行)
E33,492B,神姫バス,,海浜公園前(共同運行)
E33,492D,神姫バス,,天神下(共同運行)
E33,492F,神姫バス,,須磨駅前(共同運行)
E33,4931,神姫バス,,須磨一の谷(共同運行)
E33,494F,神姫バス,,JR鷹取駅前(共同運行)
E33,4957,神姫バス,,北須磨団地東口(共同運行)
E33,4964,神姫バス,,西神中央駅前(共同運行)
E33,4967,神姫バス,,西神中央駅東口(共同運行)
E33,496B,神姫バス,,高塚台4丁目(共同運行)
E33,496D,神姫バス,,興亜池公園南(共同運行)
E33,496F,神姫バス,,興亜池公園(共同運行)
E33,4977,神姫バス,,高塚橋(共同運行)
E33,4979,神姫バス,,西体育館口(共同運行)
E33,499E,神姫バス,,井吹台西町1丁目(共同運行)
E33,4A01,神姫バス,,三宮駅ターミナル前
E33,4A02,神姫バス,,##三宮駅前(神戸阪急前)#【PortLoop連節・ジーライオンアリーナ・新港町・ポートアイランド】
E33,4A04,神姫バス,,三宮(神姫バス神戸三宮バスターミナル)
E33,4A05,神姫バス,,新神戸駅前
E33,4A06,神姫バス,,三宮東
E33,4A07,神姫バス,,神戸駅(南口)
E33,4A10,神姫バス,三宮有馬線 6系統,箕谷
E33,4A11,神姫バス,,小橋
E33,4A2E,神姫バス,,東遊園地前
E33,4A32,神姫バス,,神戸空港
E33,4A3D,神姫バス,,ポーアイキャンパス東
E33,4A3E,神姫バス,,ポーアイキャンパス(KPC)
E33,4A6B,神姫バス,,ハーバーランド (モザイク前)
E33,4A74,神姫バス,,神戸商工会議所 (コンベンションセンター)
E33,4A77,神姫バス,,IKEA神戸(イケア)
E33,4A78,神姫バス,,港湾短大前
E33,4A79,神姫バス,,中央市民病院
E33,4A7F,神姫バス,,医療センター駅前
E33,4A83,神姫バス,,計算科学センター前
E33,4A85,神姫バス,,港島南町7丁目
E33,4A8C,神姫バス,,物流センター(ポートアイランド)
E33,4A8F,神姫バス,,税関検査センター
E33,4A94,神姫バス,,港島9丁目
E33,4A95,神姫バス,,コンテナターミナル
E33,4A96,神姫バス,,アリーナ前
E33,4A97,神姫バス,,パークシティ前
E33,4A98,神姫バス,,新港町
E33,4A99,神姫バス,,ポートビレッジ西
E33,4A9A,神姫バス,,ジーライオンアリーナ神戸
E33,4A9C,神姫バス,,京町筋
E33,4A9F,神姫バス,,ふれあいセンター(中央区)
E33,4AA1,神姫バス,,港島南町3丁目
E33,4AA3,神姫バス,,イトーピア東
E33,4AA9,神姫バス,,KIITO前
E33,4AAB,神姫バス,,ポートタワー前
E33,4AC8,神姫バス,,かもめりあ
E33,4AC9,神姫バス,,ハーバーランド (モザイク前)
E33,4ACD,神姫バス,,三宮センター街東口
E33,4AD1,神姫バス,,神戸布引ハーブ園/ロープウェイ
E33,4AD2,神姫バス,,市役所前〈神戸市〉(CITYLOOP・山手)
E33,4AD4,神姫バス,,メリケンパーク
E33,4AFA,神姫バス,,三宮南
E33,4B02,神姫バス,,磯上公園前
E33,4B04,神姫バス,,三宮町1丁目
E33,5104,神姫バス,,長尾出張所前
E33,5106,神姫バス,,大江橋
E33,5108,神姫バス,,上津
E33,510A,神姫バス,,岩谷口
E33,510C,神姫バス,,赤松台口
E33,510E,神姫バス,,市原(神戸市)
E33,5110,神姫バス,,城山(神戸市)
E33,5112,神姫バス,,日西原
E33,5114,神姫バス,,簾
E33,5116,神姫バス,,市野瀬
E33,5118,神姫バス,,毘沙門
E33,511A,神姫バス,,金会
E33,511C,神姫バス,,二瀬川
E33,511E,神姫バス,,稲田
E33,5120,神姫バス,,吉川図書館前
E33,5122,神姫バス,,吉安
E33,5124,神姫バス,,吉川中学校前
E33,5126,神姫バス,,吉川IC前
E33,512E,神姫バス,,中大沢
E33,5151,神姫バス,,ふれあい橋
E33,5153,神姫バス,,みなぎ台1丁目 (美奈木台1丁目)
E33,5155,神姫バス,,みなぎ台 (美奈木台)
E33,5157,神姫バス,,みなぎ台2丁目 (美奈木台2丁目)
E33,515B,神姫バス,,鍛治屋東
E33,515D,神姫バス,,鍛治屋西
E33,516D,神姫バス,,淡河本町北
E33,516E,神姫バス,,淡河本町南
E33,5204,神姫バス,,宅原口
E33,5206,神姫バス,,新道場
E33,5208,神姫バス,,日下部
E33,520A,神姫バス,,道場南口駅
E33,520C,神姫バス,,不老元
E33,520D,神姫バス,,グリーンガーデンモール前
E33,520E,神姫バス,,中村橋
E33,520F,神姫バス,,天神3丁目
E33,5211,神姫バス,,有馬高校西
E33,5212,神姫バス,,下小名田
E33,5216,神姫バス,,吉尾
E33,5218,神姫バス,,八多連絡所
E33,521A,神姫バス,,八多学校前 (八多小中)
E33,521B,神姫バス,,ふれあいセンター(八多町)
E33,521C,神姫バス,,上八多駐在所前
E33,521E,神姫バス,,深谷
E33,5220,神姫バス,,屏風辻
E33,5222,神姫バス,,西畑口
E33,5224,神姫バス,,弓の木
E33,5226,神姫バス,,粟島前
E33,5228,神姫バス,,野瀬(神戸市北区)
E33,522A,神姫バス,,神戸北農協前
E33,522C,神姫バス,,中山(神戸市北区)
E33,522E,神姫バス,,上野丘学園前
E33,5230,神姫バス,,東畑
E33,5232,神姫バス,,淡河中学校前
E33,5234,神姫バス,,行原
E33,5236,神姫バス,,淡河連絡所
E33,5238,神姫バス,,萩原
E33,523A,神姫バス,,学校下(淡河小)
E33,523C,神姫バス,,淡河本町
E33,523E,神姫バス,,淡河
E33,5240,神姫バス,,下河原
E33,525B,神姫バス,,下二郎
E33,5267,神姫バス,,岡場(神戸三田線)
E33,5269,神姫バス,,有野交番所前
E33,526B,神姫バス,,有間神社
E33,526D,神姫バス,,五社
E33,5277,神姫バス,三宮有馬線 6系統,有馬温泉 (太閤橋)
E33,527A,神姫バス,三宮有馬線 6系統,有馬西口
E33,527C,神姫バス,三宮有馬線 6系統,水無
E33,5284,神姫バス,,大池駅
E33,5285,神姫バス,,花山駅
E33,5286,神姫バス,,上谷上
E33,528A,神姫バス,,下谷上
E33,528C,神姫バス,,松が枝町
E33,528E,神姫バス,,やきもち地蔵
E33,5290,神姫バス,,峠(小部)
E33,5292,神姫バス,,二軒茶屋
E33,5294,神姫バス,,水源地(北区)
E33,5296,神姫バス,,水呑
E33,5298,神姫バス,,金清橋
E33,529A,神姫バス,,高座
E33,529C,神姫バス,,草谷
E33,529E,神姫バス,,平野橋(兵庫区)
E33,52A0,神姫バス,,桃山
E33,52A2,神姫バス,,天王谷
E33,5302,神姫バス,,藤原台北町2丁目
E33,5304,神姫バス,,藤原台北町4丁目
E33,5307,神姫バス,,足谷公園前
E33,5308,神姫バス,,京地1丁目
E33,530A,神姫バス,,京地公園前
E33,530C,神姫バス,,西山小学校前
E33,5314,神姫バス,,京地2丁目
E33,5319,神姫バス,,鹿の子台南町2丁目
E33,531B,神姫バス,,鹿の子台南町3丁目北
E33,531D,神姫バス,,鹿の子台南町4丁目北
E33,531E,神姫バス,,鹿の子台南町県住前
E33,535F,神姫バス,,鹿の子台郵便局前
E33,5361,神姫バス,,鹿の子台物流センター前
E33,5367,神姫バス,,鹿の子台北町6丁目
E33,5369,神姫バス,,鹿の子台西口
E33,536F,神姫バス,,鹿の子台南町5丁目南
E33,5371,神姫バス,,扇谷公園前
E33,5372,神姫バス,,鹿の子台南町4丁目
E33,5373,神姫バス,,鹿の子台南住宅前
E33,5374,神姫バス,,鹿の子台南町2丁目北
E33,5375,神姫バス,,鹿の子台南町6丁目
E33,537B,神姫バス,,上津台1丁目西
E33,537D,神姫バス,,上津台3丁目南
E33,537F,神姫バス,,上津台3丁目北
E33,5381,神姫バス,,上津台北
E33,5382,神姫バス,,上津台6丁目
E33,5384,神姫バス,,上津公園前
E33,5397,神姫バス,,吉尾インター
E33,5399,神姫バス,,フルーツパーク
E33,540C,神姫バス,,さんだ市民センター前
E33,540E,神姫バス,,赤坂(三田市)
E33,5410,神姫バス,,畑中(三田市)
E33,5413,神姫バス,,三田幼稚園前
E33,541B,神姫バス,,総合文化センター(三田市)
E33,541C,神姫バス,,福祉保健センター
E33,5420,神姫バス,,貴志
E33,5424,神姫バス,,山谷口
E33,542C,神姫バス,,上井沢
E33,5430,神姫バス,,溝口(三田市)
E33,5465,神姫バス,,松山堤
E33,547B,神姫バス,,馬渡
E33,54A2,神姫バス,,テクノ公園
E33,54A4,神姫バス,,テクノパーク
E33,54A6,神姫バス,,三田西インター/大成機工三田工場前
E33,54A8,神姫バス,,テクノ南
E33,54A9,神姫バス,,テクノ西
E33,54AA,神姫バス,,テクノ北
E33,54AB,神姫バス,,テクノ中央(三田市)
E33,550C,神姫バス,1/3/53/55/71系統,北摂三田高校前
E33,550E,神姫バス,1/3/71系統,狭間が丘2丁目
E33,5510,神姫バス,1/3/71系統,給食センター前
E33,5512,神姫バス,1/3/71系統,狭間が丘3丁目
E33,5513,神姫バス,,弥生が丘変電所前おりば
E33,5514,神姫バス,,狭間が丘県住前
E33,5515,神姫バス,,キキョウ橋おりば
E33,5517,神姫バス,,武庫が丘2丁目
E33,5518,神姫バス,,時の広場前おりば
E33,551A,神姫バス,,三田谷公園北口
E33,551C,神姫バス,,武庫が丘6丁目
E33,5521,神姫バス,,ナノハナ橋おりば
E33,5522,神姫バス,1/3系統,武庫が丘8丁目
E33,5524,神姫バス,1/3系統,富士が丘5丁目
E33,5526,神姫バス,1/2/3系統,富士が丘6丁目
E33,5529,神姫バス,,富士が丘4丁目
E33,552B,神姫バス,,富士が丘3丁目
E33,5530,神姫バス,,弥生が丘2丁目
E33,5531,神姫バス,,弥生が丘コミセン前おりば
E33,5532,神姫バス,,弥生小学校前
E33,5533,神姫バス,2/3-2系統,シオン橋おりば
E33,5534,神姫バス,,弥生が丘5丁目
E33,556A,神姫バス,,中央公園前(三田市)
E33,556C,神姫バス,,すずかけ台小学校前
E33,556E,神姫バス,,北摂中央幼稚園前
E33,5570,神姫バス,,すずかけ台ハイツ前
E33,5572,神姫バス,,あかしあ台1丁目
E33,5573,神姫バス,41系統,あかしあ台1番おりば
E33,5574,神姫バス,,はじかみ池公園前
E33,5576,神姫バス,,コミュニティホール前
E33,5579,神姫バス,,すずかけ台2丁目
E33,557B,神姫バス,,えるむプラザ前
E33,557D,神姫バス,,南ウッディタウン駅
E33,557F,神姫バス,,はじかみ池公園口
E33,5581,神姫バス,,あかしあ台5丁目
E33,5583,神姫バス,,あかしあ台4丁目
E33,5585,神姫バス,,あかしあ台公園前
E33,5588,神姫バス,,あかしあ台3丁目
E33,5589,神姫バス,,あかしあ台小学校前
E33,558A,神姫バス,41/53/55系統,あかしあ台3番おりば
E33,558B,神姫バス,,あかしあ台2丁目北
E33,5596,神姫バス,,中央公園北口
E33,5597,神姫バス,,けやき台1番おりば
E33,5598,神姫バス,,けやき台3丁目
E33,55A5,神姫バス,,ゆりのき台中学校前 (バス方転場)
E33,55A6,神姫バス,,ゆりのき台中学校前 (道路沿い)
E33,55A8,神姫バス,,ゆりのき台2丁目
E33,55AB,神姫バス,,三田西陵高校前
E33,55AD,神姫バス,,ゆりのき台3丁目
E33,55AF,神姫バス,,ゆりのき台4丁目
E33,55BE,神姫バス,,ゆりのき台3丁目北
E33,55C0,神姫バス,,学園3丁目
E33,55C4,神姫バス,,関西学院大学
E33,55C8,神姫バス,,地区センター前
E33,55C9,神姫バス,,カルチャータウンおりば
E33,55CA,神姫バス,,学園小学校前
E33,55CC,神姫バス,,カルチャータウン・学園7丁目
E33,55D2,神姫バス,,けやき台5丁目北
E33,55D4,神姫バス,,けやき台6丁目
E33,55D6,神姫バス,,平谷大橋
E33,55D8,神姫バス,,ゆりのき台郵便局前
E33,55DA,神姫バス,,ゆりのき台公園前
E33,55DC,神姫バス,,けやき台5丁目
E33,5600,神姫バス,,三田駅(北口)
E33,5604,神姫バス,,三輪北
E33,5605,神姫バス,,杉ヶ丘
E33,5607,神姫バス,,城山公園
E33,5609,神姫バス,20/21/22/23/24/25系統,中央病院南口
E33,560A,神姫バス,,中央病院前
E33,560D,神姫バス,,虫尾
E33,560F,神姫バス,,上野台中学
E33,5611,神姫バス,,成谷口
E33,5613,神姫バス,,志手原
E33,5617,神姫バス,,三仏山
E33,5619,神姫バス,,尼寺
E33,561B,神姫バス,,尼寺北口
E33,561D,神姫バス,,花山院
E33,5620,神姫バス,,奥谷口
E33,5622,神姫バス,,小野(三田市)
E33,5624,神姫バス,,平田(三田市)
E33,5626,神姫バス,,桜ヶ丘台
E33,5628,神姫バス,,乙原口
E33,562A,神姫バス,,乙原
E33,562C,神姫バス,,乙原公民館前
E33,562E,神姫バス,,赤坂口
E33,562F,神姫バス,,青谷口
E33,5630,神姫バス,,セカンドグリーンタウン
E33,5632,神姫バス,,乙原バレイ
E33,5634,神姫バス,,南指切下
E33,5636,神姫バス,,南指切上
E33,5638,神姫バス,,錦水前
E33,563A,神姫バス,,永沢寺口
E33,563C,神姫バス,,永沢寺
E33,563F,神姫バス,,浦山
E33,5644,神姫バス,,母子
E33,564A,神姫バス,,切詰
E33,5652,神姫バス,,木器
E33,5654,神姫バス,,下槻瀬
E33,5656,神姫バス,,上槻瀬
E33,5658,神姫バス,,上槻瀬公民館前
E33,565A,神姫バス,,高平小学校前
E33,565C,神姫バス,,鈴鹿
E33,565E,神姫バス,,花折橋
E33,5660,神姫バス,,酒井
E33,5661,神姫バス,,酒井東
E33,5663,神姫バス,,十倉
E33,5666,神姫バス,,高平ふるさと交流センター
E33,5670,神姫バス,,小柿
E33,5696,神姫バス,,波豆川口
E33,56A2,神姫バス,,茶屋の木
E33,56A4,神姫バス,,香下西口
E33,56A6,神姫バス,,丸山(三田市)
E33,56A8,神姫バス,,香下
E33,56AA,神姫バス,,香下峠
E33,56BE,神姫バス,25系統,西谷支所前
E33,56C3,神姫バス,,大阪梅田(ハービス大阪)
E33,5902,神姫バス,,三輪
E33,590E,神姫バス,,大池口
E33,5910,神姫バス,,福島
E33,5916,ウイング神姫,,春日神社前
E33,5919,神姫バス,,広野口
E33,5926,神姫バス,,四ッ辻(三田市)
E33,5932,神姫バス,,藍本駅
E33,595C,神姫バス,,広野
E33,597A,神姫バス,,勝谷
E33,59AF,神姫バス,,新三田駅東口
E33,59D1,神姫バス,新大阪三田線,大阪伊丹空港
E33,59D5,神姫バス,,関西学院千刈キャンプ前
E33,60FC,神姫バス,,関西記念墓園
E33,6808,ウイング神姫,,赤穂城前
E33,6809,ウイング神姫,,花岳寺通
E33,680B,ウイング神姫,,イオン赤穂店
E33,6817,ウイング神姫,,三石駅
E33,6824,ウイング神姫,,古池
E33,685C,ウイング神姫,,備前福河駅口
E33,6B6A,ウイング神姫,,いちのぴあ
E33,6E01,神姫バス,,山陽高砂駅
E33,6E02,神姫バス,,浜田町
E33,6E03,神姫バス,,山陽荒井駅
E33,6E04,神姫バス,,高砂市民病院
E33,6E05,神姫バス,,高砂警察署
E33,6E07,神姫バス,,若宮町
E33,6E08,神姫バス,,中島
E33,6E09,神姫バス,,緑丘 (イオン高砂)
E33,6E0A,神姫バス,,塩市橋 (マックスバリュ中島店)
E33,6E0B,神姫バス,,塩市郵便局
E33,6E0C,神姫バス,,米田南 (ブックオフ高砂米田店)
E33,6E0D,神姫バス,,米田西
E33,6E0E,神姫バス,,JR宝殿駅
E33,6E10,神姫バス,,島 (マックスバリュ宝殿店)
E33,6E11,神姫バス,,島公会堂
E33,6E12,神姫バス,,総合運動公園
E33,6E13,神姫バス,,ふれあいの郷生石
E33,6E20,神姫バス,,高砂市役所
E33,6E2C,神姫バス,,中筋1丁目 (高砂西部病院)
E33,6E2D,神姫バス,,JR曽根駅
E33,6E32,神姫バス,,中筋
E33,6E41,神姫バス,,牛谷団地
E33,6E42,神姫バス,,播磨大塩病院
E33,6E43,神姫バス,,北浜こども園
E33,6E44,神姫バス,,北脇北
E33,6E45,神姫バス,,北脇南
E33,6E46,神姫バス,,西浜北
E33,6E47,神姫バス,,西浜南 (マルアイ大塩店)
E33,6E48,神姫バス,,山陽大塩駅
E33,6E49,神姫バス,,山陽伊保駅
E33,6E4A,神姫バス,,高砂市立図書館
E33,7003,神姫バス,,商工会議所前
E33,7005,神姫バス,,平野西
E33,7007,神姫バス,,市役所前
E33,7009,神姫バス,,北在家東口
E33,7035,神姫バス,,鶴林寺
E33,7037,神姫バス,,十王堂
E33,7039,神姫バス,,長田公園前
E33,703B,神姫バス,,Mプラザ前
E33,703D,神姫バス,,浜の宮駅北
E33,7041,神姫バス,,浜の宮天神社北
E33,7043,神姫バス,,新野辺北町3丁目西
E33,7045,神姫バス,,新野辺北町3丁目東
E33,7047,神姫バス,,新野辺北町2丁目
E33,7049,神姫バス,,加古のうみこども園前
E33,704D,神姫バス,,別府駅南
E33,705B,神姫バス,,別府駅西
E33,705D,神姫バス,,新野辺第9
E33,705F,神姫バス,,別府中学校前
E33,7061,神姫バス,,新野辺北町5丁目東
E33,7063,神姫バス,,新野辺北町5丁目西
E33,7065,神姫バス,,生駒橋
E33,7071,神姫バス,,中野
E33,708B,神姫バス,,友沢南
E33,7096,神姫バス,,尾上の松駅
E33,7097,神姫バス,,今福南
E33,7098,神姫バス,,東深田公園
E33,7099,神姫バス,,尾上市民センター前
E33,709A,神姫バス,,池田西
E33,709B,神姫バス,,池田南
E33,709C,神姫バス,,池田公園前
E33,70A2,神姫バス,,水道局前
E33,70AA,神姫バス,,北備後
E33,70B0,神姫バス,,大崎
E33,70C0,神姫バス,,別府西小学校前
E33,7205,神姫バス,,高速北条BS前
E33,7207,神姫バス,,JA北条富田支店前
E33,720B,神姫バス,,アスティアかさい (北条町駅)
E33,720C,神姫バス,,横尾南
E33,720D,神姫バス,,イオンモール加西北条
E33,7214,神姫バス,,加西市役所前
E33,7216,神姫バス,,古坂3丁目
E33,7218,神姫バス,,加西病院
E33,721A,神姫バス,,健康福祉会館
E33,7284,神姫バス,,加西ハイツ中央
E33,753C,神姫バス,,北播磨総合医療センター
E33,7546,神姫ゾーンバス,,北播磨総合医療センター
E33,75FB,神姫バス,,口吉川町公民館
E33,7615,神姫ゾーンバス,,大開町(三木市)
E33,7C01,ウイング神姫,おりひめバス(畑谷線),札場
E33,7C02,ウイング神姫,おりひめバス(畑谷線),寺下
E33,7C03,ウイング神姫,おりひめバス(畑谷線),ドウモト
E33,7C04,ウイング神姫,おりひめバス(畑谷線),ツクエガイチ
E33,7C05,ウイング神姫,おりひめバス(畑谷線),キリツメ
E33,7C06,ウイング神姫,おりひめバス(畑谷線),五輪前
E33,7C07,ウイング神姫,おりひめバス(畑谷線),アイノハラ
E33,7C08,ウイング神姫,おりひめバス(畑谷線),双葉小学校前
E33,7C09,ウイング神姫,おりひめバス(畑谷線),西光寺
E33,7C0A,ウイング神姫,おりひめバス(畑谷線),宮ノ前
E33,7C0B,ウイング神姫,おりひめバス(畑谷線),中畑町公民館
E33,7C0C,ウイング神姫,おりひめバス(畑谷線),中畑
E33,7C0D,ウイング神姫,おりひめバス(畑谷線),足丸
E33,7C0E,ウイング神姫,おりひめバス(畑谷線),原ノ橋
E33,7C0F,ウイング神姫,おりひめバス(畑谷線),岩花
E33,7C10,ウイング神姫,おりひめバス(畑谷線),上比延
E33,7C11,ウイング神姫,おりひめバス(畑谷線),上比延町公民館
E33,7C12,ウイング神姫,おりひめバス(畑谷線),日本へそ公園東
E33,7C13,ウイング神姫,おりひめバス(畑谷線),岡ノ山
E33,7C14,ウイング神姫,おりひめバス(畑谷線),比延町公民館
E33,7C15,ウイング神姫,おりひめバス(畑谷線),比延町消防庫
E33,7C16,ウイング神姫,おりひめバス(畑谷線),西脇東中学校前
E33,7C17,ウイング神姫,おりひめバス(畑谷線),こみせん比也野
E33,7C18,ウイング神姫,おりひめバス(畑谷線),鹿野
E33,7C19,ウイング神姫,おりひめバス(畑谷線),鹿野西
E33,7C27,ウイング神姫,おりひめバス(畑谷線)/しばざくら号(西脇線),西脇市駅
E33,7C44,ウイング神姫,おりひめバス(畑谷線)/しばざくら号(西脇線),西脇 (アピカ)
E33,7C50,ウイング神姫,しばざくら号(西脇線),西脇市役所
E33,7D5E,ウイング神姫,のぎくバス 直行バス1,中町郵便局
E33,8414,ウイング神姫,,西本荘
E33,8427,ウイング神姫,,草野駅
E33,8464,ウイング神姫,,篠山口駅西口
E33,A500,ウイング神姫,,しんぐう総合センター
E33,A502,ウイング神姫,,播磨新宮駅
E33,A5E7,ウイング神姫,,県立大工学部
E33,A5F0,ウイング神姫,,山電網干
E33,A5F1,ウイング神姫,,JR網干駅
E33,A5F2,ウイング神姫,,新舞子
E33,A5F3,ウイング神姫,,綾部山梅林
E33,A600,ウイング神姫,,相生駅
E33,A601,ウイング神姫,,相生市民病院前
E33,A602,ウイング神姫,,竜泉車庫前
E33,A604,ウイング神姫,,竜泉
E33,A606,ウイング神姫,,城谷住宅前
E33,A608,ウイング神姫,,東後明
E33,A60A,ウイング神姫,,西後明
E33,A60C,ウイング神姫,,下頃
E33,A60E,ウイング神姫,,真広
E33,A610,ウイング神姫,,二ツ木
E33,A611,ウイング神姫,,矢野小学校前
E33,A613,ウイング神姫,,瓜生東
E33,A615,ウイング神姫,,森公民館前
E33,A617,ウイング神姫,,能下
E33,A618,ウイング神姫,,三濃山トンネル北
E33,A619,ウイング神姫,,テクノ大橋北
E33,A61A,ウイング神姫,,県立大附属高校前
E33,A61D,ウイング神姫,,光都サッカー場
E33,A61F,ウイング神姫,,県立大理学部前
E33,A621,ウイング神姫,,テクノ中央(上郡町)
E33,A624,ウイング神姫,,芝生広場・播磨科学公園都市
E33,A625,ウイング神姫,,西播磨総合庁舎東
E33,A626,ウイング神姫,,西播磨総合庁舎西
E33,A628,ウイング神姫,,光都バスセンター
E33,A629,ウイング神姫,,研究開発団地
E33,A62A,ウイング神姫,,播磨高原東中学校前
E33,A62B,ウイング神姫,,粒子線医療センター
E33,A62D,ウイング神姫,,SPring-8正門前
E33,A62E,ウイング神姫,,SPring8・北管理棟
E33,A62F,ウイング神姫,,中央管理棟
E33,A631,ウイング神姫,,SPring-8
E33,A638,ウイング神姫,,西播磨総合リハビリセンター
E33,A647,ウイング神姫,,鶴亀
E33,A648,ウイング神姫,,株分
E33,A64B,ウイング神姫,,上松(相生市)
E33,A64D,ウイング神姫,,宮ノ尾
E33,A64F,ウイング神姫,,若狭野農協前
E33,A651,ウイング神姫,,八洞
E33,A653,ウイング神姫,,寺田
E33,A655,ウイング神姫,,下田
E33,A65A,ウイング神姫,,瓜生
E33,A65C,ウイング神姫,,瓜生北
E33,A65E,ウイング神姫,,森(相生市)
E33,A660,ウイング神姫,,中野(相生市)
E33,A662,ウイング神姫,,榊(相生市)
E33,A664,ウイング神姫,,下土井
E33,A666,ウイング神姫,,中郷
E33,A668,ウイング神姫,,上土井
E33,A66A,ウイング神姫,,小河
E33,A66B,ウイング神姫,,観音
E33,A66E,ウイング神姫,,相生税務署前
E33,A66F,ウイング神姫,,旭橋
E33,A670,ウイング神姫,,中央通り
E33,A671,ウイング神姫,,播磨病院前
E33,A672,ウイング神姫,,相生市役所前
E33,A673,ウイング神姫,,松の浦
E33,A674,ウイング神姫,,ポート公園前
E33,A675,ウイング神姫,,新町(相生市)
E33,A676,ウイング神姫,,相生港 (なぎさホール前)
E33,A678,ウイング神姫,,野瀬西口
E33,A67A,ウイング神姫,,野瀬(相生市)
E33,A67C,ウイング神姫,,東部工業団地前
E33,A67E,ウイング神姫,,葛ヶ浜
E33,A680,ウイング神姫,,鰯浜
E33,A68F,ウイング神姫,,白龍城
E33,A691,ウイング神姫,,工和橋
E33,A693,ウイング神姫,,佐方
E33,A695,ウイング神姫,,佐方一丁目
E33,A696,ウイング神姫,,佐方山崎
E33,A697,ウイング神姫,,栗尾整形前
E33,A698,ウイング神姫,,青葉台小学校
E33,A699,ウイング神姫,,青葉台
E33,A69A,ウイング神姫,,運動広場前
E33,A69C,ウイング神姫,,緑ヶ丘南
E33,A69D,ウイング神姫,,緑ヶ丘四丁目
E33,A69E,ウイング神姫,,緑ヶ丘二丁目
E33,A69F,ウイング神姫,,緑ヶ丘北
E33,A6A0,ウイング神姫,,角亀
E33,A6A1,ウイング神姫,,伊加立
E33,A6A2,ウイング神姫,,栗町
E33,A6A3,ウイング神姫,,千本
E33,A6A4,ウイング神姫,,福栖
E33,A6A5,ウイング神姫,,東栗栖小学校
E33,A6A6,ウイング神姫,,平野(新宮町)
E33,A6A7,ウイング神姫,,ふれあいしんぐう
E33,A6A9,ウイング神姫,,新宮駅
E33,A6AA,ウイング神姫,,金出地
E33,A6AC,ウイング神姫,,戸谷宮前
E33,A6AD,ウイング神姫,,野尻(上郡町)
E33,A6AE,ウイング神姫,,稗田
E33,A6AF,ウイング神姫,,鞍居
E33,A6B0,ウイング神姫,,中村口
E33,A6B1,ウイング神姫,,野桑
E33,A6B3,ウイング神姫,,鞍居診療所前
E33,A6B4,ウイング神姫,,鯉ヶ谷
E33,A6B5,ウイング神姫,,小山東口
E33,A6B6,ウイング神姫,,小山
E33,A6B7,ウイング神姫,,尾長谷
E33,A6B8,ウイング神姫,,中央公民館前(上郡町)
E33,A6BB,ウイング神姫,,出雲大社前
E33,A6BD,ウイング神姫,,上郡橋
E33,A6BE,ウイング神姫,,栄町(上郡町)
E33,A6C3,ウイング神姫,,大石町
E33,A6C5,ウイング神姫,,ふこさ公園前
E33,A6C6,ウイング神姫,,高田台1丁目
E33,A6C7,ウイング神姫,,赤坂(相生市)
E33,A6C8,ウイング神姫,,那波野郵便局前
E33,A6C9,ウイング神姫,,平芝
E33,A6CB,ウイング神姫,,古池
E33,A6CC,ウイング神姫,,古池口
E33,A6CE,ウイング神姫,,双葉中学校前
E33,A6D2,ウイング神姫,,龍野
E33,A6D3,ウイング神姫,,龍野橋
E33,A6D4,ウイング神姫,,龍野橋東詰
E33,A6D5,ウイング神姫,,本竜野駅
E33,A6D6,ウイング神姫,,四箇
E33,A6DA,ウイング神姫,,日山
E33,A6EA,ウイング神姫,,池ノ内北
E33,A6EB,ウイング神姫,,汐見台
E33,A6EC,ウイング神姫,,山手2丁目(相生市)
E33,A6ED,ウイング神姫,,高校前(相生)
E33,A700,ウイング神姫,,山崎(宍粟市)
E33,A702,ウイング神姫,,山田(山崎町)
E33,A703,ウイング神姫,,今宿(山崎町)
E33,A706,ウイング神姫,,庄能
E33,A708,ウイング神姫,,津能橋
E33,A70A,ウイング神姫,,中三津
E33,A70C,ウイング神姫,,三津
E33,A70F,ウイング神姫,,西五十波
E33,A711,ウイング神姫,,中東
E33,A713,ウイング神姫,,五十波
E33,A715,ウイング神姫,,田井南
E33,A717,ウイング神姫,,神野小学校前
E33,A71A,ウイング神姫,,田井公民館前
E33,A71B,ウイング神姫,,田井(山崎町)
E33,A71C,ウイング神姫,,杉ヶ瀬
E33,A71E,ウイング神姫,,木ノ谷
E33,A721,ウイング神姫,,清野口
E33,A723,ウイング神姫,,島田
E33,A725,ウイング神姫,,安黒
E33,A727,ウイング神姫,,伊和
E33,A728,ウイング神姫,,神福寺前
E33,A72A,ウイング神姫,,一の宮伊和神社前
E33,A72C,ウイング神姫,,東市場
E33,A72E,ウイング神姫,,はりま一宮小学校前
E33,A730,ウイング神姫,,三軒屋
E33,A731,ウイング神姫,,閏賀口
E33,A733,ウイング神姫,,一宮市民協働センター前
E33,A735,ウイング神姫,,曲里
E33,A73E,ウイング神姫,,伊和高校前
E33,A741,ウイング神姫,,三林
E33,A743,ウイング神姫,,杉田
E33,A745,ウイング神姫,,日見谷
E33,A747,ウイング神姫,,荒神森
E33,A74A,ウイング神姫,,谷橋
E33,A74C,ウイング神姫,,下小野
E33,A74F,ウイング神姫,,中小野
E33,A751,ウイング神姫,,上小野
E33,A753,ウイング神姫,,今市橋
E33,A756,ウイング神姫,,安賀南
E33,A758,ウイング神姫,,安賀
E33,A75A,ウイング神姫,,斉木口(波賀町)
E33,A75B,ウイング神姫,,斉木口(斉木経由線)
E33,A75C,ウイング神姫,,上野(波賀町)
E33,A75E,ウイング神姫,,上野北口
E33,A760,ウイング神姫,,飯見橋
E33,A762,ウイング神姫,,皆木
E33,A765,ウイング神姫,,下野尻
E33,A767,ウイング神姫,,野尻(波賀町)
E33,A76A,ウイング神姫,,原有賀
E33,A76C,ウイング神姫,,原(波賀町)
E33,A775,ウイング神姫,山崎‐三ノ宮線,北条
E33,A78C,ウイング神姫,,メイプル福祉センター
E33,A78E,ウイング神姫,,有賀野
E33,A78F,ウイング神姫,,寺脇
E33,A790,ウイング神姫,,安養寺
E33,A791,ウイング神姫,,中村(宍粟市)
E33,A792,ウイング神姫,,高橋(宍粟市)
E33,A793,ウイング神姫,,流田
E33,A794,ウイング神姫,,斉木
E33,A7A2,ウイング神姫,,嵯峨山
E33,A7A5,ウイング神姫,,楽里
E33,A7A8,ウイング神姫,,下生栖
E33,A7AA,ウイング神姫,,上生栖
E33,A7AC,ウイング神姫,,梶原
E33,A7AE,ウイング神姫,,福知
E33,A7B0,ウイング神姫,,宮の元
E33,A7B2,ウイング神姫,,福中
E33,A7B4,ウイング神姫,,福野
E33,A7B6,ウイング神姫,,福野北
E33,A7B8,ウイング神姫,,前川(宍粟市)
E33,A7BA,ウイング神姫,,三方
E33,A7BC,ウイング神姫,,三方北
E33,A7BD,ウイング神姫,,まほろばの湯
E33,A7BE,ウイング神姫,,家原遺跡公園
E33,A7BF,ウイング神姫,,井ノ田
E33,A7C1,ウイング神姫,,上井ノ田
E33,A7C2,ウイング神姫,,常楽寺
E33,A7C4,ウイング神姫,,百千家満
E33,A7C6,ウイング神姫,,発電所前(宍粟市)
E33,A7C8,ウイング神姫,,上岸田口
E33,A7C9,ウイング神姫,,上岸田
E33,A7CA,ウイング神姫,,三谷橋
E33,A7CB,ウイング神姫,,三谷橋南
E33,A7CC,ウイング神姫,,横山(宍粟市)
E33,A7CE,ウイング神姫,,大坪
E33,A7CF,ウイング神姫,,浜廻
E33,A7D0,ウイング神姫,,南田
E33,A7D1,ウイング神姫,,倉床
E33,A7D2,ウイング神姫,,小原(宍粟市)
E33,A7DE,ウイング神姫,,芝生広場
E33,A7E1,ウイング神姫,,西播磨総合リハビリセンター
E33,A7EF,ウイング神姫,,段町
E33,A7F3,ウイング神姫,,上郡駅
E33,A7FA,ウイング神姫,,山野里交差点
E33,A7FB,ウイング神姫,,山野里小学校南
E33,A7FC,ウイング神姫,,安室ケ丘住宅前
E33,A7FD,ウイング神姫,,湯ノ脇橋
E33,A7FE,ウイング神姫,,船坂第二自治会公民館
E33,A7FF,ウイング神姫,,西方寺橋
E33,A803,ウイング神姫,,鹿沢
E33,A805,ウイング神姫,,公立宍粟総合病院口
E33,A80B,ウイング神姫,,八幡下
E33,A80F,ウイング神姫,,加生山崎高校前
E33,A811,ウイング神姫,,木谷橋
E33,A813,ウイング神姫,,市場公民館前
E33,A815,ウイング神姫,,米山口
E33,A817,ウイング神姫,,広岡橋
E33,A819,ウイング神姫,,高下公民館前
E33,A81B,ウイング神姫,,菅野郵便局前
E33,A81C,ウイング神姫,,山崎西小学校前
E33,A81D,ウイング神姫,,青木
E33,A81E,ウイング神姫,,折橋
E33,A820,ウイング神姫,,鍛治屋橋
E33,A821,ウイング神姫,,比地町東
E33,A823,ウイング神姫,,比地町
E33,A826,ウイング神姫,,矢の口
E33,A827,ウイング神姫,,葛根
E33,A828,ウイング神姫,,葛根西口
E33,A82A,ウイング神姫,,土万
E33,A82C,ウイング神姫,,八重谷口
E33,A831,ウイング神姫,,下三河
E33,A833,ウイング神姫,,中三河
E33,A835,ウイング神姫,,三河
E33,A837,ウイング神姫,,上三河
E33,A839,ウイング神姫,,河崎
E33,A83B,ウイング神姫,,城戸橋
E33,A83C,ウイング神姫,,久保田
E33,A83E,ウイング神姫,,横坂
E33,A840,ウイング神姫,,善吉口
E33,A842,ウイング神姫,,船越
E33,A844,ウイング神姫,,芦谷口
E33,A846,ウイング神姫,,名目津輪
E33,A848,ウイング神姫,,阿踏橋
E33,A84A,ウイング神姫,,下下河野
E33,A84C,ウイング神姫,,下河野
E33,A84E,ウイング神姫,,猶原
E33,A850,ウイング神姫,,上下河野
E33,A852,ウイング神姫,,大橋
E33,A854,ウイング神姫,,七野
E33,A856,ウイング神姫,,室橋
E33,A858,ウイング神姫,,エーガイヤちくさ
E33,A85A,ウイング神姫,,中島下
E33,A85B,ウイング神姫,,黒土公民館前
E33,A85C,ウイング神姫,,中島上
E33,A85D,ウイング神姫,,千種市民局前
E33,A85E,ウイング神姫,,上町
E33,A85F,ウイング神姫,,喜多川橋
E33,A860,ウイング神姫,,千種
E33,A862,ウイング神姫,,千種高校前
E33,A864,ウイング神姫,,大森前
E33,A866,ウイング神姫,,河呂
E33,A869,ウイング神姫,,松ノ木
E33,A86C,ウイング神姫,,東河内口
E33,A86E,ウイング神姫,,中ノ宮神社前
E33,A870,ウイング神姫,,東河内
E33,A878,ウイング神姫,,高保木
E33,A87A,ウイング神姫,,西河内口
E33,A87B,ウイング神姫,,中野(宍粟市)
E33,A87D,ウイング神姫,,田中橋
E33,A87E,ウイング神姫,,西河内
E33,A882,ウイング神姫,,西芝
E33,A884,ウイング神姫,,日蝕
E33,A885,ウイング神姫,,川原町
E33,A88D,ウイング神姫,,千種高校東門前
E33,A88E,ウイング神姫,,千種中学校前
E33,A88F,ウイング神姫,,二宮神社前
E33,A890,ウイング神姫,,柳谷
E33,A891,ウイング神姫,,小河(宍粟市)
E33,A892,ウイング神姫,,森脇
E33,A893,ウイング神姫,,福海寺口
E33,A894,ウイング神姫,,荒尾
E33,A895,ウイング神姫,,内海口
E33,A900,ウイング神姫,,北中井
E33,A901,ウイング神姫,,中井
E33,A903,ウイング神姫,,山崎医療モール
E33,A905,ウイング神姫,,千本屋
E33,A907,ウイング神姫,,城下
E33,A909,ウイング神姫,,下比地
E33,A90B,ウイング神姫,,平見
E33,A90D,ウイング神姫,,渡場
E33,A90F,ウイング神姫,,香山
E33,A911,ウイング神姫,,香島橋
E33,A913,ウイング神姫,,吉島
E33,A915,ウイング神姫,,下野
E33,A91B,ウイング神姫,,新宮東口
E33,A91E,ウイング神姫,,八重垣病院前
E33,A91F,ウイング神姫,,井野原
E33,A92D,ウイング神姫,,竜野駅
E33,A944,ウエスト神姫,,垣内(ダイセル線)
E33,A9B7,ウイング神姫,,越部
E33,A9B9,ウイング神姫,,船渡(新宮町)
E33,A9BB,ウイング神姫,,佐野(たつの市)
E33,A9BD,ウイング神姫,,北龍野
E33,A9BF,ウイング神姫,,祇園橋
E33,A9C5,ウイング神姫,,東觜崎公民館前
E33,A9C7,ウイング神姫,,とくなが病院
E33,A9C9,ウイング神姫,,龍野中央病院
E33,A9D0,ウイング神姫,,堂本
E33,A9D2,ウイング神姫,,宮脇
E33,A9D4,ウイング神姫,,広山
E33,A9D6,ウイング神姫,,福田
E33,A9D8,ウイング神姫,,太子
E33,A9D9,ウイング神姫,,鵤
E33,A9DB,ウイング神姫,,東南西口
E33,A9DD,ウイング神姫,,立岡
E33,A9DF,ウイング神姫,,大谷(太子町)
E33,A9E1,ウイング神姫,,糸井
E33,A9E4,ウイング神姫,,和久
E33,A9E5,ウイング神姫,,和久南
E33,A9E8,ウイング神姫,,坂出
E33,A9EA,ウイング神姫,,旭陽小学校前
E33,A9EC,ウイング神姫,,宮内
E33,A9EE,ウイング神姫,,垣内(ダイセル線)
E33,A9F0,ウイング神姫,,市民センター前
E33,A9F3,ウイング神姫,,網干港
E33,A9F5,ウイング神姫,,ダイセル前
E33,A9FF,ウイング神姫,,市民病院(たつの市)
E33,AA03,ウイング神姫,,釜屋(たつの市)
E33,AA05,ウイング神姫,,新町(御津町)
E33,AA0E,ウイング神姫,,御津中学校前
E33,AA0F,ウイング神姫,,稲富口
E33,AA11,ウイング神姫,,坪田前
E33,AA12,ウイング神姫,,世界の梅公園前
E33,AA14,ウイング神姫,,岩見
E33,AA15,ウエスト神姫,,岩見西口
E33,AA16,ウエスト神姫,,七曲り東口
E33,AA17,ウエスト神姫,,七曲り
E33,AA18,ウエスト神姫,,七曲り西口
E33,AA19,ウエスト神姫,,室津(たつの市)
E33,AA1A,ウエスト神姫,,室津西口
E33,AA1B,ウイング神姫,,大浦
E33,ABC3,ウイング神姫,,戸倉(波賀町)
E33,ABC4,ウイング神姫,,道谷橋前
E33,ABC5,ウイング神姫,,道谷
E33,ABC6,ウイング神姫,,宮中そうめん流し前
E33,ABC7,ウイング神姫,,宮中
E33,ABC8,ウイング神姫,,石亀
E33,ABC9,ウイング神姫,,鹿伏
E33,ABCA,ウイング神姫,,長源寺前
E33,ABCB,ウイング神姫,,高山
E33,ABCC,ウイング神姫,,三久安山口
E33,ABCD,ウイング神姫,,引原トンネル
E33,ABCE,ウイング神姫,,引原ダム
E33,ABCF,ウイング神姫,,音水口
E33,ABD0,ウイング神姫,,日ノ原
E33,ABD1,ウイング神姫,,二連瀬
E33,ABD2,ウイング神姫,,赤西口
E33,B800,ウイング神姫,,西脇(西脇市) (アピカ)
E33,B805,ウイング神姫,,西脇市役所 (西脇営業所)
E33,B806,ウイング神姫,めぐりん,西脇市役所
E33,B80C,ウイング神姫,,上野(西脇市)
E33,B80F,ウイング神姫,,市民センター(西脇市)
E33,B810,ウイング神姫,,西脇地方合同庁舎前 (西脇市役所前)
E33,B83B,ウイング神姫,,安楽田
E33,B881,ウイング神姫,,中安田
E33,B88D,ウイング神姫,,西脇市駅
E33,B891,ウイング神姫,,西脇高校前
E33,B8A9,ウイング神姫,,あかねが丘(西脇市)
E33,B8B1,ウイング神姫,,合山
E33,B8D1,ウイング神姫,,中村(多可町)
E33,B8D3,ウイング神姫,,マイスター工房前
E33,B8E7,ウイング神姫,,明楽寺下
E33,B8E9,ウイング神姫,,明楽寺
E33,B905,神姫グリーンバス,つくしバス(船町線),喜多
E33,B921,神姫グリーンバス,つくしバス(船町線),坂本西
E33,B937,ウイング神姫,,社(車庫前)
E33,BC02,ウイング神姫,,相野駅
E33,BC04,ウイング神姫,,上相野
E33,BC06,ウイング神姫,,西相野口
E33,BC08,ウイング神姫,,西相野
E33,BC0A,ウイング神姫,,藍小学校
E33,BC1D,ウイング神姫,,やすんば
E33,BC31,ウイング神姫,,清水寺
E33,BC5E,ウイング神姫,,和田寺口
E33,BC63,ウイング神姫,,勘平橋
E33,BC79,ウイング神姫,,こんだ薬師温泉
E33,BD32,ウイング神姫,,藍本駅
E33,BD45,ウイング神姫,,国道古市
E33,BDC4,ウイング神姫,,くまさん公園前
E33,BF70,ウイング神姫,,小柿
E33,BF7A,ウイング神姫,,後川下
E33,BF8A,ウイング神姫,,籠の坊
E33,C000,ウイング神姫,,篠山口駅
E33,C002,ウイング神姫,,中野(丹波篠山市)
E33,C003,ウイング神姫,,大沢(丹波篠山市)
E33,C005,ウイング神姫,,四季の森会館前(西行き)
E33,C00A,ウイング神姫,,宇土観音
E33,C00B,ウイング神姫,,岡本病院前
E33,C00F,ウイング神姫,,東岡屋西
E33,C010,ウイング神姫,,東岡屋
E33,C011,ウイング神姫,,西町(丹波篠山市)
E33,C013,ウイング神姫,,篠山本町
E33,C015,ウイング神姫,,二階町
E33,C017,ウイング神姫,,篠山呉服町
E33,C018,ウイング神姫,,城北口
E33,C019,ウイング神姫,,下立町
E33,C01A,ウイング神姫,,上立町
E33,C01C,ウイング神姫,,本篠山
E33,C01E,ウイング神姫,,京口橋
E33,C020,ウイング神姫,,篠山営業所
E33,C025,ウイング神姫,,西八上口
E33,C027,ウイング神姫,,十兵衛茶屋
E33,C032,ウイング神姫,,城東公民館
E33,C033,ウイング神姫,,城東日置
E33,C03C,ウイング神姫,,辻
E33,C041,ウイング神姫,,福住小野
E33,C047,ウイング神姫,,福住
E33,C05D,ウイング神姫,,東本荘(丹波篠山市)
E33,C05F,ウイング神姫,,松ヶ鼻
E33,C061,ウイング神姫,,丹波細工所
E33,C0A8,ウイング神姫,,小枕口
E33,C0CC,ウイング神姫,,丹波大山駅前
E33,C0D7,ウイング神姫,,西紀支所
E33,C0E3,ウイング神姫,,栗柄口
E33,C0E5,ウイング神姫,,栗柄
E33,C0EC,ウイング神姫,,宮立
E33,C0F0,ウイング神姫,,本郷(丹波篠山市)
E33,C0F2,ウイング神姫,,上遠方
E33,C0F4,ウイング神姫,,草山温泉
E33,C0FA,ウイング神姫,,篠山口駅東口
E33,C429,ウイング神姫,,大山新
E33,C42A,ウイング神姫,,高倉下
E33,C42B,ウイング神姫,,大山上
E33,C446,ウイング神姫,,柏原駅
E33,C458,ウイング神姫,,石生駅西口
E33,C45A,ウイング神姫,,歌道谷
E33,C45C,ウイング神姫,,石才
E33,C45E,ウイング神姫,,朝日
E33,C460,ウイング神姫,,立野
E33,C462,ウイング神姫,,黒井駅
E33,C488,ウイング神姫,(柏原駅〜)黒井駅〜野瀬,野瀬(丹波市)
E33,C494,ウイング神姫,,本郷口
E33,C4A0,ウイング神姫,,成松北町
E33,C4A9,ウイング神姫,,桟敷
E33,C4CC,ウイング神姫,,佐治
E33,C4DC,ウイング神姫,,谷川駅
E33,C4DD,神姫グリーンバス,谷川駅〜坂尻,久下小学校前
E33,C4DE,神姫グリーンバス,谷川駅〜坂尻,谷川局前
E33,C4DF,ウイング神姫,,谷川下町
E33,C4E0,ウイング神姫,,山崎橋
E33,C4E1,ウイング神姫,,円応教前
E33,C4E2,ウイング神姫,,村森
E33,C4E3,ウイング神姫,,村森口
E33,C4E4,ウイング神姫,,井原
E33,C4E5,ウイング神姫,,山南農協前
E33,C4E6,ウイング神姫,,野坂
E33,C4E7,ウイング神姫,,山南工業団地前
E33,C4E8,ウイング神姫,,前川(丹波市)
E33,C4E9,ウイング神姫,,和田下町
E33,C4EA,ウイング神姫,,和田中町
E33,C4EB,ウイング神姫,,和田上町
E33,C4EC,ウイング神姫,,和田郵便局前
E33,C4F8,ウイング神姫,,山南住民センター
E33,C4FC,ウイング神姫,,関西記念墓園
E33,C506,ウイング神姫,,青垣住民センター前
E33,C507,ウイング神姫,,丹波医療センター
E33,C801,淡路交通,高速バス,神姫バス神戸三宮バスターミナル
E33,C802,神姫バス,高速バス,阪神神戸三宮
E33,C805,淡路交通,高速バス,学園都市駅前(高速バス)
E33,C809,淡路交通,高速バス,高速舞子
E33,C822,淡路交通,高速バス,北淡インター
E33,C827,淡路交通,高速バス,洲本インター
E33,C82D,淡路交通,高速バス,陸の港西淡
E33,C843,淡路交通,高速バス,ワールドパークおのころ
E33,C8C9,神姫バス,中国高速線,ユニバーサル・スタジオ・ジャパン
E33,C8D1,神姫バス,高速バス,南港ポートタウン東
E33,C8D7,神姫バス,高速バス,コスモタワー
E33,C905,神姫バス,中国高速線,津山インター
E33,C917,神姫バス,中国高速線,高速東条
E33,C918,神姫バス,中国高速線,吉川インター
E33,C919,神姫バス,中国高速線,長尾
E33,C931,神姫バス,中国高速線,少路駅
E33,C935,神姫バス,高速バス,新大阪駅北口
E33,C937,神姫バス,中国高速線,新大阪駅
E33,C938,神姫バス,三田〜新大阪線,新大阪駅(実在が確認できないバス停)
E33,C93B,神姫バス,中国高速線,大阪駅
E33,C93C,神姫バス,,新大阪駅北口
E33,C964,神姫バス,中国高速線(加西支線),アスティアかさい (北条町駅)
E33,CA09,神姫バス,,県立淡路島公園 (ニジゲンノモリF駐車場)
E33,D202,神姫ゾーンバス,,緑が丘郵便局前
E33,D204,神姫ゾーンバス,,緑が丘中1丁目
E33,D215,神姫ゾーンバス,,自治会館前
E33,D21B,神姫ゾーンバス,,緑が丘公民館前
E33,D21C,神姫ゾーンバス,,三木北高校前
E33,D21D,神姫ゾーンバス,,センター前
E33,D221,神姫ゾーンバス,,青山5丁目
E33,D22C,神姫ゾーンバス,,伽耶院口
E33,D237,神姫ゾーンバス,,東自由が丘2丁目
E33,D239,神姫ゾーンバス,,あかねが丘(三木市)
E33,D247,神姫ゾーンバス,,志染団地18棟前
E33,D24B,神姫ゾーンバス,,西自由が丘1丁目
E33,D24D,神姫ゾーンバス,,商店街口
E33,D250,神姫ゾーンバス,,志染駅
E33,D264,神姫ゾーンバス,,西神中央駅前
E33,D26A,神姫ゾーンバス,,高塚台1丁目
E33,D274,神姫ゾーンバス,,高塚山緑地
E33,D275,神姫ゾーンバス,,狩場台5丁目
E33,D276,神姫ゾーンバス,,高塚公園前
E33,D277,神姫ゾーンバス,,西神工業会館
E33,D278,神姫ゾーンバス,,機械金属団地前
E33,D285,神姫ゾーンバス,,押部谷出張所前
E33,D287,神姫ゾーンバス,,西盛
E33,D289,神姫ゾーンバス,,富士見が丘1丁目
E33,D28D,神姫ゾーンバス,,広野高原病院前
E33,D28F,神姫ゾーンバス,,のじぎく特別支援学校前
E33,D291,神姫ゾーンバス,,緑が丘本町
E33,D293,神姫ゾーンバス,,大村(三木市)
E33,D297,神姫ゾーンバス,,押部谷駅前
E33,D298,神姫ゾーンバス,,押部谷中学校前
E33,D29C,神姫ゾーンバス,,月が丘小学校前
E33,D29E,神姫ゾーンバス,,栄駅西
E33,D2A0,神姫ゾーンバス,,押部谷(栄)
E33,D2AD,神姫ゾーンバス,,木津小学校前
E33,D2AF,神姫ゾーンバス,,秋葉台3丁目
E33,D2B3,神姫ゾーンバス,,栄市住東
E33,D2B7,神姫ゾーンバス,,栄駅前
E33,D2C5,神姫ゾーンバス,,桜が丘西町2丁目
E33,D2E1,神姫ゾーンバス,,防災公園前
E33,D301,神姫ゾーンバス,,三木営業所
E33,D304,神姫ゾーンバス,,神鉄三木駅 (福有橋)
E33,D308,神姫ゾーンバス,,三木本町
E33,D30A,神姫ゾーンバス,,三木中町
E33,D31E,神姫ゾーンバス,,恵比須駅
E33,D323,神姫ゾーンバス,,みきやま病院前
E33,D325,神姫ゾーンバス,,三木市役所前
E33,D3B6,神姫ゾーンバス,,さつき台2丁目
E33,DC01,ウイング神姫,,千種集会所前
E33,DC02,ウイング神姫,,千種峠
E33,DC03,ウイング神姫,,名田
E33,DC04,ウイング神姫,,釜島
E33,DC05,ウイング神姫,,原西口(赤穂市)
E33,DC06,ウイング神姫,,原(赤穂市)
E33,DC07,ウイング神姫,,さつき町
E33,DC08,ウイング神姫,,明神木南
E33,DC0B,ウイング神姫,,駅東
E33,DC0D,ウイング神姫,,下長田橋
E33,DC0E,ウイング神姫,,桜木
E33,DC0F,ウイング神姫,,砂子(赤穂市)
E33,DC10,ウイング神姫,,浜市
E33,DC11,ウイング神姫,,大工村
E33,DC12,ウイング神姫,,龍泉寺前
E33,DC13,ウイング神姫,,木津(赤穂市)
E33,DC14,ウイング神姫,,目坂
E33,DC16,ウイング神姫,,赤穂市民病院
E33,DC18,ウイング神姫,,赤穂高校
E33,DC19,ウイング神姫,,イオン赤穂店前
E33,DC1C,ウイング神姫,,有年駅前
E33,DC1D,ウイング神姫,,有年橋
E33,DC2B,ウイング神姫,,坂越駅
E33,DC2C,ウイング神姫,,坂越橋西詰
E33,DC2D,ウイング神姫,,下高谷
E33,DC2E,ウイング神姫,,坂越幼稚園前
E33,DC2F,ウイング神姫,,木戸門
E33,DC30,ウイング神姫,,坂越港
E33,DC31,ウイング神姫,,汐見
E33,DC32,ウイング神姫,,赤穂化成
E33,DC33,ウイング神姫,,大黒
E33,DC34,ウイング神姫,,小島
E33,DC35,ウイング神姫,,浜社宅前
E33,DC36,ウイング神姫,,大泊
E33,DC37,ウイング神姫,,アース製薬前
E33,DC3A,ウイング神姫,,赤穂警察前
E33,DC3B,ウイング神姫,,播州赤穂駅
E33,DC3C,ウイング神姫,,加里屋
E33,DC3D,ウイング神姫,,ウエスト神姫赤穂営業所前
E33,DC3E,ウイング神姫,,尾崎農協前
E33,DC3F,ウイング神姫,,明神木
E33,DC40,ウイング神姫,,本水尾西
E33,DC41,ウイング神姫,,御崎小学校前
E33,DC44,ウイング神姫,,正保橋北
E33,DC45,ウイング神姫,,正保橋
E33,DC46,ウイング神姫,,正福寺前
E33,DC47,ウイング神姫,,川口町東
E33,DC48,ウイング神姫,,御崎
E33,DC49,ウイング神姫,,西山町
E33,DC4A,ウイング神姫,,東御崎
E33,DC4B,ウイング神姫,,亀の井ホテル赤穂
E33,DC4C,ウイング神姫,,松原町
E33,DC4E,ウイング神姫,,赤穂海浜公園前
E33,DC51,ウイング神姫,,城西小学校前
E33,DC52,ウイング神姫,,上仮屋北
E33,DC53,ウイング神姫,,大石神社東
E33,DC54,ウイング神姫,,県住前(赤穂市)
E33,DC55,ウイング神姫,,中広南
E33,DC56,ウイング神姫,,千鳥
E33,DC57,ウイング神姫,,千鳥南口
E33,DC58,ウイング神姫,,塩屋
E33,DC59,ウイング神姫,,塩屋東
E33,DC5A,ウイング神姫,,塩屋西
E33,DC5B,ウイング神姫,,居村東
E33,DC5C,ウイング神姫,,居村
E33,DC5D,ウイング神姫,,船渡(赤穂市)
E33,DC5E,ウイング神姫,,清水(赤穂市)
E33,DC5F,ウイング神姫,,奥大津
E33,DC60,ウイング神姫,,湯の内団地
E33,DC61,ウイング神姫,,奥大津西口
E33,DC67,ウイング神姫,,天和
E33,DC70,ウイング神姫,,高田小学校前
E33,DC74,ウイング神姫,,高田郵便局前
E33,DC75,ウイング神姫,,ネオポリス5丁目
E33,DC76,ウイング神姫,,上郡ネオポリス
E33,DC77,ウイング神姫,,高田台3丁目
E33,DCA9,ウイング神姫,,赤穂市立野外活動センター
E33,DCAC,ウイング神姫,,関西福祉大学
E33,DCAD,ウイング神姫,,清水工業団地入口
E33,DCAE,ウイング神姫,,木津宮前
E33,DCBE,ウイング神姫,,木下町集会所前
E33,DCBF,ウイング神姫,,尾崎小学校前
E33,DCC0,ウイング神姫,,明神木北
E38,0,神戸市交通局,,共通
E38,1,神戸市バス,,阪神御影
E38,2,神戸市バス,,中御影
E38,3,神戸市バス,,堂の前
E38,4,神戸市バス,,御影水道路
E38,5,神戸市バス,,阪急御影
E38,6,神戸市バス,,深田池
E38,7,神戸市バス,,甲南医療センター前
E38,8,神戸市バス,,鴨子ヶ原3丁目
E38,9,神戸市バス,,鴨子ヶ原2丁目
E38,A,神戸市バス,,鴨子ヶ原2丁目東
E38,B,神戸市バス,,蓬莱山荘
E38,C,神戸市バス,,赤塚山
E38,D,神戸市バス,,住吉山手
E38,E,神戸市バス,,神大附属前
E38,F,神戸市バス,,甲南医療センター下
E38,10,神戸市バス,,阪神御影南口 (バレンタイン広場前)
E38,11,神戸市バス,,阪神住吉
E38,12,神戸市バス,,JR住吉駅前
E38,13,神戸市バス,,東灘区役所前
E38,14,神戸市バス,,甲南町4丁目
E38,15,神戸市バス,,魚崎北町7丁目
E38,16,神戸市バス,,魚崎小学校前
E38,17,神戸市バス,,魚崎寺前
E38,18,神戸市バス,,魚崎南町3丁目
E38,19,神戸市バス,,魚崎大橋
E38,1A,神戸市バス,,魚崎車庫前
E38,1B,神戸市バス,,魚崎中学校前
E38,1C,神戸市バス,,魚崎中町1丁目
E38,1D,神戸市バス,,魚崎北町1丁目
E38,1E,神戸市バス,,甲南市場前
E38,1F,神戸市バス,,岡本2丁目
E38,20,神戸市バス,,JR本山駅前
E38,21,神戸市バス,,本山第一小学校前
E38,22,神戸市バス,,本山北町1丁目
E38,23,神戸市バス,,森北町2丁目
E38,24,神戸市バス,,JR甲南山手
E38,25,神戸市バス,,岡本水道路
E38,26,神戸市バス,,岡本7丁目
E38,27,神戸市バス,,岡本9丁目
E38,28,神戸市バス,,西岡本4丁目
E38,29,神戸市バス,,西岡本3丁目
E38,2C,神戸市バス,,新落合橋
E38,2D,神戸市バス,,白鶴美術館前
E38,2E,神戸市バス,,赤塚橋
E38,2F,神戸市バス,,渦森橋
E38,30,神戸市バス,,渦森台2丁目
E38,31,神戸市バス,,渦森台3丁目
E38,32,神戸市バス,,渦森台
E38,33,神戸市バス,,森
E38,34,神戸市バス,,阪神深江
E38,35,神戸市バス,,深江
E38,36,神戸市バス,,東部市場前
E38,37,神戸市バス,,東部市場南
E38,38,神戸市バス,,水道橋
E38,39,神戸市バス,,観音橋
E38,3A,神戸市バス,,御影大手筋
E38,3B,神戸市バス,,御影公会堂前
E38,3C,神戸市バス,,徳井
E38,3D,神戸市バス,,東灘高校前
E38,3E,神戸市バス,,魚崎八幡宮前
E38,3F,神戸市バス,,御影山手
E38,40,神戸市バス,,公園前
E38,41,神戸市バス,,宮谷通
E38,42,神戸市バス,,山手大通
E38,43,神戸市バス,,魚崎浜町東
E38,44,神戸市バス,,魚崎浜町南
E38,45,神戸市バス,,魚崎浜町西
E38,46,神戸市バス,,魚崎南町2丁目
E38,47,神戸市バス,,深江浜町
E38,48,神戸市バス,,魚崎浜町北
E38,49,神戸市バス,,西岡本2丁目
E38,4A,神戸市バス,,住吉本町3丁目
E38,4B,神戸市バス,,住吉中学校南
E38,4C,神戸市バス,,住吉宮町
E38,4D,神戸市バス,,御影上ノ山
E38,4E,神戸市バス,,滝ヶ鼻
E38,4F,神戸市バス,,地蔵元
E38,50,神戸市バス,,天神山
E38,51,神戸市バス,,渦森台4丁目
E38,52,神戸市バス,,深江南町3丁目
E38,53,神戸市バス,,深江南町2丁目
E38,54,神戸市バス,,城ノ前
E38,55,神戸市バス,,城ノ前南
E38,56,神戸市バス,43系統,本山第三小学校前
E38,57,神戸市バス,,深江見附
E38,5A,神戸市バス,16/32系統,楠丘町5丁目
E38,5B,神戸市バス,,阪急御影北口
E38,5D,神戸市バス,,住吉山手4丁目
E38,5E,神戸市バス,43系統,サンシャインワーフ
E38,5F,神戸市バス,43系統,神大深江キャンパス前
E38,60,神戸市バス,43系統,本山南町3丁目
E38,61,神戸市バス,43系統,小路
E38,62,神戸市バス,45系統,魚崎南町5丁目
E38,63,神戸市バス,45系統,魚崎西町2丁目
E38,100,神戸市バス,43系統,本山中町
E38,101,神戸市バス,,阪急六甲
E38,102,神戸市バス,,六甲登山口
E38,103,神戸市バス,,篠原本町2丁目
E38,104,神戸市バス,,篠原本町3丁目
E38,105,神戸市バス,,護国神社前
E38,106,神戸市バス,,五毛
E38,107,神戸市バス,,五毛天神
E38,108,神戸市バス,,観音寺
E38,109,神戸市バス,,神戸高校前
E38,10A,神戸市バス,,青谷橋
E38,10B,神戸市バス,,青谷
E38,10C,神戸市バス,,摩耶ケーブル下
E38,10D,神戸市バス,,石屋川
E38,10E,神戸市バス,,楠丘町2丁目
E38,10F,神戸市バス,,石屋川車庫前
E38,110,神戸市バス,,高徳町5丁目
E38,111,神戸市バス,,六甲台南口
E38,112,神戸市バス,,神大文理農学部前
E38,113,神戸市バス,,神大本部工学部前
E38,114,神戸市バス,,神大正門前
E38,115,神戸市バス,,六甲団地前
E38,116,神戸市バス,,六甲台
E38,117,神戸市バス,,神大発達科学部前
E38,118,神戸市バス,,鶴甲2丁目
E38,119,神戸市バス,,鶴甲3丁目
E38,11A,神戸市バス,,鶴甲団地
E38,11B,神戸市バス,,楠丘町3丁目
E38,11C,神戸市バス,,高羽町
E38,11D,神戸市バス,,神大国際文化学研究科前
E38,11E,神戸市バス,,鶴甲4丁目
E38,11F,神戸市バス,,六甲ケーブル下
E38,120,神戸市バス,,六甲台北
E38,121,神戸市バス,,観音寺北
E38,122,神戸市バス,,鶴甲南
E38,124,神戸市バス,,御影本町8丁目
E38,125,神戸市バス,,御影本町7丁目
E38,126,神戸市バス,45系統,御影本町5丁目
E38,127,神戸市バス,45系統,御影本町3丁目
E38,128,神戸市バス,106系統,高羽小学校
E38,12A,神戸市バス,,六甲口
E38,12B,神戸市バス,,日尾町
E38,12C,神戸市バス,,神前町
E38,12D,神戸市バス,,将軍通
E38,12E,神戸市バス,,水道筋1丁目
E38,12F,神戸市バス,,水道筋3丁目
E38,130,神戸市バス,,水道筋6丁目
E38,131,神戸市バス,,阪急王子公園
E38,132,神戸市バス,,王子動物園前
E38,133,神戸市バス,,JR六甲道
E38,134,神戸市バス,,阪急王子公園北
E38,135,神戸市バス,,灘区役所前(桜口)
E38,136,神戸市バス,,JR灘
E38,138,神戸市バス,,灘の浜西
E38,139,神戸市バス,,灘の浜東
E38,13A,神戸市バス,,王子公園東
E38,13B,神戸市バス,102系統,青谷川
E38,13C,神戸市バス,,高尾西
E38,13D,神戸市バス,,高尾東
E38,13E,神戸市バス,,箕岡通
E38,13F,神戸市バス,,篠原北町団地
E38,140,神戸市バス,,天神南
E38,141,神戸市バス,,赤坂通6丁目
E38,142,神戸市バス,,阪神新在家
E38,143,神戸市バス,,新在家南町住宅
E38,144,神戸市バス,,浜街道
E38,145,神戸市バス,,西郷
E38,146,神戸市バス,,灘保育所前
E38,147,神戸市バス,,阪神大石
E38,148,神戸市バス,,千旦通3丁目
E38,149,神戸市バス,43系統,田中
E38,14A,神戸市バス,102系統,灘小学校前
E38,14C,神戸市バス,,東灘本庄町
E38,14D,神戸市バス,,東灘小学校前
E38,14E,神戸市バス,,白鴎橋
E38,14F,神戸市バス,,深田
E38,150,神戸市バス,,北青木
E38,151,神戸市バス,,剱
E38,152,神戸市バス,,川井公園
E38,153,神戸市バス,,新反高橋
E38,154,神戸市バス,,JR住吉駅北口
E38,155,神戸市バス,,住吉本町
E38,156,神戸市バス,,灘北通
E38,158,神戸市バス,,渚中学校前
E38,159,神戸市バス,,県立美術館前
E38,15A,神戸市バス,,人と防災未来センター
E38,15C,神戸市バス,,阪神岩屋
E38,15D,神戸市バス,,野崎通2丁目
E38,15E,神戸市バス,,葺合高校前
E38,15F,神戸市バス,,琵琶町3丁目
E38,160,神戸市バス,,徳井会館前
E38,201,神戸市バス,,籠池通3丁目
E38,202,神戸市バス,,野崎通3丁目
E38,203,神戸市バス,,野崎通5丁目
E38,204,神戸市バス,,熊内5丁目
E38,205,神戸市バス,,熊内6丁目
E38,206,神戸市バス,,上筒井1丁目
E38,207,神戸市バス,,上筒井4丁目
E38,208,神戸市バス,,上筒井6丁目
E38,209,神戸市バス,,熊内1丁目
E38,20A,神戸市バス,,雲中小学校前
E38,20B,神戸市バス,,布引
E38,20C,神戸市バス,,加納町2丁目
E38,20E,神戸市バス,101系統,国香通5丁目
E38,20F,神戸市バス,,阪急春日野道
E38,217,神戸市バス,,中央区役所前
E38,219,神姫バス,,地下鉄三宮駅前 (伊藤整形外科前)
E38,21B,神戸市バス,,三宮バスターミナル
E38,21E,神戸市バス,,東遊園地前
E38,21F,神戸市バス,,税関前
E38,220,神戸市バス,,三井桟橋
E38,221,神戸市バス,,第五突堤
E38,222,神戸市バス,,第六突堤
E38,223,神戸市バス,,第八突堤
E38,224,神戸市バス,,摩耶大橋
E38,225,神戸市バス,,摩耶埠頭
E38,226,神戸市バス,,新神戸駅前
E38,22D,神戸市バス,,山本通4丁目
E38,22F,神戸市バス,,再度筋
E38,23C,神戸市バス,,磯上公園前
E38,23E,神戸市バス,,中突堤
E38,240,神戸市バス,,脇浜町3丁目
E38,241,神戸市バス,,摩耶埠頭東
E38,242,神戸市バス,,三宮駅ターミナル前
E38,246,神戸市バス,,五辻
E38,247,神戸市バス,,森林植物園西口
E38,248,神戸市バス,,学習の森前
E38,249,神戸市バス,,ビーナスブリッジ
E38,24A,神戸市バス,,再度公園
E38,24B,神戸市バス,,大竜寺
E38,24C,神戸市バス,,二本松
E38,258,神戸市バス,,旭通3丁目
E38,259,神戸市バス,,若菜通5丁目
E38,25A,神戸市バス,,東雲通2丁目
E38,25B,神戸市バス,,日暮通2丁目
E38,25C,神戸市バス,,筒井町3丁目
E38,25D,神戸市バス,,筒井住宅南
E38,25E,神戸市バス,,脇の浜住宅東
E38,25F,神戸市バス,,脇の浜住宅西
E38,260,神戸市バス,,脇の浜住宅中央
E38,261,神戸市バス,,筒井住宅前
E38,262,神戸市バス,,筒井住宅北
E38,263,神戸市バス,,筒井町1丁目
E38,300,神戸市バス,,新生田川
E38,306,神戸市バス,,楠谷町
E38,307,神戸市バス,,五宮町
E38,317,神戸市バス,,石井町
E38,31A,神戸市バス,,鵯越町
E38,31E,神戸市バス,,地下鉄上沢駅前
E38,31F,神戸市バス,,大開駅前
E38,323,神戸市バス,,湊町2丁目
E38,324,神戸市バス,,湊町1丁目
E38,325,神戸市バス,,七宮町
E38,328,神戸市バス,,中之島
E38,329,神戸市バス,,今出在家
E38,32E,神戸市バス,,金平町
E38,32F,神戸市バス,,御崎本町
E38,330,神戸市バス,,須佐野通
E38,331,神戸市バス,,松原通2丁目
E38,332,神戸市バス,,松原通5丁目
E38,334,神戸市バス,,滝山町
E38,335,神戸市バス,,塚本通8丁目
E38,337,神戸市バス,,西柳原
E38,339,神戸市バス,,夢野台
E38,33A,神戸市バス,,鵯越墓園
E38,33E,神戸市バス,,兵庫大仏前
E38,343,神戸市バス,,深江浜町西
E38,344,神戸市バス,,東灘警察署前
E38,346,神戸市バス,,新港町
E38,356,神戸市バス,31系統,西岡本7丁目
E38,357,神戸市バス,,旭中央住宅前
E38,358,神戸市バス,,神戸ポートオアシス前
E38,401,神戸市バス,,東尻池8丁目
E38,403,神戸市バス,,東尻池2丁目
E38,406,神戸市バス,,西市民病院前
E38,407,神戸市バス,,五番町2丁目
E38,408,神戸市バス,,五番町4丁目
E38,413,神戸市バス,,花山町2丁目
E38,414,神戸市バス,,萩乃町
E38,416,神戸市バス,,大日丘住宅前
E38,418,神戸市バス,,西丸山町3丁目
E38,41D,神戸市バス,,大道通1丁目
E38,41E,神戸市バス,,西代
E38,41F,神戸市バス,,御屋敷通5丁目
E38,421,神戸市バス,,大橋
E38,422,神戸市バス,,大橋2丁目
E38,424,神戸市バス,,大橋9丁目
E38,425,神戸市バス,,本庄町
E38,426,神戸市バス,,長田小学校前
E38,427,神戸市バス,,宮丘町
E38,428,神戸市バス,,鷹取団地前
E38,429,神戸市バス,,育英高校前
E38,42B,神戸市バス,,大道通3丁目
E38,42F,神戸市バス,,地下鉄長田駅前
E38,430,神戸市バス,,山下町4丁目
E38,431,神戸市バス,,林山町
E38,433,神戸市バス,,花山町
E38,434,神戸市バス,,鹿松町
E38,435,神戸市バス,,梅ヶ香町
E38,438,神戸市バス,,小寺町
E38,439,神戸市バス,,浪松町6丁目
E38,43A,神戸市バス,,山下町1丁目
E38,43B,神戸市バス,,一里山
E38,43C,神戸市バス,,三角公園前
E38,43D,神戸市バス,,駒ヶ林町西
E38,43E,神戸市バス,,駒ヶ林町東
E38,43F,神戸市バス,,野田町南
E38,440,神戸市バス,,重池町1丁目
E38,441,神戸市バス,,重池町2丁目
E38,45C,神戸市バス,,離宮公園南
E38,45D,神戸市バス,,星城高校
E38,45E,神戸市バス,79系統,東白川台南通り
E38,45F,神戸市バス,79系統,東白川台東通り
E38,460,神戸市バス,79系統,東白川台北通り
E38,461,神戸市バス,79系統,東白川台西通り
E38,462,神戸市バス,76系統,西落合住宅前
E38,463,神戸市バス,,若草地域福祉センター前
E38,500,神戸市バス,,板宿・区役所
E38,503,神戸市バス,,川上町
E38,504,神戸市バス,,明神町
E38,505,神戸市バス,,禅昌寺
E38,506,神戸市バス,,口ノ川
E38,507,神戸市バス,,那須神社前
E38,508,神戸市バス,,堂ノ下
E38,509,神戸市バス,,奥妙法寺
E38,50A,神戸市バス,,中田
E38,50B,神戸市バス,,広畑橋
E38,50C,神戸市バス,,妙法寺駅前
E38,50D,神戸市バス,,車竹ノ下
E38,50E,神戸市バス,,車大道
E38,50F,神戸市バス,,大曲り
E38,510,神戸市バス,,若草町
E38,511,神戸市バス,,藪中
E38,512,神戸市バス,,風早
E38,513,神戸市バス,70系統,白川台
E38,514,神戸市バス,70系統,白川台センター前
E38,515,神戸市バス,70系統,白川台南口
E38,516,神戸市バス,,名谷駅前
E38,517,神戸市バス,,竜が台中学校前
E38,518,神戸市バス,,名谷南センター前
E38,519,神戸市バス,,菅の台1丁目
E38,51A,神戸市バス,,菅の台小学校前
E38,51B,神戸市バス,,北須磨団地
E38,51C,神戸市バス,,北須磨団地東口
E38,51D,神戸市バス,,友が丘
E38,51E,神戸市バス,,奥須磨公園前
E38,51F,神戸市バス,,多井畑厄神
E38,520,神戸市バス,,奥須磨公園口
E38,521,神戸市バス,,高倉台5丁目
E38,522,神戸市バス,,青山
E38,523,神戸市バス,,高倉台
E38,524,神戸市バス,,高倉台1丁目
E38,525,神戸市バス,,高倉中学校前
E38,526,神戸市バス,,高倉台南口
E38,527,神戸市バス,,多井畑西口
E38,528,神戸市バス,,下畑上口
E38,529,神戸市バス,,下畑
E38,52A,神戸市バス,,神の脇
E38,52B,神戸市バス,,向井
E38,52C,神戸市バス,,鉄拐登山口
E38,52D,神戸市バス,,鉄拐東口
E38,52E,神戸市バス,,高倉町2丁目
E38,52F,神戸市バス,,高倉町
E38,530,神戸市バス,,上の山
E38,531,神戸市バス,,離宮公園前
E38,532,神戸市バス,,西須磨小学校前 (村雨堂下)
E38,533,神戸市バス,,離宮道
E38,534,神戸市バス,,須磨一の谷
E38,535,神戸市バス,,須磨駅前
E38,536,神戸市バス,,天神下
E38,537,神戸市バス,,海浜公園前
E38,538,神戸市バス,,須磨水族園
E38,539,神戸市バス,,若宮町
E38,53C,神戸市バス,,大田町6丁目
E38,53D,神戸市バス,,須磨警察署前
E38,53E,神戸市バス,,戸政町
E38,53F,神戸市バス,,天井川
E38,540,神戸市バス,,須磨区役所前
E38,541,神戸市バス,,松風町
E38,542,神戸市バス,,稲葉町
E38,543,神戸市バス,,月見山
E38,544,神戸市バス,,板宿・商店街
E38,545,神戸市バス,,須磨北町
E38,546,神戸市バス,,離宮植物園前
E38,547,神戸市バス,,水野橋
E38,548,神戸市バス,,高尾台
E38,549,神戸市バス,,千歳町
E38,54A,神戸市バス,,落合団地前
E38,54D,神戸市バス,76系統,名谷公園前
E38,54E,神戸市バス,76系統,北落合3丁目
E38,54F,神戸市バス,76系統,神の谷小学校前
E38,550,神戸市バス,,神の谷7丁目
E38,551,神戸市バス,,神の谷5丁目
E38,552,神戸市バス,,西落合中学校前
E38,553,神戸市バス,,神戸医療センター前
E38,554,神戸市バス,,神戸医療センター下
E38,555,神戸市バス,,啓明学院前
E38,556,神戸市バス,,柏台
E38,557,神戸市バス,,清玄町
E38,558,神戸市バス,,多井畑南町
E38,559,神戸市バス,,清玄町南口
E38,55A,神戸市バス,,高倉台8丁目
E38,55B,神戸市バス,,高倉台7丁目
E38,55C,神戸市バス,,高倉台6丁目
E38,55D,神戸市バス,,横尾小学校前
E38,55E,神戸市バス,,横尾2丁目
E38,55F,神戸市バス,,北須磨文化センター前
E38,560,神戸市バス,,北落合2丁目
E38,561,神戸市バス,,白川台1丁目
E38,562,神戸市バス,,白川台4丁目
E38,563,神戸市バス,,東落合小学校前
E38,600,神戸市バス,79系統,東白川台
E38,601,神戸市バス,,舞子駅前
E38,602,神戸市バス,,西舞子2丁目
E38,603,神戸市バス,,舞子台6丁目
E38,604,神戸市バス,,舞子台8丁目
E38,605,神戸市バス,,東舞子小学校前
E38,606,神戸市バス,,舞子台4丁目
E38,607,神戸市バス,,舞子台3丁目
E38,608,神戸市バス,,学園正門前
E38,609,神戸市バス,,星陵台1丁目
E38,60A,神戸市バス,,星陵台3丁目
E38,60B,神戸市バス,,県商前
E38,60C,神戸市バス,,舞子小学校前
E38,60D,神戸市バス,,舞子坂1丁目
E38,60E,神戸市バス,,舞子坂3丁目
E38,60F,神戸市バス,,舞子坂4丁目
E38,610,神戸市バス,,西岡橋
E38,611,神戸市バス,,本多聞7丁目
E38,612,神戸市バス,,本多聞5丁目
E38,613,神戸市バス,,舞子高校前
E38,614,神戸市バス,,大門橋
E38,615,神戸市バス,,多聞寺前
E38,616,神戸市バス,,多聞団地口
E38,617,神戸市バス,,多聞台3丁目
E38,618,神戸市バス,,多聞台4丁目
E38,619,神戸市バス,,多聞台
E38,61A,神戸市バス,,多聞団地センター
E38,61B,神戸市バス,,朝霧駅前
E38,61C,神戸市バス,,明舞団地口
E38,61D,神戸市バス,,狩口台1丁目
E38,61E,神戸市バス,,明舞センター
E38,61F,神戸市バス,,南多聞台7丁目
E38,620,神戸市バス,,明舞北センター
E38,621,神戸市バス,,南多聞台2丁目
E38,622,神戸市バス,,神陵台小学校前
E38,623,神戸市バス,,神陵台
E38,624,神戸市バス,,多聞東小学校前
E38,625,神戸市バス,,学が丘4丁目
E38,626,神戸市バス,,竜が台小学校前
E38,627,神戸市バス,,北須磨高校前
E38,628,神戸市バス,,名谷テニスガーデン前
E38,629,神戸市バス,,土池公園前
E38,62A,神戸市バス,,奥畑口
E38,62B,神戸市バス,,神和台口
E38,62C,神戸市バス,,須磨区文化センター前
E38,62D,神戸市バス,,名谷小学校前
E38,62E,神戸市バス,,滑
E38,62F,神戸市バス,,つつじが丘2丁目
E38,630,神戸市バス,,つつじが丘3丁目
E38,631,神戸市バス,,桃山台3丁目
E38,632,神戸市バス,,桃山台
E38,633,神戸市バス,,竜が台7丁目
E38,634,神戸市バス,,あみだ堂
E38,635,神戸市バス,,桃山台南口
E38,636,神戸市バス,,松風台
E38,637,神戸市バス,,青山台
E38,638,神戸市バス,,学が丘 (垂水警察署前)
E38,639,神戸市バス,,本多聞4丁目
E38,63A,神戸市バス,,本多聞2丁目
E38,63B,神戸市バス,,本多聞3丁目
E38,63C,神戸市バス,,垂水警察署前
E38,63D,神戸市バス,,小束山6丁目
E38,63E,神戸市バス,,小束山小学校
E38,63F,神戸市バス,,小束山4丁目
E38,640,神戸市バス,,小束山1丁目
E38,641,神戸市バス,,学園緑が丘
E38,642,神戸市バス,,西部障害者センター
E38,643,神戸市バス,,星陵高校前
E38,644,神戸市バス,,本多聞6丁目
E38,645,神戸市バス,,学が丘1丁目
E38,646,神戸市バス,,掖済会病院前
E38,647,神戸市バス,,垂水駅
E38,648,神戸市バス,,仲田
E38,649,神戸市バス,,旭が丘
E38,64A,神戸市バス,,垂水中学校前
E38,64B,神戸市バス,,細道下
E38,64C,神戸市バス,,千代が丘
E38,64D,神戸市バス,,本多聞介護センター前
E38,64E,神戸市バス,,垂水体育館前
E38,64F,神戸市バス,,星が丘2丁目
E38,650,神戸市バス,,星が丘
E38,652,神戸市バス,,小束山手1丁目
E38,653,神戸市バス,,小束山手2丁目
E38,654,神戸市バス,,落合団地北
E38,655,神戸市バス,,横尾団地口
E38,656,神戸市バス,,離宮植物園東
E38,657,神戸市バス,,舞多聞東2丁目
E38,658,神戸市バス,,学園南公園前
E38,659,神戸市バス,,舞多聞西5丁目
E38,65A,神戸市バス,,舞多聞西7丁目
E38,65B,神戸市バス,,小束台西
E38,65C,神戸市バス,,小束台
E38,660,神戸市バス,,多井畑東町
E38,661,神戸市バス,,多井畑東町集会所前
E38,662,神戸市バス,,多井畑厄神南
E38,663,神戸市バス,,多井畑厄神裏参道
E38,70D,神戸市バス,,長坂橋
E38,70E,神戸市バス,,小寺橋
E38,70F,神戸市バス,,伊川谷駅前
E38,718,神戸市バス,,長坂
E38,808,神戸市バス,,ひよどり台センター前
E38,809,神戸市バス,,ひよどり台
E38,80A,神戸市バス,,ひよどり北町
E38,80B,神戸市バス,,市民防災総合センター
E38,80C,神戸市バス,,箕谷駅前
E38,80D,神戸市バス,,箕谷 (箕谷駐車場前)
E38,80E,神戸市バス,,小橋
E38,80F,神戸市バス,,青葉台口
E38,810,神戸市バス,,大滝口
E38,811,神戸市バス,,蔵本
E38,812,神戸市バス,,谷寺口
E38,813,神戸市バス,,福地
E38,814,神戸市バス,,山田小学校前
E38,815,神戸市バス,,東下
E38,816,神戸市バス,,七社前
E38,817,神戸市バス,,丹生神社前
E38,818,神戸市バス,,坂本
E38,819,神戸市バス,,衝原
E38,822,神戸市バス,,松が枝町
E38,823,神戸市バス,,神戸北町
E38,824,神戸市バス,,谷上駅
E38,825,神戸市バス,,下谷上
E38,826,神戸市バス,,星和台南
E38,827,神戸市バス,,テニスコート前
E38,828,神戸市バス,,しあわせの村中央
E38,829,神戸市バス,,病院前 (しあわせの村)
E38,82A,神戸市バス,,日の峰1丁目
E38,82B,神戸市バス,,日の峰2丁目
E38,82C,神戸市バス,,桂木3丁目
E38,82D,神戸市バス,,桂木2丁目
E38,82E,神戸市バス,,桂木1丁目
E38,82F,神戸市バス,,大原1丁目
E38,830,神戸市バス,,大原3丁目
E38,83D,神戸市バス,,ひよどり台5丁目
E38,842,神戸市バス,,シルバーカレッジ前
E38,843,神戸市バス,,松が枝町2丁目
E38,844,神戸市バス,,日の峰3丁目
E38,900,神戸市バス,,サイエンスパーク
E38,901,神戸市バス,,西神中央駅前
E38,902,神戸市バス,,春日台小学校前
E38,903,神戸市バス,,春日台2丁目
E38,904,神戸市バス,,美賀多台4丁目
E38,905,神戸市バス,,美賀多台3丁目
E38,906,神戸市バス,,美賀多台2丁目
E38,907,神戸市バス,,高塚橋
E38,908,神戸市バス,,高塚公園前
E38,909,神戸市バス,,西神工業会館
E38,90A,神戸市バス,,機械金属団地前
E38,90B,神戸市バス,,高塚台2丁目
E38,90D,神戸市バス,,食品団地前
E38,911,神戸市バス,,狩場台5丁目
E38,912,神戸市バス,,狩場台小学校前
E38,913,神戸市バス,,狩場台1丁目
E38,914,神戸市バス,,かりばプラザ
E38,915,神戸市バス,,狩場台3丁目
E38,916,神戸市バス,,西神中央駅東口
E38,917,神戸市バス,,西神戸医療センター前
E38,919,神戸市バス,,春日台公園
E38,91A,神戸市バス,,興亜池公園
E38,91B,神戸市バス,,高塚台1丁目
E38,91C,神戸市バス,,西体育館
E38,91D,神戸市バス,,春日台4丁目
E38,91E,神戸市バス,,かすがプラザ
E38,91F,神戸市バス,,興亜池公園南
E38,920,神戸市バス,,高塚台4丁目
E38,921,神戸市バス,,竹の台公園
E38,922,神戸市バス,,竹の台5丁目
E38,923,神戸市バス,,西神中学校
E38,924,神戸市バス,,樫野台6丁目
E38,925,神戸市バス,,樫野台3丁目
E38,926,神戸市バス,,樫野台小学校
E38,927,神戸市バス,,樫野台2丁目
E38,928,神戸市バス,,興亜池公園北
E38,929,神戸市バス,,糀台公園
E38,92A,神戸市バス,,サイエンスパーク南
E38,92B,神戸市バス,,美賀多台公園
E38,92C,神戸市バス,,美賀多台7丁目
E38,92D,神戸市バス,,菅の台7丁目
E38,92E,神戸市バス,,みかたプラザ
E38,92F,神戸市バス,,美賀多台5丁目
E38,930,神戸市バス,,春日台3丁目
E38,931,神戸市バス,,西体育館口
E38,954,神戸市バス,,西神南駅前
E38,955,神戸市バス,,井吹台東町1丁目
E38,956,神戸市バス,,井吹台東町6丁目
E38,957,神戸市バス,,ハイテク1番
E38,958,神戸市バス,,ハイテク2番
E38,959,神戸市バス,,ハイテク3番
E38,95A,神戸市バス,,ハイテク4番
E38,95B,神戸市バス,,ハイテク5番
E38,95C,神戸市バス,,ハイテク6番
E38,95D,神戸市バス,,ハイテクパーク南
E38,95E,神戸市バス,,長尾辻
E38,95F,神戸市バス,,伊川谷高校前
E38,A02,神戸市バス,,団地口
E38,A04,神戸市バス,,春日台6丁目
E38,A06,神戸市バス,,いぶき東フレア (いぶき台東公園前)
E38,A1A,神戸市バス,,花谷小学校前
E38,A1C,神戸市バス,,友が丘中学校前
E38,A1D,神戸市バス,,南落合3丁目
E38,A1E,神戸市バス,,南落合4丁目
E38,A1F,神戸市バス,,須磨東高校前
E38,A20,神戸市バス,,若草小学校前
E38,A21,神戸市バス,,南公園
E38,A22,神戸市バス,,若草町1丁目
E38,A23,神戸市バス,,井吹台谷口公園
E38,A24,神戸市バス,,井吹台西町4丁目
E38,A25,神戸市バス,,井吹台西町5丁目
E38,A26,神戸市バス,,井吹台西公園
E38,A27,神戸市バス,,井吹台西町6丁目
E38,A28,神戸市バス,,いぶき西フレア
E38,A29,神戸市バス,,井吹台西町3丁目
E38,A2A,神戸市バス,,竹谷公園
E38,A2B,神戸市バス,,井吹台北町4丁目
E38,A2C,神戸市バス,,井吹台東町5丁目
E38,A2D,神戸市バス,,井吹台東町7丁目
E38,A2E,神戸市バス,,井吹台西町1丁目
E38,A2F,神戸市バス,,サイエンスパーク北
E38,A32,神戸市バス,,車大道北
E38,A33,神戸市バス,,清水台
E38,A35,神戸市バス,,緑が丘1丁目
E38,A36,神戸市バス,,緑が丘2丁目
E38,A37,神戸市バス,,機動隊前
E38,A38,神戸市バス,,野路
E38,A39,神戸市バス,,ひよどり台南町2丁目
E38,A3B,神戸市バス,70系統,白川台回転地
E38,A3C,神戸市バス,70系統,白川台
E38,A3E,神戸市バス,,白川台中学校前
E38,A3F,神戸市バス,,北落合6丁目
E38,A40,神戸市バス,,城が谷公園
E38,A41,神戸市バス,,北落合5丁目
E38,A42,神戸市バス,,白川台2丁目
E38,A43,神戸市バス,,城山橋
E38,A44,神戸市バス,,北落合4丁目
E38,A46,神戸市バス,,神戸海星病院前
E38,A47,神戸市バス,,篠原北町3丁目
E38,A48,神戸市バス,,六甲台西
E38,A49,神戸市バス,,炭山橋
E38,A4A,神戸市バス,,昭生病院前
E38,A4D,神戸市バス,,美野丘小学校前
E38,A4E,神戸市バス,,灘丸山公園前
E38,A4F,神戸市バス,,長峰中学校下
E38,A50,神戸市バス,57系統,垂水東口
E38,A51,神戸市バス,57系統,乙木1丁目
E38,A52,神戸市バス,57系統,東垂水公民館前
E38,A53,神戸市バス,57系統,王居殿3丁目
E38,A54,神戸市バス,57系統,美山台1丁目
E38,A55,神戸市バス,57系統,垂水東中学校前
E38,A56,神戸市バス,57系統,青山台1丁目
E38,A57,神戸市バス,57系統,塩屋大谷
E38,A58,神戸市バス,57系統,大谷公園北
E38,A59,神戸市バス,,千鳥が丘下
E38,A5A,神戸市バス,,前池橋
E38,A5C,神戸市バス,,大手町勝福寺下
E38,A5D,神戸市バス,,城内通公園前
E38,A5E,神戸市バス,,JR灘駅北口
E38,A62,神戸市バス,,トアロード
E38,A63,神戸市バス,,日の峰4丁目
E38,B00,神戸市バス,,日の峰5丁目
E38,B01,神戸市バス,,日の峰西
E38,C1D,神戸市バス,,貿易センター北
E38,115F,神戸市バス,,学園都市駅前
E38,1160,神戸市バス,,千原公園 (白川台地域福祉センター下)
E38,1161,神戸市バス,,城が丘中央公園
E38,1162,神戸市バス,,北落合4丁目西
E38,3209,神戸交通振興,シティー・ループバス,北野異人館
E38,320A,神戸交通振興,シティー・ループバス,神戸布引ハーブ園/ロープウェイ
E38,6360,神戸市バス,,臨時停留所
E3B,0,伊丹市交通局,,共通
E3B,B01,伊丹市営バス,,北河原6丁目
E3B,B02,伊丹市営バス,,尼崎北高校前
E3B,B03,伊丹市営バス,,尼崎北小学校前
E3B,B04,伊丹市営バス,,天津
E3B,B05,伊丹市営バス,,荒牧
E3B,B06,伊丹市営バス,,荒牧バラ公園
E3B,B07,伊丹市営バス,,荒牧北
E3B,B08,伊丹市営バス,,アルビス寺本
E3B,C02,伊丹市営バス,,池尻南口
E3B,C03,伊丹市営バス,,泉町
E3B,C04,伊丹市営バス,,伊丹坂
E3B,C05,伊丹市営バス,,伊丹郵便局前
E3B,C06,伊丹市営バス,,伊丹病院住友前
E3B,C07,伊丹市営バス,,市高前
E3B,C08,伊丹市営バス,,稲野
E3B,C09,伊丹市営バス,,稲野町8丁目
E3B,C0A,伊丹市営バス,,岩屋
E3B,C0B,伊丹市営バス,,岩屋東
E3B,D01,伊丹市営バス,,上久代
E3B,F01,伊丹市営バス,,大阪国際空港
E3B,F02,伊丹市営バス,,大鹿口
E3B,F03,伊丹市営バス,,大鹿東口
E3B,F04,伊丹市営バス,,大野
E3B,F05,伊丹市営バス,,大樋橋
E3B,F06,伊丹市営バス,,荻野
E3B,F07,伊丹市営バス,,荻野北
E3B,F08,伊丹市営バス,,北野
E3B,F09,伊丹市営バス,,荻野南
E3B,F0A,伊丹市営バス,,公設市場前
E3B,F0B,伊丹市営バス,,荻野西
E3B,1501,伊丹市営バス,,春日丘
E3B,1502,伊丹市営バス,,春日丘西
E3B,1503,伊丹市営バス,,伊丹スカイパーク・上須古
E3B,1504,伊丹市営バス,,神津
E3B,1505,伊丹市営バス,,神津交流センター前
E3B,1506,伊丹市営バス,,森本2丁目
E3B,1507,伊丹市営バス,,神津大橋
E3B,1601,伊丹市営バス,,JR北伊丹
E3B,1602,伊丹市営バス,,北センター前
E3B,1603,伊丹市営バス,,北ノ口
E3B,1604,伊丹市営バス,,北町
E3B,1605,伊丹市営バス,,北三菱
E3B,1606,伊丹市営バス,,北村
E3B,1607,伊丹市営バス,,北村西口
E3B,1608,伊丹市営バス,,行基町1丁目
E3B,1609,伊丹市営バス,,近畿中央病院前
E3B,1701,伊丹市営バス,,空港1丁目
E3B,1702,伊丹市営バス,,口酒井
E3B,1703,伊丹市営バス,,桑田
E3B,1704,伊丹市営バス,,クリーンランド前
E3B,1801,伊丹市営バス,,県住北口
E3B,1802,伊丹市営バス,,県住南口
E3B,1803,伊丹市営バス,,県高前
E3B,1901,伊丹市営バス,,小井内
E3B,1902,伊丹市営バス,,鴻池
E3B,1903,伊丹市営バス,,御願塚
E3B,1904,伊丹市営バス,,御願塚8丁目
E3B,1905,伊丹市営バス,,昆陽
E3B,1906,伊丹市営バス,,昆陽池公園前
E3B,1907,伊丹市営バス,,昆陽西口
E3B,1908,伊丹市営バス,,昆陽里
E3B,1909,伊丹市営バス,,鴻池東
E3B,1A01,伊丹市営バス,,昆陽里北
E3B,1E49,伊丹市営バス,,阪急伊丹駅前チャージ機
E3B,1F01,伊丹市営バス,,伊丹市役所西
E3B,1F02,伊丹市営バス,,坂ノ下
E3B,1F03,伊丹市営バス,,桜ヶ丘2丁目
E3B,1F04,伊丹市営バス,,桜ヶ丘8丁目
E3B,1F05,伊丹市営バス,,佐々原
E3B,1F06,伊丹市営バス,,サンシティ
E3B,2001,伊丹市営バス,,自衛隊病院前
E3B,2003,伊丹市営バス,,清水橋
E3B,2004,伊丹市営バス,,下河原
E3B,2005,伊丹市営バス,,伊丹市役所前
E3B,2006,伊丹市営バス,,ラスタホール前
E3B,2007,伊丹市営バス,,新伊丹
E3B,2008,伊丹市営バス,,JR猪名寺
E3B,2101,伊丹市営バス,,瑞ヶ池
E3B,2102,伊丹市営バス,,鈴原町1丁目
E3B,2103,伊丹市営バス,,鈴原町4丁目
E3B,2104,伊丹市営バス,,鈴原町6丁目
E3B,2105,伊丹市営バス,,スポーツセンター前
E3B,2106,伊丹市営バス,,スポーツセンター南
E3B,2107,伊丹市営バス,,住友北
E3B,2201,伊丹市営バス,,瑞原1丁目
E3B,2202,伊丹市営バス,,摂陽小学校前
E3B,2203,伊丹市営バス,,千僧口
E3B,2301,伊丹市営バス,,総監部前
E3B,2901,伊丹市営バス,,体育館市民プール前
E3B,2902,伊丹市営バス,,三師団・交通局前
E3B,2903,伊丹市営バス,,玉田団地
E3B,2904,伊丹市営バス,,中野大橋
E3B,2905,伊丹市営バス,,イオンモール伊丹テラス
E3B,2B01,伊丹市営バス,,塚口
E3B,2B02,伊丹市営バス,,塚口小学校前
E3B,2B03,伊丹市営バス,,塚口町1丁目
E3B,2B04,伊丹市営バス,,塚口町5丁目
E3B,2B05,伊丹市営バス,,塚口町6丁目
E3B,2B06,伊丹市営バス,,辻村
E3B,2B07,伊丹市営バス,,鶴田団地
E3B,2C01,伊丹市営バス,,伊丹工業団地前
E3B,2C02,伊丹市営バス,,寺本東
E3B,2C03,伊丹市営バス,,天神川団地
E3B,2C04,伊丹市営バス,,天王寺川中学校前
E3B,3301,伊丹市営バス,,長沢
E3B,3302,伊丹市営バス,,中野
E3B,3303,伊丹市営バス,,大阪芸術短期大学前
E3B,3304,伊丹市営バス,,南菱
E3B,3305,伊丹市営バス,,中野東
E3B,3401,伊丹市営バス,,西池
E3B,3402,伊丹市営バス,,西桑津
E3B,3403,伊丹市営バス,,西野
E3B,3404,伊丹市営バス,,西野団地
E3B,3405,伊丹市営バス,,西野変電所
E3B,3406,伊丹市営バス,,日水前
E3B,3407,伊丹市営バス,,西野武庫川センター
E3B,3701,伊丹市営バス,,野里
E3B,3702,伊丹市営バス,,野間
E3B,3703,伊丹市営バス,,野間口
E3B,3704,伊丹市営バス,,野間東
E3B,3822,伊丹市営バス,,JR伊丹駅チャージ機
E3B,3E01,伊丹市営バス,,東有岡
E3B,3E02,伊丹市営バス,,東口酒井
E3B,3E03,伊丹市営バス,,東野
E3B,3E04,伊丹市営バス,,東野南
E3B,3F01,伊丹市営バス,,藤ノ木
E3B,3F02,伊丹市営バス,,女性・児童センター前
E3B,3F03,伊丹市営バス,,札場辻
E3B,4101,伊丹市営バス,,蛍池西町
E3B,4102,伊丹市営バス,,蛍池南町
E3B,4103,伊丹市営バス,,堀池口
E3B,4104,伊丹市営バス,,堀池団地
E3B,4105,伊丹市営バス,,堀池西
E3B,4106,伊丹市営バス,,本町
E3B,4701,伊丹市営バス,,松ヶ丘
E3B,4702,伊丹市営バス,,松谷化学前
E3B,4801,伊丹市営バス,,美鈴町
E3B,4802,伊丹市営バス,,瑞原3丁目
E3B,4803,伊丹市営バス,,瑞ヶ丘
E3B,4804,伊丹市営バス,,瑞ヶ丘公園前
E3B,4805,伊丹市営バス,,瑞穂小学校前
E3B,4806,伊丹市営バス,,車塚 (サンシティパレス塚口前)
E3B,4807,伊丹市営バス,,緑ヶ丘2丁目
E3B,4808,伊丹市営バス,,緑ヶ丘7丁目
E3B,4809,伊丹市営バス,,緑丘小学校前
E3B,480A,伊丹市営バス,,南野
E3B,480B,伊丹市営バス,,南畑
E3B,480C,伊丹市営バス,,南本町1丁目
E3B,480D,伊丹市営バス,,南本町4丁目
E3B,480E,伊丹市営バス,,南町
E3B,480F,伊丹市営バス,,南町住宅前
E3B,4810,伊丹市営バス,,高台
E3B,4811,伊丹市営バス,,箕輪
E3B,4812,伊丹市営バス,,宮川原橋
E3B,4813,伊丹市営バス,,宮ノ前
E3B,4B01,伊丹市営バス,,森本4丁目
E3B,4B02,伊丹市営バス,,森本6丁目
E3B,4B03,伊丹市営バス,,森本
E3B,5101,伊丹市営バス,,山田
E3B,5102,伊丹市営バス,,山田北
E3B,5103,伊丹市営バス,,山本団地
E3B,515F,伊丹市営バス,,阪急塚口いかりスーパー3階
E3B,5461,伊丹市営バス,,阪急伊丹駅前バス総合案内所
E3B,5F01,伊丹市営バス,,スワンホール前
E3B,6363,伊丹市営バス,,広畑車庫
E3D,0,山陽バス,,共通
E3D,2,山陽バス,垂水・舞子線,垂水駅
E3D,C,山陽バス,垂水・舞子線,垂水東口
E3D,12,山陽バス,垂水・舞子線,歌敷山中学校前
E3D,1E,山陽バス,垂水・舞子線,垂水体育館前
E3D,24,山陽バス,垂水・舞子線,団地下
E3D,26,山陽バス,垂水・舞子線,細道下
E3D,29,山陽バス,垂水・舞子線,星が丘
E3D,2A,山陽バス,垂水・舞子線,星陵高校前
E3D,2B,山陽バス,垂水・舞子線,星陵高校前(北)
E3D,2C,山陽バス,垂水・舞子線,舞子墓園前
E3D,2D,山陽バス,垂水・舞子線,清水が丘1丁目
E3D,2E,山陽バス,垂水・舞子線 2/4/8/9系統,清水が丘
E3D,30,山陽バス,垂水・舞子線,清水が丘
E3D,32,山陽バス,垂水・舞子線,本多聞6丁目
E3D,34,山陽バス,垂水・舞子線,学が丘1丁目
E3D,36,山陽バス,垂水・舞子線,掖済会病院前
E3D,40,山陽バス,垂水・舞子線,ゴルフ場
E3D,4C,山陽バス,垂水・舞子線,団地北
E3D,11E,山陽バス,垂水・舞子線,堀割
E3D,120,山陽バス,垂水・舞子線,東名谷
E3D,122,山陽バス,垂水・舞子線,西名谷
E3D,124,山陽バス,垂水・舞子線,滑
E3D,125,山陽バス,垂水・舞子線,あみだ堂
E3D,128,山陽バス,垂水・舞子線,中山
E3D,12A,山陽バス,垂水・舞子線,中山西口
E3D,12C,山陽バス,垂水・舞子線,東多聞
E3D,12E,山陽バス,垂水・舞子線,木工センター
E3D,130,山陽バス,垂水・舞子線,学が丘 (垂水警察署前)
E3D,131,山陽バス,垂水・舞子線,学園都市駅前
E3D,134,山陽バス,垂水・舞子線,神和台口
E3D,136,山陽バス,垂水・舞子線,奥畑口
E3D,138,山陽バス,垂水・舞子線,奥畑
E3D,13A,山陽バス,垂水・舞子線,神戸医療センター下
E3D,13C,山陽バス,垂水・舞子線,名谷駅
E3D,13E,山陽バス,垂水・舞子線,竜が台小学校前
E3D,140,山陽バス,垂水・舞子線,北須磨高校前
E3D,142,山陽バス,垂水・舞子線,名谷テニスガーデン前
E3D,144,山陽バス,垂水・舞子線,土池公園前
E3D,146,山陽バス,垂水・舞子線,桃山台
E3D,148,山陽バス,垂水・舞子線,青山台
E3D,14A,山陽バス,垂水・舞子線,桃山台3丁目
E3D,14B,山陽バス,垂水・舞子線,つつじが丘3丁目
E3D,14C,山陽バス,垂水・舞子線,つつじが丘2丁目
E3D,150,山陽バス,垂水・舞子線,松風台
E3D,154,山陽バス,垂水・舞子線,桃山台南口
E3D,158,山陽バス,垂水・舞子線,美山台
E3D,159,山陽バス,垂水・舞子線,福田小学校前
E3D,15C,山陽バス,垂水・舞子線,舞子駅前
E3D,15E,山陽バス,垂水・舞子線,西舞子2丁目
E3D,160,山陽バス,垂水・舞子線,舞子台8丁目
E3D,162,山陽バス,垂水・舞子線,東舞子小学校前
E3D,200,山陽バス,垂水・舞子線,舞子台4丁目
E3D,202,山陽バス,垂水・舞子線,舞子台3丁目
E3D,204,山陽バス,垂水・舞子線,学園正門前
E3D,206,山陽バス,垂水・舞子線,星陵台1丁目
E3D,208,山陽バス,垂水・舞子線,星陵台3丁目
E3D,20A,山陽バス,垂水・舞子線,県商前
E3D,216,山陽バス,垂水・舞子線,舞子台6丁目
E3D,218,山陽バス,垂水・舞子線,舞子小学校前
E3D,21A,山陽バス,垂水・舞子線,舞子坂1丁目
E3D,21C,山陽バス,垂水・舞子線,舞子坂3丁目
E3D,21E,山陽バス,垂水・舞子線,舞子坂4丁目
E3D,220,山陽バス,垂水・舞子線,西岡橋
E3D,222,山陽バス,垂水・舞子線,南多聞台2丁目
E3D,224,山陽バス,,明舞北センター
E3D,226,山陽バス,,南多聞台7丁目
E3D,228,山陽バス,,明舞センター
E3D,22A,山陽バス,,狩口台1丁目
E3D,22C,山陽バス,,明舞団地口
E3D,22E,山陽バス,,朝霧駅前
E3D,234,山陽バス,垂水・舞子線,大門橋
E3D,236,山陽バス,垂水・舞子線,本多聞7丁目
E3D,238,山陽バス,垂水・舞子線,本多聞5丁目
E3D,239,山陽バス,垂水・舞子線,本多聞4丁目
E3D,23A,山陽バス,垂水・舞子線,舞子高校前
E3D,23C,山陽バス,垂水・舞子線,多聞東小学校前
E3D,23E,山陽バス,垂水・舞子線,学が丘4丁目
E3D,248,山陽バス,垂水・舞子線,多聞寺前
E3D,24A,山陽バス,垂水・舞子線,多聞団地口
E3D,24C,山陽バス,垂水・舞子線,多聞台3丁目
E3D,24E,山陽バス,垂水・舞子線,多聞台4丁目
E3D,250,山陽バス,垂水・舞子線,多聞台
E3D,252,山陽バス,垂水・舞子線,多聞団地センター
E3D,254,山陽バス,垂水・舞子線,本多聞2丁目
E3D,256,山陽バス,垂水・舞子線,本多聞3丁目
E3D,258,山陽バス,垂水・舞子線,垂水警察署前
E3D,259,山陽バス,垂水・舞子線,舞多聞口
E3D,25C,山陽バス,垂水・舞子線,神陵台小学校前
E3D,25E,山陽バス,垂水・舞子線,神陵台
E3D,25F,山陽バス,垂水・舞子線,長尾辻
E3D,260,山陽バス,垂水・舞子線,伊川谷高校前
E3D,300,山陽バス,垂水・舞子線,小束山手2丁目
E3D,302,山陽バス,垂水・舞子線,小束山手1丁目
E3D,304,山陽バス,垂水・舞子線,学園緑が丘
E3D,30A,山陽バス,垂水・舞子線,小束山6丁目
E3D,30C,山陽バス,垂水・舞子線,小束山小学校
E3D,30E,山陽バス,垂水・舞子線,小束山4丁目
E3D,310,山陽バス,垂水・舞子線,小束山1丁目
E3D,32A,山陽バス,垂水・舞子線,小束台西
E3D,32C,山陽バス,垂水・舞子線,小束台
E3D,32E,山陽バス,垂水・舞子線,舞多聞西7丁目
E3D,330,山陽バス,垂水・舞子線,舞多聞西5丁目
E3D,332,山陽バス,垂水・舞子線,学園南公園前
E3D,334,山陽バス,垂水・舞子線,舞多聞東2丁目
E3D,336,山陽バス,垂水・舞子線,星陵台公園
E3D,34E,山陽バス,垂水・舞子線,水道局垂水センター前
E3D,350,山陽バス,,順心神戸病院前
E3D,354,山陽バス,垂水・舞子線,神和台3丁目
E3D,356,山陽バス,垂水・舞子線,神和台南公園前
E3D,358,山陽バス,垂水・舞子線,神和台1丁目
E3D,400,山陽バス,明石線,明石駅(南のりば)
E3D,401,山陽バス,明石線 61系統,明石駅(東のりば)
E3D,416,山陽バス,明石線,朝霧3丁目南
E3D,418,山陽バス,明石線,朝霧3丁目
E3D,41A,山陽バス,明石線,朝霧小学校前
E3D,41C,山陽バス,明石線,松が丘3丁目
E3D,41E,山陽バス,明石線,松が丘小学校南
E3D,420,山陽バス,明石線,松が丘5丁目
E3D,422,山陽バス,明石線,松が丘小学校前
E3D,424,山陽バス,明石線,松が丘5丁目南
E3D,426,山陽バス,明石線,松が丘4丁目
E3D,428,山陽バス,明石線,大蔵谷清水
E3D,42A,山陽バス,明石線,大蔵谷清水西
E3D,438,山陽バス,明石線,明舞中央病院前
E3D,43A,山陽バス,明石線,松が丘1丁目
E3D,450,山陽バス,明石線 61/62系統,明石市役所前
E3D,800,山陽バス,二見線,山陽西二見駅
E3D,802,山陽バス,二見線,明石西高校前
E3D,804,山陽バス,二見線,土山南
E3D,806,山陽バス,二見線,西二見岡の上
E3D,808,山陽バス,二見線,JR土山駅南口
E3D,80A,山陽バス,二見線,二見北小学校前
E3D,80E,山陽バス,二見線,明石回生病院前
E3D,810,山陽バス,二見線,二見農協前
E3D,812,山陽バス,二見線,山陽東二見駅
E3D,814,山陽バス,二見線,宮前
E3D,816,山陽バス,二見線,西二見
E3D,818,山陽バス,二見線,イトーヨーカドー前
E3D,81A,山陽バス,二見線,海浜公園前
E3D,81C,山陽バス,二見線,二見浄化センター前
E3D,81E,山陽バス,二見線,二見浄化センター南
E3D,820,山陽バス,二見線,海浜プール前
E3D,822,山陽バス,二見線,南二見13番
E3D,824,山陽バス,二見線,南二見15番
E3D,826,山陽バス,二見線,水産技術センター前
E3D,828,山陽バス,二見線,南二見21番
E3D,82A,山陽バス,二見線,南二見1番
E3D,82C,山陽バス,二見線,東新島14番
E3D,82E,山陽バス,二見線,東新島8番
E3D,830,山陽バス,二見線,南二見1番南
E3D,832,山陽バス,二見線,南二見9番
E3D,834,山陽バス,二見線,二見北郵便局前
E42,0,和歌山バス,,共通
E42,1,和歌山バス,,南海和歌山市駅案内所
E42,2,和歌山バス,,JR和歌山駅 自動チャージ機
E42,3,和歌山バス,,本町4丁目
E42,4,和歌山バス,,本町3丁目
E42,5,和歌山バス,,本町2丁目
E42,6,和歌山バス,,京橋
E42,7,和歌山バス,,和歌山城前
E42,8,和歌山バス,,市役所前
E42,9,和歌山バス,,県庁前
E42,A,和歌山バス,,真砂町
E42,B,和歌山バス,,日赤医療センター前
E42,C,和歌山バス,,小松原五丁目
E42,D,和歌山バス,,堀止
E42,E,和歌山バス,,高松北
E42,F,和歌山バス,,高松
E42,10,和歌山バス,,水軒口
E42,11,和歌山バス,,秋葉山
E42,12,和歌山バス,,和歌浦口
E42,13,和歌山バス,,和歌浦
E42,14,和歌山バス,,津屋
E42,15,和歌山バス,,医大病院前
E42,16,和歌山バス,,紀三井寺住宅前
E42,17,和歌山バス,,紀三井寺
E42,18,和歌山バス,,名草小学校前
E42,19,和歌山バス,,布引
E42,1A,和歌山バス,,布引南
E42,1B,和歌山バス,,競技場前
E42,1C,和歌山バス,,浜の宮
E42,1D,和歌山バス,,琴の浦
E42,1E,和歌山バス,,黒江
E42,1F,和歌山バス,,東浜
E42,20,和歌山バス,,日方
E42,21,和歌山バス,,日方南
E42,22,和歌山バス,,海南駅前
E42,27,和歌山バス,,玉津島神社前
E42,28,和歌山バス,,不老橋
E42,29,和歌山バス,,曙橋
E42,2A,和歌山バス,,権現前
E42,2B,和歌山バス,,大道町
E42,2C,和歌山バス,,新和歌浦
E42,2D,和歌山バス,,三木町新通
E42,2E,和歌山バス,,北の新地
E42,2F,和歌山バス,,新内
E42,30,和歌山バス,,JR和歌山駅
E42,36,和歌山バス,,城北橋
E42,39,和歌山バス,,マリーナシティ
E42,3A,和歌山バス,,船尾西
E42,3B,和歌山バス,,琴の浦水門
E42,3C,和歌山バス,,北新橋
E42,3D,和歌山バス,,ブラクリ丁三丁目
E42,3E,和歌山バス,,ブラクリ丁
E42,3F,和歌山バス,,堀詰橋
E42,40,和歌山バス,,三木町
E42,41,和歌山バス,,美園町
E42,42,和歌山バス,,木広町
E42,43,和歌山バス,,吹屋町四丁目
E42,44,和歌山バス,,北出島
E42,45,和歌山バス,,手平出島
E42,46,和歌山バス,,新手平
E42,47,和歌山バス,,宮前口
E42,48,和歌山バス,,北中島
E42,49,和歌山バス,,南中島
E42,4A,和歌山バス,,南小雑賀
E42,4B,和歌山バス,,和田川橋
E42,4C,和歌山バス,,三葛
E42,4D,和歌山バス,,医大病院東口
E42,4E,和歌山バス,,和歌公園
E42,4F,和歌山バス,,千鳥磯
E42,50,和歌山バス,,蓬莱岩
E42,51,和歌山バス,,新和歌遊園
E42,52,和歌山バス,,田の浦口
E42,53,和歌山バス,,田の浦中道
E42,54,和歌山バス,,田の浦
E42,55,和歌山バス,,浪早崎
E42,56,和歌山バス,,観潮遊園
E42,57,和歌山バス,,小浜口
E42,58,和歌山バス,,雑賀崎
E42,59,和歌山バス,,雑賀崎遊園
E42,5A,和歌山バス,,泊浜
E42,5B,和歌山バス,,石切場
E42,5C,和歌山バス,,大浦
E42,5D,和歌山バス,,養翠園前
E42,5E,和歌山バス,,長路
E42,5F,和歌山バス,,栗栖
E42,60,和歌山バス,,西浜
E42,61,和歌山バス,,和歌山工業高校前
E42,62,和歌山バス,,西浜口
E42,63,和歌山バス,,松ヶ丘
E42,100,和歌山バス,,湊本町三丁目
E42,101,和歌山バス,,小野町三丁目
E42,102,和歌山バス,,久保町四丁目
E42,103,和歌山バス,,材木町
E42,104,和歌山バス,,築地橋
E42,105,和歌山バス,,舟津町
E42,106,和歌山バス,,花王橋
E42,107,和歌山バス,,小二里
E42,108,和歌山バス,,西小二里二丁目
E42,109,和歌山バス,,大浦口
E42,10A,和歌山バス,,奥天神
E42,10C,和歌山バス,,大橋
E42,10D,和歌山バス,,雑賀道
E42,10E,和歌山バス,,屋形町
E42,10F,和歌山バス,,岡山町
E42,110,和歌山バス,,県庁正門前
E42,111,和歌山バス,,東長町
E42,112,和歌山バス,,西長町
E42,113,和歌山バス,,築港一丁目
E42,114,和歌山バス,,築港三丁目
E42,115,和歌山バス,,築港五丁目
E42,116,和歌山バス,,青岸橋
E42,118,和歌山バス,,東仲間町
E42,119,和歌山バス,,志摩神社前
E42,11A,和歌山バス,,貝柄町
E42,11B,和歌山バス,,大門川橋
E42,11C,和歌山バス,,吉田
E42,11D,和歌山バス,,友田町五丁目
E42,11E,和歌山バス,,JR和歌山駅東口
E42,11F,和歌山バス,,雄松町三丁目
E42,120,和歌山バス,,島崎町二丁目
E42,122,和歌山バス,,土佐町三丁目
E42,123,和歌山バス,,湊御殿三丁目
E42,124,和歌山バス,,魁橋
E42,125,和歌山バス,,湊
E42,126,和歌山バス,,運輸支局前
E42,127,和歌山バス,,屋形町五丁目
E42,128,和歌山バス,,雄松町五丁目
E42,129,和歌山バス,,島崎町七丁目
E42,12A,和歌山バス,,新堀橋
E42,12B,和歌山バス,,井原町
E42,12C,和歌山バス,,宇須
E42,12D,和歌山バス,,南宇須
E42,12E,和歌山バス,,打越
E42,12F,和歌山バス,,塩屋
E42,130,和歌山バス,,和歌浦中央病院前
E42,131,和歌山バス,,和歌浦東
E42,132,和歌山バス,,小人町
E42,133,和歌山バス,,土入橋
E42,134,和歌山バス,,河北中学校前
E42,135,和歌山バス,,狐島宮前
E42,136,和歌山バス,,延時
E42,137,和歌山バス,,向団地
E42,138,和歌山バス,,貴志
E42,139,和歌山バス,,大学口
E42,13A,和歌山バス,,和歌山大学
E42,13B,和歌山バス,,市駅東
E42,13C,和歌山バス,,北島
E42,144,和歌山バス,,梶取
E42,145,和歌山バス,,梶取北
E42,146,和歌山バス,,次郎丸
E42,147,和歌山バス,,貴志中
E42,148,和歌山バス,,梅原
E42,149,和歌山バス,,木の本口
E42,14A,和歌山バス,,石橋
E42,14B,和歌山バス,,警察学校口
E42,14C,和歌山バス,,木の本
E42,14D,和歌山バス,,東福島
E42,14E,和歌山バス,,粟
E42,14F,和歌山バス,,土橋
E42,150,和歌山バス,,水道橋
E42,151,和歌山バス,,すみれ団地
E42,152,和歌山バス,,善明寺
E42,153,和歌山バス,,鳴滝団地
E42,154,和歌山バス,,梶取東
E42,155,和歌山バス,,紀の川駅前
E42,156,和歌山バス,,市小路
E42,157,和歌山バス,,平井
E42,158,和歌山バス,,楠見小学校前
E42,159,和歌山バス,,大谷東
E42,15A,和歌山バス,,楠見行者前
E42,15B,和歌山バス,,公民館前
E42,15C,和歌山バス,,園部
E42,15D,和歌山バス,,有功
E42,15E,和歌山バス,,鯉川
E42,15F,和歌山バス,,六十谷
E42,160,和歌山バス,,垂井
E42,161,和歌山バス,,来田
E42,162,和歌山バス,,鳥井
E42,163,和歌山バス,,高川
E42,200,和歌山バス,,府中
E42,201,和歌山バス那賀,,紀伊団地
E42,202,和歌山バス那賀,,紀伊小学校前
E42,203,和歌山バス那賀,,弘西
E42,204,和歌山バス那賀,,紀伊駅前
E42,205,和歌山バス,,北野
E42,206,和歌山バス,,川永西口
E42,207,和歌山バス,,川永団地
E42,218,和歌山バス,,西の庄
E42,219,和歌山バス,,本脇
E42,21A,和歌山バス,,磯脇
E42,21B,和歌山バス,,日野口
E42,21C,和歌山バス,,坂田
E42,223,和歌山バス,,南太田
E42,224,和歌山バス,,向陽高校前
E42,225,和歌山バス,,日前宮前
E42,226,和歌山バス,,秋月
E42,227,和歌山バス,,鳴神住宅前
E42,228,和歌山バス,,井辺
E42,229,和歌山バス,,寺内
E42,22A,和歌山バス,,岡崎農協前
E42,22B,和歌山バス,,岡崎
E42,22C,和歌山バス,,東高校前
E42,22D,和歌山バス,,岡崎駅前
E42,22E,和歌山バス,,東中学校前
E42,234,和歌山バス,,団地西口
E42,235,和歌山バス,,中通り
E42,236,和歌山バス,,鳴神団地
E42,237,和歌山バス,,花山
E42,238,和歌山バス,,西岩橋
E42,239,和歌山バス,,紀伊風土記の丘
E42,258,和歌山バス,,手平一丁目
E42,259,和歌山バス,,餌差町
E42,25A,和歌山バス,,大学門前
E42,25B,和歌山バス,,わかうら園前
E42,25E,和歌山バス,,紀三井寺駅
E42,25F,和歌山バス,,医大病院
E42,260,和歌山バス,,西脇中学校前
E42,261,和歌山バス,,ゲートゴルフ場前
E42,262,和歌山バス,,ふれあいの郷
E42,305,和歌山バス,,鷹匠町五丁目
E42,307,和歌山バス,,マリーナ口
E42,308,和歌山バス,,信愛短期大学
E42,309,和歌山バス,,黒田
E42,30A,和歌山バス,,嘉家作
E42,30B,和歌山バス,,楠見中
E42,30C,和歌山バス,,東洋台
E42,30D,和歌山バス,,善明寺北
E42,30E,和歌山バス,,近畿大学附属和歌山校前
E42,30F,和歌山バス,,公園前西
E42,310,和歌山バス,,藤戸
E42,312,和歌山バス,,市民体育館前
E42,313,和歌山バス,,榎原
E42,314,和歌山バス,,木本小学校口
E42,315,和歌山バス,,労災病院前
E42,316,和歌山バス,,西の庄公園口
E42,31A,和歌山バス,,和歌山港駅
E42,31C,和歌山バス,,西二番丁
E42,31D,和歌山バス,,西三番丁
E42,31E,和歌山バス,,西四番丁
E42,31F,和歌山バス,,西五番丁
E42,320,和歌山バス,,東一番丁
E42,321,和歌山バス,,東二番丁北
E42,323,和歌山バス,,浜代
E42,324,和歌山バス,,榎原西
E42,325,和歌山バス,,沖の田橋
E42,328,和歌山バス,,海南警察署前
E42,329,和歌山バス,,栄谷
E42,32A,和歌山バス,,栄谷西
E42,32E,和歌山バス,,スーパーセンターオークワ前
E42,32F,和歌山バス,,砂山南
E42,331,和歌山バス,,海南医療センター前
E42,332,和歌山バス,,ノーリツ鋼機前
E42,338,和歌山バス,,和歌山大学前駅
E42,33B,和歌山バス,,和歌山大学前駅西口
E42,33C,和歌山バス,,北島橋
E42,A62,和歌山バス那賀,,西村山口
E42,A63,和歌山バス那賀,,上黒谷
E42,B00,和歌山バス那賀,,池の川
E42,B03,和歌山バス那賀,,西安上
E42,B05,和歌山バス那賀,,根来(紀伊粉河線)
E42,B07,和歌山バス那賀,,野上野
E42,B0B,和歌山バス那賀,,中三谷
E42,B1B,和歌山バス那賀,,近畿大学 (和歌山キャンパス)
E42,B22,和歌山バス那賀,,岩出駅前
E42,B4E,和歌山バス那賀,,粉河駅前
E42,B52,和歌山バス那賀,,神通
E42,B57,和歌山バス那賀,,熊取駅前
E42,B5E,和歌山バス那賀,,樽井駅前
E42,B5F,和歌山バス那賀,,砂川駅前
E42,C24,和歌山バス那賀,,相谷らんかん橋
E42,C26,和歌山バス那賀,,根来西
E42,C27,和歌山バス那賀,,野上野西
E42,D13,和歌山バス那賀,,山
E42,D16,和歌山バス那賀,,木積川
E42,D37,和歌山バス那賀,,F.B.T
E42,D3B,和歌山バス那賀,,りんくうタウン駅前
E51,0,奈良交通,,共通
E51,1,奈良交通,,谷田町
E51,62,奈良交通,リムジンバス,関西国際空港
E51,126,奈良交通,,阪奈菅原 (喜光寺前)
E51,14B,奈良交通,,北の庄
E51,209,奈良交通,,目川
E51,20A,奈良交通,,大川原
E51,20B,奈良交通,,梅の郷月ヶ瀬温泉
E51,20C,奈良交通,,尾山診療所前
E51,20E,奈良交通,,奈良大学構内
E51,20F,奈良交通,,寺脇
E51,210,奈良交通,,石打
E51,212,奈良交通,飛鳥線/橿原市コミュニティバス 2/23/文系統/橿原市,明日香小山
E51,213,奈良交通,,明日香奥山・飛鳥資料館西
E51,229,奈良交通,,杏南町
E51,22A,奈良交通,,高畑町 (奈良教育大学)
E51,22B,奈良交通,,高畑住宅
E51,236,奈良交通,,奈良東国際介護福祉学院
E51,237,奈良交通,,鹿野園町
E51,238,奈良交通,,川上町
E51,251,奈良交通,,中ノ川東
E51,252,奈良交通,,東鳴川
E51,253,奈良交通,,岩船寺口
E51,254,奈良交通,,綾吾谷
E51,255,奈良交通,,南庄
E51,256,奈良交通,,北村
E51,257,奈良交通,,須川
E51,258,奈良交通,,両
E51,259,奈良交通,,上狭川
E51,25A,奈良交通,,狭川
E51,25B,奈良交通,,下狭川
E51,261,奈良交通,,尾上町
E51,300,奈良交通,,須山
E51,301,奈良交通,,田原御陵
E51,302,奈良交通,,矢田原口
E51,338,奈良交通,,富雄駅
E51,432,奈良交通,済生会奈良病院線 22/23系統,済生会奈良病院
E51,433,奈良交通,六条赤膚線 67/68/69系統,六条幼稚園東口
E51,434,奈良交通,六条赤膚線 67/68/69系統,五条山団地
E51,43C,奈良交通,,塚穴公園
E51,500,奈良交通,,朱雀四丁目
E51,501,奈良交通,,朱雀五丁目
E51,502,奈良交通,,ならやま研究パーク
E51,503,奈良交通,,左京二丁目
E51,505,奈良交通,,神功三丁目
E51,506,奈良交通,,右京四丁目西
E51,511,奈良交通,,兜台三丁目
E51,512,奈良交通,,兜台二丁目
E51,513,奈良交通,,山田川駅
E51,514,奈良交通,,ハイタッチ・リサーチパーク
E51,51C,奈良交通,,中有市
E51,51D,奈良交通,,下有市
E51,51E,奈良交通,,有市口
E51,51F,奈良交通,,切山口
E51,520,奈良交通,,草畑
E51,521,奈良交通,,木屋
E51,526,奈良交通,,恭仁大橋
E51,527,奈良交通,,中森
E51,55A,奈良交通,,佐紀駐在所
E51,631,奈良交通,,若草台
E51,632,奈良交通,,若草台中央
E51,633,奈良交通,,丸山橋
E51,634,奈良交通,,藤の木台四丁目
E51,635,奈良交通,,長芝橋
E51,636,奈良交通,,鳥見町二丁目
E51,637,奈良交通,,鳥見町三丁目
E51,638,奈良交通,,ショッピングセンター
E51,639,奈良交通,,公団管理事務所
E51,63A,奈良交通,,富雄団地北町
E51,63B,奈良交通,,鳥見小学校
E51,63C,奈良交通,,帝塚山南四丁目
E51,63D,奈良交通,,帝塚山南一丁目
E51,63E,奈良交通,,帝塚山西二丁目 (奈良西養護学校)
E51,63F,奈良交通,,帝塚山南二丁目
E51,640,奈良交通,,近畿大学
E51,641,奈良交通,,富雄泉ヶ丘
E51,642,奈良交通,,近大橋
E51,643,奈良交通,,精華町役場東
E51,644,奈良交通,,北田原
E51,645,奈良交通,,北田原口
E51,646,奈良交通,,下田原
E51,647,奈良交通,,山口川
E51,648,奈良交通,,出店
E51,649,奈良交通,,岩屋口
E51,64A,奈良交通,,お松の宮
E51,64B,奈良交通,,新生駒台北口
E51,662,奈良交通,,田原台七丁目
E51,663,奈良交通,,北谷公園
E51,700,奈良交通,,池谷
E51,701,奈良交通,,喜里が丘一丁目
E51,702,奈良交通,,喜里が丘南口
E51,706,奈良交通,,高船口
E51,707,奈良交通,,鐘付田
E51,708,奈良交通,,東庄田
E51,71C,奈良交通,,生駒市図書会館
E51,71D,奈良交通,,生駒辻町
E51,71E,奈良交通,,さつき台住宅
E51,71F,奈良交通,,さつき台一丁目 (生駒市福祉センター)
E51,720,奈良交通,,東生駒四丁目
E51,721,奈良交通,,東生駒三丁目
E51,722,奈良交通,,東生駒二丁目
E51,723,奈良交通,,けやき通り北
E51,732,奈良交通,,杵築橋 (杵築神社前)
E51,811,奈良交通,,上牧町文化センター
E51,812,奈良交通,,上牧町役場
E51,813,奈良交通,,米山台
E51,814,奈良交通,,服部記念病院
E51,815,奈良交通,,高塚台一丁目
E51,816,奈良交通,,広瀬台二丁目
E51,817,奈良交通,,中山台二丁目
E51,818,奈良交通,,大輪田駅
E51,81B,奈良交通,,馬見中五丁目
E51,81C,奈良交通,,香芝高校
E51,81D,奈良交通,,真美ヶ丘一丁目
E51,81E,奈良交通,,五位堂駅
E51,81F,奈良交通,,王寺出合橋
E51,820,奈良交通,,神前橋
E51,821,奈良交通,,追分
E51,822,奈良交通,,大田口
E51,823,奈良交通,,王寺霊園
E51,824,奈良交通,,天平台
E51,825,奈良交通,,張井
E51,830,奈良交通,,尼寺
E51,831,奈良交通,,白鳳台一丁目
E51,832,奈良交通,,白鳳台中央
E51,833,奈良交通,,白鳳台二丁目
E51,835,奈良交通,,立野南二丁目
E51,836,奈良交通,,湯ノ口
E51,837,奈良交通,,城山台三丁目
E51,838,奈良交通,,城山台自治会館
E51,839,奈良交通,,城山台一丁目
E51,83A,奈良交通,,信貴山下駅
E51,83B,奈良交通,,信貴ヶ丘
E51,83E,奈良交通,,信貴山
E51,83F,奈良交通,,信貴大橋
E51,842,奈良交通,,城山台五丁目
E51,843,奈良交通,,奈良学園大学
E51,844,奈良交通,,西真美口
E51,845,奈良交通,,西真美三丁目
E51,846,奈良交通,,西真美二丁目南
E51,847,奈良交通,,西真美二丁目
E51,903,奈良交通,,北花内
E51,904,奈良交通,,奈良東病院
E51,905,奈良交通,,新庄
E51,907,奈良交通,,東中
E51,908,奈良交通,,栄町
E51,90B,奈良交通,,古川町
E51,90C,奈良交通,,天神橋
E51,90E,奈良交通,,大塚
E51,910,奈良交通,,広陵平尾
E51,911,奈良交通,,疋相
E51,913,奈良交通,,赤部
E51,921,奈良交通,,古市町南
E51,922,奈良交通,,山の辺小学校前
E51,925,奈良交通,,窪之庄
E51,926,奈良交通,,窪之庄南
E51,927,奈良交通,,森本
E51,928,奈良交通,,白河橋
E51,934,奈良交通,,指柳
E51,941,奈良交通,,上長岡 (長岳寺前)
E51,942,奈良交通,,柳本 (崇神天皇陵前)
E51,943,奈良交通,,渋谷 (景行天皇陵前)
E51,944,奈良交通,,相撲神社口
E51,954,奈良交通,,国道針
E51,957,奈良交通,,国道神野口
E51,958,奈良交通,,国道山添
E51,961,奈良交通,,上入田
E51,963,奈良交通,,竹取公園東
E51,A00,奈良交通,,親里大路
E51,A01,奈良交通,,天理教本部前
E51,A02,奈良交通,,石上神宮前
E51,A03,奈良交通,,豊井
E51,A04,奈良交通,,二本松
E51,A05,奈良交通,,下滝本
E51,A07,奈良交通,,天理ダム
E51,A08,奈良交通,,長滝口
E51,A09,奈良交通,,仁興口
E51,A0A,奈良交通,,苣原
E51,A0B,奈良交通,,天理ゴルフ場
E51,A0C,奈良交通,,やすらぎ園
E51,A0D,奈良交通,天理都祁線 29系統,浄土
E51,A0E,奈良交通,,福住
E51,A0F,奈良交通,,井之市口
E51,A10,奈良交通,,上山田
E51,A11,奈良交通,,中山田
E51,A12,奈良交通,,下山田
E51,A13,奈良交通,天理都祁線 29系統,馬場
E51,A1B,奈良交通,天理都祁線 29系統,高松
E51,A1C,奈良交通,天理都祁線 29系統,上戸賀橋
E51,A1F,奈良交通,,天理市民会館
E51,A20,奈良交通,,天理商工会館
E51,A21,奈良交通,,奥畑口
E51,A23,奈良交通,,天理大学
E51,A24,奈良交通,,和束高橋
E51,A25,奈良交通,,撰原
E51,A26,奈良交通,,白栖口
E51,A27,奈良交通,,和束長井
E51,A28,奈良交通,,和束山の家
E51,A29,奈良交通,,和束河原
E51,A2A,奈良交通,,中和束
E51,A2B,奈良交通,,和束中学校
E51,A2C,奈良交通,,榛原駅
E51,A36,奈良交通,,吐山清水
E51,A37,奈良交通,,吐山北口
E51,A38,奈良交通,,外の橋
E51,A39,奈良交通,,南白石
E51,A3A,奈良交通,,南之庄東口
E51,A3B,奈良交通,,都祁南之庄
E51,A3C,奈良交通,,来迎寺
E51,A3D,奈良交通,,並松
E51,A3E,奈良交通,,友田
E51,A3F,奈良交通,,都祁中学校
E51,A40,奈良交通,,針郵便局
E51,A41,奈良交通,,針東口
E51,A4E,奈良交通,,和束町原山
E51,A4F,奈良交通,,二ノ瀬
E51,A50,奈良交通,,五ノ瀬
E51,A51,奈良交通,,中村
E51,A52,奈良交通,,和束湯船
E51,A53,奈良交通,,岩倉
E51,A55,奈良交通,,桜井駅筋
E51,A56,奈良交通,,桜井駅南口
E51,A57,奈良交通,,御幸田町
E51,A58,奈良交通,,薬師町
E51,A59,奈良交通,,外山
E51,A5A,奈良交通,,宇陀が辻
E51,A5B,奈良交通,,信夫が丘
E51,A5C,奈良交通,,忍坂 (石位寺口)
E51,A5D,奈良交通,,下尾口
E51,A5E,奈良交通,,粟原
E51,A5F,奈良交通,,中女寄
E51,A60,奈良交通,,笠間辻
E51,A61,奈良交通,,麻生田
E51,A62,奈良交通,桜井菟田野線 71系統,梅の木
E51,A63,奈良交通,,和束清水橋
E51,B00,奈良交通,,内原
E51,B01,奈良交通,,都合殿
E51,B02,奈良交通,,和束町小杉
E51,B03,奈良交通,,西山
E51,B04,奈良交通,,大宇陀迫間
E51,B05,奈良交通,,大宇陀
E51,B09,奈良交通,,岩崎東口
E51,B0A,奈良交通,,古市場水分神社
E51,B0B,奈良交通,,古市場地蔵の辻
E51,B0C,奈良交通,,松井西
E51,B0F,奈良交通,,菟田野
E51,B10,奈良交通,,野依
E51,B11,奈良交通,,下井足口
E51,B12,奈良交通,,中西
E51,B13,奈良交通,,篠楽
E51,B14,奈良交通,,五津
E51,B15,奈良交通,,宇陀平尾
E51,B16,奈良交通,,小附
E51,B17,奈良交通,,五十軒
E51,B1A,奈良交通,,榛原大橋
E51,B1B,奈良交通,,下井足
E51,B1C,奈良交通,,木綿橋
E51,B1D,奈良交通,,上井足中
E51,B1E,奈良交通,,上井足
E51,B1F,奈良交通,,池上
E51,B20,奈良交通,,高塚
E51,B21,奈良交通,,比布
E51,B22,奈良交通,,母里
E51,B23,奈良交通,,母里南
E51,B24,奈良交通,,宇陀藤井
E51,B25,奈良交通,,岩崎橋
E51,B26,奈良交通,,松井橋
E51,B2D,奈良交通,,福地
E51,B2E,奈良交通,,長峯公民館
E51,B2F,奈良交通,,天満台西二丁目
E51,B30,奈良交通,,天満台西四丁目
E51,B31,奈良交通,,天満台東二丁目
E51,B32,奈良交通,,天満台東三丁目
E51,B36,奈良交通,,室生口大野駅
E51,B37,奈良交通,,大野寺
E51,B38,奈良交通,,三社ノ森
E51,B39,奈良交通,,栢森宅前
E51,B3A,奈良交通,,室生寺
E51,B3B,奈良交通,,室生郵便局
E51,B3C,奈良交通,,室生龍穴神社
E51,B46,奈良交通,,上田口弁天
E51,B5A,奈良交通,,勢野北五丁目
E51,B5B,奈良交通,28/29系統[王寺],勢野北三丁目
E51,B5C,奈良交通,28/29系統[王寺],勢野北二丁目
E51,B5D,奈良交通,28/29系統[王寺],勢野北一丁目
E51,B5E,奈良交通,29系統[王寺],三郷中央公園
E51,B5F,奈良交通,28/29/42/43系統[王寺],明治橋
E51,B62,奈良交通,,宇陀市立病院
E51,B63,奈良交通,,五味原
E51,C00,奈良交通,,桧牧
E51,C01,奈良交通,,桧牧市場
E51,C02,奈良交通,,自明
E51,C03,奈良交通,,高井
E51,C04,奈良交通,,赤埴口
E51,C05,奈良交通,,八滝
E51,C06,奈良交通,,内牧口
E51,C07,奈良交通,,内牧西口
E51,C08,奈良交通,,下内牧
E51,C09,奈良交通,,内牧
E51,C0A,奈良交通,,内牧郵便局
E51,C0B,奈良交通,,内牧東口
E51,C0C,奈良交通,,上内牧
E51,C0D,奈良交通,,弁財天
E51,C0E,奈良交通,,高石
E51,C0F,奈良交通,,山粕西口
E51,C10,奈良交通,,山粕
E51,C11,奈良交通,,山粕局前
E51,C12,奈良交通,,山粕東口
E51,C13,奈良交通,,八辻橋
E51,C14,奈良交通,,薮内橋
E51,C15,奈良交通,,掛西口
E51,C16,奈良交通,,掛
E51,C17,奈良交通,,掛東口
E51,C18,奈良交通,,曽爾長野
E51,C19,奈良交通,,曽爾学校前
E51,C1A,奈良交通,,曽爾
E51,C1B,奈良交通,,曽爾村役場
E51,C1F,奈良交通,,豊浦駐車場
E51,C20,奈良交通,,明日香村役場
E51,C21,奈良交通,,健康福祉センター
E51,C22,奈良交通,明日香周遊バス・赤かめ,天武・持統陵
E51,C23,奈良交通,明日香周遊バス・赤かめ 15,高松塚
E51,C24,奈良交通,,キトラ
E51,C2B,奈良交通,,桜公園
E51,C41,奈良交通,,佐倉峠
E51,C42,奈良交通,,ひよしのさとマルシェ
E51,C43,奈良交通,,鷲家
E51,C44,奈良交通,,鷲家谷
E51,C45,奈良交通,,一の谷(東吉野)
E51,C46,奈良交通,,万代橋
E51,C47,奈良交通,,千代橋
E51,C57,奈良交通,,大和上市駅
E51,C58,奈良交通,,上市
E51,C59,奈良交通,,上市橋
E51,C5A,奈良交通,,リバーフィールドよしの
E51,C5B,奈良交通,,上市局前
E51,C5C,奈良交通,,吉野町役場
E51,C5D,奈良交通,,上市水泳場
E51,C5E,奈良交通,,轟
E51,C5F,奈良交通,,立野
E51,C60,奈良交通,,立野口
E51,D0D,奈良交通,,東吉野村役場
E51,D2E,奈良交通,,宇賀志
E51,D2F,奈良交通,,佐倉
E51,D30,奈良交通,,佐倉正光寺
E51,D31,奈良交通,,桜実神社
E51,D32,奈良交通,,鷲家口
E51,D46,奈良交通,八木耳成線 63/64/73/74/77系統,八木駅(東) (橿原文化会館前)
E51,D47,奈良交通,桜井飛鳥線,万葉文化館
E51,D48,奈良交通,,新賀町
E51,D49,奈良交通,,新の口
E51,D57,奈良交通,,ミグランス橿原市役所分庁舎
E51,D59,奈良交通,,橿原市役所前
E51,D5A,奈良交通,,医大病院玄関口
E51,D5B,奈良交通,,橿原総合庁舎
E51,D62,奈良交通,多武峯線,神之森町
E51,D63,奈良交通,多武峯線,河西能登町
E51,E00,奈良交通,多武峯線,浅古
E51,E01,奈良交通,多武峯線,聖林寺
E51,E02,奈良交通,多武峯線,赤鳥居
E51,E03,奈良交通,多武峯線,倉橋
E51,E04,奈良交通,多武峯線,倉橋池口
E51,E05,奈良交通,多武峯線,下居 (音羽山登山口)
E51,E06,奈良交通,多武峯線,百市
E51,E07,奈良交通,多武峯線,不動滝
E51,E08,奈良交通,多武峯線,多武峯(多武峰)
E51,E09,奈良交通,多武峯線,談山神社
E51,E0E,奈良交通,,医大病院前
E51,E0F,奈良交通,28系統[八木],農業試験場
E51,E10,奈良交通,28系統[八木],畝傍御陵
E51,E11,奈良交通,28系統[八木],橿原体育館
E51,E12,奈良交通,,橿原神宮前
E51,E13,奈良交通,,橿原神宮前駅(中央口)
E51,E14,奈良交通,,久米町東
E51,E16,奈良交通,,和田町西
E51,E17,奈良交通,,菖蒲町一丁目
E51,E18,奈良交通,,菖蒲町三丁目
E51,E19,奈良交通,,菖蒲町四丁目
E51,E1A,奈良交通,,菖蒲町四丁目南
E51,E1B,奈良交通,,野口(明日香)
E51,E1C,奈良交通,,川原
E51,E1D,奈良交通,,岡橋本
E51,E1E,奈良交通,,島庄
E51,E1F,奈良交通,,岡寺前
E51,E20,奈良交通,,岡戎前
E51,E21,奈良交通,,橿原和田
E51,E22,奈良交通,,豊浦
E51,E23,奈良交通,,甘樫丘
E51,E24,奈良交通,,飛鳥
E51,E25,奈良交通,,飛鳥大仏
E51,E26,奈良交通,,岡天理教前
E51,E29,奈良交通,,石舞台
E51,E2A,奈良交通,桜井飛鳥線 37系統[桜井],治田神社
E51,E2B,奈良交通,桜井飛鳥線 37系統[桜井],明日香小原
E51,E2C,奈良交通,桜井飛鳥線 37系統[桜井],八釣
E51,E2D,奈良交通,桜井飛鳥線 37系統[桜井],奥山
E51,E2E,奈良交通,,飛鳥資料館
E51,E2F,奈良交通,,山田寺
E51,E30,奈良交通,,山田北口
E51,E31,奈良交通,,安倍小学校
E51,E32,奈良交通,,生田
E51,E33,奈良交通,,安倍文殊院
E51,E34,奈良交通,,仁王堂 (済生会中和病院)
E51,E35,奈良交通,,檜前
E51,E36,奈良交通,,飛鳥駅
E51,E37,奈良交通,,岡寺駅
E51,E46,奈良交通,,NAFIC安倍校舎
E51,E4D,奈良交通,,与喜浦
E51,E4E,奈良交通,,吉隠
E51,E4F,奈良交通,,吉隠柳口
E51,E50,奈良交通,,角柄
E51,E51,奈良交通,,久米寺前
E51,E52,奈良交通,,橿原神宮前駅西口
E51,E53,奈良交通,,久米南口
E51,E54,奈良交通,,久米橋
E51,E55,奈良交通,,公団住宅センター
E51,E56,奈良交通,,南妙法寺町
E51,E57,奈良交通,,石船下
E51,E58,奈良交通,,南白橿
E51,E5C,奈良交通,,近鉄御所駅
E51,E5D,奈良交通,,五條バスセンター
E51,E5E,奈良交通,,五条駅
E51,E5F,奈良交通,,五條町
E51,E60,奈良交通,,戎神社前
E51,E61,奈良交通,,大川橋南詰
E51,E62,奈良交通,,万葉文化館西口
E51,E63,奈良交通,,五條病院前
E51,F00,奈良交通,,霊安寺
E51,F01,奈良交通,,丹原
E51,F02,奈良交通,,上丹原
E51,F03,奈良交通,,生子
E51,F04,奈良交通,,老野
E51,F05,奈良交通,,老野南口
E51,F06,奈良交通,,神野
E51,F07,奈良交通,,賀名生和田北口
E51,F08,奈良交通,,賀名生和田
E51,F09,奈良交通,,賀名生農協前
E51,F0A,奈良交通,,上和田
E51,F0B,奈良交通,,大日川
E51,F0C,奈良交通,,黒渕
E51,F0D,奈良交通,,黒渕口
E51,F0E,奈良交通,,城戸
E51,F0F,奈良交通,,塩川原橋
E51,F10,奈良交通,,坂巻
E51,F11,奈良交通,,宗川野橋
E51,F12,奈良交通,,市原
E51,F13,奈良交通,,大久保口
E51,F14,奈良交通,,下永谷
E51,F15,奈良交通,,永谷
E51,F16,奈良交通,,天辻
E51,F17,奈良交通,,憩の家外来棟
E51,F18,奈良交通,,下天辻
E51,F19,奈良交通,,阪本
E51,F1A,奈良交通,,下阪本
E51,F1B,奈良交通,,小代下
E51,F1D,奈良交通,,辻堂口
E51,F1E,奈良交通,,大塔支所
E51,F1F,奈良交通,,辻堂
E51,F20,奈良交通,,辻堂南
E51,F21,奈良交通,,閉君
E51,F22,奈良交通,,宇井口
E51,F23,奈良交通,,宇井
E51,F24,奈良交通,,塩鶴
E51,F25,奈良交通,,長殿
E51,F26,奈良交通,,長殿発電所前
E51,F29,奈良交通,,旭橋
E51,F2A,奈良交通,,小栗栖
E51,F2B,奈良交通,,上野地
E51,F2C,奈良交通,,下上野地
E51,F2D,奈良交通,,月谷口
E51,F2E,奈良交通,,河津谷
E51,F2F,奈良交通,,高津
E51,F30,奈良交通,,高津下
E51,F31,奈良交通,,川津西
E51,F32,奈良交通,,川津
E51,F33,奈良交通,,風屋
E51,F34,奈良交通,,滝川口
E51,F35,奈良交通,,風屋花園
E51,F36,奈良交通,,野尻
E51,F37,奈良交通,,野尻口
E51,F38,奈良交通,,岩村橋
E51,F39,奈良交通,,山崎大橋
E51,F3A,奈良交通,,池穴南口
E51,F3B,奈良交通,,小井
E51,F3C,奈良交通,,上湯之原
E51,F3D,奈良交通,,湯之原
E51,F3E,奈良交通,,十津川村役場
E51,F3F,奈良交通,,十津川小原
E51,F40,奈良交通,,滝
E51,F41,奈良交通,,今戸
E51,F42,奈良交通,,折立口
E51,F43,奈良交通,,折立
E51,F44,奈良交通,,折立山崎
E51,F45,奈良交通,,込之上
E51,F46,奈良交通,,下込之上
E51,F47,奈良交通,,豆市
E51,F48,奈良交通,,鈴入
E51,F49,奈良交通,,平谷口
E51,F4A,奈良交通,,十津川温泉
E51,F4B,奈良交通,,蕨尾口
E51,F4C,奈良交通,,蕨尾
E51,F4D,奈良交通,,櫟砂古
E51,F4E,奈良交通,,桑畑小井
E51,F4F,奈良交通,,果無隧道口
E51,F50,奈良交通,,桑畑
E51,F51,奈良交通,,桑畑隧道口
E51,F52,奈良交通,,二津野
E51,F54,奈良交通,,七色
E51,F55,奈良交通,,土河屋
E51,F56,奈良交通,,八木尾
E51,F57,奈良交通,,熊野萩
E51,F58,奈良交通,,三里橋
E51,F59,奈良交通,,竹の本
E51,F5A,奈良交通,,道の駅奥熊野
E51,F5B,奈良交通,,平岩口
E51,F5C,奈良交通,,大居口
E51,F5D,奈良交通,,下向橋
E51,F5E,奈良交通,,祓所団地前
E51,F5F,奈良交通,,本宮大社前
E51,F60,奈良交通,,本宮行政局前
E51,F61,奈良交通,,大斎原前
E51,F62,奈良交通,,大日越登り口
E51,1001,奈良交通,,成石
E51,1002,奈良交通,,本宮小学校前
E51,1003,奈良交通,,ふじや前
E51,1004,奈良交通,,かめや前
E51,1005,奈良交通,,川湯温泉
E51,1006,奈良交通,,渡瀬温泉
E51,1007,奈良交通,,渡瀬
E51,1008,奈良交通,,将監の峯
E51,1009,奈良交通,,下湯川
E51,100A,奈良交通,,下湯の峰
E51,100B,奈良交通,,湯の峰温泉
E51,100C,奈良交通,,鳥屋
E51,100D,奈良交通,,船付山口
E51,100E,奈良交通,,川西
E51,100F,奈良交通,,一町東口
E51,1010,奈良交通,,東観音寺口
E51,1011,奈良交通,,越智
E51,1012,奈良交通,,東橋
E51,1013,奈良交通,,郡界橋
E51,1014,奈良交通,,掖上農協前
E51,1015,奈良交通,,東寺田
E51,1016,奈良交通,,茅原
E51,1017,奈良交通,,馬橋
E51,1018,奈良交通,,代官町
E51,1019,奈良交通,,豊年橋
E51,101A,奈良交通,,瑞駈橋
E51,101B,奈良交通,,御所橋
E51,101C,奈良交通,,御所済生会病院
E51,101E,奈良交通,,四条
E51,101F,奈良交通,,五井
E51,1020,奈良交通,,忌部
E51,1022,奈良交通,,東坊城町
E51,1023,奈良交通,,光陽中学校北
E51,1024,奈良交通,,光陽中学校
E51,1025,奈良交通,,光陽町
E51,1026,奈良交通,,シルクの杜
E51,1027,奈良交通,,一町
E51,1028,奈良交通,,JA新沢支店
E51,1029,奈良交通,,観音寺
E51,102A,奈良交通,,古作
E51,102B,奈良交通,,東坊城町南
E51,102C,奈良交通,,イオンモール橿原ウエスト・ビレッジ
E51,102E,奈良交通,,小房
E51,102F,奈良交通,,城殿口
E51,1035,奈良交通,,㋷三輪恵比須神社
E51,1037,奈良交通,,かもきみの湯
E51,1038,奈良交通,,壺阪山駅
E51,1039,奈良交通,,鶉町
E51,103A,奈良交通,,清水谷
E51,103B,奈良交通,,壷阪寺口
E51,103C,奈良交通,,壷阪寺前
E51,103D,奈良交通,,増屋橋
E51,103E,奈良交通,,富雄駅西口
E51,103F,奈良交通,,見瀬
E51,1040,奈良交通,,忍海駅
E51,1041,奈良交通,,御所元町
E51,1042,奈良交通,,御所幸町
E51,1043,奈良交通,,宮戸橋
E51,1049,奈良交通,,寺田橋
E51,104A,奈良交通,,小殿
E51,104B,奈良交通,,鳥井戸
E51,104C,奈良交通,,船路
E51,104D,奈良交通,,風の森
E51,104E,奈良交通,,東佐味
E51,104F,奈良交通,,小山
E51,1050,奈良交通,,居伝町
E51,1051,奈良交通,,住川
E51,1052,奈良交通,,国道三在
E51,1053,奈良交通,,宇野
E51,1054,奈良交通,,上今井
E51,1055,奈良交通,,栄山寺口
E51,1056,奈良交通,,今井
E51,1057,奈良交通,,テクノ東通り北
E51,1058,奈良交通,,テクノ東通り中
E51,1060,奈良交通,,テクノ中央通り中
E51,1061,奈良交通,,テクノ中央通り東
E51,1062,奈良交通,,国道曲川
E51,1100,奈良交通,,今里東
E51,1101,奈良交通,,今里
E51,1105,奈良交通,葛城登山線 80/88系統,大正農協
E51,1106,奈良交通,葛城登山線 80/88系統,新屋敷(御所市)
E51,1107,奈良交通,葛城登山線 80/88系統,櫛羅口
E51,1108,奈良交通,葛城登山線 80/88系統,櫛羅
E51,1109,奈良交通,80/88系統,小林口
E51,110A,奈良交通,80/88系統,猿目橋
E51,110B,奈良交通,80/88系統,梅室口
E51,110C,奈良交通,80/88系統,葛城ロープウェイ前
E51,110D,奈良交通,88系統,小林
E51,114E,奈良交通,,智辯学園
E51,114F,奈良交通,,辯天宗御廟
E51,1150,奈良交通,,須恵町
E51,1151,奈良交通,,五條本町三丁目
E51,1152,奈良交通,,西岡口
E51,1153,奈良交通,,下中之
E51,1154,奈良交通,,中之
E51,1156,奈良交通,,野原
E51,1157,奈良交通,,野原南口
E51,1158,奈良交通,,野原南出
E51,1159,奈良交通,,辯天宗本部
E51,115A,奈良交通,,金剛寺
E51,1163,奈良交通,,小松
E51,1209,奈良交通,,上中之
E51,120A,奈良交通,,牧野小学校
E51,120B,奈良交通,,田園二丁目
E51,120C,奈良交通,,田園三丁目
E51,120D,奈良交通,,田園四丁目
E51,120E,奈良交通,,田園一丁目
E51,120F,奈良交通,,田園五丁目南
E51,1210,奈良交通,,田園五丁目中
E51,1211,奈良交通,,田園五丁目
E51,1212,奈良交通,,金刀比羅神社口
E51,1213,奈良交通,,損保橋
E51,1214,奈良交通,,西吉野農業高校
E51,1228,奈良交通,,津越谷
E51,1229,奈良交通,,野広瀬
E51,122B,奈良交通,,高滝口
E51,122C,奈良交通,,栄和町
E51,122D,奈良交通,,土田
E51,122E,奈良交通,,芦原
E51,122F,奈良交通,,畑屋口
E51,1230,奈良交通,,矢走口
E51,1231,奈良交通,,桧垣本市場前
E51,1232,奈良交通,,上桧垣本
E51,1233,奈良交通,,大淀バスセンター
E51,1234,奈良交通,,桧垣本
E51,1235,奈良交通,,岡崎町
E51,1236,奈良交通,,下市口駅
E51,1237,奈良交通,,千石橋南詰
E51,1238,奈良交通,,西迎院前
E51,1239,奈良交通,,下市本町
E51,123A,奈良交通,,下市今在家
E51,123B,奈良交通,,札の辻
E51,123C,奈良交通,,大峯町
E51,123D,奈良交通,,下阪
E51,123E,奈良交通,,上阪
E51,123F,奈良交通,,下市集学校
E51,1240,奈良交通,,下市町役場
E51,1241,奈良交通,,善城口
E51,1242,奈良交通,,善城
E51,1243,奈良交通,,KITO・原谷口
E51,1244,奈良交通,,岩森(国道)
E51,1245,奈良交通,,岩森 (下市温泉)
E51,1246,奈良交通,,越部駅
E51,1247,奈良交通,,新野稲荷前
E51,1248,奈良交通,,馬佐口
E51,1249,奈良交通,,新野
E51,124A,奈良交通,,六田駅
E51,124B,奈良交通,,北六田
E51,124C,奈良交通,,美吉野橋
E51,124D,奈良交通,,比曽口
E51,124E,奈良交通,,増口
E51,124F,奈良交通,,津風呂湖口
E51,1250,奈良交通,,下楢井
E51,1251,奈良交通,,楢井
E51,1252,奈良交通,,上楢井
E51,1253,奈良交通,,長崎
E51,1254,奈良交通,,宮滝
E51,125E,奈良交通,,垣の瀬
E51,1301,奈良交通,,西河口
E51,1302,奈良交通,,大滝
E51,1303,奈良交通,,大津古
E51,1304,奈良交通,,寺尾
E51,1305,奈良交通,,北塩谷口
E51,1306,奈良交通,,川上村役場
E51,1307,奈良交通,,湯盛温泉杉の湯
E51,1309,奈良交通,,樫尾
E51,130A,奈良交通,,西河
E51,131E,奈良交通,,下井戸
E51,131F,奈良交通,,中井戸
E51,1323,奈良交通,,下多古
E51,1324,奈良交通,,白川渡
E51,1325,奈良交通,,上多古口
E51,1326,奈良交通,,上多古
E51,1327,奈良交通,,北和田口
E51,1328,奈良交通,,柏木
E51,1338,奈良交通,,寺内
E51,1339,奈良交通,,田中口
E51,133A,奈良交通,,下市田中
E51,133B,奈良交通,,地蔵
E51,133C,奈良交通,,下栃原
E51,133D,奈良交通,,桃木
E51,133E,奈良交通,,栃原
E51,133F,奈良交通,,上栃原
E51,1340,奈良交通,,平原口
E51,1341,奈良交通,,平原
E51,1349,奈良交通,,むすばれ橋
E51,134A,奈良交通,,西吉野温泉口
E51,134C,奈良交通,,奈良南高校吉野学舎
E51,134D,奈良交通,,不動窟
E51,134E,奈良交通,,わさび谷
E51,134F,奈良交通,,伯母峯
E51,1350,奈良交通,,大台ヶ原
E51,1351,奈良交通,,栃本口
E51,1352,奈良交通,,乳屋辻
E51,1353,奈良交通,,惣坂口
E51,1354,奈良交通,,惣坂
E51,1355,奈良交通,,大杉
E51,1356,奈良交通,,広橋峠
E51,1357,奈良交通,,庄屋辻
E51,1358,奈良交通,,高野橋
E51,1359,奈良交通,,宮前橋
E51,135A,奈良交通,,長谷口
E51,135B,奈良交通,,長谷
E51,135C,奈良交通,,丹生口
E51,135D,奈良交通,,岩阪橋
E51,135E,奈良交通,,丹生
E51,135F,奈良交通,,丹生橋
E51,1360,奈良交通,,黒滝案内センター
E51,1361,奈良交通,,蛇が谷
E51,1362,奈良交通,,下桂原
E51,1363,奈良交通,,桂原
E51,1400,奈良交通,,下笠木
E51,1401,奈良交通,,笠木
E51,1402,奈良交通,,上笠木
E51,1405,奈良交通,,天川川合
E51,1406,奈良交通,,中越
E51,1407,奈良交通,,観音峰登山口
E51,1408,奈良交通,,洞川温泉
E51,1409,奈良交通,,草谷口
E51,140A,奈良交通,,仔邑
E51,140B,奈良交通,,下立石
E51,140C,奈良交通,,蔭地
E51,140D,奈良交通,,上立石
E51,140E,奈良交通,,才谷
E51,1415,奈良交通,,南大和一丁目
E51,1416,奈良交通,,南大和二丁目
E51,1417,奈良交通,,南大和三丁目
E51,1427,奈良交通,,大迫口
E51,1428,奈良交通,,大迫ダム
E51,142A,奈良交通,,沖金
E51,142B,奈良交通,,中谷
E51,142C,奈良交通,,上沢原
E51,142D,奈良交通,,沢原
E51,142E,奈良交通,,南日裏口
E51,142F,奈良交通,,南日裏
E51,1430,奈良交通,,坪内
E51,1431,奈良交通,,九尾
E51,1432,奈良交通,,上栃尾
E51,1433,奈良交通,,栃尾
E51,1434,奈良交通,,下栃尾
E51,1435,奈良交通,,天川和田
E51,1436,奈良交通,,中和田
E51,1437,奈良交通,,下和田
E51,1438,奈良交通,,天川西谷口
E51,1439,奈良交通,,上庵住
E51,143A,奈良交通,,中庵住
E51,143B,奈良交通,,天河大弁財天社
E51,143C,奈良交通,,天の川温泉
E51,143D,奈良交通,天川村内線,㋷天の川温泉駐車場
E51,1440,奈良交通,,西吉野温泉
E51,1441,奈良交通,,神丸
E51,1456,奈良交通,,尻枝口
E51,1457,奈良交通,,下手口
E51,1458,奈良交通,,辻
E51,1459,奈良交通,,勝風口
E51,145A,奈良交通,,大畑口
E51,145B,奈良交通,,西畑口
E51,145C,奈良交通,,岩船寺
E51,145D,奈良交通,,西畑
E51,145E,奈良交通,,東小
E51,145F,奈良交通,,加茂山の家
E51,150A,奈良交通,,下地橋
E51,150B,奈良交通,,高津橋
E51,150F,奈良交通,,宮井大橋
E51,1510,奈良交通,,志古
E51,1511,奈良交通,,日足
E51,1512,奈良交通,,新宮高校前
E51,1513,奈良交通,,速玉大社前
E51,1514,奈良交通,,新宮駅
E51,1515,奈良交通,,河合
E51,1516,奈良交通,,上北山中学校
E51,1517,奈良交通,,南坂
E51,1518,奈良交通,,下田
E51,1519,奈良交通,,西原
E51,151A,奈良交通,,天が瀬
E51,151B,奈良交通,,上北山郵便局前
E51,151C,奈良交通,,失尾
E51,151D,奈良交通,,白川発電所前
E51,151E,奈良交通,,白川
E51,151F,奈良交通,,水尻
E51,1520,奈良交通,,伯母谷口
E51,1521,奈良交通,,山本茶屋
E51,1522,奈良交通,,和佐又口
E51,1523,奈良交通,,高田和
E51,1524,奈良交通,,中央橋
E51,1525,奈良交通,,深瀬
E51,1526,奈良交通,,古代
E51,1527,奈良交通,,前鬼口
E51,1528,奈良交通,,音枝
E51,1529,奈良交通,,池原ダム
E51,152A,奈良交通,,池原
E51,152B,奈良交通,,池原大橋
E51,152C,奈良交通,,池峯公園
E51,152D,奈良交通,,池峯
E51,152E,奈良交通,,南垣内
E51,152F,奈良交通,,松葉垣内
E51,1530,奈良交通,,住吉
E51,1531,奈良交通,,寺垣内駐在所前
E51,1532,奈良交通,,寺垣内
E51,1533,奈良交通,,浦向
E51,1534,奈良交通,,不動峠口
E51,1535,奈良交通,,道須
E51,1536,奈良交通,,佐田
E51,1537,奈良交通,,佐田公民館前
E51,1538,奈良交通,,下深瀬
E51,1539,奈良交通,,田戸
E51,153A,奈良交通,,地原
E51,153B,奈良交通,,上桑原
E51,153C,奈良交通,,下桑原
E51,1601,奈良交通,京都けいはんな線,京都駅八条口
E51,1602,奈良交通,京都けいはんな線,十条駅
E51,161A,奈良交通,,三山木駅
E51,161C,奈良交通,京田辺市東部循環線,飯岡
E51,161D,奈良交通,,水取
E51,161E,奈良交通,,他力橋
E51,161F,奈良交通,,普賢寺
E51,1620,奈良交通,,多々羅
E51,1621,奈良交通,,二又
E51,1622,奈良交通,,打田
E51,1623,奈良交通,,打田宮東
E51,1624,奈良交通,,車谷
E51,1625,奈良交通,,高木
E51,1626,奈良交通,,興戸
E51,1627,奈良交通,,田辺中学校
E51,1628,奈良交通,,京田辺市役所
E51,1629,奈良交通,,同志社国際中・高校
E51,162A,奈良交通,,押熊・神功
E51,162B,奈良交通,,同志社女子大学正門
E51,162D,奈良交通,,川西小学校
E51,162E,奈良交通,,僧坊
E51,162F,奈良交通,,下狛
E51,1630,奈良交通,,菱田
E51,1631,奈良交通,,宮ノ口
E51,1632,奈良交通,,江津
E51,1633,奈良交通,73系統,三山木小学校
E51,163A,奈良交通,,美禅
E51,163B,奈良交通,,草内口
E51,163C,奈良交通,,東
E51,163D,奈良交通,,田辺高校
E51,163E,奈良交通,,田辺本町
E51,1645,奈良交通,,同志社大学デイヴィス記念館
E51,1646,奈良交通,,同志社大学理工学部
E51,1647,奈良交通,,同志社大学正門
E51,1649,奈良交通,,松井天神社
E51,164B,奈良交通,,同志社北門
E51,164C,奈良交通,,梅美台五丁目
E51,164D,奈良交通,,梅美台七丁目
E51,164F,奈良交通,,中登美ヶ丘三丁目
E51,1650,奈良交通,,州見橋東
E51,1651,奈良交通,,州見台五丁目
E51,1652,奈良交通,,州見台六丁目
E51,1653,奈良交通,,梅美台小学校
E51,1654,奈良交通,,関西光量子科学研究所
E51,1655,奈良交通,,州見台七丁目東
E51,1657,奈良交通,,州見台七丁目
E51,165A,奈良交通,,州見台八丁目
E51,165C,奈良交通,,富雄
E51,165D,奈良交通,,下三橋町北
E51,165E,奈良交通,,東光小学校
E51,165F,奈良交通,,光台六丁目西
E51,1660,奈良交通,,光台六丁目
E51,1661,奈良交通,,光台五丁目
E51,1662,奈良交通,,光台二丁目
E51,1701,奈良交通,,県立図書情報館西口
E51,1704,奈良交通,,安楽寺前
E51,1705,奈良交通,,四条大路一丁目東
E51,1706,奈良交通,,法隆寺国際高校
E51,170A,奈良交通,,磐城駅
E51,170D,奈良交通,,運転免許センター
E51,170E,奈良交通,,太田
E51,1718,奈良交通,,大宮町六丁目
E51,171D,奈良交通,,興留
E51,171E,奈良交通,,太田市町
E51,1720,奈良交通,,かしの木台
E51,1721,奈良交通,,かしの木台一丁目
E51,1727,エヌシーバス,平群住宅線,上庄台
E51,1729,奈良交通,,川西町診療所前
E51,172A,奈良交通,,川西町役場前
E51,172B,奈良交通,,川西保田
E51,172C,奈良交通,,川保田
E51,172E,奈良交通,,学園緑ヶ丘一丁目
E51,172F,奈良交通,,学園緑ヶ丘二丁目
E51,1730,奈良交通,,学園緑ヶ丘二丁目北口
E51,1731,エヌシーバス,,平群北小学校
E51,1734,奈良交通,,木戸
E51,1735,奈良交通,,葛木
E51,1736,奈良交通,,葛本町新屋敷
E51,1737,奈良交通,,くちなし幼稚園前
E51,1738,奈良交通,,車木
E51,173B,エヌシーバス,,健民運動場前
E51,173C,奈良交通,,大和小泉駅
E51,1741,奈良交通,,国保中央病院
E51,1745,奈良交通,,阪手北
E51,1746,奈良交通,,阪手口
E51,1747,奈良交通,,阪手南
E51,1748,奈良交通,,薩摩
E51,1749,エヌシーバス,,はなさとこども園
E51,174B,奈良交通,,社会教育センター
E51,174C,奈良交通,,社会教育センター前
E51,174D,奈良交通,,尺土駅
E51,174F,エヌシーバス,平群住宅線,かんぽの宿大和平群
E51,1750,奈良交通,,四条大路
E51,1751,奈良交通,,四条大路一丁目
E51,1752,奈良交通,,四条大路南町
E51,1753,奈良交通,,新大宮駅前
E51,1754,奈良交通,,健康福祉センター西
E51,1755,大和高田市コミュニティバス,,新田
E51,175A,奈良交通,,鈴原
E51,1760,奈良交通,,当麻イトーピア
E51,1761,奈良交通,,當麻庁舎
E51,1763,大和高田市コミュニティバス,,高田市役所前
E51,1800,奈良交通,,高田市立病院前
E51,1804,奈良交通,,竹内
E51,180E,奈良交通,,大門橋
E51,180F,エヌシーバス,,緑ヶ丘中央公園北
E51,1810,エヌシーバス,,旧中央公民館前
E51,1813,エヌシーバス,平群住宅線,椿台2号公園前
E51,1814,エヌシーバス,平群住宅線,椿台会館前
E51,1815,エヌシーバス,平群住宅線,椿台中央通
E51,181B,奈良交通,,十市団地
E51,181F,奈良交通,,常盤町
E51,1820,奈良交通,,奈良市庁東口
E51,1825,奈良交通,,如意
E51,1827,奈良交通,,西安堵
E51,1828,奈良交通,,葛城消防署
E51,182A,エヌシーバス,,緑ヶ丘西公園
E51,182C,奈良交通,,百楽園五丁目
E51,1839,奈良交通,,百楽園三丁目
E51,183A,奈良交通,,百楽園二丁目
E51,183B,奈良交通,,百楽園四丁目
E51,183C,奈良交通,,兵家
E51,183F,奈良交通,,東安堵
E51,1840,奈良交通,,東竹田町
E51,1846,奈良交通,,法隆寺参道
E51,184A,エヌシーバス,,緑ヶ丘北
E51,184B,エヌシーバス,,緑ヶ丘ショッピングセンター前
E51,184C,エヌシーバス,,緑ヶ丘商店街前
E51,184D,エヌシーバス,,緑ヶ丘東
E51,184E,エヌシーバス,,緑ヶ丘南公園
E51,184F,奈良交通,,常盤町東
E51,1850,奈良交通,,耳成小学校前
E51,1851,エヌシーバス,,元山上口駅
E51,1854,奈良交通,,屋敷山公園前
E51,1855,奈良交通,,安富橋
E51,1858,エヌシーバス,,平群駅
E51,1859,エヌシーバス,,平群町役場
E51,185B,奈良交通,,立正佼成会前
E51,185C,エヌシーバス,平群住宅線,老人福祉センター前
E51,185D,エヌシーバス,平群住宅線,若葉台公園前
E51,185E,エヌシーバス,平群住宅線,若葉台集会所前
E51,1860,エヌシーバス,,東山駅
E51,1862,エヌシーバス,,近畿大学奈良病院
E51,191E,エヌシーバス,,平群中学校北
E51,1940,奈良交通,,三輪明神大神神社一の鳥居駐車場
E51,1941,奈良交通,,三輪明神大神神社二の鳥居
E51,1942,奈良交通,,SUMINOE
E51,1951,奈良交通,,安堵町役場
E51,1952,奈良交通,,農協前
E51,1953,奈良交通,,東安堵東口
E51,1954,奈良交通,,安堵中央公園
E51,1A05,奈良交通,,光台南
E51,1A06,奈良交通,,公園西通り
E51,1A07,奈良交通,,北大和四丁目
E51,1A09,奈良交通,,学研奈良登美ヶ丘駅(南)
E51,1A0A,奈良交通,,学研北生駒駅
E51,1A0B,奈良交通,,白庭台駅
E51,1A0C,奈良交通,,県立国際高校
E51,1A0D,奈良交通,,柘榴西
E51,1A0E,奈良交通,,青垣台一丁目
E51,1A0F,奈良交通,,青垣台二丁目
E51,1A10,奈良交通,,六条西・緑町
E51,1A11,奈良交通,,六条西三丁目
E51,1A12,奈良交通,,木津駅(東口)
E51,1A13,奈良交通,,州見台四丁目
E51,1A14,奈良交通,,梅美台三丁目
E51,1A15,奈良交通,,梅美台二丁目
E51,1A1B,奈良交通,,JR郡山駅(東)
E51,1A27,奈良交通,,春日中学校
E51,1A28,奈良交通,,木津川台九丁目
E51,1A32,奈良交通,,柳生丹生口
E51,1A33,奈良交通,,傍示(南)
E51,1A34,奈良交通,,州見台八丁目北
E51,1A35,奈良交通,,同志社山手北
E51,1A36,奈良交通,,同志社山手東
E51,1A37,奈良交通,,同志社山手中央
E51,1A39,奈良交通,,奈良学園登美ヶ丘
E51,1A3A,奈良交通,,イオンモール大和郡山
E51,1A3B,奈良交通,,常磐苑
E51,1A3C,奈良交通,,草内郵便局前
E51,1A3D,奈良交通,,南福祉センター
E51,1A3E,奈良交通,,古市老人憩の家
E51,1A3F,エヌシーバス,,くまがし橋西
E51,1A40,奈良交通,,国立奈良医療センター
E51,1A41,奈良交通,,東田辺
E51,1A42,奈良交通,,加波羅橋前
E51,1A43,奈良交通,,田辺職安前
E51,1A44,奈良交通,,木津城山台中央
E51,1A45,奈良交通,,木津城址公園
E51,1A46,奈良交通,,木津城山台九丁目
E51,1A47,奈良交通,,府営田辺団地
E51,1A48,奈良交通,,同志社山手三丁目北
E51,1A49,奈良交通,,同志社山手西
E51,1A4A,奈良交通,,同志社山手南
E51,1A4B,奈良交通,,さくらの丘公園
E51,1A4C,奈良交通,,同志社大学多々羅キャンパス
E51,1A4D,奈良交通,,木津城山台十一丁目
E51,1A4E,奈良交通,,木津城山台十二丁目
E51,1A4F,奈良交通,,木津城山台五丁目
E51,1A50,奈良交通,,木津城山台六丁目
E51,1A51,奈良交通,,京大農場
E51,1B63,奈良交通,,信貴山門
E51,1C01,奈良交通,,馬見丘陵公園
E51,1C03,奈良交通,,かしはら万葉ホール
E51,1C04,奈良交通,,橿原市藤原京資料室前
E51,1C05,奈良交通,,飛騨町
E51,1C06,奈良交通,,別所町
E51,1C07,奈良交通,,南浦町
E51,1C08,奈良交通,,南山町
E51,1C09,奈良交通,,橿原市営香久山墓園
E51,1C0A,奈良交通,,橿原市昆虫館
E51,1C0B,奈良交通,,アピタ
E51,1C0D,奈良交通,,ホテル昴
E51,1C0E,奈良交通,,朱鳳台
E51,1C0F,奈良交通,,朱鳳台西
E51,1C10,奈良交通,,山田町
E51,1C11,奈良交通,,郡山総合庁舎
E51,1C12,奈良交通,,大峯
E51,1C13,奈良交通,,南元町
E51,1C14,奈良交通,,泉の広場
E51,1C15,奈良交通,,ラスパ西大和
E51,1C16,奈良交通,,三軒屋
E51,1C17,奈良交通,,白鳳台二丁目南
E51,1D01,奈良交通,,畑屋
E51,1D02,奈良交通,,五條病院玄関口
E51,1D03,奈良交通,,和佐又山登山口
E51,1D5B,奈良交通,,生駒北スポーツセンター
E51,1D5C,奈良交通,,三松ヶ丘緑地
E51,1D5D,奈良交通,,三松ヶ丘
E51,1D5E,奈良交通,,三松ヶ丘公園
E51,1D5F,奈良交通,,あすか野小学校
E51,1D60,奈良交通,,あすか野南三丁目
E51,1D61,奈良交通,,あすか野南一丁目
E51,1D62,奈良交通,,翠光台
E51,1D63,奈良交通,,田原台九丁目西
E51,1E00,奈良交通,,大滝ダム学べる防災ステーション
E51,1E01,奈良交通,,生駒駅北口
E51,1E02,奈良交通,,NTTけいはんな
E51,1E03,奈良交通,,けいはんな記念公園
E51,1E04,奈良交通,,宮の平
E51,1E05,奈良交通,,白屋
E51,1E06,奈良交通,,人知
E51,1E07,奈良交通,,武木
E51,1E08,奈良交通,,奈良学園
E51,1E09,奈良交通,,五条駅北口
E51,1E0A,奈良交通,,南田原
E51,1E0B,奈良交通,,田原台九丁目南
E51,1E0C,奈良交通,,田原台九丁目
E51,1E0D,奈良交通,,公園東通り
E51,1E0F,奈良交通,,木津川台八丁目
E51,1E11,奈良交通,,学研けいはんなプラザ
E51,1E13,奈良交通,,岡
E51,1E14,奈良交通,,五條高校
E51,1E15,奈良交通,,星のくに
E51,1E16,奈良交通,,大塔温泉夢乃湯
E51,1E19,奈良交通,,けいはんな記念公園南
E51,1E1B,エヌシーバス,,菊美台四丁目
E51,1E1C,奈良交通,,けいなわ通り
E51,1E1D,奈良交通,,植田・南稲八妻
E51,1E1E,奈良交通,,大和八木駅(北)
E51,1E20,奈良交通,,けいはんな記念公園南
E51,2101,奈良交通,はんな号,2500円区間
E51,2301,奈良交通,,(く)山田川駅
E51,263D,奈良交通,,鷲家集会センター
E51,2801,奈良交通,,JR奈良駅(高速・リムジン)
E51,2802,奈良交通,,近鉄奈良駅(高速・リムジン)
E51,2803,奈良交通,,奈良ホテル(リムジン)
E51,2804,奈良交通,,天理(櫟本)
E51,2805,奈良交通,,天理駅(高速・リムジン)
E51,280F,奈良交通,,高田市駅(高速・リムジン)
E51,2811,奈良交通,,大和八木駅(高速・リムジン)
E51,2812,奈良交通,,桜井駅北口(高速・リムジン)
E51,2829,奈良交通,,奈良県コンベンションセンター(リムジン)
E51,282A,奈良交通,,大和西大寺駅南口(高速・リムジン)
E51,2833,奈良交通,,学研けいはんなプラザ(リムジン)
E51,2834,奈良交通,,学研奈良登美ヶ丘駅(リムジン)
E51,2835,奈良交通,,近鉄学園前駅(リムジン)
E51,283D,奈良交通,,新大宮駅(リムジン)
E51,2841,奈良交通,,第二阪奈生駒
E51,2933,奈良交通,,関西国際空港
E51,2934,奈良交通,,第2ターミナルビル
E51,2936,奈良交通,,藤ノ木台四丁目(リムジン)
E51,293D,奈良交通,,大阪国際空港
E51,2951,奈良交通,京都学研線(京都けいはんな線),京都駅八条口
E51,2952,奈良交通,京都学研線(京都けいはんな線),十条駅
E51,3201,奈良交通,いちょう号,天理駅
E51,3202,奈良交通,いちょう号,天理市民会館前
E51,3203,奈良交通,いちょう号,天理商工会館前
E51,3204,奈良交通,いちょう号,天理市役所
E51,3205,エヌシーバス,いちょう号,守目堂
E51,3206,エヌシーバス,いちょう号,田町東
E51,3207,エヌシーバス,いちょう号,田町西
E51,3208,エヌシーバス,いちょう号,イオンタウン天理
E51,3209,エヌシーバス,いちょう号,富堂東
E51,320A,エヌシーバス,いちょう号,田井庄・オークワ前
E51,320B,エヌシーバス,いちょう号,天理市立メディカルセンター
E51,320C,エヌシーバス,いちょう号,富堂西
E51,320D,エヌシーバス,いちょう号,西井戸堂
E51,320E,エヌシーバス,いちょう号,合場
E51,320F,エヌシーバス,いちょう号,嘉幡
E51,3210,エヌシーバス,いちょう号,クリーンセンター前
E51,3211,エヌシーバス,いちょう号,吉田
E51,3212,エヌシーバス,いちょう号,備前
E51,3213,エヌシーバス,いちょう号,長柄運動公園前
E51,3214,エヌシーバス,いちょう号,西長柄公民館前
E51,3215,エヌシーバス,いちょう号,筑紫公民館
E51,3216,エヌシーバス,いちょう号,九条
E51,3217,エヌシーバス,いちょう号,結崎駅
E51,3222,奈良交通,いちょう号,別所町プライスカット前
E51,3223,奈良交通,いちょう号,山の辺小学校前
E51,3224,奈良交通,いちょう号,憩の家外来棟
E51,3227,奈良交通,いちょう号,豊井
E51,3228,奈良交通,いちょう号,✋豊井中茶屋
E51,3229,奈良交通,いちょう号,✋天理教防府詰所
E51,322A,奈良交通,いちょう号,二本松
E51,322B,エヌシーバス,いちょう号,✋上二本松
E51,322C,奈良交通,いちょう号,✋地蔵前
E51,322D,奈良交通,いちょう号,下滝本
E51,322E,奈良交通,いちょう号,✋下滝本下垣内
E51,322F,奈良交通,いちょう号,✋桃尾滝口
E51,3230,奈良交通,いちょう号,上滝本
E51,3231,奈良交通,いちょう号,✋石原加工所
E51,3232,奈良交通,いちょう号,天理ダム
E51,3233,奈良交通,いちょう号,✋天理ダム管理事務所
E51,3234,奈良交通,いちょう号,長滝口
E51,3235,奈良交通,いちょう号,仁興口
E51,3236,奈良交通,いちょう号,苣原
E51,3237,奈良交通,いちょう号,仁興町
E51,3238,奈良交通,いちょう号,✋下滝本橋
E51,3239,奈良交通,いちょう号,天理ゴルフ場
E51,323A,奈良交通,いちょう号,やすらぎ園
E51,323B,奈良交通,いちょう号,✋上入田上垣内
E51,323C,奈良交通,いちょう号,上入田
E51,323D,奈良交通,いちょう号,✋天理市福祉センター口
E51,323E,奈良交通,いちょう号,✋下入田
E51,323F,奈良交通,いちょう号,✋氷室神社口
E51,3240,奈良交通,いちょう号,浄土
E51,3241,奈良交通,いちょう号,✋福住農協
E51,3242,奈良交通,いちょう号,福住
E51,3243,奈良交通,いちょう号,✋福住小学校
E51,3244,奈良交通,いちょう号,井之市口
E51,3245,奈良交通,いちょう号,上山田
E51,3246,奈良交通,いちょう号,中山田
E51,3247,奈良交通,いちょう号,✋消防団第五分団前
E51,3248,奈良交通,いちょう号,下山田
E51,3249,奈良交通,いちょう号,天理北中学校
E51,324A,奈良交通,いちょう号,別所
E51,324B,奈良交通,いちょう号,天理北大路
E51,324E,奈良交通,いちょう号,天理市庁前
E51,3251,奈良交通,いちょう号,石上神宮前
E51,3301,奈良交通,東部線/西部線/南部線,高田市駅
E51,3305,奈良交通,東部線/西部線/南部線,近鉄大和高田駅
E51,330A,奈良交通,東部線,JR高田駅
E51,3320,奈良交通,東部線/西部線,さくら荘
E51,3332,奈良交通,東部線,松塚
E51,3335,奈良交通,東部線/西部線/南部線,JR高田駅西口
E51,3501,奈良交通,,山田川駅
E51,3525,奈良交通,,狛田・下狛駅東
E51,352C,奈良交通,,東畑
E51,3604,奈良交通,,生駒山麓公園ふれあいセンター
E51,360E,生駒市コミュニティバス,,生駒駅北口
E51,3701,奈良交通,,大和八木駅
E51,3704,奈良交通,,かしはら万葉ホール
E51,3708,奈良交通,,木之本町
E51,3711,奈良交通,,奈良文化財研究所藤原宮跡資料室前
E51,3801,奈良交通,,高の原駅
E51,3802,奈良交通,,兜台一丁目
E51,3803,奈良交通,,兜台一丁目西
E51,3804,奈良交通,,兜台四丁目
E51,3805,奈良交通,,南陽高校
E51,3806,奈良交通,,ハイタッチ・リサーチパーク
E51,3807,奈良交通,,山田川駅
E51,3808,奈良交通,,木津北の庄
E51,3809,奈良交通,,清水橋
E51,380A,奈良交通,,木津中学校前
E51,380B,奈良交通,,南後背
E51,380C,奈良交通,,神田
E51,380D,奈良交通,,中央図書館
E51,380E,奈良交通,,木津本町
E51,380F,奈良交通,,木津川市役所
E51,3810,奈良交通,,木津
E51,3811,奈良交通,,木津駅
E51,3812,奈良交通,,川原田 (JA京都やましろ木津支店前)
E51,3813,奈良交通,,市坂
E51,3814,奈良交通,,市坂南口
E51,3815,奈良交通,,州見橋東
E51,3816,奈良交通,,州見台六丁目
E51,3817,奈良交通,,州見台七丁目東
E51,3818,奈良交通,,州見台七丁目
E51,3819,奈良交通,,州見台八丁目北
E51,381A,奈良交通,,州見台八丁目
E51,381B,奈良交通,,州見台五丁目
E51,381C,奈良交通,,梅美台西 (タツタテクニカルセンター前)
E51,381D,奈良交通,,関西光量子科学研究所
E51,381E,奈良交通,,梅美台小学校
E51,381F,奈良交通,,梅美台七丁目
E51,3820,奈良交通,,梅美台五丁目
E51,3821,奈良交通,,分校橋
E51,3822,奈良交通,,梅谷
E51,3829,奈良交通,,兜台七丁目
E51,382A,奈良交通,,相楽台西
E51,382B,奈良交通,,相楽台中央
E51,382C,奈良交通,,相楽台小学校
E51,382D,奈良交通,,相楽台東
E51,382E,奈良交通,,相楽
E51,382F,奈良交通,,女性センター
E51,3830,奈良交通,,相楽台北
E51,3831,奈良交通,木-2,宮之堀
E51,3832,奈良交通,,宮ノ裏西口
E51,3833,奈良交通,,宮ノ裏
E51,3834,奈良交通,木-2,白口
E51,3835,奈良交通,木-2,鹿背山
E51,383D,奈良交通,,中央体育館
E51,383E,奈良交通,,五丁目南
E51,383F,奈良交通,,いずみホール
E51,3840,奈良交通,,五丁目
E51,3841,奈良交通,,三丁目
E51,3842,奈良交通,,宮ノ前
E51,3843,奈良交通,,木津川台一丁目
E51,3844,奈良交通,,木津川台中央公園
E51,3845,奈良交通,,木津川台二丁目
E51,3846,奈良交通,,木津川台六丁目
E51,3847,奈良交通,,木津川台七丁目
E51,3848,奈良交通,,木津川台八丁目
E51,3849,奈良交通,,木津川台住宅
E51,3901,奈良交通,,カルチャー福祉センター
E51,3902,奈良交通,,安堵町役場
E51,3903,奈良交通,,農協前
E51,3904,奈良交通,,東安堵東口
E51,3905,奈良交通,,柿の里
E51,3906,奈良交通,,西安堵南
E51,3907,奈良交通,,若草の里
E51,3908,奈良交通,,かしの木台一丁目
E51,3909,奈良交通,,安堵中央公園
E51,390A,奈良交通,,窪田中
E51,390C,奈良交通,,窪田
E51,390D,奈良交通,,窪田上
E51,390E,奈良交通,,窪田東 (中家住宅前)
E51,390F,奈良交通,,窪田北
E51,3910,奈良交通,,近鉄平端駅
E51,3911,奈良交通,,額田部北町
E51,3912,奈良交通,,額安寺口
E51,3913,奈良交通,,西町
E51,3914,奈良交通,,法隆寺駅
E51,3915,奈良交通,,西安堵
E51,391C,奈良交通,,岡崎西
E51,391D,奈良交通,,岡崎
E51,391E,奈良交通,,興留
E51,391F,奈良交通,,安富橋
E51,3A01,奈良交通,,大和朝倉駅
E51,3A02,奈良交通,,朝倉台西
E51,3A03,奈良交通,,朝倉台中
E51,3A04,奈良交通,,朝倉台東
E51,3A05,奈良交通,,脇本
E51,3A06,奈良交通,,慈恩寺
E51,3A07,奈良交通,,とれとれ・オークワ前
E51,3A08,奈良交通,,粟殿口
E51,3A09,奈良交通,,桜井駅北口
E51,3A0A,奈良交通,,桜井市役所
E51,3A0B,奈良交通,,桜井市保健福祉センター
E51,3A0C,奈良交通,,上之庄・イオン桜井店
E51,3A0D,奈良交通,,仁王堂 (済生会中和病院)
E51,3A0E,奈良交通,,戒重北口
E51,3A0F,奈良交通,,桜井税務署
E51,3A10,奈良交通,,生田
E51,3A11,奈良交通,,安倍文殊院
E51,3A12,奈良交通,,桜井駅筋
E51,3A15,奈良交通,,桜井駅南口
E51,3A16,奈良交通,,御幸田町 みゆきだちょう
E51,3A1B,奈良交通,,朝倉小学校
E51,3A1C,奈良交通,,黒崎
E51,3A1D,奈良交通,,出雲
E51,3A1E,奈良交通,,桜井東中学校
E51,3A1F,奈良交通,,初瀬観光センター
E51,3A20,奈良交通,,長谷寺参道口
E51,3A21,奈良交通,,与喜浦
E51,3A22,奈良交通,,吉隠
E51,3A23,奈良交通,,吉隠柳口
E51,3A29,奈良交通,,神之森町
E51,3A2A,奈良交通,,河西能登町
E51,3A2B,奈良交通,,浅古
E51,3A2C,奈良交通,,聖林寺
E51,3A2D,奈良交通,,赤鳥居
E51,3A2E,奈良交通,,倉橋
E51,3A2F,奈良交通,,倉橋池口
E51,3A30,奈良交通,,北音羽
E51,3A31,奈良交通,,下居 (音羽山登山口)
E51,3A32,奈良交通,,百市下
E51,3A33,奈良交通,,百市
E51,3A34,奈良交通,,百市上
E51,3A35,奈良交通,,不動滝
E51,3A36,奈良交通,,多武峯(多武峰)
E51,3A37,奈良交通,,談山神社
E51,3A38,奈良交通,,桜井市総合福祉センター
E51,3A3D,奈良交通,,新屋敷
E51,3A3E,奈良交通,,大泉
E51,3A3F,奈良交通,,大西口
E51,3A40,奈良交通,,大西・江包口
E51,3A41,奈良交通,,太田
E51,3A42,奈良交通,,山の辺病院
E51,3A43,奈良交通,,纒向県営住宅
E51,3A44,奈良交通,,東田
E51,3A45,奈良交通,,豊前
E51,3A46,奈良交通,,豊田
E51,3A47,奈良交通,,豊田住宅
E51,3A48,奈良交通,,芝打合町
E51,3A49,奈良交通,,大豆越
E51,3C0A,奈良交通,,岡(コミ)
E51,3C0B,奈良交通,,五條高校(コミ)
E51,3C0C,奈良交通,,田園一丁目(コミ)
E51,3C0D,奈良交通,,田園二丁目(コミ)
E51,3C0E,奈良交通,,田園五丁目南(コミ)
E51,3C0F,奈良交通,,水沢口(コミ)
E51,3C10,奈良交通,,五條西中学校(コミ)
E51,3C11,奈良交通,,なつみ台一丁目北(コミ)
E51,3C12,奈良交通,,なつみ台一丁目(コミ)
E51,3C13,奈良交通,,なつみ台二丁目(コミ)
E51,3C19,奈良交通,,五條町(コミ)
E51,3C1A,奈良交通,,五條バスセンター
E51,3C1B,奈良交通,,五条駅(コミ)
E51,3C1C,奈良交通,,五条駅北口(コミ)
E51,3C2B,奈良交通,,田園四丁目(コミ)
E51,3C2C,奈良交通,,田園三丁目(コミ)
E51,3C2E,奈良交通,,今井(コミ)
E51,3C2F,奈良交通,,栄山寺口(コミ)
E51,3C30,奈良交通,,上今井(コミ)
E51,3C31,奈良交通,,宇野(コミ)
E51,3C32,奈良交通,,国道三在(コミ)
E51,3C33,奈良交通,,住川(コミ)
E51,3C34,奈良交通,,居伝町(コミ)
E51,3C35,奈良交通,,県営南和団地口(コミ)
E51,3C36,奈良交通,,テクノ東通り北(コミ)
E51,3C37,奈良交通,,エルベタウン(コミ)
E51,3C38,奈良交通,,阿田峯公園(コミ)
E51,3C39,奈良交通,,大野新田西(コミ)
E51,3C3A,奈良交通,,大野新田東(コミ)
E51,3C3B,奈良交通,,南奈良総合医療センター(コミ)
E51,3C3C,奈良交通,,福神駅(コミ)
E51,3C3D,奈良交通,,五條市役所(コミ)
E51,3C3E,奈良交通,,田園五丁目中(コミ)
E51,3C3F,奈良交通,,田園五丁目(コミ)
E51,3C40,奈良交通,,須恵(コミ)
E51,3F01,奈良交通,,近鉄高田駅
E51,3F02,奈良交通,,イズミヤ広陵店
E51,3F03,奈良交通,,南郷市場
E51,3F04,奈良交通,,南郷
E51,3F05,奈良交通,,南郷北口
E51,3F06,奈良交通,,広陵町役場
E51,3F07,奈良交通,,さわやかホール
E51,3F08,奈良交通,,中央公民館
E51,3F09,奈良交通,,古寺南口
E51,3F0A,奈良交通,,古寺
E51,3F0B,奈良交通,,中
E51,3F0C,奈良交通,,はしお元気村
E51,3F0E,奈良交通,,萱野
E51,3F0F,奈良交通,,的場
E51,3F10,奈良交通,,大和広陵高校前
E51,3F11,奈良交通,,国保中央病院
E51,3F15,奈良交通,,百済二条
E51,3F18,奈良交通,,百済寺公園前
E51,3F19,奈良交通,,百済渕口
E51,3F1A,奈良交通,,百済森
E51,3F1B,奈良交通,,広瀬杉ノ木
E51,3F1C,奈良交通,,広瀬
E51,3F1D,奈良交通,,与楽寺前
E51,3F1E,奈良交通,,広瀬林口
E51,3F1F,奈良交通,,箸尾駅前
E51,3F20,奈良交通,,大場
E51,3F21,奈良交通,,萱野北口
E51,3F22,奈良交通,,沢
E51,3F23,奈良交通,,大野
E51,3F24,奈良交通,,大野南口
E51,3F25,奈良交通,,寺戸北口
E51,3F26,奈良交通,,寺戸南口 (三恵クリニック前)
E51,3F29,奈良交通,,笠
E51,3F2A,奈良交通,,赤部
E51,3F2E,奈良交通,,西小学校北口
E51,3F31,奈良交通,,馬見北一丁目
E51,3F32,奈良交通,,図書館 (竹取公園前)
E51,3F33,奈良交通,,馬見北三丁目
E51,3F34,奈良交通,,馬見北三丁目西口
E51,3F36,奈良交通,,馬見北六丁目
E51,3F37,奈良交通,,馬見北九丁目
E51,3F38,奈良交通,,馬見中五丁目
E51,3F39,奈良交通,,真美ヶ丘センター
E51,3F3A,奈良交通,,真美ヶ丘七丁目
E51,3F3B,奈良交通,,馬見南六丁目
E51,3F3C,奈良交通,,馬見南四丁目
E51,3F3D,奈良交通,,馬見南二丁目
E51,3F3E,奈良交通,,馬見南三丁目
E51,3F3F,奈良交通,,六道山西口
E51,3F40,奈良交通,,みささぎ台
E51,3F41,奈良交通,,大塚
E51,3F42,奈良交通,,安部
E51,3F43,奈良交通,,広陵平尾
E51,3F44,奈良交通,,エバグリーン広陵店前
E51,3F45,奈良交通,,古寺町営住宅北
E51,3F46,奈良交通,,竹取公園北
E51,3F47,奈良交通,,馬見北四丁目
E51,3F48,奈良交通,,疋相西
E51,3F49,奈良交通,,広陵東体育館
E51,3F4A,奈良交通,,広陵東小学校東
E51,3F4B,奈良交通,,真美ヶ丘中学校東
E51,3F4C,奈良交通,,コープなんごう
E51,4101,エヌシーバス,,平群駅(コミ)
E51,4102,エヌシーバス,,平群町役場(コミ)
E51,4103,エヌシーバス,,旧中央公民館前(コミ)
E51,4104,エヌシーバス,,老人福祉センター前(コミ)
E51,4105,エヌシーバス,,森脇橋(コミ)
E51,4106,エヌシーバス,,光ヶ丘二丁目(コミ)
E51,4107,エヌシーバス,,初香台1号公園(コミ)
E51,4108,エヌシーバス,,初香台四丁目(コミ)
E51,4109,エヌシーバス,,若井新池前(コミ)
E51,410A,エヌシーバス,,若井2号公園南(コミ)
E51,410B,エヌシーバス,,旧人権交流センター前(コミ)
E51,410C,エヌシーバス,,旧南保育園(コミ)
E51,410D,エヌシーバス,,プリズムへぐり(コミ)
E51,410E,エヌシーバス,,竜田川駅西側(コミ)
E51,4110,エヌシーバス,,春日丘中五条通北(コミ)
E51,4111,エヌシーバス,,春日丘中三条通南(コミ)
E51,4112,エヌシーバス,,春日丘会館(コミ)
E51,4113,エヌシーバス,,竜田川駅東側(コミ)
E51,4114,エヌシーバス,,椿井交差点南(コミ)
E51,4115,エヌシーバス,,北信貴ヶ丘自治会館(コミ)
E51,4116,エヌシーバス,,竜田川団地3番公園(コミ)
E51,4117,エヌシーバス,,竜田川ネオポリス(コミ)
E51,4118,エヌシーバス,,竜田川ネオポリス北(コミ)
E51,4119,エヌシーバス,,竜田川団地入口(コミ)
E51,411B,エヌシーバス,,道の駅(コミ)
E51,411C,エヌシーバス,,ザ・ビッグエクストラ平群店(コミ)
E51,411D,エヌシーバス,,三里南交差点(コミ)
E51,411E,エヌシーバス,,長屋王御陵公園東(コミ)
E51,411F,エヌシーバス,,上庄東(コミ)
E51,4120,エヌシーバス,,月見台(コミ)
E51,4121,エヌシーバス,,東山駅(コミ)
E51,4122,エヌシーバス,,上庄自治会館前(コミ)
E51,4123,エヌシーバス,,上庄農村環境改善センター(コミ)
E51,4124,エヌシーバス,,元山上口駅(コミ)
E51,4125,エヌシーバス,,大空の家西(コミ)
E51,4126,エヌシーバス,,椹原(コミ)
E51,4128,エヌシーバス,,はなさとこども園(コミ)
E51,4129,エヌシーバス,,平群中学校(コミ)
E51,412A,エヌシーバス,,福貴団地(コミ)
E51,412B,エヌシーバス,,大津門池(コミ)
E51,412C,エヌシーバス,,総合スポーツセンター(コミ)
E51,412D,エヌシーバス,,旧西小学校(コミ)
E51,412E,エヌシーバス,,信貴畑待合所(コミ)
E51,412F,エヌシーバス,,信貴畑集落センター(コミ)
E51,4130,エヌシーバス,,久安寺久保入口(コミ)
E51,4131,エヌシーバス,,久安寺北垣内入口(コミ)
E51,4132,エヌシーバス,,福貴畑大石橋下(コミ)
E51,4133,エヌシーバス,,福貴畑集落センター(コミ)
E51,4134,エヌシーバス,,福貴畑集落センター北(コミ)
E51,4135,エヌシーバス,,櫟原(コミ)
E51,4136,エヌシーバス,,鳴川(コミ)
E51,4137,エヌシーバス,,緑ヶ丘大谷公園北(コミ)
E51,4138,エヌシーバス,,くまがし橋西(コミ)
E51,4411,奈良交通,,大淀町役場(コミ)
E51,4412,奈良交通,,美吉野台入口(コミ)
E51,4413,奈良交通,,香梨台(コミ)
E51,4414,奈良交通,,グリーンポリス入口(コミ)
E51,4415,奈良交通,,大阿太高原東(コミ)
E51,4416,奈良交通,,南和病院前(コミ)
E51,4417,奈良交通,,南奈良総合医療センター(ゆ)
E51,441B,奈良交通,,福神駅(ゆ)
E51,5010,奈良交通,,朱雀門ひろば(ぐるっとバス)
E51,5015,奈良交通,,大仏殿前駐車場(ぐるっとバス)
E51,5017,奈良交通,,奈良県コンベンションセンター(ぐるっとバス)
E51,5018,奈良交通,,朱雀門ひろば前(ぐるっとバス)
E51,5019,奈良交通,,大和西大寺駅南口(ぐるっとバス)
E51,5342,奈良交通,臨時バス,正暦寺
E51,5343,奈良交通,臨時バス,大安寺門前駐車場
E51,5349,奈良交通,臨時バス,三本松駅
E51,534A,奈良交通,臨時バス,滝谷花しょうぶ園
E51,534B,奈良交通,臨時バス,長谷寺
E51,5351,奈良交通,吉野山臨時バス,吉野中千本公園
E51,5352,奈良交通,吉野山臨時バス,近鉄吉野駅
E51,594C,奈良交通,平城宮跡ルート(青ルート),大極殿
E51,594D,奈良交通,平城宮跡ルート(青ルート),朱雀門ひろば
E51,595A,奈良交通,,元興寺・ならまち
E51,595E,奈良交通,,手向山八幡宮・二月堂前
E51,595F,奈良交通,,若草山麓
E51,5962,奈良交通,,高畑駐車場・浮見堂
E51,5A01,奈良交通,,ポンプ倉庫前
E51,5A02,奈良交通,,法用北口
E51,5A03,奈良交通,,園田口
E51,5A08,奈良交通,,広岡口
E51,5A09,奈良交通,,下狭川上町
E51,5A0A,奈良交通,,狭川スポーツ広場入口
E51,5A0B,奈良交通,,九頭神社
E51,5A0D,奈良交通,,温胡庵
E51,5A0E,奈良交通,,須川下出
E51,5A0F,奈良交通,,相和建設
E51,5A10,奈良交通,,興東小学校西口
E51,5A11,奈良交通,,須川大橋
E51,5A12,奈良交通,,有埜垣内
E51,5A1E,奈良交通,,柳生
E51,5A25,奈良交通,,下久保宅前
E51,5A26,奈良交通,,邑地上出橋
E51,5A27,奈良交通,,西出橋
E51,5A2A,奈良交通,,久保田亭前
E51,5A2B,奈良交通,,立野寺参道口
E51,5A2C,奈良交通,,観世橋
E51,5A2D,奈良交通,,尾羽根製茶工場前
E51,5A2E,奈良交通,,上尾羽根
E51,5A2F,奈良交通,,大谷出口
E51,5A34,奈良交通,,田原中学校
E51,5A35,奈良交通,,中ノ庄
E51,5A36,奈良交通,,寺縄手
E51,5A38,奈良交通,,下水間ターン場
E51,5A39,奈良交通,,松尾下出
E51,5A3A,奈良交通,,桐山
E51,5A3B,奈良交通,,杉原口
E51,5A5C,奈良交通,,宮ノ裏
E51,5A5D,奈良交通,,宮ノ裏西口
E51,5B06,奈良交通,,獅子ヶ丘自治会館前
E51,5B08,奈良交通,,川崎橋
E51,5B0E,奈良交通,,宮ノ町
E51,5B10,奈良交通,,西小集荷場
E51,5B11,奈良交通,,五輪塔
E51,5B12,奈良交通,,大木屋
E51,5B1B,奈良交通,,初メ
E51,5B1C,奈良交通,,同志社口
E51,5B2B,奈良交通,,針西口
E51,5B2C,奈良交通,,都祁給食センター
E51,5B2D,奈良交通,,友田住宅前
E51,5B2E,奈良交通,,向出西垣内
E51,5B2F,奈良交通,,水分神社
E51,5B30,奈良交通,,来迎寺公民館
E51,5B31,奈良交通,,甲岡口
E51,5B32,奈良交通,,都祁農協南支所
E51,5B33,奈良交通,,丸山垣内口
E51,5B34,奈良交通,,城山登山口
E51,5B35,奈良交通,,会所前
E51,5B36,奈良交通,,第二センター入口
E51,5B37,奈良交通,,広中宅前
E51,5B38,奈良交通,,香酔峠
E51,5C10,奈良交通,,東海自然歩道入口
E51,5C1A,奈良交通,多武峯線,音羽
E51,5C1B,奈良交通,多武峯線,百市下
E51,5C1C,奈良交通,多武峯線,百市上
E51,5D0B,奈良交通,,下市町役場前
E51,5D37,奈良交通,,和田局前
E51,5D38,奈良交通,,菊谷宅前
E51,5E0A,奈良交通,,南原
E51,5E0B,奈良交通,,田辺病院
E51,5E0C,奈良交通,,飯岡・西原
E51,5F0B,奈良交通,,自由乗降指定地 (西登美ヶ丘①)
E51,5F0C,奈良交通,,自由乗降指定地 (西登美ヶ丘②)
E51,5F0D,奈良交通,,自由乗降指定地 (西登美ヶ丘③)
E51,5F15,奈良交通,,自由乗降指定地 (中登美ヶ丘①)
E51,5F1F,奈良交通,,自由乗降指定地 (赤膚山①)
E51,5F29,奈良交通,,自由乗降指定地 (大和町①)
E51,5F2A,奈良交通,,自由乗降指定地 (大和町②)
E51,5F2B,奈良交通,,自由乗降指定地 (大和町③)
E51,5F33,奈良交通,,自由乗降指定地 (西千代ヶ丘①)
E51,5F34,奈良交通,,自由乗降指定地 (西千代ヶ丘②)
E51,5F5B,奈良交通,橿原団地線 25/26/28系統,✋自由乗降指定地 (南白橿①)
E51,5F5C,奈良交通,橿原団地線 25/26/28系統,✋自由乗降指定地 (南白橿②)
E51,5F5D,奈良交通,橿原団地線 26/28系統,✋自由乗降指定地 (南白橿③)
E51,5F5E,奈良交通,橿原団地線 (25)/26/28系統,✋自由乗降指定地 (南白橿④)
E51,6102,奈良交通,,臨時
E51,6307,奈良交通,京都学研線(京都けいはんな線),けいはんな学研都市地域
E96,13,近江鉄道バス,瀬田飛島線,瀬田駅
E96,14,近江鉄道バス,,月の輪
E96,15,近江鉄道バス,,島津製作所前 (島津メクテム前)
E96,21,近江鉄道バス,,南草津駅
E96,53,近江鉄道バス,,草津駅
E96,55,近江鉄道バス,,渋川
E96,75,近江鉄道バス,,小野山
E96,76,近江鉄道バス,,パナソニック東口(坂側)
E96,96,近江鉄道バス,,立命館大学
E96,97,近江鉄道バス,瀬田飛島線,立命館大学
E96,170,近江鉄道バス,,バイパス野路
E96,182,近江鉄道バス,,立命館大学正門前
E96,185,近江鉄道バス,,青山一丁目
E96,189,近江鉄道バス,,立命館大学
E96,190,近江鉄道バス,,草津駅
E96,191,近江鉄道バス,,立命館大学
E96,192,近江鉄道バス,,南草津駅
E96,196,近江鉄道バス,,青山七丁目
E96,203,近江鉄道バス,,南草津駅
E96,207,近江鉄道バス,,東矢倉職員住宅
E96,210,近江鉄道バス,,南草津駅
E96,211,近江鉄道バス,,南草津駅
E96,212,近江鉄道バス,,南草津駅
E96,213,近江鉄道バス,,立命館大学
E96,214,近江鉄道バス,,南草津駅
E96,533,近江鉄道バス,,瀬田駅
E96,534,近江鉄道バス,,笠山口
E96,536,近江鉄道バス,,笠山
E96,594,近江鉄道バス,,大津市公設市場
E96,600,近江鉄道バス,,瀬田駅
E96,610,近江鉄道バス,,笠山
E96,620,近江鉄道バス,南草津飛島線,立命館大学
E96,734,近江鉄道バス,瀬田飛島線,立命館大学
E96,741,近江鉄道バス,瀬田飛島線,立命館大学
E96,742,近江鉄道バス,,南草津駅
E96,743,近江鉄道バス,,立命館大学
E96,744,近江鉄道バス,,南草津駅
E96,790,近江鉄道バス,,教習所前
E96,2030,近江鉄道バス,,小野山
E96,2070,近江鉄道バス,南草津飛島線,松ヶ丘七丁目
E96,2130,近江鉄道バス,瀬田飛島線,パナソニック前
E96,2140,近江鉄道バス,,パナソニック東口(坂側)
E96,2480,近江鉄道バス,瀬田飛島線,瀬田駅
E96,2760,近江鉄道バス,瀬田飛島線,青山五丁目
E96,2770,近江鉄道バス,南草津飛島線,青山七丁目
E96,2920,近江鉄道バス,草津立命線,草津駅
E96,3720,近江鉄道バス,南草津飛島線,南草津駅
E96,3760,近江鉄道バス,南草津立命線,南田山
E96,4230,近江鉄道バス,南草津立命線,野路
E96,4370,近江鉄道バス,瀬田飛島線/草津立命線/南草津立命線,立命館大学
E96,5580,近江鉄道バス,瀬田飛島線,島津製作所前 (島津メクテム前)
F00,0,日ノ丸自動車,,共通
F00,1,日ノ丸自動車,,桑原
F00,2,日ノ丸自動車,,澄水
F00,3,日ノ丸自動車,,楠根
F00,5,日ノ丸自動車,,鳴滝
F00,7,日ノ丸自動車,,診療所前(青谷町)
F00,8,日ノ丸自動車,,不動滝入口
F00,A,日ノ丸自動車,,紙屋
F00,D,日ノ丸自動車,,田原谷
F00,E,日ノ丸自動車,,八葉寺入口
F00,F,日ノ丸自動車,,北河原
F00,13,日ノ丸自動車,,川積
F00,16,日ノ丸自動車,,亀尻
F00,1B,日ノ丸自動車,,城山団地
F00,24,日ノ丸自動車,,谷田
F00,2A,日ノ丸自動車,,駅南団地
F00,2B,日ノ丸自動車,,青谷中学校前
F00,2D,日ノ丸自動車,,青谷駅口(駅寄り)
F00,33,日ノ丸自動車,,青谷駅
F00,53,日ノ丸自動車,,青谷町総合支所前
F00,69,日ノ丸自動車,,小畑上
F00,6D,日ノ丸自動車,,神社前(山口神社・青谷)
F00,6F,日ノ丸自動車,,小畑(青谷町)
F00,75,日ノ丸自動車,,山根(青谷町)
F00,7E,日ノ丸自動車,,和紙工房前
F00,80,日ノ丸自動車,,河原(青谷町)
F00,87,日ノ丸自動車,,公民館前(河内)
F00,8D,日ノ丸自動車,,支所前(河内)
F00,91,日ノ丸自動車,,矢原(鹿野)
F00,93,日ノ丸自動車,,河内(河内上条)
F00,9B,日ノ丸自動車,,山王滝入口
F00,CC,日ノ丸自動車,,青谷
F00,CD,日ノ丸自動車,,長和瀬
F00,CE,日ノ丸自動車,,青谷西町入口
F00,CF,日ノ丸自動車,,井手入口
F00,E1,日ノ丸自動車,,鹿野温泉公園
F00,EB,日ノ丸自動車,,浜村駅
F00,EC,日ノ丸自動車,,湯花団地(鹿野荘入口)
F00,ED,日ノ丸自動車,,河津原
F00,107,日ノ丸自動車,,中園(鹿野)
F00,109,日ノ丸自動車,,浜村温泉
F00,118,日ノ丸自動車,,今町(鹿野町)
F00,120,日ノ丸自動車,,仁風閣・県立博物館
F00,122,日ノ丸自動車,,市立武道館
F00,124,日ノ丸自動車,,鹿野小学校
F00,130,日ノ丸自動車,,鹿野町総合支所前
F00,142,日ノ丸自動車,,安蔵
F00,14C,日ノ丸自動車,,立町(鹿野町)
F00,151,日ノ丸自動車,,上町(鹿野町)
F00,166,日ノ丸自動車,,鹿野営業所
F00,167,日ノ丸自動車,,鹿野営業所前
F00,188,日ノ丸自動車,,生協病院前
F00,18C,日ノ丸自動車,,丹防
F00,18E,日ノ丸自動車,,河内車庫
F00,193,日ノ丸自動車,,河内(車庫近辺)
F00,19B,日ノ丸自動車,,河内口
F00,1A1,日ノ丸自動車,,洞谷
F00,1A3,日ノ丸自動車,,矢矯
F00,1A5,日ノ丸自動車,,矢矯口
F00,1AA,日ノ丸自動車,,鳥取警察署入口
F00,1AC,日ノ丸自動車,,双六原
F00,1AD,日ノ丸自動車,,双六原口
F00,1AE,日ノ丸自動車,,小原(河内)
F00,1B3,日ノ丸自動車,,一ツ橋
F00,1BA,日ノ丸自動車,,瀬田蔵
F00,1CD,日ノ丸自動車,,瀬田蔵口
F00,1CF,日ノ丸自動車,,槙原
F00,1D2,日ノ丸自動車,,洞谷口
F00,1D4,日ノ丸自動車,,妙徳寺
F00,1E0,日ノ丸自動車,,湯谷(吉岡温泉)
F00,1EB,日ノ丸自動車,,北村(河原)
F00,1F2,日ノ丸自動車,,吉岡温泉
F00,1FC,日ノ丸自動車,,吉岡中央
F00,1FE,日ノ丸自動車,,支所前(北村)
F00,204,日ノ丸自動車,,坂根(松上)
F00,205,日ノ丸自動車,,イオン正面入口
F00,20A,日ノ丸自動車,,吉岡温泉口
F00,20C,日ノ丸自動車,,湖南学園前
F00,20E,日ノ丸自動車,,松上
F00,210,日ノ丸自動車,,北村口
F00,211,日ノ丸自動車,,田中橋
F00,21F,日ノ丸自動車,,松原上
F00,222,日ノ丸自動車,,明治小学校前
F00,22C,日ノ丸自動車,,松原(吉岡方面)
F00,22D,日ノ丸自動車,,松原(農協前)
F00,23F,日ノ丸自動車,,金原
F00,244,日ノ丸自動車,,弓河内
F00,24B,日ノ丸自動車,,報徳
F00,24C,日ノ丸自動車,,小畑(河原町)
F00,24E,日ノ丸自動車,,細見口
F00,252,日ノ丸自動車,,鴻ノ巣団地
F00,253,日ノ丸自動車,,小河内橋
F00,259,日ノ丸自動車,,小河内(河原町)
F00,25E,日ノ丸自動車,,上上原
F00,264,日ノ丸自動車,,上原(鳥取市)
F00,267,日ノ丸自動車,,良田
F00,268,日ノ丸自動車,,尾崎入口
F00,26C,日ノ丸自動車,,福祉センター前(湖山町)
F00,26D,日ノ丸自動車,,湯谷(河原町)
F00,276,日ノ丸自動車,,青島公園
F00,27F,日ノ丸自動車,,上段
F00,281,日ノ丸自動車,,堀越(湖山町)
F00,287,日ノ丸自動車,,高住(鳥取市)
F00,28C,日ノ丸自動車,,小畑(用瀬町)
F00,2A2,日ノ丸自動車,,下段
F00,2A9,日ノ丸自動車,,大森
F00,2B0,日ノ丸自動車,,西高江
F00,2B4,日ノ丸自動車,,高江町
F00,2B7,日ノ丸自動車,,湖山西
F00,2C7,日ノ丸自動車,,倉見
F00,2DF,日ノ丸自動車,,尾崎病院前
F00,2E4,日ノ丸自動車,,公園前(湖山池ナチュラルガーデン前)(布勢)
F00,2E9,日ノ丸自動車,,野坂
F00,2FC,日ノ丸自動車,,豊実公民館前
F00,303,日ノ丸自動車,,小倉
F00,313,日ノ丸自動車,,小倉口(河原町)
F00,315,日ノ丸自動車,,農協前(布勢)
F00,324,日ノ丸自動車,,篠坂(今在家近辺)
F00,32C,日ノ丸自動車,,山王さん前
F00,332,日ノ丸自動車,,湖山南三丁目
F00,341,日ノ丸自動車,,布勢
F00,343,日ノ丸自動車,,今在家
F00,350,日ノ丸自動車,,湖山
F00,357,日ノ丸自動車,,宮谷(鳥取市)
F00,359,日ノ丸自動車,,今在家口
F00,35D,日ノ丸自動車,,公民館前(河原町)
F00,362,日ノ丸自動車,,賀露海岸
F00,363,日ノ丸自動車,,松原(用瀬)
F00,367,日ノ丸自動車,,湖山駅前
F00,36B,日ノ丸自動車,,七区
F00,36C,日ノ丸自動車,,北村(鳥取)
F00,374,日ノ丸自動車,,八区
F00,387,日ノ丸自動車,,賀露中央
F00,38A,日ノ丸自動車,,嶋
F00,38C,日ノ丸自動車,,出合(智頭町)
F00,390,日ノ丸自動車,,里仁
F00,399,日ノ丸自動車,,神社前(賀露町)
F00,3C6,日ノ丸自動車,,賀露大橋
F00,3C9,日ノ丸自動車,,岩吉
F00,3E3,日ノ丸自動車,,世紀団地
F00,3E6,日ノ丸自動車,,曳田(北村方面)
F00,41E,日ノ丸自動車,,徳尾
F00,444,日ノ丸自動車,,イオン鳥取北
F00,44F,日ノ丸自動車,,上袋河原
F00,49A,日ノ丸自動車,,下袋河原
F00,536,日ノ丸自動車,,安長
F00,560,日ノ丸自動車,,大井手
F00,58F,日ノ丸自動車,,中央病院
F00,593,日ノ丸自動車,,古海
F00,59C,日ノ丸自動車,,中央病院口
F00,5A9,日ノ丸自動車,,八千代橋
F00,5B5,日ノ丸自動車,,血液センター前
F00,5D1,日ノ丸自動車,,新住宅
F00,5DA,日ノ丸自動車,,坂原
F00,5DC,日ノ丸自動車,,東秋里
F00,5DD,日ノ丸自動車,,千代橋
F00,5E0,日ノ丸自動車,,松並町
F00,5F0,日ノ丸自動車,,南吉成
F00,5FF,日ノ丸自動車,,田島
F00,601,日ノ丸自動車,,いなば団地前
F00,60C,日ノ丸自動車,,西品治
F00,617,日ノ丸自動車,,城北小学校前
F00,626,日ノ丸自動車,,土井叶中央
F00,644,日ノ丸自動車,,吉成
F00,647,日ノ丸自動車,,新行徳
F00,672,日ノ丸自動車,,年金事務所前
F00,68C,日ノ丸自動車,,病院前
F00,696,日ノ丸自動車,,城北団地
F00,697,日ノ丸自動車,,丸山(鳥取市)
F00,6AD,日ノ丸自動車,,年金事務所前(くる梨)
F00,6BA,日ノ丸自動車,,今町(鳥取市)
F00,6BF,日ノ丸自動車,,寿町
F00,6DE,日ノ丸自動車,,行徳口
F00,6F5,日ノ丸自動車,,ふれあい会館
F00,6FC,日ノ丸自動車,,新品治町(大森通り沿)
F00,6FF,日ノ丸自動車,,鳥取駅
F00,714,日ノ丸自動車,,行徳二丁目
F00,719,日ノ丸自動車,,南町
F00,71A,日ノ丸自動車,,新品治町
F00,730,日ノ丸自動車,,太平線角
F00,734,日ノ丸自動車,,智頭駅前
F00,74C,日ノ丸自動車,,太平線
F00,76A,日ノ丸自動車,,宮長
F00,77C,日ノ丸自動車,,大覚寺
F00,781,日ノ丸自動車,,吉成二丁目
F00,782,日ノ丸自動車,,相生町
F00,783,日ノ丸自動車,,渡辺美術館前
F00,784,日ノ丸自動車,,大森神社前
F00,788,日ノ丸自動車,,川端四丁目
F00,78E,日ノ丸自動車,,瓦町
F00,7C8,日ノ丸自動車,,覚寺口
F00,7E8,日ノ丸自動車,,川端三丁目
F00,7F2,日ノ丸自動車,,茶町
F00,7F9,日ノ丸自動車,,南中学校前
F00,817,日ノ丸自動車,,的場
F00,81D,日ノ丸自動車,,本通り
F00,84B,日ノ丸自動車,,こどもの国
F00,85D,日ノ丸自動車,,湯所
F00,85F,日ノ丸自動車,,東富安
F00,860,日ノ丸自動車,,子供の国入口
F00,869,日ノ丸自動車,,本町三丁目
F00,885,日ノ丸自動車,,片原
F00,88B,日ノ丸自動車,,川端一丁目
F00,8A8,日ノ丸自動車,,福祉文化会館前
F00,8C1,日ノ丸自動車,,本町一丁目(鳥取市)
F00,8C4,日ノ丸自動車,,市立病院
F00,903,日ノ丸自動車,,西町(鳥取市)
F00,909,日ノ丸自動車,,文化センター前
F00,90D,日ノ丸自動車,,わらべ館前
F00,95E,日ノ丸自動車,,鳥取城跡
F00,966,日ノ丸自動車,,とりぎん文化会館
F00,967,日ノ丸自動車,,県庁日赤前
F00,976,日ノ丸自動車,,砂の美術館前
F00,986,日ノ丸自動車,,鳥取砂丘
F00,999,日ノ丸自動車,,内吉方
F00,9C0,日ノ丸自動車,,砂丘センター展望台
F00,B28,日ノ丸自動車,,三洋本社前
F00,C90,日ノ丸自動車,,福原
F00,2710,日ノ丸自動車,,NTT寺町・NHK前
F00,2711,日ノ丸自動車,,さざんか会館
F00,2713,日ノ丸自動車,,イオン鳥取店
F00,2714,日ノ丸自動車,,トスク本店
F00,2716,日ノ丸自動車,,永楽温泉町
F00,271A,日ノ丸自動車,,玄忠寺
F00,271D,日ノ丸自動車,,行徳公園入口
F00,271E,日ノ丸自動車,,高草中学校前
F00,271F,日ノ丸自動車,,今町二丁目
F00,2720,日ノ丸自動車,,裁判所前(鳥取)
F00,2722,日ノ丸自動車,,市民会館
F00,2723,日ノ丸自動車,,市民体育館前(鳥取)
F00,2724,日ノ丸自動車,,市役所日赤前
F00,2725,日ノ丸自動車,,寺町(鳥取市)
F00,2726,日ノ丸自動車,,鹿野温泉病院
F00,2727,日ノ丸自動車,,鹿野橋
F00,272E,日ノ丸自動車,,大満口
F00,272F,日ノ丸自動車,,大丸前
F00,2738,日ノ丸自動車,,鳥取駅南口
F00,273A,日ノ丸自動車,,鳥取県庁
F00,273B,日ノ丸自動車,,鳥大乾燥地研究センター
F00,273D,日ノ丸自動車,,生協病院入口
F00,2742,日ノ丸自動車,,片原五丁目
F00,2746,日ノ丸自動車,,弥生橋
F00,5113,日ノ丸自動車,,日ノ丸本社前
F00,6419,日ノ丸自動車,,高速福原
F00,6B28,日ノ丸自動車,,東桂見
F00,6B2D,日ノ丸自動車,,コカ・コーラウエストスポーツパーク前
F00,6B31,日ノ丸自動車,,曳田(小倉方面)
F00,6B35,日ノ丸自動車,,青谷小学校
F00,6B38,日ノ丸自動車,,賀露南
F00,6B39,日ノ丸自動車,,賀露小学校前
F00,6B3F,日ノ丸自動車,,とっとり出合いの森
F00,6B6D,日ノ丸自動車,,出合橋
F00,6B6E,日ノ丸自動車,,元魚町二丁目
F00,6B6F,日ノ丸自動車,,職人町
F00,6B70,日ノ丸自動車,,戎町
F00,6B71,日ノ丸自動車,,パレットとっとり前
F00,6B72,日ノ丸自動車,,みずほ銀行前
F00,6B73,日ノ丸自動車,,大森公園前
F00,6B74,日ノ丸自動車,,相生町(くる梨)
F00,6B75,日ノ丸自動車,,マルイ薬師町店前
F00,6B76,日ノ丸自動車,,新品治町(くる梨)
F00,6B78,日ノ丸自動車,,鹿野町公園前
F00,6B79,日ノ丸自動車,,西町五丁目
F01,0,日本交通(鳥取),,共通
F01,2C,日本交通(鳥取),,青谷駅口(川沿い)
F01,2F,日本交通(鳥取),,本町
F01,33,日本交通(鳥取),,青谷駅
F01,44,日本交通(鳥取),,青谷海水浴場前
F01,B0,日本交通(鳥取),,上原(浜村)
F01,B9,日本交通(鳥取),,高江(気高町)
F01,EB,日本交通(鳥取),,浜村駅
F01,F0,日本交通(鳥取),,常忍寺前
F01,F7,日本交通(鳥取),,行徳二区
F01,F9,日本交通(鳥取),,聖神社北門前
F01,106,日本交通(鳥取),,福祉センター前(若桜町)
F01,107,日本交通(鳥取),,中園(鹿野)
F01,109,日本交通(鳥取),,浜村温泉
F01,118,日本交通(鳥取),,今町(鹿野町)
F01,120,日本交通(鳥取),,仁風閣・県立博物館
F01,122,日本交通(鳥取),,市立武道館
F01,12B,日本交通(鳥取),,上河崎(岩美町)
F01,12D,日本交通(鳥取),,河崎(岩美町)
F01,130,日本交通(鳥取),,鹿野町総合支所前
F01,188,日本交通(鳥取),,生協病院前
F01,25E,日本交通(鳥取),,上上原
F01,264,日本交通(鳥取),,上原(鳥取市)
F01,267,日本交通(鳥取),,良田
F01,268,日本交通(鳥取),,尾崎入口
F01,276,日本交通(鳥取),,青島公園
F01,27F,日本交通(鳥取),,上段
F01,287,日本交通(鳥取),,高住(鳥取市)
F01,2A2,日本交通(鳥取),,下段
F01,2B0,日本交通(鳥取),,西高江
F01,2B4,日本交通(鳥取),,高江町
F01,2C7,日本交通(鳥取),,倉見
F01,2E9,日本交通(鳥取),,野坂
F01,2FC,日本交通(鳥取),,豊実公民館前
F01,315,日本交通(鳥取),,農協前(布勢)
F01,341,日本交通(鳥取),,布勢
F01,357,日本交通(鳥取),,宮谷(鳥取市)
F01,387,日本交通(鳥取),,賀露中央
F01,38A,日本交通(鳥取),,嶋
F01,390,日本交通(鳥取),,里仁
F01,399,日本交通(鳥取),,神社前(賀露町)
F01,3E3,日本交通(鳥取),,世紀団地
F01,41E,日本交通(鳥取),,徳尾
F01,448,日本交通(鳥取),,八丁目入口
F01,498,日本交通(鳥取),,八丁目中央
F01,4B2,日本交通(鳥取),,八丁目
F01,4ED,日本交通(鳥取),,浜坂新田
F01,51C,日本交通(鳥取),,十六本松口
F01,534,日本交通(鳥取),,西ひばりヶ丘
F01,54D,日本交通(鳥取),,東ひばりヶ丘
F01,560,日本交通(鳥取),,大井手
F01,583,日本交通(鳥取),,浜坂団地
F01,58F,日本交通(鳥取),,中央病院
F01,593,日本交通(鳥取),,古海
F01,5A3,日本交通(鳥取),,みどり町(浜坂町)
F01,5B5,日本交通(鳥取),,血液センター前
F01,5B8,日本交通(鳥取),,浜坂小学校入口
F01,5DC,日本交通(鳥取),,東秋里
F01,5DD,日本交通(鳥取),,千代橋
F01,5F0,日本交通(鳥取),,南吉成
F01,601,日本交通(鳥取),,いなば団地前
F01,602,日本交通(鳥取),,浜坂
F01,642,日本交通(鳥取),,浜坂東口
F01,644,日本交通(鳥取),,吉成
F01,647,日本交通(鳥取),,新行徳
F01,672,日本交通(鳥取),,年金事務所前
F01,696,日本交通(鳥取),,城北団地
F01,697,日本交通(鳥取),,丸山(鳥取市)
F01,6AD,日本交通(鳥取),,年金事務所前(くる梨)
F01,6BA,日本交通(鳥取),,今町(鳥取市)
F01,6BF,日本交通(鳥取),,寿町
F01,6DE,日本交通(鳥取),,行徳口
F01,6F5,日本交通(鳥取),,ふれあい会館
F01,6FC,日本交通(鳥取),,新品治町(大森通り沿)
F01,6FF,日本交通(鳥取),,鳥取駅
F01,714,日本交通(鳥取),,行徳二丁目
F01,719,日本交通(鳥取),,南町
F01,71A,日本交通(鳥取),,新品治町
F01,71D,日本交通(鳥取),,タウン浜坂
F01,720,日本交通(鳥取),,土井叶
F01,730,日本交通(鳥取),,太平線角
F01,74C,日本交通(鳥取),,太平線
F01,75C,日本交通(鳥取),,大覚寺口
F01,76A,日本交通(鳥取),,宮長
F01,77C,日本交通(鳥取),,大覚寺
F01,781,日本交通(鳥取),,吉成二丁目
F01,782,日本交通(鳥取),,相生町
F01,783,日本交通(鳥取),,渡辺美術館前
F01,784,日本交通(鳥取),,大森神社前
F01,78E,日本交通(鳥取),,瓦町
F01,7C8,日本交通(鳥取),,覚寺口
F01,7C9,日本交通(鳥取),,大覚寺中
F01,7E8,日本交通(鳥取),,川端三丁目
F01,7EE,日本交通(鳥取),,ニュー浜坂
F01,7F9,日本交通(鳥取),,南中学校前
F01,817,日本交通(鳥取),,的場
F01,81D,日本交通(鳥取),,本通り
F01,822,日本交通(鳥取),,大覚寺東
F01,84B,日本交通(鳥取),,こどもの国
F01,855,日本交通(鳥取),,興南町
F01,85D,日本交通(鳥取),,湯所
F01,85F,日本交通(鳥取),,東富安
F01,860,日本交通(鳥取),,子供の国入口
F01,869,日本交通(鳥取),,本町三丁目
F01,88B,日本交通(鳥取),,川端一丁目
F01,893,日本交通(鳥取),,末広温泉町
F01,8A8,日本交通(鳥取),,福祉文化会館前
F01,8C1,日本交通(鳥取),,本町一丁目(鳥取市)
F01,8C4,日本交通(鳥取),,市立病院
F01,8C6,日本交通(鳥取),,南吉方
F01,8EA,日本交通(鳥取),,北園渡辺病院前
F01,903,日本交通(鳥取),,西町(鳥取市)
F01,909,日本交通(鳥取),,文化センター前
F01,90D,日本交通(鳥取),,わらべ館前
F01,92C,日本交通(鳥取),,団地中央(雲山)
F01,95E,日本交通(鳥取),,鳥取城跡
F01,966,日本交通(鳥取),,とりぎん文化会館
F01,967,日本交通(鳥取),,県庁日赤前
F01,968,日本交通(鳥取),,雲山南団地
F01,976,日本交通(鳥取),,砂の美術館前
F01,986,日本交通(鳥取),,鳥取砂丘
F01,989,日本交通(鳥取),,北園二丁目
F01,999,日本交通(鳥取),,内吉方
F01,9A4,日本交通(鳥取),,吉方気象台前
F01,9AA,日本交通(鳥取),,砂丘東口
F01,9BE,日本交通(鳥取),,吉方四区
F01,9C0,日本交通(鳥取),,砂丘センター展望台
F01,9CA,日本交通(鳥取),,御弓町
F01,9D9,日本交通(鳥取),,円護寺
F01,9DC,日本交通(鳥取),,米里小学校前
F01,9E7,日本交通(鳥取),,雲山
F01,9EB,日本交通(鳥取),,三洋前(産業道路)
F01,9EC,日本交通(鳥取),,大杙口
F01,9FF,日本交通(鳥取),,団地西(津ノ井)
F01,A00,日本交通(鳥取),,前田橋
F01,A15,日本交通(鳥取),,北園ニュータウン
F01,A18,日本交通(鳥取),,正蓮寺
F01,A2F,日本交通(鳥取),,桜谷口(県道323)
F01,A38,日本交通(鳥取),,谷川橋
F01,A3A,日本交通(鳥取),,情報センター前
F01,A57,日本交通(鳥取),,大杙北
F01,A58,日本交通(鳥取),,大杙
F01,A65,日本交通(鳥取),,面影団地
F01,A69,日本交通(鳥取),,面影中央
F01,A6B,日本交通(鳥取),,面影団地入口
F01,A6C,日本交通(鳥取),,大杙南
F01,A92,日本交通(鳥取),,杉崎
F01,A95,日本交通(鳥取),,面影一丁目
F01,A96,日本交通(鳥取),,桜谷
F01,A98,日本交通(鳥取),,面影二丁目
F01,AA0,日本交通(鳥取),,市営住宅
F01,AA6,日本交通(鳥取),,桜ヶ丘中学校前
F01,AB0,日本交通(鳥取),,広岡口(海蔵寺)
F01,AB1,日本交通(鳥取),,津ノ井駅前
F01,ACE,日本交通(鳥取),,津ノ井小学校前(生山)
F01,AF2,日本交通(鳥取),,桜谷東
F01,AFD,日本交通(鳥取),,東今在家
F01,AFF,日本交通(鳥取),,海蔵寺
F01,B09,日本交通(鳥取),,桜ヶ丘
F01,B0E,日本交通(鳥取),,団地口
F01,B11,日本交通(鳥取),,桜谷団地
F01,B14,日本交通(鳥取),,三洋南団地
F01,B1C,日本交通(鳥取),,津ノ井一区
F01,B3D,日本交通(鳥取),,宮谷(郡家)
F01,B51,日本交通(鳥取),,津ノ井四区
F01,B57,日本交通(鳥取),,生山
F01,B59,日本交通(鳥取),,若葉台南一丁目
F01,B5A,日本交通(鳥取),,環境大学前
F01,B5D,日本交通(鳥取),,県立盲・聾学校
F01,B6C,日本交通(鳥取),,若葉台南七丁目
F01,B76,日本交通(鳥取),,若葉台南六丁目
F01,B81,日本交通(鳥取),,若葉台北五丁目
F01,B94,日本交通(鳥取),,若葉台南五丁目
F01,B9E,日本交通(鳥取),,若葉台南二丁目
F01,BA6,日本交通(鳥取),,若葉台北三丁目
F01,BB3,日本交通(鳥取),,若葉台北四丁目
F01,BB5,日本交通(鳥取),,若葉台南三丁目
F01,C78,日本交通(鳥取),,大谷東口(岩美町)
F01,C88,日本交通(鳥取),,岩美西小学校
F01,D23,日本交通(鳥取),,すこやかセンター岩美病院
F01,D29,日本交通(鳥取),,岩美町役場前
F01,D2A,日本交通(鳥取),,岩美幹部派出所前
F01,D30,日本交通(鳥取),,岩美駅
F01,D35,日本交通(鳥取),,岩美車庫
F01,D4A,日本交通(鳥取),,広岡口(岩美町)
F01,D70,日本交通(鳥取),,岩井温泉口
F01,D79,日本交通(鳥取),,岩井温泉
F01,D86,日本交通(鳥取),,岩井温泉上
F01,DA6,日本交通(鳥取),,馬場(岩美)
F01,DB3,日本交通(鳥取),,西町(若桜)
F01,13B8,日本交通(鳥取),,東部総合事務所前
F01,13BA,日本交通(鳥取),,三洋本社
F01,2711,日本交通(鳥取),,さざんか会館
F01,2713,日本交通(鳥取),,イオン鳥取店
F01,2714,日本交通(鳥取),,トスク本店
F01,2717,日本交通(鳥取),,岩美幹部派出所北
F01,2718,日本交通(鳥取),,吉方町一丁目
F01,271A,日本交通(鳥取),,玄忠寺
F01,271B,日本交通(鳥取),,江崎町
F01,271D,日本交通(鳥取),,行徳公園入口
F01,271E,日本交通(鳥取),,高草中学校前
F01,2720,日本交通(鳥取),,裁判所前(鳥取)
F01,2721,日本交通(鳥取),,山の手会館前
F01,2723,日本交通(鳥取),,市民体育館前(鳥取)
F01,2724,日本交通(鳥取),,市役所日赤前
F01,2726,日本交通(鳥取),,鹿野温泉病院
F01,2729,日本交通(鳥取),,上町(鳥取市)
F01,272D,日本交通(鳥取),,大榎町
F01,272E,日本交通(鳥取),,大満口
F01,272F,日本交通(鳥取),,大丸前
F01,2734,日本交通(鳥取),,中町(鳥取市)
F01,2735,日本交通(鳥取),,樗谿公園やまびこ館前
F01,2738,日本交通(鳥取),,鳥取駅南口
F01,273A,日本交通(鳥取),,鳥取県庁
F01,273B,日本交通(鳥取),,鳥大乾燥地研究センター
F01,273C,日本交通(鳥取),,南町交差点
F01,273F,日本交通(鳥取),,浜坂団地口
F01,2742,日本交通(鳥取),,片原五丁目
F01,2744,日本交通(鳥取),,片原二丁目
F01,2745,日本交通(鳥取),,本通サンロード入口
F01,2757,日本交通(鳥取),,診療所前(郡家)
F01,277A,日本交通(鳥取),,小倉口(船岡町)
F01,2797,日本交通(鳥取),,氷ノ山ふれあいの里
F01,27A7,日本交通(鳥取),,新井(岩美町)
F01,27A8,日本交通(鳥取),,日の出町(岩美町)
F01,27AD,日本交通(鳥取),,高住橋
F01,27AE,日本交通(鳥取),,高住(岩美町)
F01,27C5,日本交通(鳥取),,岩美北小学校前
F01,27CB,日本交通(鳥取),,公民館前(岩美町)
F01,5AB2,日本交通(鳥取),,雲山日交(車庫内)
F01,5AB7,日本交通(鳥取),,桜ヶ丘中学校
F01,5AB8,日本交通(鳥取),,雲山日交(道路沿)
F01,6442,日本交通(鳥取),,瑞穂小学校
F01,6454,日本交通(鳥取),,浜村警察署
F01,6469,日本交通(鳥取),,日ノ丸鹿野営業所
F01,6697,日本交通(鳥取),,桜谷口(県道247)
F01,6698,日本交通(鳥取),,三洋前(県道323)
F01,6699,日本交通(鳥取),,津ノ井小学校前(県道323)
F01,6B28,日本交通(鳥取),,東桂見
F01,6B2D,日本交通(鳥取),,コカ・コーラウエストスポーツパーク前
F01,6B3F,日本交通(鳥取),,とっとり出合いの森
F01,6B62,日本交通(鳥取),,サンマート岩美店
F01,6B63,日本交通(鳥取),,東コミュニティセンター
F01,6B6E,日本交通(鳥取),,元魚町二丁目
F01,6B6F,日本交通(鳥取),,職人町
F01,6B70,日本交通(鳥取),,戎町
F01,6B71,日本交通(鳥取),,パレットとっとり前
F01,6B72,日本交通(鳥取),,みずほ銀行前
F01,6B76,日本交通(鳥取),,新品治町(くる梨)
F01,6B79,日ノ丸自動車,,西町五丁目
F03,0,一畑バス,,共通
F04,0,石見交通,,共通
F04,9C4,石見交通,,広島駅新幹線口
F04,9C7,石見交通,,不動院
F04,9D1,石見交通,,黒川町
F04,9D2,石見交通,,浜田駅前
F05,0,松江市交通局,,共通
F09,0,一畑バス,,共通
F0A,0,中鉄バス,,共通
F0A,5,中鉄バス,,岡山駅 構内
F0A,32,中鉄バス,,天満屋
F0A,F05,中鉄バス,,倉敷駅前
F0A,1E0F,中鉄バス,,岡山駅西口
F0B,0,宇野自動車,,共通
F0B,5,宇野自動車,,岡山駅 構内
F0C,0,両備バス,,共通
F0C,A,両備バス,,岡山駅前
F0C,F,両備バス,,西川緑道公園前
F0C,19,両備バス,,NTT岡山前
F0C,37,両備バス,,中銀前
F0C,3C,両備バス,,栄町
F0C,41,両備バス,,中電前
F0C,46,両備バス,,県庁前
F0C,4B,両備バス,,市役所入口
F0C,50,両備バス,,千日前
F0C,C8,両備バス,,杜の街
F0C,10A,両備バス,,イオンモール岡山前・源吉兆庵本社前
F0C,10F,両備バス,,山陽新聞社前
F0C,21E,両備バス,,岡山南支援学校
F0C,237,両備バス,,大雲寺前
F0C,241,両備バス,,清輝橋
F0C,246,両備バス,,岡南営業所
F0C,24B,両備バス,,岡南小学校前
F0C,250,両備バス,,日赤病院入口
F0C,255,両備バス,,青江北
F0C,25A,両備バス,,青江西
F0C,25F,両備バス,,泉田口
F0C,300,両備バス,,芳泉高入口
F0C,305,両備バス,,当新田
F0C,30A,両備バス,,大東
F0C,30F,両備バス,,錦貯水
F0C,314,両備バス,,藤田団地北
F0C,319,両備バス,,藤田第二小学校沖
F0C,31E,両備バス,,藤田団地南
F0C,323,両備バス,,錦六区入口
F0C,325,両備バス,,ダイキ岡山前
F0C,328,両備バス,,興陽高校前
F0C,32D,両備バス,,都六区入口
F0C,332,両備バス,,都六区下
F0C,337,両備バス,,秀天橋
F0C,33C,両備バス,,荘内支所前
F0C,341,両備バス,,暮石
F0C,346,両備バス,,長尾農協前
F0C,34B,両備バス,,滝
F0C,350,両備バス,,永井
F0C,355,両備バス,,永井中
F0C,35A,両備バス,,永井上
F0C,405,両備バス,,十日市
F0C,40A,両備バス,,十日市南
F0C,40F,両備バス,,豊成
F0C,414,両備バス,,浜野西
F0C,419,両備バス,,浜野入口
F0C,41E,両備バス,,福浜校前
F0C,423,両備バス,,洲崎
F0C,428,両備バス,,みやはら耳鼻科・福浜市営住宅前
F0C,432,両備バス,,若葉町
F0C,441,両備バス,,あけぼの町
F0C,446,両備バス,,築港新町
F0C,505,両備バス,,新西大寺町筋
F0C,50A,両備バス,,大学病院筋
F0C,50F,両備バス,,大供
F0C,514,両備バス,,厚生町商工会議所前
F0C,517,両備バス,,光生病院前
F0C,519,両備バス,,大供新屋敷
F0C,51E,両備バス,,野田東
F0C,523,両備バス,,備前野田
F0C,528,両備バス,,岡山ドーム入口
F0C,52D,両備バス,,大野辻
F0C,532,両備バス,,北長瀬駅前
F0C,537,両備バス,,中仙道
F0C,53C,両備バス,,西長瀬
F0C,541,両備バス,,備前白石
F0C,546,両備バス,,鉄工センター前
F0C,54B,両備バス,,延友
F0C,550,両備バス,,平野
F0C,555,両備バス,,庭瀬駅通
F0C,55A,両備バス,,庭瀬本町
F0C,55F,両備バス,,撫川
F0C,600,両備バス,,下撫川
F0C,605,両備バス,,瀬戸大橋温泉
F0C,60A,両備バス,,備中庄
F0C,60F,両備バス,,清心学園口
F0C,614,両備バス,,松島北ノ口
F0C,619,両備バス,,川崎医大前
F0C,61E,両備バス,,松島西ノ口
F0C,62D,両備バス,,中庄駅
F0C,70A,両備バス,,桜橋
F0C,732,両備バス,,古京
F0C,737,両備バス,,門田屋敷
F0C,73C,両備バス,,山陽学園中学・高校前
F0C,741,両備バス,,東山電停前
F0C,746,両備バス,,東山
F0C,750,両備バス,,国富
F0C,755,両備バス,,国富東
F0C,75D,両備バス,,浜・中区役所前
F0C,75F,両備バス,,原尾島一丁目
F0C,800,両備バス,,六枚橋
F0C,805,両備バス,,原尾島
F0C,80F,両備バス,,原尾島住宅
F0C,810,両備バス,,藤原
F0C,819,両備バス,,清水
F0C,F05,両備バス,,倉敷駅前
F0C,F0A,両備バス,,昭和町
F0C,F46,両備バス,,あちてらす倉敷前
F0C,F4B,両備バス,,大原美術館前
F0C,F50,両備バス,,中央二丁目 (倉敷芸文館)
F0C,F55,両備バス,,倉商東
F0C,F5A,両備バス,,倉敷市役所
F0C,F5F,両備バス,,総合市場前
F0C,1000,両備バス,,ゆめタウン倉敷
F0C,1005,両備バス,,笹沖
F0C,100F,両備バス,,葦高小学校東
F0C,1014,両備バス,,倉敷南高校入口
F0C,1019,両備バス,,吉岡
F0C,101E,両備バス,,浦田
F0C,1023,両備バス,,二福小古城池高前
F0C,1028,両備バス,,観音堂
F0C,1037,両備バス,,倉商前
F0C,103C,両備バス,,倉敷成人病センター前
F0C,1041,両備バス,,商工会館前
F0C,1105,両備バス,,倉敷駅北口
F0C,1246,両備バス,,王子ヶ岳登山口
F0C,124B,両備バス,,ホールサムインせとうち
F0C,1250,両備バス,,渋川三丁目
F0C,1255,両備バス,,渋川
F0C,125A,両備バス,,渋川一丁目
F0C,125F,両備バス,,梅木橋
F0C,1300,両備バス,,日比製煉西門前
F0C,1305,両備バス,,日比製煉所前
F0C,1308,両備バス,,日比市民センター前
F0C,130A,両備バス,,日比
F0C,130F,両備バス,,羽根崎町
F0C,1314,両備バス,,和田三丁目
F0C,1319,両備バス,,和田社宅前
F0C,131E,両備バス,,和田一丁目
F0C,1323,両備バス,,日の田正門・三井E&Sマシナリー前
F0C,1328,両備バス,,三井E&S玉正門前
F0C,132D,両備バス,,玉四丁目
F0C,1332,両備バス,,玉比咩神社前
F0C,1337,両備バス,,玉六丁目
F0C,133C,両備バス,,商工高校前
F0C,1341,両備バス,,天馬町
F0C,1346,両備バス,,玉野市民病院入口
F0C,134B,両備バス,,玉野市役所入口
F0C,1350,両備バス,,旭橋通り
F0C,1E05,両備バス,,東山一丁目
F0C,1E0A,両備バス,,護国神社前
F0C,1E0F,両備バス,,東山峠
F0C,1E14,両備バス,,池の内
F0C,1E19,両備バス,,池の内東
F0C,1E1E,両備バス,,嶽
F0C,1E23,両備バス,,自動車学校入口
F0C,1E28,両備バス,,曹源寺
F0C,1E2D,両備バス,,福泊
F0C,1E32,両備バス,,オージー技研
F0C,1E37,両備バス,,海吉
F0C,1E3C,両備バス,岡山西大寺線・益野西線,益野西
F0C,1E3F,両備バス,,益野中
F0C,1E41,両備バス,,益野
F0C,1E46,両備バス,,松崎
F0C,1E4B,両備バス,,西大寺中央病院前
F0C,1E50,両備バス,,川井
F0C,1E55,両備バス,,新橋
F0C,1E5A,両備バス,,警察署前
F0C,1F3C,両備バス,,西大寺町
F0C,1F41,両備バス,,小橋
F0C,1F46,両備バス,,御幸町
F0C,1F4B,両備バス,,大井手
F0C,1F50,両備バス,,平井元町
F0C,1F55,両備バス,,木材市場前
F0C,1F5A,両備バス,,上平井
F0C,1F5F,両備バス,,平井
F0C,2000,両備バス,,平井下町
F0C,2005,両備バス,,宮道
F0C,200A,両備バス,,宮道東
F0C,200F,両備バス,,江崎
F0C,2014,両備バス,,藤崎
F0C,2019,両備バス,,操南中学校前
F0C,201E,両備バス,,桑野
F0C,2023,両備バス,,桑野東
F0C,2028,両備バス,,沖元西
F0C,202D,両備バス,,沖元
F0C,2032,両備バス,,清内橋
F0C,2037,両備バス,,光津
F0C,203C,両備バス,,光政
F0C,2041,両備バス,,政津
F0C,2046,両備バス,,津田
F0C,204B,両備バス,,上南中学校前
F0C,2050,両備バス,,金田
F0C,2055,両備バス,,金岡
F0C,205A,両備バス,,都紀郷
F0C,205F,両備バス,,金岡中
F0C,2100,両備バス,,金岡上
F0C,2105,両備バス,,西大寺農協
F0C,210F,両備バス,,桜ヶ丘
F0C,2114,両備バス,,岡山国際ホテル
F0C,2119,両備バス,,東山カントリー
F0C,211E,両備バス,,南山寮
F0C,2123,両備バス,,操陽団地
F0C,2128,両備バス,,六区
F0C,212D,両備バス,,一区
F0C,2132,両備バス,,積水ハウス操南台団地入口
F0C,2137,両備バス,,積水ハウス操南台団地東
F0C,213C,両備バス,,積水ハウス操南台団地中
F0C,2141,両備バス,,積水ハウス操南台団地西
F0C,252D,両備バス,,藤原西町
F0C,2532,両備バス,,赤田
F0C,2537,両備バス,,高島駅前
F0C,253C,両備バス,,中井
F0C,2541,両備バス,,中井北
F0C,2546,両備バス,,国府市場西
F0C,254B,両備バス,,祇園入口
F0C,2550,両備バス,,脇田入口
F0C,2555,両備バス,,祇園
F0C,2557,両備バス,,下の原南・旭川荘南地区前
F0C,255A,両備バス,,下の原
F0C,255F,両備バス,,中の原南・総合在宅支援センター前
F0C,2600,両備バス,,中の原・旭川荘厚生専門学院前
F0C,2605,両備バス,,旭川荘
F0C,260A,両備バス,,旭川荘北
F0C,260F,両備バス,,下の原西
F0C,2614,両備バス,,原
F0C,2619,両備バス,,備前原駅前
F0C,2805,両備バス,,片崎
F0C,280A,両備バス,,西高崎
F0C,280F,両備バス,,西紅陽台
F0C,2814,両備バス,,七区入口
F0C,2819,両備バス,,東高崎
F0C,281E,両備バス,,東紅陽台
F0C,2823,両備バス,,宇藤木橋
F0C,2828,両備バス,,横田口
F0C,282D,両備バス,,槌ヶ原
F0C,2832,両備バス,,深山公園入口
F0C,2837,両備バス,,岡南病院前
F0C,283C,両備バス,,田井四丁目
F0C,2841,両備バス,,尾坂前
F0C,2846,両備バス,,田井
F0C,284B,両備バス,,清水橋
F0C,2850,両備バス,,福原
F0C,2855,両備バス,,吉野町
F0C,285A,両備バス,,広潟
F0C,285F,両備バス,,ハローワーク北
F0C,2900,両備バス,,玉野営業所前
F0C,2902,両備バス,,宇野港 (直島)
F0C,2903,両備バス,,宇野駅
F0C,2905,両備バス,,築港銀座
F0C,290A,両備バス,,加茂宗津
F0C,290F,両備バス,,用吉口
F0C,2914,両備バス,,荘内南
F0C,2919,両備バス,,暮石北
F0C,291E,両備バス,,長尾馬継
F0C,2923,両備バス,,北長尾
F0C,2928,両備バス,,長尾
F0C,292D,両備バス,,長留
F0C,2932,両備バス,,レイク玉原団地いこい荘前
F0C,2937,両備バス,,玉原ニュータウン
F0C,293C,両備バス,,玉原
F0C,2941,両備バス,,奥玉
F0C,2946,両備バス,,藤崎町
F0C,294B,両備バス,,玉小学校前
F0C,2950,両備バス,,玉野市役所前
F0C,2D05,両備バス,,南栄町
F0C,2D0A,両備バス,,淡水湖北口
F0C,2D0F,両備バス,,甲浦郵便局前
F0C,2D14,両備バス,,郡団地口
F0C,2D19,両備バス,,郡
F0C,2D1E,両備バス,,東郡
F0C,2D23,両備バス,,北浦
F0C,2D28,両備バス,,甲浦支所前
F0C,2D2D,両備バス,,西飽浦
F0C,2D32,両備バス,,甲浦学校前
F0C,2D37,両備バス,,飽浦上
F0C,2D3C,両備バス,,一本松
F0C,2D41,両備バス,,金甲山登山口
F0C,2D46,両備バス,,上山坂
F0C,2D4B,両備バス,,梶岡
F0C,2D50,両備バス,,東田井地
F0C,2D55,両備バス,,西田井地
F0C,2D5A,両備バス,,山田
F0C,2D5F,両備バス,,白石入口
F0C,2E00,両備バス,,山田南
F0C,2E05,両備バス,,出崎口
F0C,2E0A,両備バス,,後閑
F0C,2E0F,両備バス,,後閑小学校前
F0C,2E14,両備バス,,栄橋
F0C,2E19,両備バス,,大藪
F0C,2E1E,両備バス,,慈照院前
F0C,2E23,両備バス,,三軒屋
F0C,2E28,両備バス,,見能
F0C,2E2D,両備バス,,十禅寺登山口
F0C,2E32,両備バス,,田井東
F0C,2E37,両備バス,,飽浦
F0C,2E3C,両備バス,,重岩
F0C,2E41,両備バス,,宮浦
F0C,2E46,両備バス,,宮浦東
F0C,2E4B,両備バス,,貝殻山登山口
F0C,2E50,両備バス,,西原
F0C,2E55,両備バス,,阿津西
F0C,2E5A,両備バス,,阿津
F0C,2E5F,両備バス,,阿津東
F0C,2F00,両備バス,,小串西
F0C,2F05,両備バス,,小串
F0C,2F0A,両備バス,,小串東
F0C,2F0F,両備バス,,向小串東
F0C,2F14,両備バス,,向小串西
F0C,2F19,両備バス,,米崎
F0C,2F23,両備バス,,相引
F0C,2F28,両備バス,,番田住宅前
F0C,2F2D,両備バス,,番田
F0C,2F32,両備バス,,鉾立
F0C,2F37,両備バス,,見石
F0C,2F3C,両備バス,,八浜市民センター
F0C,2F41,両備バス,,玉橋
F0C,2F47,両備バス,,渋川三丁目
F0C,2F49,両備バス,,渋川一丁目
F0C,2F4B,両備バス,,おもちゃ王国
F0C,3119,両備バス,,倉敷消防署
F0C,3223,両備バス,,流通センター卸売団地
F0C,3228,両備バス,,岡山流通会館前
F0C,322D,両備バス,,コンベックス岡山前
F0C,3232,両備バス,,コンベックス岡山西
F0C,3237,両備バス,,流通センター早島地区イトーピア団地入口
F0C,3300,両備バス,,コンベックス岡山
F0C,3305,両備バス,,清心学園前
F0C,330A,両備バス,,鳥羽南
F0C,330F,両備バス,,倉敷高校前
F0C,3750,両備バス,,マスカット球場入口
F0C,3755,両備バス,,三田口
F0C,375A,両備バス,,百舌鳥ヶ鼻
F0C,375F,両備バス,,平田東
F0C,3800,両備バス,,平田口
F0C,3805,両備バス,,幸町
F0C,380A,両備バス,,古新田
F0C,380F,両備バス,,古新田北
F0C,3814,両備バス,,北畝公民館前
F0C,3819,両備バス,,北畝中
F0C,381E,両備バス,,栄駅北
F0C,3823,両備バス,,明神前
F0C,3828,両備バス,,旭町北
F0C,382D,両備バス,,入船町入口
F0C,3832,両備バス,,連島中学校前
F0C,390A,両備バス,,霞橋
F0C,390F,両備バス,,川入
F0C,3914,両備バス,,大内
F0C,3919,両備バス,,あけぼの橋
F0C,391E,両備バス,,イオンモール倉敷
F0C,3923,両備バス,,イオンモール倉敷北
F0C,3928,両備バス,,西酒津
F0C,392D,両備バス,,イオン西入口
F0C,3932,両備バス,,古水江
F0C,3937,両備バス,,水江
F0C,393C,両備バス,,水江口
F0C,3941,両備バス,,八王寺
F0C,3946,両備バス,,八王寺口
F0C,394B,両備バス,,西中学校前
F0C,3C05,両備バス,,川西町西口
F0C,3C0A,両備バス,,NTT倉敷前
F0C,3C0F,両備バス,,老松町
F0C,3C14,両備バス,,倉敷第一病院前
F0C,3C19,両備バス,,沖
F0C,3C1E,両備バス,,四十瀬球場前
F0C,3C23,両備バス,,中島口
F0C,3C28,両備バス,,倉敷自動車教習所前
F0C,3C2D,両備バス,,穴場神社前
F0C,3C32,両備バス,,小溝
F0C,3C37,両備バス,,西福井
F0C,3C3C,両備バス,,竜の口
F0C,3C41,両備バス,,江長十字路
F0C,3C46,両備バス,,江長
F0C,3C4B,両備バス,,大江
F0C,3C50,両備バス,,ヤットコ
F0C,3D00,両備バス,,宝島寺
F0C,3D05,両備バス,,新田
F0C,3D0A,両備バス,,連島
F0C,3D0F,両備バス,,中浜
F0C,3D14,両備バス,,ヘラ取神社前
F0C,3D19,両備バス,,ドンドン
F0C,3D1E,両備バス,,嘉永橋
F0C,3D23,両備バス,,西之浦浄水場前
F0C,3D28,両備バス,,霞丘小学校入口
F0C,3D2D,両備バス,,倉敷芸術科学大学
F0C,3D32,両備バス,,霞橋車庫
F0C,3D37,両備バス,,江長中
F0C,3D3C,両備バス,,江長沖
F0C,3D41,両備バス,,東川町
F0C,3D46,両備バス,,北緑町
F0C,3D4B,両備バス,,南緑町
F0C,3D50,両備バス,,水島学校前
F0C,3D55,両備バス,,瑞穂町
F0C,3D5A,両備バス,,水島協同病院前
F0C,3D5F,両備バス,,水島郵便局前
F0C,3E28,両備バス,,水島第一病院前
F0C,3E2D,両備バス,,青葉町
F0C,3E32,両備バス,,明神町
F0C,3E37,両備バス,,高砂町
F0C,3E3C,両備バス,,三菱正門西
F0C,3E41,両備バス,,亀島橋
F0C,3E46,両備バス,,南亀島
F0C,3E4B,両備バス,,開進橋
F0C,3E50,両備バス,,ジャパンパイル前
F0C,3E55,両備バス,,JFE正門前
F0C,3E5A,両備バス,,JFE南門前
F0C,4005,両備バス,,葦高小学校正門
F0C,400A,両備バス,,リハビリテーション病院
F0C,400F,両備バス,,堀南
F0C,4014,両備バス,,倉敷南小学校前
F0C,4019,両備バス,,東富井
F0C,401E,両備バス,,大高小学校前
F0C,4023,両備バス,,沖新町
F0C,4028,両備バス,,田ノ上
F0C,4105,両備バス,,新倉敷駅
F0C,410A,両備バス,,病院前
F0C,410F,両備バス,,鉾島口
F0C,4114,両備バス,,長田町
F0C,4119,両備バス,,福島
F0C,411E,両備バス,,堤下
F0C,4123,両備バス,,上成
F0C,4128,両備バス,,爪崎南
F0C,412D,両備バス,,爪崎西
F0C,4132,両備バス,,八島
F0C,4137,両備バス,,七島
F0C,413C,両備バス,,文化センター入口
F0C,4141,両備バス,,玉島支所入口
F0C,4146,両備バス,,玉島中央町
F0C,414B,両備バス,,倉敷西年金事務所前
F0C,4150,両備バス,,ケアハウスあいの泉前
F0C,4155,両備バス,,玉島ショッピングセンターTOPS前
F0C,415A,両備バス,,玉島警察署前
F0C,415F,両備バス,,日之出町
F0C,4200,両備バス,,押上
F0C,4205,両備バス,,堀貫北
F0C,420A,両備バス,,堀貫
F0C,420F,両備バス,,東高地
F0C,4214,両備バス,,東高地南
F0C,4219,両備バス,,東小高地
F0C,421E,両備バス,,クラレ正門前
F0C,4223,両備バス,,クラレ入口
F0C,4228,両備バス,,坂田町交差点
F0C,422D,両備バス,,坂田町
F0C,4232,両備バス,,養父
F0C,4237,両備バス,,戸島公園
F0C,423C,両備バス,,住友重機械西門
F0C,4241,両備バス,,中国能開大
F0C,4246,両備バス,,作陽学園北
F0C,424B,両備バス,,作陽学園正門
F0C,4250,両備バス,,新倉敷駅北口
F0C,4619,両備バス,,玉野レクレセンター
F0C,461E,両備バス,,玉野浄化センター前
F0C,4623,両備バス,,中山トンネル
F0C,465F,両備バス,,清輝寮前
F0C,4705,両備バス,,中学校前
F0C,470A,両備バス,,和田橋
F0C,4732,両備バス,,石井町
F0C,4737,両備バス,,宇野三丁目
F0C,474B,両備バス,,野関
F0C,4750,両備バス,,第二野関
F0C,4755,両備バス,,大池
F0C,475A,両備バス,,給食センター
F0C,475F,両備バス,,企業団地南
F0C,4800,両備バス,,企業団地中
F0C,4805,両備バス,,企業団地北
F0C,480A,両備バス,,天王谷川公園
F0C,480F,両備バス,,横田
F0C,4814,両備バス,,論田
F0C,4819,両備バス,,八浜駅前
F0C,481E,両備バス,,トンボ前
F0C,4823,両備バス,,八浜住宅前
F0C,4828,両備バス,,奥の森
F0C,482D,両備バス,,玉野光南高校
F0C,4B0F,両備グループ,,牛窓
F0C,4B14,両備グループ,,本蓮寺下
F0C,4B1E,両備グループ,,綾浦
F0C,4B23,両備グループ,,瀬戸内警察署前
F0C,4B28,両備グループ,,牛窓中学校前
F0C,4B2D,両備グループ,,紺浦 (牛窓支所前)
F0C,4B32,両備グループ,,紺浦西
F0C,4B37,両備グループ,,鹿忍東
F0C,4B3C,両備グループ,,鹿忍中
F0C,4B41,両備グループ,,西小学校前
F0C,4B46,両備グループ,,宝光寺下
F0C,4B4B,両備グループ,,千手
F0C,4B50,両備グループ,,千手弘法寺前
F0C,4B55,両備グループ,,上阿知東
F0C,4B5A,両備グループ,,上阿知中
F0C,4B5F,両備グループ,,上阿知西
F0C,4C00,両備グループ,,下阿知東
F0C,4C05,両備グループ,,下阿知中
F0C,4C0A,両備グループ,,下阿知西
F0C,4C0F,両備グループ,,宿毛東
F0C,4C14,両備グループ,,宿毛
F0C,4C19,両備グループ,,邑久郷東
F0C,4C1E,両備グループ,,邑久郷中
F0C,4C23,両備グループ,,邑久郷西
F0C,4C28,両備グループ,,吉塔東
F0C,4C2D,両備グループ,,吉塔
F0C,4C32,両備グループ,,ほんぶしん前
F0C,4C37,両備グループ,,神崎東
F0C,4C3C,両備グループ,,神崎
F0C,4C41,両備グループ,,神崎口
F0C,4C46,両備グループ,,四ツ谷
F0C,4C4B,両備グループ,,四ツ谷北
F0C,4C50,両備グループ,,三和紙工前
F0C,4C55,両備グループ,,旭川荘吉井川キャンパス前
F0C,4C5A,両備グループ,,浜
F0C,4C5F,両備グループ,,観音院入口
F0C,4D00,両備グループ,,西大寺中三丁目
F0C,4D05,両備グループ,,昭和被服総業前
F0C,4D0A,両備グループ,,岡山学芸館スクールガーデン前
F0C,4D0F,両備グループ,,西大寺駅
F0C,4D14,両備グループ,,西大寺ふれあいセンター
F0C,4D16,両備グループ,,紺浦口
F0C,4D19,両備グループ,,師楽入口
F0C,4D1E,両備グループ,,奥浦下
F0C,4D23,両備グループ,,奥浦
F0C,4D28,両備グループ,,津行
F0C,4D2D,両備グループ,,小津
F0C,4D32,両備グループ,,横尾入口
F0C,4D37,両備グループ,,佐井田
F0C,4D3A,両備グループ,,本庄南
F0C,4D3C,両備グループ,,山田入口夢二生家前
F0C,4D41,両備グループ,,千町橋
F0C,4D46,両備グループ,,千町
F0C,4D4B,両備グループ,,千町西
F0C,4D50,両備グループ,,瀬戸内市民病院
F0C,4D55,両備グループ,,尾張
F0C,4D5A,両備グループ,,瀬戸内市役所前
F0C,4E00,両備グループ,,邑久駅入口
F0C,4E05,両備グループ,,豊安
F0C,4E0A,両備グループ,,大窪
F0C,4E0F,両備グループ,,大窪西
F0C,4E14,両備グループ,,沖田
F0C,4E19,両備グループ,,大富東
F0C,4E1E,両備グループ,,大富
F0C,4E23,両備グループ,,福山橋
F0C,4E28,両備グループ,,上寺入口
F0C,4E2D,両備グループ,,射越
F0C,4E32,両備グループ,,新開団地前
F0C,4E37,両備グループ,,川口
F0C,4E3C,両備グループ,,旭川荘吉井川キャンパス正門前
F0C,4E41,両備グループ,,健幸プラザ前
F0C,4E46,両備グループ,,東部クリーンセンター前
F0C,4E4B,両備グループ,,西大寺新地
F0C,5014,両備グループ,,石仏
F0C,5019,両備グループ,,大土井西
F0C,501E,両備グループ,,大土井
F0C,5023,両備グループ,,尻海
F0C,5028,両備グループ,,尻海入口
F0C,502D,両備グループ,,渡内
F0C,5032,両備グループ,,岩花
F0C,5037,両備グループ,,高助
F0C,503C,両備グループ,,庄田西
F0C,5041,両備グループ,,庄田東
F0C,5046,両備グループ,,知尾入口
F0C,504B,両備グループ,,福谷西
F0C,5050,両備グループ,,福谷中
F0C,5055,両備グループ,,善福寺前
F0C,505A,両備グループ,,福谷東
F0C,505F,両備グループ,,間口入口
F0C,5100,両備グループ,,虫明西
F0C,5105,両備グループ,,虫明新町
F0C,510A,両備グループ,,虫明中
F0C,510F,両備グループ,,虫明診療所前
F0C,5114,両備グループ,,虫明東
F0C,5119,両備グループ,,浜中
F0C,511E,両備グループ,,虫明港口
F0C,5123,両備グループ,,虫明
F0C,5128,両備グループ,,瀬溝西
F0C,512D,両備グループ,,瀬溝
F0C,5132,両備グループ,,瀬溝東
F0C,5137,両備グループ,,邑久長島大橋
F0C,513C,両備グループ,,光明園
F0C,5141,両備グループ,,光明園木尾
F0C,5146,両備グループ,,光明園宮の段
F0C,514B,両備グループ,,愛生園口
F0C,5150,両備グループ,,愛生園
F0C,515A,両備グループ,,ほんぶしん南
F0C,515F,両備グループ,,山南中学校前
F0C,5200,両備グループ,,水門川東
F0C,5205,両備グループ,,幸島小学校入口
F0C,520A,両備グループ,,水門入口
F0C,520F,両備グループ,,水門亀岩
F0C,5214,両備グループ,,水門掛座
F0C,5219,両備グループ,,後呂
F0C,521E,両備グループ,,大西
F0C,5223,両備グループ,,太田
F0C,5228,両備グループ,,久々井
F0C,522D,両備グループ,,奥の谷中
F0C,5232,両備グループ,,奥の谷
F0C,5237,両備グループ,,中筋
F0C,523C,両備グループ,,大王寺西
F0C,5241,両備グループ,,大王寺東
F0C,5246,両備グループ,,峠
F0C,524B,両備グループ,,中西
F0C,5250,両備グループ,,西宝伝
F0C,5255,両備グループ,,東宝伝
F0C,583C,両備バス,,プール前
F0C,5841,両備バス,,住友重機械正門前
F0C,5846,両備バス,,玉島下水処理場
F0C,584B,両備バス,,ハーバーブリッジ北
F0C,5850,両備バス,,ハーバーアイランド (ナカシマプロペラ前)
F0C,5C35,両備バス,東児・すこやか線/深山・レクレ・すこやか線,宇野駅前
F0D,0,備北バス,,共通
F0E,0,井笠バスカンパニー,,共通
F0E,4132,廿日市交通,,原住宅入口
F0F,0,岡山電気軌道,,共通
F0F,A,中鉄バス,,岡山駅前
F0F,F,岡電バス,,西川緑道公園前
F0F,14,岡電バス,,柳川西
F0F,19,中鉄バス,,NTT岡山前
F0F,37,中鉄バス,,中銀前
F0F,3C,岡電バス,,栄町
F0F,41,岡電バス,,中電前
F0F,46,岡電バス,,県庁前
F0F,105,岡電バス,,錦町
F0F,10A,岡電バス,,源吉兆庵本社前・イオンモール岡山前
F0F,10F,岡電バス,,山陽新聞社・TSC前
F0F,114,岡電バス,,市役所前
F0F,119,岡電バス,,水道局前
F0F,11E,岡電バス,,精神科医療センター西
F0F,123,岡電バス,,東古松二丁目
F0F,128,岡電バス,,大元駅前
F0F,12D,岡電バス,,西古松
F0F,132,岡電バス,,大元一丁目
F0F,137,岡電バス,,野崎
F0F,13C,岡電バス,,下中野北
F0F,141,岡電バス,,下中野
F0F,146,岡電バス,,両備テクノ前
F0F,14B,岡電バス,,大角橋
F0F,150,岡電バス,,西市
F0F,155,岡電バス,,米倉
F0F,15A,岡電バス,,相生橋
F0F,15F,岡電バス,,大福中
F0F,237,岡電バス,,大雲寺前
F0F,246,岡電バス,,岡南営業所
F0F,24B,岡電バス,,岡南小学校前
F0F,250,岡電バス,,日赤病院入口
F0F,255,岡電バス,,青江北
F0F,25A,岡電バス,,青江西
F0F,25F,岡電バス,,泉田口
F0F,300,岡電バス,,芳泉高入口
F0F,305,岡電バス,,当新田
F0F,30A,岡電バス,,大東
F0F,405,岡電バス,,十日市
F0F,40A,岡電バス,,十日市南
F0F,40F,岡電バス,,豊成
F0F,414,岡電バス,,浜野西
F0F,419,岡電バス,,浜野入口
F0F,41E,岡電バス,,福浜校前
F0F,423,岡電バス,,洲崎
F0F,428,岡電バス,,みやはら耳鼻科・福浜市営住宅前
F0F,432,岡電バス,,若葉町
F0F,441,岡電バス,,あけぼの町
F0F,446,岡電バス,,築港新町
F0F,505,岡電バス,,新西大寺町筋
F0F,50A,中鉄バス,,大学病院筋
F0F,50F,中鉄バス,,大供
F0F,514,岡電バス,,厚生町商工会議所前
F0F,517,中鉄バス,,光生病院前
F0F,519,中鉄バス,,大供新屋敷
F0F,51E,中鉄バス,,野田東
F0F,523,中鉄バス,,備前野田
F0F,528,中鉄バス,,岡山ドーム入口
F0F,52D,中鉄バス,,大野辻
F0F,532,中鉄バス,,北長瀬駅前
F0F,537,中鉄バス,,中仙道
F0F,53C,中鉄バス,,西長瀬
F0F,541,中鉄バス,,備前白石
F0F,546,中鉄バス,,鉄工センター前
F0F,54B,中鉄バス,,延友
F0F,550,中鉄バス,,平野
F0F,555,中鉄バス,,庭瀬駅通
F0F,55A,中鉄バス,,庭瀬本町
F0F,55F,中鉄バス,,撫川
F0F,600,中鉄バス,,下撫川
F0F,605,中鉄バス,,瀬戸大橋温泉
F0F,60A,中鉄バス,,備中庄
F0F,60F,中鉄バス,,清心学園口
F0F,614,中鉄バス,,松島北ノ口
F0F,619,中鉄バス,,川崎医大前
F0F,61E,中鉄バス,,松島西ノ口
F0F,62D,中鉄バス,,中庄駅
F0F,700,岡電バス,,大学病院(構内)
F0F,705,岡電バス,,大学病院入口
F0F,70A,岡電バス,,桜橋
F0F,714,岡電バス,,協立病院前
F0F,750,岡電バス,健康づくり財団線/岡電高屋線,国富
F0F,755,岡電バス,健康づくり財団線/岡電高屋線,国富東
F0F,80F,岡電バス,健康づくり財団線/岡電高屋線,原尾島住宅
F0F,819,岡電バス,,清水
F0F,84B,岡電バス,,内山下
F0F,850,岡電バス,,城下
F0F,855,岡電バス,,美術館前
F0F,85F,岡電バス,,出石町一丁目
F0F,90A,岡電バス,空港リムジン,岡山桃太郎空港
F0F,F0A,岡電バス,,昭和町
F0F,1105,中鉄バス,,倉敷駅北口
F0F,1414,岡電バス,,岡山大学筋
F0F,141E,岡山電気軌道,,岡山桃太郎空港
F0F,1E14,中鉄バス,,済生会病院前(53号)
F0F,2341,岡電バス,,旭東病院前
F0F,240A,岡電バス,,三蟠郵便局前
F0F,280F,岡電バス,,福吉町
F0F,2E05,岡電バス,岡南飛行場線,新福
F0F,2E14,岡電バス,,福田公会堂前
F0F,2E37,岡電バス,,慈圭病院
F0F,2E3C,岡電バス,,浦安体育館前 (南区役所前)
F0F,2E41,岡電バス,,浦安南町
F0F,2E46,岡電バス,,太刀洗口
F0F,2E4B,岡電バス,,阿部池口
F0F,2E50,岡電バス,,太刀洗東
F0F,2E55,岡電バス,,岡南飛行場
F0F,3223,岡電バス,,流通センター卸売団地
F0F,3228,岡電バス,,岡山流通会館前
F0F,322D,岡電バス,,コンベックス岡山前
F0F,3305,岡電バス,,清心学園前
F0F,3705,岡電バス,健康づくり財団線 8·13,宗忠神社
F0F,370A,岡電バス,健康づくり財団線 8·13,上中野
F0F,370F,岡電バス,健康づくり財団線 8·13,今六丁目
F0F,3714,岡電バス,健康づくり財団線 8·13,今村宮
F0F,3719,岡電バス,健康づくり財団線 8·13,今七丁目
F0F,3741,岡電バス,健康づくり財団線 8·13,ひらた旭川荘
F0F,3800,岡電バス,,平田口
F0F,390F,岡電バス,,上中野二丁目
F0F,391E,岡電バス,北長瀬駅線,今八丁目
F0F,3D19,岡電バス,,高柳東町
F0F,3D3C,岡電バス,,花尻郵便局前
F0F,400A,岡電バス,,京山入口
F0F,4023,中鉄バス,,京山中学校前
F0F,4305,中鉄バス,,清心町
F0F,430A,中鉄バス,,スポーツセンター前
F0F,431E,中鉄バス,,武道館口
F0F,432D,中鉄バス,,明誠学院前
F0F,4332,中鉄バス,,岡山商大前
F0F,433C,中鉄バス,,津高営業所妙でん寺前
F0F,4505,中鉄バス,,免許センター
F0F,4564,中鉄バス,,エブリイOkanaka津高前
F0F,45B9,中鉄バス,,国立病院
F0F,460A,岡電バス,,岡大東門
F0F,460F,中鉄バス,,岡大西門
F0F,4705,岡電バス,,岡大入口
F0F,4723,岡電バス,,岡山理科大学
F0F,490A,岡電バス,,長泉寺
F0F,490F,岡電バス,,大和町
F0F,4C0F,岡電バス,,穝
F0F,4F05,岡電バス,,岡電高屋
F10,0,下津井電鉄,,共通
F10,A,下電バス,,岡山駅前
F10,19,下電バス,,NTT岡山前
F10,32,下電バス,,天満屋
F10,10A,下電バス,,イオンモール岡山前・源吉兆庵本社前
F10,10F,下電バス,,山陽新聞社前
F10,114,下電バス,,岡山市役所前
F10,119,下電バス,,水道局前
F10,11E,下電バス,,精神科医療センター西
F10,123,下電バス,,東古松二丁目
F10,128,下電バス,,大元駅前
F10,12D,下電バス,,西古松
F10,132,下電バス,,大元一丁目
F10,137,下電バス,,野崎
F10,13C,下電バス,,下中野北
F10,141,下電バス,,下中野
F10,146,下電バス,,両備テクノ前
F10,14B,下電バス,,大角橋
F10,150,下電バス,,西市
F10,155,下電バス,,米倉
F10,15A,下電バス,,相生橋
F10,15F,下電バス,,大福中
F10,200,下電バス,,大福
F10,205,下電バス,,荒田
F10,20A,下電バス,,荒田西
F10,20F,下電バス,,和田
F10,214,下電バス,,汗入
F10,237,下電バス,,大雲寺前
F10,505,下電バス,,新西大寺町筋
F10,50A,下電バス,,大学病院筋
F10,50F,下電バス,,大供
F10,514,下電バス,,厚生町商工会議所前
F10,517,下電バス,,光生病院前
F10,519,下電バス,,大供新屋敷
F10,51E,下電バス,,野田東
F10,523,下電バス,,備前野田
F10,528,下電バス,,岡山ドーム入口
F10,52D,下電バス,,大野辻
F10,532,下電バス,,北長瀬駅前
F10,537,下電バス,,中仙道
F10,53C,下電バス,,西長瀬
F10,541,下電バス,,備前白石
F10,546,下電バス,,鉄工センター前
F10,54B,下電バス,,延友
F10,550,下電バス,,平野
F10,555,下電バス,,庭瀬駅通
F10,55A,下電バス,,庭瀬本町
F10,55F,下電バス,,撫川
F10,600,下電バス,,下撫川
F10,605,下電バス,,瀬戸大橋温泉
F10,60A,下電バス,,備中庄
F10,60F,下電バス,,清心学園口
F10,614,下電バス,,松島北ノ口
F10,619,下電バス,,川崎医大前
F10,61E,下電バス,,松島西ノ口
F10,62D,下電バス,,中庄駅
F10,905,下電バス,,岡山空港
F10,F0A,下電バス,,昭和町
F10,F0F,下電バス,,南幸町しげい病院前
F10,F14,下電バス,,倉敷郵便局前
F10,F19,下電バス,,倉敷中央病院前
F10,F1E,下電バス,,備中県民局南
F10,F23,下電バス,,東町
F10,F28,下電バス,,羽島
F10,F2D,下電バス,,日間
F10,F46,下電バス,,あちてらす倉敷前
F10,F4B,下電バス,,大原美術館前
F10,F50,下電バス,,中央二丁目・倉敷芸文館
F10,F55,下電バス,,倉商東
F10,F5A,下電バス,,倉敷市役所
F10,F5F,下電バス,,総合市場前
F10,1000,下電バス,,ゆめタウン倉敷前
F10,1005,下電バス,,笹沖
F10,100F,下電バス,,葦高小学校東
F10,1014,下電バス,,倉敷南高校入口
F10,1019,下電バス,,吉岡
F10,101E,下電バス,,浦田
F10,1023,下電バス,,二福小古城池高前
F10,1028,下電バス,,観音堂
F10,1037,下電バス,,倉商前
F10,103C,下電バス,,倉敷成人病センター前
F10,1041,下電バス,,商工会館前
F10,1046,下電バス,,西中
F10,104B,下電バス,,大高
F10,1050,下電バス,,旭化成団地口
F10,1055,下電バス,,福井
F10,105A,下電バス,,倉敷中央高校南
F10,1100,下電バス,,帯江
F10,1105,下電バス,,倉敷駅北口
F10,1123,下電バス,,児島ボートレース場正門前
F10,1128,下電バス,,倉敷シティ病院
F10,112D,下電バス,,JR児島駅南
F10,1132,下電バス,,JR児島駅
F10,1137,下電バス,,天満屋ハピータウン前
F10,113C,下電バス,,児島市民交流センター前
F10,1141,下電バス,,藤原組前 (大正橋)
F10,1146,下電バス,,児島武道館前
F10,114B,下電バス,,大谷口
F10,1150,下電バス,,萱刈
F10,1155,下電バス,,和井田
F10,115A,下電バス,,常盤橋
F10,115F,下電バス,,下之町
F10,1200,下電バス,,堀江
F10,1205,下電バス,,琴浦高等支援学校前
F10,120A,下電バス,,西明石
F10,120F,下電バス,,明石 (明石SUC前)
F10,1214,下電バス,,田の口岡
F10,1219,下電バス,,由加登山口
F10,121E,下電バス,,田の口浜
F10,1223,下電バス,,田の口五丁目
F10,1228,下電バス,,唐琴の浦
F10,122D,下電バス,,唐琴警鐘台
F10,1232,下電バス,,唐琴町
F10,1237,下電バス,,東唐琴
F10,123C,下電バス,,琴浦園口
F10,1241,下電バス,,十九番札所前
F10,1246,下電バス,,王子ヶ岳登山口
F10,124B,下電バス,,ホールサムインせとうち
F10,1250,下電バス,,渋川三丁目
F10,1255,下電バス,,渋川
F10,125A,下電バス,,渋川一丁目
F10,125F,下電バス,,梅木橋
F10,1300,下電バス,,日比精煉西門前
F10,1305,下電バス,,日比精煉所前
F10,130A,下電バス,,日比
F10,130F,下電バス,,羽根崎町
F10,1314,下電バス,,和田三丁目
F10,1319,下電バス,,和田社宅前
F10,131E,下電バス,,和田一丁目
F10,1323,下電バス,,日の田正門・三井E&Sマシナリー前
F10,1328,下電バス,,三井E&S玉正門前
F10,132D,下電バス,,玉四丁目
F10,1332,下電バス,,玉比め神社前
F10,1337,下電バス,,玉六丁目
F10,133C,下電バス,,商工高校前
F10,1341,下電バス,,天馬町
F10,1346,下電バス,,玉野市民病院入口
F10,134B,下電バス,,玉野市役所入口
F10,1350,下電バス,,旭橋通り
F10,1355,下電バス,,宇野駅前
F10,1E05,下電バス,,清戸
F10,1E0A,下電バス,,門前
F10,1E0F,下電バス,,東内尾
F10,1E14,下電バス,,内尾
F10,1E19,下電バス,,大曲
F10,1E1E,下電バス,,中畦
F10,1E23,下電バス,,南区役所興除地域センター前
F10,1E28,下電バス,,中央中畦
F10,1E2D,下電バス,,南中畦
F10,1E32,下電バス,,興除郵便局前
F10,1E37,下電バス,,丙川
F10,1E3C,下電バス,,東曽根
F10,1E41,下電バス,,曽根新道
F10,1E46,下電バス,,下電バス興除営業所
F10,1E4B,下電バス,,曽根小学校前
F10,1E50,下電バス,,東西畦
F10,1E55,下電バス,,西畦
F10,1E5A,下電バス,,彦崎跨線橋
F10,1E5F,下電バス,,植松駅
F10,1F00,下電バス,,植松
F10,1F05,下電バス,,西植松
F10,1F0A,下電バス,,熊野神社入口
F10,1F0F,下電バス,,チクバ外科前
F10,1F14,下電バス,,倉敷帆布入口 (沖縄手)
F10,1F19,下電バス,,福江
F10,1F1E,下電バス,,三軒茶屋
F10,1F23,下電バス,,木華佐久耶比咩神社入口
F10,1F28,下電バス,,児島縫製センター入口
F10,1F2D,下電バス,,茶屋住宅前
F10,1F32,下電バス,,茶屋
F10,1F37,下電バス,,市立短大・翔南高校入口
F10,1F3C,下電バス,,滑口
F10,1F41,下電バス,,市立短大・翔南高校前
F10,1F46,下電バス,,上久保
F10,1F4B,下電バス,,久保
F10,1F50,下電バス,,JR上之町駅前
F10,1F55,下電バス,,安田口
F10,1F5A,下電バス,,内田口
F10,1F5F,下電バス,,琴浦西小学校前
F10,2000,下電バス,,岡熊
F10,2005,下電バス,,下之町鴻八幡宮前
F10,200A,下電バス,,下之町南
F10,200F,下電バス,,新常盤橋
F10,2605,下電バス,,青陵高等学校西
F10,260A,下電バス,,倉敷市民会館前
F10,260F,下電バス,,倉敷芸文館東
F10,2614,下電バス,,倉敷商業高校東
F10,2619,下電バス,,倉敷市役所東
F10,2623,下電バス,,上名田
F10,2628,下電バス,,東新田
F10,2632,下電バス,,小瀬戸
F10,2637,下電バス,,倉敷市ふじ園・倉敷児童館前
F10,263C,下電バス,,岡山学院大学・短期大学前
F10,2641,下電バス,,有城
F10,2646,下電バス,,高速道下
F10,264B,下電バス,,天城郵便局前
F10,2650,下電バス,,天城中学高校西入口
F10,2655,下電バス,,天城中学高校南入口
F10,265A,下電バス,,藤戸
F10,265F,下電バス,,東新町
F10,2700,下電バス,,塩干
F10,2705,下電バス,,串田
F10,270A,下電バス,,串田橋
F10,270F,下電バス,,帆干谷
F10,2714,下電バス,,ニシナ栁田店前
F10,2719,下電バス,,新児島団地入口
F10,271E,下電バス,,田嶋内科前
F10,2723,下電バス,,小川七丁目
F10,2728,下電バス,,井戸
F10,272D,下電バス,,倉敷鷲羽高校入口
F10,2732,下電バス,,新田
F10,2737,下電バス,,八軒屋北 (倉敷支援学校)
F10,2A05,下電バス,,浦田駅前
F10,2A0A,下電バス,,浦田口
F10,2A0F,下電バス,,一文字
F10,2A14,下電バス,,北畝七丁目
F10,2A19,下電バス,,難波医院前 (北畝)
F10,2A1E,下電バス,,ライフパーク倉敷西入口
F10,2A23,下電バス,,福田南中学校前
F10,2A28,下電バス,,倉敷広済クリニック前
F10,2A2D,下電バス,,福田運動公園前
F10,2A32,下電バス,,樋の輪
F10,2A37,下電バス,,新高橋
F10,2A3C,下電バス,,高橋
F10,2A41,下電バス,,呼松
F10,2A46,下電バス,,小南
F10,2A4B,下電バス,,水尻
F10,2A50,下電バス,,宇野津
F10,2A55,下電バス,,宇頭間
F10,2A5A,下電バス,,金浜
F10,2A5F,下電バス,,C地区旭化成前
F10,2B00,下電バス,,塩生浜
F10,2B05,下電バス,,塩生
F10,2B0A,下電バス,,塩生中央口
F10,2B0F,下電バス,,小田象製粉入口 (本荘いこいの家前)
F10,2B14,下電バス,,通生辻浜
F10,2B19,下電バス,,親和工産前 (通生港口)
F10,2B1E,下電バス,,大池
F10,2B23,下電バス,,松池入口
F10,2B28,下電バス,,菰池一丁目
F10,2B2D,下電バス,,赤崎小学校前
F10,2B32,下電バス,,赤崎入口
F10,2B37,下電バス,,赤崎
F10,2B3C,下電バス,,味野元町
F10,2D05,下電バス,,古新田
F10,2D0A,下電バス,,古新田南
F10,2D0F,下電バス,,ライフパーク倉敷入口
F10,2D14,下電バス,,福田公園北門前
F10,2D19,下電バス,,福田公園東門前
F10,2D1E,下電バス,,広江山の鼻
F10,2D23,下電バス,,新呼松
F10,2D28,下電バス,,新水尻
F10,2D2D,下電バス,,高島口
F10,2D32,下電バス,,小田象製粉前 (瀬戸埠頭入口)
F10,2D37,下電バス,,樋の輪南
F10,2E5A,下電バス,,阿津
F10,3005,下電バス,,西帯江
F10,300A,下電バス,,二日市
F10,3014,下電バス,,亀山
F10,3019,下電バス,,亀山郵便局前
F10,301E,下電バス,,六間川
F10,3023,下電バス,,帯高古開
F10,3028,下電バス,,帯高
F10,302D,下電バス,,茶屋町橋西
F10,3032,下電バス,,茶屋町橋
F10,3037,下電バス,,磯崎眠亀記念館前
F10,3105,下電バス,,曽根新道
F10,310A,下電バス,,共睦公会堂前
F10,310F,下電バス,,共睦
F10,3114,下電バス,,茶屋町公民館前
F10,3305,下電バス,,倉敷高校前
F10,330A,下電バス,,鳥羽
F10,330F,下電バス,,マスカットスタジアム南口
F10,3314,下電バス,,吉田
F10,3319,下電バス,,中庄小学校前
F10,331E,下電バス,,倉敷中庄自動車学校
F10,3323,下電バス,,黒崎
F10,3328,下電バス,,中庄団地東
F10,332D,下電バス,,中庄団地西
F10,3332,下電バス,,中庄住宅前
F10,3337,下電バス,,福島
F10,333C,下電バス,,福島中
F10,3341,下電バス,,八軒樋
F10,3346,下電バス,,福島南
F10,334B,下電バス,,大島
F10,3350,下電バス,,青陵高等学校北
F10,3355,下電バス,,南町
F10,335A,下電バス,,老松町東
F10,335F,下電バス,,白楽町
F10,3619,下電バス,瀬戸大橋線,櫃石
F10,3805,下電バス,,鷲羽ハイランドボウル前
F10,380A,下電バス,,鷲羽山ハイランド遊園地前
F10,380F,下電バス,,下津井中学校入口
F10,3814,下電バス,,田之浦
F10,3819,下電バス,,下電ホテル前
F10,381E,下電バス,,鷲麓園別館前
F10,3823,下電バス,,久須見弘法大師堂前
F10,3828,下電バス,,鷲羽山第二展望台
F10,382D,下電バス,,田之浦港前
F10,3832,下電バス,,吹上港前
F10,3837,下電バス,,むかし下津井回船問屋前
F10,383C,下電バス,,下津井公民館前
F10,3841,下電バス,,下津井
F10,3A05,下電バス,,扇の嵶入口
F10,3A0A,下電バス,,三百山入口
F10,3A0F,下電バス,,下津井三丁目
F10,3A14,下電バス,,下津井二丁目
F10,3A19,下電バス,,下津井港前
F10,3A1E,下電バス,,下津井城跡入口
F10,3A23,下電バス,,祇園神社下
F10,3A28,下電バス,,下津井郵便局前
F10,3A2D,下電バス,,田之浦二丁目
F10,3A32,下電バス,,田土浦公園前
F10,3A37,下電バス,,長浜
F10,3A3C,下電バス,,大畠南
F10,3A41,下電バス,,大畠漁港前
F10,3A46,下電バス,,大畠
F10,3A4B,下電バス,,琴海
F10,3A50,下電バス,,児島ボートレース場第二入場門
F10,3A55,下電バス,,阿津一丁目
F10,3A5F,下電バス,瀬戸大橋線,マルナカ児島店前
F10,3B00,下電バス,,児島警察署前
F10,3B05,下電バス,,児島中央病院入口
F10,3B0A,下電バス,,児島支所前
F10,3B0F,下電バス,,児島支所入口
F10,3B14,下電バス,,倉敷市立市民病院
F10,3B19,下電バス,,児島市民交流センター南
F10,3B1E,下電バス,,WASHU BLUE RESORT 風籠前
F10,3B23,下電バス,,児島消防署前
F10,3E05,下電バス,,味野中学校前
F10,3E0A,下電バス,,味野医院前
F10,3E0F,下電バス,,辻
F10,3E14,下電バス,,中山公園口
F10,3E19,下電バス,,グリーンハイツ
F10,3E1E,下電バス,,ガーデンタウン
F10,3E23,下電バス,,中山団地西
F10,3E28,下電バス,,中山団地
F10,3E2A,下電バス,,西の頭
F10,3E2D,下電バス,,天王
F10,3E32,下電バス,,JR上の町駅
F10,3E37,下電バス,,わたなべ生鮮館上の町店前
F10,3E3C,下電バス,,安田
F10,3E41,下電バス,,山際
F10,3E46,下電バス,,小西
F10,3E4B,下電バス,,ニシナフードバスケット前
F10,3E50,下電バス,,琴浦西小学校
F10,3E55,下電バス,,王慈園前
F10,3E5A,下電バス,,沖熊橋
F10,3E5F,下電バス,,やまな内科整形外科前
F10,3F00,下電バス,,新常盤橋西
F10,3F05,下電バス,,和井田南
F10,3F0A,下電バス,,萱刈南
F10,3F0F,下電バス,,昭和橋
F10,3F14,下電バス,,野﨑家旧宅前
F10,4105,下電バス,,由加中の口
F10,410A,下電バス,,母谷園前
F10,410F,下電バス,,峠入口
F10,4114,下電バス,,加茂路峠
F10,4119,下電バス,,白尾
F10,411E,下電バス,,平野切抜
F10,4123,下電バス,,琴浦北小前
F10,4128,下電バス,,由加山自然の家前
F10,412D,下電バス,,由加山
F10,4132,下電バス,,峠
F10,4414,下電バス,,児島学生服資料館前
F10,4419,下電バス,,熊野神社入口
F10,441E,下電バス,,市立短大・翔南高校入口
F10,4423,下電バス,,塩生浜
F10,5A00,下電バス,,児島営業所
F10,5A05,下電バス,,倉敷駅北口
F10,5A0A,下電バス,,岡山駅西口
F10,5A0F,下電バス,,岡山大学筋
F10,5A14,下電バス,,津高
F10,5A1E,下電バス,,落合インター
F10,5A23,下電バス,,津山駅
F10,5A28,下電バス,,新宿駅南口(バスタ新宿)
F10,5A2D,下電バス,,ハイアットリージェンシー東京
F10,5A32,下電バス,,新宿駅西口
F10,5A37,下電バス,,小倉駅前
F10,5A3C,下電バス,,砂津
F10,5A41,下電バス,,黒崎IC(引野口)
F10,5A46,下電バス,,博多バスターミナル
F10,5A4B,下電バス,,西鉄天神高速バスターミナル
F10,5A50,下電バス,,山陽インター(両備)
F10,5A55,下電バス,,京都駅前(八条口)
F10,5A5A,下電バス,,岡山インター
F10,5A5F,下電バス,,山陽インター(JR)
F10,5B05,下電バス,,湊町(OCAT)
F10,5B0A,下電バス,,ユニバーサル・スタジオ・ジャパン
F10,5B0F,下電バス,,有城南
F10,5B19,下電バス,,一宮バスターミナル
F10,5B1E,下電バス,,高知駅バスターミナル
F10,5B23,下電バス,,はりまや橋
F10,5B28,下電バス,,川内インター
F10,5B2D,下電バス,,松山インター口
F10,5B32,下電バス,,大街道
F10,5B37,下電バス,,松山市駅
F10,5B41,下電バス,,鷲羽山北
F13,0,井笠バスカンパニー,,共通
F13,125C,井笠バスカンパニー,中心部循環路線まわローズ,新橋
F13,125D,井笠バスカンパニー,中心部循環路線まわローズ,リーデンローズ入口
F13,125E,井笠バスカンパニー,中心部循環路線まわローズ,花園町
F13,125F,井笠バスカンパニー,中心部循環路線まわローズ,ばら公園前
F13,1260,井笠バスカンパニー,中心部循環路線まわローズ,南町
F13,1261,井笠バスカンパニー,中心部循環路線まわローズ,南小学校前
F13,1262,井笠バスカンパニー,中心部循環路線まわローズ,中央図書館ローズコム
F13,1263,井笠バスカンパニー,中心部循環路線まわローズ,霞町
F13,1264,井笠バスカンパニー,中心部循環路線まわローズ,市役所東
F13,1265,井笠バスカンパニー,中心部循環路線まわローズ,福山駅前
F13,1266,井笠バスカンパニー,中心部循環路線まわローズ,市役所北
F13,1267,井笠バスカンパニー,中心部循環路線まわローズ,リム・ふくやま前
F13,1268,井笠バスカンパニー,中心部循環路線まわローズ,県立歴史博物館前
F13,1269,井笠バスカンパニー,中心部循環路線まわローズ,福山駅北口
F13,126A,井笠バスカンパニー,中心部循環路線まわローズ,伏見町
F13,126B,井笠バスカンパニー,中心部循環路線まわローズ,天下橋
F13,126C,井笠バスカンパニー,中心部循環路線まわローズ,木綿橋
F13,126D,井笠バスカンパニー,中心部循環路線まわローズ,御船町
F13,126E,井笠バスカンパニー,中心部循環路線まわローズ,入船町
F13,126F,井笠バスカンパニー,中心部循環路線まわローズ,東警察署前
F13,1270,井笠バスカンパニー,中心部循環路線まわローズ,東中学校前
F13,1271,井笠バスカンパニー,中心部循環路線まわローズ,三吉町南
F13,1272,井笠バスカンパニー,中心部循環路線まわローズ,すこやかセンター前
F13,B24F,井笠バスカンパニー,,神辺駅前
F13,B26D,井笠バスカンパニー,,井原郵便局前
F14,33,広電バス,,上町屋
F14,34,広電バス,上根・吉田線,ガラスの里
F14,3D,広島電鉄,,八木峠
F14,1F4,広電バス,,広島バスセンター
F14,1F6,広電バス,,紙屋町
F14,1F8,広電バス,,中電前
F14,1FA,広島電鉄,,南区役所前
F14,1FB,広島電鉄,,大学病院南門
F14,1FC,広島電鉄,,柞木
F14,1FD,広島電鉄,,体育館前
F14,1FE,広電バス,,呉駅前
F14,1FF,広島電鉄,,四ツ道路
F14,200,広島電鉄,,呉本通り三丁目
F14,201,広島電鉄,,呉本通り四丁目
F14,203,広島電鉄,,呉本通り八丁目
F14,204,広島電鉄,,西畑
F14,205,広島電鉄,,中畑
F14,206,広島電鉄,,原
F14,207,広電バス,,郷
F14,5DD,広島電鉄,,中筋駅
F14,5DE,広電バス,広島空港リムジンバス 広島〜広島空港線,広島駅新幹線口
F14,7D2,広島電鉄,,大塚駅
F14,7D3,広島電鉄(バス),,広域公園テニスコート
F14,7D4,広島電鉄,,沼田PA
F14,7D5,広島電鉄,,久地
F14,7D6,広島電鉄,,広島北IC
F14,7D8,広島電鉄,,美土里
F14,7D9,広島電鉄,,高宮
F14,7DA,広電バス,,三次駅前
F14,7DB,広島電鉄,,三次バスセンター
F14,7DC,広島電鉄,,NTT前
F14,7DD,広島電鉄,,三次市役所
F14,7DE,広島電鉄,,巴橋
F14,7DF,広島電鉄,,巴橋西詰
F14,7E0,広島電鉄,,三次稲荷町
F14,7E1,広電バス,高速三次線,三次小学校前
F14,9C4,広電バス,,広島駅新幹線口
F14,9C5,広電バス,,広島バスセンター
F14,9D1,広電バス,,黒川町
F14,9D2,広電バス,,浜田駅前
F14,3DE3,広島電鉄,,仁保四丁目
F14,3DE4,広島電鉄,,日宇那町
F14,3DE5,広島電鉄,,楠那町
F14,3E80,広電バス,,県庁前
F14,3E86,広電バス,2·5号線,東区役所前
F14,3E87,広電バス,2·43号線,広電曙営業所前
F14,3E88,広電バス,2·43号線,曙町
F14,3E89,広電バス,2·43号線,矢賀入口
F14,3E8A,広電バス,2号線,矢賀新町二丁目
F14,3E8E,広電バス,2号線,矢賀駅入口
F14,3E8F,広電バス,2·43号線,矢賀新町
F14,3E93,広電バス,2·43号線,天神川駅北(イオンモール広島府中前)
F14,3E94,広電バス,2号線,キリンビアパーク・イオンモール広島府中
F14,3E95,広電バス,2号線,大須1丁目
F14,3E96,広電バス,2号線,府中大橋
F14,3E97,広電バス,2号線,大通一丁目
F14,3E98,広電バス,2号線,浜田一丁目
F14,3E99,広電バス,2号線,浜田一丁目
F14,3E9A,広電バス,2号線,浜田二丁目
F14,3E9E,広電バス,2号線,宮の町5丁目
F14,3E9F,広電バス,2号線,東地区センター入口
F14,3EA0,広電バス,2号線,安芸府中高校入口 (池尻団地)
F14,3EA1,広電バス,2号線,府中ニュータウン下
F14,3EA2,広電バス,2号線,府中ニュータウン中
F14,3EA3,広電バス,2号線,府中ニュータウン上
F14,3EA4,広電バス,2号線,府中ニュータウン
F14,3EA6,広電バス,2号線,入川橋
F14,3EA8,広電バス,2号線,龍仙寺前
F14,3EAD,広電バス,2号線,府中変電所
F14,3EAF,広電バス,5号線,愛宕町
F14,3EC2,広島電鉄(バス),,観音新町四丁目
F14,3EC3,広島電鉄,,山陽学園前
F14,3ECA,広電バス,4号線,東雲二丁目
F14,3ECC,広島電鉄,,邇保姫神社入口
F14,3ECD,広電バス,4号線,東本浦
F14,3ECE,広島電鉄,,仁保一丁目
F14,3ECF,広島電鉄,,地方
F14,3ED0,広電バス,,渕崎
F14,3ED1,広島電鉄,,上柞木
F14,3ED2,広島電鉄,,柞木
F14,3ED3,広島電鉄,,仁保四丁目
F14,3ED4,広島電鉄,,日宇那町
F14,3ED5,広電バス,4·7号線,楠那町
F14,3EE1,広電バス,2号線,府中変電所
F14,3EE5,広電バス,6号線,牛田旭
F14,3EE6,広電バス,5·6·12号線,牛田本町
F14,3EE7,広電バス,12号線,牛田本町六丁目
F14,3EE9,広電バス,5·6·12号線,牛田大橋
F14,3EEE,広電バス,,三菱団地下
F14,3EF5,広電バス,5·7·10号線,皆実町一丁目 (南区役所前)
F14,3EF8,広島電鉄,,出汐一丁目
F14,3EFE,広電バス,5·6号線,早稲田団地郵便局前
F14,3EFF,広電バス,5·6号線,牛田早稲田団地
F14,3F00,広電バス,6·12号線,白島九軒町
F14,3F01,広電バス,6·12号線,白島町
F14,3F02,広電バス,6号線,逓信病院
F14,3F03,広島電鉄,,検察庁前
F14,3F07,広電バス,6号線,舟入幸町(電車通り)
F14,3F08,広電バス,6号線,舟入南一丁目
F14,3F09,広電バス,6号線,舟入南四丁目
F14,3F0F,広電バス,6号線,江波三菱前
F14,3F13,広電バス,6号線,皿山公園下
F14,3F15,広電バス,6号線,江波営業所
F14,3F16,広電バス,6号線,舟入南
F14,3F19,広電バス,,横川新町
F14,3F1A,広電バス,,中広中学校前
F14,3F1C,広電バス,,中広二丁目
F14,3F20,広電バス,,十日市
F14,3F2A,広電バス,4·7号線,堀越三丁目
F14,3F2B,広電バス,4·7号線,向洋新町1丁目
F14,3F43,広電バス,5·12号線,下千足
F14,3F4C,広電バス,12号線,戸坂中学校
F14,3F55,広電バス,12号線,保健所前
F14,3F63,広電バス,,平塚町
F14,3F66,広電バス,エキまちループ,白神社前
F14,3F67,広電バス,2号線,空城山公園入口
F14,3F68,広電バス,2号線,府中南小学校入口
F14,3F69,広電バス,2号線,府中南公民館
F14,3F6C,広電バス,2号線,緑ヶ丘
F14,3F6E,広電バス,,大学病院入口
F14,3F79,広電バス,6号線,舟入小学校入口
F14,3F7A,広電バス,6号線,江波本町
F14,3F7F,広電バス,2号線,府中永田転回場
F14,3F81,広電バス,5号線,常盤橋東
F14,3F82,広電バス,12号線,新白島駅
F14,4075,広電バス,,西区役所前
F14,407A,広電バス,,鈴が峰住宅東
F14,407B,広電バス,,鈴が峰住宅
F14,407C,広電バス,,鈴が峰住宅西
F14,407E,広電バス,,鈴が台
F14,4081,広電バス,,皆賀
F14,409C,広電バス,,廿日市市役所前駅
F14,409D,広電バス,宮園・四季が丘線,ゆめタウン廿日市
F14,409E,広電バス,,廿日市市役所
F14,40A5,広電バス,宮園・四季が丘線,宮内
F14,40A9,広電バス,宮園・四季が丘線,宮内郵便局
F14,4108,広電バス,,JR阿品駅
F14,410C,広電バス,阿品台線,阿品台西
F14,410D,広電バス,阿品台線,阿品台中央
F14,4110,広電バス,宮園・四季が丘線/阿品台線/佐伯線,阿品台公園前
F14,411F,広電バス,宮園・四季が丘線,宮園一丁目
F14,4120,広電バス,宮園・四季が丘線,宮園中央
F14,4121,広電バス,宮園・四季が丘線,宮園西
F14,4122,広電バス,宮園・四季が丘線,宮園上
F14,4123,広電バス,宮園・四季が丘線,四季が丘一丁目
F14,4124,広電バス,宮園・四季が丘線/宮園・四季が丘団地線/佐伯線,宮内串戸駅
F14,412E,広電バス,宮園・四季が丘線/原線,速谷神社
F14,413B,広電バス,,千同橋
F14,413E,広電バス,,城山
F14,417C,広電バス,,近隣公園前
F14,4199,広電バス,花のまわりみち 臨時バス,「花のまわりみち」会場
F14,41A3,広電バス,,新宮苑
F14,41B7,広電バス,,五日市落合
F14,41C5,広電バス,,免許センター
F14,41C8,広電バス,五月が丘線,田方が丘団地
F14,41D3,広電バス,,五月が丘四丁目
F14,41D8,広電バス,,広域公園前駅 (広島修道大学入口)
F14,41D9,広電バス,,中大塚
F14,41DB,広電バス,,沼田料金所前 (市立大学入口)
F14,41DC,広電バス,,市立大学前
F14,41ED,広電バス,,アルパーク
F14,41F0,広電バス,,広島高等技術専門校前
F14,41F1,広電バス,,美鈴モール前
F14,41F5,広電バス,,山田団地
F14,41F8,広電バス,美鈴が丘高校線,美鈴が丘高校
F14,4201,広電バス,井口台線,井口台東
F14,4202,広電バス,井口台線,井口台中央
F14,4203,広電バス,井口台線,井口台西
F14,4204,広電バス,井口台線,公園通り入口
F14,4205,広電バス,井口台線,公園南
F14,4206,広電バス,井口台線,井口台小学校前
F14,4207,広電バス,井口台線,公園北
F14,4208,広電バス,井口台線,井口台パークタウン
F14,420A,広電バス,,大町
F14,4211,広電バス,あさひが丘線/沼田線/沼田ループ線,日浦口
F14,421A,広電バス,あさひが丘線,安佐動物公園
F14,421B,広電バス,あさひが丘線,後山上
F14,421C,広電バス,あさひが丘線,あさひが丘下
F14,421D,広電バス,あさひが丘線,あさひが丘中
F14,421E,広電バス,あさひが丘線,あさひが丘上
F14,421F,広電バス,あさひが丘線,あさひが丘3番
F14,4220,広電バス,あさひが丘線,あさひが丘2番
F14,4221,広電バス,あさひが丘線,あさひが丘1番
F14,4222,広電バス,あさひが丘線,あさひが丘展望台入口
F14,4230,広電バス,くすの木台線,久地魚切
F14,4231,広電バス,くすの木台線,くすの木台下
F14,4240,広電バス,,A.シティ中央
F14,4241,広電バス,,広域公園テニスコート
F14,4248,広電バス,こころ団地線/こころ南線/石内線,セントラルシティ中央
F14,424A,広電バス,こころ団地線,こころ北公園
F14,424F,広電バス,花の季台・こころ団地線,こころ産業団地
F14,42A0,広電バス,上根・吉田線,五郎丸橋
F14,42B0,広電バス,上根・吉田線,安芸高田市役所前
F14,43B5,広電バス,広島熊野・海田線,入川 (日本製鋼所前)
F14,43BC,広電バス,熊野線/矢野線,自衛隊前
F14,43DC,広電バス,熊野線/矢野線/矢野焼山線,矢野駅前
F14,4408,広電バス,,矢野駅入口
F14,443B,広電バス,,広島国際大学
F14,4457,広電バス,,広島駅新幹線口
F14,4458,広電バス,,キリンビアパーク・イオンモール広島府中
F14,4465,広電バス,宮園・四季が丘線,ゆめタウン廿日市
F14,4A37,広電バス,,エディオンスタジアム
F14,7530,広電バス,,呉駅前
F14,7533,広電バス,,教育隊前
F14,7534,広電バス,,総監部前
F14,7535,広電バス,,子規句碑前
F14,7536,広電バス,,IHI前
F14,7537,広電バス,,昭和埠頭前
F14,7538,広電バス,,潜水隊前
F14,75B5,広島電鉄(バス),,宮原二丁目
F14,75C5,広電バス,,中通1丁目
F14,75C8,広電バス,,本通4丁目
F14,75CC,広電バス,,本通8丁目
F14,75D1,広電バス,,中畑
F14,75D5,広電バス,,阿賀海岸通 (中央)
F14,75D8,広電バス,,先小倉
F14,75DB,広電バス,,広市民センター
F14,75E5,広島電鉄(バス),,仁方駅前
F14,75F4,広島電鉄(バス),,仁方桟橋入口
F14,766B,広電バス,,昭和市民センター
F14,766D,広電バス,,北原
F14,76F4,広電バス,,呉駅前
F14,771C,広電バス,,広島空港
F14,7724,広電バス,,眼鏡橋
F14,7735,広電バス,,体育館前(呉市)
F14,8CAC,広島電鉄(バス),,和知
F14,8DD8,広島電鉄(バス),,庄原インター入口
F14,8F71,広島電鉄(バス),,下布野
F14,8F74,広島電鉄(バス),,上布野
F14,8F83,広島電鉄(バス),,横谷
F14,91CC,備北交通,,吉田口駅
F14,9287,広島電鉄(バス),,道の駅たかの
F15,5DD,広島バス,,中筋駅
F15,5DE,広島バス,広島空港直通リムジンバス,広島駅新幹線口
F15,3E80,広島バス,,紙屋町 (基町クレド前)
F15,3E81,広島バス,,紙屋町 (紙屋町東電停前)
F15,3E82,広島バス,23·23-1·27号線,八丁堀(広島信用金庫前)
F15,3E83,広島バス,宇品線 21号線,銀山町
F15,3E85,広島バス,,広島駅
F15,3E8A,広島バス,29号線,矢賀新町二丁目
F15,3EB0,広島バス,21·24·25号線,本通り
F15,3EEE,広島バス,,三菱団地下
F15,3EEF,広島バス,27号線,東照宮入口
F15,3EF5,広島バス,横県線/翠町線 23·31号線,比治山下
F15,3EF6,広島バス,横県線/旭町線 23·26号線,皆実町一丁目 (南区役所前)
F15,3EF9,広島バス,横県線 23号線,大学病院
F15,3F18,広島バス,23·23-1号線,横川駅
F15,3F21,広島バス,,本川町
F15,3F2B,広島バス,宇品線 21号線,向洋新町1丁目
F15,3F33,広島バス,25号線,己斐 (西広島駅)
F15,3F37,広島バス,,宝町
F15,3F39,広島バス,26·26-1号線,出汐三丁目
F15,3F3A,広島バス,26·26-1号線,旭町
F15,3F43,広島バス,30号線,下千足
F15,3F44,広島バス,30号線,千足
F15,3F53,広島バス,23·26号線,新天地
F15,3F54,広島バス,23·26·51号線,富士見町
F15,3F55,広島バス,23·26号線,保健所前
F15,3F56,広島バス,23·26号線,竹屋町
F15,3F59,広島バス,宇品線/東西線 21·50号線,御幸橋
F15,3F5A,広島バス,21号線,皆実町六丁目
F15,3F5B,広島バス,21·31号線,広大附属高校前
F15,3F5C,広島バス,31号線,西翠町
F15,3F5D,広島バス,31号線,県病院前
F15,3F5E,広島バス,31号線,県立広島大学前 (広島キャンパス)
F15,3F63,広島バス,50·51·51-1号線,平塚町
F15,3F6E,広島バス,23-1·26-1·31号線,大学病院入口
F15,3F6F,広島バス,23-1·26-1·31号線,段原南
F15,3F70,広島バス,横県線 23-1号線,段原中央
F15,4074,広島バス,,広島バスセンター
F15,407A,広島バス,28号線,鈴が峰住宅東
F15,407B,広島バス,28号線,鈴が峰住宅
F15,41ED,広島バス,25·28·50号線,アルパーク
F15,4253,広島バス,,広瀬町
F15,43AD,広島バス,宇品線 21号線,マツダスタジアム前
F15,55F2,広島バス,横県線 23号線,基町ショッピングセンター前
F15,55F7,広島バス,,袋町
F15,55FA,広島バス,23·26-1·31号線,段原中央
F15,55FF,広島バス,22·23号線,横川3丁目
F15,5603,広島バス,23·26号線,比治山橋
F15,560E,広島バス,吉島線 24号線,光南町
F15,5611,広島バス,吉島線 24号線,吉島2丁目
F15,5612,広島バス,吉島線 24号線,吉島1丁目
F15,5613,広島バス,吉島線 24号線,羽衣町
F15,5616,広島バス,宇品線/平塚線 21·51号線,市役所前
F15,561C,広島バス,吉島線 24号線,吉島営業所
F15,561E,広島バス,吉島線 24号線,吉島病院
F15,5621,広島バス,草津線 25号線,商工センター3丁目
F15,5622,広島バス,25号線,サンプラザ前
F15,5624,広島バス,草津線/東西線 25·50号線,商工センター入口
F15,5625,広島バス,草津線/東西線 25·50号線,草津病院前
F15,5626,広島バス,草津線/東西線 25·50号線,草津南町
F15,5627,広島バス,草津線/東西線 25·50号線,草津町
F15,5628,広島バス,草津線/東西線 25·50号線,草津東町
F15,5629,広島バス,草津線 25号線,庚午中3丁目
F15,5632,広島バス,草津線 25号線,緑大橋西詰
F15,5633,広島バス,草津線 25号線,河原町
F15,5634,広島バス,草津線 25号線,堺町
F15,5638,広島バス,草津線 25号線,井口車庫
F15,5640,広島バス,宇品線 21号線,宇品町
F15,5647,広島バス,宇品線 21号線,御幸2丁目
F15,564C,広島バス,宇品線/東西線 21·50号線,広電前
F15,564D,広島バス,宇品線/東西線 21·50号線,日赤前
F15,564F,広島バス,宇品線/横川線 21·22号線,猿猴橋通り
F15,5654,広島バス,,大州四丁目
F15,5655,広島バス,23·26号線,出汐町
F15,5656,広島バス,宇品線 21号線,鹿籠
F15,5660,広島バス,宇品線 21号線,洋光台団地北
F15,5661,広島バス,宇品線 21号線,向洋新町1丁目
F15,566B,広島バス,横川線 22号線,横川一丁目
F15,566C,広島バス,横川線 22号線,三篠一丁目
F15,566D,広島バス,,南吉島
F15,566E,広島バス,,広島バス本社前
F15,566F,広島バス,横川線 22号線,祇園大橋 (大芝町)
F15,5670,広島バス,,吉島病院入口
F15,5671,広島バス,,広島南特別支援学校前
F15,5672,広島バス,,吉島二丁目
F15,5673,広島バス,,吉島一丁目
F15,5674,広島バス,,羽衣町
F15,5675,広島バス,22号線,三滝町
F15,5676,広島バス,22号線,三滝観音
F15,5677,広島バス,,中島小学校前
F15,5679,広島バス,吉島線/草津線 24·25号線,平和記念公園
F15,5687,広島バス,旭町線 26·26-1号線,出汐三丁目
F15,5688,広島バス,旭町線 26-1号線,的場町
F15,5695,広島バス,中山線/深川線 27·29号線,三本松
F15,5696,広島バス,中山線/深川線 27·29号線,愛宕町
F15,5697,広島バス,中山線/深川線 27·29号線,若草町
F15,5698,広島バス,中山線/深川線 27·29号線,広島駅新幹線口
F15,5699,広島バス,中山線/深川線 27·29号線,広島駅新幹線口[構内]
F15,569A,広島バス,中山線/深川線 27·29号線,東照宮入口
F15,569B,広島バス,中山線/深川線 27·29号線,二葉の里
F15,569C,広島バス,中山線/深川線 27·29号線,鶴羽根神社前
F15,569D,広島バス,中山線/深川線 27·29号線,常盤橋東
F15,569E,広島バス,中山線/深川線 27·29号線,大須賀町
F15,56AC,広島バス,深川線 29号線,福木小学校前
F15,56AD,広島バス,深川線 29号線,登石
F15,56AE,広島バス,深川線 29号線,豊芝入口
F15,56D4,広島バス,,地区センター
F15,56F0,広島バス,高陽線 30号線,不動院
F15,570F,広島バス,東西線 50号線,広商入口
F15,5711,広島バス,東西線 50号線,吉島東
F15,5712,広島バス,東西線/平塚線 50·51-1号線,竹屋町西
F15,5714,広島バス,東西線/平塚線 50·51-1号線,宝町北
F15,5717,広島バス,東西線 50号線,舟入南
F15,5724,広島バス,翠町線 31号線,県病院前
F15,5725,広島バス,宇品線 21号線,広島県情報プラザ前
F15,5727,広島バス,宇品線 21号線,宇品西4丁目
F15,5729,広島バス,宇品線 21号線,鷹野橋商店街
F15,572B,広島バス,東西線 50号線,観音新町1丁目
F15,5738,広島バス,草津線/東西線 25·50号線,庚午住宅入口
F15,5751,広島バス,吉島線 24号線,吉島2丁目
F15,5755,広島バス,吉島線 24号線,加古町 (文化交流会館)
F15,5756,広島バス,中山線/深川線 27·29号線,新幹線口
F15,575C,広島バス,28号線,商工センター2丁目
F15,575F,広島バス,28号線,LECT
F16,2F,広島交通,,下町屋
F16,34,広交バス,,ガラスの里
F16,3D,広島交通,,八木峠
F16,5DC,広交バス,広島空港直通リムジンバス 広島空港線,広島空港
F16,5DD,広島交通,,中筋駅
F16,5DE,広交バス,広島空港直通リムジンバス 広島空港線,広島駅新幹線口
F16,6D96,広交バス,,大林車庫
F16,6DF1,広交バス,,桐陽台
F16,6E05,広交バス,南原線,研修センター前
F16,6E1B,広交バス,,長束
F16,6E1D,広交バス,,下祇園
F16,6E33,広交バス,山本・春日野線/山本東亜ハイツ線/広島経済大学線,茅原
F16,6E45,広交バス,山本・春日野線,春日野南
F16,6E46,広交バス,山本・春日野線,春日野西
F16,6E52,広交バス,,大町駅
F16,6E5A,広交バス,,毘沙門台上
F16,6E67,広交バス,弘億線,安東駅
F16,6E68,広交バス,弘億線,弘億団地南口
F16,6E6B,広交バス,弘億線,弘億団地中
F16,6E7F,広交バス,32高陽線,大須賀町
F16,6E85,広島交通,,基町
F16,6E87,広島交通,,東区スポーツセンター入口
F16,6E88,広島交通,,牛田新町一丁目
F16,6E89,広島交通,,牛田新町二丁目
F16,6E8A,広島交通,,不動院
F16,6E8B,広島交通,,牛田新町四丁目
F16,6E8C,広島交通,,天水
F16,6E8D,広島交通,,広島ゴルフ場前
F16,6E8E,広島交通,,下千足
F16,6E8F,広島交通,,千足
F16,6E90,広島交通,,上千足
F16,6E91,広島交通,,下小田
F16,6E92,広島交通,,中小田
F16,6E93,広島交通,,小田教円寺前
F16,6E94,広島交通,,上小田
F16,6E95,広島交通,,口田
F16,6E96,広島交通,,矢口
F16,6E97,広島交通,,矢口上
F16,6E98,広交バス,深川線,下岩の上
F16,6E99,広交バス,深川線,中岩の上
F16,6E9A,広交バス,深川線,岩の上
F16,6E9B,広交バス,深川線,上岩の上
F16,6E9D,広島交通,,諸木峠
F16,6EA0,広島交通,,亀崎橋
F16,6EA1,広島交通,,深川三丁目
F16,6EBE,広交バス,,高陽車庫
F16,6EC2,広島交通,,高陽東高校前
F17,0,広交観光,,共通
F18,0,芸陽バス,,共通
F18,5DC,芸陽バス,広島空港リムジンバス 広島〜広島空港線,広島空港
F18,5DD,芸陽バス,,中筋駅
F18,5DE,芸陽バス,広島空港リムジンバス 広島〜広島空港線,広島駅新幹線口
F18,BB8,芸陽バス,西条線,西条駅
F18,BB9,芸陽バス,西条線,中央公園前
F18,BC0,芸陽バス,西条線,池ノ上学生宿舎前
F18,BC1,芸陽バス,西条線,広大中央口
F18,BF9,芸陽バス,,東広島市立中央図書館
F18,C00,芸陽バス,西条エアポートリムジン,西条駅北口
F18,7D01,芸陽バス,,八丁堀
F18,7D02,芸陽バス,,広島駅(南口)
F18,7D03,芸陽バス,,荒神町
F18,7D04,芸陽バス,,西蟹屋
F18,7D05,芸陽バス,,マツダスタジアム前
F18,7D06,芸陽バス,,広島バス大州車庫前
F18,7D07,芸陽バス,,大州四丁目
F18,7D08,芸陽バス,,新大州橋
F18,7D09,芸陽バス,,向洋駅前 (マツダ本社前)
F18,7D0A,芸陽バス,,青崎一丁目
F18,7D0B,芸陽バス,,青崎二丁目
F18,7D0C,芸陽バス,,東堀越
F18,7D0D,芸陽バス,,入川 (日本製鋼所前)
F18,7D0E,芸陽バス,,船越町 (安芸区役所)
F18,7D0F,芸陽バス,,海田
F18,7D10,芸陽バス,,海田市駅入口
F18,7D11,芸陽バス,,海田大正町
F18,7D19,芸陽バス,,貫道橋
F18,7D3D,芸陽バス,西条線,芸陽バス前
F18,7D41,芸陽バス,,西条駅前
F18,7D47,芸陽バス,,中電前
F18,7D48,芸陽バス,,市役所前
F18,7D49,芸陽バス,,昭和町
F18,7D4A,芸陽バス,,南区役所前
F18,7D4B,芸陽バス,,出汐町
F18,7D4C,芸陽バス,,大学病院南門
F18,7D4D,芸陽バス,,東雲本町三丁目
F18,7D4E,芸陽バス,,市立工業高校入口
F18,7D50,芸陽バス,,仁保二丁目
F18,7D51,芸陽バス,,向洋本町
F18,7D52,芸陽バス,,堀越三丁目
F18,7D53,芸陽バス,,東部市場前
F18,7D54,芸陽バス,,鴻治新田
F18,7D5A,芸陽バス,三迫線,曙町(海田町)
F18,7D60,芸陽バス,三迫線,三迫二丁目
F18,7DAA,芸陽バス,志和循環線,志和堀
F18,7E0A,芸陽バス,,豊栄
F18,7E47,芸陽バス,,中電前
F18,7E48,芸陽バス,,市役所前
F18,7E49,芸陽バス,,昭和町
F18,7E4A,芸陽バス,,南区役所前
F18,7E97,芸陽バス,,西高屋駅前
F18,7EA8,芸陽バス,,高美が丘四丁目南
F18,7EE0,芸陽バス,,東広島駅
F18,7F03,芸陽バス,高速かぐや姫号,新開
F18,7F05,芸陽バス,高速かぐや姫号,竹原駅前
F18,7F51,芸陽バス,高速かぐや姫号,矢賀新町二丁目
F18,7F7A,芸陽バス,,和田町
F18,7F7B,芸陽バス,,貝野
F18,7F7C,芸陽バス,,三菱和田沖工場前
F18,7F7D,芸陽バス,,貝野町南
F18,7F7E,芸陽バス,,須波駅
F18,7F7F,芸陽バス,,須波港口
F18,7F80,芸陽バス,,須波小学校
F18,7F81,芸陽バス,,須波住宅
F18,7F82,芸陽バス,,須波フェリー前
F18,7F83,芸陽バス,,須波造船
F18,7F84,芸陽バス,,西須波
F18,7F85,芸陽バス,,すなみ海浜公園前
F18,7F86,芸陽バス,,須波ハイツ入口
F18,7F87,芸陽バス,,ハイツ公園前
F18,7FA5,芸陽バス,,フェリー前
F18,7FA8,芸陽バス,,新港橋
F18,7FA9,芸陽バス,,本川通
F19,0,中国バス,,共通
F19,DAC,中国バス,甲山・三原線,三原駅
F19,DB5,中国バス,,中之町小前
F19,1194,中国バス,明王台線,福山駅前
F19,119E,中国バス,明王台線,明王台センター
F19,11FD,中国バス/井笠バスカンパニー,,明神前
F19,1200,中国バス,,東福山駅口
F19,125C,中国バス,中心部循環路線まわローズ,新橋
F19,125D,中国バス,中心部循環路線まわローズ,リーデンローズ入口
F19,125E,中国バス,中心部循環路線まわローズ,花園町
F19,125F,中国バス,中心部循環路線まわローズ,ばら公園前
F19,1260,中国バス,中心部循環路線まわローズ,南町
F19,1261,中国バス,中心部循環路線まわローズ,南小学校前
F19,1262,中国バス,中心部循環路線まわローズ,中央図書館ローズコム
F19,1263,中国バス,中心部循環路線まわローズ,霞町
F19,1264,中国バス,中心部循環路線まわローズ,市役所東
F19,1265,中国バス,中心部循環路線まわローズ,福山駅前
F19,1266,中国バス,中心部循環路線まわローズ,市役所北
F19,1267,中国バス,中心部循環路線まわローズ,リム・ふくやま前
F19,1268,中国バス,中心部循環路線まわローズ,県立歴史博物館前
F19,1269,中国バス,中心部循環路線まわローズ,福山駅北口
F19,126A,中国バス,中心部循環路線まわローズ,伏見町
F19,126B,中国バス,中心部循環路線まわローズ,天下橋
F19,126C,中国バス,中心部循環路線まわローズ,木綿橋
F19,126D,中国バス,中心部循環路線まわローズ,御船町
F19,126E,中国バス,中心部循環路線まわローズ,入船町
F19,126F,中国バス,中心部循環路線まわローズ,東警察署前
F19,1270,中国バス,中心部循環路線まわローズ,東中学校前
F19,1271,中国バス,中心部循環路線まわローズ,三吉町南
F19,1272,中国バス,中心部循環路線まわローズ,すこやかセンター前
F19,12C0,中国バス,広島空港リムジンバス 福山〜広島空港線,福山駅前
F19,12C1,中国バス,広島空港リムジンバス 福山〜広島空港線,広尾
F19,12C2,中国バス,広島空港リムジンバス 福山〜広島空港線,千田BS
F19,12C3,中国バス,広島空港リムジンバス 福山〜広島空港線,福山本郷
F19,12C4,中国バス,広島空港リムジンバス 福山〜広島空港線,高坂BS
F19,12C5,中国バス,広島空港リムジンバス 福山〜広島空港線,中央森林公園
F19,12C6,中国バス,広島空港リムジンバス 福山〜広島空港線,広島空港
F19,ABE0,中国バス,,福山駅前
F19,ABF4,中国バス,,川口小学校前
F19,AC50,中国バス,,鋼管病院
F19,AC51,中国バス,,本通り(福山市)
F19,ACBF,中国バス,,久松台小学校下
F19,ACC1,中国バス,,西町三丁目
F19,ACF9,中国バス,,福戸橋
F19,AD10,中国バス,,目崎車庫
F19,ADB4,中国バス,,油木(神石高原町)
F19,ADE4,中国バス,,東城駅前
F19,AE44,中国バス,尾道・三成線,尾道駅前
F19,AE45,中国バス,尾道・三成線,西御所
F19,AE46,中国バス,尾道・三成線,ぎおん橋
F19,AE47,中国バス,尾道・三成線,日比小前
F19,AE48,中国バス,尾道・三成線,なかた美術館前
F19,AE49,中国バス,尾道・三成線,妙見
F19,AE4A,中国バス,尾道・三成線,ハローワーク前
F19,AE4B,中国バス,尾道・三成線,西則末
F19,AE4C,中国バス,尾道・三成線,福祉センター前
F19,AE4D,中国バス,尾道・三成線,川上口
F19,AE4F,中国バス,尾道・三成線,竹屋口 (新尾道駅北口)
F19,AE50,中国バス,尾道・三成線,大池
F19,AE51,中国バス,尾道・三成線,松岡団地口
F19,AE52,中国バス,尾道・三成線,仙入峠
F19,AE53,中国バス,尾道・三成線,三美園口
F19,AE54,中国バス,尾道・三成線,温泉口
F19,AE55,中国バス,尾道・三成線,三成
F19,AE58,中国バス,,長江口
F19,AEB0,中国バス,甲山・三原線,甲山営業所
F19,AF5A,中国バス,,広島空港
F19,B111,中国バス,,道の駅びんご府中
F1A,0,鞆鉄道,,共通
F1A,386,鞆鉄道,,千田入口
F1A,DB5,トモテツバス,深線,中之町小前
F1A,1194,トモテツバス,明王台線,福山駅前
F1A,119E,トモテツバス,明王台線,明王台センター
F1A,125C,トモテツバス,中心部循環路線まわローズ,新橋
F1A,125D,トモテツバス,中心部循環路線まわローズ,リーデンローズ入口
F1A,125E,トモテツバス,中心部循環路線まわローズ,花園町
F1A,125F,トモテツバス,中心部循環路線まわローズ,ばら公園前
F1A,1260,トモテツバス,中心部循環路線まわローズ,南町
F1A,1261,トモテツバス,中心部循環路線まわローズ,南小学校前
F1A,1262,トモテツバス,中心部循環路線まわローズ,中央図書館ローズコム
F1A,1263,トモテツバス,中心部循環路線まわローズ,霞町
F1A,1264,トモテツバス,中心部循環路線まわローズ,市役所東
F1A,1265,トモテツバス,中心部循環路線まわローズ,福山駅前
F1A,1266,トモテツバス,中心部循環路線まわローズ,市役所北
F1A,1267,トモテツバス,中心部循環路線まわローズ,リム・ふくやま前
F1A,1268,トモテツバス,中心部循環路線まわローズ,県立歴史博物館前
F1A,1269,トモテツバス,中心部循環路線まわローズ,福山駅北口
F1A,126A,トモテツバス,中心部循環路線まわローズ,伏見町
F1A,126B,トモテツバス,中心部循環路線まわローズ,天下橋
F1A,126C,トモテツバス,中心部循環路線まわローズ,木綿橋
F1A,126D,トモテツバス,中心部循環路線まわローズ,御船町
F1A,126E,トモテツバス,中心部循環路線まわローズ,入船町
F1A,126F,トモテツバス,中心部循環路線まわローズ,東警察署前
F1A,1270,トモテツバス,中心部循環路線まわローズ,東中学校前
F1A,1271,トモテツバス,中心部循環路線まわローズ,三吉町南
F1A,1272,トモテツバス,中心部循環路線まわローズ,すこやかセンター前
F1A,12C0,トモテツバス,広島空港リムジンバス 福山〜広島空港線,福山駅前
F1A,12C1,トモテツバス,広島空港リムジンバス 福山〜広島空港線,広尾
F1A,12C2,トモテツバス,広島空港リムジンバス 福山〜広島空港線,千田BS
F1A,12C3,トモテツバス,広島空港リムジンバス 福山〜広島空港線,福山本郷
F1A,12C4,トモテツバス,広島空港リムジンバス 福山〜広島空港線,高坂BS
F1A,12C5,トモテツバス,広島空港リムジンバス 福山〜広島空港線,中央森林公園
F1A,12C6,トモテツバス,広島空港リムジンバス 福山〜広島空港線,広島空港
F1A,9C41,鞆鉄道,,霞町
F1A,9C42,鞆鉄道,,商工中金前
F1A,9C43,鞆鉄道,,野上町
F1A,9C44,鞆鉄道,,工業高校
F1A,9C45,鞆鉄道,,草戸
F1A,9C46,鞆鉄道,,草戸大橋
F1A,9C47,鞆鉄道,,妙見
F1A,9C48,鞆鉄道,,水呑大橋
F1A,9C4A,鞆鉄道,,丸山口
F1A,9C4B,鞆鉄道,,水呑薬師
F1A,9C4C,鞆鉄道,,水呑高浦
F1A,9C4D,鞆鉄道,,水呑
F1A,9C4E,鞆鉄道,,水呑農協前
F1A,9C4F,鞆鉄道,,葛城
F1A,9C50,鞆鉄道,,商業高校入口
F1A,9C51,鞆鉄道,,大谷団地前
F1A,9C52,鞆鉄道,,田尻保育所前
F1A,9C53,鞆鉄道,,田尻本郷
F1A,9C54,トモテツバス,鞆線/鞆の浦・明王台線,田尻資料館前
F1A,9C55,トモテツバス,鞆線/鞆の浦・明王台線,田尻郵便局前
F1A,9C56,トモテツバス,鞆線/鞆の浦・明王台線,金崎
F1A,9C57,トモテツバス,鞆線/鞆の浦・明王台線,石の塔
F1A,9C58,トモテツバス,鞆線/鞆の浦・明王台線,十三仏入口
F1A,9C59,トモテツバス,鞆線/鞆の浦・明王台線,白茅
F1A,9C5A,トモテツバス,鞆線/鞆の浦・明王台線,鉄鋼団地前
F1A,9C5B,トモテツバス,鞆線/鞆の浦・明王台線,スカイライン入口
F1A,9C5C,トモテツバス,鞆線/鞆の浦・明王台線/沼南線,鞆車庫前
F1A,9C5D,トモテツバス,鞆線/鞆の浦・明王台線/沼南線,安国寺下
F1A,9C5E,トモテツバス,鞆線/鞆の浦・明王台線/沼南線,鞆の浦
F1A,9C61,トモテツバス,,本庄
F1B,0,備北交通,,共通
F1B,1,備北交通,高速広島線,広島駅
F1B,2,備北交通,高速広島線,女学院前
F1B,3,備北交通,高速広島線,合同庁舎前
F1B,4,備北交通,高速広島線,広島バスセンター
F1B,5DC,備北交通,広島空港直通リムジンバス,広島空港
F1B,5DD,備北交通,,中筋駅
F1B,5DE,備北交通,広島空港直通リムジンバス,広島駅新幹線口
F1B,7D2,備北交通,,大塚駅
F1B,7D3,備北交通,,広域公園テニスコート
F1B,7D4,備北交通,,沼田PA
F1B,7D6,備北交通,,広島北IC
F1B,7D7,備北交通,,千代田IC
F1B,7D8,備北交通,,美土里
F1B,7D9,備北交通,,高宮
F1B,7DA,備北交通,,三次駅前
F1B,7DB,備北交通,,三次 (たび館三次前)
F1B,7DC,備北交通,,NTT前
F1B,7DD,備北交通,,三次市役所前
F1B,7DE,備北交通,,巴橋
F1B,7DF,備北交通,,巴橋西詰
F1B,7E0,備北交通,,稲荷町(三次市)
F1B,7E1,備北交通,,三次小学校前
F1B,8CA1,備北交通,,八丁堀
F1B,8CAC,備北交通,,和知
F1B,8CAD,備北交通,,庄原中学校前
F1B,8CAE,備北交通,,庄原バスセンター
F1B,8CAF,備北交通,,帝釈
F1B,8CB0,備北交通,,東城小学校前
F1B,8CB1,備北交通,,東城駅前
F1B,8CB2,備北交通,,備北丘陵公園
F1B,8CB3,備北交通,,かんぽの郷庄原
F1B,8CD2,備北交通,,安佐市民病院前
F1B,8CD3,備北交通,,文教女子大前
F1B,8CD4,備北交通,,可部駅前
F1B,8CD5,備北交通,,可部中央
F1B,8CD6,備北交通,,可部上市
F1B,8CD7,備北交通,,可部中学校前
F1B,8CD8,備北交通,,南原口
F1B,8CD9,備北交通,,土居橋(可部)
F1B,8CDA,備北交通,,下町屋
F1B,8CDB,備北交通,,三入
F1B,8CDC,備北交通,,町屋記念碑
F1B,8CDD,備北交通,,町屋
F1B,8CDE,備北交通,,上町屋
F1B,8CDF,備北交通,,ガラスの里
F1B,8CE0,備北交通,,下大林
F1B,8CE1,備北交通,,洞庭
F1B,8CE2,備北交通,,大林
F1B,8CE3,備北交通,,大杉
F1B,8CE5,備北交通,,上根バイパス
F1B,8CF0,備北交通,,吉田
F1B,8CF1,備北交通,,吉田2丁目
F1B,8CF2,備北交通,,吉田税務署前
F1B,8CF3,備北交通,,青迫
F1B,8CF4,備北交通,,吉田病院
F1B,8CF5,備北交通,,安芸高田市役所
F1B,8CF6,備北交通,,新町下
F1B,8CF7,備北交通,,安芸高田警察署
F1B,8CF8,備北交通,,吉田営業所
F1B,8CF9,備北交通,,大浜
F1B,8CFA,備北交通,,内堀(吉田)
F1B,8CFB,備北交通,,大江橋
F1B,8CFC,備北交通,,四軒屋
F1B,8CFD,備北交通,,高屋
F1B,8CFE,備北交通,,高屋大橋
F1B,8CFF,備北交通,,唐谷
F1B,8D00,備北交通,,市が原
F1B,8D01,備北交通,,花の木
F1B,8D02,備北交通,,甲立駅口
F1B,8D03,備北交通,,甲立小学校
F1B,8D04,備北交通,,男山神社前
F1B,8D05,備北交通,,道木
F1B,8D06,備北交通,,甲立
F1B,8D07,備北交通,,下甲立
F1B,8D08,備北交通,,上深瀬
F1B,8D09,備北交通,,深瀬
F1B,8D0A,備北交通,,下深瀬
F1B,8D0B,備北交通,,川地中学入口
F1B,8D0C,備北交通,,大鳥公園前
F1B,8D0D,備北交通,,秋町
F1B,8D0E,備北交通,,志和地
F1B,8D0F,備北交通,,青河
F1B,8D10,備北交通,,青河橋
F1B,8D11,備北交通,,船所
F1B,8D12,備北交通,,大村
F1B,8D13,備北交通,,粟屋
F1B,8D14,備北交通,,三次ロッジ口
F1B,8D15,備北交通,,胡町
F1B,8D16,備北交通,,西町
F1B,8D17,備北交通,,三次中学校前
F1B,8D1F,備北交通,,日山橋
F1B,8D20,備北交通,,岡竹口
F1B,8D21,備北交通,,南畑敷町
F1B,8D22,備北交通,,南大下
F1B,8D23,備北交通,,RCC中継所前
F1B,8D24,備北交通,,水明園前
F1B,8D25,備北交通,,麻原
F1B,8D26,備北交通,,三次高校前
F1B,8D27,備北交通,,生協団地入口
F1B,8D28,備北交通,,八次駅前
F1B,8D29,備北交通,,畠敷
F1B,8D2A,備北交通,,塩迫
F1B,8D2B,備北交通,,四十貫
F1B,8D2C,備北交通,,上四十貫
F1B,8D2D,備北交通,,下和知
F1B,8D2E,備北交通,,和知駅口
F1B,8D2F,備北交通,,和知
F1B,8D30,備北交通,,尾引坂
F1B,8D31,備北交通,,尾引
F1B,8D32,備北交通,,水越口
F1B,8D33,備北交通,,山内学校前
F1B,8D34,備北交通,,山内駅口
F1B,8D35,備北交通,,長橋
F1B,8D36,備北交通,,本郷口
F1B,8D37,備北交通,,七塚原口
F1B,8D38,備北交通,,熊野口
F1B,8D39,備北交通,,上原学校前
F1B,8D3A,備北交通,,三日市
F1B,8D3B,備北交通,,格致高校入口
F1B,8D3C,備北交通,,ジョイフル
F1B,8D3D,備北交通,,日赤前
F1B,8D3E,備北交通,,庄原本町
F1B,8D3F,備北交通,,庄原中央
F1B,8D40,備北交通,,庄原郵便局前
F1B,8D41,備北交通,,備北交通庄原営業所
F1B,8D42,備北交通,,柳原口
F1B,8D43,備北交通,,新築町
F1B,8D44,備北交通,,丸屋橋
F1B,8D45,備北交通,,明賀橋
F1B,8D46,備北交通,,夜燈
F1B,8D47,備北交通,,郷
F1B,8D48,備北交通,,突廻
F1B,8D49,備北交通,,高駅前
F1B,8D4A,備北交通,,高小学校前
F1B,8D4B,備北交通,,市場(三城)
F1B,8D4C,備北交通,,段
F1B,8D4D,備北交通,,下高取
F1B,8D4E,備北交通,,高取
F1B,8D4F,備北交通,,上高取
F1B,8D50,備北交通,,下竹原
F1B,8D51,備北交通,,平子駅前
F1B,8D52,備北交通,,下平子
F1B,8D53,備北交通,,平子栗橋
F1B,8D54,備北交通,,栗
F1B,8D55,備北交通,,奥名別
F1B,8D56,備北交通,,小歌原
F1B,8D57,備北交通,,西城小学校前
F1B,8D58,備北交通,,西城本町
F1B,8D59,備北交通,,西城中村
F1B,8D5A,備北交通,,西城十日市
F1B,8D5B,備北交通,,西城病院前
F1B,8D5C,備北交通,,西条中野
F1B,8D5D,備北交通,,夢の橋
F1B,8D68,備北交通,,下和知駅前
F1B,8D69,備北交通,,和田
F1B,8D6A,備北交通,,向江田
F1B,8D6B,備北交通,,備北大橋南
F1B,8D6C,備北交通,,神社前(三城)
F1B,8D6D,備北交通,,三次ワイナリー
F1B,8D72,備北交通,,根木田
F1B,8D73,備北交通,,掛田
F1B,8D74,備北交通,,沖の町
F1B,8D75,備北交通,,門田別
F1B,8D76,備北交通,,下市場(同仁病院前)
F1B,8D77,備北交通,,市場局前
F1B,8D78,備北交通,,茶屋
F1B,8D79,備北交通,,八幡
F1B,8D7A,備北交通,,伊勢町
F1B,8D7B,備北交通,,川北小学校前
F1B,8D7C,備北交通,,矢之原
F1B,8D7D,備北交通,,重行別
F1B,8D7E,備北交通,,秋国別
F1B,8D7F,備北交通,,田の平
F1B,8D80,備北交通,,森が原
F1B,8D81,備北交通,,須川大橋
F1B,8D82,備北交通,,神山前
F1B,8D83,備北交通,,下古頃
F1B,8D84,備北交通,,木屋原
F1B,8D85,備北交通,,岸本沖
F1B,8D86,備北交通,,元常別
F1B,8D87,備北交通,,元常別上
F1B,8D88,備北交通,,古頃別
F1B,8D89,備北交通,,比和(松下前)
F1B,8D8A,備北交通,,比和下町
F1B,8D8B,備北交通,,比和(バイパス)
F1B,8D8C,備北交通,,永原(畑)
F1B,8D8D,備北交通,,永原
F1B,8D8E,備北交通,,永原(森沖)
F1B,8D8F,備北交通,,永原大橋
F1B,8D90,備北交通,,永原(梶谷)
F1B,8D91,備北交通,,森脇(磯田)
F1B,8D92,備北交通,,森脇(高・大)
F1B,8D93,備北交通,,上湯川
F1B,8D94,備北交通,,上湯川(中店)
F1B,8D95,備北交通,,才の木
F1B,8D96,備北交通,,湯川学校前
F1B,8D97,備北交通,,下湯川
F1B,8D98,備北交通,,下湯川(川島)
F1B,8D99,備北交通,,下湯川(瀬尾)
F1B,8D9A,備北交通,,傘取
F1B,8D9B,備北交通,,別所
F1B,8D9C,備北交通,,上市
F1B,8D9D,備北交通,,新市車庫
F1B,8D9E,備北交通,,新市バイパス
F1B,8D9F,備北交通,,殿垣内
F1B,8DA0,備北交通,,高野大橋
F1B,8DA1,備北交通,,垣内橋
F1B,8DA2,備北交通,,住宅前(下高・大)
F1B,8DA3,備北交通,,中門田
F1B,8DA4,備北交通,,下高野山
F1B,8DB8,備北交通,,門田
F1B,8DB9,備北交通,,中原橋
F1B,8DBA,備北交通,,門田平組
F1B,8DBB,備北交通,,門田寺前
F1B,8DBC,備北交通,,門田進農
F1B,8DBD,備北交通,,門田下組
F1B,8DBE,備北交通,,貝の平
F1B,8DBF,備北交通,,濁川小学校
F1B,8DC0,備北交通,,須川別
F1B,8DC1,備北交通,,濁川
F1B,8DC2,備北交通,,別作
F1B,8DC3,備北交通,,鮎の里公園入口
F1B,8DC4,備北交通,,上出雲石
F1B,8DC5,備北交通,,元常
F1B,8DC6,備北交通,,永田
F1B,8DCC,備北交通,,足立前
F1B,8DCD,備北交通,,糸谷
F1B,8DCE,備北交通,,郡原
F1B,8DCF,備北交通,,陽内
F1B,8DD0,備北交通,,長瀬
F1B,8DD6,備北交通,,庄原市役所
F1B,8DD7,備北交通,,上野公園西口
F1B,8DD8,備北交通,,庄原インター入口
F1B,8DD9,備北交通,,九丁
F1B,8DDA,備北交通,,新庄
F1B,8DDB,備北交通,,大縄
F1B,8DDC,備北交通,,是松
F1B,8DDD,備北交通,,雨露原
F1B,8DDE,備北交通,,春田
F1B,8DDF,備北交通,,峰田小学校前(本村)
F1B,8DE0,備北交通,,赤川
F1B,8DE1,備北交通,,峰田農協前
F1B,8DE2,備北交通,,上赤川
F1B,8DE3,備北交通,,十万田別
F1B,8DE4,備北交通,,上谷口
F1B,8DE5,備北交通,,下本
F1B,8DE6,備北交通,,日の岳
F1B,8DE7,備北交通,,山王
F1B,8DE8,備北交通,,本村農協
F1B,8DE9,備北交通,,中本(間所)
F1B,8DEA,備北交通,,中本(田部)
F1B,8DEB,備北交通,,上本(入江)
F1B,8DEC,備北交通,,上本
F1B,8DED,備北交通,,下吉備谷
F1B,8DEE,備北交通,,上本(吉備谷)
F1B,8DF0,備北交通,,須川別
F1B,8DF1,備北交通,,濁川
F1B,8DF2,備北交通,,別作
F1B,8DF3,備北交通,,鮎の里公園入口
F1B,8DF4,備北交通,,上出雲石
F1B,8DF5,備北交通,,元常
F1B,8DF6,備北交通,,永田
F1B,8DF7,備北交通,,ザ・ビッグ
F1B,8DF8,備北交通,,原手橋
F1B,8DF9,備北交通,,板橋(堂前)
F1B,8DFA,備北交通,,東谷(実留)
F1B,8DFB,備北交通,,板橋局前
F1B,8DFC,備北交通,,板橋農協前
F1B,8DFD,備北交通,,板橋(平林)
F1B,8DFE,備北交通,,一ツ木(奥池)
F1B,8DFF,備北交通,,一ツ木
F1B,8E00,備北交通,,迫谷
F1B,8E01,備北交通,,殿河内
F1B,8E02,備北交通,,下谷
F1B,8E03,備北交通,,実留
F1B,8E04,備北交通,,光清
F1B,8E05,備北交通,,下光清
F1B,8E06,備北交通,,仁賀(堂前)
F1B,8E07,備北交通,,上仁賀
F1B,8E08,備北交通,,仁賀学校前
F1B,8E09,備北交通,,下仁賀
F1B,8E0A,備北交通,,大渡
F1B,8E0B,備北交通,,田利別
F1B,8E0C,備北交通,,兎峠
F1B,8E0D,備北交通,,沖江
F1B,8E0E,備北交通,,三良坂警察署前
F1B,8E0F,備北交通,,三良坂商工会館前
F1B,8E10,備北交通,,三良坂駅前
F1B,8E1E,備北交通,,促進住宅口
F1B,8E26,備北交通,,同栄社南
F1B,8E3A,備北交通,,ゆめさくら
F1B,8E3B,備北交通,,上野公園
F1B,8E3C,備北交通,,備北地域事務所前
F1B,8E3D,備北交通,,市役所前
F1B,8E3E,備北交通,,庄原小学校前
F1B,8E3F,備北交通,,幼稚園入口
F1B,8E40,備北交通,,中本町
F1B,8E41,備北交通,,実業高校入口
F1B,8E42,備北交通,,西原
F1B,8E43,備北交通,,上野公園東
F1B,8E44,備北交通,,美湯ハイツ入口
F1B,8E45,備北交通,,下本町
F1B,8E46,備北交通,,庄原市総合体育館前
F1B,8E48,備北交通,,新庄西
F1B,8E49,備北交通,,丘陵公園北入口
F1B,8E4A,備北交通,,消防署北
F1B,8EBA,備北交通,,鳥落
F1B,8ED1,備北交通,,庄原市ふれあいC前
F1B,8EDA,備北交通,,三次工業団地
F1B,8EDB,備北交通,,東酒屋
F1B,8EDC,備北交通,,MEC前
F1B,8EDD,備北交通,,三次中央病院
F1B,8EDE,備北交通,,門田口
F1B,8EDF,備北交通,,成光団地入口
F1B,8EE0,備北交通,,三次ロイヤルホテル前
F1B,8EE1,備北交通,,十日市南
F1B,8EEE,備北交通,,三次太才町
F1B,8EEF,備北交通,,太才神社
F1B,8EF0,備北交通,,山家入口
F1B,8EF1,備北交通,,河内農協前
F1B,8EF2,備北交通,,河内小学校前
F1B,8EF3,備北交通,,西河内
F1B,8EF4,備北交通,,横路橋
F1B,8EF5,備北交通,,君田別
F1B,8EF6,備北交通,,中川木材前
F1B,8EF7,備北交通,,防地
F1B,8EF8,備北交通,,藤兼
F1B,8EF9,備北交通,,上藤兼
F1B,8EFA,備北交通,,石原口
F1B,8EFB,備北交通,,東入君
F1B,8EFC,備北交通,,松が瀬
F1B,8EFD,備北交通,,君田役場前
F1B,8EFE,備北交通,,君田診療所前
F1B,8EFF,備北交通,,君田局前
F1B,8F00,備北交通,,鋳原
F1B,8F01,備北交通,,吉尾口
F1B,8F02,備北交通,,櫃田口
F1B,8F03,備北交通,,下泉吉田
F1B,8F04,備北交通,,泉吉田
F1B,8F05,備北交通,,中泉吉田
F1B,8F06,備北交通,,上泉吉田
F1B,8F07,備北交通,,新業峠
F1B,8F08,備北交通,,下大月
F1B,8F09,備北交通,,上大月
F1B,8F0A,備北交通,,上大月車庫
F1B,8F0B,備北交通,,ほたる見公園前
F1B,8F0C,備北交通,,竹地谷
F1B,8F0D,備北交通,,倉庫前(下高野)
F1B,8F0E,備北交通,,下竹地
F1B,8F0F,備北交通,,学校前(下高野)
F1B,8F10,備北交通,,中竹地
F1B,8F11,備北交通,,上芦原
F1B,8F12,備北交通,,落合橋
F1B,8F13,備北交通,,上竹地
F1B,8F14,備北交通,,札峠
F1B,8F15,備北交通,,栃谷
F1B,8F16,備北交通,,後谷(下高野)
F1B,8F17,備北交通,,下高(瀬尾)
F1B,8F18,備北交通,,下門田作業場
F1B,8F19,備北交通,,下高小学校
F1B,8F20,備北交通,,口和診療所
F1B,8F21,備北交通,,大合戦橋
F1B,8F22,備北交通,,口和支所
F1B,8F24,備北交通,,上日南(口・須)
F1B,8F25,備北交通,,下宮内
F1B,8F26,備北交通,,上宮内
F1B,8F27,備北交通,,宮内堂前
F1B,8F28,備北交通,,光明寺前(宮内)
F1B,8F29,備北交通,,桑垣内入口
F1B,8F2A,備北交通,,宮内公民館前
F1B,8F2B,備北交通,,紙谷
F1B,8F2D,備北交通,,一日市別
F1B,8F2E,備北交通,,口和役場
F1B,8F2F,備北交通,,運動公園入口
F1B,8F30,備北交通,,向泉
F1B,8F31,備北交通,,口和中学校
F1B,8F32,備北交通,,口和中学校前
F1B,8F33,備北交通,,大塩口
F1B,8F34,備北交通,,永田車庫
F1B,8F3E,備北交通,,君田発電所
F1B,8F3F,備北交通,,宮原板橋
F1B,8F40,備北交通,,宮原
F1B,8F41,備北交通,,寺原
F1B,8F42,備北交通,,保育所前(神野瀬)
F1B,8F43,備北交通,,尾面坂
F1B,8F44,備北交通,,御所ヵ原橋
F1B,8F45,備北交通,,御所ヵ原
F1B,8F46,備北交通,,二本谷
F1B,8F47,備北交通,,下中野原
F1B,8F48,備北交通,,中野原
F1B,8F49,備北交通,,今谷口
F1B,8F4A,備北交通,,沓ヵ原
F1B,8F4B,備北交通,,神野瀬
F1B,8F52,備北交通,,河内神社前
F1B,8F53,備北交通,,穴笠
F1B,8F54,備北交通,,木呂田
F1B,8F55,備北交通,,森原
F1B,8F56,備北交通,,下金田
F1B,8F57,備北交通,,塩谷口
F1B,8F58,備北交通,,金田
F1B,8F5A,備北交通,,常定口
F1B,8F5B,備北交通,,友広前
F1B,8F5C,備北交通,,井上前
F1B,8F5D,備北交通,,口南学校前
F1B,8F5E,備北交通,,湯木市場
F1B,8F5F,備北交通,,湯木倉庫前
F1B,8F60,備北交通,,湯木車庫
F1B,8F66,備北交通,,尾関公園(赤名)
F1B,8F67,備北交通,,中所
F1B,8F68,備北交通,赤名線/作木線/三次高校上布野線,日山橋
F1B,8F69,備北交通,赤名線/作木線/三次高校上布野線,郷川
F1B,8F6A,備北交通,赤名線/作木線/三次高校上布野線,下三原
F1B,8F6B,備北交通,赤名線/作木線/三次高校上布野線,宇遠木
F1B,8F6C,備北交通,赤名線/作木線/三次高校上布野線,小松原
F1B,8F6D,備北交通,赤名線/作木線/三次高校上布野線,山家口
F1B,8F6E,備北交通,赤名線/作木線/三次高校上布野線,河戸
F1B,8F6F,備北交通,赤名線/作木線/三次高校上布野線,大谷
F1B,8F70,備北交通,赤名線/作木線/三次高校上布野線,伊木谷
F1B,8F71,備北交通,赤名線/作木線/三次高校上布野線,下布野
F1B,8F72,備北交通,赤名線/作木線/三次高校上布野線,柳田橋
F1B,8F73,備北交通,赤名線/作木線/三次高校上布野線,二井殿
F1B,8F74,備北交通,赤名線/作木線/三次高校上布野線,上布野
F1B,8F75,備北交通,赤名線/作木線,便坂口
F1B,8F76,備北交通,赤名線/作木線,便坂
F1B,8F77,備北交通,赤名線,常盤橋
F1B,8F78,備北交通,赤名線,湯谷橋
F1B,8F79,備北交通,赤名線,開明橋
F1B,8F7A,備北交通,赤名線,下ヶ原
F1B,8F7B,備北交通,赤名線,明谷
F1B,8F7C,備北交通,赤名線,宗貞
F1B,8F7D,備北交通,赤名線,奥の迫
F1B,8F7E,備北交通,赤名線,天狗橋
F1B,8F7F,備北交通,赤名線,石貝
F1B,8F80,備北交通,赤名線,吉谷口
F1B,8F81,備北交通,赤名線,坂根下
F1B,8F82,備北交通,赤名線,室下
F1B,8F83,備北交通,赤名線,横谷
F1B,8F84,備北交通,赤名線,北ノ上
F1B,8F85,備北交通,赤名線,陣屋
F1B,8F86,備北交通,赤名線,栗屋谷
F1B,8F87,備北交通,赤名線,保育所前
F1B,8F88,備北交通,赤名線,呑谷
F1B,8F89,備北交通,赤名線,板屋橋
F1B,8F8A,備北交通,赤名線,赤名上町
F1B,8F8B,備北交通,赤名線,赤名
F1B,8F98,備北交通,,作木別
F1B,8F99,備北交通,,上郷橋
F1B,8F9A,備北交通,,西野口
F1B,8F9B,備北交通,,上作木
F1B,8F9C,備北交通,,小谷口
F1B,8F9D,備北交通,,中野郷(作木)
F1B,8F9E,備北交通,,学校前(作木)
F1B,8F9F,備北交通,,東光坊
F1B,8FA0,備北交通,,作木中学校前
F1B,8FA1,備北交通,,作木支所前
F1B,8FA2,備北交通,,常清滝
F1B,8FA3,備北交通,作木線,✌作木診療所前
F1B,8FA4,備北交通,,作木診療所前
F1B,8FA5,備北交通,,丹渡
F1B,8FA6,備北交通,,式
F1B,8FA7,備北交通,,折敷谷
F1B,8FA8,備北交通,,上大津
F1B,8FA9,備北交通,,大津両国橋
F1B,8FAA,備北交通,,下西の原
F1B,8FAB,備北交通,,口羽駅三叉路
F1B,8FAC,備北交通,,口羽局前
F1B,8FAD,備北交通,,口羽
F1B,8FAE,備北交通,,下口羽学校前
F1B,8FAF,備北交通,,羽須美支所
F1B,8FB0,備北交通,,伊賀和志上
F1B,8FB1,備北交通,,伊賀和志
F1B,8FB2,備北交通,,馬峠
F1B,8FB3,備北交通,,柳原
F1B,8FB4,備北交通,,田原
F1B,8FB5,備北交通,,都賀上野
F1B,8FB6,備北交通,,都賀飯谷
F1B,8FB7,備北交通,,家畜診療所前
F1B,8FB8,備北交通,,都賀大橋
F1B,8FB9,備北交通,,御領橋
F1B,8FBA,備北交通,,都賀本郷
F1B,8FBB,備北交通,,診療所前(作木)
F1B,8FBC,備北交通,,都賀下本郷
F1B,8FBD,備北交通,,都賀都橋
F1B,8FBE,備北交通,,谷地(作木)
F1B,8FCA,備北交通,,亀谷口(上村)
F1B,8FCB,備北交通,,米丸口
F1B,8FCC,備北交通,,旭
F1B,8FCE,備北交通,,下上村
F1B,8FCF,備北交通,,若屋橋
F1B,8FD0,備北交通,,上村学校前
F1B,8FD1,備北交通,,上村
F1B,8FD2,備北交通,,炭屋橋
F1B,8FD3,備北交通,,上上村
F1B,8FD4,備北交通,,丁伝口
F1B,8FD5,備北交通,,地主橋
F1B,8FDE,備北交通,,商工会議所前
F1B,8FDF,備北交通,,県公舎前
F1B,8FE0,備北交通,,寺戸
F1B,8FE1,備北交通,,促進住宅前
F1B,8FE2,備北交通,,西善坊前
F1B,8FE3,備北交通,,熊野神社口
F1B,8FE4,備北交通,,卸売センター前
F1B,8FE5,備北交通,,県営住宅口
F1B,8FE6,備北交通,,岩屋寺口(畠敷線)
F1B,8FE7,備北交通,,自動車学校
F1B,8FE8,備北交通,,後山口
F1B,8FE9,備北交通,,みよし公園
F1B,8FFC,備北交通,,酒屋公民館
F1B,8FFD,備北交通,,上本谷
F1B,8FFE,備北交通,,酒河小学校前
F1B,8FFF,備北交通,,志和地駅前
F1B,9000,備北交通,,大坪
F1B,9001,備北交通,,専正寺入口
F1B,9002,備北交通,,土居橋
F1B,9003,備北交通,,川東
F1B,9004,備北交通,,新開橋
F1B,9005,備北交通,,新開
F1B,9006,備北交通,,奥新開
F1B,9007,備北交通,,鬼ケ城
F1B,9008,備北交通,,鬼の湯
F1B,9009,備北交通,,野竹橋
F1B,900A,備北交通,,信原
F1B,900B,備北交通,,下板木
F1B,900C,備北交通,,備尺
F1B,900D,備北交通,,紺屋川
F1B,900E,備北交通,,国光橋
F1B,900F,備北交通,,板木保育所
F1B,9010,備北交通,,三和郵便局前
F1B,9011,備北交通,,板木橋
F1B,9012,備北交通,,上板木盛矢
F1B,9013,備北交通,,上板木
F1B,9014,備北交通,,三和支所前
F1B,9015,備北交通,,三和中学校入口
F1B,9016,備北交通,,敷名
F1B,9017,備北交通,,美術館前
F1B,9024,備北交通,,新丁
F1B,9025,備北交通,,下戸宇
F1B,9026,備北交通,,岩田
F1B,9027,備北交通,,国久
F1B,9028,備北交通,,中戸宇
F1B,9029,備北交通,,頭谷別
F1B,902A,備北交通,,横山
F1B,902B,備北交通,,吹屋谷
F1B,902C,備北交通,,上戸宇
F1B,902D,備北交通,,石山
F1B,902E,備北交通,,上迫
F1B,902F,備北交通,,堀切
F1B,9030,備北交通,,宇山
F1B,9031,備北交通,,岩屋口
F1B,9032,備北交通,,帝釈
F1B,9033,備北交通,,帝釈(虎屋)
F1B,9034,備北交通,,帝釈(川上)
F1B,9035,備北交通,,名越別
F1B,9036,備北交通,,未渡
F1B,9037,備北交通,,未渡上
F1B,9038,備北交通,,竹渡(佐々木)
F1B,9039,備北交通,,竹渡(竹岡)
F1B,903A,備北交通,,雨連
F1B,903B,備北交通,,竹渡
F1B,903C,備北交通,,国広
F1B,903D,備北交通,,始終
F1B,903E,備北交通,,白石別
F1B,903F,備北交通,,桜谷
F1B,9040,備北交通,,始終車庫
F1B,904C,備北交通,,こぶしの里
F1B,904D,備北交通,,市頭
F1B,904E,備北交通,,聖神社入口
F1B,904F,備北交通,,東城中学校入口
F1B,9050,備北交通,,東城支所
F1B,9051,備北交通,,東城病院前
F1B,9052,備北交通,,東城大橋
F1B,9053,備北交通,,東城上市
F1B,9054,備北交通,,東城高校前
F1B,9055,備北交通,,中川西
F1B,9056,備北交通,,川西東寿園
F1B,9057,備北交通,,川西(亀竹)
F1B,9058,備北交通,,末政倉庫前
F1B,9059,備北交通,,前川
F1B,905A,備北交通,,粟田(福頭)
F1B,905B,備北交通,,粟田小学校別
F1B,905C,備北交通,,粟田
F1B,905D,備北交通,,粟田(増原)
F1B,905E,備北交通,,下小室
F1B,905F,備北交通,,小室
F1B,9060,備北交通,,井河内別
F1B,9061,備北交通,,森脇(小奴可)
F1B,9062,備北交通,,多々良原
F1B,9063,備北交通,,千鳥支所前
F1B,9064,備北交通,,千鳥学校前
F1B,9065,備北交通,,千鳥
F1B,9066,備北交通,,上千鳥
F1B,9067,備北交通,,上千鳥(白石)
F1B,9068,備北交通,,藪谷口
F1B,9069,備北交通,,中内堀
F1B,906A,備北交通,,神社前(小奴可)
F1B,906B,備北交通,,内堀(小奴可)
F1B,906C,備北交通,,内堀小学校前
F1B,906D,備北交通,,塩原中
F1B,906E,備北交通,,塩原公民館
F1B,906F,備北交通,,迫
F1B,9070,備北交通,,内堀小学校別
F1B,9071,備北交通,,小奴可中学校前
F1B,9072,備北交通,,加谷神社別
F1B,9073,備北交通,,加谷石碑前
F1B,9074,備北交通,,小奴可駅口
F1B,9075,備北交通,,小奴可
F1B,907E,備北交通,,川西バイパス
F1B,907F,備北交通,,下受原バイパス
F1B,9080,備北交通,,菅
F1B,9081,備北交通,,三草倉庫前
F1B,9082,備北交通,,三草
F1B,9083,備北交通,,上三草
F1B,9084,備北交通,,牧ヵ峠
F1B,9085,備北交通,,田黒別
F1B,9086,備北交通,,小出居
F1B,9087,備北交通,,友永
F1B,9088,備北交通,,森農協前
F1B,9089,備北交通,,川鳥(沖田)
F1B,908A,備北交通,,川鳥(石村前)
F1B,908B,備北交通,,川鳥コミュニティーC
F1B,908C,備北交通,,川鳥倉庫前
F1B,908D,備北交通,,西城別
F1B,908E,備北交通,,柳田
F1B,908F,備北交通,,福田
F1B,9090,備北交通,,保田橋
F1B,9091,備北交通,,保田
F1B,9092,備北交通,,保田車庫
F1B,909C,備北交通,,上受原
F1B,909D,備北交通,,八幡駅口
F1B,909E,備北交通,,八幡駅
F1B,909F,備北交通,,土居田橋
F1B,90A0,備北交通,,田渕橋
F1B,90A1,備北交通,,田黒集会所
F1B,90A2,備北交通,,田黒正原
F1B,90A3,備北交通,,加谷
F1B,90A4,備北交通,,奴可神社
F1B,90A5,備北交通,,日野原
F1B,90B0,備北交通,,東城温泉
F1B,90B1,備北交通,,宮平団地入口
F1B,90B2,備北交通,,旭ヶ丘住宅
F1B,90B3,備北交通,,世直神社
F1B,90B4,備北交通,,城山橋
F1B,90B5,備北交通,,東城パーク
F1B,90B6,備北交通,,フレスタ(東城)
F1B,90B7,備北交通,,友末
F1B,90B9,備北交通,,遊YOUさろん東城
F1B,90BA,備北交通,,陰地上
F1B,90BB,備北交通,,川西上
F1B,90BC,備北交通,,川西下
F1B,90BD,備北交通,,東城本町
F1B,90F6,備北交通,,吉田小学校
F1B,90F7,備北交通,,吉田消防署前
F1B,90F8,備北交通,,資料館前
F1B,90F9,備北交通,,住宅前(津・美)
F1B,90FA,備北交通,,佐円(津・美)
F1B,90FB,備北交通,,相合
F1B,90FC,備北交通,,西浦入口
F1B,90FD,備北交通,,下多治比
F1B,90FE,備北交通,,多治比農協
F1B,90FF,備北交通,,中原口
F1B,9100,備北交通,,下市場
F1B,9101,備北交通,,市場(津々羅)
F1B,9102,備北交通,,多治比局前
F1B,9103,備北交通,,青木
F1B,9104,備北交通,,瀬木
F1B,9105,備北交通,,瀬木峠
F1B,9106,備北交通,,瀬木峠北
F1B,9107,備北交通,,川撫
F1B,9108,備北交通,,向井
F1B,9109,備北交通,,高速美土里バス停口
F1B,910A,備北交通,,JA営農センター
F1B,910B,備北交通,,高田ICBC
F1B,910C,備北交通,,横田市
F1B,910D,備北交通,,横田診療所前
F1B,910E,備北交通,,松尾城入口
F1B,910F,備北交通,,ほととぎす遊園入口
F1B,9110,備北交通,,敬覚寺前
F1B,9111,備北交通,,岩倉
F1B,9114,備北交通,,Aコープ前
F1B,9115,備北交通,,みどりの森保育所
F1B,9116,備北交通,,日の城
F1B,9117,備北交通,,上河内
F1B,9118,備北交通,,橋上
F1B,9119,備北交通,,下黒瀧
F1B,911A,備北交通,,塩貝
F1B,911B,備北交通,,叶口
F1B,911C,備北交通,,天満天神社前
F1B,911D,備北交通,,北市(美土里)
F1B,911F,備北交通,,北生中央
F1B,9120,備北交通,,荒神社前
F1B,9121,備北交通,,生田市
F1B,9122,備北交通,,生桑郵便局前
F1B,9123,備北交通,,生田車庫
F1B,9124,備北交通,,出店権現口
F1B,9125,備北交通,,生桑招魂社前
F1B,9126,備北交通,,下青
F1B,9127,備北交通,,青野民族資料館前
F1B,9128,備北交通,,上青
F1B,9129,備北交通,,風の谷内山
F1B,9132,備北交通,,上黒瀧
F1B,9133,備北交通,,滝ヶ谷渓谷入口
F1B,9134,備北交通,,桑田八幡神社口
F1B,9135,備北交通,,桑田の庄
F1B,9136,備北交通,,馬の谷口
F1B,9137,備北交通,,鉄穴
F1B,9138,備北交通,,川角山八幡神社口
F1B,913C,備北交通,,美土里中央
F1B,913D,備北交通,,砂田
F1B,913E,備北交通,,金谷
F1B,913F,備北交通,,増屋
F1B,9140,備北交通,,本郷市
F1B,9141,備北交通,,津間八幡神社口
F1B,9142,備北交通,,中原
F1B,9143,備北交通,,道円田
F1B,9144,備北交通,,下塩瀬
F1B,9145,備北交通,,塩瀬
F1B,9150,備北交通,,多治比学校
F1B,9151,備北交通,,上日南(津々羅)
F1B,9152,備北交通,,日南
F1B,9153,備北交通,,隠地
F1B,9154,備北交通,,川原
F1B,9155,備北交通,,中川原
F1B,9156,備北交通,,上川原
F1B,9157,備北交通,,室坂口
F1B,9158,備北交通,,中津々羅
F1B,9159,備北交通,,上津々羅
F1B,915A,備北交通,,津々羅
F1B,9164,備北交通,,勇山
F1B,9165,備北交通,,井才田
F1B,9166,備北交通,,高田原
F1B,9167,備北交通,,甲立駅前
F1B,9168,備北交通,,甲田支所
F1B,9169,備北交通,,甲立上市
F1B,916A,備北交通,,甲立田口
F1B,916B,備北交通,,賀屋
F1B,916C,備北交通,,浅塚
F1B,916D,備北交通,,上糘地
F1B,916E,備北交通,,糘地
F1B,916F,備北交通,,下糘地
F1B,9170,備北交通,,上房後
F1B,9171,備北交通,,堀割
F1B,9172,備北交通,,房後四ツ道
F1B,9173,備北交通,,中房後
F1B,9174,備北交通,,石田
F1B,9175,備北交通,,下房後
F1B,9176,備北交通,,高宮支所
F1B,9177,備北交通,,船佐小学校
F1B,9178,備北交通,,光明寺前(高宮)
F1B,9179,備北交通,,佐々部
F1B,917A,備北交通,,船佐保育所
F1B,917B,備北交通,,竹部迫
F1B,917C,備北交通,,原山
F1B,917D,備北交通,,野部
F1B,917E,備北交通,,上式敷
F1B,917F,備北交通,,中式敷
F1B,9180,備北交通,,下式敷
F1B,9181,備北交通,,式敷
F1B,9182,備北交通,,式敷駅
F1B,918C,備北交通,,上浅塚
F1B,918D,備北交通,,浅塚浜田
F1B,918E,備北交通,,大谷橋
F1B,918F,備北交通,,東城
F1B,9190,備北交通,,原田市
F1B,9191,備北交通,,来原小学校
F1B,9192,備北交通,,高宮福祉センター前
F1B,9195,備北交通,,上来女木
F1B,9198,備北交通,,権現坂
F1B,9199,備北交通,,羽佐竹
F1B,919A,備北交通,,前側
F1B,919B,備北交通,,高宮中学入口
F1B,91A2,備北交通,,曽我神社入口
F1B,91A3,備北交通,,下北
F1B,91A4,備北交通,,貝原
F1B,91A5,備北交通,,臼が原
F1B,91A6,備北交通,,日吉神社入口
F1B,91A7,備北交通,,五木屋
F1B,91A8,備北交通,,北郵便局前
F1B,91A9,備北交通,,北中央
F1B,91AA,備北交通,,西尾山八幡神社前
F1B,91AB,備北交通,,中北見口橋
F1B,91B4,備北交通,,五十貫部
F1B,91B5,備北交通,,上土居の内
F1B,91B6,備北交通,,土居の内
F1B,91B7,備北交通,,上田屋郷
F1B,91B8,備北交通,,田屋郷
F1B,91B9,備北交通,,今田橋
F1B,91BA,備北交通,,中野郷
F1B,91BB,備北交通,,叶谷口
F1B,91BC,備北交通,,水谷
F1B,91BD,備北交通,,島の尾
F1B,91BE,備北交通,,松の尾
F1B,91BF,備北交通,,宗塚
F1B,91C0,備北交通,,下舟木
F1B,91C1,備北交通,,乙木
F1B,91C2,備北交通,,乙木橋
F1B,91C3,備北交通,,船佐駅
F1B,91C8,備北交通,,川本
F1B,91C9,備北交通,,高屋大橋南
F1B,91CA,備北交通,,川手
F1B,91CB,備北交通,,下小原
F1B,91CC,備北交通,,吉田口駅
F1B,91CD,備北交通,,山田口
F1B,91CE,備北交通,,下迫
F1B,91CF,備北交通,,上小原
F1B,91D0,備北交通,,小原境
F1B,91D1,備北交通,,城平
F1B,91D2,備北交通,,徳久
F1B,91D3,備北交通,,戸島
F1B,91D4,備北交通,,長谷木
F1B,91D5,備北交通,,戸島農協
F1B,91D6,備北交通,,八東戸
F1B,91D7,備北交通,,割石
F1B,91D8,備北交通,,負根
F1B,91D9,備北交通,,向原中学校入口
F1B,91DA,備北交通,,向原駅
F1B,91DB,備北交通,,向原駅東口
F1B,91DC,備北交通,,向原農協前
F1B,91DD,備北交通,,梨の木
F1B,91DE,備北交通,,川の内
F1B,91DF,備北交通,,小丸子
F1B,91E0,備北交通,,長田農協
F1B,91E1,備北交通,,向田渕
F1B,91E2,備北交通,,長谷尻
F1B,91E3,備北交通,,下長田(志屋)
F1B,91E4,備北交通,,新宮
F1B,91E5,備北交通,,三篠園前
F1B,91E6,備北交通,,戸石
F1B,91E7,備北交通,,井原市駅前
F1B,91E8,備北交通,,旭橋
F1B,91E9,備北交通,,千貫目
F1B,91EA,備北交通,,甲田
F1B,91EB,備北交通,,上甲田
F1B,91EC,備北交通,,正地
F1B,91ED,備北交通,,古屋
F1B,91EE,備北交通,,上古屋
F1B,91EF,備北交通,,奥谷(志屋)
F1B,91F0,備北交通,,丸畠沖
F1B,91F1,備北交通,,梶名
F1B,91F2,備北交通,,上梶名
F1B,91F3,備北交通,,土居
F1B,91F4,備北交通,,木原口
F1B,91F5,備北交通,,志屋農協
F1B,91F6,備北交通,,代田
F1B,91F7,備北交通,,横畠
F1B,91F8,備北交通,,荒川
F1B,91F9,備北交通,,馬場
F1B,91FB,備北交通,,志屋
F1B,922C,備北交通,,上田小跡
F1B,922D,備北交通,,羽島
F1B,922E,備北交通,,破堂
F1B,922F,備北交通,,上田浜田
F1B,9230,備北交通,,上田
F1B,9231,備北交通,,三若谷口
F1B,9232,備北交通,,有原上
F1B,9233,備北交通,,有原
F1B,9234,備北交通,,有原橋
F1B,9235,備北交通,,鳥越
F1B,9236,備北交通,,三若大原
F1B,9237,備北交通,,三若橋
F1B,9238,備北交通,,善立寺下
F1B,9239,備北交通,,三若
F1B,923A,備北交通,,藤谷
F1B,923B,備北交通,,松原橋
F1B,923C,備北交通,,上海渡
F1B,923D,備北交通,,海渡観音
F1B,923E,備北交通,,海渡橋
F1B,923F,備北交通,,西川橋
F1B,9240,備北交通,,糸井
F1B,9241,備北交通,,大下
F1B,9242,備北交通,,今西
F1B,9243,備北交通,,中の段
F1B,9244,備北交通,,上谷
F1B,9245,備北交通,,甲名橋
F1B,9246,備北交通,,田幸保育所前
F1B,9247,備北交通,,信貞下
F1B,9248,備北交通,,才の峠
F1B,9249,備北交通,,塩町中学校
F1B,924A,備北交通,,塩町駅
F1B,924B,備北交通,,塩町
F1B,924C,備北交通,,美波羅橋
F1B,924D,備北交通,,神杉
F1B,924E,備北交通,,掛原
F1B,924F,備北交通,,長土手
F1B,9250,備北交通,,緑橋
F1B,9251,備北交通,,平和橋
F1B,9252,備北交通,,敷名八幡神社前
F1B,9253,備北交通,,敷名陰地
F1B,9254,備北交通,,蔵谷橋
F1B,9255,備北交通,,天満橋
F1B,9256,備北交通,,今原
F1B,9257,備北交通,,糸井池上
F1B,9258,備北交通,,田幸
F1B,9259,備北交通,,風土記の丘入口
F1B,925A,備北交通,,岩倉橋
F1B,925B,備北交通,,長尾
F1B,925C,備北交通,,廻神
F1B,925D,備北交通,,鍛冶屋
F1B,925E,備北交通,,信平橋
F1B,925F,備北交通,,南駅口
F1B,9260,備北交通,,西酒屋
F1B,9269,備北交通,,永石
F1B,926A,備北交通,,一日市下
F1B,9271,備北交通,,田鍬橋
F1B,9272,備北交通,,琴弾山
F1B,9276,備北交通,,高津屋橋
F1B,9277,備北交通,,佐見権現
F1B,9279,備北交通,,下三日市国道
F1B,927A,備北交通,,来島
F1B,927D,備北交通,,上来島
F1B,927F,備北交通,,中城子
F1B,9281,備北交通,,荒神
F1B,9285,備北交通,,花栗口
F1B,9286,備北交通,,頓原
F1B,9287,備北交通,,道の駅たかの
F1B,9288,備北交通,,モーモー物産館
F1B,9289,備北交通,畠敷線,三次IC
F1B,928D,備北交通,赤名線/作木線/三次高校上布野線,ゆめランド布野
F1C,0,因の島運輸,,共通
F1D,0,本四バス開発,,共通
F1E,0,さんようバス,,共通
F1E,78E5,さんようバス,,広駅前
F1E,78F3,さんようバス,,八丁堀
F1F,15,中国JRバス,,安佐南警察署前
F1F,1F4,中国JRバス,,広島バスセンター
F1F,1F7,中国JRバス,,本通り
F1F,1FA,中国JRバス,,南区役所前
F1F,1FC,中国JRバス,,柞木
F1F,1FF,中国JRバス,,四ツ道路
F1F,200,中国JRバス,,呉本通り三丁目
F1F,201,中国JRバス,,呉本通り四丁目
F1F,202,中国JRバス,,呉本通り六丁目
F1F,203,中国JRバス,,呉本通り八丁目
F1F,204,中国JRバス,,西畑
F1F,205,中国JRバス,,中畑
F1F,206,中国JRバス,,原
F1F,207,中国JRバス,,郷
F1F,5DD,中国JRバス,,中筋駅
F1F,5DE,中国JRバス,空港連絡バス 広島空港リムジンバス,広島駅新幹線口
F1F,9C4,中国JRバス,いさりび,広島駅新幹線口
F1F,9D1,中国JRバス,いさりび,黒川町
F1F,9D2,中国JRバス,いさりび,浜田駅
F1F,BB8,中国JRバス,西条線,西条駅
F1F,BB9,中国JRバス,西条線,中央公園前
F1F,BBA,中国JRバス,西条線,西条昭和町
F1F,BBB,中国JRバス,西条線,石ヶ瀬橋
F1F,BBC,中国JRバス,西条線,西条小学校前
F1F,BBD,中国JRバス,西条線,江熊
F1F,BBE,中国JRバス,西条線,中央図書館前
F1F,BBF,中国JRバス,西条線,鏡山公園入口
F1F,BC0,中国JRバス,西条線,池ノ上学生宿舎前
F1F,BC1,中国JRバス,西条線,広大中央口
F1F,BC9,中国JRバス,西条線,山中池
F1F,BDF,中国JRバス,西条線,東広島駅
F1F,BF9,中国JRバス,,東広島市立中央図書館
F1F,C00,中国JRバス,西条エアポートリムジン,西条駅北口
F1F,5F3C,中国JRバス,いさりび,広島北インター
F1F,5F7D,中国JRバス,,可部上市
F1F,5F82,中国JRバス,,可部中央
F1F,5F87,中国JRバス,,可部
F1F,5F8C,中国JRバス,,下の浜
F1F,5F91,中国JRバス,,文教女子大前
F1F,5F96,中国JRバス,,中島駅口
F1F,5F9B,中国JRバス,,別所団地
F1F,5FA0,中国JRバス,,八木峠
F1F,5FC8,中国JRバス,,西原
F1F,5FCD,中国JRバス,,祇園大橋北
F1F,5FD2,中国JRバス,,大芝町
F1F,5FD7,中国JRバス,,三篠町三丁目
F1F,5FDC,中国JRバス,,三篠本町一丁目
F1F,5FE6,中国JRバス,,別院前
F1F,5FEB,中国JRバス,,広瀬町
F1F,5FF0,中国JRバス,,広島十日市
F1F,5FFF,中国JRバス,,八丁堀 (賀茂鶴オアシス前)
F1F,6045,中国JRバス,,中深川口
F1F,604A,中国JRバス,,諸木峠
F1F,604F,中国JRバス,,諸木
F1F,6054,中国JRバス,,上岩の上
F1F,6059,中国JRバス,,岩の上
F1F,60F5,中国JRバス,グリーンフェニックス,新白島駅
F1F,6103,中国JRバス,,女学院前
F1F,6117,中国JRバス,,饒津裏
F1F,611C,中国JRバス,,饒津
F1F,6121,中国JRバス,,大須賀町
F1F,6130,中国JRバス,,奥田橋
F1F,613A,中国JRバス,,西山公園前
F1F,613F,中国JRバス,,下深川駅前
F1F,6144,中国JRバス,,下庄
F1F,6149,中国JRバス,,堂願橋
F1F,6153,中国JRバス,,落合中学校前
F1F,616C,中国JRバス,,諸木陸橋
F1F,6171,中国JRバス,,光掛中
F1F,6176,中国JRバス,,高陽東高校前
F1F,617B,中国JRバス,,浄水場入口
F1F,6180,中国JRバス,,養護学校前
F1F,6185,中国JRバス,,防災センター入口
F1F,618A,中国JRバス,,倉掛小学校前
F1F,618F,中国JRバス,,倉掛センター前
F1F,6194,中国JRバス,,高陽車庫上
F1F,619E,中国JRバス,,グランド下
F1F,61A3,中国JRバス,,落合東小学校前
F1F,61A8,中国JRバス,,中山公園前
F1F,61AD,中国JRバス,,県営17号館前
F1F,61B2,中国JRバス,,新玖村橋
F1F,61B7,中国JRバス,,玖村駅前
F1F,61C1,中国JRバス,西条線,中央公園前
F1F,61CB,中国JRバス,西条線,西条栄町
F1F,61D0,中国JRバス,西条線,西条朝日町
F1F,61D5,中国JRバス,西条線/グリーンフェニックス,大坪通
F1F,61DA,中国JRバス,西条線,助実
F1F,61DF,中国JRバス,西条線,和泉
F1F,61E4,中国JRバス,西条線,卯之留
F1F,62B6,中国JRバス,西条線/グリーンフェニックス,賀茂医療センター口
F1F,62F2,中国JRバス,西条線,広島国際大学
F1F,62F7,中国JRバス,西条線,明治橋
F1F,62FC,中国JRバス,西条線,市飯田
F1F,6301,中国JRバス,西条線,八幡橋
F1F,6306,中国JRバス,西条線,呉記念病院前
F1F,630B,中国JRバス,西条線,郷原畑
F1F,6310,中国JRバス,西条線,郷原
F1F,6315,中国JRバス,西条線,浜田橋
F1F,631A,中国JRバス,西条線,渡川
F1F,631F,中国JRバス,西条線,大積橋
F1F,6324,中国JRバス,西条線,広島文化学園大学
F1F,6329,中国JRバス,西条線,下高
F1F,632E,中国JRバス,西条線,広二級峡
F1F,6333,中国JRバス,西条線,大津江橋
F1F,6338,中国JRバス,西条線,上石内
F1F,633D,中国JRバス,西条線,石内橋
F1F,6342,中国JRバス,西条線,徳丸
F1F,6347,中国JRバス,西条線,町田
F1F,634C,中国JRバス,西条線,塩焼
F1F,6351,中国JRバス,西条線,弁天橋
F1F,6356,中国JRバス,西条線,中新開
F1F,635B,中国JRバス,西条線,北大新開
F1F,6360,中国JRバス,西条線,広商店街
F1F,6365,中国JRバス,西条線,広交叉点
F1F,636A,中国JRバス,西条線,広駅
F1F,636F,中国JRバス,西条線/クレアライン,広市民センター
F1F,6374,中国JRバス,西条線,先小倉
F1F,637E,中国JRバス,西条線,郷
F1F,6383,中国JRバス,西条線,中畑
F1F,6388,中国JRバス,西条線,西畑
F1F,638D,中国JRバス,西条線,呉本通六丁目
F1F,6392,中国JRバス,西条線,呉本通五丁目
F1F,6397,中国JRバス,西条線,呉本通四丁目
F1F,639C,中国JRバス,西条線,呉本通三丁目
F1F,63A1,中国JRバス,西条線,四ツ道路
F1F,63A6,中国JRバス,西条線/クレアライン,呉駅
F1F,63AB,中国JRバス,グリーンフェニックス,西条昭和町
F1F,63C9,中国JRバス,グリーンフェニックス,池ノ上学生宿舎前
F1F,63CE,中国JRバス,グリーンフェニックス,広大中央口
F1F,63D3,中国JRバス,グリーンフェニックス,広大北口
F1F,63D8,中国JRバス,グリーンフェニックス,広大二神口
F1F,63DD,中国JRバス,グリーンフェニックス,二神山
F1F,63E2,中国JRバス,グリーンフェニックス,広大西口
F1F,63E7,中国JRバス,グリーンフェニックス,大学会館前
F1F,63EC,中国JRバス,グリーンフェニックス,ががら口
F1F,63F1,中国JRバス,グリーンフェニックス,広大東口
F1F,63F6,中国JRバス,グリーンフェニックス,山中池
F1F,6456,中国JRバス,西条線,寺家駅
F1F,647D,中国JRバス,西条線,下見
F1F,6482,中国JRバス,西条線,鴻の巣
F1F,64C3,中国JRバス,グリーンフェニックス,中筋駅
F1F,6519,中国JRバス,ひろしま めいぷるーぷ オレンジルート/グリーンルート/レモンルート,県立美術館前 (縮景園前)
F1F,651A,中国JRバス,ひろしま めいぷるーぷ オレンジルート/グリーンルート/レモンルート,広島駅新幹線口
F20,1F7,呉市交通局,,本通り
F20,1F8,呉市交通局,,中電前
F20,1F9,呉市交通局,,市役所前
F20,1FA,呉市交通局,,南区役所前
F20,1FC,呉市交通局,,柞木
F20,1FD,呉市交通局,,体育館前
F20,1FF,呉市交通局,,四ツ道路
F20,200,呉市交通局,,呉本通り三丁目
F20,201,呉市交通局,,呉本通り四丁目
F20,202,呉市交通局,,呉本通り六丁目
F20,203,呉市交通局,,呉本通り八丁目
F20,204,呉市交通局,,西畑
F20,205,呉市交通局,,中畑
F20,206,呉市交通局,,原
F20,207,呉市交通局,,郷
F21,0,おのみちバス,,共通
F22,0,おのみちバス,,共通
F24,0,HD西広島,,共通
F24,4589,ボンバス,,己斐橋
F24,458A,ボンバス,,己斐中二丁目
F24,458B,ボンバス,,みどり幼稚園
F24,458C,ボンバス,,己斐小学校
F24,458E,HD西広島,ボン・バス,己斐中学校入口
F24,458F,HD西広島,ボン・バス,己斐峠入口
F24,4590,HD西広島,ボン・バス 大迫団地線/広電己斐団地線,無線台下
F24,45A5,HD西広島,ボン・バス 五月が丘線,五月が丘四丁目
F24,45A7,HD西広島,ボン・バス 五月が丘線,五月が丘団地 (修大南口)
F24,45B3,HD西広島,ボン・バス,上天満町
F24,45BB,HD西広島,ボン・バス,八丁堀 (東急ハンズ前)
F24,45C8,HD西広島,ボン・バス,ジ アウトレット広島
F25,0,瀬戸内産交バス,,共通
F25,7861,瀬戸内産交,,小長港
F25,7876,瀬戸内産交,,向小市の浜
F25,7881,瀬戸内産交,,広駅前
F27,0,第一タクシー,,共通
F27,BB80,フォーブル,,大原駅
F28,0,いわくにバス,,共通
F28,C351,いわくにバス,岩国錦帯橋空港アクセスバス,岩国駅前
F28,C3C6,いわくにバス,,新岩国駅
F28,C43D,いわくにバス,岩国錦帯橋空港アクセスバス,岩国錦帯橋空港
F29,0,防長交通,,共通
F2A,0,宇部市交通局,,共通
F2C,0,サンデン交通,,共通
F2E,0,徳島バス・徳島市営バス,,共通
F30,0,中国ジェイアールバス,,共通
F3D,0,伊予鉄,,共通
F3E,0,伊予鉄バス,,共通
F47,1,ことでんバス,,JAF香川支部前
F47,2,ことでんバス,,JA古高松支店前
F47,3,ことでんバス,,JR栗林駅
F47,4,ことでんバス,,アイアイイスズ・ドリーム前
F47,5,ことでんバス,,アキ歯科医院前
F47,6,ことでんバス,,浅野
F47,8,ことでんバス,,朝日町二丁目
F47,9,ことでんバス,,庵治温泉
F47,A,ことでんバス,,庵治学校前
F47,B,ことでんバス,,庵治漁協前
F47,C,ことでんバス,,庵治保健センター前
F47,D,ことでんバス,,庵治農協前
F47,F,ことでんバス,,綾田前
F47,10,ことでんバス,,鮎滝
F47,11,ことでんバス,,鮎滝上
F47,12,ことでんバス,,生島
F47,13,ことでんバス,,生島富士カガク前
F47,14,ことでんバス,,井口町
F47,15,ことでんバス,,池田
F47,19,ことでんバス,,市場
F47,1A,ことでんバス,,一宮
F47,1C,ことでんバス,,亥の浜公園
F47,1F,ことでんバス,,今里交番前
F47,20,ことでんバス,,今新町
F47,21,ことでんバス,,鋳物師池
F47,22,ことでんバス,,岩崎
F47,23,ことでんバス,,岩部
F47,27,ことでんバス,,大池
F47,2A,ことでんバス,,扇町
F47,2B,ことでんバス,,太田
F47,2C,ことでんバス,,太田下
F47,2F,ことでんバス,,大野
F47,30,ことでんバス,,大野口
F47,31,ことでんバス,,鬼無町佐藤
F47,32,ことでんバス,,大的場口
F47,33,ことでんバス,,大的場
F47,34,ことでんバス,,大溝
F47,35,ことでんバス,,岡
F47,36,ことでんバス,,沖松島
F47,39,ことでんバス,,音谷東
F47,3A,ことでんバス,,香川第一中学校前
F47,3B,ことでんバス,,香川大学創造工学部前
F47,3C,ことでんバス,,香川団地前
F47,3D,ことでんバス,,香川中央高校
F47,3F,ことでんバス,,香川農協前
F47,43,ことでんバス,,片原町
F47,44,ことでんバス,,片原町駅前
F47,46,ことでんバス,,学校前 (市立前田小)
F47,47,ことでんバス,,鹿角
F47,48,ことでんバス,,角屋前
F47,49,ことでんバス,,上之町
F47,4A,ことでんバス,,上鹿角
F47,4B,ことでんバス,,上川部
F47,4C,ことでんバス,,上川東
F47,4F,ことでんバス,,仮屋
F47,50,ことでんバス,,亀の町
F47,52,ことでんバス,,川島
F47,53,ことでんバス,,川島小学校前
F47,54,ことでんバス,,川島東町
F47,55,ことでんバス,,川西
F47,56,ことでんバス,,川東
F47,57,ことでんバス,,川部
F47,5A,ことでんバス,,北坂
F47,5D,ことでんバス,,切戸
F47,5E,ことでんバス,,鬼無駅前
F47,5F,ことでんバス,,アパホテル高松空港前
F47,61,ことでんバス,,公文
F47,62,ことでんバス,,警察学校前
F47,66,ことでんバス,,県庁・日赤前
F47,68,ことでんバス,,県立図書館・文書館前
F47,69,ことでんバス,,県立総合プール
F47,6A,ことでんバス,下笠居線[イオン高松東発着]/屋島大橋線,県立体育館前
F47,6B,ことでんバス,,公会堂前
F47,6C,ことでんバス,,香西
F47,6D,ことでんバス,,香西北町
F47,6E,ことでんバス,,香西車庫前
F47,70,ことでんバス,,香西中央通り
F47,71,ことでんバス,,香西東町
F47,73,ことでんバス,,香東中学前
F47,75,ことでんバス,,香南小学校前
F47,76,ことでんバス,,香南支所
F47,77,ことでんバス,,香南楽湯
F47,78,ことでんバス,,公民館前(高松市鬼無町)
F47,7A,ことでんバス,,国際ホテル前
F47,7B,ことでんバス,,県立中央病院
F47,7E,ことでんバス,,御殿場
F47,7F,ことでんバス,,ことでん円座駅前
F47,85,ことでんバス,,小山
F47,88,ことでんバス,,西光寺前
F47,89,ことでんバス,,西方寺下
F47,8A,ことでんバス,,幸町
F47,8B,ことでんバス,,下り原
F47,8C,ことでんバス,,桜木神社前
F47,8D,ことでんバス,,桜町中学前
F47,8E,ことでんバス,,さこ
F47,8F,ことでんバス,,佐料
F47,91,ことでんバス,,三条池 (高松吉塚仏壇店前)
F47,92,ことでんバス,,サンフラワー東 (ぽかぽか温泉前)
F47,93,ことでんバス,,三名
F47,94,ことでんバス,,サンメッセ香川
F47,96,ことでんバス,,紫雲中学前
F47,98,ことでんバス,,不動の滝口
F47,99,ことでんバス,,塩家
F47,9A,ことでんバス,,塩屋町
F47,9D,ことでんバス,,下大内
F47,9F,ことでんバス,,松島町
F47,A0,ことでんバス,,下円座
F47,A1,ことでんバス,,下笠居支所前
F47,A2,ことでんバス,,下川部
F47,A3,ことでんバス,,市役所西
F47,A6,ことでんバス,,正勝
F47,A8,ことでんバス,,市立体育館前
F47,AB,ことでんバス,,新北町
F47,AD,ことでんバス,,神宮寺
F47,AE,ことでんバス,,神在口
F47,AF,ことでんバス,,新田
F47,B0,ことでんバス,,水道橋
F47,B1,ことでんバス,,県立武道館
F47,B2,ことでんバス,,洲崎寺西
F47,B5,ことでんバス,,関
F47,B7,ことでんバス,,瓦町駅東口
F47,B8,ことでんバス,,瀬戸内町
F47,BA,ことでんバス,高松空港リムジンバス,JRホテルクレメント高松
F47,BB,ことでんバス,,十河小学校前
F47,BC,ことでんバス,,高畑
F47,BD,ことでんバス,,高松一高前
F47,C0,ことでんバス,,香川県済生会病院・高松桜井高校前
F47,C1,ことでんバス,,歯科医療センター・イオン高松東店
F47,C2,ことでんバス,,高松市保健センター
F47,C4,ことでんバス,,高松中央高校前
F47,C6,ことでんバス,,高松西高
F47,C7,ことでんバス,,田中
F47,C8,ことでんバス,,谷川
F47,CB,ことでんバス,,亀水
F47,CC,ことでんバス,,中央卸売市場前
F47,CE,ことでんバス,,中学校前(塩江)
F47,CF,ことでんバス,,中徳
F47,D1,ことでんバス,,築地町
F47,D2,ことでんバス,,詰田川
F47,D3,ことでんバス,,鶴尾
F47,D4,ことでんバス,,寺井団地前
F47,D5,ことでんバス,,香東交番前
F47,D6,ことでんバス,,土居宮
F47,D7,ことでんバス,,トキワテニス前
F47,D8,ことでんバス,,中三名
F47,DA,ことでんバス,,中塚
F47,DB,ことでんバス,,中野町
F47,DC,ことでんバス,,中村
F47,DD,ことでんバス,,中森
F47,DE,ことでんバス,,成合
F47,E0,ことでんバス,,西植田
F47,E1,ことでんバス,,西桶
F47,E2,ことでんバス,,西高入口
F47,E3,ことでんバス,,西田中
F47,E4,ことでんバス,,西谷口
F47,E5,ことでんバス,,西はぜ
F47,E7,ことでんバス,,西松屋前
F47,E8,ことでんバス,,日生ニュータウン
F47,E9,ことでんバス,,サンメッセ東
F47,EA,ことでんバス,,二本坊
F47,EC,ことでんバス,,根香口
F47,ED,ことでんバス,,野田池
F47,EE,ことでんバス,,橋詰
F47,EF,ことでんバス,,はぜ
F47,F0,ことでんバス,,八本松
F47,F1,ことでんバス,,八幡前
F47,F2,ことでんバス,,花ノ宮町
F47,F4,ことでんバス,,馬場病院前
F47,F7,ことでんバス,,林新道
F47,F8,ことでんバス,,浜北
F47,F9,ことでんバス,,浜ノ町
F47,FA,ことでんバス,,原口
F47,FB,ことでんバス,,パワーシティレインボー店前
F47,FC,ことでんバス,,稗田
F47,FD,ことでんバス,,東谷口
F47,FE,ことでんバス,,東前田
F47,FF,ことでんバス,,東室新町
F47,100,ことでんバス,,久本
F47,103,ことでんバス,,ふーずらんど前
F47,105,ことでんバス,,藤塚町
F47,107,ことでんバス,,札場
F47,108,ことでんバス,,仏生山
F47,109,ことでんバス,,舟岡
F47,10B,ことでんバス,,古川橋
F47,10C,ことでんバス,,古高松
F47,10D,ことでんバス,,古高松小学校前
F47,111,ことでんバス,,堀江
F47,113,ことでんバス,,本津
F47,114,ことでんバス,,本村下
F47,115,ことでんバス,,松縄下所公園前
F47,116,ことでんバス,,松縄道
F47,117,ことでんバス,,松福町
F47,11A,ことでんバス,,丸山西
F47,11C,ことでんバス,,三角
F47,11D,ことでんバス,,三ツ辻
F47,11E,ことでんバス,,みどり園前
F47,120,ことでんバス,,南瓦町
F47,121,ことでんバス,,南公文
F47,122,ことでんバス,,南三条
F47,124,ことでんバス,,塩上町3丁目
F47,125,ことでんバス,,御厩
F47,127,ことでんバス,,宮前公民館前
F47,12A,ことでんバス,,室北口
F47,12B,ことでんバス,,室新町
F47,12C,ことでんバス,,八栗
F47,12D,ことでんバス,,高松商業西
F47,12E,ことでんバス,,八坂前
F47,130,ことでんバス,,屋島テニスクラブ前
F47,131,ことでんバス,,屋島西小学校前
F47,132,ことでんバス,,屋島西団地前
F47,134,ことでんバス,,安原農協
F47,135,ことでんバス,,八幡
F47,136,ことでんバス,,山下
F47,137,ことでんバス,,由佐
F47,138,ことでんバス,,由佐天神
F47,139,ことでんバス,,弓弦羽
F47,13B,ことでんバス,,由良
F47,13C,ことでんバス,,養護学校前
F47,13D,ことでんバス,,横田
F47,13E,ことでんバス,,吉光
F47,13F,ことでんバス,,吉光下
F47,141,ことでんバス,,竜満池
F47,143,ことでんバス,,レインボーロード伏石
F47,144,ことでんバス,,レインボーロード入口ジャンプ前
F47,145,ことでんバス,,労住協不動産センタービル
F47,146,ことでんバス,,香西西町
F47,147,ことでんバス,,六条
F47,14D,ことでんバス,まちなかループバス,市民病院
F47,14E,ことでんバス,,小坂・総合運動公園前
F47,176,マルイ観光バス,香川町シャトルバス,ことでん仏生山駅
F47,184,ことでんバス,,大学病院
F47,185,ことでんバス,,高松医療センター
F47,187,ことでんバス,,西宝町一丁目
F47,188,ことでんバス,,ことでん今橋駅
F47,18C,ことでんバス,,祈り岩・与一公園前
F47,18D,ことでんバス,,庵治温泉
F47,195,ことでんバス,,香川大学附属中学校前
F47,196,ことでんバス,,空港通り一宮
F47,198,ことでんバス,,末広町
F47,199,ことでんバス,,福岡町
F47,19A,ことでんバス,,高松けいりん場
F47,19C,ことでんバス,,ことでん屋島駅
F47,19E,ことでんバス,,JR屋島駅
F47,1A0,ことでんバス,,ウイングポート
F47,1A2,ことでんバス,,郷東橋西
F47,1A3,ことでんバス,,北浜アリー
F47,1A6,ことでんバス,,丸亀町参番街
F47,1A7,ことでんバス,,香川大学法学部・経済学部前
F47,1A8,ことでんバス,,香川大学教育学部前
F47,1AA,ことでんバス,太田駅サンメッセ線,ことでん太田駅
F47,1AB,ことでんバス,,サンメッセ西
F47,1AC,ことでんバス,,高松調剤薬局
F47,1B0,ことでんバス,,高松商工会議所前
F47,1B4,ことでんバス,,高松港
F47,1B6,ことでんバス,,高松市役所
F47,1B8,ことでんバス,,香川県警機動隊前
F47,1B9,ことでんバス,,パワーシティレインボー店前
F47,1BA,ことでんバス,,木太町川西
F47,1BB,ことでんバス,,札場東
F47,1BC,ことでんバス,,ことでん林道駅
F47,1BD,ことでんバス,,木太南小学校
F47,1BE,ことでんバス,,向井北
F47,1BF,ことでんバス,,ホンダカーズ香川高松中央インター店前
F47,1C0,ことでんバス,,高松中央インター北
F47,1C1,ことでんバス,,高松中央インター南
F47,1C2,ことでんバス,,四國村
F47,1C4,ことでんバス,,香川高専前
F47,1C5,ことでんバス,,塩屋町北
F47,1C6,ことでんバス,,フソウテクノセンター
F47,1C7,ことでんバス,,亀岡町香川県薬剤師会前
F47,1C8,マルイ観光バス,香川町シャトルバス/香川町コミュニティバス,香川総合センター
F47,1CA,ことでんバス,,特別養護老人ホーム一宮の里前
F47,1CB,マルイ観光バス,香川町シャトルバス,市立みんなの病院
F47,1CC,マルイ観光バス,香川町シャトルバス,仏生山駅西口
F47,1CE,ことでんバス,,仏生山温泉
F47,1CF,ことでんバス,,多肥団地前
F47,1D0,ことでんバス,,西三谷
F47,1D1,ことでんバス,,三谷出張所
F47,1D2,ことでんバス,,三谷町中原
F47,1D3,ことでんバス,,山田支所
F47,1D4,ことでんバス,,イオンモール高松南口
F47,1D5,ことでんバス,,イオンモール高松北口
F47,1D6,ことでんバス,,大手前高松中学高校
F47,1D7,ことでんバス,,峰山くらしひろば前
F47,1D8,ことでんバス,,鶴市町
F47,1D9,ことでんバス,,キナシ大林病院
F47,1DA,ことでんバス,高松空港リムジンバス,芸術祭総合案内所前
F47,1DB,ことでんバス,,春日町浜免
F47,1DC,ことでんバス,,城東町
F47,1E6,ことでんバス,,久通
F47,1E7,ことでんバス,,林町
F47,1E8,ことでんバス,,汐入橋北
F47,1E9,ことでんバス,,せとうち観光専門職短大
F47,1EA,ことでんバス,,松福町2丁目
F47,1EB,ことでんバス,,教育会館ミューズホール前
F47,1EC,ことでんバス,,峰山
F47,1ED,ことでんバス,,サンフラワー伏石
F47,1EE,ことでんバス,,ことでん伏石駅
F47,1EF,ことでんバス,,居石
F47,1F0,ことでんバス,,松ノ元
F47,1F1,ことでんバス,,楠上町
F47,1F2,ことでんバス,,今里町1丁目
F47,1F3,ことでんバス,,伏石中央
F47,1F4,ことでんバス,,たかまつ楽器前
F47,1F5,ことでんバス,,フェリー乗り場
F47,1F6,ことでんバス,,ことでん水田駅
F47,3E9,小豆島オリーブバス,,土庄港
F47,3EA,小豆島オリーブバス,,土庄港平和の群像前
F47,3EB,小豆島オリーブバス,,西本町
F47,3EC,小豆島オリーブバス,,土庄本町
F47,3ED,小豆島オリーブバス,,オリーブタウン前
F47,3EF,小豆島オリーブバス,,八幡橋前
F47,3F0,小豆島オリーブバス,,双子浦
F47,3F1,小豆島オリーブバス,,入部
F47,3F2,小豆島オリーブバス,,西蒲生
F47,3F3,小豆島オリーブバス,,小豆島中央高校前
F47,3F4,小豆島オリーブバス,,井上誠耕園らしく園前
F47,3F5,小豆島オリーブバス,,池田港ターミナル前
F47,3FE,小豆島オリーブバス,,オリーブ公園口
F47,3FF,小豆島オリーブバス,,水木
F47,400,小豆島オリーブバス,,小豆島ユースホステル前
F47,401,小豆島オリーブバス,,日方
F47,402,小豆島オリーブバス,,清水
F47,403,小豆島オリーブバス,,草壁港
F47,404,小豆島オリーブバス,,草壁本町
F47,405,小豆島オリーブバス,,小豆島町役場前
F47,406,小豆島オリーブバス,,小豆島中学校前
F47,407,小豆島オリーブバス,,安田
F47,425,小豆島オリーブバス,,福田港
F47,479,小豆島オリーブバス,,坂手港ターミナル前
F47,47A,小豆島オリーブバス,,天狗岩
F47,497,土庄町,豊島シャトルバス,家浦港
F47,7E5,大川バス,引田線,瓦町
F47,7F1,大川バス,引田線,元山
F47,7FA,大川バス,引田線,高松駅
F47,81B,大川バス,引田線,松原病院前
F47,83A,大川バス,引田線,大川バス本社前
F47,BBD,マルイ観光バス,,奥の湯温泉
F47,BC0,マルイ観光バス,,塩江
F47,BC2,マルイ観光バス,,大屋敷橋
F47,BDD,マルイ観光バス,,空港通り駅
F47,BE8,マルイ観光バス,,端岡駅前
F47,C04,マルイ観光バス,国分駅‐端岡駅‐運動公園線,端岡駅北
FC8,51A5,宮島松大汽船,,宮島口
FC9,0,瀬戸内海汽船,,共通
FC9,51C7,瀬戸内海汽船,,松山観光港
FCA,0,宮島ロープウエー,,共通
FCB,0,JR西日本宮島フェリー,,共通
FCE,0,広島電鉄,,共通
FD2,7543,なべタクシー,,警固屋市民センター
FD3,77CE,富士交通,横路交叉点循環線,新広駅
FDF,0,広島バス,,共通
FE1,0,いわくにバス,,共通
FE5,0,井笠バスカンパニー,,共通
FF0,1,高知東部交通,,桟橋通五丁目
FF0,2,高知東部交通,,桟橋通四丁目
FF0,3,高知東部交通,,桟橋通三丁目
FF0,4,高知東部交通,,桟橋通二丁目
FF0,5,高知東部交通,,桟橋通一丁目
FF0,6,高知東部交通,,土佐高校通
FF0,7,高知東部交通,,梅の辻
FF0,8,高知東部交通,,南はりまや橋
FF0,9,県交北部交通,,北はりまや橋
FF0,A,県交北部交通,,蓮池町通
FF0,B,県交北部交通,,高知橋
FF0,C,県交北部交通,,高知駅前
FF0,D,とさでん交通,,高知駅バスターミナル
FF0,E,とさでん交通,,新本町二丁目
FF0,F,とさでん交通,,比島アパート前
FF0,10,とさでん交通,,中比島
FF0,11,とさでん交通,,竹島高銀前
FF0,12,とさでん交通,,潮江南小通
FF0,15,とさでん交通,H/D/ご,小山橋
FF0,17,とさでん交通,,後免分岐
FF0,18,とさでん交通,,倉の坂
FF0,19,とさでん交通,,領石第一
FF0,1A,とさでん交通,,領石
FF0,1B,とさでん交通,,病院前
FF0,1C,とさでん交通,,オフィスパーク入口
FF0,1D,とさでん交通,,オフィスパーク第一
FF0,1E,とさでん交通,,オフィスパーク第二
FF0,1F,県交北部交通,,愛宕町一丁目
FF0,20,県交北部交通,,愛宕町二丁目
FF0,21,県交北部交通,,愛宕中学校通
FF0,22,県交北部交通,,江ノ口変電所前
FF0,23,県交北部交通,,愛宕小橋
FF0,24,県交北部交通,,中秦泉寺
FF0,29,とさでん交通,,中水道
FF0,2A,とさでん交通,,市営住宅前
FF0,2B,とさでん交通,,幸町
FF0,2C,とさでん交通,,宝町
FF0,2D,とさでん交通,,城北中学校前
FF0,2E,とさでん交通,,八反町
FF0,2F,とさでん交通,,大膳町
FF0,30,とさでん交通,,山の端
FF0,31,とさでん交通,,新屋敷
FF0,32,とさでん交通,,西新屋敷
FF0,33,県交北部交通,,円行寺分岐
FF0,34,とさでん交通,,つつじヶ丘通
FF0,35,とさでん交通,,万々公民館通
FF0,36,とさでん交通,,万々
FF0,37,とさでん交通,,奥福井
FF0,38,とさでん交通,,奥福井西
FF0,39,とさでん交通,,薊野第二
FF0,3A,とさでん交通,F1/C1,前里通南
FF0,3D,高知東部交通,,堺町
FF0,3E,高知東部交通,,堀詰
FF0,3F,高知東部交通,,大橋通
FF0,40,高知東部交通,,高知城前
FF0,41,高知東部交通,,県庁前
FF0,42,県交北部交通,,グランド通
FF0,43,県交北部交通,,升形
FF0,44,県交北部交通,,上町一丁目
FF0,45,県交北部交通,,上町二丁目
FF0,46,県交北部交通,,上町三丁目
FF0,47,とさでん交通,,上町五丁目
FF0,48,県交北部交通,,旭町一丁目
FF0,49,県交北部交通,,旭駅前通
FF0,4A,県交北部交通,,旭町三丁目
FF0,4B,県交北部交通,,蛍橋
FF0,4C,県交北部交通,,鴨部
FF0,4D,とさでん交通,,曙町東町
FF0,4E,とさでん交通,,曙町
FF0,4F,とさでん交通,,朝倉高知大学前
FF0,50,とさでん交通,,朝倉駅前
FF0,51,とさでん交通,,北城山
FF0,52,とさでん交通,,看護学院前
FF0,53,とさでん交通,,国立病院前
FF0,100,県交北部交通,,北山
FF0,102,県交北部交通,,伊野駅前
FF0,103,県交北部交通,,伊野天神町
FF0,104,県交北部交通,,公園町
FF0,A01,とさでん交通,伊野線,伊野
FF0,A02,とさでん交通,伊野線,伊野駅前
FF0,A03,とさでん交通,伊野線,鳴谷
FF0,A04,とさでん交通,伊野線,北山
FF0,A05,とさでん交通,伊野線,北内
FF0,A06,とさでん交通,伊野線,伊野商業前
FF0,A07,とさでん交通,伊野線,枝川
FF0,A08,とさでん交通,伊野線,中山
FF0,A09,とさでん交通,伊野線,八代通
FF0,A0A,とさでん交通,伊野線,宇治団地前
FF0,A0B,とさでん交通,伊野線,咥内
FF0,A0C,とさでん交通,伊野線,宮の奥
FF0,A0D,とさでん交通,伊野線,朝倉神社前
FF0,A0E,とさでん交通,伊野線,朝倉駅前
FF0,A0F,とさでん交通,伊野線,朝倉(高知大学前)
FF0,A10,とさでん交通,伊野線,曙町
FF0,A11,とさでん交通,伊野線,曙町東町
FF0,A12,とさでん交通,伊野線,鴨部
FF0,A13,とさでん交通,伊野線,鏡川橋
FF0,A14,とさでん交通,伊野線,蛍橋
FF0,A15,とさでん交通,伊野線,旭町三丁目
FF0,A16,とさでん交通,伊野線,旭駅前通
FF0,A17,とさでん交通,伊野線,旭町一丁目
FF0,A18,とさでん交通,伊野線,上町五丁目
FF0,A19,とさでん交通,伊野線,上町四丁目
FF0,A1A,とさでん交通,伊野線,上町二丁目
FF0,A1B,とさでん交通,伊野線,上町一丁目
FF0,A1C,とさでん交通,伊野線,枡形
FF0,A1D,とさでん交通,伊野線,グランド通
FF0,A1E,とさでん交通,伊野線,県庁前
FF0,A1F,とさでん交通,伊野線,高知城前
FF0,A20,とさでん交通,伊野線,大橋通
FF0,A21,とさでん交通,伊野線,堀詰
FF0,A22,とさでん交通,伊野線,はりまや橋(東西線)
FF0,B00,とさでん交通,後免線,はりまや橋(東西線)
FF0,B01,とさでん交通,後免線,デンテツターミナルビル前
FF0,B02,とさでん交通,後免線,菜園場町
FF0,B03,とさでん交通,後免線,宝永町
FF0,B04,とさでん交通,後免線,知寄町一丁目
FF0,B05,とさでん交通,後免線,知寄町二丁目
FF0,B06,とさでん交通,後免線,知寄町
FF0,B07,とさでん交通,後免線,知寄町三丁目
FF0,B08,とさでん交通,後免線,葛島橋東詰
FF0,B09,とさでん交通,後免線,西高須
FF0,B0A,とさでん交通,後免線,県立美術館通
FF0,B0B,とさでん交通,後免線,高須
FF0,B0C,とさでん交通,後免線,文珠通
FF0,B0D,とさでん交通,後免線,介良通
FF0,B0E,とさでん交通,後免線,新木
FF0,B0F,とさでん交通,後免線,東新木
FF0,B10,とさでん交通,後免線,田辺島通
FF0,B11,とさでん交通,後免線,鹿児
FF0,B12,とさでん交通,後免線,舟戸
FF0,B13,とさでん交通,後免線,北浦
FF0,B14,とさでん交通,後免線,領石通
FF0,B15,とさでん交通,後免線,清和学園前
FF0,B16,とさでん交通,後免線,一条橋
FF0,B17,とさでん交通,後免線,明見橋
FF0,B18,とさでん交通,後免線,長崎
FF0,B19,とさでん交通,後免線,小篭通
FF0,B1A,とさでん交通,後免線,篠原
FF0,B1B,とさでん交通,後免線,住吉通
FF0,B1C,とさでん交通,後免線,東工業前
FF0,B1D,とさでん交通,後免線,後免西町
FF0,B1E,とさでん交通,後免線,後免中町
FF0,B1F,とさでん交通,後免線,後免東町
FF0,B20,とさでん交通,後免線,後免町
FF0,C01,とさでん交通,桟橋線,高知駅前
FF0,C02,とさでん交通,桟橋線,高知橋
FF0,C03,とさでん交通,桟橋線,蓮池町通
FF0,C04,とさでん交通,桟橋線,はりまや橋(南北線)
FF0,C05,とさでん交通,桟橋線,梅の辻
FF0,C06,とさでん交通,桟橋線,桟橋通一丁目
FF0,C07,とさでん交通,桟橋線,桟橋通二丁目
FF0,C08,とさでん交通,桟橋線,桟橋通三丁目
FF0,C09,とさでん交通,桟橋線,桟橋通四丁目
FF0,C0A,とさでん交通,桟橋線,桟橋車庫前 (自由民権記念館前)
FF0,C0B,とさでん交通,桟橋線,桟橋通五丁目
FF0,1401,高知東部交通,,はりまや橋
FF0,1402,高知東部交通,,八幡通[市内]
FF0,1403,高知東部交通,,菜園場町
FF0,1404,高知東部交通,,宝永町
FF0,1405,高知東部交通,,知寄町一丁目
FF0,1406,高知東部交通,,知寄町二丁目
FF0,1407,高知東部交通,,知寄町
FF0,1408,高知東部交通,,知寄町三丁目
FF0,1409,とさでん交通,,稲荷町
FF0,140A,とさでん交通,,若松町第二
FF0,140B,とさでん交通,,青柳橋西詰
FF0,140C,とさでん交通,みづき〜医大病院線 H1,丸池町
FF0,140D,とさでん交通,みづき〜医大病院線 H1,電通前
FF0,140F,とさでん交通,,六泉寺住宅前
FF0,1410,とさでん交通,,竹島町第二
FF0,1411,とさでん交通,,竹島町
FF0,1412,とさでん交通,,南の丸町第二
FF0,1413,とさでん交通,,南の丸町
FF0,1416,とさでん交通,,帯屋町
FF0,1417,とさでん交通,,追手筋
FF0,1418,とさでん交通,,中ノ橋
FF0,1419,県交北部交通,,愛宕山
FF0,141A,とさでん交通,,中秦泉寺第二
FF0,141B,とさでん交通,,前里
FF0,141C,とさでん交通,,前里通
FF0,141D,とさでん交通,,イオンモール高知
FF0,141E,とさでん交通,,東谷川橋
FF0,141F,とさでん交通,,東谷川橋東
FF0,1420,とさでん交通,,サニーマートあぞの店前
FF0,1425,とさでん交通,,栄田町
FF0,1426,とさでん交通,,新本町
FF0,1427,とさでん交通,,塩田町
FF0,1428,とさでん交通,F1/C1,久万川橋
FF0,1429,とさでん交通,F1/C1,秦南町
FF0,142B,とさでん交通,,西比島
FF0,142C,とさでん交通,,和泉町
FF0,142E,とさでん交通,,農協会館前
FF0,142F,とさでん交通,,県庁・市役所前
FF0,1430,とさでん交通,,裁判所前
FF0,1431,とさでん交通,,城西公園南
FF0,1432,とさでん交通,,入明町
FF0,1433,とさでん交通,,東宝町
FF0,1434,とさでん交通,,幸町通
FF0,1435,とさでん交通,,吉田町
FF0,1436,とさでん交通,,三園町
FF0,1437,とさでん交通,,西秦泉寺
FF0,1438,とさでん交通,,秦小学校北口
FF0,1439,とさでん交通,,いづみ保育園前
FF0,143A,とさでん交通,,郷の谷
FF0,143B,とさでん交通,,王子
FF0,143C,とさでん交通,,加賀野井第一
FF0,143D,とさでん交通,,加賀野井第二
FF0,143E,とさでん交通,,宇津野
FF0,143F,とさでん交通,,愛宕公民館前
FF0,1440,とさでん交通,,三園町第二
FF0,1441,とさでん交通,,東久万第二
FF0,1442,とさでん交通,,東久万
FF0,1446,とさでん交通,,南久万
FF0,1447,とさでん交通,,中久万
FF0,144C,とさでん交通,,東福井
FF0,144D,とさでん交通,,福井住宅前
FF0,144E,とさでん交通,,福井
FF0,144F,とさでん交通,,竹ノ下
FF0,1450,とさでん交通,,小田口
FF0,1454,とさでん交通,,県警本部前
FF0,1455,とさでん交通,,加賀野井第三
FF0,1456,とさでん交通,,加賀野井第四
FF0,1457,とさでん交通,,一の谷入口
FF0,1458,とさでん交通,,宇津野川原田
FF0,1459,とさでん交通,,薬神社前
FF0,145A,とさでん交通,,高知日赤
FF0,145B,とさでん交通,,高知競馬場
FF0,1533,県交北部交通,,鏡川橋
FF0,1633,とさでん交通,N1/C1/D1,新葛島
FF0,1634,とさでん交通,N1/C1/D1,葛島三丁目
FF0,1635,とさでん交通,N1/C1/D1,絶海
FF0,1636,とさでん交通,,青柳橋東詰
FF0,1637,とさでん交通,,護国神社前
FF0,1638,とさでん交通,,南吸江
FF0,1639,とさでん交通,,三ツ石
FF0,163A,とさでん交通,,五台山橋
FF0,163B,とさでん交通,,五台山農協前
FF0,163C,とさでん交通,,坂本前
FF0,163D,とさでん交通,,新田南
FF0,163E,とさでん交通,,へんろ橋
FF0,163F,とさでん交通,,介良橋
FF0,1640,とさでん交通,,東部球場前
FF0,1641,とさでん交通,,瑞山橋
FF0,1642,とさでん交通,,吹井
FF0,1643,とさでん交通,,瑞山神社前
FF0,1644,とさでん交通,,水分
FF0,1645,とさでん交通,,パークタウン西口
FF0,1646,とさでん交通,,緑ヶ丘三丁目
FF0,1647,とさでん交通,,緑ヶ丘二丁目
FF0,1648,とさでん交通,,県住前
FF0,1649,とさでん交通,,県住前第二
FF0,164A,とさでん交通,,芦ヶ谷
FF0,164B,とさでん交通,,ケアハウス前白山荘
FF0,164C,とさでん交通,,下田橋
FF0,164D,とさでん交通,,稲生橋
FF0,164E,とさでん交通,,稲生局前
FF0,164F,とさでん交通,,稲生小学校前
FF0,1650,とさでん交通,,稲生
FF0,1651,とさでん交通,,千檀の木
FF0,1652,とさでん交通,,間田
FF0,1653,とさでん交通,,茶畠
FF0,1654,とさでん交通,,馬橋
FF0,1655,とさでん交通,,里改田
FF0,1656,とさでん交通,十津団地線 P1/P2/C1,中央市場前
FF0,1657,とさでん交通,十津団地線 P1/P2/C1,南吸江通
FF0,1658,とさでん交通,十津団地線 P1/P2/C1,三ツ石通
FF0,1659,とさでん交通,十津団地線 P1/P2/C1,八州
FF0,165A,とさでん交通,十津団地線 P1/P2/C1,紅葉ヶ辻
FF0,165B,とさでん交通,十津団地線 P1/P2/C1,大石谷
FF0,165C,とさでん交通,十津団地線 P1/P2/C1,清掃公社前
FF0,165D,とさでん交通,十津団地線 P1/P2/C1,自由の松原
FF0,165E,とさでん交通,十津団地線 P1/P2/C1,夕日ヶ浦
FF0,165F,とさでん交通,十津団地線 P1/P2/C1,十津
FF0,1660,とさでん交通,P2/C1,仁井田森田前
FF0,1661,とさでん交通,P2/C1,三里文化会館前
FF0,1702,とさでん交通,十津団地線 P1/C1,十津団地一区
FF0,1703,とさでん交通,十津団地線 P1/C1,十津団地二区
FF0,1704,とさでん交通,十津団地線 P1/C1,十津団地三区
FF0,1706,とさでん交通,,ケアハウスパールマリン前
FF0,1707,とさでん交通,,種崎一区
FF0,1708,とさでん交通,,種崎浜通
FF0,1709,とさでん交通,,種崎中区
FF0,170A,とさでん交通,,種崎四区
FF0,170B,とさでん交通,,渡し場入口
FF0,170C,とさでん交通,,種崎
FF0,170D,とさでん交通,,種崎五区
FF0,170E,とさでん交通,,三里ふれあいセンター前
FF0,170F,とさでん交通,種崎線 J1/G1,小池
FF0,1710,とさでん交通,種崎線 J1/G1,漁業会前
FF0,1711,とさでん交通,種崎線 J1/G1,三里学校前
FF0,1712,とさでん交通,種崎線 J1/G1,聖町
FF0,1713,とさでん交通,種崎線 J1/G1,聖町東
FF0,1714,とさでん交通,J2/G1,住吉池前
FF0,1715,とさでん交通,J2/G1,池通技術学校前
FF0,1716,とさでん交通,J2/G1,水分口
FF0,1717,とさでん交通,J2/G1,十市砂地
FF0,1718,とさでん交通,J2/G1,白岩
FF0,1719,とさでん交通,J2/G1,丸山通
FF0,171A,とさでん交通,J2/G1,安戸通
FF0,171B,とさでん交通,J2/G1,峰寺通
FF0,171C,とさでん交通,J2/G1,霊苑前
FF0,171D,とさでん交通,J2/G1,札場通
FF0,171E,とさでん交通,J2/G1,東坪池通
FF0,171F,とさでん交通,J2/G1,浜田通
FF0,1720,とさでん交通,J2/G1,琴平神社通
FF0,1721,とさでん交通,J2/G1,岩坂通
FF0,1722,とさでん交通,J2/G1/ご6,浜改田通
FF0,1723,とさでん交通,J2/G1/ご,流通センター通
FF0,1724,とさでん交通,J2/G1/ご,三和小学校前
FF0,1725,とさでん交通,J2/G1/ご,小田村
FF0,1726,とさでん交通,J2/G1/ご,里改田郵便局前
FF0,1727,とさでん交通,,片山南
FF0,1728,とさでん交通,,片山公民館前
FF0,1729,とさでん交通,,片山
FF0,172A,とさでん交通,,香長中学校通
FF0,172B,とさでん交通,,竹中
FF0,1801,高知東部交通,,葛島
FF0,1802,高知東部交通,,西高須通
FF0,1803,高知東部交通,,高須小学校通
FF0,1804,高知東部交通,,岩田
FF0,1805,高知東部交通,,古川
FF0,1806,高知東部交通,,本江田橋通
FF0,1807,高知東部交通,,もみじ野台前
FF0,1808,高知東部交通,,中野団地北口
FF0,1809,高知東部交通,,潮見台通
FF0,180A,とさでん交通,,工業団地前
FF0,180C,とさでん交通,ご2/ご7,立田通
FF0,180F,とさでん交通,,JA高知病院
FF0,1810,とさでん交通,K6/C1/ご4,篠原南
FF0,1811,とさでん交通,K6/C1/ご4,若宮八幡宮前
FF0,1812,とさでん交通,,葛島橋東詰
FF0,1813,とさでん交通,,西高須
FF0,1814,とさでん交通,,県立美術館通
FF0,1815,とさでん交通,,高須
FF0,1816,とさでん交通,,文珠通
FF0,1817,とさでん交通,,介良通
FF0,1818,とさでん交通,みづき〜医大病院線 H1/D6,卸商団地前
FF0,1819,とさでん交通,みづき〜医大病院線 H1/D6,砂地
FF0,181A,とさでん交通,みづき〜医大病院線 H1/D6,美術館前
FF0,181B,とさでん交通,みづき〜医大病院線 H1/D6,サンピア通
FF0,181C,とさでん交通,みづき〜医大病院線 H1/D6,高知高須病院前
FF0,181D,とさでん交通,みづき〜医大病院線 H1/D6,沖田
FF0,181E,とさでん交通,みづき〜医大病院線 H1/D6,田辺島
FF0,181F,とさでん交通,みづき〜医大病院線 H1/D6,大津団地
FF0,1820,とさでん交通,みづき〜医大病院線 H1/D6,舟戸通
FF0,1821,とさでん交通,みづき〜医大病院線 H1/D6,北浦通
FF0,1823,とさでん交通,H/D/ご,小蓮橋
FF0,1824,とさでん交通,H1/D6,大津領石通
FF0,1825,とさでん交通,ご3/ご5,大津駅前
FF0,1826,とさでん交通,ご3/ご5,長崎北
FF0,1827,とさでん交通,,東孕
FF0,1828,とさでん交通,種崎線 J1〜J2/P1,高知医療センター
FF0,182A,とさでん交通,種崎線 J1/J2/G1/P1/C1,高知県立大学
FF0,182B,とさでん交通,,望海ヶ丘入口
FF0,182C,とさでん交通,,望海ヶ丘中央
FF0,182D,とさでん交通,,望海ヶ丘東
FF0,182E,とさでん交通,,望海ヶ丘あひる公園前
FF0,182F,とさでん交通,,望海ヶ丘南
FF0,1831,とさでん交通,,新木通
FF0,1832,とさでん交通,,本江田橋
FF0,1833,とさでん交通,,中屋
FF0,1834,とさでん交通,,介良支所前
FF0,1835,とさでん交通,,北島
FF0,1836,とさでん交通,,中野団地西口
FF0,1837,とさでん交通,,中野団地二区
FF0,1838,とさでん交通,,中野団地三区
FF0,1839,とさでん交通,,中野団地中通
FF0,183B,とさでん交通,,介良野
FF0,183C,とさでん交通,,潮見台一丁目
FF0,183D,とさでん交通,,潮見台公園前
FF0,183E,とさでん交通,,潮見台ターミナル
FF0,183F,とさでん交通,,潮見台二丁目
FF0,1840,とさでん交通,,潮見台二丁目第二
FF0,1841,とさでん交通,,潮見台第二公園前
FF0,1842,とさでん交通,,潮見台三丁目
FF0,1843,とさでん交通,,潮見台三丁目第二
FF0,1844,高知東部交通,,小籠通
FF0,1845,高知東部交通,,篠原
FF0,1846,高知東部交通,,住吉通
FF0,1847,高知東部交通,,東工業前
FF0,1848,高知東部交通,,後免西町
FF0,1849,高知東部交通,,後免中町
FF0,184A,高知東部交通,,後免東町
FF0,184B,高知東部交通,,後免町
FF0,184C,高知東部交通,,野田口
FF0,184D,高知東部交通,,南国農協連前
FF0,184E,高知東部交通,,永田
FF0,184F,高知東部交通,,立田前浜通
FF0,1850,高知東部交通,,立田山田通
FF0,1851,高知東部交通,,日章
FF0,1852,高知東部交通,,空港通
FF0,1853,高知東部交通,,物部川橋西詰
FF0,1854,高知東部交通,,野市西町
FF0,1855,とさでん交通,,大徳寺通
FF0,1856,とさでん交通,,大篠農協前
FF0,1857,とさでん交通,,南国税務署前
FF0,185C,とさでん交通,,上畑
FF0,185D,とさでん交通,,錆野
FF0,185E,とさでん交通,,西代
FF0,185F,とさでん交通,,土居前浜
FF0,1860,とさでん交通,,下田村
FF0,1861,とさでん交通,,大湊小学校前
FF0,1862,とさでん交通,,前浜
FF0,1863,とさでん交通,,浜通(前浜)
FF0,1900,とさでん交通,,前浜車庫
FF0,1901,とさでん交通,,浜窪
FF0,1902,とさでん交通,,切戸
FF0,1903,とさでん交通,,久枝西町
FF0,1904,とさでん交通,,久枝
FF0,1905,とさでん交通,ご3/ご5,八松通
FF0,1906,とさでん交通,ご3/ご5,中の丁通
FF0,1908,とさでん交通,ご3/ご5,境目通
FF0,1909,とさでん交通,ご3/ご5,前浜通
FF0,190A,とさでん交通,ご3/ご6,浜改田
FF0,190B,とさでん交通,ご3/ご6,八松
FF0,190C,とさでん交通,ご3/ご6,製材所前
FF0,190D,とさでん交通,ご3/ご6,中の丁
FF0,190E,とさでん交通,ご3/ご6,境目
FF0,190F,とさでん交通,ご3/ご6,伊都多神社前
FF0,1919,とさでん交通,ご2/ご7,日章小学校前
FF0,191A,とさでん交通,ご2/ご7,田村
FF0,191B,とさでん交通,ご2/ご7,田村公民館前
FF0,191C,とさでん交通,,絶海池橋
FF0,1A01,とさでん交通,H/D/ご,児童センター通
FF0,1A02,とさでん交通,H/D/ご,鉄工団地
FF0,1A03,とさでん交通,H/D/ご,岡豊高校前
FF0,1A04,とさでん交通,H/D/ご,沖
FF0,1A05,とさでん交通,H/D/ご,中島岡豊
FF0,1A06,とさでん交通,K/C/ご,後免駅前
FF0,1A07,とさでん交通,K/C/ご,農業高校通
FF0,1A08,とさでん交通,K/C,長岡小学校通
FF0,1A09,とさでん交通,K/C,長岡八幡通
FF0,1A0A,とさでん交通,K/C,長岡駅前
FF0,1A0B,とさでん交通,K/C,御神母通
FF0,1A0C,とさでん交通,K/C,中井橋通
FF0,1A0D,とさでん交通,K/C,二ツ川通
FF0,1A0E,とさでん交通,K/C,山田踏切
FF0,1A0F,とさでん交通,K/C,山田西町
FF0,1A10,とさでん交通,K/C,西町三丁目
FF0,1A11,とさでん交通,K/C,四国電力前
FF0,1A12,とさでん交通,K/C,山田駅通
FF0,1A13,とさでん交通,,えびす商店街通
FF0,1A14,とさでん交通,,山田駅
FF0,1A15,とさでん交通,ご,土橋
FF0,1A16,とさでん交通,ご1/ご4,鳶ヶ池
FF0,1A17,とさでん交通,ご1/ご4,へんろ石
FF0,1A18,とさでん交通,ご1/ご4,廿枝坂
FF0,1A19,とさでん交通,ご1/ご4,巨峰園前
FF0,1A1A,とさでん交通,ご1/ご4,古市
FF0,1A1B,とさでん交通,ご1/ご4,国分寺通
FF0,1A1C,とさでん交通,ご1/ご4,笠の川通
FF0,1A1D,とさでん交通,ご1/ご4,国分学校前
FF0,1A1E,とさでん交通,ご1/ご4,比江上通
FF0,1A1F,とさでん交通,ご1/ご4,左右山
FF0,1A20,とさでん交通,ご1/ご4,左右山北
FF0,1A21,とさでん交通,ご1/ご4,南国オフィスパーク前
FF0,1A22,とさでん交通,ご1/ご4,久礼田農協前
FF0,1A23,とさでん交通,ご1/ご4,久礼田学校前
FF0,1A24,とさでん交通,ご1/ご4,沖ノ土居
FF0,1A25,とさでん交通,ご1/ご4,一本松通
FF0,1A26,とさでん交通,ご1/ご4,植田
FF0,1A27,とさでん交通,H/D/ご,ひまわり幼稚園前
FF0,1A28,とさでん交通,ご2/ご7,東山町
FF0,1A29,とさでん交通,ご2/ご7,中央市民館前
FF0,1A2A,とさでん交通,ご2/ご7,元町
FF0,1A2B,とさでん交通,ご2/ご7,小籠二丁目
FF0,1A2C,とさでん交通,ご2/ご7,南国自動車学校前
FF0,1B01,とさでん交通,,山田旭町
FF0,1B02,とさでん交通,,高校前 (県立山田)
FF0,1B03,とさでん交通,,山田東町
FF0,1B04,とさでん交通,,古町通
FF0,1B05,とさでん交通,,山田百石
FF0,1B06,とさでん交通,,山田農協前
FF0,1B07,とさでん交通,,楠目
FF0,1B08,とさでん交通,,平田口
FF0,1B09,とさでん交通,,貴舟神社前
FF0,1B0A,とさでん交通,,山田堰
FF0,1B0B,とさでん交通,,談議所
FF0,1B0C,とさでん交通,,神母木龍河洞通
FF0,1B0D,とさでん交通,,片地小学校前
FF0,1B0E,とさでん交通,,工科大入口
FF0,1B0F,とさでん交通,,船谷口
FF0,1B10,とさでん交通,,高知工科大学
FF0,1B11,とさでん交通,,龍河温泉
FF0,1B12,とさでん交通,,影山
FF0,1B13,とさでん交通,,間口
FF0,1B14,とさでん交通,,土佐土居
FF0,1B15,とさでん交通,,逆川保育所前
FF0,1B16,とさでん交通,,龍河洞植田
FF0,1B17,とさでん交通,,龍河洞
FF0,1B19,高知東部交通,,職能短大前
FF0,1B1A,高知東部交通,,野市中町
FF0,1B1B,高知東部交通,,武市橋
FF0,1B1C,高知東部交通,,野市龍河洞通
FF0,1B1D,高知東部交通,,野市東町
FF0,1B1E,高知東部交通,,ケアハウス前菜の花
FF0,1B1F,高知東部交通,,幟立
FF0,1B20,高知東部交通,,馬袋
FF0,1B21,高知東部交通,,平井山
FF0,1B22,高知東部交通,,香南警察署前
FF0,1B23,高知東部交通,,赤岡南町
FF0,1B24,高知東部交通,,江見町
FF0,1B25,高知東部交通,,岸本
FF0,1B26,高知東部交通,,自衛隊通
FF0,1B27,高知東部交通,,岸本東
FF0,1C01,高知東部交通,,月見山
FF0,1C02,高知東部交通,,粟島神社前
FF0,1C03,高知東部交通,,坪井通
FF0,1C04,高知東部交通,,夜須駅
FF0,1C05,高知東部交通,,夜須
FF0,1C06,高知東部交通,,手結
FF0,1C07,高知東部交通,,餅屋前
FF0,1C08,高知東部交通,,手結山
FF0,1C09,高知東部交通,,住吉
FF0,1C0A,高知東部交通,,西寄
FF0,1C0B,高知東部交通,,長谷寄
FF0,1C0C,高知東部交通,,芸西西分
FF0,1C0D,高知東部交通,,和食
FF0,1C0E,高知東部交通,,叶木
FF0,1C0F,高知東部交通,,赤野
FF0,1C10,高知東部交通,,赤野橋
FF0,1C11,高知東部交通,,療護園前
FF0,1C12,高知東部交通,,八流
FF0,1C13,高知東部交通,,山田
FF0,1C14,高知東部交通,,穴内橋
FF0,1C15,高知東部交通,,穴内
FF0,1C16,高知東部交通,,大平口
FF0,1C17,高知東部交通,,安芸営業所
FF0,1C18,高知東部交通,,真光寺通
FF0,1C19,高知東部交通,,西八幡宮前
FF0,1C1A,高知東部交通,,本町四丁目
FF0,1C1B,高知東部交通,,商工会議所前
FF0,1C1C,高知東部交通,,東陽館前
FF0,1C1D,高知東部交通,,あきヤマト前
FF0,1C1E,高知東部交通,,安芸駅
FF0,2701,とさでん交通,空港連絡バス,高知駅バスターミナル
FF0,2702,とさでん交通,空港連絡バス,高知駅前
FF0,2703,とさでん交通,空港連絡バス,高知橋
FF0,2704,とさでん交通,空港連絡バス,蓮池町通
FF0,2705,とさでん交通,空港連絡バス,北はりまや橋
FF0,2706,とさでん交通,空港連絡バス,はりまや橋
FF0,2707,とさでん交通,空港連絡バス,菜園場町(かるぽーと前)
FF0,2708,とさでん交通,空港連絡バス,宝永町
FF0,2709,とさでん交通,空港連絡バス,知寄町二丁目・知寄町
FF0,270F,とさでん交通,空港連絡バス,後免町通
FF0,2712,とさでん交通,空港連絡バス,農学部前
FF0,2713,とさでん交通,空港連絡バス,高専前
FF0,2714,とさでん交通,空港連絡バス,高知龍馬空港
FF0,2800,高知高陵交通,,一宮バスターミナル
FF0,2801,とさでん交通,,太古橋
FF0,2802,とさでん交通,,自動車学校前
FF0,2803,とさでん交通,,一宮神社前
FF0,2804,とさでん交通,,一宮東門
FF0,2805,とさでん交通,,逢坂峠
FF0,2806,とさでん交通,,毘沙門口
FF0,2807,とさでん交通,,滝本
FF0,2808,とさでん交通,,定林寺
FF0,2809,とさでん交通,,蒲原別
FF0,280A,とさでん交通,,小蓮入口
FF0,280B,とさでん交通,,岡豊山
FF0,280C,とさでん交通,,学校分岐
FF0,280D,とさでん交通,,八幡
FF0,280E,とさでん交通,,大津分岐
FF0,280F,とさでん交通,,国分通
FF0,2810,とさでん交通,,白木谷通
FF0,2811,とさでん交通,,北陵中学校前
FF0,2812,とさでん交通,,領石出張所
FF0,2813,とさでん交通,田井線 G8/G9/C1,奈路分岐
FF0,2814,とさでん交通,田井線 G8/G9/C1,宍崎上の段
FF0,2815,とさでん交通,田井線 G8/G9/C1,白目
FF0,2816,とさでん交通,田井線 G8/G9/C1,外山
FF0,2817,とさでん交通,田井線 G8/G9/C1,成合
FF0,2818,とさでん交通,田井線 G8/G9/C1,若宮分岐
FF0,2819,とさでん交通,田井線 G8/G9/C1,根曳
FF0,281A,とさでん交通,田井線 G8/G9/C1,天坪滝本
FF0,281B,とさでん交通,田井線 G8/G9/C1,笹ヶ奈呂
FF0,281C,とさでん交通,田井線 G8/G9/C1,繁藤橋
FF0,281D,とさでん交通,田井線 G8/G9/C1,甫喜ヶ峰入口
FF0,281E,とさでん交通,田井線 G8/G9/C1,繁藤駅前
FF0,281F,とさでん交通,田井線 G8/G9/C1,追廻し
FF0,2820,とさでん交通,田井線 G8/G9/C1,戸手野
FF0,2821,とさでん交通,田井線 G8/G9/C1,馬瀬
FF0,2822,とさでん交通,田井線 G8/G9/C1,井の谷
FF0,2823,とさでん交通,田井線 G8/G9/C1,北川口
FF0,2824,とさでん交通,田井線 G8/G9/C1,枯谷
FF0,2825,とさでん交通,田井線 G8/G9/C1,甲茂
FF0,2826,とさでん交通,田井線 G8/G9/C1,ユスの本
FF0,2827,とさでん交通,田井線 G8/G9/C1,一の瀬
FF0,2828,とさでん交通,田井線 G8/G9/C1,大豊小川
FF0,2829,とさでん交通,田井線 G8/G9/C1,大杉登り口
FF0,282A,とさでん交通,田井線 G8/G9/C1,大杉学校前
FF0,282B,とさでん交通,田井線/大杉線 C1/G8/G9/お,大杉駅前
FF0,282C,とさでん交通,田井線/大杉線 C1/G8/G9/お,大杉駅
FF0,282D,とさでん交通,田井線/大杉線 C1/G8/G9/お,大豊町役場前
FF0,282E,とさでん交通,田井線/大杉線 C1/G8/G9/お,川口分岐
FF0,282F,とさでん交通,田井線/大杉線 C1/G8/G9/お,大杉橋元
FF0,2830,とさでん交通,田井線/大杉線 C1/G8/G9/お,東津家
FF0,2831,とさでん交通,田井線/大杉線 C1/G8/G9/お,西津家
FF0,2832,とさでん交通,田井線/大杉線 C1/G8/G9/お,山崎
FF0,2833,とさでん交通,田井線/大杉線 C1/G8/G9/お,助藤
FF0,2834,とさでん交通,田井線/大杉線 C1/G8/G9/お,田高須
FF0,2835,とさでん交通,田井線/大杉線 C1/G8/G9/お,本山東大橋
FF0,2836,とさでん交通,田井線/大杉線 C1/G8/G9/お,古田分岐
FF0,2837,とさでん交通,田井線/大杉線 C1/G8/G9/お,木能津
FF0,2838,とさでん交通,田井線/大杉線 C1/G8/G9/お,松島
FF0,2839,とさでん交通,田井線/大杉線 C1/G8/G9/お,下津野峠
FF0,283A,とさでん交通,田井線/大杉線 C1/G8/G9/お,松村
FF0,283B,とさでん交通,田井線/大杉線 C1/G8/G9/お,帰全公園前
FF0,283C,とさでん交通,田井線/大杉線 C1/G8/G9/お,本山
FF0,283D,とさでん交通,田井線/大杉線 C1/G8/G9/お,本山プラチナセンター前
FF0,283E,とさでん交通,田井線/大杉線 C1/G8/G9/お,中央病院前
FF0,283F,とさでん交通,田井線/大杉線 C1/G8/G9/お,嶺北高校前
FF0,2840,とさでん交通,田井線/大杉線 C1/G8/G9/お,警察前
FF0,2841,とさでん交通,田井線/大杉線 C1/G8/G9/お,天神前
FF0,2842,とさでん交通,田井線/大杉線 C1/G8/G9/お,保健所前
FF0,2843,とさでん交通,田井線/大杉線 C1/G8/G9/お,社会福祉会館前
FF0,2844,とさでん交通,田井線/大杉線 C1/G8/G9/お,寺家分岐
FF0,2845,とさでん交通,田井線 C1/G9,岡
FF0,2846,とさでん交通,大杉線/田井線 C1/G8/G9/お,中島分岐
FF0,2847,とさでん交通,大杉線/田井線 C1/G8/G9/お,田井
FF0,2848,とさでん交通,大杉線/田井線 C1/G8/お,本山橋北詰
FF0,2849,とさでん交通,大杉線/田井線 C1/G8/お,寺家
FF0,284A,とさでん交通,大杉線/田井線 C1/G8/お,寺家鳥井前
FF0,284B,とさでん交通,大杉線/田井線 C1/G8/お,吉野本村
FF0,284C,とさでん交通,大杉線/田井線 C1/G8/お,三倉神社前
FF0,284D,とさでん交通,大杉線/田井線 C1/G8/お,本山吉野
FF0,284E,とさでん交通,大杉線/田井線 C1/G8/お,田井中島
FF0,284F,とさでん交通,大杉線/田井線 C1/G8/お,田井局前
FF0,2850,とさでん交通,田井線 G8/G9/C1,古屋
FF0,285A,とさでん交通,,トーメン団地入口
FF0,285B,とさでん交通,,1号公園前
FF0,285C,とさでん交通,,東山保育園前
FF0,285D,とさでん交通,,トーメン団地
FF0,2906,とさでん交通,,医大病院
FF0,2914,とさでん交通,,天王
FF0,2915,とさでん交通,,久万川大橋
FF0,2916,とさでん交通,,南川添
FF0,2917,とさでん交通,,北御座
FF0,2918,とさでん交通,,南御座
FF0,2919,とさでん交通,,金田橋
FF0,291A,とさでん交通,,大田川橋
FF0,291B,とさでん交通,,テレビ高知前
FF0,291C,とさでん交通,,北本町三丁目
FF0,291D,とさでん交通,,相生町通
FF0,291E,とさでん交通,,筆山町
FF0,291F,とさでん交通,,塩屋崎
FF0,2920,とさでん交通,,妙国寺前
FF0,2921,とさでん交通,,兼山通
FF0,2922,とさでん交通,,住宅通
FF0,2923,とさでん交通,,中高見
FF0,2924,とさでん交通,,高見
FF0,2925,とさでん交通,,北六泉寺
FF0,2926,とさでん交通,,六泉寺
FF0,2927,とさでん交通,鳥越線,深谷
FF0,2928,とさでん交通,鳥越線,西孕第二
FF0,2929,とさでん交通,鳥越線,西孕
FF0,292A,とさでん交通,鳥越線,西孕変電所前
FF0,292B,とさでん交通,宇津野線/鳥越線,西孕住宅前
FF0,292C,とさでん交通,,孕橋
FF0,292E,とさでん交通,,コミュニティ住宅前
FF0,292F,とさでん交通,,東六泉寺
FF0,2930,とさでん交通,宇津野線,西孕北
FF0,2932,とさでん交通,,布師田分岐
FF0,2933,とさでん交通,,薊野東
FF0,2934,とさでん交通,,薊野
FF0,2935,とさでん交通,,薊野西
FF0,2936,とさでん交通,,比島橋
FF0,2937,とさでん交通,,比島
FF0,2938,県交北部交通,,北本町一丁目
FF0,2939,とさでん交通,,中万々
FF0,293A,とさでん交通,,宗安寺分岐
FF0,293B,とさでん交通,,円行寺口
FF0,293C,とさでん交通,,天神口
FF0,293D,とさでん交通,,円行寺橋
FF0,293E,とさでん交通,,みづき入口
FF0,293F,とさでん交通,,みづき一丁目
FF0,2940,とさでん交通,,みづき坂中央
FF0,2941,とさでん交通,,みづき三丁目
FF0,2942,とさでん交通,須崎線 G10/Y5,御座
FF0,2943,とさでん交通,須崎線 G10/Y5,杉井流東
FF0,2944,とさでん交通,須崎線 G10/Y5,江陽町
FF0,2945,とさでん交通,須崎線 G10/Y5,比島アパート前東
FF0,2946,とさでん交通,鳥越線/オフィスパーク線 B/G/S/T,つつじヶ丘
FF0,2947,とさでん交通,,北福井
FF0,2948,とさでん交通,,福寿園前
FF0,2949,とさでん交通,,越知神
FF0,294A,とさでん交通,,旭ヶ丘団地
FF0,294B,とさでん交通,,横内
FF0,294C,とさでん交通,,塚の原分岐
FF0,294D,とさでん交通,,塚の原分岐西
FF0,294E,とさでん交通,,旭グリーンヒルズ入口
FF0,294F,とさでん交通,,口細山団地入口
FF0,2951,県交北部交通,,蛍橋西
FF0,2952,県交北部交通,,本宮町
FF0,2953,県交北部交通,,杓田市商前
FF0,2954,県交北部交通,,塚の原
FF0,2955,県交北部交通,,鳥越峠
FF0,2956,県交北部交通,,福井分岐
FF0,2957,県交北部交通,,鳥越
FF0,2A00,とさでん交通,,東灘
FF0,2A01,とさでん交通,,西灘
FF0,2A02,とさでん交通,,安ヶ谷
FF0,2A03,とさでん交通,,横浜
FF0,2A04,とさでん交通,,瀬戸
FF0,2A05,とさでん交通,,団地北口
FF0,2A06,とさでん交通,,団地南口
FF0,2A07,とさでん交通,,長浜バイパス別
FF0,2A08,とさでん交通,,瀬戸横丁
FF0,2A09,とさでん交通,,長浜
FF0,2A0A,とさでん交通,,塩谷
FF0,2A12,とさでん交通,土佐塾校線/瀬戸東団地線,東団地第三
FF0,2A13,とさでん交通,土佐塾校線/瀬戸東団地線,東団地第一
FF0,2A14,とさでん交通,土佐塾校線/瀬戸東団地線,東団地第二
FF0,2A15,とさでん交通,,長浜小学校前
FF0,2A16,とさでん交通,,南海中学校前
FF0,2A17,とさでん交通,,南地
FF0,2A18,とさでん交通,,南海中学校通
FF0,2A19,とさでん交通,,元親公史蹟前
FF0,2A1A,とさでん交通,,横田野
FF0,2A1B,とさでん交通,,亀ヶ岩
FF0,2A1C,とさでん交通,,ナラビ
FF0,2A1D,とさでん交通,,花海道入口
FF0,2A1E,とさでん交通,,南浦
FF0,2A1F,とさでん交通,,地蔵前
FF0,2A20,とさでん交通,,龍馬記念館前
FF0,2A21,とさでん交通,,桂浜
FF0,2A4D,とさでん交通,,池の上
FF0,2A4E,とさでん交通,,スズメの森
FF0,2A4F,とさでん交通,,西諸木
FF0,2A51,とさでん交通,,芳原分岐
FF0,2A52,とさでん交通,,池田第二
FF0,2A53,とさでん交通,,西の森
FF0,2A54,とさでん交通,,池田
FF0,2A55,とさでん交通,,中筋
FF0,2A56,とさでん交通,,西分
FF0,2A57,とさでん交通,,春野公民館前
FF0,2A5A,とさでん交通,,春野東小学校前
FF0,2A5B,とさでん交通,,春野庁舎前 (ピアステージ前)
FF0,2A5C,とさでん交通,,JAはるの
FF0,2B00,とさでん交通,,月の瀬橋
FF0,2B01,県交北部交通,,河の瀬
FF0,2B02,とさでん交通,,市民会館前
FF0,2B03,とさでん交通,,南河ノ瀬
FF0,2B04,とさでん交通,土佐塾校線 G/T/W,幸崎駐輪場
FF0,2B05,とさでん交通,ハビリセンター線/土佐塾校線 G/T/W,幸崎
FF0,2B06,とさでん交通,,吉野緑ヶ丘
FF0,2B07,とさでん交通,ハビリセンター線/土佐塾校線 G/T/W,東赤坂
FF0,2B08,とさでん交通,ハビリセンター線/土佐塾校線 G/T/W,学校入口
FF0,2B09,とさでん交通,土佐塾校線 W1/G2/T3,土佐塾校
FF0,2B0A,とさでん交通,ハビリセンター線 G11/W2,鷲尾山登山口
FF0,2B0B,とさでん交通,ハビリセンター線 G11/W2,葛原
FF0,2B0C,とさでん交通,,南ニュータウン一丁目
FF0,2B0D,とさでん交通,,南ニュータウン三丁目
FF0,2B0E,とさでん交通,,南ニュータウン四丁目
FF0,2B0F,とさでん交通,,南ニュータウン七丁目
FF0,2B10,とさでん交通,,隅田
FF0,2B11,とさでん交通,,内の谷
FF0,2B13,とさでん交通,,競馬場北口
FF0,2B14,とさでん交通,,宇賀
FF0,2B15,とさでん交通,,横浜ニュータウン第一
FF0,2B16,とさでん交通,,横浜ニュータウン
FF0,2B17,とさでん交通,,横浜ニュータウン第二
FF0,2B18,とさでん交通,,横浜ニュータウン第三
FF0,2B19,とさでん交通,,横浜ニュータウン第四
FF0,2B1A,とさでん交通,,グリーン団地西口
FF0,2B1B,とさでん交通,,西の谷(高知市)
FF0,2B1C,とさでん交通,,横浜一号公園前
FF0,2B1D,とさでん交通,,横浜ニュータウン北
FF0,2B1E,とさでん交通,,石立神社前
FF0,2B1F,とさでん交通,,石立団地
FF0,2B20,とさでん交通,,石立十字路
FF0,2B21,とさでん交通,,吉野別
FF0,2B22,とさでん交通,,ひばりヶ丘
FF0,2B23,とさでん交通,,神田本村
FF0,2B24,とさでん交通,みづき坂団地線/吉野線 G1/S2/X1,松の本西
FF0,2B25,とさでん交通,みづき坂団地線/吉野線 G1/S2/X1,松の本
FF0,2B26,とさでん交通,みづき坂団地線/吉野線 G1/S2/X1,高座
FF0,2B27,とさでん交通,みづき坂団地線/吉野線 G1/S2/X1,吉野
FF0,2B28,県交北部交通,,東城山
FF0,2B29,県交北部交通,,石立十字路東
FF0,2B2A,県交北部交通,,石立十字路西
FF0,2B2B,県交北部交通,,城山町
FF0,2B2C,県交北部交通,,鏡川団地前
FF0,2B2D,県交北部交通,,鴨田小学校通東
FF0,2B2E,とさでん交通,,鴨田小学校通西
FF0,2B2F,とさでん交通,,古新堂
FF0,2B30,とさでん交通,,宮寺
FF0,2B31,とさでん交通,,南横町
FF0,2B32,とさでん交通,,神田縄
FF0,2B33,とさでん交通,,柳田
FF0,2B34,とさでん交通,,勝負川
FF0,2B35,県交北部交通,,西横町
FF0,2B36,とさでん交通,,朝倉第二小学校前
FF0,2B37,とさでん交通,,海老槇
FF0,2B38,とさでん交通,,槇山
FF0,2B39,とさでん交通,,学芸高校前
FF0,2B3A,とさでん交通,,大谷東
FF0,2B3B,とさでん交通,,大谷団地
FF0,2B3C,とさでん交通,,大谷通
FF0,2B3D,とさでん交通,,東針木
FF0,2B3E,とさでん交通,,下針木
FF0,2B41,とさでん交通,トーメン団地線/船岡南団地線 G12/T1/W3,能茶山西口
FF0,2B42,とさでん交通,トーメン団地線/船岡南団地線 G12/T1/W3,鴨田小学校前
FF0,2B43,とさでん交通,トーメン団地線/船岡南団地線 G12/T1/W3,平田団地
FF0,2B44,とさでん交通,トーメン団地線/船岡南団地線 G12/T1/W3,鷺泊
FF0,2B45,とさでん交通,,船岡団地
FF0,2B46,とさでん交通,,藤和橋
FF0,2B47,とさでん交通,,辰ノ尾団地
FF0,2B48,とさでん交通,,船岡南団地
FF0,2B50,とさでん交通,,蒔絵台北
FF0,2B51,とさでん交通,,蒔絵台一丁目
FF0,2B52,とさでん交通,,天神橋
FF0,2B53,とさでん交通,,桑地別
FF0,2B54,とさでん交通,,平和団地口
FF0,2B55,とさでん交通,,平和団地西
FF0,2B56,とさでん交通,,平和団地
FF0,2B57,とさでん交通,,平和団地東
FF0,2B58,とさでん交通,,ハビリセンター
FF0,2B59,とさでん交通,,東諸木
FF0,2B5A,とさでん交通,,蒔絵台
FF0,2B5B,とさでん交通,,吉野川橋
FF0,2B5C,とさでん交通,,神田小学校通
FF0,2B5D,とさでん交通,,神田
FF0,2B5E,とさでん交通,,三所神社通
FF0,2B5F,とさでん交通,,鷺泊橋
FF0,2C00,とさでん交通,土佐塾校線/高岡線 C1/T7,芳原
FF0,2C01,とさでん交通,土佐塾校線/高岡線 C1/T7,上倉
FF0,2C02,とさでん交通,土佐塾校線/高岡線 C1/T7,春野運動公園東口
FF0,2C04,とさでん交通,高岡線 C1/T7,春野運動公園西口
FF0,2C05,とさでん交通,土佐塾校線/高岡線 C1/T7,春野運動公園中央
FF0,2C06,とさでん交通,高岡線 C1/T7,川渕
FF0,2C07,とさでん交通,高岡線 C1/T7,長谷
FF0,2C08,とさでん交通,高岡線 C1/T7,十田
FF0,2C09,とさでん交通,高岡線 C1/T7,東ネギ谷口
FF0,2C0A,とさでん交通,高岡線 C1/T7,ネギ谷口
FF0,2C0B,とさでん交通,高岡線 C1/T7,堀池通
FF0,2C0C,とさでん交通,高岡線 C1/T7,春野高校前
FF0,2C0D,とさでん交通,高岡線 C1/T7,大小路
FF0,2C0E,とさでん交通,高岡線 C1/T7,丸一農協前
FF0,2C13,とさでん交通,,ウグルス
FF0,2C14,とさでん交通,,西城山
FF0,2C15,とさでん交通,,大谷口
FF0,2C18,とさでん交通,,針木
FF0,2C19,とさでん交通,,南針木
FF0,2C1A,とさでん交通,,権現
FF0,2C1B,とさでん交通,,伊与川橋
FF0,2C1C,とさでん交通,,橘谷口
FF0,2C1D,とさでん交通,,高樋川
FF0,2C1E,とさでん交通,,御殿
FF0,2C1F,とさでん交通,,新川通
FF0,2C20,とさでん交通,,川久保
FF0,2C21,とさでん交通,,大橋北詰
FF0,2C22,とさでん交通,,中島
FF0,2C23,とさでん交通,,東芝
FF0,2C24,高知高陵交通,,西芝
FF0,2C25,高知高陵交通,,変電所通
FF0,2C26,高知高陵交通,,長谷寄通
FF0,2C27,高知高陵交通,,土佐市役所前
FF0,2C28,高知高陵交通,,本町通
FF0,2C29,高知高陵交通,,高岡高校通
FF0,2C2A,高知高陵交通,,土佐市民公園前
FF0,2C2B,とさでん交通,ド2(市野々・波介エリア),蓮池公園前
FF0,2C2C,とさでん交通,ド1(伊野エリア),井上病院前
FF0,2C2D,とさでん交通,ド1(伊野エリア)/ド3(宇佐エリア),地頭名
FF0,2C31,とさでん交通,,針木分岐
FF0,2C32,とさでん交通,,西針木
FF0,2C33,とさでん交通,,鷹の巣
FF0,2C34,とさでん交通,,針木峠
FF0,2C35,とさでん交通,,池の内第二
FF0,2C36,とさでん交通,,池の内第一
FF0,2C37,とさでん交通,,芳ヶ曽分岐
FF0,2C38,とさでん交通,,天王ニュータウン東口
FF0,2C39,とさでん交通,,天王南8丁目
FF0,2C3A,とさでん交通,,天王ニュータウン南
FF0,2C3B,とさでん交通,,天王南3丁目
FF0,2C3C,とさでん交通,,天王ニュータウン
FF0,2C3D,とさでん交通,,天王ニュータウン西入口
FF0,2C3E,とさでん交通,,天王ニュータウン西口
FF0,2C3F,とさでん交通,,天王梅の木第二
FF0,2C40,とさでん交通,,大坪橋
FF0,2C41,とさでん交通,,大納
FF0,2C42,とさでん交通,,八田局前
FF0,2C43,とさでん交通,,八田
FF0,2C44,とさでん交通,ド1(伊野エリア),八天大橋東
FF0,2C59,とさでん交通,,南中島
FF0,2C5A,とさでん交通,,高石
FF0,2C5B,とさでん交通,,堀切
FF0,2C5C,とさでん交通,,用石
FF0,2C5D,とさでん交通,,用石第二
FF0,2C5E,とさでん交通,,万願寺
FF0,2C5F,とさでん交通,,今渡峠
FF0,2C60,とさでん交通,,今渡
FF0,2C61,とさでん交通,,奥谷通
FF0,2C62,とさでん交通,,新居本村
FF0,2C63,とさでん交通,,新居学校前
FF0,2D00,とさでん交通,,新居立石
FF0,2D01,とさでん交通,,池の浦
FF0,2D02,とさでん交通,,白菊園前
FF0,2D03,とさでん交通,,荻岬
FF0,2D04,とさでん交通,,橋田
FF0,2D05,とさでん交通,,新崎
FF0,2D06,とさでん交通,,東町
FF0,2D07,とさでん交通,,市場前
FF0,2D08,とさでん交通,,東ノ丁
FF0,2D09,とさでん交通,,松岡
FF0,2D0A,とさでん交通,,宮前スカイライン入口
FF0,2D0B,とさでん交通,,福浜
FF0,2D0C,とさでん交通,,海洋高校前
FF0,2D0D,とさでん交通,,大川橋
FF0,2D0E,とさでん交通,,宇佐
FF0,2D11,とさでん交通,ド3(宇佐エリア),しおかぜ公園前
FF0,2D2C,県交北部交通,,伊野駅
FF0,2D32,高知高陵交通,,鳴川通
FF0,2D33,とさでん交通,ド2(市野々・波介エリア),高岡営業所
FF0,2D36,とさでん交通,,高知リハビリ学院
FF0,2D37,とさでん交通,須崎線 G10/Y5/ド2(市野々・波介エリア),茶園
FF0,2D38,とさでん交通,須崎線 G10/Y5/ド2(市野々・波介エリア),寺山
FF0,2D39,とさでん交通,須崎線 G10/Y5/ド2(市野々・波介エリア),宇都木
FF0,2D3A,とさでん交通,須崎線 G10/Y5/ド2(市野々・波介エリア),末光
FF0,2D3B,とさでん交通,須崎線 G10/Y5/ド2(市野々・波介エリア),明ヶ谷
FF0,2D3C,とさでん交通,須崎線 G10/Y5/ド2(市野々・波介エリア),甲原船戸
FF0,2D3D,とさでん交通,須崎線 G10/Y5/ド2(市野々・波介エリア),かじや鼻橋
FF0,2D3E,とさでん交通,須崎線 G10/Y5/ド2(市野々・波介エリア),中川内
FF0,2D3F,とさでん交通,須崎線 G10/Y5/ド2(市野々・波介エリア),東鴨地
FF0,2D40,とさでん交通,須崎線 G10/Y5/ド2(市野々・波介エリア),本村
FF0,2D41,とさでん交通,須崎線 G10/Y5/ド2(市野々・波介エリア),西鴨地
FF0,2D42,とさでん交通,須崎線 G10/Y5/ド2(市野々・波介エリア),石屋前
FF0,2D43,とさでん交通,須崎線 G10/Y5/ド2(市野々・波介エリア),家俊
FF0,2D44,とさでん交通,須崎線 G10/Y5/ド2(市野々・波介エリア),診療所前
FF0,2D45,とさでん交通,須崎線 G10/Y5/ド2(市野々・波介エリア),石指
FF0,2D46,とさでん交通,須崎線 G10/Y5/ド2(市野々・波介エリア),オソ着
FF0,2D47,とさでん交通,須崎線 G10/Y5/ド2(市野々・波介エリア),市野々
FF0,2D48,とさでん交通,須崎線 G10/Y5,貞藤
FF0,2D49,とさでん交通,須崎線 G10/Y5,久保地
FF0,2D4A,とさでん交通,須崎線 G10/Y5,小立目
FF0,2D4B,とさでん交通,須崎線 G10/Y5,大津賀
FF0,2D4C,とさでん交通,須崎線 G10/Y5,衆秀橋
FF0,2D4D,とさでん交通,須崎線 G10/Y5,名古屋トンネル西口
FF0,2D4E,とさでん交通,須崎線 G10/Y5,チチ川
FF0,2D4F,とさでん交通,須崎線 G10/Y5,吾桑桜橋
FF0,2D50,とさでん交通,須崎線 G10/Y5,吾桑支所前
FF0,2D51,とさでん交通,須崎線 G10/Y5,鯛の川口
FF0,2D52,とさでん交通,須崎線 G10/Y5,尾殿
FF0,2D53,とさでん交通,須崎線 G10/Y5,朝ヶ丘中学校前
FF0,2D54,とさでん交通,須崎線 G10/Y5,岩永
FF0,2D55,とさでん交通,須崎線 G10/Y5,西崎町
FF0,2D56,とさでん交通,須崎線 G10/Y5,横浪分岐
FF0,2D57,とさでん交通,須崎線 G10/Y5,大間
FF0,2D58,とさでん交通,須崎線 G10/Y5,西大間
FF0,2D5C,とさでん交通,須崎線 G10/Y5,須崎駅前
FF0,2D5D,とさでん交通,須崎線 G10/Y5,文化会館前
FF0,2D5E,高知高陵交通,,須崎出張所
FF0,2D5F,とさでん交通,須崎線 G10/Y5,須崎市役所前
FF0,2D60,とさでん交通,須崎線 G10/Y5,池山
FF0,2D61,とさでん交通,須崎線 G10/Y5,須崎ゆたか前
FF0,2D62,とさでん交通,須崎線 G10/Y5,横町
FF0,2D63,高知高陵交通,,須崎局前
FF0,2E00,とさでん交通,須崎線 G10/Y5,極楽橋
FF0,2E1E,とさでん交通,ド3(宇佐エリア),井尻
FF0,2E1F,とさでん交通,ド3(宇佐エリア),向萩の浜
FF0,2E20,とさでん交通,ド3(宇佐エリア),竜
FF0,2E21,とさでん交通,ド3(宇佐エリア),灘
FF0,2E22,とさでん交通,ド3(宇佐エリア),中川橋前
FF0,2E23,とさでん交通,ド3(宇佐エリア),信用組合前
FF0,2E24,とさでん交通,ド3(宇佐エリア),西中郷
FF0,2E25,とさでん交通,ド3(宇佐エリア),宇佐出荷場前
FF0,2E26,とさでん交通,ド3(宇佐エリア),米山
FF0,2E27,とさでん交通,ド3(宇佐エリア),塚地集会所前
FF0,2E28,とさでん交通,ド3(宇佐エリア),ウトロ谷
FF0,2E29,とさでん交通,ド3(宇佐エリア),JA高石直販所前
FF0,2E2A,とさでん交通,ド3(宇佐エリア),野尻
FF0,2E2B,とさでん交通,ド3(宇佐エリア),サニーマート東口
FF0,2E2C,とさでん交通,ド2(市野々・波介エリア),高岡高校通
FF0,2E2D,とさでん交通,ド1(伊野エリア),南音竹
FF0,2E2E,とさでん交通,ド1(伊野エリア),音竹
FF0,2E31,とさでん交通,ド1(伊野エリア),仁淀川漁協前
FF0,2E32,とさでん交通,ド2(市野々・波介エリア),蓮池住宅前
FF0,2E33,とさでん交通,ド2(市野々・波介エリア),蓮池小学校通
FF0,2E34,とさでん交通,ド2(市野々・波介エリア),波介川橋北詰
FF0,2E35,とさでん交通,ド2(市野々・波介エリア),下波介
FF0,2E36,とさでん交通,ド2(市野々・波介エリア),四方寺
FF0,2E37,とさでん交通,ド2(市野々・波介エリア),波介小学校前
FF0,2E38,とさでん交通,ド2(市野々・波介エリア),板谷
FF0,2E39,とさでん交通,ド2(市野々・波介エリア),大坂
FF0,2E3A,とさでん交通,ド2(市野々・波介エリア),出間
FF0,2E3B,とさでん交通,ド2(市野々・波介エリア),柏木
FF0,2E3C,とさでん交通,ド2(市野々・波介エリア),畑谷
FF0,2E3D,とさでん交通,ド2(市野々・波介エリア),岩戸
FF0,2E3E,とさでん交通,ド2(市野々・波介エリア),岩戸橋
FF0,2E3F,とさでん交通,ド2(市野々・波介エリア),あざい口
FF0,2E40,とさでん交通,ド2(市野々・波介エリア),ひびの木
FF0,2E41,とさでん交通,ド2(市野々・波介エリア),戸波川橋
FF0,2E42,とさでん交通,ド2(市野々・波介エリア),奥の土居通
FF0,2E43,とさでん交通,ド2(市野々・波介エリア),東太郎丸
FF0,2E44,とさでん交通,ド2(市野々・波介エリア),音丸
FF0,2E45,とさでん交通,ド2(市野々・波介エリア),歌山
FF0,2E46,とさでん交通,ド2(市野々・波介エリア),支所前
FF0,2E48,とさでん交通,ド1(伊野エリア),天崎船戸
FF0,2E49,とさでん交通,ド1(伊野エリア),天崎
FF0,2E4A,とさでん交通,ド1(伊野エリア),太郎橋
FF0,2E4B,とさでん交通,ド1(伊野エリア),吹越
FF0,2E4C,とさでん交通,ド1(伊野エリア),スジカイ橋
FF0,2E4D,とさでん交通,ド1(伊野エリア),野田
FF0,2E4E,とさでん交通,ド1(伊野エリア),大綱橋
FF0,2E4F,とさでん交通,ド1(伊野エリア),高岡小学校前
FF0,2E50,とさでん交通,ド1(伊野エリア),長谷寄北
FF0,325A,県交北部交通,,長沢
FF0,334E,県交北部交通,,久重小学校通
FF0,335A,県交北部交通,,土佐山庁舎前
FF0,3405,県交北部交通,円行寺下線 B3/G1,大崎前
FF0,3406,県交北部交通,円行寺下線 B3/G1,円行寺下
FF0,341B,県交北部交通,鏡川口線,行川学園前
FF0,341C,県交北部交通,鏡川口線,行川
FF0,3420,県交北部交通,,鏡庁舎前
FF0,3421,県交北部交通,,川口営業所
FF0,3543,県交北部交通,,鏡岩
FF0,3F55,高知西南交通,,サンリバー四万十前
FF0,3F56,高知西南交通,,中村駅
FF0,4019,高知西南交通,幹線(中村〜宿毛),平田駅
FF0,401A,高知西南交通,幹線(中村〜宿毛),三原分岐
FF0,401B,高知西南交通,幹線(中村〜宿毛),平田
FF0,401C,高知西南交通,幹線(中村〜宿毛),寺尾
FF0,401D,高知西南交通,幹線(中村〜宿毛),寺山口
FF0,401E,高知西南交通,幹線(中村〜宿毛),東押ノ川
FF0,401F,高知西南交通,幹線(中村〜宿毛),西押ノ川
FF0,4020,高知西南交通,幹線(中村〜宿毛),聖ヶ丘病院前
FF0,4021,高知西南交通,幹線(中村〜宿毛),市山
FF0,4022,高知西南交通,幹線(中村〜宿毛),小森
FF0,4023,高知西南交通,幹線(中村〜宿毛),旭食品前
FF0,4024,高知西南交通,幹線(中村〜宿毛),ハゼの木
FF0,4025,高知西南交通,幹線(中村〜宿毛),和田
FF0,4026,高知西南交通,幹線(中村〜宿毛),宿毛大橋
FF0,4027,高知西南交通,幹線(中村〜宿毛),宿毛文教センター
FF0,4028,高知西南交通,幹線(中村〜宿毛),学校前
FF0,4029,高知西南交通,幹線(中村〜宿毛),宿毛市役所前
FF0,402A,高知西南交通,幹線(中村〜宿毛),中央一丁目
FF0,402B,高知西南交通,幹線(中村〜宿毛),郵便局前
FF0,402C,高知西南交通,幹線(中村〜宿毛),幡多信宿毛西支店前
FF0,402D,高知西南交通,幹線(中村〜宿毛),宿毛駅
FF0,412B,高知西南交通,幹線(中村〜清水〜足摺),サニーサイドホテル前
FF0,412C,高知西南交通,幹線(中村〜清水〜足摺),大戸
FF0,412D,高知西南交通,幹線(中村〜清水〜足摺),大戸東
FF0,412E,高知西南交通,幹線(中村〜清水〜足摺),堂ヶ森
FF0,412F,高知西南交通,幹線(中村〜清水〜足摺),大岩(足摺)
FF0,4130,高知西南交通,幹線(中村〜清水〜足摺),スカイ東口
FF0,4131,高知西南交通,幹線(中村〜清水〜足摺),足摺岬センター
FF0,4132,高知西南交通,幹線(中村〜清水〜足摺),伊佐
FF0,4133,高知西南交通,幹線(中村〜清水〜足摺),白皇神社前
FF0,4134,高知西南交通,幹線(中村〜清水〜足摺),足摺岬
FF0,422E,高知西南交通,幹線(清水〜宿毛)/大月町関連路線,ふれあいパーク大月
FF0,430E,高知西南交通,大月町関連路線(大月〜宮ノ谷〜柏島),✌柏島
FF0,4604,高知東部交通,,桜ヶ丘高校前
FF0,4607,高知東部交通,,安芸駅
FF0,4608,高知東部交通,,市役所前 (安芸市)
FF0,4609,高知東部交通,,川向
FF0,460A,高知東部交通,,安芸橋西詰
FF0,460B,高知東部交通,,川北
FF0,460C,高知東部交通,,伊尾木貯木場前
FF0,460D,高知東部交通,,伊尾木
FF0,460E,高知東部交通,,伊尾木小学校前
FF0,460F,高知東部交通,,園芸連前
FF0,4610,高知東部交通,,焼却場前
FF0,4611,高知東部交通,,伊尾木不動
FF0,4612,高知東部交通,,河野西入口
FF0,4613,高知東部交通,,河野
FF0,4614,高知東部交通,,河野東入口
FF0,4615,高知東部交通,,大山岬
FF0,4616,高知東部交通,,下山学校前
FF0,4617,高知東部交通,,奈村橋
FF0,4618,高知東部交通,,東下山
FF0,4619,高知東部交通,,谷口橋
FF0,461A,高知東部交通,,安田明神
FF0,461B,高知東部交通,,唐の浜西
FF0,461C,高知東部交通,,唐の浜中央通
FF0,461D,高知東部交通,,唐の浜東
FF0,461E,高知東部交通,,東谷入口
FF0,461F,高知東部交通,,安田西新町
FF0,4620,高知東部交通,,安田役場通
FF0,4621,高知東部交通,,安田不動西
FF0,4622,高知東部交通,,安田不動
FF0,4623,高知東部交通,,安田不動東
FF0,4624,高知東部交通,,田野西入口
FF0,4625,高知東部交通,,八幡前
FF0,4626,高知東部交通,,田野中学校通
FF0,4627,高知東部交通,,田野役場通
FF0,4628,高知東部交通,,田野芝入口
FF0,4629,高知東部交通,,奈半利駅
FF0,462A,高知東部交通,,奈半利
FF0,462B,高知東部交通,,奈半利立町
FF0,462C,高知東部交通,,法恩寺通
FF0,462D,高知東部交通,,貯木場西入口
FF0,462E,高知東部交通,,六本松
FF0,462F,高知東部交通,,須川
FF0,4630,高知東部交通,,小須郷
FF0,4631,高知東部交通,,竹ヶ谷
FF0,4632,高知東部交通,,加領郷西入口
FF0,4633,高知東部交通,,加領郷
FF0,4634,高知東部交通,,加領郷東入口
FF0,4635,高知東部交通,,羽根岬
FF0,4636,高知東部交通,,西坂本
FF0,4637,高知東部交通,,西の浜
FF0,4638,高知東部交通,,羽根病院前
FF0,4639,高知東部交通,,羽根新田
FF0,463A,高知東部交通,,羽根船場
FF0,463B,高知東部交通,,羽根大敷前
FF0,463C,高知東部交通,,平田岩
FF0,463D,高知東部交通,,千ヶ谷
FF0,463E,高知東部交通,,立石
FF0,463F,高知東部交通,,立石東
FF0,4640,高知東部交通,,西灘第一
FF0,4641,高知東部交通,,西灘第二
FF0,4642,高知東部交通,,西の宮
FF0,4643,高知東部交通,,吉良川橋西詰
FF0,4644,高知東部交通,,吉良川小学校通
FF0,4645,高知東部交通,,吉良川冨屋前
FF0,4646,高知東部交通,,吉良川傍士
FF0,4647,高知東部交通,,黒耳第一
FF0,4648,高知東部交通,,黒耳第二
FF0,4649,高知東部交通,,黒耳第三
FF0,464A,高知東部交通,,黒耳東
FF0,464B,高知東部交通,,キラメッセ室戸
FF0,464C,高知東部交通,,平尾第二
FF0,464D,高知東部交通,,新村不動
FF0,464E,高知東部交通,,新村
FF0,464F,高知東部交通,,行当
FF0,4650,高知東部交通,,元
FF0,4651,高知東部交通,,元橋
FF0,4652,高知東部交通,,岩戸神社前
FF0,4653,高知東部交通,,奈良師
FF0,4654,高知東部交通,,奈良師橋
FF0,4655,高知東部交通,,中学校通(室戸)
FF0,4656,高知東部交通,,室戸浮津二番町
FF0,4657,高知東部交通,,室戸小学校通
FF0,4658,高知東部交通,,室戸小学校前
FF0,4659,高知東部交通,,東大谷口
FF0,465A,高知東部交通,,原池
FF0,465B,高知東部交通,,黒戸
FF0,465C,高知東部交通,,室戸高校前
FF0,465D,高知東部交通,,室戸市役所前
FF0,465E,高知東部交通,,室戸
FF0,465F,高知東部交通,,耳崎
FF0,4660,高知東部交通,,菜生
FF0,4661,高知東部交通,,菜生住宅前
FF0,4662,高知東部交通,,菜生東
FF0,4663,高知東部交通,,高浜
FF0,4700,高知東部交通,,住宅前
FF0,4701,高知東部交通,,室戸営業所
FF0,4702,高知東部交通,,西下町
FF0,4703,高知東部交通,,岬屯所前
FF0,4704,高知東部交通,,岬中町
FF0,4705,高知東部交通,,岬小学校前
FF0,4706,高知東部交通,,山田邸前
FF0,4707,高知東部交通,,岬坂本
FF0,4708,高知東部交通,,東坂本
FF0,4709,高知東部交通,,スカイライン上り口
FF0,470A,高知東部交通,,室戸岬
FF0,470B,高知東部交通,,岬ホテル前
FF0,470C,高知東部交通,,大師像前
FF0,471C,高知東部交通,,むろと廃校水族館前
FF0,473E,高知東部交通,甲浦線(安芸営業所〜甲浦),河内
FF0,473F,高知東部交通,甲浦線(安芸営業所〜甲浦),甲浦駅
FF0,4740,高知東部交通,甲浦線(安芸営業所〜甲浦),白浜
FF0,4741,高知東部交通,甲浦線(安芸営業所〜甲浦),甲浦
FF0,4742,高知東部交通,,甲浦岸壁
FF0,4811,高知東部交通,,魚梁瀬
FF0,4813,高知東部交通,,室戸世界ジオパークセンター
FF0,4A0B,高知高陵交通,矢井賀〜上ノ加江〜久礼〜須崎線,多ノ郷駅前
FF0,4B0D,高知高陵交通,,梼原
FF0,4C01,高知高陵交通,,須崎本社営業所
FF0,4C02,高知高陵交通,,文化会館前
FF0,4C03,高知高陵交通,,須崎駅前
FF0,4C04,高知高陵交通,,極楽橋
FF0,4C05,高知高陵交通,,須崎局前
FF0,4C06,高知高陵交通,,横町
FF0,4C07,高知高陵交通,,須崎ゆたか前
FF0,4C08,高知高陵交通,,池山
FF0,4C09,高知高陵交通,,須崎市役所前
FF0,4C0A,高知高陵交通,,西大間
FF0,4C0B,高知高陵交通,,大間
FF0,4C0C,高知高陵交通,,横浪分岐
FF0,4C0D,高知高陵交通,,西崎町
FF0,4C0E,高知高陵交通,,岩永
FF0,4C0F,高知高陵交通,,朝ヶ丘中学校前
FF0,4C10,高知高陵交通,,尾殿
FF0,4C11,高知高陵交通,,鯛の川口
FF0,4C12,高知高陵交通,,吾桑支所前
FF0,4C13,高知高陵交通,,吾桑桜橋
FF0,4C14,高知高陵交通,,チチ川
FF0,4C15,高知高陵交通,,名古屋トンネル西口
FF0,4C16,高知高陵交通,,衆秀橋
FF0,4C17,高知高陵交通,,大津賀
FF0,4C18,高知高陵交通,,小立目
FF0,4C19,高知高陵交通,,久保地
FF0,4C1A,高知高陵交通,,貞藤
FF0,4C1B,高知高陵交通,,市野々
FF0,4C1C,高知高陵交通,,オソ着
FF0,4C1D,高知高陵交通,,石指
FF0,4C1E,高知高陵交通,,診療所前
FF0,4C1F,高知高陵交通,,家俊
FF0,4C20,高知高陵交通,,石屋前
FF0,4C21,高知高陵交通,,西鴨地
FF0,4C22,高知高陵交通,,本村
FF0,4C23,高知高陵交通,,東鴨地
FF0,4C24,高知高陵交通,,中川内
FF0,4C25,高知高陵交通,,かじや鼻橋
FF0,4C26,高知高陵交通,,甲原船戸
FF0,4C27,高知高陵交通,,明ヶ谷
FF0,4C28,高知高陵交通,,末光
FF0,4C29,高知高陵交通,,宇都木
FF0,4C2A,高知高陵交通,,寺山
FF0,4C2B,高知高陵交通,,茶園
FF0,4D01,高知高陵交通,矢井賀〜上ノ加江〜久礼〜須崎線,角谷
FF0,4D02,高知高陵交通,矢井賀〜上ノ加江〜久礼〜須崎線,領久
FF0,4D03,高知高陵交通,矢井賀〜上ノ加江〜久礼〜須崎線,ドライブイン前
FF0,4D04,高知高陵交通,矢井賀〜上ノ加江〜久礼〜須崎線,安和駅前
FF0,4D05,高知高陵交通,矢井賀〜上ノ加江〜久礼〜須崎線,安和
FF0,4D06,高知高陵交通,矢井賀〜上ノ加江〜久礼〜須崎線,道の川第一
FF0,4D07,高知高陵交通,矢井賀〜上ノ加江〜久礼〜須崎線,道の川第二
FF0,4D08,高知高陵交通,矢井賀〜上ノ加江〜久礼〜須崎線,大新改
FF0,4D09,高知高陵交通,,大野見分岐
FF0,4D0A,高知高陵交通,矢井賀〜上ノ加江〜久礼〜須崎線,久礼駅前
FF0,4D0B,高知高陵交通,矢井賀〜上ノ加江〜久礼〜須崎線,中土佐町役場前
FF0,4F26,高知高陵交通,梼原〜日吉線,日吉駅前
FF0,5000,ジェイアール四国バス,大栃線,土佐山田
FF0,5001,ジェイアール四国バス,大栃線,えびす通
FF0,5002,ジェイアール四国バス,大栃線,山田高校前
FF0,5003,ジェイアール四国バス,大栃線,東町
FF0,5004,ジェイアール四国バス,大栃線,古町通り
FF0,5005,ジェイアール四国バス,大栃線,百石
FF0,5006,ジェイアール四国バス,大栃線,山田農協前
FF0,5007,ジェイアール四国バス,大栃線,楠目
FF0,5008,ジェイアール四国バス,大栃線,平田口
FF0,5009,ジェイアール四国バス,大栃線,貴船前
FF0,500A,ジェイアール四国バス,大栃線,山田堰
FF0,500B,ジェイアール四国バス,大栃線,談議所
FF0,500C,ジェイアール四国バス,大栃線,神母の木
FF0,500D,ジェイアール四国バス,大栃線,神母の木北
FF0,500E,ジェイアール四国バス,大栃線,工科大西口
FF0,500F,ジェイアール四国バス,大栃線,工科大ドミトリー
FF0,5010,ジェイアール四国バス,大栃線,夢野温泉前
FF0,5011,ジェイアール四国バス,大栃線,宮の口
FF0,5012,ジェイアール四国バス,大栃線,北の山
FF0,5013,ジェイアール四国バス,大栃線,下杉田
FF0,5014,ジェイアール四国バス,大栃線,杉田
FF0,5015,ジェイアール四国バス,大栃線,杉田発電所前
FF0,5016,ジェイアール四国バス,大栃線,杉田ダム
FF0,5017,ジェイアール四国バス,大栃線,川奈路
FF0,5018,ジェイアール四国バス,大栃線,橋川野
FF0,5019,ジェイアール四国バス,大栃線,岩改口
FF0,501A,ジェイアール四国バス,大栃線,太郎丸
FF0,501B,ジェイアール四国バス,大栃線,釈迦堂前
FF0,501C,ジェイアール四国バス,大栃線,大堀谷
FF0,501D,ジェイアール四国バス,大栃線,美良布 (アンパンマンミュージアム前)
FF0,501E,ジェイアール四国バス,大栃線,アンパンマンミュージアム前
FF0,501F,ジェイアール四国バス,大栃線,韮生野
FF0,5020,ジェイアール四国バス,大栃線,香北橋
FF0,5021,ジェイアール四国バス,大栃線,土佐小川
FF0,5022,ジェイアール四国バス,大栃線,朴の木口
FF0,5023,ジェイアール四国バス,大栃線,青少年の家前
FF0,5024,ジェイアール四国バス,大栃線,土佐吉野
FF0,5025,ジェイアール四国バス,大栃線,吉野発電所前
FF0,5026,ジェイアール四国バス,大栃線,小吉野
FF0,5027,ジェイアール四国バス,大栃線,在所
FF0,5028,ジェイアール四国バス,大栃線,府内
FF0,5029,ジェイアール四国バス,大栃線,永瀬発電所前
FF0,502A,ジェイアール四国バス,大栃線,清爪口
FF0,502B,ジェイアール四国バス,大栃線,土佐白石
FF0,502C,ジェイアール四国バス,大栃線,蕨野
FF0,502D,ジェイアール四国バス,大栃線,中谷川
FF0,502E,ジェイアール四国バス,大栃線,臼杵隧道口
FF0,502F,ジェイアール四国バス,大栃線,土佐高尾
FF0,5030,ジェイアール四国バス,大栃線,東高尾
FF0,5031,ジェイアール四国バス,大栃線,大比
FF0,5032,ジェイアール四国バス,大栃線,大栃駅
FF0,5200,高知駅前観光,空港連絡バス,高知駅バスターミナル
FF0,5201,高知駅前観光,空港連絡バス,高知駅前
FF0,5202,高知駅前観光,空港連絡バス,高知橋
FF0,5203,高知駅前観光,空港連絡バス,蓮池町通
FF0,5204,高知駅前観光,空港連絡バス,北はりまや橋
FF0,5205,高知駅前観光,空港連絡バス,はりまや橋
FF0,5206,高知駅前観光,空港連絡バス,はりまや橋観光バスターミナル
FF0,5207,高知駅前観光,空港連絡バス,菜園場町
FF0,5208,高知駅前観光,空港連絡バス,宝永町
FF0,5209,高知駅前観光,空港連絡バス,知寄町
FF0,520A,高知駅前観光,空港連絡バス,知寄町二丁目
FF0,520B,高知駅前観光,空港連絡バス,高知龍馬空港
FF0,5301,四万十交通,,窪川駅
FF0,5339,四万十交通,,大野見
FF0,552B,四万十交通,,久礼駅前
FF0,5802,土佐市観光,,高岡営業所
FF0,5809,土佐市観光,,長谷寄北
FF0,580A,土佐市観光,,高岡小学校前
FF0,580B,土佐市観光,,大綱橋
FF0,580C,土佐市観光,,野田
FF0,580D,土佐市観光,,スジカイ橋
FF0,580E,土佐市観光,,吹越
FF0,580F,土佐市観光,,太郎橋
FF0,5810,土佐市観光,,天崎
FF0,5811,土佐市観光,,天崎船戸
FF0,5812,土佐市観光,,八天大橋東
FF0,5813,土佐市観光,,大坪橋
FF0,5814,土佐市観光,,天王梅の木第二
FF0,5815,土佐市観光,,南音竹
FF0,5816,土佐市観光,,音竹
FF0,5817,土佐市観光,,仁淀川漁協前
FF0,5818,土佐市観光,,伊野天神町
FF0,5819,土佐市観光,,伊野駅前
FF0,581A,土佐市観光,,JR伊野駅
FF0,581B,土佐市観光,,長谷寄通
FF0,583B,土佐市観光,,宇佐
FF0,5852,土佐市観光,,大坂
FFB,0,備北交通,,共通
FFB,91DA,備北交通,,向原駅
FFB,91DB,備北交通,,向原駅東口
1414,0,広島バス,,共通
1582,0,宇都宮ライトレール,,共通
2329,A,北九州市交通局,,若松渡場
2329,14,北九州市交通局,,エスト本町東口
2329,1E,北九州市交通局,,若松区役所前
2329,28,北九州市交通局,,若松市民会館前
2329,2D,北九州市交通局,,若松図書館前
2329,32,北九州市交通局,,中川町交差点
2329,37,北九州市交通局,,ウイングプラザ前
2329,3C,北九州市交通局,,大橋通り
2329,46,北九州市交通局,,若松駅前
2329,50,北九州市交通局,,修多羅
2329,5A,北九州市交通局,,古前一丁目
2329,100,北九州市交通局,,若松体育館前
2329,10A,北九州市交通局,,岬の山
2329,114,北九州市交通局,,若松警察署前
2329,11E,北九州市交通局,,和田町
2329,128,北九州市交通局,,宮丸
2329,132,北九州市交通局,,藤ノ木駅前
2329,13C,北九州市交通局,,赤島
2329,146,北九州市交通局,,今光
2329,150,北九州市交通局,,今光峠
2329,15A,北九州市交通局,,用勺
2329,200,北九州市交通局,,童子丸
2329,20A,北九州市交通局,,若松競艇場
2329,214,北九州市交通局,,西天神
2329,21E,北九州市交通局,,道岸
2329,228,北九州市交通局,,日吉神社下
2329,22A,北九州市交通局,,二島工業第一
2329,22C,北九州市交通局,,二島工業第二
2329,22E,北九州市交通局,,二島工業第三
2329,230,北九州市交通局,,二島工業第四
2329,232,北九州市交通局,,東二島三丁目
2329,237,北九州市交通局,,東二島四丁目
2329,23C,北九州市交通局,,二島駅
2329,246,北九州市交通局,,高稜高校前
2329,250,北九州市交通局,,第一二島
2329,300,北九州市交通局,,弁財天前
2329,30A,北九州市交通局,,本町三丁目
2329,314,北九州市交通局,,本町
2329,31E,北九州市交通局,,中川町
2329,328,北九州市交通局,,大井戸町
2329,337,北九州市交通局,,西園町
2329,33C,北九州市交通局,,栄盛川
2329,346,北九州市交通局,,深町
2329,350,北九州市交通局,,若松高校前
2329,35A,北九州市交通局,,上原町
2329,400,北九州市交通局,,下原町
2329,40A,北九州市交通局,,赤崎
2329,414,北九州市交通局,,西小石町
2329,41E,北九州市交通局,,東小石町
2329,423,北九州市交通局,,若松営業所
2329,42D,北九州市交通局,,第一東畑町
2329,437,北九州市交通局,,第二東畑町
2329,43C,北九州市交通局,,西畑町
2329,446,北九州市交通局,,中畑
2329,450,北九州市交通局,,棚田町
2329,455,北九州市交通局,,第二棚田町
2329,45A,北九州市交通局,,小石小学校前
2329,500,北九州市交通局,,第二赤崎
2329,50A,北九州市交通局,,上中畑
2329,514,北九州市交通局,,小石観音前
2329,51E,北九州市交通局,,迫田
2329,523,北九州市交通局,,第二小石本村
2329,528,北九州市交通局,,若松郵便局前
2329,52D,北九州市交通局,,産業医科大学若松病院
2329,532,北九州市交通局,,浜町三丁目
2329,53C,北九州市交通局,,桜町
2329,546,北九州市交通局,,北浜
2329,550,北九州市交通局,,波打町
2329,55F,北九州市交通局,,第一北湊町
2329,605,北九州市交通局,,第二北湊町
2329,60A,北九州市交通局,,北連歌浜
2329,614,北九州市交通局,,安瀬口
2329,61E,北九州市交通局,,安瀬
2329,628,北九州市交通局,,北湊浄化センター前
2329,700,北九州市交通局,,小石本村
2329,70A,北九州市交通局,,向洋中学校前
2329,714,北九州市交通局,,不動下
2329,71E,北九州市交通局,,竜光の滝
2329,728,北九州市交通局,,椿下
2329,732,北九州市交通局,,常福寺入口
2329,73C,北九州市交通局,,外小竹
2329,746,北九州市交通局,,鬼ヶ坂入口
2329,750,北九州市交通局,,脇ノ浦
2329,75A,北九州市交通局,,ひびき学園入口
2329,800,北九州市交通局,,Jパワー電源開発
2329,80A,北九州市交通局,,顕照寺前
2329,814,北九州市交通局,,片山
2329,81E,北九州市交通局,,若松商業高校前
2329,828,北九州市交通局,,畠田
2329,832,北九州市交通局,,花房小学校前
2329,837,北九州市交通局,,内小竹公民館前
2329,83C,北九州市交通局,,平川
2329,846,北九州市交通局,,平石
2329,850,北九州市交通局,,響灘緑地入口
2329,851,北九州市交通局,,グリーンパーク北ゲート
2329,852,北九州市交通局,,グリーンパーク南ゲート
2329,85A,北九州市交通局,,内平
2329,900,北九州市交通局,,内平尻
2329,90A,北九州市交通局,,坊ヶ渕
2329,914,北九州市交通局,,✌脇田
2329,919,北九州市交通局,,脇田海岸
2329,91E,北九州市交通局,,✌安屋
2329,928,北九州市交通局,,✌後
2329,932,北九州市交通局,,✌逆水東口
2329,937,北九州市交通局,,✌逆水西口
2329,93C,北九州市交通局,,✌逆水
2329,941,北九州市交通局,,✌千畳敷海岸入口
2329,942,北九州市交通局,,千畳敷北海岸
2329,946,北九州市交通局,,✌新屋敷北口
2329,94B,北九州市交通局,,岩屋
2329,950,北九州市交通局,,✌岩屋入口
2329,95A,北九州市交通局,,✌かんぽの宿北九州
2329,A00,北九州市交通局,,畠田三丁目
2329,A05,北九州市交通局,,鴨生田四丁目
2329,A0A,北九州市交通局,,鴨生田小学校前
2329,A14,北九州市交通局,,島郷合同庁舎前
2329,B00,北九州市交通局,,第二二島
2329,B0C,北九州市交通局,,二島郵便局前
2329,B0F,北九州市交通局,,鴨生田
2329,B14,北九州市交通局,,鴨生田小学校前
2329,B1E,北九州市交通局,,鷺田
2329,B28,北九州市交通局,,唐戸
2329,B32,北九州市交通局,,払川
2329,B3C,北九州市交通局,,塩屋入口
2329,B46,北九州市交通局,,蜑住入口
2329,B50,北九州市交通局,,原牟田
2329,B5A,北九州市交通局,,大鳥居
2329,B5F,北九州市交通局,,学研都市北口第二
2329,C00,北九州市交通局,,江川小学校前
2329,C0A,北九州市交通局,,稲国橋
2329,C1E,北九州市交通局,,✌有毛
2329,C28,北九州市交通局,,✌八光丸入口
2329,C32,北九州市交通局,,✌新屋敷
2329,C3C,北九州市交通局,,岩屋
2329,C46,北九州市交通局,,洞北中学校入口
2329,C50,北九州市交通局,,竹並公民館前
2329,C5A,北九州市交通局,,竹並
2329,C5C,北九州市交通局,,洞北中学校前
2329,D00,北九州市交通局,,蜑住公民館下
2329,D0A,北九州市交通局,,✌火の坂
2329,D14,北九州市交通局,,✌蜑住団地
2329,D1E,北九州市交通局,,✌上有毛
2329,D26,北九州市交通局,,第三二島
2329,E00,北九州市交通局,,東中島
2329,E0A,北九州市交通局,,碇地
2329,E14,北九州市交通局,,十字路
2329,E1E,北九州市交通局,,古開
2329,E28,北九州市交通局,,本城東一丁目
2329,E32,北九州市交通局,,夜越
2329,E3C,北九州市交通局,,小島市営住宅前
2329,E46,北九州市交通局,,帯田
2329,E50,北九州市交通局,,本陣橋
2329,E5A,北九州市交通局,,東本陣橋
2329,F00,北九州市交通局,,陣の原
2329,F05,北九州市交通局,,陣原駅南口
2329,F0A,北九州市交通局,,穴生橋
2329,F14,北九州市交通局,,皇后崎
2329,F1E,北九州市交通局,,萩原団地下
2329,F28,北九州市交通局,,熊西二丁目
2329,F32,北九州市交通局,,熊西一丁目
2329,F37,北九州市交通局,,宿場通り
2329,F3C,北九州市交通局,,黒崎バスセンター
2329,F41,北九州市交通局,,黒崎駅
2329,F46,北九州市交通局,,黒崎駅前ふれあい通り
2329,F4B,北九州市交通局,,黒崎駅前
2329,F50,北九州市交通局,,黒崎アネックス前
2329,F55,北九州市交通局,,熊手通り
2329,F5A,北九州市交通局,,熊手四ツ角
2329,F5F,北九州市交通局,,東曲里町
2329,1000,北九州市交通局,,御手洗公園前
2329,1005,北九州市交通局,,八幡西郵便局前
2329,100A,北九州市交通局,,黄枝崎
2329,100C,北九州市交通局,,洞北町
2329,1014,北九州市交通局,,柳原
2329,101E,北九州市交通局,,小島
2329,1023,北九州市交通局,,夕原町
2329,1028,北九州市交通局,,洞南町
2329,102D,北九州市交通局,,陣原駅北口
2329,1032,北九州市交通局,,三菱化学西門前
2329,1100,北九州市交通局,,西本陣橋
2329,110A,北九州市交通局,,折尾中学校前
2329,1114,北九州市交通局,,折尾出張所前
2329,111E,北九州市交通局,,折尾光明
2329,1128,北九州市交通局,,折尾一丁目
2329,1132,北九州市交通局,,大浦三丁目
2329,113C,北九州市交通局,,西門前
2329,1146,北九州市交通局,,産業医科大学病院入口
2329,1147,北九州市交通局,,産業医科大学病院入口
2329,114B,北九州市交通局,,産業医科大学病院
2329,1150,北九州市交通局,,本城西団地
2329,1151,北九州市交通局,,本城西団地
2329,1155,北九州市交通局,,本城中央団地
2329,115A,北九州市交通局,,光貞台
2329,115F,北九州市交通局,,光貞台
2329,1200,北九州市交通局,,千代ヶ崎三丁目
2329,120A,北九州市交通局,,本城西市営住宅前
2329,1214,北九州市交通局,,大浦一丁目
2329,121E,北九州市交通局,,丸尾町
2329,1228,北九州市交通局,,光明二丁目
2329,1232,北九州市交通局,,楠木一丁目
2329,123C,北九州市交通局,,友田二丁目
2329,123E,北九州市交通局,,星和町
2329,1246,北九州市交通局,,折尾東団地
2329,1250,北九州市交通局,,千代ヶ崎
2329,1255,北九州市交通局,,千代ヶ崎三丁目
2329,125A,北九州市交通局,,力丸町
2329,1300,北九州市交通局,,本城中学校前
2329,130A,北九州市交通局,,御開
2329,130F,北九州市交通局,,本城陸上競技場前
2329,1310,北九州市交通局,,本城陸上競技場
2329,1314,北九州市交通局,,相坂
2329,1319,北九州市交通局,,本城三丁目
2329,131E,北九州市交通局,,本城小学校前
2329,1332,北九州市交通局,,折尾東小学校入口
2329,1400,北九州市交通局,,折尾駅前
2329,1405,北九州市交通局,,折尾駅西口
2329,140A,北九州市交通局,,学園大通り
2329,140F,北九州市交通局,,折尾五丁目
2329,1414,北九州市交通局,,九州女子大前
2329,141E,北九州市交通局,,九州共立大前
2329,1428,北九州市交通局,,藤原
2329,1432,北九州市交通局,,縄手
2329,1435,北九州市交通局,,浅川学園台
2329,1436,北九州市交通局,,光貞小学校前
2329,1437,北九州市交通局,,浅川学園台入口
2329,1438,北九州市交通局,,浅川中学校前
2329,1439,北九州市交通局,,小池学園前
2329,143A,北九州市交通局,,浅川二丁目
2329,143B,北九州市交通局,,浅川交差点
2329,143C,北九州市交通局,,浅川本村
2329,1446,北九州市交通局,,浅川小学校前
2329,1450,北九州市交通局,,浅川橋
2329,1455,北九州市交通局,,第二浅川橋
2329,145A,北九州市交通局,,高須小学校前
2329,1500,北九州市交通局,,高須公営住宅前
2329,150A,北九州市交通局,,高須西一丁目
2329,150B,北九州市交通局,,高須西一丁目
2329,1514,北九州市交通局,,高須団地
2329,1516,北九州市交通局,,青葉小学校前
2329,1518,北九州市交通局,,青葉台交差点
2329,151A,北九州市交通局,,青葉台南
2329,151B,北九州市交通局,,青葉台入口
2329,151C,北九州市交通局,,青葉台南一丁目
2329,151E,北九州市交通局,,太閤水
2329,1523,北九州市交通局,,第二太閤水
2329,1528,北九州市交通局,,小敷橋
2329,152D,北九州市交通局,,小敷公民館前
2329,152E,北九州市交通局,,学研都市大通り西口
2329,152F,北九州市交通局,,学研都市ひびきの
2329,1530,北九州市交通局,,ひびきの南
2329,1531,北九州市交通局,,ひびきの西
2329,1532,北九州市交通局,,学研都市北口
2329,1537,北九州市交通局,,ひびきの東
2329,1539,北九州市交通局,,ひびきの南一丁目
2329,153A,北九州市交通局,,塩屋三丁目
2329,153B,北九州市交通局,,本城学研台三丁目
2329,153C,北九州市交通局,,新払川大橋
2329,153D,北九州市交通局,,ひびきの北
2329,1541,北九州市交通局,,高須南一丁目
2329,1546,北九州市交通局,,三ツ頭
2329,1550,北九州市交通局,,江川橋
2329,155A,北九州市交通局,,大君
2329,1600,北九州市交通局,,後水
2329,1605,北九州市交通局,,芦屋総合体育館前
2329,1607,北九州市交通局,,青葉台西二丁目
2329,1608,北九州市交通局,,花野路中央
2329,1609,北九州市交通局,,花野路西
2329,160A,北九州市交通局,,山鹿郵便局前
2329,160B,北九州市交通局,,芦屋花火大会会場
2329,160D,北九州市交通局,,花野路一丁目
2329,160F,北九州市交通局,,花野路三丁目
2329,1610,北九州市交通局,,花美坂
2329,1611,北九州市交通局,,花美坂入口
2329,1614,北九州市交通局,,山鹿
2329,1615,北九州市交通局,,山鹿
2329,1616,北九州市交通局,,花火大会会場
2329,1617,北九州市交通局,,花火大会会場前
2329,161E,北九州市交通局,,芦屋橋
2329,1628,北九州市交通局,,芦屋町役場前
2329,1632,北九州市交通局,,芦屋中学校前
2329,163C,北九州市交通局,,自衛隊前
2329,1646,北九州市交通局,,高浜町
2329,1650,北九州市交通局,,鶴松団地
2329,165A,北九州市交通局,,浜口
2329,1700,北九州市交通局,,飛行場下
2329,170A,北九州市交通局,,芦屋競艇場
2329,1714,北九州市交通局,,大城
2329,171E,北九州市交通局,,粟屋入口
2329,1728,北九州市交通局,,粟屋
2329,1732,北九州市交通局,,山鹿小学校前
2329,173C,北九州市交通局,,国民宿舎前
2329,1746,北九州市交通局,,洞山入口
2329,1750,北九州市交通局,,柏原
2329,175A,北九州市交通局,,田屋
2329,1800,北九州市交通局,,はまゆう団地
2329,180A,北九州市交通局,,高須南二丁目
2329,1814,北九州市交通局,,高須交番前
2329,181E,北九州市交通局,,高須東一丁目
2329,1823,北九州市交通局,,日の峯入口
2329,1828,北九州市交通局,,浅川台
2329,182A,北九州市交通局,,浅川台三丁目
2329,182C,北九州市交通局,,おかの台団地入口
2329,182E,北九州市交通局,,おかの台十八棟前
2329,1830,北九州市交通局,,おかの台八棟前
2329,1831,北九州市交通局,,日の峯一丁目
2329,1832,北九州市交通局,,日の峯公園
2329,183C,北九州市交通局,,おかの台
2329,1900,北九州市交通局,,日吉台二丁目
2329,1902,北九州市交通局,,日吉台一丁目
2329,1904,北九州市交通局,,日吉台郵便局前
2329,1906,北九州市交通局,,日吉台団地
2329,1908,北九州市交通局,,高尾工業団地
2329,1909,北九州市交通局,,高尾
2329,190A,北九州市交通局,,折尾四丁目
2329,190B,北九州市交通局,,水巻中央
2329,190C,北九州市交通局,,緑ヶ丘
2329,190D,北九州市交通局,,県営古賀団地前
2329,190E,北九州市交通局,,古賀公民館前
2329,1914,北九州市交通局,,日吉台下
2329,1919,北九州市交通局,,日吉台三丁目
2329,191E,北九州市交通局,,頃末小学校前
2329,1928,北九州市交通局,,頃末
2329,1932,北九州市交通局,,水巻町役場
2329,193C,北九州市交通局,,水巻駅前
2329,1946,北九州市交通局,,頃末宮の下
2329,1950,北九州市交通局,,水巻総合運動公園前
2329,195A,北九州市交通局,,古賀
2329,1A00,北九州市交通局,,梅ノ木
2329,1A01,北九州市交通局,,第二梅ノ木
2329,1A05,北九州市交通局,,梅ノ木団地前
2329,1A0A,北九州市交通局,,樋口
2329,1A14,北九州市交通局,,五月
2329,1A1E,北九州市交通局,,三松園
2329,1A23,北九州市交通局,,第二三松園
2329,1A28,北九州市交通局,,猪熊
2329,1A2A,北九州市交通局,,鷹見神社入口
2329,1A2C,北九州市交通局,,猪熊小学校前
2329,1A30,北九州市交通局,,水巻町民体育館前
2329,1A32,北九州市交通局,,向田
2329,1A3C,北九州市交通局,,猪熊北
2329,1A46,北九州市交通局,,向田営業所
2329,1B1E,北九州市交通局,,幸町
2329,1B28,北九州市交通局,,浅生通り
2329,1B32,北九州市交通局,,戸畑駅
2329,1C14,北九州市交通局,,紫川橋
2329,1C19,北九州市交通局,,小倉記念病院玄関前
2329,1C1E,北九州市交通局,,小倉駅新幹線口
2329,1C28,北九州市交通局,,浅香通り
2329,1C32,北九州市交通局,,米町
2329,1C3C,北九州市交通局,,堺町公園前
2329,1C46,北九州市交通局,,紺屋町
2329,1C50,北九州市交通局,,旦過橋
2329,1C5A,北九州市交通局,,北九州市役所前
2329,1C5B,北九州市交通局,,北九州市役所前
2329,1C5C,北九州市交通局,,松本清張記念館前
2329,1C5E,北九州市交通局,,八坂神社前
2329,1D00,北九州市交通局,,室町・リバーウォーク前
2329,1D0A,北九州市交通局,,勝山橋
2329,1D14,北九州市交通局,,魚町
2329,1E00,北九州市交通局,,青葉台西
2329,1E0A,北九州市交通局,,青葉台西五丁目
2329,1E14,北九州市交通局,,サイエンスパーク
2329,1E1E,北九州市交通局,,青葉台中央公園前
2329,1E28,北九州市交通局,,青葉台東
2329,1E32,北九州市交通局,,響灘工業団地入口
2329,1E37,北九州市交通局,,エコタウンセンター前
2329,1E38,北九州市交通局,,エコタウンセンター
2329,1E3C,北九州市交通局,,響灘工業団地第一
2329,1E46,北九州市交通局,,響灘工業団地第二
2329,1E50,北九州市交通局,,響灘工業団地第三
2329,1E5A,北九州市交通局,,響灘工業団地第四
2329,1F00,北九州市交通局,,響灘工業団地第五
2329,1F05,北九州市交通局,,響町エコタウン
2329,1F0A,北九州市交通局,,明治町銀天街前
2329,1F14,北九州市交通局,,赤坂小学校前
2329,1F1E,北九州市交通局,,第二粟屋
2329,3C0A,北九州市交通局,,水巻駅南口
2329,3C14,北九州市交通局,,いきいきほーる
2329,3C1E,北九州市交通局,,吉田東二丁目
2329,3C28,北九州市交通局,,吉田グラウンド
2329,3C32,北九州市交通局,,吉田東四丁目
2329,3C3C,北九州市交通局,,東水巻駅
2329,3C46,北九州市交通局,,大膳橋
2329,3C4B,北九州市交通局,,中鶴四丁目
2329,3D00,北九州市交通局,,伊左座小学校入口
2329,3D0A,北九州市交通局,,二町住入口
2329,3D14,北九州市交通局,,八所神社
2329,3D19,北九州市交通局,,八所神社(仮)
2329,3D1E,北九州市交通局,,のぞみ野
2329,3D28,北九州市交通局,,下二
2329,3D32,北九州市交通局,,福岡新水巻病院
2329,3D3C,北九州市交通局,,夢工房
2329,3D46,北九州市交通局,,頃末北三丁目
2329,3D50,北九州市交通局,,水巻町図書館
232A,A121,長崎バス,,中央橋
232A,A122,長崎バス,,浜の町
232A,A125,長崎バス,,親和銀行前
232A,A126,長崎バス,,出島
232A,A127,長崎バス,,長崎新地ターミナル
232A,A128,長崎バス,,大波止
232A,A129,長崎バス,,元船町
232A,A12A,長崎バス,,思案橋
232A,A12B,長崎バス,,興善町
232A,A12C,長崎バス,,江戸町
232A,A12D,長崎バス,,市民病院前
232A,A12E,長崎バス,,崇福寺入口
232A,A131,長崎バス,,五島町
232A,A133,長崎バス,,市役所前
232A,A134,長崎バス,,桜町公園前
232A,A135,長崎バス,,桜町
232A,A136,長崎バス,,グラバー園入口
232A,A138,長崎バス,,大浦天主堂下
232A,A139,長崎バス,,東小島
232A,A13A,長崎バス,,長崎駅前
232A,A13B,長崎バス,,長崎駅前南口
232A,A13C,長崎バス,,公会堂前
232A,A13D,長崎バス,,長崎駅前東口
232A,A13E,長崎バス,,石橋
232A,A13F,長崎バス,,小島
232A,A140,長崎バス,,小曽根
232A,A141,長崎バス,,上田町
232A,A142,長崎バス,,諏訪神社前
232A,A143,長崎バス,,八千代町
232A,A144,長崎バス,,上小島
232A,A145,長崎バス,,川上町
232A,A146,長崎バス,,浪の平
232A,A147,長崎バス,,白糸
232A,A148,長崎バス,,宝町
232A,A149,長崎バス,,松ヶ枝営業所前
232A,A14A,長崎バス,,日の出町
232A,A14B,長崎バス,,古河町
232A,A14C,長崎バス,,椎の木川
232A,A14D,長崎バス,,愛宕町
232A,A14E,長崎バス,,銭座市場入口
232A,A14F,長崎バス,,緑町
232A,A150,長崎バス,,銭座町
232A,A151,長崎バス,,稲佐橋
232A,A152,長崎バス,,大平橋
232A,A154,長崎バス,,稲佐公園前
232A,A155,長崎バス,,ココウォーク茂里町
232A,A156,長崎バス,,小菅町
232A,A157,長崎バス,,上愛宕
232A,A158,長崎バス,,稗田橋
232A,A159,長崎バス,,曙町
232A,A15A,長崎バス,,ロープウェイ前
232A,A15B,長崎バス,,浦上駅前
232A,A15C,長崎バス,,愛宕3丁目
232A,A15D,長崎バス,,白木
232A,A15E,長崎バス,,桜の里ターミナル
232A,A15F,長崎バス,,悟真寺前
232A,A160,長崎バス,,あじさい荘
232A,A161,長崎バス,,緑町中部
232A,A162,長崎バス,,旭町
232A,A163,長崎バス,,銭座町高部
232A,A164,長崎バス,,浜平北
232A,A165,長崎バス,,淵町
232A,A166,長崎バス,,目覚町
232A,A167,長崎バス,,弥生ヶ丘
232A,A168,長崎バス,,浜平
232A,A169,長崎バス,,岩川町
232A,A16A,長崎バス,,二本松口
232A,A16B,長崎バス,,浜平南
232A,A16C,長崎バス,,戸町
232A,A16D,長崎バス,,新大工町
232A,A16E,長崎バス,,五社神社下
232A,A16F,長崎バス,,中川町
232A,A171,長崎バス,,立山
232A,A172,長崎バス,,旭町桟橋前
232A,A173,長崎バス,,浜口町
232A,A174,長崎バス,,合同庁舎前
232A,A175,長崎バス,,蛍茶屋
232A,A176,長崎バス,,西崎団地中央
232A,A177,長崎バス,,八景町
232A,A178,長崎バス,,電機前
232A,A179,長崎バス,,梁川公園前
232A,A17A,長崎バス,,西高前
232A,A17B,長崎バス,,坂本町
232A,A17C,長崎バス,,松山町
232A,A17E,長崎バス,,西崎団地
232A,A17F,長崎バス,,三菱研究所前
232A,A180,長崎バス,,竹岩橋
232A,A181,長崎バス,,大学病院前
232A,A182,長崎バス,,水の浦
232A,A183,長崎バス,,活水下
232A,A184,長崎バス,,医学部前
232A,A185,長崎バス,,飽の浦神社前
232A,A186,長崎バス,,淵中学校前
232A,A187,長崎バス,,浦上天主堂前
232A,A188,長崎バス,,平和通り
232A,A189,長崎バス,,市民プール前
232A,A18A,長崎バス,,西高裏
232A,A18B,長崎バス,,本尾町
232A,A18C,長崎バス,,飽の浦
232A,A18D,長崎バス,,城栄町
232A,A18E,長崎バス,,岩見町
232A,A18F,長崎バス,,江平町
232A,A190,長崎バス,,さくらの里団地口
232A,A191,長崎バス,,富士見町
232A,A192,長崎バス,,さくらの里運動公園口
232A,A193,長崎バス,,立岩通り
232A,A194,長崎バス,,江平中学校前
232A,A198,長崎バス,,立岩神社前
232A,A199,長崎バス,,花園町
232A,A19A,長崎バス,,西城山小学校前
232A,A19B,長崎バス,,若草町
232A,A19C,長崎バス,,八幡神社前
232A,A19D,長崎バス,,城山住宅前
232A,A19E,長崎バス,,神学校前
232A,A19F,長崎バス,,如己堂下
232A,A1A0,長崎バス,,山里小学校前
232A,A1A1,長崎バス,,マリア学院前
232A,A1A2,長崎バス,,護国神社裏
232A,A1A3,長崎バス,,油木町
232A,A1A4,長崎バス,,交通公園前
232A,A1A5,長崎バス,,下大橋
232A,A1A6,長崎バス,,大橋
232A,A1A7,長崎バス,,飽の浦公園前
232A,A1A8,長崎バス,,稲佐山
232A,A1A9,長崎バス,,上大橋
232A,A1AA,長崎バス,,青山町
232A,A1AB,長崎バス,,岩屋橋
232A,A1AC,長崎バス,,油木西
232A,A1AD,長崎バス,,三芳町
232A,A1AF,長崎バス,,長大東門前
232A,A1B0,長崎バス,,白木団地前
232A,A1B1,長崎バス,,上曙
232A,A1B2,長崎バス,,大波止ターミナル
232A,A1B3,長崎バス,,愛宕団地前
232A,A1B4,長崎バス,,戸町二丁目
232A,A1B5,長崎バス,,上弥生町
232A,A1B6,長崎バス,,弁慶岩
232A,A1B7,長崎バス,,白木車庫前
232A,A1B8,長崎バス,,金鍔
232A,A1B9,長崎バス,,戸町切通
232A,A1BA,長崎バス,,丸尾神社下
232A,A1BB,長崎バス,,油木ヶ丘
232A,A1BC,長崎バス,,朝日小学校入口
232A,A1BD,長崎バス,,鏡ヶ丘
232A,A1BE,長崎バス,,戸町三丁目
232A,A1C0,長崎バス,,大浦中学校前
232A,A1C2,長崎バス,,観光ホテル前
232A,A1C3,長崎バス,,女神
232A,A1C4,長崎バス,,新戸町
232A,A1C5,長崎バス,,稲佐山中腹
232A,A1C6,長崎バス,,荒毛公園前
232A,A1C7,長崎バス,,向ヶ丘
232A,A1C8,長崎バス,,花丘町
232A,A1C9,長崎バス,,上戸町住宅前
232A,A1CA,長崎バス,,南町
232A,A1CB,長崎バス,,長崎振興局前
232A,A1CC,長崎バス,,魚見山
232A,A1CD,長崎バス,,上戸町
232A,A1CE,長崎バス,,水源地下
232A,A1CF,長崎バス,,南高裏門前
232A,A1D0,長崎バス,,泉町公園前
232A,A1D1,長崎バス,,長崎大学前
232A,A1D2,長崎バス,,白崎
232A,A1D3,長崎バス,,戸町中学校裏
232A,A1D4,長崎バス,,泉町西
232A,A1D5,長崎バス,,若葉町
232A,A1D6,長崎バス,,泉町
232A,A1D7,長崎バス,,塩浜町
232A,A1D8,長崎バス,,大曲
232A,A1D9,長崎バス,,純心校前
232A,A1DA,長崎バス,,上小島5丁目
232A,A1DB,長崎バス,,蓬来
232A,A1DC,長崎バス,,秋月町入口
232A,A1DD,長崎バス,,文教町
232A,A1DF,長崎バス,,西町市場前
232A,A1E0,長崎バス,,上揚
232A,A1E1,長崎バス,,住吉
232A,A1E2,長崎バス,,国立長崎病院
232A,A1E3,長崎バス,,田上
232A,A1E4,長崎バス,,田上病院前
232A,A1E5,長崎バス,,元宮公園
232A,A1E6,長崎バス,,六本松
232A,A1E7,長崎バス,,風頭山
232A,A1E8,長崎バス,,転石
232A,A1EA,長崎バス,,三景台入口
232A,A1EB,長崎バス,,三景台公園
232A,A1EC,長崎バス,,三景台団地
232A,A1ED,長崎バス,,白木団地裏
232A,A1EE,長崎バス,,三景台中央
232A,A1EF,長崎バス,,滑川
232A,A1F0,長崎バス,,南高前
232A,A1F1,長崎バス,,早坂
232A,A1F2,長崎バス,,開
232A,A1F3,長崎バス,,準堤観音下
232A,A1F4,長崎バス,,出雲3丁目
232A,A1F5,長崎バス,,田手原
232A,A1F6,長崎バス,,唐八景
232A,A1F7,長崎バス,,星取
232A,A1F8,長崎バス,,福田車庫前
232A,A1F9,長崎バス,,河平
232A,A1FA,長崎バス,,無線中継所前
232A,A1FB,長崎バス,,彦山の森
232A,A1FC,長崎バス,,重篭
232A,A1FD,長崎バス,,岩瀬道町
232A,A1FE,長崎バス,,上の坂
232A,A1FF,長崎バス,,西町
232A,A200,長崎バス,,大山入口
232A,A201,長崎バス,,琴海タウン口
232A,A202,長崎バス,,八軒家
232A,A203,長崎バス,,新戸町団地
232A,A204,長崎バス,,新開北
232A,A205,長崎バス,,切通し
232A,A206,長崎バス,,ダイヤランド入口
232A,A207,長崎バス,,ダイヤランドセンター
232A,A208,長崎バス,,ドック上
232A,A209,長崎バス,,小ヶ倉
232A,A20A,長崎バス,,黒橋
232A,A20B,長崎バス,,南柳谷
232A,A20C,長崎バス,,柳
232A,A20D,長崎バス,,くすの木通り
232A,A20E,長崎バス,,ダイヤランド
232A,A20F,長崎バス,,立神
232A,A210,長崎バス,,ダイヤランド西口
232A,A211,長崎バス,,木鉢入口
232A,A212,長崎バス,,小ヶ倉団地前
232A,A214,長崎バス,,柳谷
232A,A215,長崎バス,,住吉アパート前
232A,A216,長崎バス,,西浦上中学校前
232A,A217,長崎バス,,附属小学校前
232A,A218,長崎バス,,昭和町
232A,A219,長崎バス,,赤迫
232A,A21A,長崎バス,,畝刈県住
232A,A21B,長崎バス,,大井手
232A,A21C,長崎バス,,京泊市住
232A,A21D,長崎バス,,六地蔵前
232A,A21E,長崎バス,,あじろ橋
232A,A21F,長崎バス,,こしき岩
232A,A220,長崎バス,,磯道町
232A,A221,長崎バス,,浦上水源池
232A,A222,長崎バス,,川平入口
232A,A223,長崎バス,,若竹橋
232A,A224,長崎バス,,茂木小学校前
232A,A225,長崎バス,,下川平
232A,A226,長崎バス,,西北小学校前
232A,A227,長崎バス,,西泊
232A,A228,長崎バス,,長崎魚市場
232A,A229,長崎バス,,市場東
232A,A22A,長崎バス,,市場西
232A,A22B,長崎バス,,鹿尾橋
232A,A22C,長崎バス,,加工団地
232A,A22D,長崎バス,,長崎漁港
232A,A22E,長崎バス,,園折
232A,A22F,長崎バス,,ダイヤランド車庫
232A,A230,長崎バス,,下新成橋
232A,A231,長崎バス,,大浜団地前
232A,A232,長崎バス,,二本松団地
232A,A233,長崎バス,,みなと坂北口
232A,A234,長崎バス,,三川橋
232A,A235,長崎バス,,まなび野団地
232A,A236,長崎バス,,茂木
232A,A238,長崎バス,,日吉自然の家入口
232A,A239,長崎バス,,大迫
232A,A23A,長崎バス,,商業入口
232A,A23B,長崎バス,,岩屋口
232A,A23C,長崎バス,,土井の首
232A,A23D,長崎バス,,川平住宅前
232A,A23E,長崎バス,,岩屋通り
232A,A23F,長崎バス,,片町
232A,A240,長崎バス,,第二団地入口
232A,A241,長崎バス,,女の都入口
232A,A242,長崎バス,,大浜町
232A,A243,長崎バス,,観音下
232A,A244,長崎バス,,太田尾(立神)
232A,A245,長崎バス,,神崎鼻口
232A,A246,長崎バス,,城山台中央
232A,A247,長崎バス,,城山台北口
232A,A248,長崎バス,,第二団地東口
232A,A249,長崎バス,,葉山
232A,A24A,長崎バス,,工業高校前
232A,A24B,長崎バス,,道の尾
232A,A24C,長崎バス,,虹が丘中央
232A,A24D,長崎バス,,虹が丘
232A,A24E,長崎バス,,高田越
232A,A24F,長崎バス,,自由ヶ丘
232A,A250,長崎バス,,道の尾温泉
232A,A251,長崎バス,,四斗切
232A,A252,長崎バス,,長崎商業
232A,A253,長崎バス,,百合野
232A,A254,長崎バス,,横道
232A,A255,長崎バス,,マリナシティ長崎前
232A,A256,長崎バス,,筒水平
232A,A257,長崎バス,,滑石口
232A,A258,長崎バス,,茂木港
232A,A25A,長崎バス,,打越
232A,A25B,長崎バス,,打坂
232A,A25C,長崎バス,,福田サンセットマリーナ
232A,A25D,長崎バス,,毛井首工業団地
232A,A25E,長崎バス,,草住町
232A,A25F,長崎バス,,二見茶屋
232A,A260,長崎バス,,小江原アパート
232A,A261,長崎バス,,松崎
232A,A262,長崎バス,,朝日橋
232A,A264,長崎バス,,本木
232A,A265,長崎バス,,崎尾入口
232A,A266,長崎バス,,山川河内
232A,A267,長崎バス,,中浦
232A,A268,長崎バス,,日当野尾
232A,A269,長崎バス,,鳴見ヶ丘
232A,A26A,長崎バス,,餅田
232A,A26B,長崎バス,,大宮町
232A,A26C,長崎バス,,西泊中学校前
232A,A26D,長崎バス,,力馬坂
232A,A26E,長崎バス,,立石
232A,A26F,長崎バス,,北浦
232A,A270,長崎バス,,成和田
232A,A271,長崎バス,,木鉢二丁目
232A,A272,長崎バス,,第二団地西口
232A,A273,長崎バス,,女の都小学校下
232A,A274,長崎バス,,白岩
232A,A275,長崎バス,,東高田
232A,A276,長崎バス,,南陽台北口
232A,A277,長崎バス,,島の本
232A,A278,長崎バス,,長与南小前
232A,A279,長崎バス,,団地東
232A,A27A,長崎バス,,団地公園前
232A,A27B,長崎バス,,大神宮前
232A,A27C,長崎バス,,南陽台中央
232A,A27D,長崎バス,,南陽台南口
232A,A27E,長崎バス,,小江原車庫前
232A,A27F,長崎バス,,南柳田
232A,A280,長崎バス,,春木町
232A,A281,長崎バス,,小浦
232A,A282,長崎バス,,元村
232A,A283,長崎バス,,岩見橋
232A,A284,長崎バス,,皿焼
232A,A285,長崎バス,,目永
232A,A286,長崎バス,,城山台西口
232A,A287,長崎バス,,赤水平
232A,A288,長崎バス,,青葉台団地
232A,A289,長崎バス,,女の都三丁目
232A,A28A,長崎バス,,座頭浜
232A,A28B,長崎バス,,下の角
232A,A28C,長崎バス,,江川
232A,A28E,長崎バス,,ニュータウン中央
232A,A28F,長崎バス,,小江原ニュータウン
232A,A290,長崎バス,,小江原橋
232A,A291,長崎バス,,小江原
232A,A292,長崎バス,,さくら通り
232A,A293,長崎バス,,上小江原
232A,A295,長崎バス,,大平
232A,A296,長崎バス,,女の都幼稚園前
232A,A297,長崎バス,,吉原
232A,A298,長崎バス,,日向平
232A,A299,長崎バス,,木鉢公民館前
232A,A29B,長崎バス,,福田本町
232A,A29C,長崎バス,,天満宮下
232A,A29D,長崎バス,,沖平東
232A,A29E,長崎バス,,土井首中学校前
232A,A29F,長崎バス,,沖平南
232A,A2A0,長崎バス,,江川橋
232A,A2A1,長崎バス,,福田
232A,A2A3,長崎バス,,開田
232A,A2A4,長崎バス,,上の角
232A,A2A5,長崎バス,,大園小学校前
232A,A2A6,長崎バス,,鶴見台団地
232A,A2A7,長崎バス,,井手園
232A,A2A8,長崎バス,,三宝橋
232A,A2A9,長崎バス,,鶴洋高校前
232A,A2AA,長崎バス,,末石町
232A,A2AB,長崎バス,,三川公園
232A,A2AC,長崎バス,,おたけ公園前
232A,A2AD,長崎バス,,後川内入口
232A,A2AE,長崎バス,,継石
232A,A2AF,長崎バス,,三川町
232A,A2B0,長崎バス,,峠の坂
232A,A2B1,長崎バス,,西山台二丁目
232A,A2B2,長崎バス,,西山台団地
232A,A2B3,長崎バス,,長与役場
232A,A2B4,長崎バス,,秋寄
232A,A2B5,長崎バス,,崎尾団地前
232A,A2B6,長崎バス,,平瀬町
232A,A2B7,長崎バス,,女の都団地
232A,A2B8,長崎バス,,横尾小学校前
232A,A2B9,長崎バス,,横尾中学校口
232A,A2BA,長崎バス,,井の下
232A,A2BB,長崎バス,,横尾口
232A,A2BC,長崎バス,,木鉢浦
232A,A2BD,長崎バス,,赤崎鼻
232A,A2BE,長崎バス,,角の尾
232A,A2BF,長崎バス,,深堀一丁目
232A,A2C0,長崎バス,,上戸泊
232A,A2C1,長崎バス,,南風泊
232A,A2C2,長崎バス,,日吉
232A,A2C3,長崎バス,,竿の浦
232A,A2C4,長崎バス,,横尾中央
232A,A2C5,長崎バス,,毛井首
232A,A2C6,長崎バス,,小瀬戸町
232A,A2C7,長崎バス,,北陽台高下
232A,A2C8,長崎バス,,北陽台高校前
232A,A2C9,長崎バス,,城の平
232A,A2CA,長崎バス,,野田
232A,A2CB,長崎バス,,御船手
232A,A2CC,長崎バス,,榎の鼻
232A,A2CD,長崎バス,,上横尾
232A,A2CE,長崎バス,,北栄町
232A,A2CF,長崎バス,,ゴルフ場入口
232A,A2D0,長崎バス,,小瀬戸西海岸通り
232A,A2D1,長崎バス,,長与駅西口
232A,A2D2,長崎バス,,毛井首公園前
232A,A2D3,長崎バス,,池原
232A,A2D4,長崎バス,,時津
232A,A2D5,長崎バス,,毛井首団地
232A,A2D6,長崎バス,,深堀二丁目
232A,A2D7,長崎バス,,上方
232A,A2D8,長崎バス,,宮の下
232A,A2D9,長崎バス,,宮摺
232A,A2DA,長崎バス,,江の下
232A,A2DB,長崎バス,,太田尾公民館前
232A,A2DC,長崎バス,,皆前橋
232A,A2DD,長崎バス,,入船が丘
232A,A2DE,長崎バス,,時津港
232A,A2DF,長崎バス,,丸田
232A,A2E0,長崎バス,,北陽小学校前
232A,A2E1,長崎バス,,神の島
232A,A2E2,長崎バス,,岩詰
232A,A2E3,長崎バス,,長崎市運動公園前
232A,A2E4,長崎バス,,川平六枚板入口
232A,A2E5,長崎バス,,下木場
232A,A2E6,長崎バス,,平山
232A,A2E7,長崎バス,,深堀団地入口
232A,A2E8,長崎バス,,集会所前
232A,A2E9,長崎バス,,飯香の浦
232A,A2EA,長崎バス,,太田尾(茂木)
232A,A2EB,長崎バス,,寺川内
232A,A2EC,長崎バス,,平山台入口
232A,A2ED,長崎バス,,神の島一丁目
232A,A2EF,長崎バス,,鍛冶町
232A,A2F0,長崎バス,,左底
232A,A2F1,長崎バス,,深堀
232A,A2F2,長崎バス,,団地中央公園前
232A,A2F3,長崎バス,,上左底
232A,A2F4,長崎バス,,大曽野
232A,A2F5,長崎バス,,青雲学園前
232A,A2F6,長崎バス,,珍川
232A,A2F7,長崎バス,,毛井首工業団地入口
232A,A2F8,長崎バス,,長与ニュータウン
232A,A2F9,長崎バス,,三根
232A,A2FA,長崎バス,,上横尾車庫
232A,A2FB,長崎バス,,小原
232A,A2FC,長崎バス,,晴海台高部
232A,A2FD,長崎バス,,深堀団地
232A,A2FE,長崎バス,,宇都口
232A,A2FF,長崎バス,,上長与公民館前
232A,A300,長崎バス,,定林橋
232A,A301,長崎バス,,平山台1丁目
232A,A302,長崎バス,,香焼口
232A,A303,長崎バス,,犬継
232A,A304,長崎バス,,丸田温泉前
232A,A305,長崎バス,,寺の下
232A,A306,長崎バス,,深堀中学校下
232A,A307,長崎バス,,平山台2丁目
232A,A308,長崎バス,,久留里
232A,A309,長崎バス,,布巻
232A,A30A,長崎バス,,洗切
232A,A30B,長崎バス,,広刈
232A,A30C,長崎バス,,時津中学校前
232A,A30D,長崎バス,,まなび野北
232A,A30E,長崎バス,,浜田
232A,A30F,長崎バス,,平山台団地
232A,A310,長崎バス,,先久留里
232A,A311,長崎バス,,深浦
232A,A312,長崎バス,,時津新開
232A,A313,長崎バス,,深堀センター
232A,A314,長崎バス,,斉藤
232A,A315,長崎バス,,上床
232A,A316,長崎バス,,神の島工業団地
232A,A317,長崎バス,,小江
232A,A318,長崎バス,,神の島教会下
232A,A319,長崎バス,,流合橋
232A,A31B,長崎バス,,一平
232A,A31C,長崎バス,,飛田
232A,A31D,長崎バス,,舟津橋
232A,A31E,長崎バス,,南竿の浦
232A,A31F,長崎バス,,原爆ホーム入口
232A,A320,長崎バス,,長浜
232A,A321,長崎バス,,恵の丘
232A,A322,長崎バス,,片峰
232A,A323,長崎バス,,本川内
232A,A324,長崎バス,,栄上
232A,A325,長崎バス,,松尾
232A,A326,長崎バス,,上浦
232A,A327,長崎バス,,浜崎
232A,A328,長崎バス,,小江小浦
232A,A329,長崎バス,,晴海台口
232A,A32A,長崎バス,,田の浦
232A,A32B,長崎バス,,香焼地域センター前
232A,A32C,長崎バス,,白髪
232A,A32D,長崎バス,,晴海台中央
232A,A32E,長崎バス,,手熊小前
232A,A32F,長崎バス,,晴海台団地
232A,A330,長崎バス,,日並
232A,A331,長崎バス,,香焼内業
232A,A332,長崎バス,,平木場
232A,A333,長崎バス,,前田河内
232A,A334,長崎バス,,香焼本村
232A,A335,長崎バス,,田下
232A,A336,長崎バス,,小島田
232A,A337,長崎バス,,山田橋
232A,A338,長崎バス,,火篭
232A,A339,長崎バス,,尾崎
232A,A33A,長崎バス,,木場の上
232A,A33B,長崎バス,,弁天白浜
232A,A33C,長崎バス,,柿泊
232A,A33D,長崎バス,,手熊
232A,A33E,長崎バス,,大崎
232A,A33F,長崎バス,,岡
232A,A340,長崎バス,,潮井崎
232A,A342,長崎バス,,香焼外業
232A,A343,長崎バス,,椿が丘
232A,A344,長崎バス,,金堀団地
232A,A345,長崎バス,,蚊焼入口
232A,A346,長崎バス,,蚊焼
232A,A347,長崎バス,,七工区
232A,A348,長崎バス,,溝川
232A,A349,長崎バス,,三和中学校前
232A,A34A,長崎バス,,為石
232A,A34B,長崎バス,,里
232A,A34C,長崎バス,,隠川内
232A,A34D,長崎バス,,木場崎
232A,A34E,長崎バス,,香焼修繕部
232A,A34F,長崎バス,,遠の木場
232A,A350,長崎バス,,鳴見台小学校前
232A,A351,長崎バス,,蚊焼小学校前
232A,A352,長崎バス,,二股橋
232A,A353,長崎バス,,七工区中央
232A,A354,長崎バス,,江向
232A,A355,長崎バス,,馬込
232A,A357,長崎バス,,トンネル口
232A,A358,長崎バス,,鳴見公民館前
232A,A359,長崎バス,,川原本村
232A,A35A,長崎バス,,南中学校下
232A,A35B,長崎バス,,多以良
232A,A35C,長崎バス,,鳴見台口
232A,A35D,長崎バス,,彼浜
232A,A35E,長崎バス,,ことのうみ
232A,A35F,長崎バス,,一本松
232A,A360,長崎バス,,岳路海水浴場入口
232A,A361,長崎バス,,畝刈
232A,A362,長崎バス,,光風台
232A,A363,長崎バス,,光風台車庫
232A,A364,長崎バス,,式見
232A,A365,長崎バス,,子々川
232A,A366,長崎バス,,宮崎
232A,A367,長崎バス,,川原公園前
232A,A369,長崎バス,,大堂平
232A,A36A,長崎バス,,道開
232A,A36B,長崎バス,,弁天
232A,A36C,長崎バス,,池田
232A,A36D,長崎バス,,式見地域センター前
232A,A36E,長崎バス,,岳路
232A,A36F,長崎バス,,塩床
232A,A370,長崎バス,,中尾(式見)
232A,A371,長崎バス,,登呂福
232A,A372,長崎バス,,神の島二丁目
232A,A373,長崎バス,,千々
232A,A374,長崎バス,,中尾先
232A,A375,長崎バス,,黒浜
232A,A376,長崎バス,,川原木場
232A,A377,長崎バス,,木場公民館
232A,A378,長崎バス,,中和田
232A,A379,長崎バス,,以下宿
232A,A37A,長崎バス,,相川
232A,A37B,長崎バス,,京泊
232A,A37C,長崎バス,,長崎明誠高校
232A,A37D,長崎バス,,堂崎
232A,A37E,長崎バス,,西海
232A,A37F,長崎バス,,多良見大浦
232A,A381,長崎バス,,舞の浜
232A,A383,長崎バス,,谷門
232A,A384,長崎バス,,村松
232A,A385,長崎バス,,松の迫
232A,A386,長崎バス,,下平床
232A,A387,長崎バス,,江崎
232A,A388,長崎バス,,小城寺
232A,A389,長崎バス,,琴海ニュータウン
232A,A38A,長崎バス,,三重中学校前
232A,A38B,長崎バス,,舞の浜荘前
232A,A38C,長崎バス,,吉の浦
232A,A38D,長崎バス,,田熊の浦
232A,A38E,長崎バス,,大見崎
232A,A38F,長崎バス,,総合公園
232A,A390,長崎バス,,満永
232A,A391,長崎バス,,後馬
232A,A392,長崎バス,,平床橋
232A,A393,長崎バス,,平尾橋
232A,A394,長崎バス,,樫の久保
232A,A395,長崎バス,,大越
232A,A396,長崎バス,,大石病院前
232A,A397,長崎バス,,野々串
232A,A398,長崎バス,,藤の尾
232A,A399,長崎バス,,下屋敷
232A,A39A,長崎バス,,尾似田
232A,A39B,長崎バス,,長与ダム
232A,A39C,長崎バス,,東上
232A,A39D,長崎バス,,三重
232A,A39E,長崎バス,,石原
232A,A3A0,長崎バス,,高浜
232A,A3A1,長崎バス,,戸根
232A,A3A2,長崎バス,,高浜海水浴場前
232A,A3A3,長崎バス,,戸根橋
232A,A3A4,長崎バス,,仏松
232A,A3A5,長崎バス,,古里
232A,A3A6,長崎バス,,樫山
232A,A3A7,長崎バス,,自証寺前
232A,A3A8,長崎バス,,琴の尾登口
232A,A3A9,長崎バス,,南越
232A,A3AA,長崎バス,,長浦
232A,A3AB,長崎バス,,運動公園前
232A,A3AC,長崎バス,,出口
232A,A3AD,長崎バス,,深浦口
232A,A3AE,長崎バス,,手崎
232A,A3AF,長崎バス,,藤の浦
232A,A3B0,長崎バス,,野母崎地域センター前
232A,A3B1,長崎バス,,野母
232A,A3B2,長崎バス,,小島の浦
232A,A3B3,長崎バス,,三重田
232A,A3B4,長崎バス,,大子
232A,A3B5,長崎バス,,観音寺前
232A,A3B6,長崎バス,,諸町
232A,A3B7,長崎バス,,脇岬
232A,A3B8,長崎バス,,上平
232A,A3B9,長崎バス,,大子小浦
232A,A3BA,長崎バス,,松原
232A,A3BB,長崎バス,,形上
232A,A3BD,長崎バス,,大江橋
232A,A3BE,長崎バス,,水崎
232A,A3BF,長崎バス,,大江
232A,A3C0,長崎バス,,浦目
232A,A3C2,長崎バス,,製氷工場前
232A,A3C3,長崎バス,,郷の原
232A,A3C4,長崎バス,,火引の浦
232A,A3C5,長崎バス,,小泊
232A,A3C8,長崎バス,,白似田
232A,A3C9,長崎バス,,猪の越
232A,A3CB,長崎バス,,峰口
232A,A3CC,長崎バス,,よきのひつ
232A,A3CD,長崎バス,,井上
232A,A3CF,長崎バス,,山中
232A,A3D0,長崎バス,,元越
232A,A3D2,長崎バス,,清水
232A,A3D3,長崎バス,,黒瀬
232A,A3D5,長崎バス,,二股
232A,A3D6,長崎バス,,亀岳
232A,A3D7,長崎バス,,生長の家前
232A,A3D8,長崎バス,,綿打
232A,A3DA,長崎バス,,根井路
232A,A3DD,長崎バス,,樺島
232A,A3DE,長崎バス,,切崎
232A,A3DF,長崎バス,,中の島
232A,A3E0,長崎バス,,長迫
232A,A3E1,長崎バス,,長崎オランダ村
232A,A3E2,長崎バス,,岬木場
232A,A3E3,長崎バス,,脇岬海水浴場前
232A,A3E5,長崎バス,,西彼中学校前
232A,A3E7,長崎バス,,平島
232A,A3E8,長崎バス,,南古里
232A,A3E9,長崎バス,,明喜田
232A,A3EB,長崎バス,,風早
232A,A3EC,長崎バス,,迎後
232A,A3ED,長崎バス,,俵頭
232A,A3EE,長崎バス,,中山
232A,A3F0,長崎バス,,鳥加
232A,A3F1,長崎バス,,新石
232A,A3F4,長崎バス,,下岡
232A,A3F5,長崎バス,,漁港入口
232A,A3F8,長崎バス,,折山
232A,A3F9,長崎バス,,塩屋越
232A,A3FA,長崎バス,,油の浦
232A,A3FC,長崎バス,,柚子の川
232A,A3FD,長崎バス,,宮浦
232A,A3FE,長崎バス,,バイオパーク
232A,A400,長崎バス,,大串小学校下
232A,A401,長崎バス,,大串
232A,A402,長崎バス,,琴の海園
232A,A408,長崎バス,,丘の上公園前
232A,A40C,長崎バス,,鶴舞苑
232A,A40E,長崎バス,,鰐淵
232A,A40F,長崎バス,,大石
232A,A410,長崎バス,,亀浦
232A,A411,長崎バス,,大潟
232A,A412,長崎バス,,田の頭
232A,A413,長崎バス,,浜河内
232A,A415,長崎バス,,下岳
232A,A42A,長崎バス,,時津港入口
232A,A437,長崎バス,,公園通り
232A,A43B,長崎バス,,ほしぞら公園下
232A,A43E,長崎バス,,サニータウン
232A,A443,長崎バス,,長崎霊園下
232A,A45D,長崎バス,,白鳥町
232A,A45E,長崎バス,,白鳥公園前
232A,A466,長崎バス,,西町集会所前
232A,A467,長崎バス,,錦2丁目
232A,A469,長崎バス,,中河内団地
232A,A46F,長崎バス,,WACセンター
232A,A48A,長崎バス,,錦3丁目
232A,A48E,長崎バス,,琴海ふれあいセンター前
232A,A4AE,長崎バス,,小口港
232A,A4AF,長崎バス,,又兵衛
232A,A4B0,長崎バス,,梅倉
232A,A4B1,長崎バス,,名串
232A,A4B2,長崎バス,,浦底
232A,A4B3,長崎バス,,張岳
232A,A4B4,長崎バス,,古泊
232A,A4B6,長崎バス,,サニータウン北口
232A,A4B8,長崎バス,,池山
232A,A4B9,長崎バス,,帯田平
232A,A4BA,長崎バス,,長与駅東口
232A,A4BB,長崎バス,,八反田公園前
232A,A4BD,長崎バス,,尾ノ上
232A,A4BE,長崎バス,,竹崎
232A,A4BF,長崎バス,,安保
232A,A4C0,長崎バス,,恵里
232A,A4C2,長崎バス,,あぐりの丘
232A,A4C3,長崎バス,,鳴鼓トンネル口
232A,A4C4,長崎バス,,野母新港
232A,A4C5,長崎バス,,長崎外国語大学
232A,A4C6,長崎バス,高速バス,諫早インター
232A,A4C7,長崎バス,,さくらの里1丁目
232A,A4C8,長崎バス,,外語大入口
232A,A4C9,長崎バス,,マリンヒル三京
232A,A4CA,長崎バス,,長与第二中学校前
232A,A4CB,長崎バス,,センター公園前
232A,A4CC,長崎バス,,西海中学校前
232A,A4CD,長崎バス,,丸尾中学校入口
232A,A4CE,長崎バス,,水の浦高部
232A,A4CF,長崎バス,,大谷町高部
232A,A4D1,長崎バス,,シンフォニー稲佐の森
232A,A4D2,長崎バス,,城山台一丁目
232A,A4D4,長崎バス,,さくらの里2丁目
232A,A4D9,長崎バス,,戸隠神社
232A,A4DA,長崎バス,,緑ヶ丘団地入口
232A,A4DB,長崎バス,,緑ヶ丘団地西口
232A,A4DD,長崎バス,,緑ヶ丘団地
232A,A4DE,長崎バス,,県立大学シーボルト校
232A,A4DF,長崎バス,,長与駅
232A,A4E1,長崎バス,,滑石4丁目
232A,A4E2,長崎バス,,霊苑前
232A,A4E3,長崎バス,,高原ホテル入口
232A,A4E4,長崎バス,,舟ノ尾
232A,A4E5,長崎バス,,先木場
232A,A4E6,長崎バス,,中木場
232A,A4E7,長崎バス,,黒似田
232A,A4E8,長崎バス,,向町
232A,A4E9,長崎バス,,花咲ヶ丘
232A,A4EA,長崎バス,,高原ホテル
232A,A4F3,長崎バス,,変電所前
232A,A50A,長崎バス,,住吉台口
232A,A50B,長崎バス,,下住吉台
232A,A50C,長崎バス,,住吉台中央
232A,A50D,長崎バス,,住吉台
232A,A515,長崎バス,,滑石4丁目下
232A,A516,長崎バス,,滑石ふれあいセンター前
232A,A517,長崎バス,,みなと坂中央
232A,A518,長崎バス,,風の広場前(木鉢・みなと坂)
232A,A51B,長崎バス,,工業団地入口
232A,A51C,長崎バス,,工業団地西
232A,A51D,長崎バス,,神の島公園
232A,A51E,長崎バス,,工業団地東
232A,A51F,長崎バス,,めだか橋
232A,A520,長崎バス,,豊洋台南
232A,A521,長崎バス,,豊洋台中央
232A,A522,長崎バス,,豊洋台車庫
232A,A524,長崎バス,,豊洋台一丁目
232A,A525,長崎バス,,豊洋台西口
232A,A526,長崎バス,,カトリックセンター前
232A,A527,長崎バス,,山里中学校前
232A,A528,長崎バス,,本原1丁目
232A,A529,長崎バス,,扇町
232A,A52A,長崎バス,,石神町
232A,A52B,長崎バス,,百合野入口
232A,A52C,長崎バス,,百合野第一
232A,A52D,長崎バス,,児童公園前
232A,A52E,長崎バス,,百合野中央
232A,A52F,長崎バス,,丸尾公園前
232A,A530,長崎バス,,丸尾第三
232A,A531,長崎バス,,百合野病院
232A,A532,長崎バス,,丸尾第二
232A,A533,長崎バス,,丸尾中央
232A,A534,長崎バス,,百合野ヶ丘
232A,A536,長崎バス,,矢の平3丁目
232A,A537,長崎バス,,矢の平4丁目
232A,A538,長崎バス,,上浦東
232A,A53B,長崎バス,,みなと坂団地口
232A,A53C,長崎バス,,経済学部前
232A,A53D,長崎バス,,上長崎小学校前
232A,A53E,長崎バス,,野々串港口
232A,A57C,長崎バス,,伊王島ターミナル
232A,A580,長崎バス,,沖之島教会下
232A,A581,長崎バス,,馬込浜
232A,A584,長崎バス,,三和地域センター前
232A,A585,長崎バス,,ハピネスさんわ
232A,A586,長崎バス,,老人集会所前
232A,A587,長崎バス,,椿が丘保育所前
232A,A588,長崎バス,,為石小学校前
232A,A589,長崎バス,,為石公民館前
232A,A58A,長崎バス,,藤田尾
232A,A58B,長崎バス,,川原住吉神社前
232A,A58C,長崎バス,,上川コミュニティセンター前
232A,A58D,長崎バス,,西が股
232A,A58E,長崎バス,,小家橋
232A,A58F,長崎バス,,岳路南
232A,A590,長崎バス,,岳路公民館前
232A,A591,長崎バス,,上岳路
232A,A596,長崎バス,,二本松A棟
232A,A597,長崎バス,,二本松B棟
232A,A598,長崎バス,,二本松C棟
232A,A599,長崎バス,,二本松D棟
232A,A59A,長崎バス,,二本松中央
232A,A59B,長崎バス,,小菅公園
232A,A59C,長崎バス,,国分町
232A,A59D,長崎バス,,戸町番所跡
232A,A59E,長崎バス,,大学病院玄関前
232A,A59F,長崎バス,,歯学部玄関前
232A,A5A0,長崎バス,,大篭公民館前
232A,A5A1,長崎バス,,善長谷
232A,A5A2,長崎バス,,大篭
232A,A5A3,長崎バス,,栗辰
232A,A5A4,長崎バス,,香焼総合公園前
232A,A5A5,長崎バス,,海老瀬
232A,A5A6,長崎バス,,上丹馬
232A,A5A7,長崎バス,,円福寺前
232A,A5A8,長崎バス,,香焼浦上
232A,A5A9,長崎バス,,田ノ浦団地入口
232A,A5AA,長崎バス,,香焼教会下
232A,A5AB,長崎バス,,馬手ヶ浦
232A,A5AC,長崎バス,,香焼地域センター
232A,A5AD,長崎バス,,岩崎鼻
232A,A5AE,長崎バス,,田園
232A,A5AF,長崎バス,,毛首
232A,A5B0,長崎バス,,山明
232A,A5B1,長崎バス,,アレガ軍艦島
232A,A5B2,長崎バス,,野母深浦
232A,A5B3,長崎バス,,野母崎郵便局裏
232A,A5B4,長崎バス,,野母公民館前
232A,A5B5,長崎バス,,釜が浦
232A,A5B6,長崎バス,,野母崎診療所
232A,A5B7,長崎バス,,高浜大野
232A,A5CE,長崎バス,,百合野公民館前
232A,A5CF,長崎バス,,観音堂前
232A,A5D0,長崎バス,,菅無田
232A,A5D1,長崎バス,,いこいの園
232A,A5D5,長崎バス,,野添
232A,A5D6,長崎バス,,なづみ団地口
232A,A5D7,長崎バス,,時津町役場
232A,A5D8,長崎バス,,萬行寺前
232A,A5D9,長崎バス,,盲学校入口
232A,A5DA,長崎バス,,西時津
232A,A5DB,長崎バス,,西時津ニュータウン
232A,A5DC,長崎バス,,柳営業所入口
232A,A5DE,長崎バス,,鶴見台西
232A,A5DF,長崎バス,,第3公園前
232A,A5E0,長崎バス,,鶴見台東
232A,A5E2,長崎バス,,入船町
232A,A5E5,長崎バス,,北田
232A,A5E6,長崎バス,,上松尾
232A,A5E7,長崎バス,,江村
232A,A5E8,長崎バス,,郷むかいあげ
232A,A5E9,長崎バス,,藤田尾入口
232A,A5EA,長崎バス,,藤田尾下
232A,A5EB,長崎バス,,千々平
232A,A5EC,長崎バス,,椿が丘公民館上
232A,A5FB,長崎バス,,住吉の杜入口
232A,A5FC,長崎バス,,めばえ公園前
232A,A5FD,長崎バス,,せせらぎ公園前
232A,A5FE,長崎バス,,住吉の杜
232A,A5FF,長崎バス,,ミスターマックス時津店
232A,A600,長崎バス,,愛宕4丁目
232A,A601,長崎バス,,弥生町
232A,A602,長崎バス,,変電所上
232A,A603,長崎バス,,伊王島大橋
232A,A604,長崎バス,,泉2丁目
232A,A605,長崎バス,,泉町中央
232A,A606,長崎バス,,桜木町
232A,A60D,長崎バス,,けやき台
232A,A60E,長崎バス,,上けやき台
232A,A60F,長崎バス,,中けやき台
232A,A610,長崎バス,,下けやき台
232A,A611,長崎バス,,山川河内橋
232A,A612,長崎バス,,潮見町
232A,A613,長崎バス,,樽水
232A,A614,長崎バス,,春日大石
232A,A615,長崎バス,,春日町
232A,A616,長崎バス,,春日車庫前
232A,A617,長崎バス,,春日尾上
232A,A618,長崎バス,,小崎
232A,A619,長崎バス,,天満宮前
232A,A61A,長崎バス,,網場
232A,A61B,長崎バス,,長総大前
232A,A61C,長崎バス,,ペンギン水族館前
232A,A61D,長崎バス,,日見公園前
232A,A61E,長崎バス,,網場道
232A,A61F,長崎バス,,東望切通
232A,A620,長崎バス,,青果市場前
232A,A621,長崎バス,,ジャスコ前
232A,A622,長崎バス,,かき道橋
232A,A623,長崎バス,,東長崎農協前
232A,A624,長崎バス,,矢上
232A,A626,長崎バス,,神の島三丁目
232A,A627,長崎バス,,中山ダム
232A,A628,長崎バス,,中山集会所前
232A,A629,長崎バス,,火ノ首
232A,A62A,長崎バス,,時津北保育園前
232A,A62B,長崎バス,,番所
232A,A62C,長崎バス,,妙相寺道
232A,A62D,長崎バス,,道光
232A,A62E,長崎バス,,御手水
232A,A62F,長崎バス,,西トンネル口
232A,A630,長崎バス,,芒塚
232A,A631,長崎バス,,日見山口
232A,A632,長崎バス,,朝日ヶ峰
232A,A633,長崎バス,,日見大曲
232A,A634,長崎バス,,東切通
232A,A635,長崎バス,,東望道
232A,A636,長崎バス,,番所橋
232A,A637,長崎バス,,新田頭
232A,A638,長崎バス,,八峰
232A,A639,長崎バス,,間の瀬
232A,A63A,長崎バス,,滝の上
232A,A63B,長崎バス,,滝の観音
232A,A63C,長崎バス,,平間
232A,A63D,長崎バス,,観音入口
232A,A63E,長崎バス,,つつじが丘
232A,A63F,長崎バス,,多良見団地
232A,A640,長崎バス,,団地中央
232A,A641,長崎バス,,古賀団地
232A,A642,長崎バス,,つつじが丘入口
232A,A643,長崎バス,,古賀
232A,A647,長崎バス,,古賀松原
232A,A648,長崎バス,,鶴の尾
232A,A649,長崎バス,,鶴の尾団地
232A,A64A,長崎バス,,平間公民館
232A,A64B,長崎バス,,年の神
232A,A64C,長崎バス,,馬場
232A,A64D,長崎バス,,現川駅前
232A,A64E,長崎バス,,現川
232A,A64F,長崎バス,,高木
232A,A650,長崎バス,,榎木
232A,A651,長崎バス,,高城台中央
232A,A652,長崎バス,,宮郷
232A,A653,長崎バス,,普賢神社口
232A,A654,長崎バス,,八郎橋
232A,A655,長崎バス,,彩が丘入口
232A,A656,長崎バス,,瀬古
232A,A657,長崎バス,,東町
232A,A658,長崎バス,,彩が丘
232A,A659,長崎バス,,彩が丘北口
232A,A65A,長崎バス,,矢筈
232A,A65B,長崎バス,,行合橋
232A,A65C,長崎バス,,中尾
232A,A65D,長崎バス,,田の川内
232A,A65E,長崎バス,,田の川内公民館前
232A,A65F,長崎バス,,城戸岩
232A,A660,長崎バス,,笹の本
232A,A661,長崎バス,,中尾新鮮市
232A,A662,長崎バス,,築地橋
232A,A663,長崎バス,,赤松
232A,A664,長崎バス,,卸団地
232A,A665,長崎バス,,組合会館前
232A,A666,長崎バス,,高城台南
232A,A667,長崎バス,,高城台西
232A,A668,長崎バス,,日見宿跡
232A,A669,長崎バス,,八坂神社前
232A,A66A,長崎バス,,宿町団地前
232A,A66B,長崎バス,,憩の家
232A,A66C,長崎バス,,青潮学園前
232A,A66E,長崎バス,,東長崎営業所
232A,A66F,長崎バス,,泉入口
232A,A670,長崎バス,,なごみ荘前
232A,A673,長崎バス,,時津北部ターミナル
232A,A674,長崎バス,,鶴の尾団地西口
232A,A675,長崎バス,,長崎総合科学大学
232A,A676,長崎バス,,田之浦
232A,A677,長崎バス,,仲町トンネル口
232A,A678,長崎バス,,恵の家前
232A,A679,長崎バス,,橋口町
232A,A67A,長崎バス,,江平2丁目
232A,A67B,長崎バス,,平和町商店街
232A,A67C,長崎バス,,バイパス日並
232A,A67D,長崎バス,,バイパス木場崎
232A,A686,長崎バス,,椿ヶ丘荘前
232A,A688,長崎バス,,フランシスコ病院前
232A,A689,長崎バス,,平の下
232A,A68A,長崎バス,,登立口
232A,A68B,長崎バス,,一本木
232A,A68C,長崎バス,,本原教会前
232A,A68D,長崎バス,,棚荷尾
232A,A68E,長崎バス,,寺井田
232A,A68F,長崎バス,,西山台入口
232A,A690,長崎バス,,のぞみの杜入口
232A,A691,長崎バス,,平和公園下
232A,A692,長崎バス,,中島公園前
232A,A693,長崎バス,ゆりちゃん,江平3丁目
232A,A694,長崎バス,ゆりちゃん,江平中登口
232A,A698,長崎バス,みかんちゃん,イオンタウン長与
232A,A699,長崎バス,,長崎県庁前
232A,A69A,長崎バス,ビューテラス北陽台線,北陽台団地入口
232A,A69B,長崎バス,ビューテラス北陽台線,北陽台公民館前
232A,A69C,長崎バス,ビューテラス北陽台線,北陽台団地北
232A,A69D,長崎バス,ビューテラス北陽台線,北陽台団地東
232A,A6AA,長崎バス,畦別当線,畦別当上
232A,A6AB,長崎バス,畦別当線,畦別当公民館下
232A,A6AC,長崎バス,畦別当線,畦別当下
232A,A6AD,長崎バス,,万才町
232A,A6AF,長崎バス,琴海尾戸線,名串集会所
232A,A6B0,長崎バス,中川町・矢の平線,矢の平1丁目
232A,A6B1,長崎バス,,出島表門橋
232A,A6B2,長崎バス,小江原団地線,第二団地南口
232C,237B,西肥自動車,J/M/N/R/V/W,もみじが丘住宅前
232C,4BCB,西肥自動車,,有川港ターミナル
232C,4BE4,西肥自動車,,有川
232C,4C39,西肥自動車,,浦浜
232C,4C48,西肥自動車,,新上五島町役場前
232C,4C5C,西肥自動車,,上五島病院前
232C,8754,西肥自動車,,平戸市役所前
232C,875E,西肥自動車,,平戸新町
232C,8C0E,西肥自動車,,平戸大橋公園前
232C,90F2,西肥自動車,,佐々バスセンター
232C,9104,西肥自動車,,口石
232C,913B,西肥自動車,,バイパス本山
232C,931B,西肥自動車,,楠栖小学校
232C,98CE,西肥自動車,高速,長崎駅前
232C,9ABF,西肥自動車,,伊万里駅前
232C,9DB7,西肥自動車,,東町
232C,9E4C,西肥自動車,,三間坂駅前
232C,A32E,西肥自動車,,大野中学校下
232C,A464,西肥自動車,,佐世保商業高校
232C,A4A0,西肥自動車,,西高校入口
232C,A4F0,西肥自動車,,相浦栄町
232C,A518,西肥自動車,,志田
232C,A540,西肥自動車,,鹿子前入口
232C,A554,西肥自動車,A/J/M/N,日野峠
232C,A5A4,西肥自動車,,佐世保市総合医療センター入口
232C,A5E0,西肥自動車,,中里
232C,A6A8,西肥自動車,,広田三丁目
232C,AC04,西肥自動車,,ハウステンボス
232C,ADBA,西肥自動車,A/F/H/J/K/M/N/R/V/W/Z,石浜
232C,ADD3,西肥自動車,,長崎国際大学
232C,ADEC,西肥自動車,F/J/N/V/W/Z,ハウステンボス駅前
232C,B04E,西肥自動車,長崎空港線,試験場前
232C,B062,西肥自動車,長崎空港線,長崎空港
232C,B071,西肥自動車,,広田中学校前
232C,B17A,西肥自動車,,三川内駅前
232C,B2B0,西肥自動車,,嬉野バスセンター
232C,FBDA,西肥自動車,,大野(佐世保)
232C,FBE4,西肥自動車,,左石
232C,FBF8,西肥自動車,,春日町
232C,FC16,西肥自動車,,俵町
232C,FC34,西肥自動車,,佐世保市役所前
232C,FC3E,西肥自動車,,谷郷町
232C,FC48,西肥自動車,,松浦町中央公園口
232C,FC49,西肥自動車,,松浦町国際通り
232C,FC52,西肥自動車,,島瀬町
232C,FC5C,西肥自動車,,京町
232C,FC66,西肥自動車,,戸尾町
232C,FC70,西肥自動車,,佐世保駅前
232C,FCCA,西肥自動車,,白岳町入口
232C,FD10,西肥自動車,H/K/W,大塔町
232C,FD2E,西肥自動車,,早岐田子の浦
232C,FD42,西肥自動車,A/H/J/K/R/W,早岐支所シルバーボウル前
232E,93E2,島原鉄道バス,,島原駅前
232E,93E4,島原鉄道バス,,愛野 (役場前)
232E,93E5,島原鉄道バス,,諫早駅前
232E,93F7,島原鉄道バス,,島原港
232E,9407,島原鉄道バス,島原〜雲仙〜小浜〜愛野〜諫早,ゴルフ場
232E,9408,島原鉄道バス,島原〜雲仙〜小浜〜愛野〜諫早,別所口
232E,9409,島原鉄道バス,,雲仙 (島鉄雲仙営業所)
232E,940A,島原鉄道バス,,雲仙お山の情報館
232E,940B,島原鉄道バス,,小地獄入口
232E,9417,島原鉄道バス,,西登山口
232E,9418,島原鉄道バス,,小浜
232E,9419,島原鉄道バス,,平松
232E,941A,島原鉄道バス,,石合浜
232E,941B,島原鉄道バス,,北村
232E,941C,島原鉄道バス,,小浜高校前
232E,941D,島原鉄道バス,,山領口
232E,941E,島原鉄道バス,,富津入口
232E,941F,島原鉄道バス,,木場
232E,9420,島原鉄道バス,,飯岳入口
232E,9421,島原鉄道バス,,発電所前
232E,9422,島原鉄道バス,,参道口
232E,9423,島原鉄道バス,,橘神社前
232E,9424,島原鉄道バス,,千々石小学校前
232E,9425,島原鉄道バス,,上石田
232E,9426,島原鉄道バス,,千々石橋
232E,9427,島原鉄道バス,,千々石海岸入口
232E,9428,島原鉄道バス,,塩屋(千々石)
232E,9429,島原鉄道バス,,愛野展望所
232E,942A,島原鉄道バス,,ガイアの里前
232E,942B,島原鉄道バス,,愛津
232E,942C,島原鉄道バス,,愛野中学校下
232E,942D,島原鉄道バス,,諫早東高前
232E,942E,島原鉄道バス,,田尻
232E,942F,島原鉄道バス,,釜ノ鼻
232E,9430,島原鉄道バス,,森山支所前
232E,9431,島原鉄道バス,,三ツ橋
232E,9432,島原鉄道バス,,森山駅前
232E,9433,島原鉄道バス,,黒崎
232E,9434,島原鉄道バス,,尾崎
232E,9435,島原鉄道バス,,本村
232E,9436,島原鉄道バス,,小野
232E,9437,島原鉄道バス,,半造
232E,9438,島原鉄道バス,,厚生町
232E,947D,島原鉄道バス,,大手
232E,94C9,島原鉄道バス,,久木山
232E,94CB,島原鉄道バス,,口之津車庫前
232E,94D7,島原鉄道バス,,北有馬
232E,952B,島原鉄道バス,,工業高校前
232E,9600,島原鉄道バス,,サンピア前
2347,27C5,長崎電気軌道,赤迫支線,赤迫
2347,27CA,長崎電気軌道,本線,岩屋橋
2347,27CF,長崎電気軌道,本線,浦上駅前
2347,27D4,長崎電気軌道,本線,浦上車庫
2347,27D7,長崎電気軌道,本線,大橋
2347,27D9,長崎電気軌道,本線,大波止
2347,27E3,長崎電気軌道,本線,観光通り
2347,27E8,長崎電気軌道,蛍茶屋支線/桜町支線,市民会館
2347,27ED,長崎電気軌道,本線,五島町
2347,27F2,長崎電気軌道,桜町支線,桜町
2347,27FC,長崎電気軌道,本線,昭和町通り
2347,2801,長崎電気軌道,本線,思案橋
2347,2806,長崎電気軌道,蛍茶屋支線,新大工町
2347,280B,長崎電気軌道,蛍茶屋支線,新中川町
2347,2810,長崎電気軌道,赤迫支線,住吉
2347,2815,長崎電気軌道,蛍茶屋支線,諏訪神社
2347,281A,長崎電気軌道,本線,銭座町
2347,2824,長崎電気軌道,本線,大学病院
2347,2829,長崎電気軌道,本線,新地中華街
2347,282E,長崎電気軌道,本線,出島
2347,2833,長崎電気軌道,本線,長崎駅前
2347,2838,長崎電気軌道,本線,長崎大学
2347,283D,長崎電気軌道,本線,西浜町
2347,2842,長崎電気軌道,本線,原爆資料館
2347,2847,長崎電気軌道,蛍茶屋支線,蛍茶屋
2347,284C,長崎電気軌道,本線,平和公園
2347,2851,長崎電気軌道,本線,茂里町
2347,2856,長崎電気軌道,本線,八千代町
2347,285B,長崎電気軌道,本線,若葉町
2347,2860,長崎電気軌道,本線,千歳町
2347,2865,長崎電気軌道,蛍茶屋支線,めがね橋
2347,286A,長崎電気軌道,蛍茶屋支線,浜町アーケード
2347,286F,長崎電気軌道,大浦支線,メディカルセンター
2347,2874,長崎電気軌道,大浦支線,大浦海岸通り
2347,2879,長崎電気軌道,大浦支線,大浦天主堂
2347,287E,長崎電気軌道,大浦支線,石橋
2348,AE66,松浦鉄道,西九州線,伊万里
2348,AE67,松浦鉄道,西九州線,東山代
2348,AE68,松浦鉄道,西九州線,楠久
2348,AE69,松浦鉄道,西九州線,久原
2348,AE6A,松浦鉄道,西九州線,浦ノ崎
2348,AE6B,松浦鉄道,西九州線,今福
2348,AE6C,松浦鉄道,西九州線,調川
2348,AE6D,松浦鉄道,西九州線,松浦
2348,AE6E,松浦鉄道,西九州線,御厨 (肥前御厨駅)
2348,AE6F,松浦鉄道,西九州線,東田平 (田平駅)
2348,AE70,松浦鉄道,西九州線,たびら平戸口 (平戸口駅)
2348,AE71,松浦鉄道,西九州線,江迎鹿町
2348,AE72,松浦鉄道,西九州線,潜竜ヶ滝
2348,AE73,松浦鉄道,西九州線,吉井
2348,AE74,松浦鉄道,西九州線,神田
2348,AE75,松浦鉄道,西九州線,清峰高校前
2348,AE76,松浦鉄道,西九州線,佐々
2348,AE77,松浦鉄道,西九州線,小浦
2348,AE78,松浦鉄道,西九州線,真申
2348,AE79,松浦鉄道,西九州線,相浦
2348,AE7A,松浦鉄道,西九州線,上相浦
2348,AE7D,松浦鉄道,西九州線,左石
2348,AE7E,松浦鉄道,西九州線,北佐世保
2348,AE7F,松浦鉄道,西九州線,中佐世保
2348,AE80,松浦鉄道,西九州線,佐世保
2348,AE82,松浦鉄道,西九州線,川東
2348,AE88,松浦鉄道,西九州線,泉福寺
2348,AE91,松浦鉄道,西九州線,山の田
2348,AE92,松浦鉄道,西九州線,佐世保中央
2348,AE93,松浦鉄道,西九州線,有田
2348,AE99,松浦鉄道,西九州線,大学
A5E5,0,阪急バス,,共通
E339,0,東京地下鉄,,共通
E339,E526,東京地下鉄,,後楽園
EF0A,0,京浜急行電鉄,,共通
5E1,0,岡山電気軌道,,共通
90A,0,仙台市営バス,,共通
A22,0,西鉄バス宗像,,共通
B01,0,那覇バス,,共通
B02,0,琉球バス交通,,共通
B03,0,沖縄バス,,共通
B04,0,東陽バス,,共通
E21,0,関西空港交通,,共通
F11,0,ひろでんモビリティサービス,,共通
F20,0,呉市営バス,,共通
FD3,0,富士交通,,共通
FD4,0,呉市コミュニティ,,共通
