?????,C7,001A9,ドン・キホーテ,国際通りくもじ店,
?????,C7,001AA,ドン・キホーテ,国際通りくもじ店,
?????,C7,00A45,神宮茶屋,,
?????,C7,0298D,売店,小田原駅,
?????,C7,04C2D,オリオン書房,ルミネ立川店,
?????,C7,04CDD,オリオン書房,ルミネ立川店,
?????,C7,056FB,喫茶センター,,
?????,C7,0A7B0,Urth Caffé,テラスモール湘南店,
?????,C7,0FAE6,ファミリーマート,中河原駅改札前店,
?????,C7,0FAE7,ファミリーマート,中河原駅改札前店,
?????,C7,0FCE1,FAMIMA,PARK AZABUDAI店,
?????,C7,0FCE2,FAMIMA,PARK AZABUDAI店,
?????,C7,0FCE3,FAMIMA,PARK AZABUDAI店,
?????,C7,11A38,BASHI BURGER CHANCE,池袋店,
?????,C7,186AC,グリーンハウス,小牧店,
?????,C7,1870C,ミスターワッフル,エチカ池袋店,
?????,C7,1871B,クリスピー・クリーム・ドーナツ,エチカ池袋店,
?????,C7,18795,ユニクロ,京都駅八条口店,
?????,C7,187F7,成城石井,エミオ武蔵境,
?????,C7,1B3F3,ハンズ,ららぽーと豊洲店,
?????,C7,1B5C0,EX THEATER ROPPONGI,,
?????,C7,22760,遠州鉄道,臨時乗車券発売所,
?????,C7,30DDF,ドトール珈琲店,飯田橋ラムラ店,
?????,C7,30DEA,ドトールコーヒーショップ,初台南口店,
?????,C7,30DEF,ドトールコーヒーショップ,有楽町駅前店,
?????,C7,30E00,ドトールコーヒーショップ,渋谷道玄坂店,
?????,C7,30E01,ドトールコーヒーショップ,渋谷道玄坂店,
?????,C7,310D1,カフェ・ラリー,,
?????,C7,311F3,ピアゴ,中村店,
?????,C7,31223,ドトールコーヒーショップ,初台北口店,
?????,C7,31325,国立国会図書館,東京本館,プリントアウトカウンター
?????,C7,314AB,マクドナルド,京王橋本駅店,
?????,C7,314AC,マクドナルド,京王橋本駅店,
?????,C7,31509,ダイソー,二子玉川ライズSC店,
?????,C7,317CC,アキバのエックス,秋葉原本店,
?????,C7,318AB,ピアゴ,ラフーズコア赤池店,
?????,C7,31E4C,PIER 5,,
?????,C7,31F28,東京食賓館,時計台1番前,
?????,C7,31F2F,空弁工房,,
?????,C7,31F82,PIER,,
?????,C7,3203F,DELEETS,,
?????,C7,3219E,ピアゴ,印場店,
?????,C7,3219F,ピアゴ,印場店,
?????,C7,321A0,ピアゴ,印場店,
?????,C7,321A1,ピアゴ,印場店,
?????,C7,321A2,ピアゴ,印場店,
?????,C7,321A3,ピアゴ,印場店,
?????,C7,321CB,PRONTO,渋谷東武ホテル店,
?????,C7,322A4,ピアゴ,半田店,
?????,C7,323BA,リバティー,秋葉原4号店,
?????,C7,3250F,第3ベイサイド,,
?????,C7,32516,七だし屋,,
?????,C7,3251B,BEER CAFÉ +,,
?????,C7,3251E,GGG CAFE,,
?????,C7,3251F,餃子とタンメン 天,,
?????,C7,32523,アーツ デリ キッチン,,
?????,C7,32526,ライブカフェ,,
?????,C7,32600,アーツ デリ,,
?????,C7,32609,カフェ&ビアレストラン アビオン,,
?????,C7,326AD,つるべや,ラスパ太田川店,
?????,C7,3276A,グリーンリーブスモール,済生会新潟病院,
?????,C7,32770,ベーカリーカフェコア,済生会新潟病院,
?????,C7,32DCC,名鉄タクシー,,
?????,C7,32F8A,名鉄タクシー,,
?????,C7,34461,天ぷら たかはし,第3旅客ターミナルビル羽田空港売店,
?????,C7,34470,けばぶ工房,,
?????,C7,345AC,和カフェテリア Dining 24 羽田食堂,,
?????,C7,34838,セブン‐イレブン,川崎アゼリア店,
?????,C7,34839,セブン‐イレブン,川崎アゼリア店,
?????,C7,3483A,セブン‐イレブン,川崎アゼリア店,
?????,C7,34B57,#中国料理#布袋,赤れんがテラス店,
?????,C7,350D4,ファミリーマート,尾張一宮PA上り店,
?????,C7,350D5,ファミリーマート,尾張一宮PA上り店,
?????,C7,350D6,ファミリーマート,尾張一宮PA上り店,
?????,C7,35429,ファミリーマート,岐阜公園前店,
?????,C7,3563F,ファミリーマート,香流三丁目店,
?????,C7,35640,ファミリーマート,香流三丁目店,
?????,C7,3574D,ファミリーマート,恵那峡SA上り店,
?????,C7,35A41,ファミリーマート,揖斐清水店,
?????,C7,35A42,ファミリーマート,揖斐清水店,
?????,C7,35ADE,YEBISU BAR,札幌駅アピア店,
?????,C7,35C69,ファミリーマート,菱池店,
?????,C7,35C6A,ファミリーマート,菱池店,
?????,C7,35F6E,アピタ,高蔵寺店,
?????,C7,36AEC,新宿FACE,,
?????,C7,382D0,北野エース,近鉄パッセ店,
?????,C7,38CE0,柳月,三方六studio店,
?????,C7,38CEA,ANA FESTA,千歳7番ゲート店,
?????,C7,38D2B,宮越屋珈琲,新千歳空港店,
?????,C7,38D2F,えびそば一幻,新千歳空港店,
?????,C7,3940F,カルディコーヒーファーム,新橋店,
?????,C7,3A17B,マクドナルド,桑名東インター店,
?????,C7,3AE3B,ジョーシン,メグリア藤岡店,
?????,C7,3C2AD,セブン‐イレブン,豊田市中山インター店,
?????,C7,3C2AE,セブン‐イレブン,豊田市中山インター店,
?????,C7,3C2D7,セブン‐イレブン,名古屋小幡中3丁目店,
?????,C7,3C2D8,セブン‐イレブン,名古屋小幡中3丁目店,
?????,C7,3C663,セブン‐イレブン,豊田市金谷町店,
?????,C7,3C664,セブン‐イレブン,豊田市金谷町店,
?????,C7,3C757,セブン‐イレブン,名古屋下志段味店,
?????,C7,3D32C,セブン‐イレブン,NBS愛知医科大学病院店,
?????,C7,3D438,セリア,コレットマーレ店,
?????,C7,3D67E,セブン‐イレブン,長久手前熊寺田店,
?????,C7,3D67F,セブン‐イレブン,長久手前熊寺田店,
?????,C7,3F48F,吉野家,大津通栄店,
?????,C7,3F8BF,セブン‐イレブン,豊田市篠原町上り花店,
?????,C7,3F8C0,セブン‐イレブン,豊田市篠原町上り花店,
?????,C7,3F8C1,セブン‐イレブン,豊田市篠原町上り花店,
?????,C7,40567,ファミリーマート,焼津八楠店,
?????,C7,40568,ファミリーマート,焼津八楠店,
?????,C7,40D3A,ファミリーマート,浜名湖SA店,
?????,C7,40D3B,ファミリーマート,浜名湖SA店,
?????,C7,40D3C,ファミリーマート,浜名湖SA店,
?????,C7,431E3,ツルハドラッグ,いの店,
?????,C7,48668,カルビープラス,ららぽーとEXPOCITY店,
?????,C7,4AD18,国立国会図書館,関西館,文献提供課複写貸出係
?????,C7,4F185,ジョナサン,東池袋店,
?????,C7,4F1FC,ジョナサン,牛浜店,
?????,C7,4F24C,ジョナサン,芝公園店,
?????,C7,533CF,エクセルシオール カフェ,成田空港第2ターミナルビル店,
?????,C7,54BFA,餃子の王将,桜木町店,
?????,C7,57549,昭和自動車,,
?????,C7,58D36,吉野家,八日市店,
?????,C7,59D16,ドトールコーヒーショップ,錦糸町北口店,
?????,C7,5A700,アピタ,戸塚店,
?????,C7,5A701,アピタ,戸塚店,
?????,C7,5A702,アピタ,戸塚店,
?????,C7,5A703,アピタ,戸塚店,
?????,C7,5A704,アピタ,戸塚店,
?????,C7,5A705,アピタ,戸塚店,
?????,C7,5A706,アピタ,戸塚店,
?????,C7,5A707,アピタ,戸塚店,
?????,C7,5AC86,miniピアゴ,千駄ヶ谷1丁目店,
?????,C7,5AC96,miniピアゴ,松原1丁目店,
?????,C7,5B25D,エクセルシオール カフェ,秋葉原ダイビル店,
?????,C7,5B3B0,ラケル,ららぽーと豊洲店,
?????,C7,5B3C3,Mini One,アーバンドック ららぽーと豊洲店,
?????,C7,5B40B,ドンク,豊洲ららぽーと店,
?????,C7,5B40D,宮武讃岐うどん,ららぽーと豊洲店,
?????,C7,5B41D,スターバックスコーヒー,ららぽーと豊洲 サウスポート2階店,
?????,C7,5B428,スターバックスコーヒー,ららぽーと豊洲 シーサイドデッキ店,
?????,C7,5B42C,ユニクロ,ららぽーと豊洲店,
?????,C7,5B45E,@東京グリルハーバー,ららぽーと豊洲,
?????,C7,5B46B,だがし 夢や,ららぽーと豊洲店,
?????,C7,5B47B,サンマルクカフェ,ららぽーと豊洲店,
?????,C7,5B47F,ケンタッキーフライドチキン,アーバンドックららぽーと豊洲店,
?????,C7,5B489,ウエルシア,ららぽーと豊洲店,
?????,C7,5CE2A,マクドナルド,御茶ノ水ソラシティ店,
?????,C7,5CE2B,マクドナルド,御茶ノ水ソラシティ店,
?????,C7,5CE2C,マクドナルド,御茶ノ水ソラシティ店,
?????,C7,5CE2D,マクドナルド,御茶ノ水ソラシティ店,
?????,C7,5D903,セブン‐イレブン,秋葉原駅前店,
?????,C7,5D904,セブン‐イレブン,秋葉原駅前店,
?????,C7,5D905,セブン‐イレブン,秋葉原駅前店,
?????,C7,5E217,セブン‐イレブン,渋谷中央街店,
?????,C7,5E224,セブン‐イレブン,渋谷中央街店,
?????,C7,5EBBF,マクドナルド,水戸駅南通り店,
?????,C7,5EBC7,マクドナルド,水戸駅南通り店,
?????,C7,5FAEB,ツルハドラッグ,宮古中央店,
?????,C7,5FC20,ツルハドラッグ,宮古南町店,
?????,C7,5FF61,宝塚北SA,ショッピングコーナー,
?????,C7,60258,アピタ,長岡店,
?????,C7,60259,アピタ,長岡店,
?????,C7,6025A,アピタ,長岡店,
?????,C7,6025B,アピタ,長岡店,
?????,C7,6025C,アピタ,長岡店,
?????,C7,6025D,アピタ,長岡店,
?????,C7,6055E,ファミマ!!,東京国際フォーラム店,
?????,C7,60C91,アピタ,新潟西店,
?????,C7,60C92,アピタ,新潟西店,
?????,C7,60C93,アピタ,新潟西店,
?????,C7,60C94,アピタ,新潟西店,
?????,C7,60C95,アピタ,新潟西店,
?????,C7,60C96,アピタ,新潟西店,
?????,C7,60CA1,アピタ,新潟西店,
?????,C7,60CA2,アピタ,新潟西店,
?????,C7,60CA3,アピタ,新潟西店,
?????,C7,60CA4,アピタ,新潟西店,
?????,C7,60CA5,アピタ,新潟西店,
?????,C7,60CA6,アピタ,新潟西店,
?????,C7,613BC,オフィスでやさい,九段会館テラス,
?????,C7,61F01,PRONTO,中之島フェスティバルプラザ店,
?????,C7,6719E,ツルハドラッグ,五所川原本町店,
?????,C7,6764A,ドトールコーヒーショップ,神保町3丁目店,
?????,C7,67650,ドトールコーヒーショップ,錦糸町店,
?????,C7,6822F,エクセルシオール カフェ,水道橋西口店,
?????,C7,6823D,エクセルシオール カフェ,浜松町ハマサイト店,
?????,C7,6A9B4,くすりの福太郎,新小岩店,
?????,C7,6C59C,オリオン書房,サザン店,
?????,C7,6CC6B,有隣堂,ららぽーと湘南平塚店,
?????,C7,6CFFE,ドトールコーヒーショップ,東大宮東口店,
?????,C7,6E9E3,川又書店,県庁店,
?????,C7,7370E,マクドナルド,赤坂駅前店,
?????,C7,7A76A,セブン‐イレブン,ワールドビジネスガーデン店,
?????,C7,7A7D0,八丈民芸やました,倉の坂本店・工場,
?????,C7,7CEED,セブン‐イレブン,西武新宿店,
?????,C7,83580,#手打ち蕎麦処#小川家,,
?????,C7,879C0,安芸府中薬局,,
?????,C7,88B00,はなまるうどん,ダイバーシティ東京店,
?????,C7,88B0E,洋食や 三代目 たいめいけん,ダイバーシティー東京プラザ店,
?????,C7,88B5B,上島珈琲店,ダイバーシティ東京プラザ店,
?????,C7,88B93,マツモトキヨシ,ダイバーシティ東京プラザ店,
?????,C7,89202,デリフランス,赤坂店,
?????,C7,893FF,サーティワン アイスクリーム,ラゾーナ川崎店,
?????,C7,8A39E,#珈琲所#コメダ珈琲店,ららぽーと豊洲店,
?????,C7,8A9D0,吉野家,オレンジドリーム店,
?????,C7,8A9E2,ファミリーマート,九段坂病院/S店,
?????,C7,8AC2A,アピタ,戸塚店,
?????,C7,8AC2B,アピタ,戸塚店,
?????,C7,8AC2C,アピタ,戸塚店,
?????,C7,8AC2D,アピタ,戸塚店,
?????,C7,8AC2E,アピタ,戸塚店,
?????,C7,8AC2F,アピタ,戸塚店,
?????,C7,8AFF4,カルディコーヒーファーム,ららぽーと立川立飛店,
?????,C7,8AFF9,マツモトキヨシ,ららぽーと立川立飛店,
?????,C7,8B00E,ミスタードーナツ,##ららぽーと立川立飛#ショップ,
?????,C7,8B01B,ドンク,ららぽーと立川立飛店,
?????,C7,8B01D,ケンタッキーフライドチキン,ららぽーと立川立飛店,
?????,C7,8B02D,フロ プレステージュ,立川立飛ららぽーと店,
?????,C7,8B677,ファミリーマート,道の駅ひたちおおた店,
?????,C7,8B678,ファミリーマート,道の駅ひたちおおた店,
?????,C7,8E348,マザー牧場CAFE,ららぽーとTOKYO-BAY店,
?????,C7,8E388,GiGOのたい焼き,ららぽーとTOKYO-BAY,
?????,C7,8E4EF,いきなり!ステーキ,ららぽーとTOKYO-BAY店,
?????,C7,8EF01,麺処直久,晴海トリトン店,
?????,C7,909AE,麺や一途,豊洲店 導,
?????,C7,909BA,スターバックスコーヒー,アーバンドック ららぽーと豊洲3 地下1階店,
?????,C7,909BB,スターバックスコーヒー,アーバンドック ららぽーと豊洲3 地下1階店,
?????,C7,90EA4,スターバックスコーヒー,MIYASHITA PARK店,
?????,C7,91943,ドトールコーヒーショップ,水戸北口駅前店,
?????,C7,91DFB,PRONTO,渋谷宮下公園店,
?????,C7,91E46,PRONTO,九段下店,
?????,C7,91E9B,PRONTO,新橋駅前店,
?????,C7,932C2,ヤマト運輸,名古屋道徳営業所(南呼続),
?????,C7,AAFCA,カレーハウスCoCo壱番屋,東京メトロ中野坂上駅前店,
?????,C7,AB3BB,#珈琲所#コメダ珈琲店,守山八剣店,
?????,C7,ABA0E,カレーハウスCoCo壱番屋,東京メトロ六本木駅前店,
?????,C7,ABC4C,#おだしうどん#かかや,大手町店,
?????,C7,AC06D,まんだらけ,うめだ店,
?????,C7,AC90A,UPLIGHT COFFEE,,
?????,C7,ACB3D,餃子の王将,武蔵境駅前店,
?????,C7,ACEC0,ドン・キホーテ,六本木店,
?????,C7,ACEC1,ドン・キホーテ,六本木店,
?????,C7,ACEC3,ドン・キホーテ,六本木店,
?????,C7,ACEC5,ドン・キホーテ,六本木店,
?????,C7,ACEC8,ドン・キホーテ,六本木店,
?????,C7,AD4CD,幸楽苑,日本橋桜通店,
?????,C7,ADEEC,ドン・キホーテ,六本木店,
?????,C7,AE230,新ひだか観光協会,,
?????,C7,AE232,洋服の青山,新橋烏森口店,
?????,C7,AE5FB,霧の森茶フェ ゆるり,,
?????,C7,AF36A,ダイソー,新小岩ルミエール店,
?????,C7,AF36B,ダイソー,新小岩ルミエール店,
?????,C7,AF6C5,クリスピー・クリーム・ドーナツ,新宿東宝ビル店,
?????,C7,AF91C,セブン‐イレブン,北朝霞駅前店,
?????,C7,B05A4,点心札幌 翠心,東急百貨店札幌店,
?????,C7,B05C8,焼鳥・惣菜 en,札幌東急店,
?????,C7,B1FB4,カルチャーエージェントカフェ,渋谷店,
?????,C7,B2331,公正屋,コモアプラザ店,
?????,C7,B2736,ハックドラッグ,横浜メディアタワー店,
?????,C7,B2BA8,カレーハウスCoCo壱番屋,JR秋葉原駅昭和通り口店,
?????,C7,B8F2B,和同会,歯科売店,
?????,C7,BC2C3,上里SA(下り),ショッピングコーナー,
?????,C7,C3570,味の時計台,JR札幌店,
?????,C7,C3782,ハルクフード,集中レジ,
?????,C7,C3CD7,イオン,大村店,
?????,C7,C3D22,大戸屋,渋谷文化村通り店,
?????,C7,C3E30,せんどう,長沼店,
?????,C7,C4359,ミニストップ,日田光岡店,
?????,C7,C4B39,キーズカフェ,ビックカメラ有楽町店,
?????,C7,C5345,肉のハナマサ,赤坂店,
?????,C7,C780A,ダイソー,イオンタウン守谷店,
?????,C7,C8E7F,ミニストップ,亀山関木崎店,
?????,C7,C8E80,ミニストップ,亀山関木崎店,
?????,C7,C9298,まいばすけっと,杉田1丁目店,
?????,C7,C9ABE,道の駅いなかだて 弥生の里,,
?????,C7,CA4D1,まいばすけっと,浅草橋駅北店,
?????,C7,CA4D3,まいばすけっと,浅草橋駅北店,
?????,C7,CA7A0,まいばすけっと,三軒茶屋2丁目店,
?????,C7,CA8E4,まいばすけっと,神田佐久間町店,
?????,C7,CA8E5,まいばすけっと,神田佐久間町店,
?????,C7,CA91A,まいばすけっと,王子店,
?????,C7,CB7BD,イオン,四日市北店,
?????,C7,CBF9F,㐂久好,THE OUTLETS HIROSHIMA店,
?????,C7,CCB54,横浜天然温泉くさつ,,
?????,C7,D627D,洋菓子つくしや,下北沢南口店,
?????,C7,D629A,まんねんカレー,,
?????,C7,D7E2D,マックスバリュ,太閤店,
?????,C7,DAD22,FabCafe,Tokyo,
?????,C7,DD706,大戸屋,中野セントラルパーク店,
?????,C7,E0839,まいばすけっと,初台駅西店,
?????,C7,E4ACB,ベルマーレカフェ,,
?????,C7,E56D9,高見のたこ焼,南国店,
?????,C7,E677F,マコト交通,,
?????,C7,F0209,ジェーソン,八王子上柚木店,
?????,C7,F32B8,来来亭,敦賀店,
?????,C7,F4BEC,七宝麻辣湯,渋谷店,
?????,C7,F5691,大正ロマン館,,
?????,C7,F5841,KITASANDŌ COFFEE,北参道本店,
?????,C7,F5CD4,coffee mafia,飯田橋店,
?????,C7,FC14F,サブウェイ,恵比寿店,
?????,C7,FD8A9,Light Up Dining Infinity,,
?????,C7,FE1CC,サブウェイ,千駄ヶ谷店,
?????,C8,02A17,コインロッカー,東京ビッグサイト,エントランスホール ATM横
?????,C8,02B1C,コインロッカー,羽田空港第2ビル,北ウィング1F Bブロック
?????,C8,02B4C,自動販売機,#JR東海#下土狩駅,ロータリー前
?????,C8,04A23,チャージ機,横浜スタジアム,
?????,C8,186CC,JR春日井駅北口自転車等駐車場,,
?????,C8,18712,北陸鉄道,金沢駅,西口小松空港リムジンバス券売機
?????,C8,18805,名鉄協商パーキング,JR嵯峨嵐山駅前駐輪場,
?????,C8,18A07,自動販売機,東海大学湘南校舎,19号館1Fスナックコーナー
?????,C8,18C97,ゆで太郎,静岡インター通り店,(もつ次郎 併設店)
?????,C8,18E08,#名代#富士そば,品川店,
?????,C8,18E09,#名代#富士そば,品川店,
?????,C8,18E0A,#名代#富士そば,品川店,
?????,C8,1A9D9,コインロッカー,福岡空港,1階 到着口北
?????,C8,1AAB7,コインロッカー,京都劇場,1階ロッカールーム
?????,C8,1AB33,やよい軒,三宮店,
?????,C8,30D91,ファミリーマート,舎人ライナー日暮里駅/S店,
?????,C8,30D96,自動販売機,#名古屋鉄道#太田川駅,1·2番線ホーム
?????,C8,30DDA,ファミリーマート,青山一丁目駅店,
?????,C8,30DDB,ファミリーマート,青山一丁目駅店,
?????,C8,30DDC,ファミリーマート,都営線新宿西口駅/S店,
?????,C8,30DDD,ファミリーマート,都営線中野坂上駅/S店,
?????,C8,30DDF,ファミリーマート,都営線若松河田駅/S店,
?????,C8,30E61,自動販売機,幕張イベントホール,1Fロビー
?????,C8,30E6E,自動販売機,九段会館テラス,9F パントリー
?????,C8,30E72,自動販売機,九段会館テラス,7F パントリー
?????,C8,30EC6,自動販売機,足柄SA(下り),
?????,C8,3134E,ファミリーマート,ジョイナステラス二俣川店,
?????,C8,313D2,自動販売機,#養老鉄道#大垣駅,屋外 自販機コーナー
?????,C8,31490,自動販売機,中央道原PA(下り),PA建物内
?????,C8,3161A,自動販売機,鵠沼海浜公園HUG-RIDE PARK,C棟横 (トイレ向かい)
?????,C8,31A4F,自動販売機,茨城交通 勝田営業所,屋外
?????,C8,31A50,自動販売機,茨城交通 太田営業所,屋外
?????,C8,31A52,自動販売機,茨城交通 鯉渕営業所,屋外
?????,C8,31A58,自動販売機,茨城交通 笠間営業所,屋外
?????,C8,3203E,自動販売機,越後川口SA(上り),
?????,C8,3203F,自動販売機,越後川口SA(上り),
?????,C8,3205D,自動販売機,上里SA(下り),建物内自販機コーナー
?????,C8,32073,自動販売機,上里SA(上り),
?????,C8,32133,自動販売機,越後川口SA(下り),建物内自販機コーナー
?????,C8,32194,自動販売機,上里SA(下り),建物外自販機コーナー
?????,C8,32201,自動販売機,西会津PA(上り),建物外出入り口左横
?????,C8,32202,自動販売機,西会津PA(下り),
?????,C8,322C4,自動販売機,越後川口SA(下り),建物内自販機コーナー
?????,C8,32333,自動販売機,越後川口SA(上り),
?????,C8,323CD,自動販売機,上里SA(上り),建物内自販機コーナー
?????,C8,325F8,自動販売機,ブックオフ富士吉田店,建物外
?????,C8,32685,自動販売機,江南警察署,出入口 風除室内
?????,C8,32EDC,自動販売機,三菱電機株式会社 名古屋製作所,E1棟 3Fリフレッシュコーナー
?????,C8,32F5F,自動販売機,内津峠PA(下り),
?????,C8,32F80,自動販売機,芝浦工業大学,豊洲キャンパス 研究棟8階Bエレベーター前
?????,C8,32F86,自動販売機,長良川SA(下り),屋外自動販売機コーナー
?????,C8,33026,自動販売機,タイムズ錦2丁目第10,
?????,C8,3302E,自動販売機,牧之原SA(下り),入口横
?????,C8,33109,自動販売機,酒ゃビック東新町店,
?????,C8,333B8,自動販売機,道南バス静内駅前ターミナル,
?????,C8,334D1,自動販売機,山浦PA(上り),屋外
?????,C8,3368A,自動販売機,吉志PA(下り),
?????,C8,33837,自動販売機,宮の沢バスターミナル,ドリンクコーナー
?????,C8,33B7B,自動販売機,ムラサキパークかさま,管理棟前・屋内ゾーン前
?????,C8,33B8B,自動販売機,三菱電機株式会社 名古屋製作所,E1棟 3Fリフレッシュコーナー
?????,C8,341E8,自動販売機,#鹿島臨海鉄道#大洗駅,駅構内
?????,C8,34544,伝説のすた丼屋,渋谷店,
?????,C8,3472A,#横浜家系ラーメン#銀家,伊勢佐木町店,
?????,C8,348AF,自動販売機,かぶとや,
?????,C8,34B91,麺屋しをん,,
?????,C8,34C7D,自動販売機,#あいの風とやま鉄道#越中大門駅,駅出入口横
?????,C8,34CD9,自動販売機,サングレース千歳台,屋外
?????,C8,3510A,ファミリーマート,恵那峡SA上り店,
?????,C8,35155,ファミリーマート,名古屋金山二丁目店,
?????,C8,351BC,ファミリーマート,可児工業団地店,
?????,C8,359D4,自動販売機,#名鉄#小幡駅,2番線ホーム 中央
?????,C8,35A05,旅するどんぶり屋,,
?????,C8,35E1A,自動販売機,#JR西日本#徳山駅,改札外
?????,C8,36029,自動販売機,ポートライナー中公園駅改札外,
?????,C8,363B4,自動販売機,口之津港ターミナルビル,
?????,C8,36A34,伝説のすた丼屋,秋葉原店,
?????,C8,377C0,NPC24H,ナハメカルパーキング,
?????,C8,377F0,自動販売機,バスチケットセンター,京都駅
?????,C8,3786D,自動販売機,#阪急#高槻市駅,改札内
?????,C8,37E7F,自動販売機,#関東鉄道#下館駅,南口 階段付近
?????,C8,38E2B,自動販売機,#神戸市営#学園都市駅,三宮方面ホーム階 西神中央方階段付近
?????,C8,394D1,自動販売機,京都市役所 分庁舎,1階 給水スポット
?????,C8,39D4F,自動販売機,モノレール浜松町駅,中央口 階段下
?????,C8,3A3CE,自動販売機,ヴィアイン博多口駅前,2階 コインランドリー内
?????,C8,3B599,自動販売機,#京阪#淀屋橋駅,3·4番線ホーム プレミアムカー乗車口付近
?????,C8,3BD68,自動販売機,京都ふらんすや,店舗前
?????,C8,3C196,自動販売機,大洗シーサイドステーション,北側 大洗まいまい市場向かい
?????,C8,3C199,自動販売機,大洗シーサイドステーション,南側 セリア向かい
?????,C8,3C663,自動販売機,有磯海SA(下り),自販機コーナー
?????,C8,3C719,自動販売機,道の駅 なかじまロマン峠,出入口横
?????,C8,3C81E,自動販売機,#地鉄#電鉄富山駅,待合室(増設自販機)
?????,C8,3C936,自動販売機,#地鉄#電鉄富山駅,高架化工事仮設改札口前
?????,C8,3D173,自動販売機,ウイングス京都,屋外
?????,C8,3E7EA,自動販売機,#阪急#西宮北口駅,1・2号線ホーム中央
?????,C8,3EDF4,自動販売機,プレール・ドゥーク有明,屋外
?????,C8,3F5B8,自動販売機,YCAT,ロビー内
?????,C8,40AA5,自動販売機,東京ビッグサイト,東展示棟 ガレリア 東1ホール向かい E2コインロッカー横
?????,C8,41EE5,メンヤ ニューオルド,,
?????,C8,41EF6,自動販売機,東京ビッグサイト,東展示棟 ガレリア 東2ホール前 コインロッカー隣
?????,C8,43689,自動販売機,山新 赤塚店,
?????,C8,46128,自動販売機,#ドラッグ#ヨシダ,
?????,C8,48907,自動販売機,ゼビオアリーナ仙台,入場口脇
?????,C8,48AF3,自動販売機,JAXA角田宇宙センター,(東)管理棟・宇宙開発展示室 入口
?????,C8,4985E,自動販売機,#JR東海#静岡駅,在来線 1・2番線(上り)ホーム 大阪方
?????,C8,49860,自動販売機,#JR東海#静岡駅,在来線 3・4番線(下り)ホーム 大阪方 階段付近
?????,C8,49BC1,自動販売機,サンシャインシティ,
?????,C8,4E833,自動販売機,ヨドバシカメラ マルチメディア新潟駅前店,屋外 歩道沿い
?????,C8,4F436,自動販売機,つくば宇宙センター,広報・情報棟ロケット広場側出入口脇
?????,C8,4F71B,自動販売機,よみうりランド,ゴンドラ山頂ステイション出口すぐ
?????,C8,52203,自動販売機,東公園 東側 二筋目 民家前,
?????,C8,53708,自動販売機,酒井ビル,
?????,C8,550AA,自動販売機,X-PRESS有楽町,4Fラウンジ
?????,C8,5BDAF,自動販売機,#ひたちなか海浜鉄道#金上駅,
?????,C8,5C1DD,自動販売機,東町運動公園体育館,1階 サブアリーナ横自販機コーナー
?????,C8,5CBDB,自動販売機,山田ビル,屋外 北東壁面
?????,C8,5D650,自動販売機,ノア道玄坂,路上
?????,C8,5D87E,自動販売機,ハーベストビルディング,屋外
?????,C8,5FAE0,自動販売機,ヴェラハイツ道玄坂,
?????,C8,6036F,自動販売機,東京ビッグサイト,南展示棟 3F
?????,C8,6038C,自動販売機,東京ビッグサイト,南展示棟 3F
?????,C8,62844,自動販売機,渋谷公会堂,1F
?????,C8,63423,自動販売機,ヨークタウン赤塚,ヨークベニマル前
?????,C8,63894,自動販売機,第3矢木ビル,
?????,C8,638DA,自動販売機,第2大番ビル,
?????,C8,638E5,自動販売機,第2大番ビル,
?????,C8,638FC,自動販売機,第2大番ビル,
?????,C8,63984,自動販売機,パークプラザ 円山町,
?????,C8,63C3B,自動販売機,ホテルシルク,屋外
?????,C8,63C3C,自動販売機,ホテルシルク,屋外
?????,C8,63E94,自動販売機,渋谷区文化総合センター 大和田,4F さくらホール
?????,C8,64C03,自動販売機,ほぐしの名人 新津店前,
?????,C8,66136,自動販売機,茨城県開発公社ビル,1階 東側ホール内
?????,C8,6687D,自動販売機,杉並区立勤労福祉会館,1F ホワイエ
?????,C8,67257,ファミリーマート,外神田三丁目東店,
?????,C8,680E3,自動販売機,コモタウン新津,屋外 出入口横
?????,C8,68744,自動販売機,妙高高原駅,改札内
?????,C8,687B4,ファミリーマート,神楽坂上店,
?????,C8,687BB,ファミリーマート,新宿神楽坂駅前店,
?????,C8,693DF,セブン自販機,住友不動産二番町ファーストビル,1階
?????,C8,69913,自動販売機,ムラサキパークかさま,管理棟前・屋内ゾーン前
?????,C8,69A7A,自動販売機,ムラサキパークかさま,管理棟前・屋内ゾーン前
?????,C8,6B011,自動販売機,日本武道館,1F東ロビー
?????,C8,6BF82,自動販売機,イオンモール新潟亀田インター,バスロータリー側入口脇(屋外)
?????,C8,70256,セブン‐イレブン,多摩モノレール玉川上水駅店,
?????,C8,70C49,セブン‐イレブン,秋葉原電気街口店,
?????,C8,70C92,セブン‐イレブン,秋葉原電気街口店,
?????,C8,71CE5,自動販売機,関東自動車 高速バス予約センター,屋外 入口横
?????,C8,71F94,自動販売機,ヒタチエ,本館 正面入口付近 風除室内
?????,C8,71F97,自動販売機,ヒタチエ,本館 西側入口付近
?????,C8,73752,ファミマ!!,新宿三井ビル店,
?????,C8,743C7,自動販売機,高梨電機産業有限会社,屋外
?????,C8,75982,自動販売機,夢の島総合運動場,野球場北側
?????,C8,75A0B,自動販売機,GiGO総本店,地下1階
?????,C8,77736,自動販売機,水戸市民会館,1階 自販機コーナー
?????,C8,77B5A,自動販売機,#鹿島臨海鉄道#大洗駅,屋外 向かって右側入口脇
?????,C8,7A4D0,自動販売機,GiGO水戸,店内奥
?????,C8,7A502,自動販売機,宇都宮二荒山神社,東回廊内
?????,C8,7AB97,自動販売機,#京都・時代祭館#十二十二,屋外 バスコーナー側
?????,C8,7AB98,自動販売機,平安神宮,境外 応天門 西側 冷泉通
?????,C8,7AB9A,自動販売機,銀閣寺こづち,屋外 哲学の道
?????,C8,7AB9B,自動販売機,京都府立陶板名画の庭,屋外 北山通
?????,C8,7AB9D,自動販売機,竹屋町通車屋町パーキング,車屋町通
?????,C8,7ABA8,自動販売機,#手作りの焼きたてパン#プチブラウン,屋外 東大路通
?????,C8,7AD20,自動販売機,パコム小野 跡地,屋外 木屋町通
?????,C8,7AD21,自動販売機,錦東洞院駐車場,入口 錦小路通
?????,C8,7AD24,自動販売機,北大路バスターミナル,地下3階南エレベーター向かい トイレ横
?????,C8,7B3A3,やよい軒,内本町店,
?????,C8,7B3A4,やよい軒,内本町店,
?????,C8,7B9E7,自動販売機,ニトリ伏見向島店,
?????,C8,7BB09,自動販売機,京都・先斗町 占いスポット,屋外 龍馬通
?????,C8,7D68E,自動販売機,美咲町合同庁舎,1号館 2階
?????,C8,7D848,自動販売機,リバーサイドホテル,フロント
?????,C8,7D935,自動販売機,レストラン菊水,店舗外 建物西側 川端通
?????,C8,7E932,自動販売機,小瀬スポーツ公園,第3駐車場 トイレ横
?????,C8,7E933,自動販売機,小瀬スポーツ公園,体育館の向かい
?????,C8,7F342,FAMIMA,PARK AZABUDAI店,
?????,C8,7F343,FAMIMA,PARK AZABUDAI店,
?????,C8,7F344,FAMIMA,PARK AZABUDAI店,
?????,C8,7F345,FAMIMA,PARK AZABUDAI店,
?????,C8,81668,自動販売機,貴船神社 観光トイレ,屋外
?????,C8,83611,自動販売機,BAL,屋上駐輪場 管理室横
?????,C8,83894,自動販売機,新潟県庁 行政庁舎,西回廊2階
?????,C8,83A6F,自動販売機,水戸市立競技場,屋外 階段下
?????,C8,83A70,自動販売機,ヨークタウン赤塚,ダイソーとツルハドラッグの間
?????,C8,83A71,自動販売機,ヨークタウン赤塚,西側入口付近
?????,C8,83A72,自動販売機,#横濱家系ラーメン#たくみ家 水戸見和店,屋外
?????,C8,83C44,自動販売機,笠間市地域交流センターともべ(Tomoa),
?????,C8,841C9,自動販売機,茨城交通 茨大前営業所,屋外
?????,C8,842E4,自動販売機,九段会館テラス,B1F
?????,C8,845E3,自動販売機,サンライズ桜丘,
?????,C8,8492A,自動販売機,三郷市文化会館,
?????,C8,84957,自動販売機,科学技術館,駐車場
?????,C8,84B47,自動販売機,かどや,屋外 北側
?????,C8,85717,自動販売機,清水寺門前駐車場,入口前
?????,C8,86786,自動販売機,茨城県庁,体育館
?????,C8,867A8,鶏soba座銀,近鉄奈良店,
?????,C8,867B5,自動販売機,よしだや 自動販売機コーナー,
?????,C8,87478,自動販売機,東石切公園,トイレ前
?????,C8,874D0,自動販売機,千本通四条上ル,民家裏
?????,C8,87CCC,自動販売機,KDDIパラボラ館,
?????,C8,8847B,自動販売機,茨城県開発公社ビル,1階 東側ホール内
?????,C8,8851E,自動販売機,竹屋町通油小路,北西端
?????,C8,89150,自動販売機,八百屋めぐちゃん,屋外 六角通
?????,C8,891B3,やよい軒,水道橋白山通り店,
?????,C8,891B4,やよい軒,水道橋白山通り店,
?????,C8,89218,自動販売機,#近鉄#大和西大寺駅,3・4番のりば 奈良・橿原神宮前側
?????,C8,89954,麺屋NOROMA,本店,
?????,C8,89968,自動販売機,四条SETビル,南東 駐車場出入口 脇
?????,C8,8BEAC,自動販売機,スマイルホテル奈良,1F 玄関横
?????,C8,8BF2E,自動販売機,ヤマト運輸 水戸東原センター,屋外 駐車場脇
?????,C8,8C2BD,AWAJI EARTH MUSEUM,CAFE,
?????,C8,8C2BE,AWAJI EARTH MUSEUM,CAFE,
?????,C8,8D8BC,やよい軒,代々木店,
?????,C8,8E1D6,自動販売機,寿パーキング,
?????,C8,8E25F,自動販売機,白山神社,屋外 白山会館前
?????,C8,8E335,自動販売機,YKビル,屋外 駐車場内
?????,C8,8E53E,自動販売機,ヨークタウン赤塚,駐輪場脇
?????,C8,8E774,自動販売機,つくばセンターバスターミナル,7番のりば(つくば号上り他)付近
?????,C8,8F1E9,自動販売機,靖国神社 外苑 バス待合所,
?????,C8,8FF9C,自動販売機,渋谷たばこ商業協同組合ビル,左側
?????,C8,90700,自動販売機,白山神社,屋外 白山会館前
?????,C8,9291B,ダイワロイネットホテル横浜関内,コインランドリー,
?????,C8,92B89,自動販売機,イオンモール土浦,屋外 イオン正面入口と桜ひろばの間
?????,C8,92B8B,自動販売機,イオンモール土浦,屋外 専門店北入口付近
?????,C8,9576A,麺屋 五常,渋谷マークシティ店,
?????,C8,95927,桂花ラーメン,池袋東口店,
?????,C8,96479,自動販売機,フレックス土井ビル,
?????,C8,97246,AFURI,立川グリーンスプリングス,
?????,C8,97565,#横浜家系ラーメン#壱角家,新宿歌舞伎町一番街店,
?????,C8,97566,#横浜家系ラーメン#壱角家,新宿歌舞伎町一番街店,
?????,C8,97A19,九段食堂,,
?????,C8,97A1A,九段食堂,,
?????,C8,98D6C,自動販売機,茨城県立中央病院,2階 通路内
?????,C8,99853,自動販売機,ダイバーシティ東京プラザ,3階 フードコート奥 トイレ前
?????,C8,99854,自動販売機,ダイバーシティ東京プラザ,3階 フードコート奥 トイレ前
?????,C8,9A2D7,自動販売機,コナミクリエイティブフロント東京ベイ,1階 トイレ前
?????,C8,9D8AF,自動販売機,千波大橋下公衆トイレ前,
?????,C8,9D8B8,自動販売機,ヒタチエ,本館 西側入口付近
?????,C8,9D8F8,自動販売機,ヒタチエ,本館 正面入口付近 風除室内
?????,C8,9D914,自動販売機,日和山公園第一駐車場入口向かい,
?????,C8,9E245,自動販売機,GiGO総本店,地下1階
?????,C8,9E5D4,自動販売機,GiGO総本店,地下1階
?????,C8,9EBE2,自動販売機,ロゼオ水戸,広場内
?????,C8,9EBE3,自動販売機,ロゼオ水戸,北側 駐輪場内
?????,C8,9ECEB,自動販売機,ヒタチエ,本館 2階 フードコート向かい
?????,C8,9EDA9,自動販売機,エスカード牛久,2階 東出入口
?????,C8,A03CE,自動販売機,道の駅たがみ,
?????,C8,A72C1,自動販売機,鵠沼海浜公園HUG-RIDE PARK,C棟横 (トイレ向かい)
?????,C8,A85E7,自動販売機,有明アーバンスポーツパーク,物販棟横
?????,C8,A8600,自動販売機,有明アーバンスポーツパーク,入口案内板 後方
?????,C8,A8BE1,渋谷かっちゃんラーメン,,
?????,C8,A8F39,自動販売機,ヒタチエ,本館 5階 エスカレータ付近
?????,C8,A8F6E,自動販売機,ファーストパーク泉2丁目パーキング,
?????,C8,A9D8C,自動販売機,有明アーバンスポーツパーク,物販棟横
?????,C8,A9D8D,自動販売機,有明アーバンスポーツパーク,入口案内板 後方
?????,C8,A9D8E,自動販売機,有明アーバンスポーツパーク,入口案内板 後方
?????,C8,AA2BC,#濃厚鶏そば#麺屋武一,初台店,
?????,C8,AAE79,セブン銀行,セブン‐イレブン 鎌倉七里ガ浜店 共同出張所,
?????,C8,AAE80,セブン銀行,セブン‐イレブン 小田急マルシェ新宿店 共同出張所,
?????,C8,AAE88,セブン銀行,セブン‐イレブン 小田急新松田店 共同出張所,
?????,C8,AAE8A,セブン銀行,セブン‐イレブン 小田急六会日大前店 共同出張所,
?????,C8,AAE8D,セブン銀行,セブン‐イレブン グランドプリンスホテル新高輪店 共同出張所,
?????,C8,AAE91,セブン銀行,セブン‐イレブン 小田急伊勢原北口店 共同出張所,
?????,C8,AAE92,セブン銀行,セブン‐イレブン 小田急サザンタワー店 共同出張所,
?????,C8,AAE93,セブン銀行,セブン‐イレブン 小田急マルシェ伊勢原店 共同出張所,
?????,C8,AAE9E,セブン銀行,セブン‐イレブン 横浜三ツ沢上町店 共同出張所,
?????,C8,AAE9F,セブン銀行,セブン‐イレブン 横浜山手駅前店 共同出張所,
?????,C8,AAEB8,セブン銀行,セブン‐イレブン 大田区羽田店 共同出張所,
?????,C8,AAEB9,セブン銀行,セブン‐イレブン 横浜太田町3丁目店 共同出張所,
?????,C8,AAEE9,セブン銀行,セブン‐イレブン 横浜ランドマークプラザ店 共同出張所,
?????,C8,AAEEA,セブン銀行,セブン‐イレブン 横浜ランドマークプラザ店 共同出張所,
?????,C8,AAF02,セブン銀行,セブン‐イレブン 京王橋本駅店 共同出張所,
?????,C8,AAF0A,セブン銀行,セブン‐イレブン 横浜桜木町駅前店 共同出張所,
?????,C8,AAF0B,セブン銀行,セブン‐イレブン 横浜桜木町駅前店 共同出張所,
?????,C8,AAF0F,セブン銀行,セブン‐イレブン 京王永福町駅店 共同出張所,
?????,C8,AAF10,セブン銀行,セブン‐イレブン 京王下北沢駅店 共同出張所,
?????,C8,AAF20,セブン銀行,セブン‐イレブン 大田区美原通り店 共同出張所,
?????,C8,AAF2C,セブン銀行,セブン‐イレブン 川崎砂子1丁目店 共同出張所,
?????,C8,AAF2D,セブン銀行,セブン‐イレブン 川崎砂子1丁目店 共同出張所,
?????,C8,AAF32,セブン銀行,セブン‐イレブン 大田区仲六郷2丁目店 共同出張所,
?????,C8,AAF33,セブン銀行,セブン‐イレブン 大田区仲六郷2丁目店 共同出張所,
?????,C8,AAF36,セブン銀行,セブン‐イレブン 大田区大森北4丁目店 共同出張所,
?????,C8,AAF65,セブン銀行,セブン‐イレブン 川崎浅田4丁目店 共同出張所,
?????,C8,AAF67,セブン銀行,セブン‐イレブン 京急ST横浜中央改札店 共同出張所,
?????,C8,AAF68,セブン銀行,セブン‐イレブン 京急ST横浜中央改札店 共同出張所,
?????,C8,AAF69,セブン銀行,セブン‐イレブン 京急ST横浜北口改札店 共同出張所,
?????,C8,AAF6B,We Proudly Serve Starbucks,SCSK株式会社,
?????,C8,AAF6E,セブン銀行,セブン‐イレブン 京急ST羽田空港第1ターミナル店 共同出張所,
?????,C8,AAF9D,セブン銀行,セブン‐イレブン 京急ST追浜店 共同出張所,
?????,C8,AAFA7,セブン銀行,セブン‐イレブン 横浜鳥浜町南店 共同出張所,
?????,C8,AAFB2,セブン銀行,セブン‐イレブン 京急ST横須賀中央東口店 共同出張所,
?????,C8,AAFB3,セブン銀行,セブン‐イレブン 京急ST横須賀中央東口店 共同出張所,
?????,C8,AAFD8,セブン銀行,セブン‐イレブン 横浜福浦1丁目店 共同出張所,
?????,C8,AAFDC,セブン銀行,セブン‐イレブン 横浜太田町6丁目店 共同出張所,
?????,C8,AAFDF,セブン銀行,セブン‐イレブン 京急ST上大岡京急店 共同出張所,
?????,C8,AAFE0,セブン銀行,セブン‐イレブン 京急ST上大岡京急店 共同出張所,
?????,C8,AAFE5,セブン銀行,セブン‐イレブン 大田区羽田1丁目店 共同出張所,
?????,C8,AB009,セブン銀行,セブン‐イレブン 横浜中華街朱雀門店 共同出張所,
?????,C8,AB028,セブン銀行,セブン‐イレブン 京急ST穴守稲荷店 共同出張所,
?????,C8,AB02E,セブン銀行,セブン‐イレブン 横浜子安通2丁目店 共同出張所,
?????,C8,AB030,セブン銀行,セブン‐イレブン 横浜クロスゲート店 共同出張所,
?????,C8,AB037,セブン銀行,セブン‐イレブン 京急STみなとみらい横浜南改札店 共同出張所,
?????,C8,AB038,セブン銀行,セブン‐イレブン 京急STみなとみらい横浜南改札店 共同出張所,
?????,C8,AB03A,セブン銀行,セブン‐イレブン 川崎駅北店 共同出張所,
?????,C8,AB04F,セブン銀行,セブン‐イレブン 7FSパシフィコ横浜店 共同出張所,
?????,C8,AB050,セブン銀行,セブン‐イレブン 川崎駅前南店 共同出張所,
?????,C8,AB054,セブン銀行,セブン‐イレブン 川崎殿町3丁目店 共同出張所,
?????,C8,AB069,セブン銀行,セブン‐イレブン 横浜不老町1丁目店 共同出張所,
?????,C8,AB06C,セブン銀行,セブン‐イレブン 横浜中華街東門店 共同出張所,
?????,C8,AB06D,セブン銀行,セブン‐イレブン 横浜中華街東門店 共同出張所,
?????,C8,AB06F,セブン銀行,セブン‐イレブン 京急ST雑色店 共同出張所,
?????,C8,AB073,セブン銀行,セブン‐イレブン 川崎銀柳街店 共同出張所,
?????,C8,AB074,セブン銀行,セブン‐イレブン 川崎銀柳街店 共同出張所,
?????,C8,AB097,セブン銀行,セブン‐イレブン 横浜山下町本町通り店 共同出張所,
?????,C8,AB099,セブン銀行,セブン‐イレブン 川崎アゼリア店 共同出張所,
?????,C8,AB09A,セブン銀行,セブン‐イレブン STみなとみらい駅改札内店 共同出張所,
?????,C8,AB0B5,セブン銀行,セブン‐イレブン 羽田空港第1ターミナル店 共同出張所,
?????,C8,AB0BB,セブン銀行,セブン‐イレブン 横浜ポルタ店 共同出張所,
?????,C8,AB0BD,セブン銀行,セブン‐イレブン 京急ST金沢八景店 共同出張所,
?????,C8,AB0BE,セブン銀行,セブン‐イレブン 横浜みなとみらい4丁目店 共同出張所,
?????,C8,AB0C6,セブン銀行,セブン‐イレブン 京急STウイングキッチン川崎店 共同出張所,
?????,C8,AB0E9,セブン銀行,セブン‐イレブン 大森本町2丁目店 共同出張所,
?????,C8,AB0EA,セブン銀行,セブン‐イレブン 京急ST金沢文庫中央店 共同出張所,
?????,C8,AB0EB,セブン銀行,セブン‐イレブン 京急ST金沢文庫中央店 共同出張所,
?????,C8,AB0EF,セブン銀行,セブン‐イレブン 京急ST蒲田改札内店 共同出張所,
?????,C8,AB114,セブン銀行,セブン‐イレブン 横浜シンフォステージ店 共同出張所,
?????,C8,AB1E8,ローソン,メトロス門前仲町西口店,
?????,C8,AB21D,ローソン,京王クラウン街笹塚店,
?????,C8,AB3BF,自動販売機,自販機レストラン グルメ24,
?????,C8,AB3D7,自動販売機,羽田空港,第2ターミナル バス出発ラウンジ 513番ゲート側
?????,C8,AB788,自動販売機,大阪国際空港,ラウンジオーサカ ネスプレッソ
?????,C8,AB89F,セブン銀行,セブン‐イレブン 名古屋椿町店 共同出張所,
?????,C8,AB8A0,セブン銀行,セブン‐イレブン 名古屋椿町店 共同出張所,
?????,C8,AB93F,自動販売機,湯瀬PA(下り),
?????,C8,AB9A2,セブン銀行,セブン‐イレブン 日進赤池3丁目店 共同出張所,
?????,C8,AB9DA,自動販売機,イオンモール大日,地下1階 受取り専用ローカー隣
?????,C8,ABA55,セブン銀行,セブン‐イレブン 名古屋中区役所前店 共同出張所,
?????,C8,ABA56,セブン銀行,セブン‐イレブン 名古屋中区役所前店 共同出張所,
?????,C8,ABD4E,セブン銀行,セブン‐イレブン 富士宮淀川町店 共同出張所,
?????,C8,ABDCC,セブン銀行,セブン‐イレブン 浜松有楽街店 共同出張所,
?????,C8,ABDCD,セブン銀行,セブン‐イレブン 浜松有楽街店 共同出張所,
?????,C8,ABE58,セブン銀行,セブン‐イレブン 名古屋東桜1丁目店 共同出張所,
?????,C8,ABF0E,セブン銀行,セブン‐イレブン 名古屋太閤1丁目店 共同出張所,
?????,C8,ABF3F,セブン銀行,セブン‐イレブン 名古屋代官町店 共同出張所,
?????,C8,ABFA8,セブン銀行,セブン‐イレブン 名古屋東別院駅南店 共同出張所,
?????,C8,ABFD1,俺流塩らーめん,渋谷総本店,
?????,C8,ABFE7,セブン銀行,セブン‐イレブン 名古屋東別院駅北店 共同出張所,
?????,C8,AC046,セブン銀行,松坂屋 名古屋店 共同出張所,
?????,C8,AC061,セブン銀行,田子重 西中原店 共同出張所,
?????,C8,AC07D,セブン銀行,名古屋うまいもん通り 共同出張所,
?????,C8,AC096,セブン銀行,四郷ショッピングセンター 共同出張所,
?????,C8,AC09F,セブン銀行,田子重 セナ店 共同出張所,
?????,C8,AC0A1,セブン銀行,ミュープラット金山 共同出張所,
?????,C8,AC0A2,セブン銀行,JR豊橋駅在来線改札内 共同出張所,
?????,C8,AC0A3,セブン銀行,JR豊橋駅在来線改札内 共同出張所,
?????,C8,AC0A5,セブン銀行,名古屋市営地下鉄 桜通線 名古屋駅 共同出張所,
?????,C8,AC0CB,セブン銀行,伊豆箱根鉄道三島駅 共同出張所,
?????,C8,AC122,セブン銀行,アスティ松阪 共同出張所,
?????,C8,AC127,セブン銀行,東名阪自動車道 御在所サービスエリア 下り 共同出張所,
?????,C8,AC15A,セブン銀行,セブン‐イレブン 新名神鈴鹿PA店 共同出張所,
?????,C8,AC1C6,セブン銀行,ループ金山 共同出張所,
?????,C8,AC1D9,セブン銀行,名古屋市営地下鉄 東山線 名古屋駅 共同出張所,
?????,C8,AC1DA,セブン銀行,名古屋市営地下鉄 東山線 名古屋駅 共同出張所,
?????,C8,AC1DD,セブン銀行,名古屋市営地下鉄 鶴舞線 伏見駅 共同出張所,
?????,C8,AC2CB,セブン銀行,松坂屋静岡店 共同出張所,
?????,C8,AC2E0,セブン銀行,田子重 登呂田店 共同出張所,
?????,C8,AC6A9,セブン銀行,セブン‐イレブン 田川バイパスみそぎ店 共同出張所,
?????,C8,AC7A6,自動販売機,アパホテル&リゾート\<札幌\>,1F 大浴場 入口
?????,C8,ACB73,セブン銀行,イトーヨーカドー 大井町店 共同出張所,
?????,C8,ACB74,セブン銀行,イトーヨーカドー 大井町店 共同出張所,
?????,C8,ACB75,セブン銀行,イトーヨーカドー 大井町店 共同出張所,
?????,C8,ACBD4,セブン銀行,イトーヨーカドー 赤羽店 共同出張所,
?????,C8,ACC01,セブン銀行,イトーヨーカドー 立場店 共同出張所,
?????,C8,ACC02,セブン銀行,イトーヨーカドー 立場店 共同出張所,
?????,C8,ACC2F,セブン銀行,イトーヨーカドー グランツリー武蔵小杉店 共同出張所,
?????,C8,ACC30,セブン銀行,ヨーク ヨークフーズ中野店 共同出張所,
?????,C8,ACC3E,セブン銀行,イトーヨーカドー 赤羽店 共同出張所,
?????,C8,ACC3F,セブン銀行,イトーヨーカドー 赤羽店 共同出張所,
?????,C8,ACC48,セブン銀行,イトーヨーカドー 立場店 共同出張所,
?????,C8,ACC5C,セブン銀行,イトーヨーカドー グランツリー武蔵小杉店 共同出張所,
?????,C8,ACC68,セブン銀行,イトーヨーカドー グランツリー武蔵小杉店 共同出張所,
?????,C8,ACC6D,セブン銀行,イトーヨーカドー グランツリー武蔵小杉店 共同出張所,
?????,C8,ACC74,セブン銀行,ヨークベニマル 東大島店 共同出張所,
?????,C8,ACC79,セブン銀行,ヨークベニマル 牛久南店 共同出張所,
?????,C8,ACC86,セブン銀行,ヨークベニマル つくば竹園店 共同出張所,
?????,C8,ACC87,セブン銀行,ヨークベニマル ひたち野うしく店 共同出張所,
?????,C8,ACC8C,セブン銀行,ヨークベニマル 守谷店 共同出張所,
?????,C8,ACC9A,セブン銀行,ヨークベニマル 土浦生田町店 共同出張所,
?????,C8,ACCA2,セブン銀行,ヨークベニマル 日立河原子町店 共同出張所,
?????,C8,ACCA4,セブン銀行,ヨークベニマル 石岡西店 共同出張所,
?????,C8,ACCC9,セブン銀行,ヨークベニマル 石岡店 共同出張所,
?????,C8,ACCCA,セブン銀行,ヨークベニマル 水戸笠原店 共同出張所,
?????,C8,ACCED,セブン銀行,ヨークベニマル 赤塚店 共同出張所,
?????,C8,ACCF4,セブン銀行,ヨークベニマル ひたちなか店 共同出張所,
?????,C8,ACCFA,セブン銀行,ヨークベニマル 日立会瀬店 共同出張所,
?????,C8,ACCFB,セブン銀行,ヨークベニマル あすと長町店 共同出張所,
?????,C8,ACD03,セブン銀行,ヨークベニマル 水戸浜田店 共同出張所,
?????,C8,ACD08,セブン銀行,ヨークベニマル 大成店 共同出張所,
?????,C8,ACD0A,セブン銀行,ヨークベニマル 羽鳥東店 共同出張所,
?????,C8,ACD0B,セブン銀行,ヨークベニマル 双葉台店 共同出張所,
?????,C8,ACD0C,セブン銀行,ヨークベニマル 佐和店 共同出張所,
?????,C8,ACD0F,セブン銀行,ヨークベニマル 那珂湊店 共同出張所,
?????,C8,ACD11,セブン銀行,ヨークベニマル 新原店 共同出張所,
?????,C8,ACD18,セブン銀行,ヨークベニマル 友部東平店 共同出張所,
?????,C8,ACD1A,セブン銀行,ヨークベニマル 土浦真鍋店 共同出張所,
?????,C8,ACD1F,セブン銀行,セブン‐イレブン 豊洲店 共同出張所,
?????,C8,ACD20,セブン銀行,セブン‐イレブン 豊洲店 共同出張所,
?????,C8,ACD7C,セブン銀行,セブン‐イレブン 千駄ケ谷店 共同出張所,
?????,C8,ACD96,セブン銀行,セブン‐イレブン 西池袋二又店 共同出張所,
?????,C8,ACDE4,セブン銀行,セブン‐イレブン 豊玉上店 共同出張所,
?????,C8,ACE68,セブン銀行,セブン‐イレブン 中野6丁目店 共同出張所,
?????,C8,ACE7D,セブン銀行,セブン‐イレブン 妙蓮寺駅前店 共同出張所,
?????,C8,ACE7E,セブン銀行,セブン‐イレブン 妙蓮寺駅前店 共同出張所,
?????,C8,ACEBF,セブン銀行,セブン‐イレブン 鎌倉稲村が崎店 共同出張所,
?????,C8,ACECA,セブン銀行,セブン‐イレブン 杉並大宮店 共同出張所,
?????,C8,ACEE3,セブン銀行,セブン‐イレブン 水戸河和田店 共同出張所,
?????,C8,ACF02,セブン銀行,セブン‐イレブン 中野鷺宮店 共同出張所,
?????,C8,ACF3B,セブン銀行,セブン‐イレブン 品川天王洲店 共同出張所,
?????,C8,ACF87,セブン銀行,セブン‐イレブン 相模原橋本駅東店 共同出張所,
?????,C8,ACF88,セブン銀行,セブン‐イレブン 相模原橋本駅東店 共同出張所,
?????,C8,ACFED,セブン銀行,セブン‐イレブン 渋谷笹塚駅前店 共同出張所,
?????,C8,ACFEE,セブン銀行,セブン‐イレブン 渋谷笹塚駅前店 共同出張所,
?????,C8,AD03D,セブン銀行,セブン‐イレブン 鴻巣赤見台店 共同出張所,
?????,C8,AD048,セブン銀行,セブン‐イレブン 練馬高野台駅前店 共同出張所,
?????,C8,AD049,セブン銀行,セブン‐イレブン 練馬高野台駅前店 共同出張所,
?????,C8,AD072,セブン銀行,セブン‐イレブン 水戸大工町店 共同出張所,
?????,C8,AD0C9,セブン銀行,セブン‐イレブン 新宿神楽坂駅西店 共同出張所,
?????,C8,AD0CB,セブン銀行,セブン‐イレブン 王子1丁目店 共同出張所,
?????,C8,AD16F,セブン銀行,セブン‐イレブン 宇都宮駅前店 共同出張所,
?????,C8,AD174,セブン銀行,セブン‐イレブン 永福北口店 共同出張所,
?????,C8,AD175,セブン銀行,セブン‐イレブン キヨスクJR糸魚川駅店 共同出張所,
?????,C8,AD179,セブン銀行,セブン‐イレブン 越後湯沢西口店 共同出張所,
?????,C8,AD194,セブン銀行,セブン‐イレブン 石神井南店 共同出張所,
?????,C8,AD19C,セブン銀行,セブン‐イレブン 土浦荒川沖駅前店 共同出張所,
?????,C8,AD1A6,セブン銀行,セブン‐イレブン 豊島園駅前店 共同出張所,
?????,C8,AD1D4,セブン銀行,セブン‐イレブン 水戸見川店 共同出張所,
?????,C8,AD216,セブン銀行,セブン‐イレブン 相模原境橋店 共同出張所,
?????,C8,AD21B,セブン銀行,セブン‐イレブン 内原町役場前店 共同出張所,
?????,C8,AD247,セブン銀行,セブン‐イレブン 水戸西原店 共同出張所,
?????,C8,AD256,セブン銀行,セブン‐イレブン 水戸堀町南店 共同出張所,
?????,C8,AD283,セブン銀行,セブン‐イレブン 豊島西池袋1丁目店 共同出張所,
?????,C8,AD290,セブン銀行,セブン‐イレブン 水戸城南店 共同出張所,
?????,C8,AD299,セブン銀行,セブン‐イレブン 新宿大久保駅前店 共同出張所,
?????,C8,AD29A,セブン銀行,セブン‐イレブン 新宿大久保駅前店 共同出張所,
?????,C8,AD319,セブン銀行,セブン‐イレブン 栃木駅南店 共同出張所,
?????,C8,AD334,セブン銀行,セブン‐イレブン 日立河原子海岸入口店 共同出張所,
?????,C8,AD338,セブン銀行,セブン‐イレブン 池袋西一番街店 共同出張所,
?????,C8,AD339,セブン銀行,セブン‐イレブン 池袋西一番街店 共同出張所,
?????,C8,AD33A,セブン銀行,セブン‐イレブン 品川駅前店 共同出張所,
?????,C8,AD33C,セブン銀行,セブン‐イレブン 文京神田明神下店 共同出張所,
?????,C8,AD353,セブン銀行,セブン‐イレブン 川崎京王稲田堤北口店 共同出張所,
?????,C8,AD39A,セブン銀行,セブン‐イレブン 水戸城東店 共同出張所,
?????,C8,AD3BA,セブン銀行,セブン‐イレブン 友部旭町西原店 共同出張所,
?????,C8,AD3F2,セブン銀行,セブン‐イレブン 新宿2丁目店 共同出張所,
?????,C8,AD3F3,セブン銀行,セブン‐イレブン 新宿2丁目店 共同出張所,
?????,C8,AD3FB,セブン銀行,セブン‐イレブン 上目黒2丁目店 共同出張所,
?????,C8,AD3FC,セブン銀行,セブン‐イレブン 上目黒2丁目店 共同出張所,
?????,C8,AD411,セブン銀行,セブン‐イレブン 浦佐駅前店 共同出張所,
?????,C8,AD42B,セブン銀行,セブン‐イレブン 東所沢駅前店 共同出張所,
?????,C8,AD42C,セブン銀行,セブン‐イレブン 東所沢駅前店 共同出張所,
?????,C8,AD43B,セブン銀行,セブン‐イレブン 水戸南町3丁目店 共同出張所,
?????,C8,AD45D,セブン銀行,セブン‐イレブン 東中野3丁目店 共同出張所,
?????,C8,AD4B2,セブン銀行,セブン‐イレブン 神田須田町1丁目店 共同出張所,
?????,C8,AD4D8,セブン銀行,セブン‐イレブン 下目黒1丁目店 共同出張所,
?????,C8,AD4D9,セブン銀行,セブン‐イレブン 下目黒1丁目店 共同出張所,
?????,C8,AD4F5,セブン銀行,セブン‐イレブン 渋谷セルリアンタワー店 共同出張所,
?????,C8,AD518,セブン銀行,セブン‐イレブン 水戸末広町店 共同出張所,
?????,C8,AD549,セブン銀行,セブン‐イレブン 船橋海神一丁目店 共同出張所,
?????,C8,AD550,セブン銀行,セブン‐イレブン 渋谷オペラ通り店 共同出張所,
?????,C8,AD551,セブン銀行,セブン‐イレブン 渋谷オペラ通り店 共同出張所,
?????,C8,AD567,セブン銀行,セブン‐イレブン 世田谷桜新町駅前店 共同出張所,
?????,C8,AD568,セブン銀行,セブン‐イレブン 世田谷桜新町駅前店 共同出張所,
?????,C8,AD572,セブン銀行,セブン‐イレブン 三郷早稲田4丁目店 共同出張所,
?????,C8,AD573,セブン銀行,セブン‐イレブン 三郷早稲田4丁目店 共同出張所,
?????,C8,AD578,セブン銀行,セブン‐イレブン 西新宿7丁目店 共同出張所,
?????,C8,AD579,セブン銀行,セブン‐イレブン 西新宿7丁目店 共同出張所,
?????,C8,AD585,セブン銀行,セブン‐イレブン 立川曙町2丁目店 共同出張所,
?????,C8,AD5CC,セブン銀行,セブン‐イレブン ひたちなか東大島1丁目店 共同出張所,
?????,C8,AD5FC,セブン銀行,セブン‐イレブン 水戸河和田町中道店 共同出張所,
?????,C8,AD5FD,セブン銀行,セブン‐イレブン 水戸河和田町中道店 共同出張所,
?????,C8,AD606,セブン銀行,セブン‐イレブン 練馬春日町6丁目店 共同出張所,
?????,C8,AD619,セブン銀行,セブン‐イレブン 飯田橋4丁目店 共同出張所,
?????,C8,AD628,セブン銀行,セブン‐イレブン 新宿揚場町店 共同出張所,
?????,C8,AD629,セブン銀行,セブン‐イレブン 新宿揚場町店 共同出張所,
?????,C8,AD6AF,セブン銀行,セブン‐イレブン 水戸見和2丁目店 共同出張所,
?????,C8,AD6D8,セブン銀行,セブン‐イレブン 品川イーストワンタワー店 共同出張所,
?????,C8,AD6D9,セブン銀行,セブン‐イレブン 品川イーストワンタワー店 共同出張所,
?????,C8,AD73A,セブン銀行,セブン‐イレブン 渋谷代々木1丁目店 共同出張所,
?????,C8,AD73B,セブン銀行,セブン‐イレブン 渋谷代々木1丁目店 共同出張所,
?????,C8,AD752,セブン銀行,セブン‐イレブン 秋葉原駅北店 共同出張所,
?????,C8,AD753,セブン銀行,セブン‐イレブン 秋葉原駅北店 共同出張所,
?????,C8,AD754,セブン銀行,セブン‐イレブン 秋葉原駅北店 共同出張所,
?????,C8,AD77D,セブン銀行,セブン‐イレブン 九段南大妻通り店 共同出張所,
?????,C8,AD7B1,セブン銀行,セブン‐イレブン 水戸堀十文字店 共同出張所,
?????,C8,AD7C5,セブン銀行,セブン‐イレブン 赤坂2丁目店 共同出張所,
?????,C8,AD7C6,セブン銀行,セブン‐イレブン 赤坂2丁目店 共同出張所,
?????,C8,AD7C7,セブン銀行,セブン‐イレブン 神田神保町1丁目店 共同出張所,
?????,C8,AD7DC,セブン銀行,セブン‐イレブン 飯田橋アイガーデンテラス店 共同出張所,
?????,C8,AD7DD,セブン銀行,セブン‐イレブン 飯田橋アイガーデンテラス店 共同出張所,
?????,C8,AD7E5,セブン銀行,セブン‐イレブン 水戸赤塚1丁目店 共同出張所,
?????,C8,AD7F2,セブン銀行,セブン‐イレブン 日立東町4丁目店 共同出張所,
?????,C8,AD821,セブン銀行,セブン‐イレブン 中野桃園店 共同出張所,
?????,C8,AD848,セブン銀行,あべちか 共同出張所,
?????,C8,AD86D,セブン銀行,セブン‐イレブン 大和中央林間駅前店 共同出張所,
?????,C8,AD86E,セブン銀行,セブン‐イレブン 大和中央林間駅前店 共同出張所,
?????,C8,AD870,セブン銀行,セブン‐イレブン 世田谷キャロットタワー前店 共同出張所,
?????,C8,AD871,セブン銀行,セブン‐イレブン 世田谷キャロットタワー前店 共同出張所,
?????,C8,AD88B,セブン銀行,セブン‐イレブン 浅草国際通り店 共同出張所,
?????,C8,AD88C,セブン銀行,セブン‐イレブン 浅草国際通り店 共同出張所,
?????,C8,AD88D,セブン銀行,セブン‐イレブン 浅草国際通り店 共同出張所,
?????,C8,AD902,セブン銀行,セブン‐イレブン 千代田二番町店 共同出張所,
?????,C8,AD959,セブン銀行,セブン‐イレブン 神田神保町2丁目店 共同出張所,
?????,C8,AD95A,セブン銀行,セブン‐イレブン 神田神保町2丁目店 共同出張所,
?????,C8,AD95D,セブン銀行,セブン‐イレブン 麹町駅前店 共同出張所,
?????,C8,AD95E,セブン銀行,セブン‐イレブン 麹町駅前店 共同出張所,
?????,C8,AD967,セブン銀行,セブン‐イレブン 水戸大塚町店 共同出張所,
?????,C8,AD96A,セブン銀行,セブン‐イレブン 小田原東通り店 共同出張所,
?????,C8,AD98D,セブン銀行,セブン‐イレブン 品川東五反田1丁目店 共同出張所,
?????,C8,AD98E,セブン銀行,セブン‐イレブン 品川東五反田1丁目店 共同出張所,
?????,C8,AD9AA,セブン銀行,セブン‐イレブン 下館駅南口店 共同出張所,
?????,C8,AD9C8,セブン銀行,セブン‐イレブン 立川駅南口店 共同出張所,
?????,C8,AD9C9,セブン銀行,セブン‐イレブン 立川駅南口店 共同出張所,
?????,C8,AD9CB,セブン銀行,セブン‐イレブン 八王子旭町店 共同出張所,
?????,C8,AD9CC,セブン銀行,セブン‐イレブン 八王子旭町店 共同出張所,
?????,C8,ADA25,セブン銀行,セブン‐イレブン 銀座3丁目店 共同出張所,
?????,C8,ADA44,セブン銀行,セブン‐イレブン 千代田区麹町4丁目店 共同出張所,
?????,C8,ADA4C,セブン銀行,セブン‐イレブン 水戸白梅4丁目店 共同出張所,
?????,C8,ADA87,セブン銀行,セブン‐イレブン 渋谷代々木1丁目南店 共同出張所,
?????,C8,ADAC6,セブン銀行,セブン‐イレブン 日立鮎川町1丁目店 共同出張所,
?????,C8,ADACB,セブン銀行,セブン‐イレブン 友部八雲店 共同出張所,
?????,C8,ADB44,セブン銀行,セブン‐イレブン 高円寺純情商店街店 共同出張所,
?????,C8,ADB4E,セブン銀行,セブン‐イレブン 渋谷幡ヶ谷駅前店 共同出張所,
?????,C8,ADB4F,セブン銀行,セブン‐イレブン 渋谷幡ヶ谷駅前店 共同出張所,
?????,C8,ADB52,セブン銀行,セブン‐イレブン 港区海岸1丁目店 共同出張所,
?????,C8,ADB53,セブン銀行,セブン‐イレブン 港区海岸1丁目店 共同出張所,
?????,C8,ADB85,セブン銀行,セブン‐イレブン 虎ノ門駅前店 共同出張所,
?????,C8,ADB9C,セブン銀行,セブン‐イレブン 渋谷道玄坂2丁目店 共同出張所,
?????,C8,ADB9D,セブン銀行,セブン‐イレブン 渋谷道玄坂2丁目店 共同出張所,
?????,C8,ADBB2,セブン銀行,セブン‐イレブン 外神田4丁目店 共同出張所,
?????,C8,ADBB3,セブン銀行,セブン‐イレブン 外神田4丁目店 共同出張所,
?????,C8,ADBC2,セブン銀行,セブン‐イレブン 北の丸スクエア店 共同出張所,
?????,C8,ADBFF,セブン銀行,セブン‐イレブン ワールドビジネスガーデン店 共同出張所,
?????,C8,ADC00,セブン銀行,セブン‐イレブン ワールドビジネスガーデン店 共同出張所,
?????,C8,ADC17,セブン銀行,セブン‐イレブン 渋谷桜丘店 共同出張所,
?????,C8,ADC18,セブン銀行,セブン‐イレブン 渋谷桜丘店 共同出張所,
?????,C8,ADC7C,セブン銀行,セブン‐イレブン TOC有明店 共同出張所,
?????,C8,ADC9D,セブン銀行,セブン‐イレブン 栃木駅前通り店 共同出張所,
?????,C8,ADCAE,セブン銀行,セブン‐イレブン 水戸五軒町2丁目店 共同出張所,
?????,C8,ADCB2,セブン銀行,セブン‐イレブン 品川駅港南口店 共同出張所,
?????,C8,ADCB3,セブン銀行,セブン‐イレブン 品川駅港南口店 共同出張所,
?????,C8,ADCB4,セブン銀行,セブン‐イレブン 品川駅港南口店 共同出張所,
?????,C8,ADCB5,セブン銀行,セブン‐イレブン 新木場1丁目店 共同出張所,
?????,C8,ADCD0,セブン銀行,セブン‐イレブン 水戸駅南口店 共同出張所,
?????,C8,ADCD8,セブン銀行,セブン‐イレブン 新宿落合駅前店 共同出張所,
?????,C8,ADCF8,セブン銀行,セブン‐イレブン 練馬西大泉4丁目店 共同出張所,
?????,C8,ADCF9,セブン銀行,セブン‐イレブン 西東京北町3丁目店 共同出張所,
?????,C8,ADCFC,セブン銀行,セブン‐イレブン 九段北4丁目店 共同出張所,
?????,C8,ADD16,セブン銀行,セブン‐イレブン 練馬上石神井立野橋店 共同出張所,
?????,C8,ADD68,セブン銀行,セブン‐イレブン 目黒大橋2丁目店 共同出張所,
?????,C8,ADD69,セブン銀行,セブン‐イレブン 目黒大橋2丁目店 共同出張所,
?????,C8,ADD7E,セブン銀行,セブン‐イレブン 秋葉原センタープレイス店 共同出張所,
?????,C8,ADD9C,セブン銀行,セブン‐イレブン 豊島劇場通り東店 共同出張所,
?????,C8,ADDA2,セブン銀行,セブン‐イレブン 目黒行人坂店 共同出張所,
?????,C8,ADDB8,セブン銀行,セブン‐イレブン 渋谷宇田川町北店 共同出張所,
?????,C8,ADDB9,セブン銀行,セブン‐イレブン 渋谷宇田川町北店 共同出張所,
?????,C8,ADDBD,セブン銀行,セブン‐イレブン 武蔵関駅北口店 共同出張所,
?????,C8,ADDBE,セブン銀行,セブン‐イレブン 武蔵関駅北口店 共同出張所,
?????,C8,ADE07,セブン銀行,セブン‐イレブン いわき平下の町店 共同出張所,
?????,C8,ADE1B,セブン銀行,セブン‐イレブン 東京ドームシティミーツポート店 共同出張所,
?????,C8,ADE1C,セブン銀行,セブン‐イレブン 東京ドームシティミーツポート店 共同出張所,
?????,C8,ADE77,セブン銀行,セブン‐イレブン 鎌ヶ谷総合病院前店 共同出張所,
?????,C8,ADE9F,セブン銀行,セブン‐イレブン 7FS公立昭和病院店 共同出張所,
?????,C8,ADEDC,セブン銀行,セブン‐イレブン 調布飛田給駅北口店 共同出張所,
?????,C8,ADEDD,セブン銀行,セブン‐イレブン 調布飛田給駅北口店 共同出張所,
?????,C8,ADEE5,セブン銀行,セブン‐イレブン 熊谷佐谷田店 共同出張所,
?????,C8,ADF10,セブン銀行,セブン‐イレブン 渋谷代々木2丁目店 共同出張所,
?????,C8,ADF11,セブン銀行,セブン‐イレブン 新宿駅靖国通り店 共同出張所,
?????,C8,ADF16,セブン銀行,セブン‐イレブン 上目黒3丁目店 共同出張所,
?????,C8,ADF17,セブン銀行,セブン‐イレブン 上目黒3丁目店 共同出張所,
?????,C8,ADF60,セブン銀行,セブン‐イレブン 葛飾新小岩駅北口店 共同出張所,
?????,C8,ADF61,セブン銀行,セブン‐イレブン 葛飾新小岩駅北口店 共同出張所,
?????,C8,ADF66,セブン銀行,セブン‐イレブン 渋谷千駄ヶ谷1丁目店 共同出張所,
?????,C8,ADF6A,セブン銀行,セブン‐イレブン アトレ取手店 共同出張所,
?????,C8,ADF6D,セブン銀行,セブン‐イレブン 東池袋1丁目店 共同出張所,
?????,C8,ADF6E,セブン銀行,セブン‐イレブン 東池袋1丁目店 共同出張所,
?????,C8,ADF6F,セブン銀行,セブン‐イレブン 東池袋1丁目店 共同出張所,
?????,C8,ADF86,セブン銀行,セブン‐イレブン 大手町カンファレンスセンター店 共同出張所,
?????,C8,ADF87,セブン銀行,セブン‐イレブン 大手町カンファレンスセンター店 共同出張所,
?????,C8,ADF95,セブン銀行,セブン‐イレブン 亀戸十三間通り店 共同出張所,
?????,C8,ADF9D,セブン銀行,セブン‐イレブン 笠間石井店 共同出張所,
?????,C8,ADFEC,セブン銀行,セブン‐イレブン 水戸水高スクエア店 共同出張所,
?????,C8,AE034,セブン銀行,セブン‐イレブン 代々木イースト店 共同出張所,
?????,C8,AE064,セブン銀行,セブン‐イレブン 石岡貝地店 共同出張所,
?????,C8,AE07C,セブン銀行,セブン‐イレブン 渋谷区渋谷2の南店 共同出張所,
?????,C8,AE0A5,セブン銀行,セブン‐イレブン 外神田2丁目妻恋坂店 共同出張所,
?????,C8,AE0A8,セブン銀行,セブン‐イレブン 茅場町駅前店 共同出張所,
?????,C8,AE0A9,セブン銀行,セブン‐イレブン 茅場町駅前店 共同出張所,
?????,C8,AE0DF,セブン銀行,セブン‐イレブン 目黒柳通り店 共同出張所,
?????,C8,AE117,セブン銀行,セブン‐イレブン 中目黒アトラスタワー店 共同出張所,
?????,C8,AE118,セブン銀行,セブン‐イレブン 中目黒アトラスタワー店 共同出張所,
?????,C8,AE132,セブン銀行,セブン‐イレブン ひたちなか武田店 共同出張所,
?????,C8,AE138,セブン銀行,セブン‐イレブン 六本木駅北店 共同出張所,
?????,C8,AE139,セブン銀行,セブン‐イレブン 六本木駅北店 共同出張所,
?????,C8,AE157,セブン銀行,セブン‐イレブン 日立市民運動公園前店 共同出張所,
?????,C8,AE188,セブン銀行,セブン‐イレブン 立川北駅店 共同出張所,
?????,C8,AE193,セブン銀行,セブン‐イレブン 神田小川町2丁目店 共同出張所,
?????,C8,AE1C5,セブン銀行,セブン‐イレブン 池袋2丁目劇場通り店 共同出張所,
?????,C8,AE1C6,セブン銀行,セブン‐イレブン 池袋2丁目劇場通り店 共同出張所,
?????,C8,AE1EF,セブン銀行,セブン‐イレブン 渋谷金王坂上店 共同出張所,
?????,C8,AE205,セブン銀行,セブン‐イレブン 笠間平町店 共同出張所,
?????,C8,AE217,セブン銀行,セブン‐イレブン 神田専大通り店 共同出張所,
?????,C8,AE258,セブン銀行,セブン‐イレブン 原宿竹下通り店 共同出張所,
?????,C8,AE259,セブン銀行,セブン‐イレブン 原宿竹下通り店 共同出張所,
?????,C8,AE25A,セブン銀行,セブン‐イレブン 日比谷駅前店 共同出張所,
?????,C8,AE25B,セブン銀行,セブン‐イレブン 日比谷駅前店 共同出張所,
?????,C8,AE27B,セブン銀行,セブン‐イレブン パレスサイドビル店 共同出張所,
?????,C8,AE2B3,セブン銀行,セブン‐イレブン 豊洲5丁目店 共同出張所,
?????,C8,AE376,セブン銀行,セブン‐イレブン 東武曳舟駅前店 共同出張所,
?????,C8,AE378,セブン銀行,セブン‐イレブン 世田谷三軒茶屋2丁目店 共同出張所,
?????,C8,AE379,セブン銀行,セブン‐イレブン 世田谷三軒茶屋2丁目店 共同出張所,
?????,C8,AE39A,セブン銀行,セブン‐イレブン 水戸三の丸店 共同出張所,
?????,C8,AE3CB,セブン銀行,セブン‐イレブン 池袋3丁目店 共同出張所,
?????,C8,AE3CF,セブン銀行,セブン‐イレブン 世田谷桜新町1丁目店 共同出張所,
?????,C8,AE3EB,セブン銀行,セブン‐イレブン 丸の内永楽ビル店 共同出張所,
?????,C8,AE3EC,セブン銀行,セブン‐イレブン 新橋SL広場前店 共同出張所,
?????,C8,AE3ED,セブン銀行,セブン‐イレブン 新橋SL広場前店 共同出張所,
?????,C8,AE3EF,セブン銀行,セブン‐イレブン 恵比寿駅東口店 共同出張所,
?????,C8,AE3F0,セブン銀行,セブン‐イレブン 目黒青葉台3丁目店 共同出張所,
?????,C8,AE417,セブン銀行,セブン‐イレブン 荒川南千住7丁目南店 共同出張所,
?????,C8,AE423,セブン銀行,セブン‐イレブン 潮来あやめ1丁目店 共同出張所,
?????,C8,AE441,セブン銀行,セブン‐イレブン 北区王子1丁目北店 共同出張所,
?????,C8,AE442,セブン銀行,セブン‐イレブン 北区王子1丁目北店 共同出張所,
?????,C8,AE454,セブン銀行,セブン‐イレブン 相模原上溝6丁目店 共同出張所,
?????,C8,AE45D,セブン銀行,セブン‐イレブン 長津田駅西口店 共同出張所,
?????,C8,AE497,セブン銀行,セブン‐イレブン さいたま大門町1丁目店 共同出張所,
?????,C8,AE498,セブン銀行,セブン‐イレブン さいたま大門町1丁目店 共同出張所,
?????,C8,AE4A0,セブン銀行,セブン‐イレブン 池袋2丁目東店 共同出張所,
?????,C8,AE4B8,セブン銀行,セブン‐イレブン 大和中央林間3丁目店 共同出張所,
?????,C8,AE4E4,セブン銀行,セブン‐イレブン 豊島南池袋1丁目店 共同出張所,
?????,C8,AE53E,セブン銀行,セブン‐イレブン 西武新宿店 共同出張所,
?????,C8,AE53F,セブン銀行,セブン‐イレブン 西武新宿店 共同出張所,
?????,C8,AE545,セブン銀行,セブン‐イレブン 水戸緑岡店 共同出張所,
?????,C8,AE569,セブン銀行,セブン‐イレブン 目黒東が丘2丁目店 共同出張所,
?????,C8,AE57A,セブン銀行,セブン‐イレブン 虎ノ門1丁目店 共同出張所,
?????,C8,AE585,セブン銀行,セブン‐イレブン 渋谷3丁目六本木通り店 共同出張所,
?????,C8,AE587,セブン銀行,セブン‐イレブン 上目黒1丁目店 共同出張所,
?????,C8,AE59F,セブン銀行,セブン‐イレブン 茨城県庁西店 共同出張所,
?????,C8,AE5AF,セブン銀行,セブン‐イレブン ダイバーシティ東京プラザ店 共同出張所,
?????,C8,AE5B0,セブン銀行,セブン‐イレブン ダイバーシティ東京プラザ店 共同出張所,
?????,C8,AE5F0,セブン銀行,セブン‐イレブン 水戸東赤塚店 共同出張所,
?????,C8,AE62F,セブン銀行,セブン‐イレブン 新大久保駅西店 共同出張所,
?????,C8,AE630,セブン銀行,セブン‐イレブン 新大久保駅西店 共同出張所,
?????,C8,AE662,セブン銀行,セブン‐イレブン 水戸東桜川店 共同出張所,
?????,C8,AE67C,セブン銀行,セブン‐イレブン Daiwa荻窪タワー店 共同出張所,
?????,C8,AE682,セブン銀行,セブン‐イレブン 日本橋茅場町2丁目店 共同出張所,
?????,C8,AE68C,セブン銀行,セブン‐イレブン 笠間昭和町店 共同出張所,
?????,C8,AE695,セブン銀行,セブン‐イレブン 有楽町イトシア店 共同出張所,
?????,C8,AE6A3,セブン銀行,セブン‐イレブン 江東潮見2丁目店 共同出張所,
?????,C8,AE6AB,セブン銀行,セブン‐イレブン 水戸中丸町店 共同出張所,
?????,C8,AE6B7,セブン銀行,セブン‐イレブン 新宿駅西店 共同出張所,
?????,C8,AE6B8,セブン銀行,セブン‐イレブン 新宿駅西店 共同出張所,
?????,C8,AE6B9,セブン銀行,セブン‐イレブン 横浜中田東1丁目店 共同出張所,
?????,C8,AE6BA,セブン銀行,セブン‐イレブン 千代田大神宮通り店 共同出張所,
?????,C8,AE6BC,セブン銀行,セブン‐イレブン 飯田橋升本ビル店 共同出張所,
?????,C8,AE6BD,セブン銀行,セブン‐イレブン 飯田橋升本ビル店 共同出張所,
?????,C8,AE6C1,セブン銀行,セブン‐イレブン 江東亀戸駅北店 共同出張所,
?????,C8,AE6C2,セブン銀行,セブン‐イレブン 江東亀戸駅北店 共同出張所,
?????,C8,AE6E2,セブン銀行,セブン‐イレブン 銀座地下街店 共同出張所,
?????,C8,AE6E3,セブン銀行,セブン‐イレブン 銀座地下街店 共同出張所,
?????,C8,AE6EE,セブン銀行,セブン‐イレブン 神田神保町3丁目店 共同出張所,
?????,C8,AE6FB,セブン銀行,セブン‐イレブン 伊勢原1丁目店 共同出張所,
?????,C8,AE742,セブン銀行,セブン‐イレブン 武蔵野台駅南口店 共同出張所,
?????,C8,AE76C,セブン銀行,セブン‐イレブン 白鴎大学本キャンパス店 共同出張所,
?????,C8,AE771,セブン銀行,セブン‐イレブン 小田原鴨宮駅南店 共同出張所,
?????,C8,AE79D,セブン銀行,セブン‐イレブン 世田谷下北沢駅前店 共同出張所,
?????,C8,AE7A6,セブン銀行,セブン‐イレブン 小平駅南店 共同出張所,
?????,C8,AE7B5,セブン銀行,セブン‐イレブン トモス水戸大工町1丁目店 共同出張所,
?????,C8,AE7CD,セブン銀行,セブン‐イレブン 小山駅西口店 共同出張所,
?????,C8,AE7CE,セブン銀行,セブン‐イレブン 小山駅西口店 共同出張所,
?????,C8,AE7D0,セブン銀行,セブン‐イレブン 日立千石町店 共同出張所,
?????,C8,AE7F2,セブン銀行,セブン‐イレブン 渋谷神南1丁目店 共同出張所,
?????,C8,AE80A,セブン銀行,セブン‐イレブン 芝大門2丁目店 共同出張所,
?????,C8,AE836,セブン銀行,セブン‐イレブン 歌舞伎座店 共同出張所,
?????,C8,AE83E,セブン銀行,セブン‐イレブン 立川錦町2丁目店 共同出張所,
?????,C8,AE88C,セブン銀行,セブン‐イレブン 練馬南大泉1丁目店 共同出張所,
?????,C8,AE8A5,セブン銀行,セブン‐イレブン 練馬大泉学園町7丁目店 共同出張所,
?????,C8,AE8B4,セブン銀行,セブン‐イレブン 東池袋明治通り店 共同出張所,
?????,C8,AE8B5,セブン銀行,セブン‐イレブン 東池袋明治通り店 共同出張所,
?????,C8,AE8C8,セブン銀行,セブン‐イレブン 渋谷3丁目明治通り店 共同出張所,
?????,C8,AE8CE,セブン銀行,セブン‐イレブン 千代田一番町店 共同出張所,
?????,C8,AE8E4,セブン銀行,セブン‐イレブン 大崎広小路駅西店 共同出張所,
?????,C8,AE8ED,セブン銀行,セブン‐イレブン 赤坂3丁目一ツ木通り店 共同出張所,
?????,C8,AE8F0,セブン銀行,セブン‐イレブン 豊洲駅前店 共同出張所,
?????,C8,AE8FE,セブン銀行,セブン‐イレブン 水戸河和田3丁目店 共同出張所,
?????,C8,AE90C,セブン銀行,セブン‐イレブン 歌舞伎座タワー店 共同出張所,
?????,C8,AE91C,セブン銀行,セブン‐イレブン 池袋2丁目店 共同出張所,
?????,C8,AE95F,セブン銀行,セブン‐イレブン 赤坂3丁目みすじ通り店 共同出張所,
?????,C8,AE9E6,セブン銀行,セブン‐イレブン 練馬中村北千川通り店 共同出張所,
?????,C8,AE9F0,セブン銀行,セブン‐イレブン 新橋2丁目店 共同出張所,
?????,C8,AEA25,セブン銀行,セブン‐イレブン 北参道駅前店 共同出張所,
?????,C8,AEA3E,セブン銀行,セブン‐イレブン 亀戸駅前店 共同出張所,
?????,C8,AEA45,セブン銀行,セブン‐イレブン 取手駅東口店 共同出張所,
?????,C8,AEA52,セブン銀行,セブン‐イレブン 新宿市谷田町2丁目店 共同出張所,
?????,C8,AEA58,セブン銀行,セブン‐イレブン 豊洲晴海通り店 共同出張所,
?????,C8,AEA59,セブン銀行,セブン‐イレブン 豊洲晴海通り店 共同出張所,
?????,C8,AEAEC,セブン銀行,セブン‐イレブン 八王子サザンスカイタワー店 共同出張所,
?????,C8,AEAED,セブン銀行,セブン‐イレブン 八王子サザンスカイタワー店 共同出張所,
?????,C8,AEB0B,セブン銀行,セブン‐イレブン 渋谷道玄坂店 共同出張所,
?????,C8,AEB0C,セブン銀行,セブン‐イレブン 渋谷道玄坂店 共同出張所,
?????,C8,AEB14,セブン銀行,セブン‐イレブン ひたちなか新光町西店 共同出張所,
?????,C8,AEB1E,セブン銀行,セブン‐イレブン 渋谷千駄ヶ谷3丁目店 共同出張所,
?????,C8,AEB43,セブン銀行,セブン‐イレブン 代々木駅北口店 共同出張所,
?????,C8,AEB46,セブン銀行,セブン‐イレブン 川崎よみうりランド前店 共同出張所,
?????,C8,AEB48,セブン銀行,セブン‐イレブン 神田須田町中央通り店 共同出張所,
?????,C8,AEB4E,セブン銀行,セブン‐イレブン 横浜戸塚旭町通り店 共同出張所,
?????,C8,AEB4F,セブン銀行,セブン‐イレブン 横浜戸塚旭町通り店 共同出張所,
?????,C8,AEB87,セブン銀行,セブン‐イレブン 新宿東宝ビル店 共同出張所,
?????,C8,AEB88,セブン銀行,セブン‐イレブン 新宿東宝ビル店 共同出張所,
?????,C8,AEB98,セブン銀行,セブン‐イレブン 葛飾新小岩1丁目店 共同出張所,
?????,C8,AEB99,セブン銀行,セブン‐イレブン 西池袋立教通り前店 共同出張所,
?????,C8,AEBD3,セブン銀行,セブン‐イレブン 大和いちょう団地店 共同出張所,
?????,C8,AEBE1,セブン銀行,セブン‐イレブン 飯田橋駅北店 共同出張所,
?????,C8,AEBEC,セブン銀行,セブン‐イレブン 四谷1丁目店 共同出張所,
?????,C8,AEBFD,セブン銀行,セブン‐イレブン 中央合同庁舎8号館店 共同出張所,
?????,C8,AEC25,セブン銀行,セブン‐イレブン パークタワー新川崎店 共同出張所,
?????,C8,AEC28,セブン銀行,セブン‐イレブン 笠間美原3丁目店 共同出張所,
?????,C8,AEC6E,セブン銀行,セブン‐イレブン 練馬西大泉6丁目店 共同出張所,
?????,C8,AEC85,セブン銀行,セブン‐イレブン 千代田一ツ橋2丁目店 共同出張所,
?????,C8,AEC8A,セブン銀行,セブン‐イレブン 神田駅南口店 共同出張所,
?????,C8,AEC95,セブン銀行,セブン‐イレブン 麹町5丁目店 共同出張所,
?????,C8,AECB0,セブン銀行,セブン‐イレブン 渋谷南平台町店 共同出張所,
?????,C8,AECB1,セブン銀行,セブン‐イレブン 新宿4丁目明治通り店 共同出張所,
?????,C8,AECB2,セブン銀行,セブン‐イレブン 新宿4丁目明治通り店 共同出張所,
?????,C8,AECD2,セブン銀行,セブン‐イレブン 鎌倉湘南町屋駅前店 共同出張所,
?????,C8,AED20,セブン銀行,セブン‐イレブン 池袋西口公園前店 共同出張所,
?????,C8,AED21,セブン銀行,セブン‐イレブン 池袋西口公園前店 共同出張所,
?????,C8,AED33,セブン銀行,セブン‐イレブン 練馬石神井台5丁目南店 共同出張所,
?????,C8,AED3D,セブン銀行,セブン‐イレブン 水戸千波中央店 共同出張所,
?????,C8,AED68,セブン銀行,セブン‐イレブン 品川勝島1丁目店 共同出張所,
?????,C8,AED6D,セブン銀行,セブン‐イレブン 浅草橋駅西口店 共同出張所,
?????,C8,AED99,セブン銀行,セブン‐イレブン 北朝霞駅前店 共同出張所,
?????,C8,AED9A,セブン銀行,セブン‐イレブン 北朝霞駅前店 共同出張所,
?????,C8,AEDC1,セブン銀行,セブン‐イレブン 内原駅北店 共同出張所,
?????,C8,AEDD3,セブン銀行,セブン‐イレブン 渋谷1丁目店 共同出張所,
?????,C8,AEDEA,セブン銀行,セブン‐イレブン 水戸西原2丁目店 共同出張所,
?????,C8,AEE2B,セブン銀行,セブン‐イレブン 大宮駅銀座通り店 共同出張所,
?????,C8,AEE2C,セブン銀行,セブン‐イレブン 大宮駅銀座通り店 共同出張所,
?????,C8,AEE53,セブン銀行,セブン‐イレブン 神田錦町千代田通り店 共同出張所,
?????,C8,AEE72,セブン銀行,セブン‐イレブン 石和温泉駅前店 共同出張所,
?????,C8,AEE7C,セブン銀行,セブン‐イレブン 土浦駅西口店 共同出張所,
?????,C8,AEE84,セブン銀行,セブン‐イレブン TFT有明店 共同出張所,
?????,C8,AEEE9,セブン銀行,セブン‐イレブン 目黒セントラルスクエア店 共同出張所,
?????,C8,AEF16,セブン銀行,セブン‐イレブン KOYO埼玉小児医療センター店 共同出張所,
?????,C8,AEF1F,セブン銀行,セブン‐イレブン 新宿3丁目店 共同出張所,
?????,C8,AEF20,セブン銀行,セブン‐イレブン 新宿3丁目店 共同出張所,
?????,C8,AEF45,セブン銀行,セブン‐イレブン KOYOさいたま赤十字病院店 共同出張所,
?????,C8,AEF78,セブン銀行,セブン‐イレブン 三軒茶屋栄通り店 共同出張所,
?????,C8,AEF7C,セブン銀行,セブン‐イレブン 神田和泉町店 共同出張所,
?????,C8,AEFBA,セブン銀行,セブン‐イレブン 錦糸町ロッテシティ1F店 共同出張所,
?????,C8,AEFBB,セブン銀行,セブン‐イレブン 錦糸町ロッテシティ1F店 共同出張所,
?????,C8,AEFBC,セブン銀行,セブン‐イレブン 池袋東京芸術劇場前店 共同出張所,
?????,C8,AEFE3,セブン銀行,セブン‐イレブン 杉並永福町駅前店 共同出張所,
?????,C8,AF001,セブン銀行,セブン‐イレブン 土浦桜町3丁目店 共同出張所,
?????,C8,AF028,セブン銀行,セブン‐イレブン 原宿外苑店 共同出張所,
?????,C8,AF08A,セブン銀行,セブン‐イレブン 西新宿甲州街道店 共同出張所,
?????,C8,AF08B,セブン銀行,セブン‐イレブン 港区虎ノ門駅南店 共同出張所,
?????,C8,AF090,セブン銀行,セブン‐イレブン 池袋西一番街中央通り店 共同出張所,
?????,C8,AF091,セブン銀行,セブン‐イレブン 池袋西一番街中央通り店 共同出張所,
?????,C8,AF0AA,セブン銀行,セブン‐イレブン 渋谷並木橋店 共同出張所,
?????,C8,AF0AF,セブン銀行,セブン‐イレブン 新潟田家1丁目店 共同出張所,
?????,C8,AF0B0,セブン銀行,セブン‐イレブン 新潟田家1丁目店 共同出張所,
?????,C8,AF0B3,セブン銀行,セブン‐イレブン 大宮駅南銀座通り店 共同出張所,
?????,C8,AF0B4,セブン銀行,セブン‐イレブン 大宮駅南銀座通り店 共同出張所,
?????,C8,AF0BF,セブン銀行,セブン‐イレブン 中野5丁目店 共同出張所,
?????,C8,AF0F0,セブン銀行,セブン‐イレブン 浜松町1丁目中央店 共同出張所,
?????,C8,AF107,セブン銀行,セブン‐イレブン 横浜長津田駅前店 共同出張所,
?????,C8,AF12C,セブン銀行,セブン‐イレブン 新潟古田店 共同出張所,
?????,C8,AF134,セブン銀行,セブン‐イレブン 葛飾亀有駅南口店 共同出張所,
?????,C8,AF17F,セブン銀行,セブン‐イレブン 甲府丸の内2丁目店 共同出張所,
?????,C8,AF19D,セブン銀行,セブン‐イレブン KDDI大手町ビル店 共同出張所,
?????,C8,AF1AE,セブン銀行,セブン‐イレブン 台東東上野6丁目店 共同出張所,
?????,C8,AF1EB,セブン銀行,セブン‐イレブン 新京成ST八柱北口店 共同出張所,
?????,C8,AF1ED,セブン銀行,セブン‐イレブン 新橋駅前店 共同出張所,
?????,C8,AF1EE,セブン銀行,セブン‐イレブン 新橋駅前店 共同出張所,
?????,C8,AF1F5,セブン銀行,セブン‐イレブン 水戸インター店 共同出張所,
?????,C8,AF1F9,セブン銀行,セブン‐イレブン 神田駅北口店 共同出張所,
?????,C8,AF1FA,セブン銀行,セブン‐イレブン 神田駅北口店 共同出張所,
?????,C8,AF20C,セブン銀行,セブン‐イレブン 市谷砂土原町店 共同出張所,
?????,C8,AF23D,セブン銀行,セブン‐イレブン 門前仲町駅西店 共同出張所,
?????,C8,AF255,セブン銀行,セブン‐イレブン 墨田東向島2丁目店 共同出張所,
?????,C8,AF266,セブン銀行,セブン‐イレブン 水戸笠原町店 共同出張所,
?????,C8,AF2E2,セブン銀行,セブン‐イレブン 東池袋エアライズタワー店 共同出張所,
?????,C8,AF30B,セブン銀行,セブン‐イレブン 明大前すずらん通り店 共同出張所,
?????,C8,AF314,セブン銀行,セブン‐イレブン 東京ミッドタウン日比谷店 共同出張所,
?????,C8,AF315,セブン銀行,セブン‐イレブン 東京ミッドタウン日比谷店 共同出張所,
?????,C8,AF326,セブン銀行,セブン‐イレブン 渋谷駅西店 共同出張所,
?????,C8,AF331,セブン銀行,セブン‐イレブン 練馬富士見台4丁目店 共同出張所,
?????,C8,AF332,セブン銀行,セブン‐イレブン 下北沢駅南口店 共同出張所,
?????,C8,AF333,セブン銀行,セブン‐イレブン 下北沢駅南口店 共同出張所,
?????,C8,AF388,セブン銀行,セブン‐イレブン 東池袋4丁目店 共同出張所,
?????,C8,AF39A,セブン銀行,セブン‐イレブン 道の駅マリンドリーム能生店 共同出張所,
?????,C8,AF3AA,セブン銀行,セブン‐イレブン 西五反田1丁目店 共同出張所,
?????,C8,AF3DE,セブン銀行,セブン‐イレブン 立川ピタゴラス通り店 共同出張所,
?????,C8,AF3DF,セブン銀行,セブン‐イレブン 立川ピタゴラス通り店 共同出張所,
?????,C8,AF3EF,セブン銀行,セブン‐イレブン 千代田平河町1丁目店 共同出張所,
?????,C8,AF3F0,セブン銀行,セブン‐イレブン 新宿神楽坂3丁目店 共同出張所,
?????,C8,AF43B,セブン銀行,セブン‐イレブン 九段南3丁目店 共同出張所,
?????,C8,AF43D,セブン銀行,セブン‐イレブン 市ヶ谷駅前店 共同出張所,
?????,C8,AF44F,セブン銀行,セブン‐イレブン 渋谷初台1丁目店 共同出張所,
?????,C8,AF453,セブン銀行,セブン‐イレブン 市谷左内町店 共同出張所,
?????,C8,AF475,ローソン,大山田パーキングエリア下り店,
?????,C8,AF49D,セブン銀行,セブン‐イレブン けやき広場前店 共同出張所,
?????,C8,AF4B2,セブン銀行,セブン‐イレブン 伊勢原桜台1丁目店 共同出張所,
?????,C8,AF4E1,セブン銀行,セブン‐イレブン 相模大野駅北店 共同出張所,
?????,C8,AF509,セブン銀行,セブン‐イレブン 相模湖インター店 共同出張所,
?????,C8,AF538,セブン銀行,セブン‐イレブン 和田河原駅前店 共同出張所,
?????,C8,AF540,セブン銀行,セブン‐イレブン LAタワー店 共同出張所,
?????,C8,AF541,セブン銀行,セブン‐イレブン ららぽーと North Gate店 共同出張所,
?????,C8,AF551,セブン銀行,セブン‐イレブン 汐留ビルディング店 共同出張所,
?????,C8,AF570,セブン銀行,セブン‐イレブン 中野サンモール店 共同出張所,
?????,C8,AF571,セブン銀行,セブン‐イレブン 中野サンモール店 共同出張所,
?????,C8,AF583,セブン銀行,セブン‐イレブン 練馬関町北2丁目店 共同出張所,
?????,C8,AF596,セブン銀行,セブン‐イレブン 新小岩ルミエール店 共同出張所,
?????,C8,AF59C,セブン銀行,セブン‐イレブン 神田三崎町2丁目店 共同出張所,
?????,C8,AF5F1,セブン銀行,セブン‐イレブン 渋谷笹塚駅北店 共同出張所,
?????,C8,AF5F2,セブン銀行,セブン‐イレブン 渋谷笹塚駅北店 共同出張所,
?????,C8,AF639,セブン銀行,セブン‐イレブン 千歳烏山駅南店 共同出張所,
?????,C8,AF647,セブン銀行,セブン‐イレブン 三軒茶屋駅東店 共同出張所,
?????,C8,AF656,セブン銀行,セブン‐イレブン 渋谷駅東口店 共同出張所,
?????,C8,AF657,セブン銀行,セブン‐イレブン 渋谷駅東口店 共同出張所,
?????,C8,AF658,セブン銀行,セブン‐イレブン 渋谷道玄坂1丁目店 共同出張所,
?????,C8,AF685,セブン銀行,ヨークマート 立場店 共同出張所,
?????,C8,AF6D3,セブン銀行,渋谷ロフト 共同出張所,
?????,C8,AF6D8,セブン銀行,移動コーナー4 共同出張所,
?????,C8,AF6DC,セブン銀行,新宿歌舞伎町コーナー 共同出張所,
?????,C8,AF6DD,セブン銀行,新宿歌舞伎町コーナー 共同出張所,
?????,C8,AF6DF,セブン銀行,新宿歌舞伎町コーナー 共同出張所,
?????,C8,AF6E0,セブン銀行,新宿歌舞伎町コーナー 共同出張所,
?????,C8,AF748,セブン銀行,東京国際空港(羽田) 第1旅客ターミナル 共同出張所,
?????,C8,AF74C,セブン銀行,東京国際空港(羽田) 第3旅客ターミナル 共同出張所,
?????,C8,AF74D,セブン銀行,東京国際空港(羽田) 第3旅客ターミナル 共同出張所,
?????,C8,AF751,セブン銀行,東京国際空港(羽田) 第2旅客ターミナル 国内線エリア 共同出張所,
?????,C8,AF756,セブン銀行,仙台空港 共同出張所,
?????,C8,AF757,セブン銀行,グランドプリンスホテル新高輪 共同出張所,
?????,C8,AF75A,セブン銀行,新横浜プリンスホテル 共同出張所,
?????,C8,AF75C,セブン銀行,有明パークビル 共同出張所,
?????,C8,AF761,セブン銀行,ヒルトン東京お台場 共同出張所,
?????,C8,AF786,セブン銀行,富士急ハイランド 共同出張所,
?????,C8,AF787,セブン銀行,ららぽーと 豊洲1 共同出張所,
?????,C8,AF788,セブン銀行,ららぽーと 豊洲1 共同出張所,
?????,C8,AF789,セブン銀行,ららぽーと 豊洲1 共同出張所,
?????,C8,AF78D,セブン銀行,丸の内オアゾ 共同出張所,
?????,C8,AF78E,セブン銀行,丸の内オアゾ 共同出張所,
?????,C8,AF7A0,セブン銀行,大井競馬場前 ショッピングモール ウィラ大井 共同出張所,
?????,C8,AF7A8,セブン銀行,東京ビッグサイト (東京国際展示場) 共同出張所,
?????,C8,AF7AC,セブン銀行,横浜モアーズ 共同出張所,
?????,C8,AF7AE,セブン銀行,大崎ニューシティ 共同出張所,
?????,C8,AF7AF,セブン銀行,大崎ニューシティ 共同出張所,
?????,C8,AF7B2,セブン銀行,ケーズデンキ 水戸本店 共同出張所,
?????,C8,AF7B4,セブン銀行,東京タワー 共同出張所,
?????,C8,AF7B6,セブン銀行,中野ブロードウェイ 共同出張所,
?????,C8,AF7BE,セブン銀行,SHIBUYA109 共同出張所,
?????,C8,AF7C9,セブン銀行,デックス東京ビーチ 共同出張所,
?????,C8,AF7CC,セブン銀行,有楽町イトシア 共同出張所,地下1階 プラザエレベーターホール
?????,C8,AF7CD,セブン銀行,五反田東急スクエア 共同出張所,
?????,C8,AF7D5,セブン銀行,ららぽーと TOKYO-BAY North Gate 共同出張所,
?????,C8,AF7D6,セブン銀行,浅草ROX 共同出張所,
?????,C8,AF7D7,セブン銀行,タウンセブン 共同出張所,
?????,C8,AF7EC,セブン銀行,イクスピアリ 共同出張所,
?????,C8,AF7F8,セブン銀行,西武新宿ぺぺ 共同出張所,
?????,C8,AF7FB,セブン銀行,渋谷メトロプラザ 共同出張所,
?????,C8,AF7FC,セブン銀行,エポスカード ATMコーナー新宿マルイ本館 共同出張所,
?????,C8,AF7FD,セブン銀行,渋谷ヒカリエ 共同出張所,
?????,C8,AF7FE,セブン銀行,渋谷ヒカリエ 共同出張所,
?????,C8,AF80C,セブン銀行,トナリエ宇都宮 共同出張所,
?????,C8,AF812,セブン銀行,北千住マルイ 共同出張所,
?????,C8,AF825,セブン銀行,渋東シネタワー 共同出張所,
?????,C8,AF826,セブン銀行,池袋パルコ別館 P'PARCO 共同出張所,
?????,C8,AF82E,セブン銀行,大森ララ 共同出張所,
?????,C8,AF831,セブン銀行,ビックカメラ 新宿東口新店 共同出張所,
?????,C8,AF839,セブン銀行,新宿ピカデリー 共同出張所,
?????,C8,AF83D,セブン銀行,京王高幡ショッピングセンター 共同出張所,
?????,C8,AF840,セブン銀行,東京メトロ 銀座線 浅草駅 共同出張所,
?????,C8,AF845,セブン銀行,セレオ八王子 北館 共同出張所,
?????,C8,AF84D,セブン銀行,リボンとりで 共同出張所,
?????,C8,AF850,セブン銀行,東京ソラマチ 共同出張所,
?????,C8,AF866,セブン銀行,ペリエ 海浜幕張 共同出張所,
?????,C8,AF869,セブン銀行,ビックカメラ 赤坂見附駅店 共同出張所,
?????,C8,AF884,セブン銀行,ウィング新橋 共同出張所,
?????,C8,AF885,セブン銀行,ウィング新橋 共同出張所,
?????,C8,AF88B,セブン銀行,エポスカード ATMコーナー伊勢佐木町 共同出張所,
?????,C8,AF890,セブン銀行,ららぽーと TOKYO-BAY 共同出張所,
?????,C8,AF8AE,セブン銀行,グランルーフ 共同出張所,
?????,C8,AF8B2,セブン銀行,京王聖蹟桜ヶ丘ショッピングセンター 共同出張所,
?????,C8,AF8B8,セブン銀行,ららぽーと TOKYO-BAY North Gate 共同出張所,
?????,C8,AF8BC,セブン銀行,タイトーステーション 新宿南口ゲームワールド店 共同出張所,
?????,C8,AF8BF,セブン銀行,ららテラス武蔵小杉 共同出張所,
?????,C8,AF8C0,セブン銀行,紀伊国屋書店 新宿本店 共同出張所,
?????,C8,AF8C2,セブン銀行,渋谷BEAM 共同出張所,
?????,C8,AF8C4,セブン銀行,東武百貨店 船橋店 共同出張所,
?????,C8,AF8C7,セブン銀行,ビビオ赤羽 共同出張所,
?????,C8,AF8D7,セブン銀行,タイトーステーション 秋葉原店 共同出張所,
?????,C8,AF8DA,セブン銀行,アトレ秋葉原 共同出張所,
?????,C8,AF8DB,セブン銀行,銀座ファイブ 共同出張所,
?????,C8,AF8DC,セブン銀行,ニューポートひたちなか ファッションクルーズ 共同出張所,
?????,C8,AF8E4,セブン銀行,ビーンズ赤羽 共同出張所,
?????,C8,AF8E5,セブン銀行,東武ホープセンター 共同出張所,
?????,C8,AF8E6,セブン銀行,東武ホープセンター 共同出張所,
?????,C8,AF8ED,セブン銀行,エポスカード ATMコーナー池袋西口 共同出張所,
?????,C8,AF8F0,セブン銀行,ららぽーと TOKYO-BAY 共同出張所,
?????,C8,AF8F4,セブン銀行,タイトーステーション 大宮店 共同出張所,
?????,C8,AF8FB,セブン銀行,渋谷マークシティ 共同出張所,
?????,C8,AF8FC,セブン銀行,ららぽーと 立川立飛 共同出張所,
?????,C8,AF8FD,セブン銀行,ららぽーと 立川立飛 共同出張所,
?????,C8,AF905,セブン銀行,アトレ亀戸 共同出張所,
?????,C8,AF906,セブン銀行,アトレ恵比寿 西館 共同出張所,
?????,C8,AF907,セブン銀行,新宿サブナード 共同出張所,
?????,C8,AF908,セブン銀行,109MEN'S 共同出張所,
?????,C8,AF909,セブン銀行,タイトーHey 秋葉原店 共同出張所,
?????,C8,AF90D,セブン銀行,IKEA Tokyo-Bay 共同出張所,
?????,C8,AF91C,セブン銀行,赤羽アピレ 共同出張所,
?????,C8,AF920,セブン銀行,池袋パルコ 共同出張所,
?????,C8,AF921,セブン銀行,西銀座 (NISHIGINZA) 共同出張所,
?????,C8,AF92B,セブン銀行,よみうりランド 共同出張所,
?????,C8,AF931,セブン銀行,宇都宮駅ビル パセオ 共同出張所,
?????,C8,AF938,セブン銀行,ヨドバシカメラ マルチメディアさいたま新都心駅前店 共同出張所,
?????,C8,AF93C,セブン銀行,幕張メッセ 共同出張所,
?????,C8,AF947,セブン銀行,伊勢丹 立川店 共同出張所,
?????,C8,AF948,セブン銀行,伊勢丹 立川店 共同出張所,
?????,C8,AF949,セブン銀行,バスタ新宿 共同出張所,
?????,C8,AF94D,セブン銀行,大森ララ 共同出張所,
?????,C8,AF954,セブン銀行,柏高島屋ステーションモール S館専門店 共同出張所,
?????,C8,AF95A,セブン銀行,タワーレコード 渋谷店 共同出張所,
?????,C8,AF97B,セブン銀行,新宿サブナード 共同出張所,
?????,C8,AF985,セブン銀行,パークアベニュー 共同出張所,
?????,C8,AF988,セブン銀行,東京駅一番街 共同出張所,
?????,C8,AF989,セブン銀行,東京駅一番街 共同出張所,
?????,C8,AF992,セブン銀行,新橋駅 銀座口 共同出張所,
?????,C8,AF994,セブン銀行,新橋駅 銀座口 共同出張所,
?????,C8,AF995,セブン銀行,築地場外市場 共同出張所,
?????,C8,AF99D,セブン銀行,ココネリ 共同出張所,
?????,C8,AF9A1,セブン銀行,ららぽーと TOKYO-BAY 共同出張所,
?????,C8,AF9A7,セブン銀行,キラリナ京王吉祥寺 共同出張所,
?????,C8,AF9AD,セブン銀行,東京駅一番街 共同出張所,
?????,C8,AF9AE,セブン銀行,東京駅一番街 共同出張所,
?????,C8,AF9AF,セブン銀行,東京駅一番街 共同出張所,
?????,C8,AF9B3,セブン銀行,東京メトロ 副都心線 新宿三丁目駅 共同出張所,新宿三丁目交差点方面改札外 駅事務室前
?????,C8,AF9B4,セブン銀行,東京メトロ 副都心線 新宿三丁目駅 共同出張所,新宿三丁目交差点方面改札外 駅事務室前
?????,C8,AF9B5,セブン銀行,東京メトロ 副都心線 北参道駅 共同出張所,
?????,C8,AF9B8,セブン銀行,東京モノレール 天王洲アイル駅 共同出張所,
?????,C8,AF9BA,セブン銀行,東京モノレール 羽田空港第1ターミナル駅 共同出張所,
?????,C8,AF9BC,セブン銀行,ゆりかもめ 新橋駅 共同出張所,
?????,C8,AF9BD,セブン銀行,ゆりかもめ 新橋駅 共同出張所,
?????,C8,AF9BE,セブン銀行,東京モノレール 羽田空港第3ターミナル駅 共同出張所,
?????,C8,AF9C2,セブン銀行,京成電鉄 京成本線 京成船橋駅 共同出張所,
?????,C8,AF9C6,セブン銀行,東京メトロ 日比谷線 築地駅 共同出張所,
?????,C8,AF9C7,セブン銀行,東京メトロ 半蔵門線 三越前駅 共同出張所,
?????,C8,AF9C8,セブン銀行,京急電鉄 京急品川駅 共同出張所,
?????,C8,AF9CA,セブン銀行,都営地下鉄 新宿線 岩本町駅 共同出張所,
?????,C8,AF9CB,セブン銀行,都営地下鉄 新宿線 小川町駅 共同出張所,
?????,C8,AF9D5,セブン銀行,東京メトロ 丸ノ内線 荻窪駅 共同出張所,
?????,C8,AF9D7,セブン銀行,東京メトロ 千代田線 霞ケ関駅 内幸町口 共同出張所,
?????,C8,AF9D9,セブン銀行,東京メトロ 丸ノ内線 銀座駅 西銀座口 共同出張所,地下1階 改札外
?????,C8,AF9DA,セブン銀行,東京メトロ 日比谷線 恵比寿駅 共同出張所,
?????,C8,AF9DD,セブン銀行,東京メトロ 東西線 高田馬場駅 共同出張所,
?????,C8,AF9DE,セブン銀行,東京メトロ 東西線 高田馬場駅 共同出張所,
?????,C8,AF9DF,セブン銀行,東京メトロ 有楽町線 市ケ谷駅 共同出張所,
?????,C8,AF9E0,セブン銀行,東京メトロ 銀座線 新橋駅 共同出張所,
?????,C8,AF9E1,セブン銀行,東京メトロ 千代田線 新御茶ノ水駅 共同出張所,
?????,C8,AF9E2,セブン銀行,東京メトロ 丸ノ内線 新宿駅 共同出張所,
?????,C8,AF9E3,セブン銀行,東京メトロ 丸ノ内線 新宿三丁目駅 B5出口 共同出張所,
?????,C8,AF9E4,セブン銀行,東京メトロ 丸ノ内線 新宿三丁目駅 B5出口 共同出張所,
?????,C8,AF9E8,セブン銀行,東京メトロ 丸ノ内線 西新宿駅 共同出張所,
?????,C8,AF9E9,セブン銀行,東京メトロ 丸ノ内線 西新宿駅 共同出張所,
?????,C8,AF9EA,セブン銀行,東京メトロ 丸ノ内線 赤坂見附駅 共同出張所,
?????,C8,AF9EB,セブン銀行,東京メトロ 丸ノ内線 池袋駅 共同出張所,
?????,C8,AF9EC,セブン銀行,東京メトロ 日比谷線 仲御徒町駅 共同出張所,
?????,C8,AF9EF,セブン銀行,東京メトロ 丸ノ内線 東京駅 共同出張所,
?????,C8,AF9F2,セブン銀行,東京メトロ 日比谷線 日比谷駅 共同出張所,
?????,C8,AF9F3,セブン銀行,東京メトロ 日比谷線 日比谷駅 共同出張所,
?????,C8,AF9F4,セブン銀行,東京メトロ 銀座線 日本橋駅 共同出張所,
?????,C8,AF9F8,セブン銀行,東京メトロ 半蔵門線 半蔵門駅 共同出張所,
?????,C8,AF9FA,セブン銀行,東京メトロ 有楽町線 豊洲駅 共同出張所,
?????,C8,AF9FB,セブン銀行,東京メトロ 南北線 麻布十番駅 共同出張所,
?????,C8,AF9FD,セブン銀行,東京メトロ 東西線 門前仲町駅 共同出張所,
?????,C8,AF9FF,セブン銀行,東京メトロ 南北線 溜池山王駅 共同出張所,
?????,C8,AFA01,セブン銀行,東京メトロ 銀座線 溜池山王駅 溜池口 共同出張所,
?????,C8,AFA04,セブン銀行,京成電鉄 京成本線 京成成田空港駅 共同出張所,
?????,C8,AFA09,セブン銀行,京成電鉄 京成本線 京成船橋競馬場駅 共同出張所,
?????,C8,AFA0A,セブン銀行,東京メトロ 東西線 葛西駅 共同出張所,
?????,C8,AFA0B,セブン銀行,東京メトロ 有楽町線 飯田橋駅 牛込口 共同出張所,
?????,C8,AFA0C,セブン銀行,京王電鉄 京王線 高尾駅 共同出張所,
?????,C8,AFA0F,セブン銀行,都営地下鉄 三田線 三田駅 共同出張所,
?????,C8,AFA10,セブン銀行,都営地下鉄 浅草線 三田駅 共同出張所,
?????,C8,AFA17,セブン銀行,都営地下鉄 三田線 大手町駅 共同出張所,
?????,C8,AFA19,セブン銀行,都営地下鉄 浅草線 大門駅 共同出張所,
?????,C8,AFA1A,セブン銀行,都営地下鉄 大江戸線 大門駅 共同出張所,
?????,C8,AFA1B,セブン銀行,都営地下鉄 新宿線 本八幡駅 共同出張所,
?????,C8,AFA1F,セブン銀行,都営地下鉄 新宿線 九段下駅 共同出張所,
?????,C8,AFA20,セブン銀行,都営地下鉄 新宿線 市ヶ谷駅 共同出張所,
?????,C8,AFA22,セブン銀行,都営地下鉄 新宿線 浜町駅 共同出張所,
?????,C8,AFA24,セブン銀行,都営地下鉄 三田線 水道橋駅 共同出張所,
?????,C8,AFA26,セブン銀行,都営地下鉄 浅草線 浅草橋駅 共同出張所,
?????,C8,AFA28,セブン銀行,都営地下鉄 浅草線 日本橋駅 共同出張所,
?????,C8,AFA29,セブン銀行,都営地下鉄 大江戸線 光が丘駅 共同出張所,
?????,C8,AFA2B,セブン銀行,都営地下鉄 大江戸線 代々木駅 共同出張所,
?????,C8,AFA30,セブン銀行,東京臨海高速鉄道 りんかい線 国際展示場駅 共同出張所,
?????,C8,AFA32,セブン銀行,東京臨海高速鉄道 りんかい線 大井町駅 共同出張所,
?????,C8,AFA33,セブン銀行,東京臨海高速鉄道 りんかい線 天王洲アイル駅 共同出張所,
?????,C8,AFA35,セブン銀行,東京臨海高速鉄道 りんかい線 東京テレポート駅 共同出張所,
?????,C8,AFA37,セブン銀行,東京メトロ 半蔵門線 神保町駅 共同出張所,
?????,C8,AFA3A,セブン銀行,京成電鉄 京成本線 日暮里駅 共同出張所,
?????,C8,AFA3B,セブン銀行,京成電鉄 京成本線 日暮里駅 共同出張所,
?????,C8,AFA44,セブン銀行,京急電鉄 京急羽田空港第3ターミナル駅 共同出張所,
?????,C8,AFA45,セブン銀行,東京メトロ 丸ノ内線 淡路町駅 共同出張所,
?????,C8,AFA46,セブン銀行,東京メトロ 千代田線 北千住駅 共同出張所,
?????,C8,AFA47,セブン銀行,東京メトロ 千代田線 明治神宮前駅 共同出張所,
?????,C8,AFA48,セブン銀行,東京メトロ 東西線 九段下駅 共同出張所,
?????,C8,AFA4B,セブン銀行,東京メトロ 日比谷線 東銀座駅 共同出張所,
?????,C8,AFA4D,セブン銀行,東京メトロ 半蔵門線 押上駅 共同出張所,
?????,C8,AFA4E,セブン銀行,東京メトロ 半蔵門線 渋谷駅 共同出張所,
?????,C8,AFA50,セブン銀行,東京メトロ 有楽町線 永田町駅 共同出張所,
?????,C8,AFA52,セブン銀行,東京メトロ 有楽町線 麹町駅 共同出張所,
?????,C8,AFA5E,セブン銀行,東京メトロ 半蔵門線 押上駅 共同出張所,
?????,C8,AFA5F,セブン銀行,東京メトロ 半蔵門線 錦糸町駅 共同出張所,
?????,C8,AFA60,セブン銀行,東京メトロ 日比谷線 秋葉原駅 共同出張所,
?????,C8,AFA67,セブン銀行,東京メトロ 銀座線 上野駅 共同出張所,
?????,C8,AFA69,セブン銀行,東武鉄道 野田線 船橋駅 共同出張所,
?????,C8,AFA6A,セブン銀行,東武鉄道 伊勢崎線 浅草駅 共同出張所,
?????,C8,AFA6B,セブン銀行,東武鉄道 伊勢崎線 北千住駅 共同出張所,
?????,C8,AFA7D,セブン銀行,TXアベニュー守谷 共同出張所,
?????,C8,AFA80,セブン銀行,都営地下鉄 大江戸線 東新宿駅 共同出張所,
?????,C8,AFA81,セブン銀行,都営地下鉄 大江戸線 上野御徒町駅 共同出張所,
?????,C8,AFA8A,セブン銀行,東京メトロ 南北線 六本木一丁目駅 共同出張所,
?????,C8,AFA8B,セブン銀行,東京メトロ 千代田線 大手町駅 共同出張所,
?????,C8,AFA8C,セブン銀行,都営地下鉄 大江戸線 築地市場駅 共同出張所,
?????,C8,AFA8E,セブン銀行,都営地下鉄 大江戸線 牛込神楽坂駅 共同出張所,
?????,C8,AFA8F,セブン銀行,都営地下鉄 大江戸線 蔵前駅 共同出張所,
?????,C8,AFA94,セブン銀行,都営地下鉄 大江戸線 新宿西口駅 共同出張所,
?????,C8,AFA99,セブン銀行,東京メトロ 有楽町線 要町駅 共同出張所,
?????,C8,AFAA8,セブン銀行,東京メトロ 銀座線 神田駅 共同出張所,
?????,C8,AFAAA,セブン銀行,東京メトロ 南北線 市ヶ谷駅 共同出張所,
?????,C8,AFAAB,セブン銀行,東京メトロ 有楽町線 飯田橋駅 共同出張所,
?????,C8,AFAAC,セブン銀行,東京メトロ 有楽町線 東池袋駅 共同出張所,
?????,C8,AFAB2,セブン銀行,京急電鉄 京急品川駅 共同出張所,
?????,C8,AFAB3,セブン銀行,横浜市営地下鉄 センター南駅 共同出張所,
?????,C8,AFAB4,セブン銀行,東京メトロ 有楽町線 有楽町駅 共同出張所,
?????,C8,AFAB6,セブン銀行,東京メトロ 銀座線 上野広小路駅 共同出張所,
?????,C8,AFABA,セブン銀行,東北自動車道 蓮田サービスエリア 下り 共同出張所,
?????,C8,AFABC,セブン銀行,東北自動車道 佐野サービスエリア 下り 共同出張所,
?????,C8,AFACD,セブン銀行,東北自動車道 上河内サービスエリア 上り 共同出張所,
?????,C8,AFAD9,セブン銀行,新宿センタービル 共同出張所,
?????,C8,AFADA,セブン銀行,渋谷クロスタワー 共同出張所,
?????,C8,AFAEA,セブン銀行,TFTビル 共同出張所,
?????,C8,AFAEB,セブン銀行,東京オペラシティビル 共同出張所,
?????,C8,AFAF0,セブン銀行,新宿マインズタワー 共同出張所,
?????,C8,AFAF5,セブン銀行,東京サンケイビル 共同出張所,
?????,C8,AFAFD,セブン銀行,品川インターシティ 共同出張所,
?????,C8,AFB05,セブン銀行,有明セントラルタワー 共同出張所,
?????,C8,AFB07,セブン銀行,ニューピア竹芝ノースタワー 共同出張所,
?????,C8,AFB08,セブン銀行,アレア品川 共同出張所,
?????,C8,AFB09,セブン銀行,新宿グリーンタワービル 共同出張所,
?????,C8,AFB10,セブン銀行,新宿アイランドタワー 共同出張所,
?????,C8,AFB13,セブン銀行,汐留ビルディング 共同出張所,
?????,C8,AFB18,セブン銀行,大手町ファーストスクエア 共同出張所,
?????,C8,AFB3A,セブン銀行,SBI新生銀行 柏フィナンシャルセンター 共同出張所,
?????,C8,AFB3B,セブン銀行,SBI新生銀行 柏フィナンシャルセンター 共同出張所,
?????,C8,AFB3E,セブン銀行,SBI新生銀行 吉祥寺フィナンシャルセンター 共同出張所,
?????,C8,AFB3F,セブン銀行,SBI新生銀行 吉祥寺フィナンシャルセンター 共同出張所,
?????,C8,AFB40,セブン銀行,SBI新生銀行 吉祥寺フィナンシャルセンター 共同出張所,
?????,C8,AFB46,セブン銀行,SBI新生銀行 池袋フィナンシャルセンター 共同出張所,
?????,C8,AFB47,セブン銀行,SBI新生銀行 池袋フィナンシャルセンター 共同出張所,
?????,C8,AFB49,セブン銀行,SBI新生銀行 新宿フィナンシャルセンター 共同出張所,
?????,C8,AFB53,セブン銀行,SBI新生銀行 大宮フィナンシャルセンター 共同出張所,
?????,C8,AFB54,セブン銀行,SBI新生銀行 大宮フィナンシャルセンター 共同出張所,
?????,C8,AFB59,セブン銀行,SBI新生銀行 渋谷フィナンシャルセンター 共同出張所,
?????,C8,AFB5A,セブン銀行,SBI新生銀行 渋谷フィナンシャルセンター 共同出張所,
?????,C8,AFBCA,セブン銀行,セブン‐イレブン 三郷駅北口店 共同出張所,
?????,C8,AFBEB,セブン銀行,セブン‐イレブン 南池袋3丁目明治通り店 共同出張所,
?????,C8,AFBF4,セブン銀行,セブン‐イレブン 友部駅前通り店 共同出張所,
?????,C8,AFC1C,セブン銀行,サンシャインシティ 共同出張所,
?????,C8,AFC1F,セブン銀行,アニメイト池袋本店 共同出張所,
?????,C8,AFC22,セブン銀行,JR新橋駅 汐留口 共同出張所,
?????,C8,AFC44,セブン銀行,セブン‐イレブン 立川駅南口店 共同出張所,
?????,C8,AFC4C,セブン銀行,セブン‐イレブン 西新宿3丁目店 共同出張所,
?????,C8,AFC5A,セブン銀行,セブン‐イレブン 練馬駅西店 共同出張所,
?????,C8,AFC5B,セブン銀行,セブン‐イレブン 練馬駅西店 共同出張所,
?????,C8,AFC60,セブン銀行,グランルーフ フロント 共同出張所,
?????,C8,AFC67,セブン銀行,東京メトロ 副都心線 池袋駅 共同出張所,
?????,C8,AFC71,セブン銀行,ダイバーシティ東京プラザ 共同出張所,
?????,C8,AFC72,セブン銀行,東京メトロ 丸ノ内線 新宿駅 共同出張所,
?????,C8,AFC76,セブン銀行,東京メトロ 千代田線 日比谷駅 共同出張所,
?????,C8,AFCAE,セブン銀行,セブン‐イレブン 水戸大塚町東店 共同出張所,
?????,C8,AFCC5,セブン銀行,神田明神文化交流館 共同出張所,
?????,C8,AFCC6,セブン銀行,アクロスモール 守谷 共同出張所,
?????,C8,AFCCD,セブン銀行,宇都宮駅ビル パセオ 共同出張所,
?????,C8,AFCCE,セブン銀行,プレナ幕張 共同出張所,
?????,C8,AFCCF,セブン銀行,池袋メトロポリタンプラザビル 共同出張所,
?????,C8,AFCD0,セブン銀行,池袋メトロポリタンプラザビル 共同出張所,
?????,C8,AFCD3,セブン銀行,池袋メトロポリタンプラザビル 共同出張所,
?????,C8,AFCD6,セブン銀行,都営地下鉄 大江戸線 本郷三丁目駅 共同出張所,
?????,C8,AFCE0,セブン銀行,セブン‐イレブン 渋谷区役所店 共同出張所,
?????,C8,AFCFD,セブン銀行,セブン‐イレブン 船橋二和東5丁目店 共同出張所,
?????,C8,AFD03,セブン銀行,仙台市地下鉄 南北線 長町駅 共同出張所,
?????,C8,AFD05,セブン銀行,セブン‐イレブン 日立桜川町1丁目店 共同出張所,
?????,C8,AFD2C,セブン銀行,セブン‐イレブン 千代田三番町店 共同出張所,
?????,C8,AFD48,セブン銀行,セブン‐イレブン 中野もみじ山通り店 共同出張所,
?????,C8,AFD5B,セブン銀行,セブン‐イレブン 水戸見川丹下店 共同出張所,
?????,C8,AFD65,セブン銀行,東京メトロ 南北線 溜池山王駅 共同出張所,
?????,C8,AFD67,セブン銀行,セブン‐イレブン 水戸渡里町西店 共同出張所,
?????,C8,AFD7D,セブン銀行,セブン‐イレブン 朝霞台駅南口店 共同出張所,
?????,C8,AFD8A,セブン銀行,セブン‐イレブン 恵比寿駅前店 共同出張所,
?????,C8,AFD8B,セブン銀行,セブン‐イレブン 恵比寿駅前店 共同出張所,
?????,C8,AFD92,セブン銀行,東京メトロ 日比谷線 東銀座駅 共同出張所,
?????,C8,AFDAA,セブン銀行,東京メトロ 日比谷線 秋葉原駅 共同出張所,
?????,C8,AFDAD,セブン銀行,多摩信用金庫 伊勢丹立川店出張所 共同出張所,
?????,C8,AFDAF,セブン銀行,つくばエクスプレス浅草駅 共同出張所,
?????,C8,AFDBB,セブン銀行,セブン‐イレブン アトレ取手店 共同出張所,
?????,C8,AFDC0,セブン銀行,VAL小山 共同出張所,
?????,C8,AFDC5,セブン銀行,セブン‐イレブン ひたちなか勝田中原町店 共同出張所,
?????,C8,AFDD1,セブン銀行,セブン‐イレブン 台東浅草2丁目店 共同出張所,
?????,C8,AFDD6,セブン銀行,横浜ポルタ 共同出張所,
?????,C8,AFDF6,セブン銀行,セブン‐イレブン 横浜西が岡店 共同出張所,
?????,C8,AFE00,セブン銀行,東京メトロ 有楽町線 有楽町駅 共同出張所,
?????,C8,AFE01,セブン銀行,浅草地下街 共同出張所,
?????,C8,AFE05,セブン銀行,セブン‐イレブン 三軒茶屋玉川通り店 共同出張所,
?????,C8,AFE07,セブン銀行,ららぽーと 柏の葉 共同出張所,
?????,C8,AFE0F,セブン銀行,セブン‐イレブン グランツリー武蔵小杉前店 共同出張所,
?????,C8,AFE2D,セブン銀行,セブン‐イレブン 相模原田名豊原店 共同出張所,
?????,C8,AFE4F,セブン銀行,セブン‐イレブン 新橋2丁目店 共同出張所,
?????,C8,AFE69,セブン銀行,ヨークベニマル 取手戸頭店 共同出張所,
?????,C8,AFE6D,セブン銀行,セブン‐イレブン 渋谷3丁目明治通り店 共同出張所,
?????,C8,AFE70,セブン銀行,セブン‐イレブン グランドスケープ池袋店 共同出張所,
?????,C8,AFE7A,セブン銀行,ヨークベニマル 東海店 共同出張所,
?????,C8,AFEB2,セブン銀行,セブン‐イレブン aune海浜幕張店 共同出張所,
?????,C8,AFEB3,セブン銀行,セブン‐イレブン aune海浜幕張店 共同出張所,
?????,C8,AFEC4,セブン銀行,グランルーフ フロント 共同出張所,
?????,C8,AFEC5,セブン銀行,東武鉄道 東上線 川越駅 共同出張所,
?????,C8,AFEC7,セブン銀行,セブン‐イレブン 神田錦町1丁目店 共同出張所,
?????,C8,AFECF,セブン銀行,セブン‐イレブン 港区麻布十番1丁目店 共同出張所,
?????,C8,AFED5,セブン銀行,Odakyu OX 経堂店 共同出張所,
?????,C8,AFED9,セブン銀行,Odakyu OX 祖師谷店 共同出張所,
?????,C8,AFEDE,セブン銀行,東武ホープセンター 共同出張所,
?????,C8,AFEE0,セブン銀行,新青山ビル 共同出張所,
?????,C8,AFEE4,セブン銀行,ジョイフル本田 荒川沖店 共同出張所,
?????,C8,AFEED,セブン銀行,LINE CUBE SHIBUYA(渋谷公会堂) 共同出張所,
?????,C8,AFEFC,セブン銀行,テラスモール松戸 共同出張所,
?????,C8,AFF0A,セブン銀行,セブン‐イレブン 宇都宮駅前通り3丁目店 共同出張所,
?????,C8,AFF18,セブン銀行,渋谷パルコ 共同出張所,
?????,C8,AFF20,セブン銀行,セブン‐イレブン 目白駅北店 共同出張所,
?????,C8,AFF22,セブン銀行,ジョイフル本田 ニューポートひたちなか店 共同出張所,
?????,C8,AFF41,セブン銀行,東京メトロ 千代田線 赤坂駅 共同出張所,
?????,C8,AFF43,セブン銀行,東京メトロ 千代田線 明治神宮前駅 共同出張所,
?????,C8,AFF47,セブン銀行,東京メトロ 丸ノ内線 四ツ谷駅 共同出張所,
?????,C8,AFF4A,セブン銀行,セブン‐イレブン 丸の内永楽ビル店 共同出張所,
?????,C8,AFF4C,セブン銀行,アクアシティお台場 共同出張所,
?????,C8,AFF77,セブン銀行,ヨークベニマル 水戸元吉田店 共同出張所,
?????,C8,AFF90,セブン銀行,セブン‐イレブン 江東佐賀1丁目店 共同出張所,
?????,C8,AFF9F,セブン銀行,セブン‐イレブン ひたちなか高場店 共同出張所,
?????,C8,AFFA5,セブン銀行,セブン‐イレブン 相模大野3丁目西店 共同出張所,
?????,C8,AFFA8,セブン銀行,セブン‐イレブン 京王新宿3丁目ビル店 共同出張所,
?????,C8,AFFB8,セブン銀行,京王電鉄 井の頭線 渋谷駅 共同出張所,
?????,C8,AFFB9,セブン銀行,京王電鉄 井の頭線 渋谷駅 共同出張所,
?????,C8,AFFBD,セブン銀行,東京メトロ 有楽町線 池袋駅 共同出張所,
?????,C8,AFFBE,セブン銀行,東京メトロ 有楽町線 池袋駅 共同出張所,
?????,C8,AFFC1,セブン銀行,東京メトロ 半蔵門線 渋谷駅 共同出張所,
?????,C8,AFFC7,セブン銀行,ヨークベニマル 日立滑川店 共同出張所,
?????,C8,AFFC8,セブン銀行,SEA MARK SQUARE 共同出張所,
?????,C8,AFFD2,セブン銀行,東武鉄道 野田線 柏駅 共同出張所,
?????,C8,AFFDB,セブン銀行,アトレ目黒 共同出張所,
?????,C8,AFFDD,セブン銀行,東武鉄道 野田線 流山おおたかの森駅 共同出張所,
?????,C8,AFFE1,セブン銀行,セブン‐イレブン 台東浅草2丁目店 共同出張所,
?????,C8,AFFED,セブン銀行,東武鉄道 伊勢崎線 北千住駅 共同出張所,
?????,C8,AFFEE,セブン銀行,セブン‐イレブン 西五反田1丁目店 共同出張所,
?????,C8,AFFEF,セブン銀行,ジョイフル本田 守谷店 共同出張所,
?????,C8,AFFFB,セブン銀行,アトレ竹芝 共同出張所,
?????,C8,AFFFC,セブン銀行,アトレ竹芝 共同出張所,
?????,C8,B0007,セブン銀行,アトレ吉祥寺 共同出張所,
?????,C8,B0024,セブン銀行,セブン‐イレブン 渋谷駅西店 共同出張所,
?????,C8,B002F,セブン銀行,セブン‐イレブン 東京サンケイビル店 共同出張所,
?????,C8,B0031,セブン銀行,セブン‐イレブン 横浜長津田駅北口店 共同出張所,
?????,C8,B0039,セブン銀行,ウィズ原宿 共同出張所,
?????,C8,B0046,セブン銀行,つくばエクスプレスつくば駅 共同出張所,
?????,C8,B0051,セブン銀行,セブン‐イレブン Otemachi One店 共同出張所,
?????,C8,B0052,セブン銀行,セブン‐イレブン Otemachi One店 共同出張所,
?????,C8,B0058,セブン銀行,つくばエクスプレス流山おおたかの森駅 共同出張所,
?????,C8,B005D,セブン銀行,東武ホープセンター 共同出張所,
?????,C8,B0063,セブン銀行,東京メトロ 東西線 大手町駅 共同出張所,
?????,C8,B0075,セブン銀行,セブン‐イレブン 三軒茶屋玉川通り店 共同出張所,
?????,C8,B0076,セブン銀行,サンシャインシティ 共同出張所,
?????,C8,B0077,セブン銀行,羽田イノベーションシティ 共同出張所,
?????,C8,B0093,セブン銀行,東京国際空港(羽田) 第1旅客ターミナル 共同出張所,
?????,C8,B0098,セブン銀行,東京国際空港(羽田) 第2旅客ターミナル 国内線エリア 共同出張所,
?????,C8,B0099,セブン銀行,東京国際空港(羽田) 第2旅客ターミナル 国内線エリア 共同出張所,
?????,C8,B00A5,セブン銀行,東京メトロ 丸ノ内線 池袋駅 共同出張所,
?????,C8,B00AD,セブン銀行,テルミナ 共同出張所,
?????,C8,B00AF,セブン銀行,テルミナ2 共同出張所,
?????,C8,B00B8,セブン銀行,セブン‐イレブン 水戸笠原卸売センター店 共同出張所,
?????,C8,B00BB,セブン銀行,セブン‐イレブン 両国駅東口店 共同出張所,
?????,C8,B00C7,セブン銀行,セブン‐イレブン代官山鎗ヶ崎店 共同出張所,
?????,C8,B00D1,セブン銀行,セブン‐イレブン ひたちなか大成町店 共同出張所,
?????,C8,B00D8,セブン銀行,セブン‐イレブン 東京ポートシティ竹芝店 共同出張所,
?????,C8,B00DF,セブン銀行,東京メトロ 日比谷線 銀座駅 共同出張所,
?????,C8,B00F3,セブン銀行,関東鉄道 常総線 守谷駅 共同出張所,
?????,C8,B011F,セブン銀行,セブン‐イレブン 川越駅西口ユープレイス店 共同出張所,
?????,C8,B0126,セブン銀行,秋葉原UDX 共同出張所,
?????,C8,B0145,セブン銀行,東京メトロ 銀座線 銀座駅 共同出張所,
?????,C8,B0160,セブン銀行,セブン‐イレブン 東所沢和田3丁目店 共同出張所,
?????,C8,B017A,セブン銀行,セブン‐イレブン 渋谷鶯谷町店 共同出張所,
?????,C8,B0182,セブン銀行,セブン‐イレブン 中野駅北口一番街店 共同出張所,
?????,C8,B018B,セブン銀行,セブン‐イレブン 常陸太田下河合町店 共同出張所,
?????,C8,B018D,セブン銀行,JR牛久駅 共同出張所,
?????,C8,B0193,セブン銀行,JRひたち野うしく駅 共同出張所,
?????,C8,B0194,セブン銀行,JR日立駅 共同出張所,
?????,C8,B019E,セブン銀行,セブン‐イレブン ひたちなか湊中央店 共同出張所,
?????,C8,B01B1,セブン銀行,山新グランステージ水戸店 共同出張所,
?????,C8,B01B8,セブン銀行,関東鉄道 常総線 取手駅 共同出張所,
?????,C8,B01BD,セブン銀行,東京メトロ 日比谷線 上野駅 共同出張所,
?????,C8,B01D8,セブン銀行,セブン‐イレブン 目黒3丁目店 共同出張所,
?????,C8,B01F0,セブン銀行,セブン‐イレブン 笠間来栖店 共同出張所,
?????,C8,B01F6,セブン銀行,都営地下鉄 三田線 日比谷駅 共同出張所,
?????,C8,B0219,セブン銀行,セブン‐イレブン 世界貿易センタービル南館店 共同出張所,
?????,C8,B021C,セブン銀行,セブン‐イレブン 銀座ファイブ店 共同出張所,
?????,C8,B0237,セブン銀行,錦糸町パルコ 共同出張所,
?????,C8,B0246,セブン銀行,JR品川駅新幹線南口 共同出張所,
?????,C8,B0249,セブン銀行,JR荒川沖駅 共同出張所,
?????,C8,B024B,セブン銀行,大森ララ 共同出張所,
?????,C8,B024D,セブン銀行,JR龍ケ崎市駅 共同出張所,
?????,C8,B027F,セブン銀行,セブン‐イレブン 秋葉原センタープレイス店 共同出張所,
?????,C8,B0284,セブン銀行,セブン‐イレブン 小山中央町店 共同出張所,
?????,C8,B029C,セブン銀行,セブン‐イレブン 藤沢駅北口店 共同出張所,
?????,C8,B02A1,セブン銀行,セブン‐イレブン 立川北駅改札前店 共同出張所,
?????,C8,B02A9,セブン銀行,セブン‐イレブン 多摩モノレール玉川上水駅店 共同出張所,
?????,C8,B02AF,セブン銀行,セブン‐イレブン 秋葉原電気街口店 共同出張所,
?????,C8,B02B0,セブン銀行,セブン‐イレブン 秋葉原電気街口店 共同出張所,
?????,C8,B02B4,セブン銀行,つくばエクスプレス北千住駅 共同出張所,
?????,C8,B02B5,セブン銀行,つくばエクスプレス八潮駅 共同出張所,
?????,C8,B02C1,セブン銀行,セブン‐イレブン 葛飾金町駅南口店 共同出張所,
?????,C8,B02C8,セブン銀行,クイズモール龍ヶ崎 共同出張所,
?????,C8,B02D8,セブン銀行,セブン‐イレブン 東中野銀座通り店 共同出張所,
?????,C8,B02F2,セブン銀行,ららぽーと 豊洲1 共同出張所,
?????,C8,B02F7,セブン銀行,セブン‐イレブン 相模大野3丁目西店 共同出張所,
?????,C8,B02FE,セブン銀行,八重洲地下街 共同出張所,
?????,C8,B0300,セブン銀行,東武鉄道 伊勢崎線 北千住駅 共同出張所,
?????,C8,B0304,セブン銀行,ららぽーと 豊洲2 共同出張所,
?????,C8,B0315,セブン銀行,東武鉄道 東上線 池袋駅 共同出張所,
?????,C8,B0333,セブン銀行,ヨーク ヨークフーズ八柱さくら通り店 共同出張所,
?????,C8,B0336,セブン銀行,東武鉄道 野田線 柏駅 共同出張所,
?????,C8,B0337,セブン銀行,東武鉄道 東上線 池袋駅 共同出張所,
?????,C8,B0338,セブン銀行,東武鉄道 東上線 池袋駅 共同出張所,
?????,C8,B033E,セブン銀行,東武鉄道 東上線 池袋駅 共同出張所,
?????,C8,B0341,セブン銀行,セブン‐イレブン 朝霞台駅南口店 共同出張所,
?????,C8,B036C,セブン銀行,JR新橋駅 汐留口 共同出張所,
?????,C8,B0375,セブン銀行,アピタ宇都宮店 共同出張所,
?????,C8,B037E,セブン銀行,東武鉄道 宇都宮線 東武宇都宮駅 共同出張所,
?????,C8,B03AF,セブン銀行,セブン‐イレブン 常盤橋タワーB1F店 共同出張所,
?????,C8,B03BB,セブン銀行,セブン‐イレブン 渋谷神泉町店 共同出張所,
?????,C8,B03BF,セブン銀行,セブン‐イレブン 土浦真鍋店 共同出張所,
?????,C8,B045E,セブン銀行,トナリエキュート つくば 共同出張所,
?????,C8,B0462,セブン銀行,トナリエクレオ つくば 共同出張所,
?????,C8,B0471,セブン銀行,セブン‐イレブン 相模大野駅北店 共同出張所,
?????,C8,B0483,セブン銀行,エクセルみなみ 共同出張所,
?????,C8,B048A,セブン銀行,東京モノレール 羽田空港第2ターミナル駅 共同出張所,
?????,C8,B048E,セブン銀行,ららぽーと 柏の葉 共同出張所,
?????,C8,B04A3,セブン銀行,セブン‐イレブン 秋葉原駅前店 共同出張所,
?????,C8,B04C7,セブン銀行,ジョイホン 小山駅前店 共同出張所,
?????,C8,B04D1,セブン銀行,都営地下鉄 三田線 神保町駅 共同出張所,
?????,C8,B04E7,セブン銀行,セブン‐イレブン 世田谷祖師谷1丁目店 共同出張所,
?????,C8,B04E8,セブン銀行,セブン‐イレブン 世田谷祖師谷1丁目店 共同出張所,
?????,C8,B0518,セブン銀行,セブン‐イレブン 渋谷中央街店 共同出張所,
?????,C8,B053C,セブン銀行,笹塚ショッピングモール21 共同出張所,
?????,C8,B0560,セブン銀行,ヨークベニマル 宇都宮テラス店 共同出張所,
?????,C8,B0561,セブン銀行,Utsunomiya Terrace 共同出張所,
?????,C8,B0573,セブン銀行,東京メトロ 東西線 大手町駅 共同出張所,
?????,C8,B0575,セブン銀行,セブン‐イレブン 宇都宮テラス店 共同出張所,
?????,C8,B05DA,セブン銀行,東京メトロ 半蔵門線 半蔵門駅 共同出張所,
?????,C8,B05EB,セブン銀行,東武百貨店 池袋店 共同出張所,
?????,C8,B0606,セブン銀行,相模大野モアーズ 共同出張所,
?????,C8,B0609,セブン銀行,JR石岡駅 共同出張所,
?????,C8,B060A,セブン銀行,JR友部駅 共同出張所,
?????,C8,B060B,セブン銀行,JR高萩駅 共同出張所,
?????,C8,B0611,セブン銀行,JR赤塚駅 共同出張所,
?????,C8,B0612,セブン銀行,JR東海駅 共同出張所,
?????,C8,B0613,セブン銀行,JR大甕駅 共同出張所,
?????,C8,B0645,セブン銀行,ららぽーと TOKYO-BAY 共同出張所,
?????,C8,B0646,セブン銀行,ららぽーと TOKYO-BAY 共同出張所,
?????,C8,B0647,セブン銀行,セブン‐イレブン 渋谷円山町店 共同出張所,
?????,C8,B064C,セブン銀行,エクセル本館 共同出張所,
?????,C8,B0661,セブン銀行,ベイシアスーパーマーケット石岡東光台店 共同出張所,
?????,C8,B068D,セブン銀行,ロピアトナリエクレオ店 共同出張所,
?????,C8,B0696,セブン銀行,セブン‐イレブン 墨田両国4丁目店 共同出張所,
?????,C8,B06A5,セブン銀行,ヤオコー 取手戸頭店 共同出張所,
?????,C8,B06D5,セブン銀行,西武新宿線 小平駅 共同出張所,
?????,C8,B0740,セブン銀行,そごう横浜店 共同出張所,
?????,C8,B0741,セブン銀行,池袋ショッピングパーク 共同出張所,
?????,C8,B074C,セブン銀行,西武池袋本店 共同出張所,
?????,C8,B0756,セブン銀行,池袋ショッピングパーク 共同出張所,
?????,C8,B0757,セブン銀行,池袋ショッピングパーク 共同出張所,
?????,C8,B075A,セブン銀行,そごう横浜店 共同出張所,
?????,C8,B075B,セブン銀行,そごう横浜店 共同出張所,
?????,C8,B0777,セブン銀行,ヨークベニマル 常陸太田店 共同出張所,
?????,C8,B0791,セブン銀行,ヨークベニマル 友部スクエア店 共同出張所,
?????,C8,B0794,セブン銀行,東京メトロ 有楽町線 池袋駅 共同出張所,
?????,C8,B0795,セブン銀行,東京メトロ 有楽町線 池袋駅 共同出張所,
?????,C8,B079B,セブン銀行,セブン‐イレブン 神田すずらん通り店 共同出張所,
?????,C8,B079C,セブン銀行,セブン‐イレブン 神田すずらん通り店 共同出張所,
?????,C8,B07B3,セブン銀行,ヒタチエ 共同出張所,
?????,C8,B07D7,セブン銀行,ヨドバシ甲府 共同出張所,
?????,C8,B07FD,セブン銀行,相模鉄道鶴ケ峰駅 共同出張所,
?????,C8,B082D,セブン銀行,セブン‐イレブン 水戸見川3丁目店 共同出張所,
?????,C8,B083F,セブン銀行,ららぽーと 豊洲1 共同出張所,
?????,C8,B0840,セブン銀行,ららぽーと 豊洲1 共同出張所,
?????,C8,B08C6,セブン銀行,相模鉄道いずみ野駅 共同出張所,
?????,C8,B0923,セブン銀行,JR東京駅八重洲 共同出張所,
?????,C8,B0988,セブン銀行,JR品川駅 新幹線改札内 共同出張所,
?????,C8,B09B8,セブン銀行,JR東京駅 新幹線改札内 共同出張所,
?????,C8,B09B9,セブン銀行,JR東京駅 新幹線改札内 共同出張所,
?????,C8,B09DD,セブン銀行,東京メトロ 日比谷線 虎ノ門ヒルズ駅 共同出張所,
?????,C8,B09E2,セブン銀行,アトレ秋葉原 共同出張所,
?????,C8,B0A4B,セブン銀行,アトレ取手 共同出張所,
?????,C8,B0A58,セブン銀行,京急電鉄 京急羽田空港第3ターミナル駅 共同出張所,
?????,C8,B0A5C,セブン銀行,横浜市営地下鉄 新横浜駅 共同出張所,
?????,C8,B0AA2,セブン銀行,セブン‐イレブン 渋谷サクラテラス店 共同出張所,
?????,C8,B0B3E,セブン銀行,セブン‐イレブン 九段南4丁目店 共同出張所,
?????,C8,B0B55,セブン銀行,JR東京駅八重洲 共同出張所,
?????,C8,B0C06,セブン銀行,MEGAドン・キホーテ勝田店 共同出張所,
?????,C8,B0E54,セブン銀行,ファミリーマート ムスブ田町店 共同出張所,
?????,C8,B0E55,セブン銀行,ファミリーマート ムスブ田町店 共同出張所,
?????,C8,B0E80,セブン銀行,ファミリーマート 外神田四丁目蔵前橋通り店 共同出張所,
?????,C8,B0F10,ファミリーマート,守山城南町店,
?????,C8,B0F11,ファミリーマート,守山城南町店,
?????,C8,B4FD6,ローソン,名張駅前店,
?????,C8,B4FD7,ローソン,名張駅前店,
?????,C8,BC9FC,ローソン,新橋四丁目店,
?????,C8,BC9FD,ローソン,新橋四丁目店,
?????,C8,BC9FE,ローソン,新橋四丁目店,
?????,C8,BCB4B,ローソン,日本橋浜町二丁目店,
?????,C8,BCB4C,ローソン,日本橋浜町二丁目店,
?????,C8,BCB4D,ローソン,日本橋浜町二丁目店,
?????,C8,BEEEC,ローソン,フジテレビ店,
?????,C8,C04DE,ローソン,アキバ・トリム店,
?????,C8,C3582,自動販売機,德力ビル,
?????,C8,C3591,自動販売機,ホテルマヨビエント,屋外 入口脇
?????,C8,C37A2,自動販売機,道の駅 常陸大宮 〜かわプラザ〜,トイレ横
?????,C8,C37C4,自動販売機,渋谷ファイブビル by Coast,
?????,C8,C3916,自動販売機,茨城県開発公社ビル,県庁側 ATMコーナー前
?????,C8,C3AEE,自動販売機,ホテルサンロード,駐車場 出入口脇
?????,C8,C3AF2,自動販売機,イオンモール京都桂川,屋外 Ⓔ1入口前 立体駐車場エレベーター横
?????,C8,C3B0F,自動販売機,#名鉄#小幡駅,2番線ホーム
?????,C8,C3B45,千葉県立関宿城博物館,展望室 テレビ望遠鏡,
?????,C8,C3B47,自動販売機,#ゆいレール#美栄橋駅,ホーム 那覇空港方
?????,C8,C3DEF,自動販売機,トツカーナ,屋外 地上 戸塚駅西口バス降り場前
?????,C8,C3DFD,自動販売機,JCHO東京山手メディカルセンター,1階
?????,C8,C3F5C,自動販売機,遠州屋,屋外
?????,C8,C4196,自動販売機,早川商店,
?????,C8,C438D,自動販売機,国際親善総合病院,本館棟 屋外 入口前
?????,C8,C44F4,自動販売機,関東自動車 宇都宮駅前定期券センター・待合室,屋外
?????,C8,C4721,自動販売機,FSビル,屋外 西側
?????,C8,C4B03,自動販売機,新潟市立新津図書館,
?????,C8,C4B76,自動販売機,新潟市立新津図書館,
?????,C8,C4CEC,自動販売機,道の駅 フェニックス,
?????,C8,C5E12,自動販売機,新宿ピカデリー,シアター1 入口前
?????,C8,C5E86,自動販売機,クロスベイ新湊,1F自販機コーナー
?????,C8,C627F,自動販売機,コインパーク円山町第2北隣民家,屋外
?????,C8,C6288,自動販売機,市役所前バス待合室,
?????,C8,C6353,自動販売機,日本武道館,1F東ロビー
?????,C8,C6783,自動販売機,塗装会館,屋外
?????,C8,C6791,自動販売機,早川商店,
?????,C8,C69B7,自動販売機,白銀会館,建物外部東面
?????,C8,C6A39,自動販売機,法学館ビル,屋外
?????,C8,C6BEC,松屋,六本木4丁目店,
?????,C8,C6E47,自動販売機,#近鉄#鳥羽駅,6・7番のりば 南側
?????,C8,C6E4C,自動販売機,新鮮激安市場! 桂店,屋外 入口向かって右 桂川街道
?????,C8,C6E50,自動販売機,新鮮激安市場! 洛西口店,屋外 南東端
?????,C8,C706D,自動販売機,サンキ新津店,屋外 店舗前
?????,C8,C7995,自動販売機,有楽町朝日ホール,12Fロビー 喫茶コーナー前
?????,C8,C7996,自動販売機,有楽町朝日ホール,11Fエレベーターホール
?????,C8,C7CB9,自動販売機,BIG-DIPPER 京都駅前店,南側入口
?????,C8,C7CEA,自動販売機,ケーズデンキ水戸内原店,1階 入口付近
?????,C8,C85B5,自動販売機,カプセルホテル渋谷,入口脇
?????,C8,C866C,自動販売機,アチコチトカチ,幸福駅前
?????,C8,C86E2,自動販売機,さん花園,
?????,C8,C8A7D,ミニストップ,神田神保町1丁目店,
?????,C8,DCB87,自動販売機,フレスポ赤塚,屋外
?????,C8,E11FF,自動販売機,#ひたちなか海浜鉄道#那珂湊駅,屋外 駅出入口・那珂湊駅前バス待合所 間
?????,C8,EDCB4,ローソン,水戸見和岩間街道店,
?????,C8,EDCB5,ローソン,水戸見和岩間街道店,
?????,C8,F034C,ローソン,高輪ゲートウェイシティ店,
?????,C8,F034D,ローソン,高輪ゲートウェイシティ店,
?????,C8,F034E,ローソン,高輪ゲートウェイシティ店,
?????,C8,F034F,ローソン,高輪ゲートウェイシティ店,
?????,C8,F4831,自動販売機,遊スペースマジカル,3階カウンター横
?????,C8,F4852,自動販売機,近江屋ロープ株式会社,駐車場脇
?????,C8,F4859,自動販売機,KKDビル,屋外 西側 八条通
?????,C8,F495E,GiGO,新宿西口,
?????,C8,F495F,GiGO,新宿西口,
?????,C8,F4999,GiGO,自由が丘,
?????,C8,F499B,GiGO,秋葉原3号館,
?????,C8,F499F,GiGO,秋葉原3号館,
?????,C8,F49A7,GiGO,自由が丘,
?????,C8,F4A26,マルチ電子マネーチャージ機,GiGO 自由が丘,
?????,C8,F4AB0,GiGO,宇都宮,
?????,C8,F4AB1,GiGO,宇都宮,
?????,C8,F4AB2,GiGO,宇都宮,
?????,C8,F4AB3,GiGO,宇都宮,
?????,C8,F4AB4,GiGO,宇都宮,
?????,C8,F4AB5,GiGO,宇都宮,
?????,C8,F4AB6,GiGO,宇都宮,
?????,C8,F4AB7,GiGO,宇都宮,
?????,C8,F4AB8,GiGO,宇都宮,
?????,C8,F4AB9,GiGO,宇都宮,
?????,C8,F4ABA,GiGO,宇都宮,
?????,C8,F4ABB,GiGO,宇都宮,
?????,C8,F4ABC,GiGO,宇都宮,
?????,C8,F4ABD,GiGO,宇都宮,
?????,C8,F4ABE,GiGO,宇都宮,
?????,C8,F4ABF,GiGO,宇都宮,
?????,C8,F4B04,GiGO,宇都宮,
?????,C8,F4B19,GiGO,宇都宮,
?????,C8,F4C61,自動販売機,東京都立第五商業高等学校,
?????,C8,F4D43,POCKET CHANGE,渋谷ちかみち WANDER COMPASS内,
?????,C8,F4EFD,GiGO,新宿西口,
?????,C8,F5098,自動販売機,PARCO CITY,3階ブルーゾーン 駐車場出入口近く
?????,C8,F51D8,自動販売機,羽田空港,第2ターミナル バス出発ラウンジ 500番ゲート側
?????,C8,F5548,自動販売機,町田 まほろ坂,タバコ屋跡地
?????,C8,F5555,自動販売機,アローパーキング船橋第1,精算機横
?????,C8,F55A9,自動販売機,法学館ビル,屋外
?????,C8,F570D,自動販売機,アローパーキング船橋第1,精算機横
?????,C8,F5957,自動販売機,株式会社アーク・システム,屋外 敷地内
?????,C8,F5978,自動販売機,德力ビル,
?????,C8,F5BCC,自動販売機,土浦旅行サービスビル,屋外
?????,C8,F5DA5,ゲームイミグランデ,溝の口店,
?????,C8,F5DBB,GiGO,柏,
?????,C8,F5DBC,GiGO,柏,
?????,C8,F5DBD,GiGO,柏,
?????,C8,F5DBE,GiGO,柏,
?????,C8,F5DBF,GiGO,柏,
?????,C8,F5DC0,GiGO,柏,
?????,C8,F5DC1,GiGO,柏,
?????,C8,F5DC2,GiGO,柏,
?????,C8,F5DC3,GiGO,柏,
?????,C8,F5DC4,GiGO,柏,
?????,C8,F5DC5,GiGO,柏,
?????,C8,F5DC6,GiGO,柏,
?????,C8,F5DC7,GiGO,柏,
?????,C8,F5DC8,GiGO,柏,
?????,C8,F5DC9,GiGO,柏,
?????,C8,F5DCA,GiGO,柏,
?????,C8,F5DCB,GiGO,柏,
?????,C8,F5DCC,GiGO,柏,
?????,C8,F69A3,ラーメン王,後楽本舗,
?????,C8,F6A9B,自動販売機,#菓子司#局屋立春 西店,店舗外 清水新道(茶わん坂)
?????,C8,F6CD5,自動販売機,吉田清栄堂,屋外 清水新道(茶わん坂)
?????,C8,F6E30,GiGO,八柱,
?????,C8,F6E31,GiGO,八柱,
?????,C8,F6E32,GiGO,八柱,
?????,C8,F6E33,GiGO,八柱,
?????,C8,F6E34,GiGO,八柱,
?????,C8,F6E36,GiGO,八柱,
?????,C8,F6E37,GiGO,八柱,
?????,C8,F6E38,GiGO,八柱,
?????,C8,F6E39,GiGO,八柱,
?????,C8,F6E3A,GiGO,八柱,
?????,C8,F6E3B,GiGO,八柱,
?????,C8,F6E3C,GiGO,八柱,
?????,C8,F6E3D,GiGO,八柱,
?????,C8,F6E3E,GiGO,八柱,
?????,C8,F6EDC,GiGO,八柱,
?????,C8,F725B,自動販売機,#JR九州#鹿児島中央駅,2階コンコース(在来線改札内)
?????,C8,F765C,自動販売機,#JR九州#鹿児島中央駅,5·6番のりば(鹿児島寄り)
?????,C8,F765D,自動販売機,#JR九州#鹿児島中央駅,3·4番のりば(鹿児島寄り)
?????,C8,F78AF,ラーメン山岡家,苫小牧糸井店,
?????,C8,F7916,ユーズランド,水戸内原店,
?????,C8,F792C,GiGO,水戸,
?????,C8,F792D,GiGO,水戸,
?????,C8,F792E,GiGO,水戸,
?????,C8,F792F,GiGO,水戸,
?????,C8,F7930,GiGO,水戸,
?????,C8,F7931,GiGO,水戸,
?????,C8,F7932,GiGO,水戸,
?????,C8,F7933,GiGO,水戸,
?????,C8,F7934,GiGO,水戸,
?????,C8,F7935,GiGO,水戸,
?????,C8,F7936,GiGO,水戸,
?????,C8,F7937,GiGO,水戸,
?????,C8,F7938,GiGO,水戸,
?????,C8,F7939,GiGO,水戸,
?????,C8,F793A,GiGO,水戸,
?????,C8,F793B,GiGO,水戸,
?????,C8,F793C,GiGO,水戸,
?????,C8,F793D,GiGO,水戸,
?????,C8,F793E,GiGO,水戸,
?????,C8,F793F,GiGO,水戸,
?????,C8,F7940,GiGO,水戸,
?????,C8,F7941,GiGO,水戸,
?????,C8,F7942,GiGO,水戸,
?????,C8,F7943,GiGO,水戸,
?????,C8,F7944,GiGO,水戸,
?????,C8,F7945,GiGO,水戸,
?????,C8,F7946,GiGO,水戸,
?????,C8,F7947,GiGO,水戸,
?????,C8,F7948,GiGO,水戸,
?????,C8,F7949,GiGO,水戸,
?????,C8,F794A,GiGO,水戸,
?????,C8,F794B,GiGO,水戸,
?????,C8,F794C,GiGO,水戸,
?????,C8,F794D,GiGO,水戸,
?????,C8,F794E,GiGO,水戸,
?????,C8,F794F,GiGO,水戸,
?????,C8,F7950,GiGO,水戸,
?????,C8,F7951,GiGO,水戸,
?????,C8,F7952,GiGO,水戸,
?????,C8,F7953,GiGO,水戸,
?????,C8,F7954,GiGO,水戸,
?????,C8,F7955,GiGO,水戸,
?????,C8,F7956,GiGO,水戸,
?????,C8,F7957,GiGO,水戸,
?????,C8,F7958,GiGO,水戸,
?????,C8,F7959,GiGO,水戸,
?????,C8,F795A,GiGO,水戸,
?????,C8,F795B,GiGO,水戸,
?????,C8,F795C,GiGO,水戸,
?????,C8,F795D,GiGO,水戸,
?????,C8,F795E,GiGO,水戸,
?????,C8,F795F,GiGO,水戸,
?????,C8,F7960,GiGO,水戸,
?????,C8,F7961,GiGO,水戸,
?????,C8,F7962,GiGO,水戸,
?????,C8,F7963,GiGO,水戸,
?????,C8,F7964,GiGO,水戸,
?????,C8,F7965,GiGO,水戸,
?????,C8,F7966,GiGO,水戸,
?????,C8,F7967,GiGO,水戸,
?????,C8,F7968,GiGO,水戸,
?????,C8,F7969,GiGO,水戸,
?????,C8,F796A,GiGO,水戸,
?????,C8,F796B,GiGO,水戸,
?????,C8,F796C,GiGO,水戸,
?????,C8,F796D,GiGO,水戸,
?????,C8,F796E,GiGO,水戸,
?????,C8,F796F,GiGO,水戸,
?????,C8,F7970,GiGO,水戸,
?????,C8,F7971,GiGO,水戸,
?????,C8,F7972,GiGO,水戸,
?????,C8,F7973,GiGO,水戸,
?????,C8,F7974,GiGO,水戸,
?????,C8,F7975,GiGO,水戸,
?????,C8,F7976,GiGO,水戸,
?????,C8,F7977,GiGO,水戸,
?????,C8,F7978,GiGO,水戸,
?????,C8,F7979,GiGO,水戸,
?????,C8,F797A,GiGO,水戸,
?????,C8,F797B,GiGO,水戸,
?????,C8,F797C,GiGO,水戸,
?????,C8,F797D,GiGO,水戸,
?????,C8,F797E,GiGO,水戸,
?????,C8,F797F,GiGO,水戸,
?????,C8,F7980,GiGO,水戸,
?????,C8,F7981,GiGO,水戸,
?????,C8,F7982,GiGO,水戸,
?????,C8,F7983,GiGO,水戸,
?????,C8,F7984,GiGO,水戸,
?????,C8,F7985,GiGO,水戸,
?????,C8,F7986,GiGO,水戸,
?????,C8,F7987,GiGO,水戸,
?????,C8,F7988,GiGO,水戸,
?????,C8,F7989,GiGO,水戸,
?????,C8,F798A,GiGO,水戸,
?????,C8,F798B,GiGO,水戸,
?????,C8,F798C,GiGO,水戸,
?????,C8,F798D,GiGO,水戸,
?????,C8,F798E,GiGO,水戸,
?????,C8,F798F,GiGO,水戸,
?????,C8,F7990,GiGO,水戸,
?????,C8,F7991,GiGO,水戸,
?????,C8,F7992,GiGO,水戸,
?????,C8,F7993,GiGO,水戸,
?????,C8,F7994,GiGO,水戸,
?????,C8,F7995,GiGO,水戸,
?????,C8,F7996,GiGO,水戸,
?????,C8,F7997,GiGO,水戸,
?????,C8,F7998,GiGO,水戸,
?????,C8,F7999,GiGO,水戸,
?????,C8,F799A,GiGO,水戸,
?????,C8,F799B,GiGO,水戸,
?????,C8,F799C,GiGO,水戸,
?????,C8,F799D,GiGO,水戸,
?????,C8,F799E,GiGO,水戸,
?????,C8,F799F,GiGO,水戸,
?????,C8,F79A0,GiGO,水戸,
?????,C8,F79A1,GiGO,水戸,
?????,C8,F79A2,GiGO,水戸,
?????,C8,F79A3,GiGO,水戸,
?????,C8,F79A4,GiGO,水戸,
?????,C8,F79A5,GiGO,水戸,
?????,C8,F79A6,GiGO,水戸,
?????,C8,F79A7,GiGO,水戸,
?????,C8,F79A8,GiGO,水戸,
?????,C8,F79A9,GiGO,水戸,
?????,C8,F79AA,GiGO,水戸,
?????,C8,F79AB,GiGO,水戸,
?????,C8,F79AC,GiGO,水戸,
?????,C8,F79AD,GiGO,水戸,
?????,C8,F79AE,GiGO,水戸,
?????,C8,F79AF,GiGO,水戸,
?????,C8,F79B0,GiGO,水戸,
?????,C8,F79B1,GiGO,水戸,
?????,C8,F79B2,GiGO,水戸,
?????,C8,F79B3,GiGO,水戸,
?????,C8,F79B4,GiGO,水戸,
?????,C8,F79B5,GiGO,水戸,
?????,C8,F79B6,GiGO,水戸,
?????,C8,F79B7,GiGO,水戸,
?????,C8,F79B8,GiGO,水戸,
?????,C8,F79B9,GiGO,水戸,
?????,C8,F79BA,GiGO,水戸,
?????,C8,F79BB,GiGO,水戸,
?????,C8,F79BC,GiGO,水戸,
?????,C8,F79BD,GiGO,水戸,
?????,C8,F79BE,GiGO,水戸,
?????,C8,F79BF,自動販売機,オペラハウス渋谷,
?????,C8,F79C0,GiGO,水戸,
?????,C8,F79C1,GiGO,水戸,
?????,C8,F79C2,GiGO,水戸,
?????,C8,F79C3,GiGO,水戸,
?????,C8,F79C4,GiGO,水戸,
?????,C8,F79C5,GiGO,水戸,
?????,C8,F79C6,GiGO,水戸,
?????,C8,F79C7,GiGO,水戸,
?????,C8,F79C8,GiGO,水戸,
?????,C8,F79C9,GiGO,水戸,
?????,C8,F79CA,GiGO,水戸,
?????,C8,F79CB,GiGO,水戸,
?????,C8,F79CC,GiGO,水戸,
?????,C8,F79CD,GiGO,水戸,
?????,C8,F79CE,GiGO,水戸,
?????,C8,F79CF,GiGO,水戸,
?????,C8,F79D0,GiGO,水戸,
?????,C8,F79D1,GiGO,水戸,
?????,C8,F79D2,GiGO,水戸,
?????,C8,F79D3,GiGO,水戸,
?????,C8,F79D4,GiGO,水戸,
?????,C8,F79D5,GiGO,水戸,
?????,C8,F79D6,GiGO,水戸,
?????,C8,F79D7,GiGO,水戸,
?????,C8,F79D8,GiGO,水戸,
?????,C8,F79D9,GiGO,水戸,
?????,C8,F79DA,GiGO,水戸,
?????,C8,F79DB,GiGO,水戸,
?????,C8,F79DC,GiGO,水戸,
?????,C8,F79DD,GiGO,水戸,
?????,C8,F79DE,GiGO,水戸,
?????,C8,F79DF,GiGO,水戸,
?????,C8,F79E0,GiGO,水戸,
?????,C8,F79E1,GiGO,水戸,
?????,C8,F79E2,GiGO,水戸,
?????,C8,F79E3,GiGO,水戸,
?????,C8,F79E4,GiGO,水戸,
?????,C8,F79E5,GiGO,水戸,
?????,C8,F79E6,GiGO,水戸,
?????,C8,F79E7,GiGO,水戸,
?????,C8,F79E8,GiGO,水戸,
?????,C8,F79E9,GiGO,水戸,
?????,C8,F79EA,GiGO,水戸,
?????,C8,F79EB,GiGO,水戸,
?????,C8,F79EC,GiGO,水戸,
?????,C8,F79ED,GiGO,水戸,
?????,C8,F79EE,GiGO,水戸,
?????,C8,F79EF,GiGO,水戸,
?????,C8,F79F0,GiGO,水戸,
?????,C8,F79F1,GiGO,水戸,
?????,C8,F79F2,GiGO,水戸,
?????,C8,F79F3,GiGO,水戸,
?????,C8,F79F4,GiGO,水戸,
?????,C8,F79F5,GiGO,水戸,
?????,C8,F79F6,GiGO,水戸,
?????,C8,F79F7,GiGO,水戸,
?????,C8,F79F8,GiGO,水戸,
?????,C8,F79F9,GiGO,水戸,
?????,C8,F79FA,GiGO,水戸,
?????,C8,F79FB,GiGO,水戸,
?????,C8,F79FC,GiGO,水戸,
?????,C8,F79FD,GiGO,水戸,
?????,C8,F79FE,GiGO,水戸,
?????,C8,F79FF,GiGO,水戸,
?????,C8,F7A00,GiGO,水戸,
?????,C8,F7A01,GiGO,水戸,
?????,C8,F7A02,GiGO,水戸,
?????,C8,F7A03,GiGO,水戸,
?????,C8,F7A04,GiGO,水戸,
?????,C8,F7A05,GiGO,水戸,
?????,C8,F7A06,GiGO,水戸,
?????,C8,F7A07,GiGO,水戸,
?????,C8,F7A08,GiGO,水戸,
?????,C8,F7A09,GiGO,水戸,
?????,C8,F7A0A,GiGO,水戸,
?????,C8,F7A0B,GiGO,水戸,
?????,C8,F7A0C,GiGO,水戸,
?????,C8,F7A0D,GiGO,水戸,
?????,C8,F7A0E,GiGO,水戸,
?????,C8,F7A0F,GiGO,水戸,
?????,C8,F7A10,GiGO,水戸,
?????,C8,F7A11,GiGO,水戸,
?????,C8,F7A12,GiGO,水戸,
?????,C8,F7A13,GiGO,水戸,
?????,C8,F7A14,GiGO,水戸,
?????,C8,F7A15,GiGO,水戸,
?????,C8,F7A16,GiGO,水戸,
?????,C8,F7A17,GiGO,水戸,
?????,C8,F7A18,GiGO,水戸,
?????,C8,F7A19,GiGO,水戸,
?????,C8,F7A1A,GiGO,水戸,
?????,C8,F7A1B,GiGO,水戸,
?????,C8,F7A1C,GiGO,水戸,
?????,C8,F7A1D,GiGO,水戸,
?????,C8,F7A1E,GiGO,水戸,
?????,C8,F7A1F,GiGO,水戸,
?????,C8,F7A20,GiGO,水戸,
?????,C8,F7A21,GiGO,水戸,
?????,C8,F7A22,GiGO,水戸,
?????,C8,F7A23,GiGO,水戸,
?????,C8,F7A24,GiGO,水戸,
?????,C8,F7A25,GiGO,水戸,
?????,C8,F7A26,GiGO,水戸,
?????,C8,F7A27,GiGO,水戸,
?????,C8,F7A28,GiGO,水戸,
?????,C8,F7A29,GiGO,水戸,
?????,C8,F7A2A,GiGO,水戸,
?????,C8,F7A2B,GiGO,水戸,
?????,C8,F7A2C,GiGO,水戸,
?????,C8,F7A2D,GiGO,水戸,
?????,C8,F7A2E,GiGO,水戸,
?????,C8,F7A2F,GiGO,水戸,
?????,C8,F7A30,GiGO,水戸,
?????,C8,F7A31,GiGO,水戸,
?????,C8,F7A32,GiGO,水戸,
?????,C8,F7A33,GiGO,水戸,
?????,C8,F7A34,GiGO,水戸,
?????,C8,F7A35,GiGO,水戸,
?????,C8,F7A36,GiGO,水戸,
?????,C8,F7A37,GiGO,水戸,
?????,C8,F7A38,GiGO,水戸,
?????,C8,F7A39,GiGO,水戸,
?????,C8,F7A3A,GiGO,水戸,
?????,C8,F7A3B,GiGO,水戸,
?????,C8,F7A3C,GiGO,水戸,
?????,C8,F7A3D,GiGO,水戸,
?????,C8,F7A3E,GiGO,水戸,
?????,C8,F7A3F,GiGO,水戸,
?????,C8,F7A40,GiGO,水戸,
?????,C8,F7A41,GiGO,水戸,
?????,C8,F7A42,GiGO,水戸,
?????,C8,F7A43,GiGO,水戸,
?????,C8,F7A44,GiGO,水戸,
?????,C8,F7A45,GiGO,水戸,
?????,C8,F7A46,GiGO,水戸,
?????,C8,F7A47,GiGO,水戸,
?????,C8,F7A48,GiGO,水戸,
?????,C8,F7A49,GiGO,水戸,
?????,C8,F7A4A,GiGO,水戸,
?????,C8,F7A4B,GiGO,水戸,
?????,C8,F7A4C,GiGO,水戸,
?????,C8,F7A4D,GiGO,水戸,
?????,C8,F7A4E,GiGO,水戸,
?????,C8,F7A4F,GiGO,水戸,
?????,C8,F7A50,GiGO,水戸,
?????,C8,F7A51,GiGO,水戸,
?????,C8,F7A52,GiGO,水戸,
?????,C8,F7A53,GiGO,水戸,
?????,C8,F7A54,GiGO,水戸,
?????,C8,F7A55,GiGO,水戸,
?????,C8,F7A56,GiGO,水戸,
?????,C8,F7A57,GiGO,水戸,
?????,C8,F7A58,GiGO,水戸,
?????,C8,F7A59,GiGO,水戸,
?????,C8,F7A5A,GiGO,水戸,
?????,C8,F7A5B,GiGO,水戸,
?????,C8,F7A5C,GiGO,水戸,
?????,C8,F7A5D,GiGO,水戸,
?????,C8,F7A5E,GiGO,水戸,
?????,C8,F7A5F,GiGO,水戸,
?????,C8,F7A60,GiGO,水戸,
?????,C8,F7A61,GiGO,水戸,
?????,C8,F7A62,GiGO,水戸,
?????,C8,F7A63,GiGO,水戸,
?????,C8,F7A64,GiGO,水戸,
?????,C8,F7A65,GiGO,水戸,
?????,C8,F7A66,GiGO,水戸,
?????,C8,F7A67,GiGO,水戸,
?????,C8,F7A68,GiGO,水戸,
?????,C8,F7A69,GiGO,水戸,
?????,C8,F7A6A,GiGO,水戸,
?????,C8,F7A6B,GiGO,水戸,
?????,C8,F7A6C,GiGO,水戸,
?????,C8,F7A6D,GiGO,水戸,
?????,C8,F7A6E,GiGO,水戸,
?????,C8,F7A6F,GiGO,水戸,
?????,C8,F7A70,GiGO,水戸,
?????,C8,F7A71,GiGO,水戸,
?????,C8,F7A72,GiGO,水戸,
?????,C8,F7A73,GiGO,水戸,
?????,C8,F7A74,GiGO,水戸,
?????,C8,F7A75,GiGO,水戸,
?????,C8,F7A76,GiGO,水戸,
?????,C8,F7A77,GiGO,水戸,
?????,C8,F7A78,GiGO,水戸,
?????,C8,F7A79,GiGO,水戸,
?????,C8,F7A7B,GiGO,水戸,
?????,C8,F7A7C,GiGO,水戸,
?????,C8,F7A7D,GiGO,水戸,
?????,C8,F7A7E,GiGO,水戸,
?????,C8,F7A7F,GiGO,水戸,
?????,C8,F7A80,GiGO,水戸,
?????,C8,F7A81,GiGO,水戸,
?????,C8,F7A82,GiGO,水戸,
?????,C8,F7A83,GiGO,水戸,
?????,C8,F7A84,GiGO,水戸,
?????,C8,F7A85,GiGO,水戸,
?????,C8,F7A86,GiGO,水戸,
?????,C8,F7A87,GiGO,水戸,
?????,C8,F7A88,GiGO,水戸,
?????,C8,F7A89,GiGO,水戸,
?????,C8,F7A8A,GiGO,水戸,
?????,C8,F7A8B,GiGO,水戸,
?????,C8,F7A8C,GiGO,水戸,
?????,C8,F7A8D,GiGO,水戸,
?????,C8,F7A8E,GiGO,水戸,
?????,C8,F7A8F,GiGO,水戸,
?????,C8,F7A90,GiGO,水戸,
?????,C8,F7A91,GiGO,水戸,
?????,C8,F7A92,GiGO,水戸,
?????,C8,F7A93,GiGO,水戸,
?????,C8,F7A94,GiGO,水戸,
?????,C8,F7A95,GiGO,水戸,
?????,C8,F7A96,GiGO,水戸,
?????,C8,F7A97,GiGO,水戸,
?????,C8,F7A98,GiGO,水戸,
?????,C8,F843C,やよい軒,赤坂一ツ木通り店,
?????,C8,F8721,自動販売機,アパホテル帯広駅前,1F エレベーター横
?????,C8,F8A16,自動販売機,ナカヤビル,屋外
?????,C8,F8BD8,GiGO,水戸,
?????,C8,F8CC2,自動販売機,皇居前広場,
?????,C8,F8CEE,自動販売機,ヒューリックホール東京,11F上手側
?????,C8,F8E5E,自動販売機,#鎌倉#長谷寺,見晴台
?????,C8,F9319,自動販売機,Li-Ka1920,4階 トイレ前
?????,C8,F94DF,自動販売機,德力ビル,
?????,C8,F9698,自動販売機,海辺の杜ホスピタル,デイケア棟
?????,C8,F9AE7,GiGO,イオンモール高岡,
?????,C8,F9B38,GiGO,イオンモール高岡,
?????,C8,FA2BF,自動販売機,Teboya駐車場脇 国道3号線沿い,
?????,C8,FB1B0,GiGO,水戸南,
?????,C8,FB1B1,GiGO,水戸南,
?????,C8,FB1B2,GiGO,水戸南,
?????,C8,FB1B9,GiGO,水戸南,
?????,C8,FB3E1,GiGO,石岡,
?????,C8,FB6EF,カレーショップ C&C,Echika fit 永田町店,
?????,C8,FB6F0,カレーショップ C&C,Echika fit 永田町店,
?????,C8,FBCD9,自動販売機,楠本ビル,屋外 南東端
?????,C8,FD7BE,やよい軒,名古屋小幡店,
?????,C8,FD7BF,やよい軒,名古屋小幡店,
?????,C8,FDA61,自動販売機,京都市役所 分庁舎,1階 給水スポット
?????,C8,FDCF0,自動販売機,#嵐電#北野白梅町駅,ホームスロープ・バス停横 今出川通
?????,C8,FDCF2,自動販売機,リノパーキング 翠明パーキング,精算機横 姉小路通
?????,C8,FDD06,自動販売機,貴船神社,奥宮 入口 トイレ前
?????,C8,FE496,自動販売機,#近鉄#学園前駅,2番のりば中央 旧ドトールコーヒーショップ跡
?????,C8,FE556,自動販売機,MAROOT ポケットパーク,
?????,C8,FE818,自動販売機,ナンコクスーパーパステ店,店舗外
?????,C8,FE877,POCKET CHANGE,タイトーステーション 新宿南口ゲームワールド店,
?????,C8,FEAD9,自動販売機,#菓子司#局屋立春 西店,店舗外 清水新道(茶わん坂)
?????,C8,FEB23,自動販売機,サン・クロレラ 第6ビル,屋外
?????,C8,FF07F,自動販売機,沼津工業高等専門学校,尚友会館
?????,C8,FF080,自動販売機,沼津工業高等専門学校,総合メディアセンター
?????,C8,FF916,AFURI辛紅,,
?????,C8,FFADA,自動販売機,大覚寺バス停,運転手休憩所 南側
?????,C8,FFADD,自動販売機,丸池藤井株式会社,屋外 蛸薬師通
?????,C8,FFC06,自動販売機,#JR西日本#本竜野駅,たつの観光案内所前
?????,C8,FFC54,自動販売機,中華料理 千龍,店舗外
?????,C8,FFCA4,自動販売機,T-park 桜之町,出入口脇
ICOCA,C7,021FE,#SUPEER GUITAR SHOP#BIGBOSS,京都店,
ICOCA,C7,03098,ゆめマート,下関駅店,
ICOCA,C7,03099,ゆめマート,下関駅店,
ICOCA,C7,0309A,ゆめマート,下関駅店,
ICOCA,C7,0309B,ゆめマート,下関駅店,
ICOCA,C7,0309C,ゆめマート,下関駅店,
ICOCA,C7,030A8,ドトールコーヒーショップ,JR岡山駅2階改札内店,
ICOCA,C7,030AF,三好野,おみやげ街道晴れの国店,
ICOCA,C7,03151,#レンタサイクル#駅リンくん,JR伊丹駅,
ICOCA,C7,0315F,奈良ホテル,,
ICOCA,C7,031A9,洋麺屋五右衛門,アルデ新大阪,
ICOCA,C7,031B3,#九州ラーメン#亀王,JR新大阪駅店,
ICOCA,C7,031BB,ブルーブルーエ,アルデ新大阪店,
ICOCA,C7,03502,ヴィ・ド・フランス,奈良店,
ICOCA,C7,03538,神戸サンド屋,さんすて店,
ICOCA,C7,0353D,#米屋のにぎりめし#山田村,さんすて岡山店,
ICOCA,C7,0353E,フレッシュベーカリー神戸屋,京橋店,
ICOCA,C7,03912,Stationery AURA,,
ICOCA,C7,0392D,ヴィ・ド・フランス,和歌山店,
ICOCA,C7,03A41,ドンク,姫路駅店,
ICOCA,C7,03A42,ドンク,姫路駅店,
ICOCA,C7,03A4A,天馬らぁめん,ピオレ姫路店,
ICOCA,C7,03E0E,#カフェバール#マスカット,岡山駅 新幹線改札内,
ICOCA,C7,04052,#オムライスの店#北極星,エキマルシェ大阪店,
ICOCA,C7,0408A,パントリー,住道駅店,
ICOCA,C7,0408B,パントリー,住道駅店,
ICOCA,C7,04124,おみやげ街道,白浜駅改札口店,
ICOCA,C7,04125,おみやげ街道,白浜駅改札口店,
ICOCA,C7,04209,おみやげ街道晴れの国,,
ICOCA,C7,0420E,おみやげ街道桃太郎,,
ICOCA,C7,0425F,吉野家,加古川駅北口店,
ICOCA,C7,0428D,ふるさとキューブ,,
ICOCA,C7,042D5,ミスタードーナツ,##さんすて岡山#ショップ,
ICOCA,C7,04336,味庵,しものせき,
ICOCA,C7,04337,彦根城表門券売所,,
ICOCA,C7,04339,サンマルクカフェ,リピエ下関店,
ICOCA,C7,04342,市電ショップ,,
ICOCA,C7,0435D,小山商店,貴志駅売店,
ICOCA,C7,0437B,ヴィ・ド・フランス,倉敷店,
ICOCA,C7,04405,ひろしま駅弁,1号店,
ICOCA,C7,04407,京都鉄道博物館,ミュージアムショップ,
ICOCA,C7,04409,京都鉄道博物館,ミュージアムショップ,
ICOCA,C7,08B42,おかやま駅弁,新幹線改札内店,
ICOCA,C7,08B43,おかやま駅弁,新幹線改札内店,
ICOCA,C7,186C2,飴の俵屋,百番街店,
ICOCA,C7,186DC,#茶菓工房#たろう,百番街,
ICOCA,C7,186F2,おらが蕎麦,金沢百番街あんと店,
ICOCA,C7,186FB,8番らーめん,金沢駅店,
ICOCA,C7,186FE,#きんつば#中田屋,金沢百番街店,
ICOCA,C7,1870C,ドンク,金沢百番街店,
ICOCA,C7,18743,デリカフェ・キッチン,大阪mido,
ICOCA,C7,18759,デリカフェ・キッチン,草津,
ICOCA,C7,1875D,デリカフェ・キッチン,三ノ宮店,
ICOCA,C7,1875E,デリカフェ・エキスプレス,新神戸店,
ICOCA,C7,187C2,味のなかだ,富山駅とやマルシェ 売店,
ICOCA,C7,187E6,サンエトワール,西条店,
ICOCA,C7,18855,ますのすし本舗源,新高岡駅コンコース売店,
ICOCA,C7,18877,からふね屋珈琲,三条本店,
ICOCA,C7,18878,エスタシオンカフェ,三ノ宮店,
ICOCA,C7,1887F,エスタシオンカフェ,新神戸,
ICOCA,C7,1888A,ヴィ・ド・フランス,下関店,
ICOCA,C7,188D3,A-1 BAKERY,JR天王寺駅,
ICOCA,C7,188DB,ドトールコーヒーショップ,JR和歌山駅店,
ICOCA,C7,188DD,マネケン,JR新大阪駅店,
ICOCA,C7,188DE,マネケン,JR三ノ宮駅店,
ICOCA,C7,188F2,マネケン,JR高槻店,
ICOCA,C7,188F6,サブウェイ,JR高槻駅店,
ICOCA,C7,188F7,ビアードパパ,JR高槻駅店,
ICOCA,C7,188F8,#おむすびでござる。#ひさご,,
ICOCA,C7,188F9,御座候,姫路駅店,
ICOCA,C7,188FC,井筒屋,5号売店,
ICOCA,C7,188FD,ベイクショップ神戸屋,吹田店,
ICOCA,C7,18908,吉野家,JR明石駅店,
ICOCA,C7,1890F,京都鉄道博物館,ナシ20形食堂車,
ICOCA,C7,18923,築地銀だこ,JR高槻駅店,
ICOCA,C7,18925,ザ・どん,JR神戸駅店,
ICOCA,C7,18935,#讃岐製麺#麦まる,神戸フードテラス店,
ICOCA,C7,1893C,らぽっぽ,mini-on JR大阪駅店,
ICOCA,C7,18952,淡路屋,JR新神戸駅 コンコース2階売店,
ICOCA,C7,18968,御座候,三ノ宮駅店,
ICOCA,C7,1896F,あづき庵,JR二条駅店,
ICOCA,C7,18971,りくろーおじさんの店,JR新大阪駅中央口店,
ICOCA,C7,18985,パントリー,JR宝塚駅店,
ICOCA,C7,1898D,キムラヤ,岡山駅地下店,
ICOCA,C7,18994,#たこ家道頓堀#くくる,JR新大阪駅店,
ICOCA,C7,189A9,マネケン,JR大津駅店,
ICOCA,C7,189AF,城崎温泉 地蔵湯,,
ICOCA,C7,18A01,大友楼,新幹線金沢ホーム弁当店,
ICOCA,C7,18A03,サンエトワール,小松駅店,
ICOCA,C7,18A06,PRONTO,新幹線博多駅店,
ICOCA,C7,18A08,デリフランス,博多店,
ICOCA,C7,18A09,野の葡萄,博多菜彩DELI,
ICOCA,C7,18A0A,野の葡萄,博多菜彩DELI,
ICOCA,C7,18A0D,駅弁処,,
ICOCA,C7,18A11,マネケン,新幹線博多駅店,
ICOCA,C7,18A14,駅弁屋たい!,,
ICOCA,C7,18A15,マネケン,新幹線博多駅改札外店,
ICOCA,C7,18A16,三日月屋,小倉駅店,
ICOCA,C7,18A18,パントリー,JR高槻駅店,
ICOCA,C7,18A19,パントリー,JR高槻駅店,
ICOCA,C7,18A1A,パントリー,JR高槻駅店,
ICOCA,C7,18A1B,パントリー,JR高槻駅店,
ICOCA,C7,18A21,セリア,ビエラ奈良店,
ICOCA,C7,18A29,カルビープラス,広島駅店,
ICOCA,C7,18A3E,ロビーラウンジ ルミエール,,
ICOCA,C7,18A3F,カフェレストラン オリビエ,,
ICOCA,C7,18A45,##呉市海事歴史科学館#(大和ミュージアム),,
ICOCA,C7,18A46,スターバックスコーヒー,JR福山駅店,
ICOCA,C7,18A51,ヴィ・ド・フランス,三田店,
ICOCA,C7,18A54,岩国珈琲,,
ICOCA,C7,18A56,キャンドゥ,JR兵庫駅店,
ICOCA,C7,18A70,フレッシュネスバーガー,ビエラ山科店,
ICOCA,C7,18AAC,#とんかつ#新宿さぼてん,ルクア大阪店,
ICOCA,C7,18AC4,フレッシュネスバーガー,ビエラ山科店,
ICOCA,C7,18AC7,志津屋,JR山科駅店,
ICOCA,C7,18ACA,#レンタサイクル#駅リンくん,JR八尾駅,
ICOCA,C7,18AE7,今庄そば,福井駅改札外店,
ICOCA,C7,18AEE,洋菓子のヒロタ,JR大阪駅構内店,
ICOCA,C7,18B06,大垣書店,京都ポルタ店,
ICOCA,C7,18B0C,尾道大衆食堂せと,,
ICOCA,C7,18B9B,Zepp,Namba(OSAKA),
ICOCA,C7,18B9C,Zepp,Namba(OSAKA),
ICOCA,C7,18B9D,Zepp,Namba(OSAKA),
ICOCA,C7,318DA,イオンモール,北大路,
ICOCA,C7,31954,イオン,布施駅前店,
ICOCA,C7,31FF8,イオン,三田ウッディタウン店,
ICOCA,C7,3234C,スターバックスコーヒー,あべのキューズモール店,
ICOCA,C7,32758,はなまるうどん,イオン高槻店,
ICOCA,C7,32AFC,カンテボーレ,鶴見緑地店,
ICOCA,C7,32DF4,下関平成タクシー,本社営業所,
ICOCA,C7,32E00,南国シティタクシー,,
ICOCA,C7,32E03,南国シティタクシー,,
ICOCA,C7,3305A,大垣書店,イオンモール京都五条店,
ICOCA,C7,3333F,セブン‐イレブン,兵庫太子東南店,
ICOCA,C7,33340,セブン‐イレブン,兵庫太子東南店,
ICOCA,C7,338E9,マックスバリュ,通津店,
ICOCA,C7,33E37,マックスバリュ,西条西店,
ICOCA,C7,3433A,セリア,イオン防府店,
ICOCA,C7,34ACC,KOHYO,兵庫店,
ICOCA,C7,34ACF,KOHYO,兵庫店,
ICOCA,C7,34AD0,KOHYO,兵庫店,
ICOCA,C7,34AD1,KOHYO,兵庫店,
ICOCA,C7,34AD3,KOHYO,兵庫店,
ICOCA,C7,34AF7,KOHYO,阪急高槻店,
ICOCA,C7,34AF8,KOHYO,阪急高槻店,
ICOCA,C7,36785,イオン,大和郡山店,
ICOCA,C7,36A2B,KOHYO,京都店,
ICOCA,C7,37523,イオン,いかるが店,
ICOCA,C7,37535,イオン,いかるが店,
ICOCA,C7,37823,イオンスタイル,茨木,
ICOCA,C7,37829,イオンスタイル,茨木,
ICOCA,C7,38336,たごさく,近鉄百貨店四日市店,
ICOCA,C7,38385,#石窯ベーカリー#ブロッドン,近鉄百貨店四日市店,
ICOCA,C7,38391,御座候,四日市近鉄店,
ICOCA,C7,386F5,モデルショップヨシオカ,,
ICOCA,C7,3A640,マクドナルド,JR京都駅八条口店,
ICOCA,C7,3C9C6,ガスト,上新庄駅前店,
ICOCA,C7,3C9C7,ガスト,天神橋筋六丁目店,
ICOCA,C7,3C9D2,ガスト,堺筋本町店,
ICOCA,C7,3CA30,ガスト,岸辺駅前店,
ICOCA,C7,3CA62,ガスト,大和新庄店,
ICOCA,C7,3CAFC,ガスト,香川国分寺町店,
ICOCA,C7,3CB00,ガスト,氷見店,
ICOCA,C7,3CB32,ガスト,奈良三条店,
ICOCA,C7,3CB36,バーミヤン,津山昭和店,
ICOCA,C7,3CB49,ステーキガスト,高松松縄店,
ICOCA,C7,3CD38,マックスバリュ,宮上店,
ICOCA,C7,3D85F,バーミヤン,生駒白庭台,
ICOCA,C7,3D873,ステーキガスト,奈良柏木店,
ICOCA,C7,3E04D,アンスリー,丹波橋店,
ICOCA,C7,3E04E,アンスリー,丹波橋店,
ICOCA,C7,3E187,京都水族館,ミュージアムショップ,
ICOCA,C7,3E188,京都水族館,カフェ,
ICOCA,C7,3E748,マックスバリュ,養父店,
ICOCA,C7,3EDD0,リンガーハット,下関唐戸店,
ICOCA,C7,3F22A,イトーヨーカドー,明石店,
ICOCA,C7,3F91D,ポポンデッタ,神戸ハーバーランドumie店,
ICOCA,C7,3F922,セリア,神戸ハーバーランドumie店,
ICOCA,C7,3FBD6,餃子のテムジン,大阪うめきた店,
ICOCA,C7,4017F,ファミリーマート,紫明通店,
ICOCA,C7,40180,ファミリーマート,紫明通店,
ICOCA,C7,4089E,ファミリーマート,近鉄津駅改札内橋上店,
ICOCA,C7,4089F,ファミリーマート,近鉄津駅改札内橋上店,
ICOCA,C7,408A0,ファミリーマート,近鉄津駅改札内橋上店,
ICOCA,C7,408B0,ファミリーマート,近鉄四日市駅南口店,
ICOCA,C7,4090F,ファミリーマート,近鉄津駅ホーム店,
ICOCA,C7,40910,ファミリーマート,近鉄津駅ホーム店,
ICOCA,C7,40911,ファミリーマート,近鉄四日市駅改札内店,
ICOCA,C7,40912,ファミリーマート,近鉄四日市駅改札内店,
ICOCA,C7,40913,ファミリーマート,近鉄鈴鹿市駅店,
ICOCA,C7,40914,ファミリーマート,近鉄鈴鹿市駅店,
ICOCA,C7,40B0A,ANA FESTA,伊丹ゲート店,
ICOCA,C7,40B17,ANA FESTA,神戸ゲート店,
ICOCA,C7,40D2D,ファミリーマート,近鉄名張駅店,
ICOCA,C7,40D2E,ファミリーマート,近鉄名張駅店,
ICOCA,C7,40D2F,ファミリーマート,近鉄名張駅店,
ICOCA,C7,41A0B,ファミリーマート,近鉄桑名駅改札外橋上店,
ICOCA,C7,41A0C,ファミリーマート,近鉄桑名駅改札外橋上店,
ICOCA,C7,41A0D,ファミリーマート,近鉄桑名駅改札外橋上店,
ICOCA,C7,42667,エレコムデザインショップ,ekimoなんば店,
ICOCA,C7,4288D,ファミリーマート,伊賀上野あかもん店,
ICOCA,C7,4288E,ファミリーマート,伊賀上野あかもん店,
ICOCA,C7,431EA,ツルハドラッグ,窪川店,
ICOCA,C7,432B8,ウェルネス,出雲駅北店,
ICOCA,C7,435A7,ウォンツ,三次十日市店,
ICOCA,C7,44EE7,ツルハドラッグ,和歌山木ノ本店,
ICOCA,C7,459D9,すき家,船場中央店,
ICOCA,C7,459E3,すき家,堺筋本町店,
ICOCA,C7,45A05,すき家,四ツ橋駅前店,
ICOCA,C7,45A41,すき家,河原町三条店,
ICOCA,C7,45A46,すき家,千本中立売店,
ICOCA,C7,45A47,すき家,千本中立売店,
ICOCA,C7,45A5B,すき家,新居浜高木店,
ICOCA,C7,45AD3,すき家,烏丸押小路店,
ICOCA,C7,45AD4,すき家,烏丸押小路店,
ICOCA,C7,45AFF,すき家,坂出横津店,
ICOCA,C7,45B0F,すき家,378号八幡浜店,
ICOCA,C7,45B34,すき家,190号宇部西割店,
ICOCA,C7,45B62,すき家,出雲市駅南店,
ICOCA,C7,45BD2,すき家,槙島店,
ICOCA,C7,45BEC,すき家,250号赤穂駅前店,
ICOCA,C7,45C0B,すき家,富山掛尾店,
ICOCA,C7,45C1D,すき家,神戸鹿の子台店,
ICOCA,C7,45C2C,すき家,烏丸七条店,
ICOCA,C7,45CC9,すき家,円町店,
ICOCA,C7,45CDE,すき家,堺IC店,
ICOCA,C7,45CF0,すき家,2国姫路市川橋店,
ICOCA,C7,45D25,すき家,谷町三丁目店,
ICOCA,C7,45D3C,すき家,四条木屋町店,
ICOCA,C7,45D7E,すき家,広大前店,
ICOCA,C7,45DC0,すき家,191号益田店,
ICOCA,C7,45DDD,すき家,近鉄奈良駅前店,
ICOCA,C7,464DA,阪急オアシス,茨木駅前店,
ICOCA,C7,4658B,阪急オアシス,ときわ台店,
ICOCA,C7,465BC,阪急オアシス,えるむプラザ店,
ICOCA,C7,465BD,阪急オアシス,えるむプラザ店,
ICOCA,C7,465BE,阪急オアシス,えるむプラザ店,
ICOCA,C7,465BF,阪急オアシス,えるむプラザ店,
ICOCA,C7,465C0,阪急オアシス,えるむプラザ店,
ICOCA,C7,465C1,阪急オアシス,えるむプラザ店,
ICOCA,C7,46619,阪急オアシス,三田駅前店,
ICOCA,C7,4665A,阪急オアシス,山科店,
ICOCA,C7,4665B,阪急オアシス,山科店,
ICOCA,C7,4665C,阪急オアシス,山科店,
ICOCA,C7,4665D,阪急オアシス,山科店,
ICOCA,C7,46692,阪急オアシス,神戸旭通店,
ICOCA,C7,466FA,ドトールコーヒーショップ,ディアモール店,
ICOCA,C7,46B02,ケンタッキーフライドチキン,河原町三条店,
ICOCA,C7,46B37,ケンタッキーフライドチキン,南岩国店,
ICOCA,C7,46B54,ケンタッキーフライドチキン,下関駅前店,
ICOCA,C7,46B55,ケンタッキーフライドチキン,下関駅前店,
ICOCA,C7,46E03,すき家,摂津南別府店,
ICOCA,C7,46E0C,すき家,56号須崎店,
ICOCA,C7,46E51,すき家,烏丸七条店,
ICOCA,C7,47059,ダイワ果園,近鉄奈良店,
ICOCA,C7,4706E,バジリコ,,
ICOCA,C7,474B3,ケンタッキーフライドチキン,イオンタウン大田店,
ICOCA,C7,47649,ツルハドラッグ,栗東安養寺店,
ICOCA,C7,476FD,ドトールコーヒーショップ,JR新大阪店,
ICOCA,C7,476FE,ドトールコーヒーショップ,JR新大阪店,
ICOCA,C7,478E6,ドトールコーヒーショップ,なんさん通り店,
ICOCA,C7,478EC,ドトールコーヒーショップ,本町店,
ICOCA,C7,478FA,ドトールコーヒーショップ,高松常磐町店,
ICOCA,C7,47909,ドトールコーヒーショップ,富山エスタ店,
ICOCA,C7,4790F,ドトールコーヒーショップ,アルプラザ鯖江店,
ICOCA,C7,47915,ドトールコーヒーショップ,姫路みゆき通り呉服町店,
ICOCA,C7,4791A,ドトールコーヒーショップ,JR六甲道店,
ICOCA,C7,4791D,ドトールコーヒーショップ,神戸さんちか店,
ICOCA,C7,4792B,ドトールコーヒーショップ,阪急塚口店,
ICOCA,C7,4792D,ドトールコーヒーショップ,JR加古川駅店,
ICOCA,C7,47941,ドトールコーヒーショップ,近鉄鶴橋駅店,
ICOCA,C7,47947,ドトールコーヒーショップ,京阪三条店,
ICOCA,C7,4794D,ドトールコーヒーショップ,JR難波駅前店,
ICOCA,C7,4794F,ドトールコーヒーショップ,高松丸亀町店,
ICOCA,C7,47953,ドトールコーヒーショップ,JR福山駅店,
ICOCA,C7,47964,ドトールコーヒーショップ,大阪駅前第一ビル店,
ICOCA,C7,47966,ドトールコーヒーショップ,博多駅いきいき通り店,
ICOCA,C7,47975,ドトールコーヒーショップ,難波店,
ICOCA,C7,47981,#レストラン#クルール,大阪大学本部西学生食堂,
ICOCA,C7,47BA1,ドトールコーヒーショップ,高知帯屋町1丁目店,
ICOCA,C7,47BAA,ドトールコーヒーショップ,近鉄橿原神宮前駅店,
ICOCA,C7,47BB7,エクセルシオール カフェ バリスタ,心斎橋店,
ICOCA,C7,47BB9,エクセルシオール カフェ,堺筋本町店,
ICOCA,C7,48360,くすりのレデイ,鷹子店,
ICOCA,C7,483F2,くすりのレデイ,東予店,
ICOCA,C7,48424,くすりのレデイ,松柏店,
ICOCA,C7,48436,くすりのレデイ,グラン北宇和島店,
ICOCA,C7,4844D,くすりのレデイ,高知駅前店,
ICOCA,C7,484C8,くすりのレデイ,坂出中央店,
ICOCA,C7,4850E,くすりのレデイ,下見店,
ICOCA,C7,48594,マネケン,シャミネ松江店,
ICOCA,C7,49B14,ヤマザキショップ,加賀市医療センター店,
ICOCA,C7,49C8D,ドトールコーヒーショップ,伏見桃山駅前店,
ICOCA,C7,4A459,アントレマルシェ,新神戸店,
ICOCA,C7,4A4F8,グリーンリーブスモール,松山リハビリテーション病院売店,
ICOCA,C7,4B0FC,ユニクロ,なんばCITY店,
ICOCA,C7,4B194,珈琲館,なんばCITY店,
ICOCA,C7,4B5F2,ドトールコーヒーショップ,JR寺田町駅北口店,
ICOCA,C7,4B6D0,平和書店TSUTAYA,小倉店,
ICOCA,C7,4B6D1,平和書店TSUTAYA,小倉店,
ICOCA,C7,4B74D,ドトールコーヒーショップ,新梅田シティ店,
ICOCA,C7,4BE83,#デイリーカナート#イズミヤ,千本北大路店,
ICOCA,C7,4BE84,#デイリーカナート#イズミヤ,千本北大路店,
ICOCA,C7,4BE85,#デイリーカナート#イズミヤ,千本北大路店,
ICOCA,C7,4BE86,#デイリーカナート#イズミヤ,千本北大路店,
ICOCA,C7,4BE87,#デイリーカナート#イズミヤ,千本北大路店,
ICOCA,C7,4BEA4,#デイリーカナート#イズミヤ,千本中立売店,
ICOCA,C7,4BEA5,#デイリーカナート#イズミヤ,千本中立売店,
ICOCA,C7,4BEA6,#デイリーカナート#イズミヤ,千本中立売店,
ICOCA,C7,4BEA7,#デイリーカナート#イズミヤ,千本中立売店,
ICOCA,C7,4C0DA,スターバックスコーヒー,京都Porta店,
ICOCA,C7,4C8BF,グリーンリーブスモール,高松市立みんなの病院売店,
ICOCA,C7,4CE72,マクドナルド,イオンモール姫路大津店,
ICOCA,C7,4CE86,マクドナルド,安芸府中店,
ICOCA,C7,4CE87,マクドナルド,安芸府中店,
ICOCA,C7,4CE88,マクドナルド,安芸府中店,
ICOCA,C7,4CF33,マクドナルド,槙島店,
ICOCA,C7,4CFB3,マクドナルド,姫路太子町店,
ICOCA,C7,4D0A2,マクドナルド,天王寺北口店,
ICOCA,C7,4D0E0,マクドナルド,阪急淡路店,
ICOCA,C7,4D0E1,マクドナルド,阪急淡路店,
ICOCA,C7,4D14C,マクドナルド,JR野田駅前店,
ICOCA,C7,4D19C,マクドナルド,京都駅烏丸口店,
ICOCA,C7,4D1B0,マクドナルド,四条河原町店,
ICOCA,C7,4D3F5,マクドナルド,東山三条店,
ICOCA,C7,4D475,マクドナルド,西宮アクタ店,
ICOCA,C7,4D4DB,マクドナルド,呉れんが通り店,
ICOCA,C7,4D4ED,マクドナルド,阪急伊丹駅店,
ICOCA,C7,4D596,マクドナルド,42号新宮店,
ICOCA,C7,4D6E2,マクドナルド,広島本通店,
ICOCA,C7,4D751,マクドナルド,白島店,
ICOCA,C7,4D789,マクドナルド,津山インター店,
ICOCA,C7,4D840,マクドナルド,広島ゆめタウン店,
ICOCA,C7,4D88E,マクドナルド,倉敷アリオ店,
ICOCA,C7,4D8DF,マクドナルド,関西国際空港店,
ICOCA,C7,4D923,マクドナルド,新大阪阪急ビル店,
ICOCA,C7,4D924,マクドナルド,新大阪阪急ビル店,
ICOCA,C7,4D925,マクドナルド,新大阪阪急ビル店,
ICOCA,C7,4D94D,マクドナルド,西鈴蘭台エネオス店,
ICOCA,C7,4D9CD,マクドナルド,JR大阪駅桜橋口店,
ICOCA,C7,4DA36,マクドナルド,京都アバンティ店,
ICOCA,C7,4DA37,マクドナルド,京都アバンティ店,
ICOCA,C7,4DAD6,マクドナルド,南海難波駅中央口店,
ICOCA,C7,4DAD7,マクドナルド,南海難波駅中央口店,
ICOCA,C7,4DAD8,マクドナルド,南海難波駅中央口店,
ICOCA,C7,4DAD9,マクドナルド,南海難波駅中央口店,
ICOCA,C7,4DADA,マクドナルド,南海難波駅中央口店,
ICOCA,C7,4DB33,マクドナルド,坂出店,
ICOCA,C7,4DBA2,マクドナルド,イオンモール広島祇園店,
ICOCA,C7,4DBDA,マクドナルド,心斎橋南店,
ICOCA,C7,4DDB0,マクドナルド,たつの店,
ICOCA,C7,4DDB1,マクドナルド,たつの店,
ICOCA,C7,4DDED,マクドナルド,京橋店,
ICOCA,C7,4DE71,マクドナルド,江坂ハートランド店,
ICOCA,C7,4DEF0,マクドナルド,安古市ゆめタウン店,
ICOCA,C7,4DF68,マクドナルド,追分フレンドマート店,
ICOCA,C7,4E05A,マクドナルド,富山インター店,
ICOCA,C7,4E110,マクドナルド,183三次店,
ICOCA,C7,4E190,マクドナルド,奈良店,
ICOCA,C7,4E191,マクドナルド,奈良店,
ICOCA,C7,4E192,マクドナルド,奈良店,
ICOCA,C7,4E1DA,マクドナルド,JR姫路駅東口店,
ICOCA,C7,4E378,マクドナルド,境港店,
ICOCA,C7,4E4CC,マクドナルド,24号粉河店,
ICOCA,C7,4E62E,マクドナルド,181米子南店,
ICOCA,C7,4E6B6,マクドナルド,三田南が丘店,
ICOCA,C7,4E6B9,マクドナルド,三田南が丘店,
ICOCA,C7,4E932,マクドナルド,27号小浜店,
ICOCA,C7,4E933,マクドナルド,27号小浜店,
ICOCA,C7,4E970,マクドナルド,松山中央通り店,
ICOCA,C7,4E985,マクドナルド,下関東駅店,
ICOCA,C7,4E9A3,マクドナルド,8号線彦根店,
ICOCA,C7,4E9BA,マクドナルド,宇部厚南店,
ICOCA,C7,4E9CC,マクドナルド,彦根ビバシティ店,
ICOCA,C7,4EA3B,マクドナルド,55号野市店,
ICOCA,C7,4EB5B,マクドナルド,南国サニーアクシス店,
ICOCA,C7,4EB7B,マクドナルド,高知パワーセンター店,
ICOCA,C7,4EBBF,マクドナルド,312峰山新町店,
ICOCA,C7,4EBC0,マクドナルド,312峰山新町店,
ICOCA,C7,4EBD3,マクドナルド,宇和島店,
ICOCA,C7,4EBD6,マクドナルド,宇和島店,
ICOCA,C7,4EC8E,マクドナルド,鯖江神明店,
ICOCA,C7,4EC8F,マクドナルド,鯖江神明店,
ICOCA,C7,4ECD4,マクドナルド,武生シピィ店,
ICOCA,C7,4ECDD,マクドナルド,福井ワイプラザ店,
ICOCA,C7,4ED4D,マクドナルド,小松店,
ICOCA,C7,4EDBA,マクドナルド,鯖江アルプラザ店,
ICOCA,C7,4EDD5,マクドナルド,花堂店,
ICOCA,C7,4EDD6,マクドナルド,花堂店,
ICOCA,C7,4EF2B,マクドナルド,MEGAドン・キホーテ弁天町店,
ICOCA,C7,4F2EA,コミック・バスター,Shalala JR奈良駅前店,
ICOCA,C7,4F430,ジョーシン,三宮1ばん館,
ICOCA,C7,4F442,ジョーシン,三宮1ばん館,
ICOCA,C7,50E41,セブン‐イレブン,京都大石橋店,
ICOCA,C7,50E42,セブン‐イレブン,京都大石橋店,
ICOCA,C7,50E51,セブン‐イレブン,京都修学院駅前店,
ICOCA,C7,50E52,セブン‐イレブン,京都修学院駅前店,
ICOCA,C7,50E79,セブン‐イレブン,下関上田中店,
ICOCA,C7,50E8D,セブン‐イレブン,広島宮島口店,
ICOCA,C7,50E8E,セブン‐イレブン,広島宮島口店,
ICOCA,C7,50EA3,セブン‐イレブン,広島若草町店,
ICOCA,C7,50EAA,セブン‐イレブン,豊中螢池中町店,
ICOCA,C7,50EAB,セブン‐イレブン,豊中螢池中町店,
ICOCA,C7,50EBA,セブン‐イレブン,京都烏丸六条店,
ICOCA,C7,50EBB,セブン‐イレブン,京都烏丸六条店,
ICOCA,C7,50EBC,セブン‐イレブン,京都烏丸六条店,
ICOCA,C7,50EF0,セブン‐イレブン,大津膳所駅前通り店,
ICOCA,C7,50EF1,セブン‐イレブン,大津膳所駅前通り店,
ICOCA,C7,50EFC,セブン‐イレブン,広島江波南3丁目店,
ICOCA,C7,50F94,セブン‐イレブン,三次秋町店,
ICOCA,C7,50F98,セブン‐イレブン,下関グリーンモール店,
ICOCA,C7,50F99,セブン‐イレブン,下関グリーンモール店,
ICOCA,C7,50FE4,セブン‐イレブン,徳山櫛ヶ浜店,
ICOCA,C7,50FEC,セブン‐イレブン,下関東駅店,
ICOCA,C7,5100E,セブン‐イレブン,下関新地店,
ICOCA,C7,5103E,セブン‐イレブン,井原上出部町店,
ICOCA,C7,5104B,セブン‐イレブン,山口大畠駅前店,
ICOCA,C7,5108F,セブン‐イレブン,京都烏丸丸太町西店,
ICOCA,C7,51090,セブン‐イレブン,京都烏丸丸太町西店,
ICOCA,C7,510A4,セブン‐イレブン,京都上七軒店,
ICOCA,C7,510A5,セブン‐イレブン,京都上七軒店,
ICOCA,C7,510DA,セブン‐イレブン,広島落合2丁目店,
ICOCA,C7,51119,セブン‐イレブン,岡山東中央町店,
ICOCA,C7,51133,セブン‐イレブン,玉野宇野駅前店,
ICOCA,C7,51232,セブン‐イレブン,山口桜畠店,
ICOCA,C7,51233,セブン‐イレブン,山口桜畠店,
ICOCA,C7,5125A,セブン‐イレブン,下関岬之町店,
ICOCA,C7,5125B,セブン‐イレブン,下関岬之町店,
ICOCA,C7,51297,セブン‐イレブン,広島じぞう通り店,
ICOCA,C7,512C0,セブン‐イレブン,岡山駅元町店,
ICOCA,C7,512C1,セブン‐イレブン,岡山駅元町店,
ICOCA,C7,512C2,セブン‐イレブン,岡山駅元町店,
ICOCA,C7,512E8,セブン‐イレブン,加古川尾上養田店,
ICOCA,C7,51321,セブン‐イレブン,広島大手町4丁目店,
ICOCA,C7,51341,セブン‐イレブン,広島宇品御幸店,
ICOCA,C7,51342,セブン‐イレブン,広島宇品御幸店,
ICOCA,C7,5134B,セブン‐イレブン,京都東洞院七条店,
ICOCA,C7,51359,セブン‐イレブン,明石硯町店,
ICOCA,C7,51376,セブン‐イレブン,大阪平野駅前店,
ICOCA,C7,51377,セブン‐イレブン,大阪平野駅前店,
ICOCA,C7,51378,セブン‐イレブン,大阪平野駅前店,
ICOCA,C7,5137C,セブン‐イレブン,京都烏丸高辻店,
ICOCA,C7,5137D,セブン‐イレブン,京都烏丸高辻店,
ICOCA,C7,5137E,セブン‐イレブン,京都烏丸高辻店,
ICOCA,C7,51394,セブン‐イレブン,備後府中父石町店,
ICOCA,C7,513AF,セブン‐イレブン,広島中央郵便局前店,
ICOCA,C7,513B2,セブン‐イレブン,高砂阿弥陀町店,
ICOCA,C7,5140A,セブン‐イレブン,庄原板橋町店,
ICOCA,C7,5142E,セブン‐イレブン,東広島駅前店,
ICOCA,C7,51470,セブン‐イレブン,庄原山内店,
ICOCA,C7,5149E,セブン‐イレブン,広島南蟹屋店,
ICOCA,C7,514AC,セブン‐イレブン,安芸府中桃山1丁目店,
ICOCA,C7,514C2,セブン‐イレブン,向日寺戸店,
ICOCA,C7,514C3,セブン‐イレブン,向日寺戸店,
ICOCA,C7,51508,セブン‐イレブン,備後府中高木町店,
ICOCA,C7,51515,セブン‐イレブン,広島古市2丁目店,
ICOCA,C7,51581,セブン‐イレブン,京都田中上古川町店,
ICOCA,C7,51582,セブン‐イレブン,京都田中上古川町店,
ICOCA,C7,515B5,セブン‐イレブン,三次マツダテストコース前店,
ICOCA,C7,515CA,セブン‐イレブン,山城上狛店,
ICOCA,C7,515CB,セブン‐イレブン,山城上狛店,
ICOCA,C7,515E2,セブン‐イレブン,岩出根来店,
ICOCA,C7,515FF,セブン‐イレブン,奈良高畑町店,
ICOCA,C7,51603,セブン‐イレブン,生駒元町1丁目店,
ICOCA,C7,5162F,セブン‐イレブン,JR竜野駅前店,
ICOCA,C7,51630,セブン‐イレブン,JR竜野駅前店,
ICOCA,C7,5164F,セブン‐イレブン,広島串戸港店,
ICOCA,C7,516E7,セブン‐イレブン,奈良四条大路4丁目店,
ICOCA,C7,516E8,セブン‐イレブン,奈良四条大路4丁目店,
ICOCA,C7,5170B,セブン‐イレブン,姫路鎌倉町店,
ICOCA,C7,5170C,セブン‐イレブン,姫路鎌倉町店,
ICOCA,C7,5177F,セブン‐イレブン,庄原西本町店,
ICOCA,C7,5179F,セブン‐イレブン,柳井駅前店,
ICOCA,C7,517DE,セブン‐イレブン,大阪東中島1丁目店,
ICOCA,C7,517EF,セブン‐イレブン,天理インター店,
ICOCA,C7,5181F,セブン‐イレブン,萩玉江店,
ICOCA,C7,5183F,セブン‐イレブン,下関一の宮店,
ICOCA,C7,51854,セブン‐イレブン,橋本東家店,
ICOCA,C7,51863,セブン‐イレブン,京都七条大宮店,
ICOCA,C7,51864,セブン‐イレブン,京都七条大宮店,
ICOCA,C7,51865,セブン‐イレブン,京都七条大宮店,
ICOCA,C7,5187E,セブン‐イレブン,相生山手店,
ICOCA,C7,5187F,セブン‐イレブン,相生山手店,
ICOCA,C7,518A8,セブン‐イレブン,和歌山永山店,
ICOCA,C7,518AA,セブン‐イレブン,天理三島町北大路店,
ICOCA,C7,518AB,セブン‐イレブン,天理三島町北大路店,
ICOCA,C7,518B8,セブン‐イレブン,広島駅前通り店,
ICOCA,C7,518B9,セブン‐イレブン,広島駅前通り店,
ICOCA,C7,518CC,セブン‐イレブン,姫路広畑小松町店,
ICOCA,C7,518CD,セブン‐イレブン,姫路広畑小松町店,
ICOCA,C7,518E8,セブン‐イレブン,広島上八丁堀店,
ICOCA,C7,5193D,セブン‐イレブン,津山大崎店,
ICOCA,C7,51953,セブン‐イレブン,大阪東野田町4丁目店,
ICOCA,C7,51954,セブン‐イレブン,大阪東野田町4丁目店,
ICOCA,C7,5197E,セブン‐イレブン,京都下鴨高木町店,
ICOCA,C7,5197F,セブン‐イレブン,京都下鴨高木町店,
ICOCA,C7,51987,セブン‐イレブン,三次南畑敷店,
ICOCA,C7,5198B,セブン‐イレブン,岡山桃太郎大通り店,
ICOCA,C7,519C0,セブン‐イレブン,宇部東須恵中原店,
ICOCA,C7,519C1,セブン‐イレブン,宇部東須恵中原店,
ICOCA,C7,519E0,セブン‐イレブン,京都丹波橋駅西店,
ICOCA,C7,519E1,セブン‐イレブン,京都丹波橋駅西店,
ICOCA,C7,519E4,セブン‐イレブン,京都リサーチパーク店,
ICOCA,C7,519E5,セブン‐イレブン,京都リサーチパーク店,
ICOCA,C7,519E6,セブン‐イレブン,京都リサーチパーク店,
ICOCA,C7,51A19,セブン‐イレブン,大阪東心斎橋1丁目店,
ICOCA,C7,51A4B,セブン‐イレブン,広島東観音店,
ICOCA,C7,51A4F,セブン‐イレブン,姫路東駅前町店,
ICOCA,C7,51A50,セブン‐イレブン,姫路東駅前町店,
ICOCA,C7,51A8C,セブン‐イレブン,広島草津東2丁目店,
ICOCA,C7,51A99,セブン‐イレブン,姫路大津西土井店,
ICOCA,C7,51A9A,セブン‐イレブン,姫路大津西土井店,
ICOCA,C7,51AB2,セブン‐イレブン,大阪南本町2丁目店,
ICOCA,C7,51AB9,セブン‐イレブン,京都下津林水掛町店,
ICOCA,C7,51ABA,セブン‐イレブン,京都下津林水掛町店,
ICOCA,C7,51AC0,セブン‐イレブン,明石大久保町松陰店,
ICOCA,C7,51AC7,セブン‐イレブン,広島西区役所前店,
ICOCA,C7,51AF8,セブン‐イレブン,京都間之町御池店,
ICOCA,C7,51AF9,セブン‐イレブン,京都間之町御池店,
ICOCA,C7,51AFA,セブン‐イレブン,京都間之町御池店,
ICOCA,C7,51B05,セブン‐イレブン,京都堀川松原店,
ICOCA,C7,51B06,セブン‐イレブン,京都堀川松原店,
ICOCA,C7,51B54,セブン‐イレブン,真備町箭田店,
ICOCA,C7,51B88,セブン‐イレブン,廿日市山陽園店,
ICOCA,C7,51B96,セブン‐イレブン,京都平安神宮前店,
ICOCA,C7,51B97,セブン‐イレブン,京都平安神宮前店,
ICOCA,C7,51BCB,セブン‐イレブン,宇治京阪木幡駅前店,
ICOCA,C7,51BCC,セブン‐イレブン,宇治京阪木幡駅前店,
ICOCA,C7,51BCD,セブン‐イレブン,宇治京阪木幡駅前店,
ICOCA,C7,51C34,セブン‐イレブン,加古川備後店,
ICOCA,C7,51C35,セブン‐イレブン,加古川備後店,
ICOCA,C7,51C45,セブン‐イレブン,下関竹崎4丁目店,
ICOCA,C7,51C46,セブン‐イレブン,下関竹崎4丁目店,
ICOCA,C7,51C4C,セブン‐イレブン,京都東洞院錦店,
ICOCA,C7,51C4D,セブン‐イレブン,京都東洞院錦店,
ICOCA,C7,51C4E,セブン‐イレブン,京都東洞院錦店,
ICOCA,C7,51C8F,セブン‐イレブン,京都西賀茂店,
ICOCA,C7,51C90,セブン‐イレブン,京都西賀茂店,
ICOCA,C7,51C94,セブン‐イレブン,大阪農人橋1丁目店,
ICOCA,C7,51C95,セブン‐イレブン,大阪農人橋1丁目店,
ICOCA,C7,51C96,セブン‐イレブン,大阪農人橋1丁目店,
ICOCA,C7,51CF8,セブン‐イレブン,JR和歌山駅東口店,
ICOCA,C7,51CF9,セブン‐イレブン,JR和歌山駅東口店,
ICOCA,C7,51CFA,セブン‐イレブン,JR和歌山駅東口店,
ICOCA,C7,51D08,セブン‐イレブン,兵庫太子鵤店,
ICOCA,C7,51D09,セブン‐イレブン,兵庫太子鵤店,
ICOCA,C7,51D60,セブン‐イレブン,四条大宮店,
ICOCA,C7,51D61,セブン‐イレブン,四条大宮店,
ICOCA,C7,51D62,セブン‐イレブン,四条大宮店,
ICOCA,C7,51D8B,セブン‐イレブン,龍野小宅北店,
ICOCA,C7,51D8C,セブン‐イレブン,龍野小宅北店,
ICOCA,C7,51DB5,セブン‐イレブン,京都烏丸今出川店,
ICOCA,C7,51DB6,セブン‐イレブン,京都烏丸今出川店,
ICOCA,C7,51DD9,セブン‐イレブン,広島三川町店,
ICOCA,C7,51DDA,セブン‐イレブン,広島三川町店,
ICOCA,C7,51DF7,セブン‐イレブン,兵庫太子佐用岡店,
ICOCA,C7,51DF8,セブン‐イレブン,兵庫太子佐用岡店,
ICOCA,C7,51E14,セブン‐イレブン,下関幡生店,
ICOCA,C7,51E15,セブン‐イレブン,下関幡生店,
ICOCA,C7,51E24,セブン‐イレブン,京都三条御陵店,
ICOCA,C7,51E25,セブン‐イレブン,京都三条御陵店,
ICOCA,C7,51E42,セブン‐イレブン,広島青崎店,
ICOCA,C7,51E4B,セブン‐イレブン,下松末武上店,
ICOCA,C7,51E92,セブン‐イレブン,醍醐大構町店,
ICOCA,C7,51E93,セブン‐イレブン,醍醐大構町店,
ICOCA,C7,51E94,セブン‐イレブン,京都堀川北大路店,
ICOCA,C7,51E95,セブン‐イレブン,京都堀川北大路店,
ICOCA,C7,51EB0,セブン‐イレブン,広島土橋店,
ICOCA,C7,51EBF,セブン‐イレブン,宝塚すみれガ丘1丁目店,
ICOCA,C7,51F60,セブン‐イレブン,近江宇賀野店,
ICOCA,C7,51F61,セブン‐イレブン,近江宇賀野店,
ICOCA,C7,51F70,セブン‐イレブン,姫路広畑東新町店,
ICOCA,C7,51F71,セブン‐イレブン,姫路広畑東新町店,
ICOCA,C7,51F74,セブン‐イレブン,矢掛小田店,
ICOCA,C7,51FAE,セブン‐イレブン,奈良般若寺町店,
ICOCA,C7,51FB3,セブン‐イレブン,伏見勧進橋店,
ICOCA,C7,51FB4,セブン‐イレブン,伏見勧進橋店,
ICOCA,C7,52009,セブン‐イレブン,広島海田大正町店,
ICOCA,C7,5207B,セブン‐イレブン,二条城北店,
ICOCA,C7,5207C,セブン‐イレブン,二条城北店,
ICOCA,C7,52084,セブン‐イレブン,岡山内山下1丁目店,
ICOCA,C7,520CD,セブン‐イレブン,長府侍町店,
ICOCA,C7,520CF,セブン‐イレブン,京都岩倉幡枝店,
ICOCA,C7,520D0,セブン‐イレブン,京都岩倉幡枝店,
ICOCA,C7,520D9,セブン‐イレブン,大阪谷町3丁目店,
ICOCA,C7,520E8,セブン‐イレブン,下松生野屋店,
ICOCA,C7,52141,セブン‐イレブン,広島幟町東店,
ICOCA,C7,52168,セブン‐イレブン,下関羽山町店,
ICOCA,C7,5217D,セブン‐イレブン,広島河原町店,
ICOCA,C7,5218E,セブン‐イレブン,下関秋根東町店,
ICOCA,C7,521B0,セブン‐イレブン,京都福王子店,
ICOCA,C7,521B1,セブン‐イレブン,京都福王子店,
ICOCA,C7,521B4,セブン‐イレブン,京都四条西洞院通り店,
ICOCA,C7,521B5,セブン‐イレブン,京都四条西洞院通り店,
ICOCA,C7,521FC,セブン‐イレブン,姫路青山4丁目店,
ICOCA,C7,521FD,セブン‐イレブン,姫路青山4丁目店,
ICOCA,C7,52215,セブン‐イレブン,大津仰木の里店,
ICOCA,C7,52229,セブン‐イレブン,大阪日本橋3丁目店,
ICOCA,C7,5222A,セブン‐イレブン,大阪日本橋3丁目店,
ICOCA,C7,52236,セブン‐イレブン,天理庵治町店,
ICOCA,C7,52237,セブン‐イレブン,天理庵治町店,
ICOCA,C7,5223B,セブン‐イレブン,柳井港前店,
ICOCA,C7,52244,セブン‐イレブン,広島松原町店,
ICOCA,C7,522B3,セブン‐イレブン,伏見棒鼻店,
ICOCA,C7,522D1,セブン‐イレブン,井原東江原店,
ICOCA,C7,522F1,セブン‐イレブン,姫路北条店,
ICOCA,C7,522F2,セブン‐イレブン,姫路北条店,
ICOCA,C7,52311,セブン‐イレブン,福知山駅南店,
ICOCA,C7,52312,セブン‐イレブン,福知山駅南店,
ICOCA,C7,5235D,セブン‐イレブン,長門深川湯本店,
ICOCA,C7,5235E,セブン‐イレブン,長門深川湯本店,
ICOCA,C7,5237C,セブン‐イレブン,福知山石原店,
ICOCA,C7,52399,セブン‐イレブン,山口徳佐店,
ICOCA,C7,523A5,セブン‐イレブン,摂津東一津屋店,
ICOCA,C7,523A6,セブン‐イレブン,摂津東一津屋店,
ICOCA,C7,523CC,セブン‐イレブン,愛知川中宿店,
ICOCA,C7,523D4,セブン‐イレブン,橋本隅田町店,
ICOCA,C7,523D5,セブン‐イレブン,橋本隅田町店,
ICOCA,C7,523D7,セブン‐イレブン,米原梅ヶ原店,
ICOCA,C7,523EB,セブン‐イレブン,京都大宮総門口店,
ICOCA,C7,523EC,セブン‐イレブン,京都大宮総門口店,
ICOCA,C7,523EF,セブン‐イレブン,綾部高津店,
ICOCA,C7,523F3,セブン‐イレブン,京都駅八条口店,
ICOCA,C7,523F4,セブン‐イレブン,京都駅八条口店,
ICOCA,C7,523F5,セブン‐イレブン,京都駅八条口店,
ICOCA,C7,52410,セブン‐イレブン,天理三昧田町店,
ICOCA,C7,52411,セブン‐イレブン,天理三昧田町店,
ICOCA,C7,5243C,セブン‐イレブン,出町柳駅前店,
ICOCA,C7,5243D,セブン‐イレブン,出町柳駅前店,
ICOCA,C7,5243E,セブン‐イレブン,出町柳駅前店,
ICOCA,C7,524B9,セブン‐イレブン,加古川溝之口店,
ICOCA,C7,524BA,セブン‐イレブン,加古川溝之口店,
ICOCA,C7,5250F,セブン‐イレブン,瀬田駅前店,
ICOCA,C7,525A7,セブン‐イレブン,下関彦島水門店,
ICOCA,C7,525FE,セブン‐イレブン,敦賀布田町店,
ICOCA,C7,5260E,セブン‐イレブン,たつの御津町釜屋店,
ICOCA,C7,5260F,セブン‐イレブン,たつの御津町釜屋店,
ICOCA,C7,5262B,セブン‐イレブン,福井春山1丁目店,
ICOCA,C7,5262C,セブン‐イレブン,福井春山1丁目店,
ICOCA,C7,5262D,セブン‐イレブン,福井春山1丁目店,
ICOCA,C7,52640,セブン‐イレブン,富山城址公園前店,
ICOCA,C7,5265F,セブン‐イレブン,下関山の田店,
ICOCA,C7,52684,セブン‐イレブン,姫路塩町店,
ICOCA,C7,52685,セブン‐イレブン,姫路塩町店,
ICOCA,C7,52688,セブン‐イレブン,山口今井町店,
ICOCA,C7,52689,セブン‐イレブン,山口今井町店,
ICOCA,C7,52695,セブン‐イレブン,福井三十八社店,
ICOCA,C7,52696,セブン‐イレブン,福井三十八社店,
ICOCA,C7,526A5,セブン‐イレブン,浜田浅井町店,
ICOCA,C7,526A6,セブン‐イレブン,浜田浅井町店,
ICOCA,C7,526CA,セブン‐イレブン,姫路広畑正門通3丁目店,
ICOCA,C7,526CB,セブン‐イレブン,姫路広畑正門通3丁目店,
ICOCA,C7,526DE,セブン‐イレブン,京都常盤店,
ICOCA,C7,526DF,セブン‐イレブン,京都常盤店,
ICOCA,C7,526F6,セブン‐イレブン,広島海田中店,
ICOCA,C7,5270A,セブン‐イレブン,富山西大沢店,
ICOCA,C7,52712,セブン‐イレブン,富山赤田店,
ICOCA,C7,52727,セブン‐イレブン,高砂小松原店,
ICOCA,C7,5273F,セブン‐イレブン,姫路飾磨細江店,
ICOCA,C7,52740,セブン‐イレブン,姫路飾磨細江店,
ICOCA,C7,5274E,セブン‐イレブン,五条千本店,
ICOCA,C7,5274F,セブン‐イレブン,五条千本店,
ICOCA,C7,527AC,セブン‐イレブン,京都八瀬駅前店,
ICOCA,C7,527AD,セブン‐イレブン,京都八瀬駅前店,
ICOCA,C7,527D1,セブン‐イレブン,春江町為国店,
ICOCA,C7,527E0,セブン‐イレブン,大阪西中島5丁目南店,
ICOCA,C7,527E4,セブン‐イレブン,広島庚午北3丁目店,
ICOCA,C7,5281E,セブン‐イレブン,近鉄奈良駅北口店,
ICOCA,C7,5281F,セブン‐イレブン,近鉄奈良駅北口店,
ICOCA,C7,52820,セブン‐イレブン,近鉄奈良駅北口店,
ICOCA,C7,52825,セブン‐イレブン,八日市小脇店,
ICOCA,C7,52854,セブン‐イレブン,大阪空港前店,
ICOCA,C7,52855,セブン‐イレブン,大阪空港前店,
ICOCA,C7,52867,セブン‐イレブン,広島段原3丁目店,
ICOCA,C7,52882,セブン‐イレブン,三次郵便局前店,
ICOCA,C7,52883,セブン‐イレブン,三次郵便局前店,
ICOCA,C7,528A9,セブン‐イレブン,下京区役所前店,
ICOCA,C7,528AA,セブン‐イレブン,下京区役所前店,
ICOCA,C7,528AB,セブン‐イレブン,下京区役所前店,
ICOCA,C7,528D2,セブン‐イレブン,大阪肥後橋駅前店,
ICOCA,C7,528D3,セブン‐イレブン,大阪肥後橋駅前店,
ICOCA,C7,528D4,セブン‐イレブン,大阪肥後橋駅前店,
ICOCA,C7,528D5,セブン‐イレブン,大阪肥後橋駅前店,
ICOCA,C7,528DD,セブン‐イレブン,広島紙屋町シャレオ店,
ICOCA,C7,528DE,セブン‐イレブン,広島紙屋町シャレオ店,
ICOCA,C7,528DF,セブン‐イレブン,広島紙屋町シャレオ店,
ICOCA,C7,528E0,セブン‐イレブン,広島紙屋町シャレオ店,
ICOCA,C7,528E1,セブン‐イレブン,広島紙屋町シャレオ店,
ICOCA,C7,528E2,セブン‐イレブン,広島紙屋町シャレオ店,
ICOCA,C7,528E3,セブン‐イレブン,広島紙屋町シャレオ店,
ICOCA,C7,528F8,セブン‐イレブン,姫路下手野店,
ICOCA,C7,528F9,セブン‐イレブン,姫路下手野店,
ICOCA,C7,52903,セブン‐イレブン,下関富任町店,
ICOCA,C7,52914,セブン‐イレブン,江津浅利店,
ICOCA,C7,52956,セブン‐イレブン,京都出世稲荷前店,
ICOCA,C7,52957,セブン‐イレブン,京都出世稲荷前店,
ICOCA,C7,5297B,セブン‐イレブン,御幸町六角店,
ICOCA,C7,5297C,セブン‐イレブン,御幸町六角店,
ICOCA,C7,5297D,セブン‐イレブン,御幸町六角店,
ICOCA,C7,5299D,セブン‐イレブン,宇治黄檗公園店,
ICOCA,C7,5299E,セブン‐イレブン,宇治黄檗公園店,
ICOCA,C7,529A5,セブン‐イレブン,美祢長ヶ坪店,
ICOCA,C7,529A6,セブン‐イレブン,美祢長ヶ坪店,
ICOCA,C7,529C2,セブン‐イレブン,加賀市役所前店,
ICOCA,C7,529C3,セブン‐イレブン,加賀市役所前店,
ICOCA,C7,529D1,セブン‐イレブン,周南政所店,
ICOCA,C7,529E5,セブン‐イレブン,クリスタ長堀店,
ICOCA,C7,52A79,セブン‐イレブン,福知山荒河東店,
ICOCA,C7,52A7A,セブン‐イレブン,福知山荒河東店,
ICOCA,C7,52A93,セブン‐イレブン,大阪新深江駅北店,
ICOCA,C7,52A94,セブン‐イレブン,大阪新深江駅北店,
ICOCA,C7,52AC3,セブン‐イレブン,奈良大宮町1丁目店,
ICOCA,C7,52AC4,セブン‐イレブン,奈良大宮町1丁目店,
ICOCA,C7,52AE2,セブン‐イレブン,彦根地蔵町店,
ICOCA,C7,52AE7,セブン‐イレブン,坂井町下兵庫店,
ICOCA,C7,52AE8,セブン‐イレブン,坂井町下兵庫店,
ICOCA,C7,52B15,セブン‐イレブン,高岡中曽根店,
ICOCA,C7,52B3D,セブン‐イレブン,東大阪善根寺町3丁目店,
ICOCA,C7,52B3E,セブン‐イレブン,東大阪善根寺町3丁目店,
ICOCA,C7,52B56,セブン‐イレブン,昭和工業団地店,
ICOCA,C7,52B57,セブン‐イレブン,昭和工業団地店,
ICOCA,C7,52BA4,セブン‐イレブン,広島舟入幸町店,
ICOCA,C7,52C15,セブン‐イレブン,和歌山美園町4丁目店,
ICOCA,C7,52C2A,セブン‐イレブン,大阪西心斎橋1丁目店,
ICOCA,C7,52C2B,セブン‐イレブン,大阪西心斎橋1丁目店,
ICOCA,C7,52C2C,セブン‐イレブン,大阪西心斎橋1丁目店,
ICOCA,C7,52C2D,セブン‐イレブン,大阪西心斎橋1丁目店,
ICOCA,C7,52C37,セブン‐イレブン,京都小川御池店,
ICOCA,C7,52C38,セブン‐イレブン,京都小川御池店,
ICOCA,C7,52C61,セブン‐イレブン,京都大宮後院通店,
ICOCA,C7,52C62,セブン‐イレブン,京都大宮後院通店,
ICOCA,C7,52C63,セブン‐イレブン,京都大宮後院通店,
ICOCA,C7,52C72,セブン‐イレブン,たつの富永店,
ICOCA,C7,52C73,セブン‐イレブン,たつの富永店,
ICOCA,C7,52C89,セブン‐イレブン,奈良中登美ヶ丘3丁目店,
ICOCA,C7,52C8A,セブン‐イレブン,奈良中登美ヶ丘3丁目店,
ICOCA,C7,52CCC,セブン‐イレブン,京都白川北大路店,
ICOCA,C7,52CCD,セブン‐イレブン,京都白川北大路店,
ICOCA,C7,52CE3,セブン‐イレブン,広島本通西店,
ICOCA,C7,52CEF,セブン‐イレブン,広島牛田新町店,
ICOCA,C7,52D1F,セブン‐イレブン,明石二見町店,
ICOCA,C7,52D20,セブン‐イレブン,明石二見町店,
ICOCA,C7,52D4A,セブン‐イレブン,烏丸御池店,
ICOCA,C7,52D4B,セブン‐イレブン,烏丸御池店,
ICOCA,C7,52D4C,セブン‐イレブン,烏丸御池店,
ICOCA,C7,52D61,セブン‐イレブン,加古川篠原町店,
ICOCA,C7,52D62,セブン‐イレブン,加古川篠原町店,
ICOCA,C7,52D65,セブン‐イレブン,福井灯明寺1丁目店,
ICOCA,C7,52D66,セブン‐イレブン,福井灯明寺1丁目店,
ICOCA,C7,52D6A,セブン‐イレブン,舞鶴北吸店,
ICOCA,C7,52D6B,セブン‐イレブン,舞鶴北吸店,
ICOCA,C7,52DF2,セブン‐イレブン,JR王寺駅南口店,
ICOCA,C7,52DF3,セブン‐イレブン,JR王寺駅南口店,
ICOCA,C7,52E16,セブン‐イレブン,岡山北方店,
ICOCA,C7,52E5D,セブン‐イレブン,姫路宮田店,
ICOCA,C7,52E5E,セブン‐イレブン,姫路宮田店,
ICOCA,C7,52E67,セブン‐イレブン,一乗寺北大丸町店,
ICOCA,C7,52E68,セブン‐イレブン,一乗寺北大丸町店,
ICOCA,C7,52E71,セブン‐イレブン,安芸府中大通1丁目店,
ICOCA,C7,52E72,セブン‐イレブン,安芸府中大通1丁目店,
ICOCA,C7,52E73,セブン‐イレブン,安芸府中大通1丁目店,
ICOCA,C7,52F5F,セブン‐イレブン,京都河原町高辻店,
ICOCA,C7,52F60,セブン‐イレブン,京都河原町高辻店,
ICOCA,C7,52F8C,セブン‐イレブン,山口東山店,
ICOCA,C7,52F8D,セブン‐イレブン,山口東山店,
ICOCA,C7,52F92,セブン‐イレブン,岡山法界院店,
ICOCA,C7,52FAE,セブン‐イレブン,明石魚住駅前店,
ICOCA,C7,52FBE,セブン‐イレブン,伏見稲荷榎木橋店,
ICOCA,C7,52FBF,セブン‐イレブン,伏見稲荷榎木橋店,
ICOCA,C7,52FC9,セブン‐イレブン,水島警察署南店,
ICOCA,C7,52FCA,セブン‐イレブン,水島警察署南店,
ICOCA,C7,52FD4,セブン‐イレブン,外環横大路店,
ICOCA,C7,52FD5,セブン‐イレブン,外環横大路店,
ICOCA,C7,53015,セブン‐イレブン,枚方楠葉朝日3丁目店,
ICOCA,C7,5301C,セブン‐イレブン,広島鉄砲町店,
ICOCA,C7,530A9,セブン‐イレブン,綾部大島町店,
ICOCA,C7,530AA,セブン‐イレブン,綾部大島町店,
ICOCA,C7,530B3,セブン‐イレブン,広島祇園新道店,
ICOCA,C7,530BD,セブン‐イレブン,京都竹田中内畑町店,
ICOCA,C7,530BE,セブン‐イレブン,京都竹田中内畑町店,
ICOCA,C7,530BF,セブン‐イレブン,京都竹田中内畑町店,
ICOCA,C7,53134,セブン‐イレブン,下関市役所前店,
ICOCA,C7,53135,セブン‐イレブン,下関市役所前店,
ICOCA,C7,5313A,セブン‐イレブン,天理守目堂町店,
ICOCA,C7,5313B,セブン‐イレブン,天理守目堂町店,
ICOCA,C7,5316C,セブン‐イレブン,山口嘉川中市店,
ICOCA,C7,5316D,セブン‐イレブン,山口嘉川中市店,
ICOCA,C7,531E5,セブン‐イレブン,佛教大学店,
ICOCA,C7,531E6,セブン‐イレブン,佛教大学店,
ICOCA,C7,531E7,セブン‐イレブン,佛教大学店,
ICOCA,C7,531EB,セブン‐イレブン,広島国泰寺2丁目店,
ICOCA,C7,531F4,セブン‐イレブン,射水七美店,
ICOCA,C7,531F5,セブン‐イレブン,射水七美店,
ICOCA,C7,53217,セブン‐イレブン,大阪長堀心斎橋店,
ICOCA,C7,53218,セブン‐イレブン,大阪長堀心斎橋店,
ICOCA,C7,53219,セブン‐イレブン,大阪長堀心斎橋店,
ICOCA,C7,5327C,セブン‐イレブン,京都西大路花屋町店,
ICOCA,C7,5327D,セブン‐イレブン,京都西大路花屋町店,
ICOCA,C7,532A4,セブン‐イレブン,和歌山北新5丁目店,
ICOCA,C7,5332B,セブン‐イレブン,天神川三条店,
ICOCA,C7,5337C,セブン‐イレブン,小松インター店,
ICOCA,C7,5337D,セブン‐イレブン,小松インター店,
ICOCA,C7,5339F,セブン‐イレブン,広島船越南3丁目店,
ICOCA,C7,533A0,セブン‐イレブン,広島船越南3丁目店,
ICOCA,C7,533D4,セブン‐イレブン,エル京橋店,
ICOCA,C7,533D5,セブン‐イレブン,エル京橋店,
ICOCA,C7,533E1,セブン‐イレブン,富山掛尾店,
ICOCA,C7,53450,セブン‐イレブン,下関関門海峡店,
ICOCA,C7,5345A,セブン‐イレブン,宇治田原郷之口店,
ICOCA,C7,53464,セブン‐イレブン,上賀茂二軒家町店,
ICOCA,C7,53465,セブン‐イレブン,上賀茂二軒家町店,
ICOCA,C7,53479,セブン‐イレブン,真備町尾崎店,
ICOCA,C7,534D6,セブン‐イレブン,白山北安田南店,
ICOCA,C7,534D7,セブン‐イレブン,白山北安田南店,
ICOCA,C7,534F2,セブン‐イレブン,大和郡山今国府町店,
ICOCA,C7,534F3,セブン‐イレブン,大和郡山今国府町店,
ICOCA,C7,5352C,セブン‐イレブン,金沢米泉10丁目店,
ICOCA,C7,5352D,セブン‐イレブン,金沢米泉10丁目店,
ICOCA,C7,5354C,セブン‐イレブン,江坂エスコタウン店,
ICOCA,C7,5358A,セブン‐イレブン,京都西陣郵便局店,
ICOCA,C7,5358B,セブン‐イレブン,京都西陣郵便局店,
ICOCA,C7,5358C,セブン‐イレブン,京都西陣郵便局店,
ICOCA,C7,53597,セブン‐イレブン,京都堀川玄以店,
ICOCA,C7,53598,セブン‐イレブン,京都堀川玄以店,
ICOCA,C7,535F8,セブン‐イレブン,大阪西中島7丁目店,
ICOCA,C7,5362C,セブン‐イレブン,下関長府警察署前店,
ICOCA,C7,53650,セブン‐イレブン,大阪常盤町1丁目店,
ICOCA,C7,53651,セブン‐イレブン,大阪常盤町1丁目店,
ICOCA,C7,53652,セブン‐イレブン,大阪常盤町1丁目店,
ICOCA,C7,536A0,セブン‐イレブン,姫路北条口1丁目店,
ICOCA,C7,536A1,セブン‐イレブン,姫路北条口1丁目店,
ICOCA,C7,536D2,セブン‐イレブン,野々市二日市店,
ICOCA,C7,536D3,セブン‐イレブン,野々市二日市店,
ICOCA,C7,536E5,セブン‐イレブン,京都壬生川仏光寺店,
ICOCA,C7,536E6,セブン‐イレブン,京都壬生川仏光寺店,
ICOCA,C7,536FF,セブン‐イレブン,防府駅みなとぐち店,
ICOCA,C7,53704,セブン‐イレブン,阪急淡路駅東口店,
ICOCA,C7,53705,セブン‐イレブン,阪急淡路駅東口店,
ICOCA,C7,53706,セブン‐イレブン,阪急淡路駅東口店,
ICOCA,C7,53726,セブン‐イレブン,豊中少路1丁目店,
ICOCA,C7,53727,セブン‐イレブン,豊中少路1丁目店,
ICOCA,C7,5379C,セブン‐イレブン,和歌山平岡店,
ICOCA,C7,53819,セブン‐イレブン,小松島町店,
ICOCA,C7,5381A,セブン‐イレブン,小松島町店,
ICOCA,C7,53830,セブン‐イレブン,呉駅前店,
ICOCA,C7,53831,セブン‐イレブン,呉駅前店,
ICOCA,C7,5383E,セブン‐イレブン,大阪中野2丁目店,
ICOCA,C7,5383F,セブン‐イレブン,大阪中野2丁目店,
ICOCA,C7,5384A,セブン‐イレブン,津山山下店,
ICOCA,C7,53876,セブン‐イレブン,大阪恵美須西1丁目店,
ICOCA,C7,53878,セブン‐イレブン,大阪恵美須西1丁目店,
ICOCA,C7,53881,セブン‐イレブン,広島皆実6丁目店,
ICOCA,C7,53885,セブン‐イレブン,津幡太田店,
ICOCA,C7,53886,セブン‐イレブン,津幡太田店,
ICOCA,C7,5389E,セブン‐イレブン,嵯峨野店,
ICOCA,C7,5389F,セブン‐イレブン,嵯峨野店,
ICOCA,C7,53917,セブン‐イレブン,下関貴船4丁目店,
ICOCA,C7,53933,セブン‐イレブン,大阪友渕町3丁目店,
ICOCA,C7,53934,セブン‐イレブン,大阪友渕町3丁目店,
ICOCA,C7,5394C,セブン‐イレブン,淀下津町店,
ICOCA,C7,5394D,セブン‐イレブン,淀下津町店,
ICOCA,C7,53956,セブン‐イレブン,クルン高岡店,
ICOCA,C7,53957,セブン‐イレブン,クルン高岡店,
ICOCA,C7,53958,セブン‐イレブン,クルン高岡店,
ICOCA,C7,5395C,セブン‐イレブン,広島東平塚店,
ICOCA,C7,5395D,セブン‐イレブン,広島東平塚店,
ICOCA,C7,53983,セブン‐イレブン,姫路飾磨思案橋西店,
ICOCA,C7,53984,セブン‐イレブン,姫路飾磨思案橋西店,
ICOCA,C7,539A1,セブン‐イレブン,小松日の出町2丁目店,
ICOCA,C7,539A2,セブン‐イレブン,小松日の出町2丁目店,
ICOCA,C7,539B1,セブン‐イレブン,山口矢原店,
ICOCA,C7,539F2,セブン‐イレブン,白山八ツ矢町店,
ICOCA,C7,53A91,セブン‐イレブン,京都山ノ内赤山町店,
ICOCA,C7,53A92,セブン‐イレブン,京都山ノ内赤山町店,
ICOCA,C7,53AA6,セブン‐イレブン,大阪あべの橋店,
ICOCA,C7,53ABF,セブン‐イレブン,南砺角田店,
ICOCA,C7,53AE2,セブン‐イレブン,福井志比口店,
ICOCA,C7,53AE3,セブン‐イレブン,福井志比口店,
ICOCA,C7,53AF7,セブン‐イレブン,徳島東大工町店,
ICOCA,C7,53B47,セブン‐イレブン,下関東大和町店,
ICOCA,C7,53B48,セブン‐イレブン,下関東大和町店,
ICOCA,C7,53BAC,セブン‐イレブン,京都馬代一条店,
ICOCA,C7,53BAD,セブン‐イレブン,京都馬代一条店,
ICOCA,C7,53BB6,セブン‐イレブン,下関卸本町店,
ICOCA,C7,53BC9,セブン‐イレブン,高松木太町店,
ICOCA,C7,53BCE,セブン‐イレブン,高松瓦町駅東口店,
ICOCA,C7,53BCF,セブン‐イレブン,高松瓦町駅東口店,
ICOCA,C7,53BF7,セブン‐イレブン,JR徳島駅前店,
ICOCA,C7,53BF8,セブン‐イレブン,JR徳島駅前店,
ICOCA,C7,53BF9,セブン‐イレブン,JR徳島駅前店,
ICOCA,C7,53BFC,セブン‐イレブン,高松JR栗林駅前店,
ICOCA,C7,53BFD,セブン‐イレブン,高松JR栗林駅前店,
ICOCA,C7,53C0C,セブン‐イレブン,宇多津町平山店,
ICOCA,C7,53C0D,セブン‐イレブン,宇多津町平山店,
ICOCA,C7,53C68,セブン‐イレブン,さぬき寒川町神前店,
ICOCA,C7,53C69,セブン‐イレブン,さぬき寒川町神前店,
ICOCA,C7,53CA0,セブン‐イレブン,高松寿町2丁目店,
ICOCA,C7,53CA1,セブン‐イレブン,高松寿町2丁目店,
ICOCA,C7,53CAC,セブン‐イレブン,高松サンポート店,
ICOCA,C7,53CC7,セブン‐イレブン,浜田周布店,
ICOCA,C7,53CC8,セブン‐イレブン,浜田周布店,
ICOCA,C7,53CFE,セブン‐イレブン,三好池田町ウエノ店,
ICOCA,C7,53CFF,セブン‐イレブン,三好池田町ウエノ店,
ICOCA,C7,53D05,セブン‐イレブン,三好井川町店,
ICOCA,C7,53D18,セブン‐イレブン,高松観光通2丁目店,
ICOCA,C7,53D19,セブン‐イレブン,高松観光通2丁目店,
ICOCA,C7,53D1E,セブン‐イレブン,坂出北インター店,
ICOCA,C7,53D1F,セブン‐イレブン,坂出北インター店,
ICOCA,C7,53D2D,セブン‐イレブン,三好三野町店,
ICOCA,C7,53D2E,セブン‐イレブン,三好三野町店,
ICOCA,C7,53D4E,セブン‐イレブン,姫路西中島店,
ICOCA,C7,53D4F,セブン‐イレブン,姫路西中島店,
ICOCA,C7,53D62,セブン‐イレブン,山科日ノ岡店,
ICOCA,C7,53D63,セブン‐イレブン,山科日ノ岡店,
ICOCA,C7,53DA9,セブン‐イレブン,吉野川山川町店,
ICOCA,C7,53DB3,セブン‐イレブン,海部牟岐町店,
ICOCA,C7,53DB4,セブン‐イレブン,海部牟岐町店,
ICOCA,C7,53DBE,セブン‐イレブン,海陽町宍喰店,
ICOCA,C7,53DBF,セブン‐イレブン,海陽町宍喰店,
ICOCA,C7,53E24,セブン‐イレブン,橋本インター南店,
ICOCA,C7,53E3C,セブン‐イレブン,福井文京3丁目店,
ICOCA,C7,53E3D,セブン‐イレブン,福井文京3丁目店,
ICOCA,C7,53E42,セブン‐イレブン,下関貴船町店,
ICOCA,C7,53E46,セブン‐イレブン,三好池田町サラダ店,
ICOCA,C7,53E47,セブン‐イレブン,三好池田町サラダ店,
ICOCA,C7,53E91,セブン‐イレブン,周南呼坂店,
ICOCA,C7,53EA5,セブン‐イレブン,三次京蘭寺店,
ICOCA,C7,53EE1,セブン‐イレブン,姫路宮田東店,
ICOCA,C7,53EE2,セブン‐イレブン,姫路宮田東店,
ICOCA,C7,53F2D,セブン‐イレブン,広島舟入南3丁目店,
ICOCA,C7,53F4F,セブン‐イレブン,大和郡山九条町店,
ICOCA,C7,53F54,セブン‐イレブン,広島高須2丁目店,
ICOCA,C7,53F79,セブン‐イレブン,奈良芝辻町店,
ICOCA,C7,53F7A,セブン‐イレブン,奈良芝辻町店,
ICOCA,C7,53F9C,セブン‐イレブン,小松大島町店,
ICOCA,C7,53F9D,セブン‐イレブン,小松大島町店,
ICOCA,C7,53FE9,セブン‐イレブン,高松瓦町2丁目店,
ICOCA,C7,53FEA,セブン‐イレブン,高松瓦町2丁目店,
ICOCA,C7,54021,セブン‐イレブン,京都御池御前店,
ICOCA,C7,54022,セブン‐イレブン,京都御池御前店,
ICOCA,C7,54060,セブン‐イレブン,広島矢賀店,
ICOCA,C7,5406A,セブン‐イレブン,大阪本町駅中央店,
ICOCA,C7,54074,セブン‐イレブン,大阪久太郎町4丁目店,
ICOCA,C7,5407E,セブン‐イレブン,東大阪中小阪5丁目店,
ICOCA,C7,5407F,セブン‐イレブン,東大阪中小阪5丁目店,
ICOCA,C7,5408A,セブン‐イレブン,広島大手町1丁目店,
ICOCA,C7,5409E,セブン‐イレブン,三豊三野町店,
ICOCA,C7,540C6,セブン‐イレブン,西条明屋敷店,
ICOCA,C7,540C7,セブン‐イレブン,西条明屋敷店,
ICOCA,C7,540C8,セブン‐イレブン,西条明屋敷店,
ICOCA,C7,540D1,セブン‐イレブン,京都上桂前田町店,
ICOCA,C7,540D2,セブン‐イレブン,京都上桂前田町店,
ICOCA,C7,540DB,セブン‐イレブン,阪急山田駅前店,
ICOCA,C7,540DC,セブン‐イレブン,阪急山田駅前店,
ICOCA,C7,54148,セブン‐イレブン,姫路網干東雲橋南店,
ICOCA,C7,54149,セブン‐イレブン,姫路網干東雲橋南店,
ICOCA,C7,54161,セブン‐イレブン,京都唐橋川久保店,
ICOCA,C7,54170,セブン‐イレブン,大和郡山小林町西店,
ICOCA,C7,54171,セブン‐イレブン,大和郡山小林町西店,
ICOCA,C7,541B2,セブン‐イレブン,岩国駅前中央通り店,
ICOCA,C7,541B3,セブン‐イレブン,岩国駅前中央通り店,
ICOCA,C7,541C0,セブン‐イレブン,香川大学正門前店,
ICOCA,C7,541C1,セブン‐イレブン,香川大学正門前店,
ICOCA,C7,541D0,セブン‐イレブン,広島西川口町店,
ICOCA,C7,541E0,セブン‐イレブン,徳島阿波おどり空港店,
ICOCA,C7,541E1,セブン‐イレブン,徳島阿波おどり空港店,
ICOCA,C7,5425A,セブン‐イレブン,広島草津南3丁目店,
ICOCA,C7,54274,セブン‐イレブン,こんぴら店,
ICOCA,C7,54275,セブン‐イレブン,こんぴら店,
ICOCA,C7,54287,セブン‐イレブン,西京極運動公園店,
ICOCA,C7,54288,セブン‐イレブン,西京極運動公園店,
ICOCA,C7,5433C,セブン‐イレブン,下関吉見店,
ICOCA,C7,543F0,セブン‐イレブン,深草西浦8丁目店,
ICOCA,C7,543F1,セブン‐イレブン,深草西浦8丁目店,
ICOCA,C7,543FE,セブン‐イレブン,広島的場2丁目店,
ICOCA,C7,543FF,セブン‐イレブン,広島的場2丁目店,
ICOCA,C7,54457,セブン‐イレブン,金沢高岡町店,
ICOCA,C7,54461,セブン‐イレブン,奈良大宮町4丁目店,
ICOCA,C7,54462,セブン‐イレブン,奈良大宮町4丁目店,
ICOCA,C7,54466,セブン‐イレブン,姫路広畑早瀬町北店,
ICOCA,C7,54467,セブン‐イレブン,姫路広畑早瀬町北店,
ICOCA,C7,544BD,セブン‐イレブン,神戸生田新道店,
ICOCA,C7,544C8,セブン‐イレブン,呉中央桟橋ターミナル店,
ICOCA,C7,544C9,セブン‐イレブン,呉中央桟橋ターミナル店,
ICOCA,C7,544DD,セブン‐イレブン,新居浜高木町店,
ICOCA,C7,54515,セブン‐イレブン,大阪新北野1丁目店,
ICOCA,C7,54533,セブン‐イレブン,高松国分寺町福家店,
ICOCA,C7,54534,セブン‐イレブン,高松国分寺町福家店,
ICOCA,C7,5455C,セブン‐イレブン,7FS京阪バス京都駅八条口店,
ICOCA,C7,54565,セブン‐イレブン,京都神宮丸太町店,
ICOCA,C7,54566,セブン‐イレブン,京都神宮丸太町店,
ICOCA,C7,54593,セブン‐イレブン,いよてつ古町駅店,
ICOCA,C7,545A2,セブン‐イレブン,下関競艇場前店,
ICOCA,C7,5460C,セブン‐イレブン,広島家庭裁判所前店,
ICOCA,C7,54633,セブン‐イレブン,京都下鴨膳部町店,
ICOCA,C7,54634,セブン‐イレブン,京都下鴨膳部町店,
ICOCA,C7,54649,セブン‐イレブン,大洲中央病院前店,
ICOCA,C7,5464A,セブン‐イレブン,大洲中央病院前店,
ICOCA,C7,5466A,セブン‐イレブン,いよてつ松山市駅店,
ICOCA,C7,546B4,セブン‐イレブン,姫路南駅前町店,
ICOCA,C7,546B5,セブン‐イレブン,姫路南駅前町店,
ICOCA,C7,546F7,セブン‐イレブン,奈良三碓2丁目店,
ICOCA,C7,546F8,セブン‐イレブン,奈良三碓2丁目店,
ICOCA,C7,546FB,セブン‐イレブン,呉中通1丁目店,
ICOCA,C7,546FC,セブン‐イレブン,呉中通1丁目店,
ICOCA,C7,54720,セブン‐イレブン,ハートインJR京都駅東口改札内店,
ICOCA,C7,54721,セブン‐イレブン,ハートインJR京都駅東口改札内店,
ICOCA,C7,54722,セブン‐イレブン,ハートインJR京都駅東口改札内店,
ICOCA,C7,54730,セブン‐イレブン,ハートインJR岡山駅中央改札口店,
ICOCA,C7,54731,セブン‐イレブン,ハートインJR岡山駅中央改札口店,
ICOCA,C7,54732,セブン‐イレブン,ハートインJR岡山駅中央改札口店,
ICOCA,C7,54769,セブン‐イレブン,京都三条通壬生神明町店,
ICOCA,C7,5476A,セブン‐イレブン,京都三条通壬生神明町店,
ICOCA,C7,5476E,セブン‐イレブン,宇治三室戸店,
ICOCA,C7,54783,セブン‐イレブン,八幡浜産業通店,
ICOCA,C7,54792,セブン‐イレブン,奈良針インター店,
ICOCA,C7,54793,セブン‐イレブン,奈良針インター店,
ICOCA,C7,547D7,セブン‐イレブン,ハートインJR福山駅南口店,
ICOCA,C7,547D8,セブン‐イレブン,ハートインJR福山駅南口店,
ICOCA,C7,547D9,セブン‐イレブン,ハートインJR福山駅南口店,
ICOCA,C7,547DA,セブン‐イレブン,ハートインJR福山駅南口店,
ICOCA,C7,547DD,セブン‐イレブン,ハートイン小倉新幹線改札内中央店,
ICOCA,C7,547DE,セブン‐イレブン,ハートイン小倉新幹線改札内中央店,
ICOCA,C7,547E4,セブン‐イレブン,AIM龍谷大学深草キャンパス店,
ICOCA,C7,547E5,セブン‐イレブン,AIM龍谷大学深草キャンパス店,
ICOCA,C7,547E6,セブン‐イレブン,AIM龍谷大学深草キャンパス店,
ICOCA,C7,547E7,セブン‐イレブン,AIM龍谷大学深草キャンパス店,
ICOCA,C7,54816,セブン‐イレブン,京都東山団栗橋前店,
ICOCA,C7,54817,セブン‐イレブン,京都東山団栗橋前店,
ICOCA,C7,54850,セブン‐イレブン,和歌山友田町4丁目店,
ICOCA,C7,54874,セブン‐イレブン,高松一宮町店,
ICOCA,C7,54875,セブン‐イレブン,高松一宮町店,
ICOCA,C7,5489A,セブン‐イレブン,ハートイン岡山駅在来線改札内店,
ICOCA,C7,5489B,セブン‐イレブン,ハートイン岡山駅在来線改札内店,
ICOCA,C7,5489C,セブン‐イレブン,ハートイン岡山駅在来線改札内店,
ICOCA,C7,5489D,セブン‐イレブン,ハートイン岡山駅在来線改札内店,
ICOCA,C7,5489F,セブン‐イレブン,ハートインJR広駅店,
ICOCA,C7,548A7,セブン‐イレブン,Kiosk宇多津駅店,
ICOCA,C7,548A8,セブン‐イレブン,Kiosk宇多津駅店,
ICOCA,C7,548C3,セブン‐イレブン,姫路網干新在家店,
ICOCA,C7,548C4,セブン‐イレブン,姫路網干新在家店,
ICOCA,C7,548D7,セブン‐イレブン,西院月双町店,
ICOCA,C7,548D8,セブン‐イレブン,西院月双町店,
ICOCA,C7,548F6,セブン‐イレブン,大阪伏見町3丁目店,
ICOCA,C7,54900,セブン‐イレブン,心斎橋長堀通西店,
ICOCA,C7,5491C,セブン‐イレブン,香美八王子宮前店,
ICOCA,C7,5492D,セブン‐イレブン,広島西白島町店,
ICOCA,C7,54969,セブン‐イレブン,キヨスクJR徳山駅在来改札口店,
ICOCA,C7,5496A,セブン‐イレブン,キヨスクJR徳山駅在来改札口店,
ICOCA,C7,54978,セブン‐イレブン,ハートインJR徳山駅新幹線口店,
ICOCA,C7,54988,セブン‐イレブン,加西北条駅前店,
ICOCA,C7,54992,セブン‐イレブン,DR徳島ダイワロイネットホテル店,
ICOCA,C7,54993,セブン‐イレブン,DR徳島ダイワロイネットホテル店,
ICOCA,C7,54994,セブン‐イレブン,DR徳島ダイワロイネットホテル店,
ICOCA,C7,54997,セブン‐イレブン,ハートインJR敦賀駅店,
ICOCA,C7,54998,セブン‐イレブン,ハートインJR敦賀駅店,
ICOCA,C7,549A6,セブン‐イレブン,ハートインJR近江八幡駅北口店,
ICOCA,C7,549AF,セブン‐イレブン,広島千田町1丁目店,
ICOCA,C7,549B4,セブン‐イレブン,京都葵橋寺町店,
ICOCA,C7,549B5,セブン‐イレブン,京都葵橋寺町店,
ICOCA,C7,549BA,セブン‐イレブン,ハートインJR彦根駅北口店,
ICOCA,C7,549BE,セブン‐イレブン,キヨスクJR比叡山坂本駅改札口店,
ICOCA,C7,549F1,セブン‐イレブン,京都八条通東店,
ICOCA,C7,549FA,セブン‐イレブン,山口小郡昭和通り店,
ICOCA,C7,54A05,セブン‐イレブン,桜井阿部店,
ICOCA,C7,54A0E,セブン‐イレブン,天理喜殿町店,
ICOCA,C7,54A0F,セブン‐イレブン,天理喜殿町店,
ICOCA,C7,54A5A,セブン‐イレブン,姫路上余部店,
ICOCA,C7,54A5B,セブン‐イレブン,姫路上余部店,
ICOCA,C7,54A7A,セブン‐イレブン,近鉄奈良駅西店,
ICOCA,C7,54A90,セブン‐イレブン,キヨスクJR長浜駅改札口店,
ICOCA,C7,54AC9,セブン‐イレブン,和歌山太田店,
ICOCA,C7,54AE1,セブン‐イレブン,南国篠原店,
ICOCA,C7,54AE2,セブン‐イレブン,南国篠原店,
ICOCA,C7,54AE7,セブン‐イレブン,高知丸池町店,
ICOCA,C7,54AE8,セブン‐イレブン,高知丸池町店,
ICOCA,C7,54AF7,セブン‐イレブン,ハートインJR広島駅在来改札内店,
ICOCA,C7,54AF8,セブン‐イレブン,ハートインJR広島駅在来改札内店,
ICOCA,C7,54AF9,セブン‐イレブン,ハートインJR広島駅在来改札内店,
ICOCA,C7,54AFB,セブン‐イレブン,ハートインJR広島駅在来改札内店,
ICOCA,C7,54AFE,セブン‐イレブン,ハートインJR下関駅東口店,
ICOCA,C7,54AFF,セブン‐イレブン,ハートインJR下関駅東口店,
ICOCA,C7,54B02,セブン‐イレブン,キヨスクIR金沢駅中2階店,
ICOCA,C7,54B03,セブン‐イレブン,キヨスクIR金沢駅中2階店,
ICOCA,C7,54B07,セブン‐イレブン,ハートインJR小倉駅新幹線口東店,
ICOCA,C7,54B29,セブン‐イレブン,京都寺町六角店,
ICOCA,C7,54B34,セブン‐イレブン,下津林東大般若町店,
ICOCA,C7,54B5B,セブン‐イレブン,大阪天満橋京町店,
ICOCA,C7,54B74,セブン‐イレブン,東大阪荒本北2丁目店,
ICOCA,C7,54B75,セブン‐イレブン,東大阪荒本北2丁目店,
ICOCA,C7,54B79,セブン‐イレブン,和歌山向芝店,
ICOCA,C7,54B7F,セブン‐イレブン,和歌山山吹丁店,
ICOCA,C7,54B98,セブン‐イレブン,高知稲荷町店,
ICOCA,C7,54BBB,セブン‐イレブン,Kiosk善通寺駅店,
ICOCA,C7,54BBC,セブン‐イレブン,Kiosk善通寺駅店,
ICOCA,C7,54BC9,セブン‐イレブン,ハートインJR二条駅東口店,
ICOCA,C7,54BCA,セブン‐イレブン,ハートインJR二条駅東口店,
ICOCA,C7,54BCB,セブン‐イレブン,ハートインJR二条駅東口店,
ICOCA,C7,54C00,セブン‐イレブン,玖珂千束店,
ICOCA,C7,54C27,セブン‐イレブン,奈良三条町店,
ICOCA,C7,54C28,セブン‐イレブン,奈良三条町店,
ICOCA,C7,54C29,セブン‐イレブン,奈良三条町店,
ICOCA,C7,54C62,セブン‐イレブン,高知本町1丁目店,
ICOCA,C7,54CA0,セブン‐イレブン,明石西新町店,
ICOCA,C7,54CA1,セブン‐イレブン,明石西新町店,
ICOCA,C7,54CAF,セブン‐イレブン,ハートイングランヴィア岡山店,
ICOCA,C7,54CB0,セブン‐イレブン,ハートイングランヴィア岡山店,
ICOCA,C7,54CB1,セブン‐イレブン,ハートイングランヴィア岡山店,
ICOCA,C7,54CBA,セブン‐イレブン,近森病院外来センター店,
ICOCA,C7,54CDA,セブン‐イレブン,山科外環小野店,
ICOCA,C7,54CDB,セブン‐イレブン,山科外環小野店,
ICOCA,C7,54D2F,セブン‐イレブン,キヨスクJR嵯峨嵐山駅改札口店,
ICOCA,C7,54D38,セブン‐イレブン,南国下末松店,
ICOCA,C7,54D51,セブン‐イレブン,Kiosk琴平駅店,
ICOCA,C7,54D52,セブン‐イレブン,Kiosk琴平駅店,
ICOCA,C7,54D55,セブン‐イレブン,ハートインJR森ノ宮駅北口店,
ICOCA,C7,54D5D,セブン‐イレブン,ハートイン岡山駅新幹線改札内店,
ICOCA,C7,54D5E,セブン‐イレブン,ハートイン岡山駅新幹線改札内店,
ICOCA,C7,54D61,セブン‐イレブン,ハートインJR倉敷駅南口店,
ICOCA,C7,54D66,セブン‐イレブン,宍粟市役所前店,
ICOCA,C7,54D67,セブン‐イレブン,宍粟市役所前店,
ICOCA,C7,54D6B,セブン‐イレブン,八日市布施店,
ICOCA,C7,54D6C,セブン‐イレブン,八日市布施店,
ICOCA,C7,54D6E,セブン‐イレブン,ハートインJR呉駅店,
ICOCA,C7,54D6F,セブン‐イレブン,ハートインJR呉駅店,
ICOCA,C7,54D70,セブン‐イレブン,ハートインJR呉駅店,
ICOCA,C7,54D71,セブン‐イレブン,ハートインJR呉駅店,
ICOCA,C7,54D72,セブン‐イレブン,ハートインJR呉駅店,
ICOCA,C7,54D76,セブン‐イレブン,兵庫太子太田店,
ICOCA,C7,54D77,セブン‐イレブン,兵庫太子太田店,
ICOCA,C7,54D7B,セブン‐イレブン,キヨスクJR糸魚川駅店,
ICOCA,C7,54D7C,セブン‐イレブン,キヨスクJR糸魚川駅店,
ICOCA,C7,54D8A,セブン‐イレブン,キヨスクJR金沢駅幹線中2階店,
ICOCA,C7,54D8B,セブン‐イレブン,キヨスクJR金沢駅幹線中2階店,
ICOCA,C7,54DA2,セブン‐イレブン,葛野大路花屋町店,
ICOCA,C7,54DA3,セブン‐イレブン,葛野大路花屋町店,
ICOCA,C7,54DE0,セブン‐イレブン,高知瀬戸南町1丁目店,
ICOCA,C7,54DE1,セブン‐イレブン,高知瀬戸南町1丁目店,
ICOCA,C7,54DEB,セブン‐イレブン,山口湯田温泉3丁目店,
ICOCA,C7,54DEC,セブン‐イレブン,山口湯田温泉3丁目店,
ICOCA,C7,54E09,セブン‐イレブン,Kiosk高知駅店,
ICOCA,C7,54E0A,セブン‐イレブン,Kiosk高知駅店,
ICOCA,C7,54E0B,セブン‐イレブン,Kiosk高知駅店,
ICOCA,C7,54E10,セブン‐イレブン,キヨスクJR新白島駅店,
ICOCA,C7,54E25,セブン‐イレブン,ハートインJR明石駅北口店,
ICOCA,C7,54E26,セブン‐イレブン,ハートインJR明石駅北口店,
ICOCA,C7,54E27,セブン‐イレブン,ハートインJR明石駅北口店,
ICOCA,C7,54E28,セブン‐イレブン,ハートインJR明石駅北口店,
ICOCA,C7,54E6E,セブン‐イレブン,吹田青葉丘南店,
ICOCA,C7,54E6F,セブン‐イレブン,吹田青葉丘南店,
ICOCA,C7,54E81,セブン‐イレブン,生駒鹿畑町店,
ICOCA,C7,54E82,セブン‐イレブン,生駒鹿畑町店,
ICOCA,C7,54E96,セブン‐イレブン,広島東青崎町店,
ICOCA,C7,54EA4,セブン‐イレブン,高知杉井流店,
ICOCA,C7,54EA5,セブン‐イレブン,高知杉井流店,
ICOCA,C7,54EDE,セブン‐イレブン,姫路東今宿2丁目店,
ICOCA,C7,54EDF,セブン‐イレブン,姫路東今宿2丁目店,
ICOCA,C7,54EE8,セブン‐イレブン,京都御幸町御池店,
ICOCA,C7,54EE9,セブン‐イレブン,京都御幸町御池店,
ICOCA,C7,54EF2,セブン‐イレブン,Kiosk高松駅改札口店,
ICOCA,C7,54EF3,セブン‐イレブン,Kiosk高松駅改札口店,
ICOCA,C7,54F35,セブン‐イレブン,京都白川通上高野店,
ICOCA,C7,54F36,セブン‐イレブン,京都白川通上高野店,
ICOCA,C7,54F3F,セブン‐イレブン,高梁市役所前店,
ICOCA,C7,54F4E,セブン‐イレブン,下関漁港前店,
ICOCA,C7,54F5A,セブン‐イレブン,さぬき津田町琴林店,
ICOCA,C7,54F5B,セブン‐イレブン,さぬき津田町琴林店,
ICOCA,C7,54F73,セブン‐イレブン,ハートインJR向洋駅店,
ICOCA,C7,54F74,セブン‐イレブン,ハートインJR向洋駅店,
ICOCA,C7,54F75,セブン‐イレブン,ハートインJR向洋駅店,
ICOCA,C7,54F9E,セブン‐イレブン,兵庫太子糸井店,
ICOCA,C7,54F9F,セブン‐イレブン,兵庫太子糸井店,
ICOCA,C7,54FBC,セブン‐イレブン,神戸西多聞通1丁目店,
ICOCA,C7,54FBD,セブン‐イレブン,神戸西多聞通1丁目店,
ICOCA,C7,54FD1,セブン‐イレブン,広島東観音町北店,
ICOCA,C7,54FE8,セブン‐イレブン,京都四条新町店,
ICOCA,C7,54FE9,セブン‐イレブン,京都四条新町店,
ICOCA,C7,54FEA,セブン‐イレブン,京都四条新町店,
ICOCA,C7,55025,セブン‐イレブン,神鉄西鈴蘭台駅店,
ICOCA,C7,55044,セブン‐イレブン,米子角盤町2丁目店,
ICOCA,C7,5507E,セブン‐イレブン,京都二条駅南店,
ICOCA,C7,5507F,セブン‐イレブン,京都二条駅南店,
ICOCA,C7,55089,セブン‐イレブン,ハートインJR京橋駅1番のりば店,
ICOCA,C7,5508A,セブン‐イレブン,ハートインJR京橋駅1番のりば店,
ICOCA,C7,5508B,セブン‐イレブン,ハートインJR京橋駅1番のりば店,
ICOCA,C7,5508C,セブン‐イレブン,ハートインJR京橋駅1番のりば店,
ICOCA,C7,550A0,セブン‐イレブン,天理成願寺町店,
ICOCA,C7,550A1,セブン‐イレブン,天理成願寺町店,
ICOCA,C7,550AA,セブン‐イレブン,キヨスクJR大阪城公園駅改札口店,
ICOCA,C7,550AB,セブン‐イレブン,キヨスクJR大阪城公園駅改札口店,
ICOCA,C7,550B9,セブン‐イレブン,ハートインJR三ノ宮駅東口店,
ICOCA,C7,550D1,セブン‐イレブン,キヨスク岡山駅新幹線上りホーム店,
ICOCA,C7,550D2,セブン‐イレブン,キヨスク岡山駅新幹線上りホーム店,
ICOCA,C7,550E6,セブン‐イレブン,キヨスクJR新井口駅店,
ICOCA,C7,550EF,セブン‐イレブン,下関長府江下町店,
ICOCA,C7,550F5,セブン‐イレブン,四国中央三島中央店,
ICOCA,C7,550F6,セブン‐イレブン,四国中央三島中央店,
ICOCA,C7,5510D,セブン‐イレブン,キヨスクJR海田市駅店,
ICOCA,C7,55117,アントレマルシェ+セブン‐イレブン,天王寺店,
ICOCA,C7,55118,アントレマルシェ+セブン‐イレブン,天王寺店,
ICOCA,C7,55123,セブン‐イレブン,キヨスクJR園部駅改札口店,
ICOCA,C7,55139,セブン‐イレブン,ハートインJR舞子駅改札口店,
ICOCA,C7,5513A,セブン‐イレブン,ハートインJR舞子駅改札口店,
ICOCA,C7,55143,セブン‐イレブン,ハートインJR京都駅東塩小路店,
ICOCA,C7,55144,セブン‐イレブン,ハートインJR京都駅東塩小路店,
ICOCA,C7,55167,セブン‐イレブン,松江米子町店,
ICOCA,C7,5516B,セブン‐イレブン,益田あけぼの本町店,
ICOCA,C7,5516C,セブン‐イレブン,益田あけぼの本町店,
ICOCA,C7,55170,セブン‐イレブン,エキシティひろしま店,
ICOCA,C7,55171,セブン‐イレブン,エキシティひろしま店,
ICOCA,C7,55180,セブン‐イレブン,備後府中国府店,
ICOCA,C7,5522A,セブン‐イレブン,ハートインJR王寺駅北口店,
ICOCA,C7,5522B,セブン‐イレブン,ハートインJR王寺駅北口店,
ICOCA,C7,5522C,セブン‐イレブン,ハートインJR王寺駅北口店,
ICOCA,C7,55234,セブン‐イレブン,西脇寺内店,
ICOCA,C7,55239,セブン‐イレブン,ハートインJR松江駅シャミネ店,
ICOCA,C7,5523A,セブン‐イレブン,ハートインJR松江駅シャミネ店,
ICOCA,C7,5523B,セブン‐イレブン,ハートインJR松江駅シャミネ店,
ICOCA,C7,55247,セブン‐イレブン,ハートインJR新長田駅改札口店,
ICOCA,C7,55265,セブン‐イレブン,大阪天神橋6丁目店,
ICOCA,C7,552AF,セブン‐イレブン,下関稗田南町店,
ICOCA,C7,552B0,セブン‐イレブン,下関稗田南町店,
ICOCA,C7,552B3,セブン‐イレブン,京阪鳥羽街道駅前店,
ICOCA,C7,552B4,セブン‐イレブン,京阪鳥羽街道駅前店,
ICOCA,C7,552B8,セブン‐イレブン,梅小路公園西店,
ICOCA,C7,552B9,セブン‐イレブン,梅小路公園西店,
ICOCA,C7,552E9,セブン‐イレブン,松江朝日町店,
ICOCA,C7,552F2,セブン‐イレブン,高知吉田町店,
ICOCA,C7,5532C,セブン‐イレブン,氷見加納南店,
ICOCA,C7,55340,セブン‐イレブン,Kiosk鴨島駅店,
ICOCA,C7,55345,セブン‐イレブン,ハートインJR草津駅改札内店,
ICOCA,C7,55346,セブン‐イレブン,ハートインJR草津駅改札内店,
ICOCA,C7,5535C,セブン‐イレブン,ハートインJR川西池田駅北口店,
ICOCA,C7,55367,セブン‐イレブン,ハートインJR津山駅店,
ICOCA,C7,55368,セブン‐イレブン,ハートインJR津山駅店,
ICOCA,C7,55370,セブン‐イレブン,キヨスクJR廿日市駅店,
ICOCA,C7,55375,セブン‐イレブン,ハートインJR新山口駅在来改札口店,
ICOCA,C7,55376,セブン‐イレブン,ハートインJR新山口駅在来改札口店,
ICOCA,C7,5538D,セブン‐イレブン,阪急王子公園駅前店,
ICOCA,C7,5538E,セブン‐イレブン,阪急王子公園駅前店,
ICOCA,C7,5541F,セブン‐イレブン,長門市駅前店,
ICOCA,C7,55420,セブン‐イレブン,長門市駅前店,
ICOCA,C7,55424,セブン‐イレブン,須崎桐間南店,
ICOCA,C7,55449,セブン‐イレブン,キヨスクJR久宝寺駅改札口店,
ICOCA,C7,55454,セブン‐イレブン,ハートインJR岸辺駅改札口店,
ICOCA,C7,55468,セブン‐イレブン,ハートインJR伊丹駅前店,
ICOCA,C7,5547C,セブン‐イレブン,京都堀川塩小路南店,
ICOCA,C7,5547D,セブン‐イレブン,京都堀川塩小路南店,
ICOCA,C7,554CD,セブン‐イレブン,Kiosk伊予西条駅店,
ICOCA,C7,554CE,セブン‐イレブン,Kiosk伊予西条駅店,
ICOCA,C7,554E5,セブン‐イレブン,ハートインJR防府駅店,
ICOCA,C7,554E6,セブン‐イレブン,ハートインJR防府駅店,
ICOCA,C7,554F5,セブン‐イレブン,モノウェル千里中央店,
ICOCA,C7,554F6,セブン‐イレブン,モノウェル千里中央店,
ICOCA,C7,554F7,セブン‐イレブン,モノウェル千里中央店,
ICOCA,C7,554F8,セブン‐イレブン,モノウェル千里中央店,
ICOCA,C7,5550C,セブン‐イレブン,モノウェル万博記念公園店,
ICOCA,C7,5550D,セブン‐イレブン,モノウェル万博記念公園店,
ICOCA,C7,5550E,セブン‐イレブン,モノウェル万博記念公園店,
ICOCA,C7,5550F,セブン‐イレブン,モノウェル万博記念公園店,
ICOCA,C7,55518,セブン‐イレブン,高知新本町2丁目店,
ICOCA,C7,5551D,セブン‐イレブン,高知升形店,
ICOCA,C7,5553B,セブン‐イレブン,キヨスク岡山駅新幹線下りホーム店,
ICOCA,C7,5557D,セブン‐イレブン,高知曙町1丁目店,
ICOCA,C7,555AE,セブン‐イレブン,Kiosk新居浜駅店,
ICOCA,C7,555E3,セブン‐イレブン,ハートインJR加古川駅南口店,
ICOCA,C7,555E5,セブン‐イレブン,ハートインJR加古川駅南口店,
ICOCA,C7,555E8,セブン‐イレブン,キヨスクJR横川駅店,
ICOCA,C7,555ED,セブン‐イレブン,ハートインJR尼崎駅西口改札内店,
ICOCA,C7,555EE,セブン‐イレブン,ハートインJR尼崎駅西口改札内店,
ICOCA,C7,555EF,セブン‐イレブン,ハートインJR尼崎駅西口改札内店,
ICOCA,C7,555F5,セブン‐イレブン,ハートインJR新三田駅前店,
ICOCA,C7,555F6,セブン‐イレブン,ハートインJR新三田駅前店,
ICOCA,C7,555F7,セブン‐イレブン,ハートインJR新三田駅前店,
ICOCA,C7,55613,セブン‐イレブン,京都新町一条店,
ICOCA,C7,55614,セブン‐イレブン,京都新町一条店,
ICOCA,C7,55634,セブン‐イレブン,大阪東淀川駅前店,
ICOCA,C7,55635,セブン‐イレブン,大阪東淀川駅前店,
ICOCA,C7,5563B,セブン‐イレブン,ハートイン京都地下鉄京都駅南口店,
ICOCA,C7,55685,セブン‐イレブン,下関住吉店,
ICOCA,C7,5569A,セブン‐イレブン,今治波止浜店,
ICOCA,C7,556A3,おみやげ処+セブン‐イレブン,高岡店,
ICOCA,C7,556AD,おみやげ楽市+セブン‐イレブン,松江シャミネ店,
ICOCA,C7,556BD,セブン‐イレブン,高知葛島4丁目店,
ICOCA,C7,556C1,セブン‐イレブン,高知駅前町店,
ICOCA,C7,556C2,セブン‐イレブン,高知駅前町店,
ICOCA,C7,556D0,セブン‐イレブン,松山清水町1丁目店,
ICOCA,C7,556E1,セブン‐イレブン,ハートインJR三田駅南口店,
ICOCA,C7,556EE,セブン‐イレブン,キヨスクJR京都駅0番のりば西店,
ICOCA,C7,556EF,セブン‐イレブン,キヨスクJR京都駅0番のりば西店,
ICOCA,C7,556F3,セブン‐イレブン,キヨスクJR伊丹駅改札口店,
ICOCA,C7,55705,セブン‐イレブン,姫路西今宿3丁目店,
ICOCA,C7,55706,セブン‐イレブン,姫路西今宿3丁目店,
ICOCA,C7,5572E,セブン‐イレブン,広島京橋東店,
ICOCA,C7,55757,セブン‐イレブン,伏見深草藤森店,
ICOCA,C7,55758,セブン‐イレブン,伏見深草藤森店,
ICOCA,C7,557AD,セブン‐イレブン,ハートインJR神戸駅改札内店,
ICOCA,C7,557AE,セブン‐イレブン,ハートインJR神戸駅改札内店,
ICOCA,C7,557B2,おみやげ処+セブン‐イレブン,黒部店,
ICOCA,C7,557B3,おみやげ処+セブン‐イレブン,黒部店,
ICOCA,C7,557E2,セブン‐イレブン,ハートインJR新山口駅新幹線口店,
ICOCA,C7,557E3,セブン‐イレブン,ハートインJR新山口駅新幹線口店,
ICOCA,C7,557E6,セブン‐イレブン,ハートインJR海南駅改札口店,
ICOCA,C7,557E7,セブン‐イレブン,ハートインJR海南駅改札口店,
ICOCA,C7,557F7,セブン‐イレブン,ハートインJR福知山駅改札口店,
ICOCA,C7,557F8,セブン‐イレブン,ハートインJR福知山駅改札口店,
ICOCA,C7,557FC,セブン‐イレブン,ハートインJR新大阪駅南口店,
ICOCA,C7,557FD,セブン‐イレブン,ハートインJR新大阪駅南口店,
ICOCA,C7,55800,セブン‐イレブン,京都市役所西店,
ICOCA,C7,55801,セブン‐イレブン,京都市役所西店,
ICOCA,C7,5580D,おみやげ処+セブン‐イレブン,金沢店,
ICOCA,C7,5580F,おみやげ処+セブン‐イレブン,金沢店,
ICOCA,C7,5589B,セブン‐イレブン,大阪日本橋5丁目店,
ICOCA,C7,5589C,セブン‐イレブン,大阪日本橋5丁目店,
ICOCA,C7,558AA,セブン‐イレブン,京都吉田近衛町店,
ICOCA,C7,558AB,セブン‐イレブン,京都吉田近衛町店,
ICOCA,C7,558E9,おみやげ街道+セブン‐イレブン,博多店,
ICOCA,C7,558EA,おみやげ街道+セブン‐イレブン,博多店,
ICOCA,C7,558EC,おみやげ街道+セブン‐イレブン,博多店,
ICOCA,C7,558FB,おみやげ街道+セブン‐イレブン,岡山店,
ICOCA,C7,558FD,おみやげ街道+セブン‐イレブン,せとうちCube店,
ICOCA,C7,5591B,セブン‐イレブン,ハートインJR加古川駅改札内店,
ICOCA,C7,5591C,セブン‐イレブン,ハートインJR加古川駅改札内店,
ICOCA,C7,5594A,セブン‐イレブン,神鉄新開地駅店,
ICOCA,C7,5594F,セブン‐イレブン,Kiosk坂出駅店,
ICOCA,C7,55950,セブン‐イレブン,Kiosk坂出駅店,
ICOCA,C7,5595E,セブン‐イレブン,土佐山田町西本町店,
ICOCA,C7,5598C,セブン‐イレブン,下関生野町店,
ICOCA,C7,55990,セブン‐イレブン,広島庚午中4丁目店,
ICOCA,C7,559A6,セブン‐イレブン,ハートインJR姫路駅南口店,
ICOCA,C7,559A7,セブン‐イレブン,ハートインJR姫路駅南口店,
ICOCA,C7,559A8,セブン‐イレブン,ハートインJR姫路駅南口店,
ICOCA,C7,559B9,セブン‐イレブン,ハートインJR桜井駅南口店,
ICOCA,C7,559BA,セブン‐イレブン,ハートインJR桜井駅南口店,
ICOCA,C7,559D6,セブン‐イレブン,近江今津駅前店,
ICOCA,C7,559DB,えきべん処,金澤,
ICOCA,C7,559DC,えきべん処,金澤,
ICOCA,C7,559E3,おみやげ処+セブン‐イレブン,富山店,
ICOCA,C7,559E9,おみやげ本舗+セブン‐イレブン,博多店,
ICOCA,C7,559EB,おみやげ本舗+セブン‐イレブン,博多店,
ICOCA,C7,559FA,アントレマルシェ+セブン‐イレブン,三ノ宮店,
ICOCA,C7,55A0C,セブン‐イレブン,キヨスクJR平野駅改札口店,
ICOCA,C7,55A0D,セブン‐イレブン,キヨスクJR平野駅改札口店,
ICOCA,C7,55A25,セブン‐イレブン,境港竹内町店,
ICOCA,C7,55A34,セブン‐イレブン,Kiosk八幡浜駅店,
ICOCA,C7,55A35,セブン‐イレブン,Kiosk八幡浜駅店,
ICOCA,C7,55A43,セブン‐イレブン,南彦根駅東口店,
ICOCA,C7,55A44,セブン‐イレブン,南彦根駅東口店,
ICOCA,C7,55A5C,セブン‐イレブン,高知萩町店,
ICOCA,C7,55A7A,セブン‐イレブン,大阪宮原2丁目店,
ICOCA,C7,55A84,セブン‐イレブン,高知駅北店,
ICOCA,C7,55A8A,セブン‐イレブン,天理稲葉町店,
ICOCA,C7,55A8B,セブン‐イレブン,天理稲葉町店,
ICOCA,C7,55A93,セブン‐イレブン,船場心斎橋筋店,
ICOCA,C7,55A9B,セブン‐イレブン,ハートインJR鶴橋駅1番のりば店,
ICOCA,C7,55A9D,セブン‐イレブン,ハートインJR鶴橋駅1番のりば店,
ICOCA,C7,55ACC,アントレマルシェ+セブン‐イレブン,新大阪中央口店,
ICOCA,C7,55ACF,アントレマルシェ+セブン‐イレブン,新大阪中央口店,
ICOCA,C7,55AD8,セブン‐イレブン,ハートインJR天王寺駅中央口店,
ICOCA,C7,55AD9,セブン‐イレブン,ハートインJR天王寺駅中央口店,
ICOCA,C7,55AE9,セブン‐イレブン,ハートインJR姫路駅改札内店,
ICOCA,C7,55AEA,セブン‐イレブン,ハートインJR姫路駅改札内店,
ICOCA,C7,55AEB,セブン‐イレブン,ハートインJR姫路駅改札内店,
ICOCA,C7,55AEC,セブン‐イレブン,ハートインJR姫路駅改札内店,
ICOCA,C7,55AF8,セブン‐イレブン,キヨスク広島新幹線上りホーム西店,
ICOCA,C7,55AF9,セブン‐イレブン,キヨスク広島新幹線上りホーム西店,
ICOCA,C7,55B0D,セブン‐イレブン,西京極西大丸町店,
ICOCA,C7,55B0E,セブン‐イレブン,西京極西大丸町店,
ICOCA,C7,55B17,セブン‐イレブン,京都太秦蚕ノ社店,
ICOCA,C7,55B1C,セブン‐イレブン,京都祇園北店,
ICOCA,C7,55B1D,セブン‐イレブン,京都祇園北店,
ICOCA,C7,55B26,セブン‐イレブン,京都烏丸九条店,
ICOCA,C7,55B27,セブン‐イレブン,京都烏丸九条店,
ICOCA,C7,55B44,セブン‐イレブン,大阪南森町店,
ICOCA,C7,55B68,セブン‐イレブン,和歌山市駅前店,
ICOCA,C7,55BA9,セブン‐イレブン,広島上東雲町店,
ICOCA,C7,55BB2,セブン‐イレブン,下関稗田西町店,
ICOCA,C7,55BC3,セブン‐イレブン,玖珂八幡下店,
ICOCA,C7,55BC8,セブン‐イレブン,下関丸山町店,
ICOCA,C7,55BD2,おみやげ街道+セブン‐イレブン,新山口店,
ICOCA,C7,55BD3,おみやげ街道+セブン‐イレブン,新山口店,
ICOCA,C7,55BF5,セブン‐イレブン,百万遍店,
ICOCA,C7,55BF6,セブン‐イレブン,百万遍店,
ICOCA,C7,55BF7,セブン‐イレブン,百万遍店,
ICOCA,C7,55BF8,セブン‐イレブン,伏見石田大山店,
ICOCA,C7,55C11,おみやげ楽市+セブン‐イレブン,益田店,
ICOCA,C7,55C15,おみやげ街道+セブン‐イレブン,東広島店,
ICOCA,C7,55C34,セブン‐イレブン,ハートインJR新今宮駅西口内店,
ICOCA,C7,55C35,セブン‐イレブン,ハートインJR新今宮駅西口内店,
ICOCA,C7,55C3D,セブン‐イレブン,ハートインJR金沢駅店,
ICOCA,C7,55C41,セブン‐イレブン,ハートインJR金沢駅店,
ICOCA,C7,55C42,セブン‐イレブン,ハートインJR金沢駅店,
ICOCA,C7,55C43,セブン‐イレブン,ハートインJR金沢駅店,
ICOCA,C7,55C55,セブン‐イレブン,ハートインJR土山駅改札内店,
ICOCA,C7,55C56,セブン‐イレブン,ハートインJR土山駅改札内店,
ICOCA,C7,55C60,セブン‐イレブン,ハートインJR和歌山駅中央口店,
ICOCA,C7,55C61,セブン‐イレブン,ハートインJR和歌山駅中央口店,
ICOCA,C7,55C62,セブン‐イレブン,ハートインJR和歌山駅中央口店,
ICOCA,C7,55C64,セブン‐イレブン,キヨスク博多新幹線13番乗場店,
ICOCA,C7,55C65,セブン‐イレブン,キヨスク博多新幹線13番乗場店,
ICOCA,C7,55C69,おみやげ市場+セブン‐イレブン,博多店,
ICOCA,C7,55C6A,おみやげ市場+セブン‐イレブン,博多店,
ICOCA,C7,55C6B,おみやげ市場+セブン‐イレブン,博多店,
ICOCA,C7,55CA6,セブン‐イレブン,米子米原5丁目店,
ICOCA,C7,55CD4,セブン‐イレブン,キヨスクJR松任駅店,
ICOCA,C7,55CE8,セブン‐イレブン,キヨスクJR鶴橋駅中央改札口店,
ICOCA,C7,55CE9,セブン‐イレブン,キヨスクJR鶴橋駅中央改札口店,
ICOCA,C7,55CEE,セブン‐イレブン,ハートインJR大阪駅北店,
ICOCA,C7,55CEF,セブン‐イレブン,ハートインJR大阪駅北店,
ICOCA,C7,55CF0,セブン‐イレブン,ハートインJR大阪駅北店,
ICOCA,C7,55CF1,セブン‐イレブン,ハートインJR大阪駅北店,
ICOCA,C7,55CFF,セブン‐イレブン,キヨスクJR相生駅改札口店,
ICOCA,C7,55D00,セブン‐イレブン,キヨスクJR相生駅改札口店,
ICOCA,C7,55D03,セブン‐イレブン,ハートインJR浜田駅店,
ICOCA,C7,55D04,セブン‐イレブン,ハートインJR浜田駅店,
ICOCA,C7,55D0B,セブン‐イレブン,キヨスクJR大町駅店,
ICOCA,C7,55D13,セブン‐イレブン,高知一宮南町店,
ICOCA,C7,55D14,セブン‐イレブン,高知一宮南町店,
ICOCA,C7,55D28,セブン‐イレブン,境港市役所前店,
ICOCA,C7,55D3B,セブン‐イレブン,広島矢賀新町4丁目店,
ICOCA,C7,55D40,セブン‐イレブン,広島高須駅前店,
ICOCA,C7,55D45,セブン‐イレブン,夷川柳馬場店,
ICOCA,C7,55D46,セブン‐イレブン,夷川柳馬場店,
ICOCA,C7,55D78,セブン‐イレブン,伏見竹田中島町店,
ICOCA,C7,55D79,セブン‐イレブン,伏見竹田中島町店,
ICOCA,C7,55D7A,セブン‐イレブン,伏見竹田中島町店,
ICOCA,C7,55D7C,セブン‐イレブン,京都久世店,
ICOCA,C7,55D7D,セブン‐イレブン,京都久世店,
ICOCA,C7,55DB4,セブン‐イレブン,Kiosk阿波池田駅店,
ICOCA,C7,55DB5,セブン‐イレブン,Kiosk阿波池田駅店,
ICOCA,C7,55DC2,おみやげ街道+セブン‐イレブン,岡山新幹線下り店,
ICOCA,C7,55DD0,セブン‐イレブン,奈良大宮町6丁目店,
ICOCA,C7,55DD1,セブン‐イレブン,奈良大宮町6丁目店,
ICOCA,C7,55DE9,セブン‐イレブン,姫路英賀清水町3丁目店,
ICOCA,C7,55DF8,アントレマルシェ+セブン‐イレブン,新神戸店,
ICOCA,C7,55DFA,アントレマルシェ,新神戸店,
ICOCA,C7,55E07,おみやげ街道+セブン‐イレブン,宮島口店,
ICOCA,C7,55E17,セブン‐イレブン,高知はりまや町3丁目店,
ICOCA,C7,55E24,セブン‐イレブン,山口駅前通り店,
ICOCA,C7,55E2F,おみやげ街道+セブン‐イレブン,桃太郎店,
ICOCA,C7,55E30,おみやげ街道+セブン‐イレブン,桃太郎店,
ICOCA,C7,55E31,おみやげ街道+セブン‐イレブン,桃太郎店,
ICOCA,C7,55E3B,セブン‐イレブン,ハートインJR大阪駅連絡橋口内店,
ICOCA,C7,55E3C,セブン‐イレブン,ハートインJR大阪駅連絡橋口内店,
ICOCA,C7,55E3D,セブン‐イレブン,ハートインJR大阪駅連絡橋口内店,
ICOCA,C7,55E3E,セブン‐イレブン,ハートインJR大阪駅連絡橋口内店,
ICOCA,C7,55E47,セブン‐イレブン,ハートインJR長居駅改札口店,
ICOCA,C7,55E4B,セブン‐イレブン,ハートインJR姫路駅北口店,
ICOCA,C7,55E4C,セブン‐イレブン,ハートインJR姫路駅北口店,
ICOCA,C7,55E4D,セブン‐イレブン,ハートインJR姫路駅北口店,
ICOCA,C7,55E52,セブン‐イレブン,ハートインピオレ姫路店,
ICOCA,C7,55E53,セブン‐イレブン,ハートインピオレ姫路店,
ICOCA,C7,55E55,セブン‐イレブン,ハートインJR魚住駅改札口店,
ICOCA,C7,55E56,セブン‐イレブン,ハートインJR魚住駅改札口店,
ICOCA,C7,55E5F,おみやげ街道+セブン‐イレブン,新岩国店,
ICOCA,C7,55E68,セブン‐イレブン,日高町荊木店,
ICOCA,C7,55E76,セブン‐イレブン,香南夜須店,
ICOCA,C7,55EC5,おみやげ街道+セブン‐イレブン,岡山駅瀬戸大橋線店,
ICOCA,C7,55EE3,セブン‐イレブン,キヨスクJR大阪駅御堂筋口内北店,
ICOCA,C7,55EE4,セブン‐イレブン,キヨスクJR大阪駅御堂筋口内北店,
ICOCA,C7,55EE8,セブン‐イレブン,キヨスクJR網干駅改札口店,
ICOCA,C7,55EEC,セブン‐イレブン,ハートインJR岡山駅地下改札口店,
ICOCA,C7,55EED,セブン‐イレブン,ハートインJR岡山駅地下改札口店,
ICOCA,C7,55EEE,セブン‐イレブン,ハートインJR岡山駅地下改札口店,
ICOCA,C7,55EEF,セブン‐イレブン,ハートインJR岡山駅地下改札口店,
ICOCA,C7,55EF6,おみやげ街道+セブン‐イレブン,新下関店,
ICOCA,C7,55EF7,おみやげ街道+セブン‐イレブン,新下関店,
ICOCA,C7,55F0D,セブン‐イレブン,ハートインJR出雲市駅店,
ICOCA,C7,55F0F,セブン‐イレブン,ハートインJR出雲市駅店,
ICOCA,C7,55F12,セブン‐イレブン,キヨスクJR厚狭駅店,
ICOCA,C7,55F4C,セブン‐イレブン,龍野末政店,
ICOCA,C7,55F4D,セブン‐イレブン,龍野末政店,
ICOCA,C7,55F6F,セブン‐イレブン,Kiosk徳島銘品館店,
ICOCA,C7,55F70,セブン‐イレブン,Kiosk徳島銘品館店,
ICOCA,C7,55F71,セブン‐イレブン,Kiosk徳島銘品館店,
ICOCA,C7,55F72,セブン‐イレブン,Kiosk徳島銘品館店,
ICOCA,C7,55F73,セブン‐イレブン,Kiosk徳島銘品館店,
ICOCA,C7,55F75,セブン‐イレブン,京都鷹峯藤林店,
ICOCA,C7,55F76,セブン‐イレブン,京都鷹峯藤林店,
ICOCA,C7,55F83,セブン‐イレブン,西院春日通六角店,
ICOCA,C7,55F84,セブン‐イレブン,西院春日通六角店,
ICOCA,C7,55F88,セブン‐イレブン,奈良法蓮町店,
ICOCA,C7,55F89,セブン‐イレブン,奈良法蓮町店,
ICOCA,C7,55FA1,アントレマルシェ+セブン‐イレブン,姫路店,
ICOCA,C7,55FA2,アントレマルシェ+セブン‐イレブン,姫路店,
ICOCA,C7,55FA3,アントレマルシェ+セブン‐イレブン,姫路店,
ICOCA,C7,55FAF,セブン‐イレブン,キヨスクJR東舞鶴駅改札口店,
ICOCA,C7,55FB0,セブン‐イレブン,キヨスクJR東舞鶴駅改札口店,
ICOCA,C7,55FB4,セブン‐イレブン,ハートインJR奈良駅改札口店,
ICOCA,C7,55FB5,セブン‐イレブン,ハートインJR奈良駅改札口店,
ICOCA,C7,55FB6,セブン‐イレブン,ハートインJR奈良駅改札口店,
ICOCA,C7,55FB9,セブン‐イレブン,キヨスク広島新幹線上りホーム東店,
ICOCA,C7,55FC2,おみやげ街道+セブン‐イレブン,岡山新幹線上り店,
ICOCA,C7,55FC6,おみやげ街道+セブン‐イレブン,JR和歌山駅中央口店,
ICOCA,C7,55FC7,おみやげ街道+セブン‐イレブン,JR和歌山駅中央口店,
ICOCA,C7,55FCE,セブン‐イレブン,キヨスクJR大阪駅御堂筋口内南店,
ICOCA,C7,55FCF,セブン‐イレブン,キヨスクJR大阪駅御堂筋口内南店,
ICOCA,C7,55FE8,セブン‐イレブン,京福西院駅前店,
ICOCA,C7,55FE9,セブン‐イレブン,京福西院駅前店,
ICOCA,C7,56034,セブン‐イレブン,高知菜園場町店,
ICOCA,C7,56045,セブン‐イレブン,ハートインJR天理駅前店,
ICOCA,C7,56046,セブン‐イレブン,ハートインJR天理駅前店,
ICOCA,C7,56047,セブン‐イレブン,ハートインJR天理駅前店,
ICOCA,C7,5606D,セブン‐イレブン,キヨスク広島新幹線下りホーム西店,
ICOCA,C7,56071,おみやげ街道+セブン‐イレブン,徳山新幹線改札内店,
ICOCA,C7,56072,おみやげ街道+セブン‐イレブン,徳山新幹線改札内店,
ICOCA,C7,56076,セブン‐イレブン,キヨスクJR大正駅改札口店,
ICOCA,C7,5607F,セブン‐イレブン,出雲西新町店,
ICOCA,C7,5608D,おみやげ街道+セブン‐イレブン,徳山新幹線口店,
ICOCA,C7,560D6,セブン‐イレブン,周南代々木通店,
ICOCA,C7,560DE,セブン‐イレブン,大宮寺之内店,
ICOCA,C7,560DF,セブン‐イレブン,大宮寺之内店,
ICOCA,C7,560E4,セブン‐イレブン,難波千日前店,
ICOCA,C7,560FB,セブン‐イレブン,キヨスクJR新神戸1番のりば西店,
ICOCA,C7,560FF,セブン‐イレブン,キヨスクJR新神戸2番のりば東店,
ICOCA,C7,56100,セブン‐イレブン,キヨスクJR新神戸2番のりば東店,
ICOCA,C7,56107,おみやげどころ+セブン‐イレブン,丸亀店,
ICOCA,C7,56108,おみやげどころ+セブン‐イレブン,丸亀店,
ICOCA,C7,56111,セブン‐イレブン,米子鬼太郎空港店,
ICOCA,C7,56123,セブン‐イレブン,富山中市店,
ICOCA,C7,5613C,セブン‐イレブン,京都烏丸十条店,
ICOCA,C7,56146,おみやげ街道+セブン‐イレブン,アルデ新大阪店,
ICOCA,C7,56154,セブン‐イレブン,明石魚住住吉店,
ICOCA,C7,56155,セブン‐イレブン,明石魚住住吉店,
ICOCA,C7,5616B,おみやげ市場+セブン‐イレブン,博多13番乗場店,
ICOCA,C7,56185,セブン‐イレブン,ハートインJR高槻駅中央口店,
ICOCA,C7,56186,セブン‐イレブン,ハートインJR高槻駅中央口店,
ICOCA,C7,56187,セブン‐イレブン,ハートインJR高槻駅中央口店,
ICOCA,C7,56188,セブン‐イレブン,ハートインJR高槻駅中央口店,
ICOCA,C7,56189,セブン‐イレブン,ハートインJR高槻駅中央口店,
ICOCA,C7,5618A,セブン‐イレブン,ハートインJR高槻駅中央口店,
ICOCA,C7,561DA,おみやげ街道+セブン‐イレブン,広島新幹線改札内中央店,
ICOCA,C7,561DB,おみやげ街道+セブン‐イレブン,広島新幹線改札内中央店,
ICOCA,C7,561DC,おみやげ街道+セブン‐イレブン,広島新幹線改札内中央店,
ICOCA,C7,5620F,セブン‐イレブン,萩古萩町店,
ICOCA,C7,5621E,セブン‐イレブン,キヨスクJR西宮名塩駅改札口店,
ICOCA,C7,5623D,セブン‐イレブン,高知城前店,
ICOCA,C7,56250,セブン‐イレブン,ハートインJR新倉敷駅店,
ICOCA,C7,56283,セブン‐イレブン,姫路勝原熊見店,
ICOCA,C7,56284,セブン‐イレブン,姫路勝原熊見店,
ICOCA,C7,56291,セブン‐イレブン,神辺川南店,
ICOCA,C7,562AE,セブン‐イレブン,新山口駅前店,
ICOCA,C7,562AF,セブン‐イレブン,新山口駅前店,
ICOCA,C7,562CC,セブン‐イレブン,ハートインJR新大阪駅2階西店,
ICOCA,C7,562CD,セブン‐イレブン,ハートインJR新大阪駅2階西店,
ICOCA,C7,562CE,セブン‐イレブン,ハートインJR新大阪駅2階西店,
ICOCA,C7,562D5,おみやげ街道+セブン‐イレブン,下関改札内店,
ICOCA,C7,562D6,おみやげ街道+セブン‐イレブン,下関改札内店,
ICOCA,C7,562DA,おみやげ街道+セブン‐イレブン,新山口新幹線改札内店,
ICOCA,C7,562DB,おみやげ街道+セブン‐イレブン,新山口新幹線改札内店,
ICOCA,C7,562E5,セブン‐イレブン,金沢昭和町店,
ICOCA,C7,562F2,セブン‐イレブン,姫路垣内中町店,
ICOCA,C7,562F3,セブン‐イレブン,姫路垣内中町店,
ICOCA,C7,5631A,セブン‐イレブン,丸亀葭町店,
ICOCA,C7,56341,セブン‐イレブン,丹波市島町店,
ICOCA,C7,56365,セブン‐イレブン,四ツ橋南堀江店,
ICOCA,C7,56366,セブン‐イレブン,四ツ橋南堀江店,
ICOCA,C7,56367,セブン‐イレブン,四ツ橋南堀江店,
ICOCA,C7,56377,アントレマルシェ+セブン‐イレブン,広島店,
ICOCA,C7,56382,セブン‐イレブン,大阪片町店,
ICOCA,C7,56383,セブン‐イレブン,大阪片町店,
ICOCA,C7,56392,セブン‐イレブン,四ツ橋北堀江店,
ICOCA,C7,56393,セブン‐イレブン,四ツ橋北堀江店,
ICOCA,C7,56394,セブン‐イレブン,四ツ橋北堀江店,
ICOCA,C7,5639B,セブン‐イレブン,ハートインJR膳所駅改札口店,
ICOCA,C7,5639C,セブン‐イレブン,ハートインJR膳所駅改札口店,
ICOCA,C7,563A4,セブン‐イレブン,播州赤穂駅前店,
ICOCA,C7,563A5,セブン‐イレブン,播州赤穂駅前店,
ICOCA,C7,563BA,セブン‐イレブン,高松仏生山店,
ICOCA,C7,563BF,セブン‐イレブン,広島楽々園店,
ICOCA,C7,56405,セブン‐イレブン,セレッソスポーツパーク舞洲店,
ICOCA,C7,56406,セブン‐イレブン,セレッソスポーツパーク舞洲店,
ICOCA,C7,56407,セブン‐イレブン,セレッソスポーツパーク舞洲店,
ICOCA,C7,5640A,セブン‐イレブン,Kiosk観音寺駅店,
ICOCA,C7,5640B,セブン‐イレブン,Kiosk観音寺駅店,
ICOCA,C7,5641F,おみやげ街道+セブン‐イレブン,宮島店,
ICOCA,C7,56451,セブン‐イレブン,ハートインJR中山寺駅北口店,
ICOCA,C7,5645B,セブン‐イレブン,日高村本郷店,
ICOCA,C7,565DE,セブン‐イレブン,北信太東口店,
ICOCA,C7,565E2,セブン‐イレブン,茨木東奈良3丁目店,
ICOCA,C7,565E3,セブン‐イレブン,茨木東奈良3丁目店,
ICOCA,C7,56610,セブン‐イレブン,ハートインJR米子駅店,
ICOCA,C7,56611,セブン‐イレブン,ハートインJR米子駅店,
ICOCA,C7,56612,セブン‐イレブン,ハートインJR米子駅店,
ICOCA,C7,56613,セブン‐イレブン,ハートインJR米子駅店,
ICOCA,C7,56664,セブン‐イレブン,奈良学園大和町2丁目店,
ICOCA,C7,56665,セブン‐イレブン,奈良学園大和町2丁目店,
ICOCA,C7,5666F,セブン‐イレブン,大阪桜島駅前店,
ICOCA,C7,56670,セブン‐イレブン,大阪桜島駅前店,
ICOCA,C7,56671,セブン‐イレブン,大阪桜島駅前店,
ICOCA,C7,567DE,セブン‐イレブン,ハートインJR児島駅店,
ICOCA,C7,567DF,セブン‐イレブン,ハートインJR児島駅店,
ICOCA,C7,56867,セブン‐イレブン,ハートインJR鳥取駅店,
ICOCA,C7,5686A,セブン‐イレブン,ハートインJR鳥取駅店,
ICOCA,C7,569C4,セブン‐イレブン,生駒壱分町店,
ICOCA,C7,569C5,セブン‐イレブン,生駒壱分町店,
ICOCA,C7,56A6B,セブン‐イレブン,三次十日市中店,
ICOCA,C7,56BD5,マクドナルド,あべのイトーヨーカドー店,
ICOCA,C7,56D86,セブン‐イレブン,龍野片山店,
ICOCA,C7,56D87,セブン‐イレブン,龍野片山店,
ICOCA,C7,56D9B,セブン‐イレブン,スタートラム広島店,
ICOCA,C7,56DA5,セブン‐イレブン,広島段原店,
ICOCA,C7,56E51,セブン‐イレブン,宇治槇島目川店,
ICOCA,C7,56E52,セブン‐イレブン,宇治槇島目川店,
ICOCA,C7,56E73,セブン‐イレブン,丸亀運動公園前店,
ICOCA,C7,56E8C,セブン‐イレブン,Kiosk宇和島駅店,
ICOCA,C7,56E8D,セブン‐イレブン,Kiosk宇和島駅店,
ICOCA,C7,56F2F,セブン‐イレブン,下関長府前八幡町店,
ICOCA,C7,56F50,マクドナルド,フジグラン十川店,
ICOCA,C7,56F5F,吉野家,プリコ三宮店,
ICOCA,C7,57019,セブン‐イレブン,三豊詫間町店,
ICOCA,C7,5708F,セブン‐イレブン,キヨスクJR瀬田駅改札口店,
ICOCA,C7,5714A,セブン‐イレブン,岡山錦町店,
ICOCA,C7,57154,セブン‐イレブン,高知長浜店,
ICOCA,C7,57159,セブン‐イレブン,庄原西城町店,
ICOCA,C7,57394,セブン‐イレブン,宇和中央店,
ICOCA,C7,57395,セブン‐イレブン,宇和中央店,
ICOCA,C7,573D0,セブン‐イレブン,高知本町2丁目店,
ICOCA,C7,5740D,セブン‐イレブン,あべの天王寺駅西店,
ICOCA,C7,57425,セブン‐イレブン,高知和泉町店,
ICOCA,C7,57430,セブン‐イレブン,深草直違橋店,
ICOCA,C7,57431,セブン‐イレブン,深草直違橋店,
ICOCA,C7,57603,マクドナルド,北心斎橋店,
ICOCA,C7,57620,マクドナルド,9号線福知山店,
ICOCA,C7,5776A,阪急オアシス,中之島店,
ICOCA,C7,577BA,肉壱番,,
ICOCA,C7,57839,セブン‐イレブン,光駅前店,
ICOCA,C7,5783D,セブン‐イレブン,ことでん瓦町駅店,
ICOCA,C7,5783E,セブン‐イレブン,ことでん瓦町駅店,
ICOCA,C7,57932,セブン‐イレブン,安芸府中浜田店,
ICOCA,C7,57933,セブン‐イレブン,安芸府中浜田店,
ICOCA,C7,587AE,セブン‐イレブン,御堂筋本町店,
ICOCA,C7,587B6,セブン‐イレブン,紀の川粉河駅南店,
ICOCA,C7,5880D,セブン‐イレブン,徳島道吉野川SA下り店,
ICOCA,C7,5899A,セブン‐イレブン,坂出駅南店,
ICOCA,C7,589D9,セブン‐イレブン,神戸サンキタ通店,
ICOCA,C7,58A8B,ファミリーマート,多賀大社駅前店,
ICOCA,C7,58A8C,ファミリーマート,多賀大社駅前店,
ICOCA,C7,58A9B,セブン‐イレブン,金閣寺前店,
ICOCA,C7,58A9C,セブン‐イレブン,金閣寺前店,
ICOCA,C7,58AD4,セブン‐イレブン,京都上賀茂朝露ケ原町店,
ICOCA,C7,58AD5,セブン‐イレブン,京都上賀茂朝露ケ原町店,
ICOCA,C7,58AF4,セブン‐イレブン,JR東淀川駅西口店,
ICOCA,C7,58AF5,セブン‐イレブン,JR東淀川駅西口店,
ICOCA,C7,58B33,セブン‐イレブン,Kiosk多度津駅店,
ICOCA,C7,58B34,セブン‐イレブン,Kiosk多度津駅店,
ICOCA,C7,58B73,マクドナルド,イオン松江店,
ICOCA,C7,58B9A,マクドナルド,益田店,
ICOCA,C7,58B9B,マクドナルド,益田店,
ICOCA,C7,58BBF,セブン‐イレブン,京都四条堀川店,
ICOCA,C7,58BC0,セブン‐イレブン,京都四条堀川店,
ICOCA,C7,58BC1,セブン‐イレブン,京都四条堀川店,
ICOCA,C7,58BC4,セブン‐イレブン,ハートインヴィアイン新大阪正面店,
ICOCA,C7,58C61,セブン‐イレブン,ハートインJR京都駅地下東口店,
ICOCA,C7,58C62,セブン‐イレブン,ハートインJR京都駅地下東口店,
ICOCA,C7,58C63,セブン‐イレブン,ハートインJR京都駅地下東口店,
ICOCA,C7,58C64,セブン‐イレブン,ハートインJR京都駅地下東口店,
ICOCA,C7,58C85,セブン‐イレブン,広島鉄砲町北店,
ICOCA,C7,58C87,セブン‐イレブン,広島鉄砲町北店,
ICOCA,C7,58C8A,セブン‐イレブン,光市岩田店,
ICOCA,C7,58D74,吉野家,お初天神店,
ICOCA,C7,58DC9,吉野家,大手前店,
ICOCA,C7,58DCA,吉野家,大手前店,
ICOCA,C7,58DCB,吉野家,大手前店,
ICOCA,C7,58E46,吉野家,恵美須町店,
ICOCA,C7,58E47,吉野家,恵美須町店,
ICOCA,C7,58E48,吉野家,恵美須町店,
ICOCA,C7,58E73,吉野家,大阪空港前店,
ICOCA,C7,58E74,吉野家,大阪空港前店,
ICOCA,C7,58E9D,吉野家,中環学園町店,
ICOCA,C7,58E9E,吉野家,中環学園町店,
ICOCA,C7,58EA3,吉野家,摂津別府店,
ICOCA,C7,58EBE,吉野家,高槻若松町店,
ICOCA,C7,58EC3,吉野家,高槻店,
ICOCA,C7,58F28,吉野家,中央環状線久宝寺店,
ICOCA,C7,58F34,吉野家,中央環状線巨摩橋店,
ICOCA,C7,58F35,吉野家,中央環状線巨摩橋店,
ICOCA,C7,58F7F,吉野家,309号線美原店,
ICOCA,C7,58F98,吉野家,北花田店,
ICOCA,C7,58FFB,吉野家,京都駅八条口店,
ICOCA,C7,59013,吉野家,京都百万遍店,
ICOCA,C7,5901C,そば処吉野家,宇治槙島店,
ICOCA,C7,5901D,そば処吉野家,宇治槙島店,
ICOCA,C7,59031,吉野家,1号線久御山店,
ICOCA,C7,59050,吉野家,9号線福知山店,
ICOCA,C7,5905B,吉野家,27号線西舞鶴店,
ICOCA,C7,59069,吉野家,24号線奈良北店,
ICOCA,C7,5907E,吉野家,169号線桜井店,
ICOCA,C7,5907F,吉野家,169号線桜井店,
ICOCA,C7,590A8,吉野家,大和郡山店,
ICOCA,C7,590A9,吉野家,大和郡山店,
ICOCA,C7,59120,吉野家,須磨パティオ店,
ICOCA,C7,59153,吉野家,立花駅前店,
ICOCA,C7,59169,吉野家,171号線伊丹店,
ICOCA,C7,591E7,吉野家,53号線鳥取吉成店,
ICOCA,C7,591F1,吉野家,米子市役所前店,
ICOCA,C7,5920F,吉野家,岡山裁判所前店,
ICOCA,C7,592A5,吉野家,徳山駅前店,
ICOCA,C7,592A6,吉野家,徳山駅前店,
ICOCA,C7,592DD,吉野家,坂出店,
ICOCA,C7,5930F,吉野家,土佐バイパス店,
ICOCA,C7,59310,吉野家,土佐バイパス店,
ICOCA,C7,59314,吉野家,大街道店,
ICOCA,C7,59339,吉野家,437号線三津浜店,
ICOCA,C7,5935A,吉野家,27号線敦賀店,
ICOCA,C7,59360,吉野家,武生店,
ICOCA,C7,594FD,セブン‐イレブン,舞鶴北田辺店,
ICOCA,C7,594FE,セブン‐イレブン,舞鶴北田辺店,
ICOCA,C7,59506,セブン‐イレブン,広島観音町店,
ICOCA,C7,5950D,セブン‐イレブン,松江宍道町昭和店,
ICOCA,C7,5950E,セブン‐イレブン,松江宍道町昭和店,
ICOCA,C7,59535,セブン‐イレブン,阪急大山崎駅前店,
ICOCA,C7,59536,セブン‐イレブン,阪急大山崎駅前店,
ICOCA,C7,5954C,セブン‐イレブン,たつの揖西南山店,
ICOCA,C7,5954D,セブン‐イレブン,たつの揖西南山店,
ICOCA,C7,59562,セブン‐イレブン,大阪関電ビル前店,
ICOCA,C7,59565,セブン‐イレブン,京都平野宮本町店,
ICOCA,C7,59566,セブン‐イレブン,京都平野宮本町店,
ICOCA,C7,59571,セブン‐イレブン,京都北大路大宮店,
ICOCA,C7,59572,セブン‐イレブン,京都北大路大宮店,
ICOCA,C7,59573,セブン‐イレブン,京都北大路大宮店,
ICOCA,C7,59576,セブン‐イレブン,京都堀川今宮店,
ICOCA,C7,59585,セブン‐イレブン,米子夜見町店,
ICOCA,C7,5958E,セブン‐イレブン,宇治戸ノ内店,
ICOCA,C7,595A7,セブン‐イレブン,東山五条店,
ICOCA,C7,595A8,セブン‐イレブン,東山五条店,
ICOCA,C7,595A9,セブン‐イレブン,東山五条店,
ICOCA,C7,595B5,セブン‐イレブン,加西法華口店,
ICOCA,C7,595D1,セブン‐イレブン,阪急園田駅東店,
ICOCA,C7,5970A,PRONTO,JRクレメントイン高松店,
ICOCA,C7,59772,マクドナルド,福井新田塚店,
ICOCA,C7,59773,マクドナルド,福井新田塚店,
ICOCA,C7,597DC,セブン‐イレブン,Kioskクレメントイン高松店,
ICOCA,C7,597DD,セブン‐イレブン,Kioskクレメントイン高松店,
ICOCA,C7,597DE,セブン‐イレブン,Kioskクレメントイン高松店,
ICOCA,C7,598BB,来来亭,槇島店,
ICOCA,C7,5991A,セブン‐イレブン,相生垣内店,
ICOCA,C7,5991B,セブン‐イレブン,相生垣内店,
ICOCA,C7,59AE6,吉野家,ビエラ岸辺健都店,
ICOCA,C7,59AE7,吉野家,ビエラ岸辺健都店,
ICOCA,C7,59D00,セブン‐イレブン,ハートインJR京都駅西口店,
ICOCA,C7,59D01,セブン‐イレブン,ハートインJR京都駅西口店,
ICOCA,C7,59D02,セブン‐イレブン,ハートインJR京都駅西口店,
ICOCA,C7,59D03,セブン‐イレブン,ハートインJR京都駅西口店,
ICOCA,C7,59D36,セブン‐イレブン,ハートインJR京都駅西口店,
ICOCA,C7,59D6C,セブン‐イレブン,京都千本今出川店,
ICOCA,C7,59D6D,セブン‐イレブン,京都千本今出川店,
ICOCA,C7,59D7F,セブン‐イレブン,京都七条大橋店,
ICOCA,C7,59D80,セブン‐イレブン,京都七条大橋店,
ICOCA,C7,59D84,セブン‐イレブン,岡山田町店,
ICOCA,C7,59D8B,セブン‐イレブン,ハートインJR京都駅中央改札口店,
ICOCA,C7,59DF6,セブン‐イレブン,京都西大路御池店,
ICOCA,C7,59E2C,セブン‐イレブン,ハートインJR倉吉駅店,
ICOCA,C7,59E2D,セブン‐イレブン,ハートインJR倉吉駅店,
ICOCA,C7,5A0B4,セブン‐イレブン,モノウェル南茨木店,
ICOCA,C7,5A0B5,セブン‐イレブン,モノウェル南茨木店,
ICOCA,C7,5A0B6,セブン‐イレブン,モノウェル南茨木店,
ICOCA,C7,5A0C3,セブン‐イレブン,大阪千躰2丁目店,
ICOCA,C7,5A0C4,セブン‐イレブン,大阪千躰2丁目店,
ICOCA,C7,5A172,嘉川タクシー,,
ICOCA,C7,5A20C,セブン‐イレブン,高知桟橋通1丁目店,
ICOCA,C7,5A2BA,マクドナルド,なかもず店,
ICOCA,C7,5A31A,セブン‐イレブン,福知山末広店,
ICOCA,C7,5A346,セブン‐イレブン,倉敷水島西常盤町店,
ICOCA,C7,5A490,セブン‐イレブン,向日東田中瀬店,
ICOCA,C7,5A491,セブン‐イレブン,向日東田中瀬店,
ICOCA,C7,5A4AC,セブン‐イレブン,大和郡山下三橋店,
ICOCA,C7,5A4AD,セブン‐イレブン,大和郡山下三橋店,
ICOCA,C7,5A4DB,セブン‐イレブン,京都東洞院押小路店,
ICOCA,C7,5A4DC,セブン‐イレブン,京都東洞院押小路店,
ICOCA,C7,5A4E5,セブン‐イレブン,新見高尾店,
ICOCA,C7,5A525,セブン‐イレブン,ハートインJR尾道駅店,
ICOCA,C7,5A5A1,セブン‐イレブン,高松丸亀町店,
ICOCA,C7,5A5A2,セブン‐イレブン,高松丸亀町店,
ICOCA,C7,5A603,グリーンリーブスモール,高知赤十字病院売店,
ICOCA,C7,5A617,アントレマルシェ+セブン‐イレブン,京都西口改札内店,
ICOCA,C7,5A6AE,セブン‐イレブン,DR富山駅前ダイワロイネットホテル店,
ICOCA,C7,5A6AF,セブン‐イレブン,DR富山駅前ダイワロイネットホテル店,
ICOCA,C7,5A760,吉野家,山陽道沼田パーキングエリア下り店,
ICOCA,C7,5A79E,セブン‐イレブン,山陽道沼田PA下り店,
ICOCA,C7,5A856,セブン‐イレブン,広島二葉の里店,
ICOCA,C7,5AA6F,セブン‐イレブン,読売テレビ店,
ICOCA,C7,5AA72,セブン‐イレブン,読売テレビ店,
ICOCA,C7,5AB17,セブン‐イレブン,奈良大宮町5丁目店,
ICOCA,C7,5AB19,セブン‐イレブン,奈良大宮町5丁目店,
ICOCA,C7,5AB31,セブン‐イレブン,DR京都テラス八条東ロイネット店,
ICOCA,C7,5AB32,セブン‐イレブン,DR京都テラス八条東ロイネット店,
ICOCA,C7,5AB33,セブン‐イレブン,DR京都テラス八条東ロイネット店,
ICOCA,C7,5AB34,セブン‐イレブン,JR大津駅前店,
ICOCA,C7,5AC6A,マクドナルド,あべの筋遠里小野店,
ICOCA,C7,5ACB2,セブン‐イレブン,ハートインJR紀伊田辺駅前店,
ICOCA,C7,5ACB3,セブン‐イレブン,ハートインJR紀伊田辺駅前店,
ICOCA,C7,5AF0E,近鉄リテーリング,車内販売事業,
ICOCA,C7,5AF16,しまかぜ,カフェ席,
ICOCA,C7,5B107,ファミリーマート,山陽姫路駅前店,
ICOCA,C7,5B108,ファミリーマート,山陽姫路駅前店,
ICOCA,C7,5B109,ファミリーマート,山陽姫路駅前店,
ICOCA,C7,5B11F,ファミリーマート,千日前通なんば店,
ICOCA,C7,5B120,ファミリーマート,千日前通なんば店,
ICOCA,C7,5B149,ファミリーマート,神戸花隈店,
ICOCA,C7,5B14A,ファミリーマート,神戸花隈店,
ICOCA,C7,5B16D,ファミリーマート,七尾駅前店,
ICOCA,C7,5B1AA,ファミリーマート,宗右衛門町店,
ICOCA,C7,5B238,ファミリーマート,舟入南四丁目店,
ICOCA,C7,5B2DA,ファミリーマート,城陽奈島店,
ICOCA,C7,5B2DB,ファミリーマート,城陽奈島店,
ICOCA,C7,5B330,ファミリーマート,石田森東店,
ICOCA,C7,5B331,ファミリーマート,石田森東店,
ICOCA,C7,5B33D,ファミリーマート,小浜駅前店,
ICOCA,C7,5B3A4,ファミリーマート,北久宝寺一丁目店,
ICOCA,C7,5B3A5,ファミリーマート,北久宝寺一丁目店,
ICOCA,C7,5B590,ファミリーマート,姫路網干店,
ICOCA,C7,5B591,ファミリーマート,姫路網干店,
ICOCA,C7,5B5AC,ファミリーマート,広島宮島口店,
ICOCA,C7,5B5BA,ファミリーマート,西条大町店,
ICOCA,C7,5B5BB,ファミリーマート,西条大町店,
ICOCA,C7,5B5E2,ファミリーマート,茨木天王店,
ICOCA,C7,5B5E3,ファミリーマート,茨木天王店,
ICOCA,C7,5B5E7,ファミリーマート,たつの松原口店,
ICOCA,C7,5B5E8,ファミリーマート,たつの松原口店,
ICOCA,C7,5B602,ファミリーマート,広峰店,
ICOCA,C7,5B603,ファミリーマート,広峰店,
ICOCA,C7,5B608,ファミリーマート,枚方デパートメントビル店,
ICOCA,C7,5B658,ファミリーマート,三島中央店,
ICOCA,C7,5B659,ファミリーマート,三島中央店,
ICOCA,C7,5B67D,ファミリーマート,伯耆溝口店,
ICOCA,C7,5B67E,ファミリーマート,伯耆溝口店,
ICOCA,C7,5B6C5,ファミリーマート,桂西滝川町店,
ICOCA,C7,5B6CF,ファミリーマート,姫路実法寺店,
ICOCA,C7,5B6D0,ファミリーマート,姫路実法寺店,
ICOCA,C7,5B707,ファミリーマート,神戸城内通店,
ICOCA,C7,5B775,ファミリーマート,高砂魚橋店,
ICOCA,C7,5B783,ファミリーマート,津山駅前店,
ICOCA,C7,5B784,ファミリーマート,津山駅前店,
ICOCA,C7,5B79C,ファミリーマート,米子糀町店,
ICOCA,C7,5B82A,ファミリーマート,東淀川駅前店,
ICOCA,C7,5B82E,ファミリーマート,ヤスイカドノ五条店,
ICOCA,C7,5B82F,ファミリーマート,ヤスイカドノ五条店,
ICOCA,C7,5B86C,ファミリーマート,大東諸福店,
ICOCA,C7,5B86D,ファミリーマート,大東諸福店,
ICOCA,C7,5B885,ファミリーマート,吹田大橋店,
ICOCA,C7,5B886,ファミリーマート,吹田大橋店,
ICOCA,C7,5B896,ファミリーマート,姫路夢前橋南店,
ICOCA,C7,5B897,ファミリーマート,姫路夢前橋南店,
ICOCA,C7,5B898,ファミリーマート,宝塚山本丸橋店,
ICOCA,C7,5B899,ファミリーマート,宝塚山本丸橋店,
ICOCA,C7,5B8C6,ファミリーマート,阪急桂駅前店,
ICOCA,C7,5B8FD,ファミリーマート,柳屋ひよどり台店,
ICOCA,C7,5B905,ファミリーマート,高井田元町店,
ICOCA,C7,5B906,ファミリーマート,高井田元町店,
ICOCA,C7,5B949,ファミリーマート,出雲南本町店,
ICOCA,C7,5B94C,ファミリーマート+Aコープ,しんじ店,
ICOCA,C7,5B964,ファミリーマート,四条木屋町北店,
ICOCA,C7,5B998,ファミリーマート,四条猪熊店,
ICOCA,C7,5B999,ファミリーマート,四条猪熊店,
ICOCA,C7,5B9E6,ファミリーマート,京屋玉串元町店,
ICOCA,C7,5B9FE,ファミリーマート,峰中前店,
ICOCA,C7,5B9FF,ファミリーマート,峰中前店,
ICOCA,C7,5BA00,ファミリーマート,鶴見安田二丁目店,
ICOCA,C7,5BA01,ファミリーマート,鶴見安田二丁目店,
ICOCA,C7,5BA47,ファミリーマート,福井あがり店,
ICOCA,C7,5BA48,ファミリーマート,福井あがり店,
ICOCA,C7,5BA4E,ファミリーマート,福井森田店,
ICOCA,C7,5BA4F,ファミリーマート,福井森田店,
ICOCA,C7,5BA59,ファミリーマート,本町通り店,
ICOCA,C7,5BA5A,ファミリーマート,本町通り店,
ICOCA,C7,5BA65,ファミリーマート,金沢本町二丁目店,
ICOCA,C7,5BA8D,ファミリーマート,甲賀駅前店,
ICOCA,C7,5BA9B,ファミリーマート,射水新開発店,
ICOCA,C7,5BA9C,ファミリーマート,射水新開発店,
ICOCA,C7,5BAB3,ファミリーマート,鯖江丸山町店,
ICOCA,C7,5BAB4,ファミリーマート,鯖江丸山町店,
ICOCA,C7,5BACE,ファミリーマート,烏丸寺ノ内店,
ICOCA,C7,5BACF,ファミリーマート,烏丸寺ノ内店,
ICOCA,C7,5BB19,ファミリーマート,猿沢池店,
ICOCA,C7,5BB1A,ファミリーマート,猿沢池店,
ICOCA,C7,5BB1C,ファミリーマート,奈良大安寺店,
ICOCA,C7,5BB32,ファミリーマート,姫路広畑店,
ICOCA,C7,5BB33,ファミリーマート,姫路広畑店,
ICOCA,C7,5BB9B,ファミリーマート,大西天理東店,
ICOCA,C7,5BBA7,ファミリーマート,柏原清州店,
ICOCA,C7,5BBA8,ファミリーマート,柏原清州店,
ICOCA,C7,5BBD7,ファミリーマート,姫路勝原店,
ICOCA,C7,5BBD8,ファミリーマート,姫路勝原店,
ICOCA,C7,5BBDB,ファミリーマート,綾部駅前通店,
ICOCA,C7,5BBDC,ファミリーマート,綾部駅前通店,
ICOCA,C7,5BBDD,ファミリーマート,西神南店,
ICOCA,C7,5BBF3,ファミリーマート,豊中上津島店,
ICOCA,C7,5BBF4,ファミリーマート,豊中上津島店,
ICOCA,C7,5BBF6,ファミリーマート,針テラス店,
ICOCA,C7,5BBF7,ファミリーマート,針テラス店,
ICOCA,C7,5BBF8,ファミリーマート,針テラス店,
ICOCA,C7,5BC44,ファミリーマート,府中鵜飼店,
ICOCA,C7,5BC47,ファミリーマート,丸亀山北町店,
ICOCA,C7,5BC9F,ファミリーマート,府中元町店,
ICOCA,C7,5BCA0,ファミリーマート,奥出雲横田店,
ICOCA,C7,5BCD1,ファミリーマート,四条木屋町南店,
ICOCA,C7,5BCD9,ファミリーマート,桜井阿部店,
ICOCA,C7,5BCDA,ファミリーマート,桜井阿部店,
ICOCA,C7,5BCF0,ファミリーマート+薬ヒグチ,西陣北店,
ICOCA,C7,5BCF1,ファミリーマート+薬ヒグチ,西陣北店,
ICOCA,C7,5BCF2,ファミリーマート+薬ヒグチ,西陣北店,
ICOCA,C7,5BD19,ファミリーマート,明舞団地店,
ICOCA,C7,5BD34,ファミリーマート,高取清水谷店,
ICOCA,C7,5BD41,ファミリーマート,岩出紀泉台店,
ICOCA,C7,5BD47,ファミリーマート,京田辺興戸店,
ICOCA,C7,5BD4D,ファミリーマート,嵯峨野宮ノ元町店,
ICOCA,C7,5BD4E,ファミリーマート,嵯峨野宮ノ元町店,
ICOCA,C7,5BD6D,ファミリーマート,姫路大手前店,
ICOCA,C7,5BD6E,ファミリーマート,姫路大手前店,
ICOCA,C7,5BD9C,ファミリーマート,JR鳳駅前店,
ICOCA,C7,5BDEB,ファミリーマート,榛原駅前店,
ICOCA,C7,5BDEC,ファミリーマート,西夢前台五丁目店,
ICOCA,C7,5BDED,ファミリーマート,西夢前台五丁目店,
ICOCA,C7,5BE41,ファミリーマート,鶴橋店,
ICOCA,C7,5BE58,ファミリーマート+エムズドラッグ,大和高田店,
ICOCA,C7,5BE76,ファミリーマート,射水橋下条店,
ICOCA,C7,5BE77,ファミリーマート,射水橋下条店,
ICOCA,C7,5BE7A,ファミリーマート,神中8号店,
ICOCA,C7,5BEBE,ファミリーマート,日本バプテスト病院店,
ICOCA,C7,5BEBF,ファミリーマート,日本バプテスト病院店,
ICOCA,C7,5BEEC,ファミリーマート,伏見向島本丸店,
ICOCA,C7,5BEED,ファミリーマート,伏見向島本丸店,
ICOCA,C7,5BF13,ファミリーマート,近鉄東山駅前店,
ICOCA,C7,5BF14,ファミリーマート,近鉄東山駅前店,
ICOCA,C7,5BF4D,ファミリーマート,大原三千院店,
ICOCA,C7,5BF4E,ファミリーマート,大原三千院店,
ICOCA,C7,5BFB5,ファミリーマート,防府鋳物師町店,
ICOCA,C7,5C01D,ファミリーマート,姫路飾磨細江店,
ICOCA,C7,5C01E,ファミリーマート,姫路飾磨細江店,
ICOCA,C7,5C093,ファミリーマート,羽衣駅西店,
ICOCA,C7,5C094,ファミリーマート,羽衣駅西店,
ICOCA,C7,5C098,ファミリーマート,新今宮駅北店,
ICOCA,C7,5C09C,ファミリーマート,奈良二条大路店,
ICOCA,C7,5C09D,ファミリーマート,奈良二条大路店,
ICOCA,C7,5C0A6,ファミリーマート,かつらぎ笠田店,
ICOCA,C7,5C0BB,ファミリーマート,近鉄布施駅前店,
ICOCA,C7,5C0D2,ファミリーマート,浜田一丁目店,
ICOCA,C7,5C0D3,ファミリーマート,浜田一丁目店,
ICOCA,C7,5C0E4,ファミリーマート,伊予上野店,
ICOCA,C7,5C107,ファミリーマート,白山中町店,
ICOCA,C7,5C108,ファミリーマート,白山中町店,
ICOCA,C7,5C117,ファミリーマート,大山町田畠店,
ICOCA,C7,5C118,ファミリーマート,大山町田畠店,
ICOCA,C7,5C2CE,イズミヤ,白梅町店,
ICOCA,C7,5C2CF,イズミヤ,白梅町店,
ICOCA,C7,5C2D0,イズミヤ,白梅町店,
ICOCA,C7,5C2D1,イズミヤ,白梅町店,
ICOCA,C7,5C2D2,イズミヤ,白梅町店,
ICOCA,C7,5C2D3,イズミヤ,白梅町店,
ICOCA,C7,5C2D4,イズミヤ,白梅町店,
ICOCA,C7,5C2D5,イズミヤ,白梅町店,
ICOCA,C7,5C2D6,イズミヤ,白梅町店,
ICOCA,C7,5C3C4,#デイリーカナート#イズミヤ,堀川丸太町店,
ICOCA,C7,5C3C5,#デイリーカナート#イズミヤ,堀川丸太町店,
ICOCA,C7,5C3C9,#デイリーカナート#イズミヤ,堀川丸太町店,
ICOCA,C7,5C418,セブン‐イレブン,京都松原麩屋町店,
ICOCA,C7,5C419,セブン‐イレブン,京都松原麩屋町店,
ICOCA,C7,5C452,ファミリーマート,木津梅美台店,
ICOCA,C7,5C453,ファミリーマート,木津梅美台店,
ICOCA,C7,5C456,ファミリーマート,木津大谷店,
ICOCA,C7,5C457,ファミリーマート,木津大谷店,
ICOCA,C7,5C45B,ファミリーマート,木津川相楽店,
ICOCA,C7,5C45C,ファミリーマート,木津川相楽店,
ICOCA,C7,5C45E,ファミリーマート,六地蔵駅前店,
ICOCA,C7,5C45F,ファミリーマート,六地蔵駅前店,
ICOCA,C7,5C488,ファミリーマート,和歌山中之島水道路店,
ICOCA,C7,5C489,ファミリーマート,和歌山中之島水道路店,
ICOCA,C7,5C493,ファミリーマート,ポートライナー三宮店,
ICOCA,C7,5C494,ファミリーマート,ポートライナー三宮店,
ICOCA,C7,5C4A8,ファミリーマート,総社美袋店,
ICOCA,C7,5C4B1,ファミリーマート,広島松原町店,
ICOCA,C7,5C50C,ファミリーマート,太子店,
ICOCA,C7,5C52D,ファミリーマート,なんば楽座店,
ICOCA,C7,5C543,ファミリーマート,舞鶴円満寺店,
ICOCA,C7,5C544,ファミリーマート,舞鶴円満寺店,
ICOCA,C7,5C55B,ファミリーマート,舞鶴南田辺店,
ICOCA,C7,5C55C,ファミリーマート,舞鶴南田辺店,
ICOCA,C7,5C5E9,ファミリーマート,高須駅前店,
ICOCA,C7,5C5EA,ファミリーマート,高須駅前店,
ICOCA,C7,5C5F0,ファミリーマート,山口泉都町店,
ICOCA,C7,5C5F1,ファミリーマート,山口泉都町店,
ICOCA,C7,5C5F2,ファミリーマート,生駒辻町店,
ICOCA,C7,5C5F3,ファミリーマート,生駒辻町店,
ICOCA,C7,5C606,ファミリーマート,宝ヶ池店,
ICOCA,C7,5C607,ファミリーマート,宝ヶ池店,
ICOCA,C7,5C62E,ファミリーマート,嵯峨嵐山駅北口店,
ICOCA,C7,5C62F,ファミリーマート,嵯峨嵐山駅北口店,
ICOCA,C7,5C635,ファミリーマート,中新開二丁目店,
ICOCA,C7,5C636,ファミリーマート,中新開二丁目店,
ICOCA,C7,5C639,ファミリーマート,奈良大森町店,
ICOCA,C7,5C63A,ファミリーマート,奈良大森町店,
ICOCA,C7,5C650,ファミリーマート,近鉄西大寺駅3番ホーム店,
ICOCA,C7,5C652,ファミリーマート,近鉄奈良駅改札内店,
ICOCA,C7,5C653,ファミリーマート,近鉄奈良駅改札内店,
ICOCA,C7,5C654,ファミリーマート,近鉄奈良駅改札内店,
ICOCA,C7,5C65C,ファミリーマート,近鉄生駒駅改札外橋上店,
ICOCA,C7,5C65E,ファミリーマート,近鉄八木駅3番ホーム店,
ICOCA,C7,5C65F,ファミリーマート,近鉄生駒駅改札内橋上店,
ICOCA,C7,5C660,ファミリーマート,近鉄生駒駅改札内橋上店,
ICOCA,C7,5C661,ファミリーマート,近鉄生駒駅改札内橋上店,
ICOCA,C7,5C664,ファミリーマート,近鉄八尾駅中央改札外店,
ICOCA,C7,5C66B,ファミリーマート,近鉄瓢箪山駅改札外橋上店,
ICOCA,C7,5C66C,ファミリーマート,近鉄瓢箪山駅改札外橋上店,
ICOCA,C7,5C679,ファミリーマート,近鉄難波駅東改札内店,
ICOCA,C7,5C68A,ファミリーマート,近鉄京都駅3番ホーム前店,
ICOCA,C7,5C68B,ファミリーマート,近鉄京都駅3番ホーム前店,
ICOCA,C7,5C68D,ファミリーマート,近鉄向島駅改札内橋上店,
ICOCA,C7,5C692,ファミリーマート,近鉄日本橋駅改札内中央店,
ICOCA,C7,5C693,ファミリーマート,近鉄日本橋駅改札内中央店,
ICOCA,C7,5C6A2,ファミリーマート,舞鶴天台店,
ICOCA,C7,5C6EE,ファミリーマート,MYS大国町駅前店,
ICOCA,C7,5C710,ファミリーマート,近鉄藤井寺駅改札外橋上店,
ICOCA,C7,5C742,ファミリーマート,福知山東羽合店,
ICOCA,C7,5C751,ファミリーマート,鶴橋駅前店,
ICOCA,C7,5C756,ファミリーマート,新今宮駅東店,
ICOCA,C7,5C757,ファミリーマート,新今宮駅東店,
ICOCA,C7,5C781,ファミリーマート,阿南富岡店,
ICOCA,C7,5C782,ファミリーマート,阿南富岡店,
ICOCA,C7,5C789,ファミリーマート,下関あるかぽーと店,
ICOCA,C7,5C78A,ファミリーマート,下関あるかぽーと店,
ICOCA,C7,5C78B,ファミリーマート,下関あるかぽーと店,
ICOCA,C7,5C7A1,ファミリーマート,防府八王子店,
ICOCA,C7,5C7A2,ファミリーマート,防府八王子店,
ICOCA,C7,5C7A6,ファミリーマート,高松松島町店,
ICOCA,C7,5C7AD,ファミリーマート,野市町店,
ICOCA,C7,5C7B5,ファミリーマート+エムズドラッグ,学園大和店,
ICOCA,C7,5C7BC,ファミリーマート,和歌山中之島店,
ICOCA,C7,5C7C0,ファミリーマート,山城上狛店,
ICOCA,C7,5C7C1,ファミリーマート,山城上狛店,
ICOCA,C7,5C7F8,ファミリーマート,下関大和町一丁目店,
ICOCA,C7,5C80F,ファミリーマート,近鉄大阪上本町駅店,
ICOCA,C7,5C890,ファミリーマート,七条堀川店,
ICOCA,C7,5C891,ファミリーマート,七条堀川店,
ICOCA,C7,5C8B1,ファミリーマート,和歌山禰宜店,
ICOCA,C7,5C8C2,ファミリーマート,日和佐店,
ICOCA,C7,5C8C3,ファミリーマート,日和佐店,
ICOCA,C7,5C8F6,ファミリーマート,たつの門前西店,
ICOCA,C7,5C8F7,ファミリーマート,たつの門前西店,
ICOCA,C7,5C90B,ファミリーマート,四条河原町店,
ICOCA,C7,5C90C,ファミリーマート,四条河原町店,
ICOCA,C7,5C910,ファミリーマート,心斎橋駅前店,
ICOCA,C7,5C94A,ファミリーマート,南国前浜店,
ICOCA,C7,5C959,ファミリーマート,福川南町店,
ICOCA,C7,5C95A,ファミリーマート,福川南町店,
ICOCA,C7,5C988,ファミリーマート,難波千日前通店,
ICOCA,C7,5C996,ファミリーマート,近鉄高の原駅改札内橋上店,
ICOCA,C7,5C999,ファミリーマート,近鉄学園前駅2番ホーム中央店,
ICOCA,C7,5C99A,ファミリーマート,近鉄学園前駅2番ホーム中央店,
ICOCA,C7,5C99B,ファミリーマート,近鉄学園前駅2番ホーム中央店,
ICOCA,C7,5C99C,ファミリーマート,近鉄富雄駅ホーム店,
ICOCA,C7,5C99D,ファミリーマート,近鉄富雄駅ホーム店,
ICOCA,C7,5C9A1,ファミリーマート,近鉄阿部野橋駅西改札内店,
ICOCA,C7,5C9A7,ファミリーマート,近鉄鶴橋駅東3階店,
ICOCA,C7,5C9A8,ファミリーマート,近鉄鶴橋駅東3階店,
ICOCA,C7,5C9A9,ファミリーマート,近鉄鶴橋駅東3階店,
ICOCA,C7,5C9AA,ファミリーマート,近鉄鶴橋駅東3階店,
ICOCA,C7,5C9AC,ファミリーマート,近鉄新田辺駅改札外橋上店,
ICOCA,C7,5C9B0,ファミリーマート,近鉄阿部野橋駅地下中改札内店,
ICOCA,C7,5C9BA,ファミリーマート,柳屋生田新道店,
ICOCA,C7,5C9DA,ファミリーマート,高砂米田店,
ICOCA,C7,5C9E1,ファミリーマート,今宿北店,
ICOCA,C7,5C9E9,ファミリーマート,JR四条畷駅西口店,
ICOCA,C7,5C9F4,ファミリーマート,湊川駅前店,
ICOCA,C7,5CA2C,ファミリーマート+Aコープ,西城店,
ICOCA,C7,5CA41,ファミリーマート,福知山荒河店,
ICOCA,C7,5CA42,ファミリーマート,福知山荒河店,
ICOCA,C7,5CA84,ファミリーマート,大阪空港前店,
ICOCA,C7,5CC6E,ファミリーマート,アパホテル御堂筋本町駅タワー店,
ICOCA,C7,5CCFD,ファミリーマート,高知市役所店,
ICOCA,C7,5CD00,ファミリーマート,木津駅前店,
ICOCA,C7,5CD01,ファミリーマート,木津駅前店,
ICOCA,C7,5CF47,ファミリーマート,神中2丁目店,
ICOCA,C7,5CF63,ファミリーマート,伏木古府店,
ICOCA,C7,5CF64,ファミリーマート,伏木古府店,
ICOCA,C7,5CF7A,ファミリーマート,小松城南店,
ICOCA,C7,5CF7B,ファミリーマート,小松城南店,
ICOCA,C7,5CFA8,ファミリーマート,南条店,
ICOCA,C7,5CFA9,ファミリーマート,南条店,
ICOCA,C7,5CFD1,ファミリーマート,奈良法蓮店,
ICOCA,C7,5CFD2,ファミリーマート,奈良法蓮店,
ICOCA,C7,5CFE1,ファミリーマート,奈良中山町店,
ICOCA,C7,5CFE5,ファミリーマート,那智勝浦店,
ICOCA,C7,5D092,ファミリーマート,高松北バイパス店,
ICOCA,C7,5D09F,ファミリーマート,西条横黒店,
ICOCA,C7,5D0A0,ファミリーマート,西条横黒店,
ICOCA,C7,5D0C5,ファミリーマート,栗林公園前店,
ICOCA,C7,5D11A,ファミリーマート,松山石手二丁目店,
ICOCA,C7,5D11B,ファミリーマート,松山石手二丁目店,
ICOCA,C7,5D14E,ファミリーマート,京阪藤森駅前店,
ICOCA,C7,5D14F,ファミリーマート,京阪藤森駅前店,
ICOCA,C7,5D15F,ファミリーマート,北山通小山元町店,
ICOCA,C7,5D160,ファミリーマート,北山通小山元町店,
ICOCA,C7,5D16F,ファミリーマート,太秦西蜂岡町店,
ICOCA,C7,5D174,ファミリーマート,生駒西白庭台店,
ICOCA,C7,5D175,ファミリーマート,生駒西白庭台店,
ICOCA,C7,5D18D,ファミリーマート,斑鳩法隆寺南店,
ICOCA,C7,5D1B6,ファミリーマート,ならやま大通り店,
ICOCA,C7,5D1B7,ファミリーマート,ならやま大通り店,
ICOCA,C7,5D1E0,ファミリーマート,米子昭和町店,
ICOCA,C7,5D24C,ファミリーマート,小浜遠敷店,
ICOCA,C7,5D251,ファミリーマート,小松沖町店,
ICOCA,C7,5D252,ファミリーマート,小松沖町店,
ICOCA,C7,5D258,ファミリーマート,高岡駅南一丁目店,
ICOCA,C7,5D259,ファミリーマート,高岡駅南一丁目店,
ICOCA,C7,5D264,ファミリーマート,小浜伏原店,
ICOCA,C7,5D26F,ファミリーマート,富山西インター店,
ICOCA,C7,5D270,ファミリーマート,富山西インター店,
ICOCA,C7,5D27B,ファミリーマート,射水作道店,
ICOCA,C7,5D298,ファミリーマート,鯖江ひまわり通り店,
ICOCA,C7,5D299,ファミリーマート,鯖江ひまわり通り店,
ICOCA,C7,5D29C,ファミリーマート,富山大町店,
ICOCA,C7,5D29D,ファミリーマート,富山大町店,
ICOCA,C7,5D29E,ファミリーマート,氷見漁港前店,
ICOCA,C7,5D2A8,ファミリーマート,JR太秦駅前店,
ICOCA,C7,5D2A9,ファミリーマート,JR太秦駅前店,
ICOCA,C7,5D2C7,ファミリーマート,長者亀屋町店,
ICOCA,C7,5D2E3,ファミリーマート,黒部宇奈月店,
ICOCA,C7,5D2E4,ファミリーマート,黒部宇奈月店,
ICOCA,C7,5D304,ファミリーマート,富山総曲輪店,
ICOCA,C7,5D305,ファミリーマート,富山総曲輪店,
ICOCA,C7,5D306,ファミリーマート,富山総曲輪店,
ICOCA,C7,5D31C,ファミリーマート,奈良藤ノ木台店,
ICOCA,C7,5D31D,ファミリーマート,奈良藤ノ木台店,
ICOCA,C7,5D383,ファミリーマート,田辺つぶり坂店,
ICOCA,C7,5D3A1,ファミリーマート,四条西洞院店,
ICOCA,C7,5D3A2,ファミリーマート,四条西洞院店,
ICOCA,C7,5D3A3,ファミリーマート,四条西洞院店,
ICOCA,C7,5D3A6,ファミリーマート,四条東洞院店,
ICOCA,C7,5D3A7,ファミリーマート,四条東洞院店,
ICOCA,C7,5D3AA,ファミリーマート,四条大宮店,
ICOCA,C7,5D3AB,ファミリーマート,四条大宮店,
ICOCA,C7,5D3B3,ファミリーマート,橿原四条店,
ICOCA,C7,5D3B4,ファミリーマート,橿原四条店,
ICOCA,C7,5D3C8,ファミリーマート,今治郷桜井三丁目店,
ICOCA,C7,5D3C9,ファミリーマート,今治郷桜井三丁目店,
ICOCA,C7,5D411,ファミリーマート,倉吉駅前通り店,
ICOCA,C7,5D412,ファミリーマート,倉吉駅前通り店,
ICOCA,C7,5D417,ファミリーマート,JAいずも西出雲店,
ICOCA,C7,5D41A,ファミリーマート,高知御座店,
ICOCA,C7,5D41B,ファミリーマート,高知御座店,
ICOCA,C7,5D435,ファミリーマート,奥出雲三成店,
ICOCA,C7,5D43B,ファミリーマート,下松生野屋南店,
ICOCA,C7,5D463,ファミリーマート,広陵みささぎ台店,
ICOCA,C7,5D464,ファミリーマート,広陵みささぎ台店,
ICOCA,C7,5D479,ファミリーマート,姫路みゆき通店,
ICOCA,C7,5D47A,ファミリーマート,姫路みゆき通店,
ICOCA,C7,5D47B,ファミリーマート,浜の宮駅前店,
ICOCA,C7,5D47C,ファミリーマート,浜の宮駅前店,
ICOCA,C7,5D47D,ファミリーマート,京都今出川針屋町店,
ICOCA,C7,5D47E,ファミリーマート,京都今出川針屋町店,
ICOCA,C7,5D4A6,ファミリーマート,武佐北店,
ICOCA,C7,5D4A7,ファミリーマート,武佐北店,
ICOCA,C7,5D4DA,ファミリーマート,高知北本町店,
ICOCA,C7,5D504,ファミリーマート,千本三条店,
ICOCA,C7,5D505,ファミリーマート,千本三条店,
ICOCA,C7,5D528,ファミリーマート,鯖江河和田店,
ICOCA,C7,5D529,ファミリーマート,鯖江河和田店,
ICOCA,C7,5D52A,ファミリーマート,福井二の宮五丁目店,
ICOCA,C7,5D52B,ファミリーマート,福井二の宮五丁目店,
ICOCA,C7,5D560,ファミリーマート,大沢野笹津店,
ICOCA,C7,5D567,ファミリーマート,近鉄筒井駅前店,
ICOCA,C7,5D568,ファミリーマート,近鉄筒井駅前店,
ICOCA,C7,5D5F6,マクドナルド,さんすて岡山店,
ICOCA,C7,5D5F8,マクドナルド,さんすて岡山店,
ICOCA,C7,5D5F9,マクドナルド,さんすて岡山店,
ICOCA,C7,5D626,ファミリーマート,西小路天神川店,
ICOCA,C7,5D627,ファミリーマート,西小路天神川店,
ICOCA,C7,5D63D,ファミリーマート,大正駅前店,
ICOCA,C7,5D655,ファミリーマート,勝浦下里店,
ICOCA,C7,5D67B,ファミリーマート,広島金屋町店,
ICOCA,C7,5D681,ファミリーマート,南船場二丁目店,
ICOCA,C7,5D682,ファミリーマート,南船場二丁目店,
ICOCA,C7,5D68D,ファミリーマート,烏丸六角店,
ICOCA,C7,5D68E,ファミリーマート,烏丸六角店,
ICOCA,C7,5D68F,ファミリーマート,烏丸六角店,
ICOCA,C7,5D6BE,ファミリーマート,河原町蛸薬師店,
ICOCA,C7,5D6BF,ファミリーマート,河原町蛸薬師店,
ICOCA,C7,5D6DD,ファミリーマート,大原古町店,
ICOCA,C7,5D6E0,ファミリーマート,三宮店,
ICOCA,C7,5D707,ファミリーマート,立命館大学前店,
ICOCA,C7,5D708,ファミリーマート,立命館大学前店,
ICOCA,C7,5D709,ファミリーマート,立命館大学前店,
ICOCA,C7,5D75C,ファミリーマート,京都原谷店,
ICOCA,C7,5D75D,ファミリーマート,京都原谷店,
ICOCA,C7,5D766,ファミリーマート,大津ひえい平店,
ICOCA,C7,5D767,ファミリーマート,大津ひえい平店,
ICOCA,C7,5D799,ファミリーマート,新長田駅北店,
ICOCA,C7,5D7B2,ファミリーマート,近鉄京都駅店,
ICOCA,C7,5D7B3,ファミリーマート,近鉄京都駅店,
ICOCA,C7,5D7B4,ファミリーマート,近鉄京都駅店,
ICOCA,C7,5D7B5,ファミリーマート,近鉄京都駅店,
ICOCA,C7,5D814,ファミリーマート,白山美川中町店,
ICOCA,C7,5D815,ファミリーマート,白山美川中町店,
ICOCA,C7,5D839,ファミリーマート,福井県庁前店,
ICOCA,C7,5D83A,ファミリーマート,福井県庁前店,
ICOCA,C7,5D83C,ファミリーマート,米原駅西店,
ICOCA,C7,5D83D,ファミリーマート,米原駅西店,
ICOCA,C7,5D84A,ファミリーマート,栗東手原店,
ICOCA,C7,5D854,ファミリーマート,京都七条本町店,
ICOCA,C7,5D855,ファミリーマート,京都七条本町店,
ICOCA,C7,5D857,ファミリーマート,京都一乗寺店,
ICOCA,C7,5D85A,ファミリーマート,河原町丸太町店,
ICOCA,C7,5D85B,ファミリーマート,河原町丸太町店,
ICOCA,C7,5D875,ファミリーマート,日本橋二丁目店,
ICOCA,C7,5D8D0,ファミリーマート,なんばウォーク店,
ICOCA,C7,5D90F,ファミリーマート,奈良宝来店,
ICOCA,C7,5D910,ファミリーマート,奈良宝来店,
ICOCA,C7,5D913,ファミリーマート,葛城八川店,
ICOCA,C7,5D915,ファミリーマート,新宮千穂三丁目店,
ICOCA,C7,5D93F,ファミリーマート,姫路高浜店,
ICOCA,C7,5D940,ファミリーマート,姫路高浜店,
ICOCA,C7,5D947,ファミリーマート,揖保川原店,
ICOCA,C7,5D948,ファミリーマート,揖保川原店,
ICOCA,C7,5D949,ファミリーマート,たつの山津屋店,
ICOCA,C7,5D94A,ファミリーマート,たつの山津屋店,
ICOCA,C7,5D9C5,ファミリーマート,よさこい咲都店,
ICOCA,C7,5D9C7,ファミリーマート,ほにや帯屋町店,
ICOCA,C7,5D9D6,ファミリーマート,心斎橋店,
ICOCA,C7,5DA2D,ファミリーマート,新大阪駅東口店,
ICOCA,C7,5DA9B,ファミリーマート,姫路駅南店,
ICOCA,C7,5DA9C,ファミリーマート,姫路駅南店,
ICOCA,C7,5DB23,ファミリーマート,高松磨屋町店,
ICOCA,C7,5DB24,ファミリーマート,高松磨屋町店,
ICOCA,C7,5DB25,ファミリーマート,高松磨屋町店,
ICOCA,C7,5DB45,ファミリーマート,広島ロイネット店,
ICOCA,C7,5DB48,ファミリーマート,小町店,
ICOCA,C7,5DB5D,ファミリーマート,近鉄あやめ池駅前店,
ICOCA,C7,5DB86,ファミリーマート,福知山広峯町店,
ICOCA,C7,5DB87,ファミリーマート,福知山広峯町店,
ICOCA,C7,5DBAA,ファミリーマート,石山駅前店,
ICOCA,C7,5DBBB,ファミリーマート,城崎温泉店,
ICOCA,C7,5DBC6,ファミリーマート,京阪三条店,
ICOCA,C7,5DBC7,ファミリーマート,京阪三条店,
ICOCA,C7,5DBF1,ファミリーマート,相生向陽台店,
ICOCA,C7,5DBF2,ファミリーマート,相生向陽台店,
ICOCA,C7,5DC1E,ファミリーマート,高井田本通店,
ICOCA,C7,5DC1F,ファミリーマート,高井田本通店,
ICOCA,C7,5DC29,ファミリーマート,宮津天橋立インター店,
ICOCA,C7,5DC2A,ファミリーマート,宮津天橋立インター店,
ICOCA,C7,5DC37,ファミリーマート,山陽網干駅北店,
ICOCA,C7,5DC38,ファミリーマート,山陽網干駅北店,
ICOCA,C7,5DC41,ファミリーマート,近鉄天理駅前店,
ICOCA,C7,5DC42,ファミリーマート,近鉄天理駅前店,
ICOCA,C7,5DC43,ファミリーマート,近鉄天理駅前店,
ICOCA,C7,5DC70,ファミリーマート,草津かがやき通り店,
ICOCA,C7,5DC73,ファミリーマート,葛城忍海店,
ICOCA,C7,5DCC9,ファミリーマート,松尾大社前店,
ICOCA,C7,5DCCA,ファミリーマート,松尾大社前店,
ICOCA,C7,5DCD5,ファミリーマート,中登美ヶ丘六丁目店,
ICOCA,C7,5DD02,ファミリーマート,生駒上町店,
ICOCA,C7,5DD03,ファミリーマート,生駒上町店,
ICOCA,C7,5DD17,ファミリーマート,相生文化会館前店,
ICOCA,C7,5DD18,ファミリーマート,相生文化会館前店,
ICOCA,C7,5DD2A,ファミリーマート,東大阪御厨栄町店,
ICOCA,C7,5DD2B,ファミリーマート,東大阪御厨栄町店,
ICOCA,C7,5DD3D,ファミリーマート,赤穂新田店,
ICOCA,C7,5DD40,ファミリーマート,橋本古佐田店,
ICOCA,C7,5DD42,ファミリーマート,天理九条町店,
ICOCA,C7,5DD43,ファミリーマート,天理九条町店,
ICOCA,C7,5DD44,ファミリーマート,姫路塩町店,
ICOCA,C7,5DD45,ファミリーマート,姫路塩町店,
ICOCA,C7,5DD50,ファミリーマート,郡山白土店,
ICOCA,C7,5DD51,ファミリーマート,郡山白土店,
ICOCA,C7,5DD61,ファミリーマート,近鉄筒井駅改札前店,
ICOCA,C7,5DD71,ファミリーマート,加古川別府西脇店,
ICOCA,C7,5DD91,ファミリーマート,大昌千日前店,
ICOCA,C7,5DD94,ファミリーマート,北白川店,
ICOCA,C7,5DD95,ファミリーマート,北白川店,
ICOCA,C7,5DDA7,ファミリーマート,四条堺町店,
ICOCA,C7,5DDA8,ファミリーマート,四条堺町店,
ICOCA,C7,5DDA9,ファミリーマート,四条堺町店,
ICOCA,C7,5DDB4,ファミリーマート,長堀橋駅北店,
ICOCA,C7,5DDB5,ファミリーマート,長堀橋駅北店,
ICOCA,C7,5DDB6,ファミリーマート,長堀橋駅北店,
ICOCA,C7,5DDE3,ファミリーマート,本町四丁目店,
ICOCA,C7,5DDF0,ファミリーマート,境港竹内町店,
ICOCA,C7,5DE17,ファミリーマート,府中町新地店,
ICOCA,C7,5DE42,ファミリーマート,宇品神田店,
ICOCA,C7,5DE44,ファミリーマート,高松丸亀町店,
ICOCA,C7,5DE45,ファミリーマート,高松丸亀町店,
ICOCA,C7,5DE4F,ファミリーマート,羽衣駅東店,
ICOCA,C7,5DE50,ファミリーマート,羽衣駅東店,
ICOCA,C7,5DE56,ファミリーマート,大津におの浜店,
ICOCA,C7,5DE57,ファミリーマート,大津におの浜店,
ICOCA,C7,5DE58,ファミリーマート,山科区役所前店,
ICOCA,C7,5DE59,ファミリーマート,山科区役所前店,
ICOCA,C7,5DE5B,ファミリーマート,五条大宮店,
ICOCA,C7,5DE5C,ファミリーマート,五条大宮店,
ICOCA,C7,5DE69,ファミリーマート,有馬富士南店,
ICOCA,C7,5DE88,ファミリーマート,大津膳所駅前店,
ICOCA,C7,5DE89,ファミリーマート,大津膳所駅前店,
ICOCA,C7,5DEA1,ファミリーマート,姫路飾磨今在家店,
ICOCA,C7,5DEA2,ファミリーマート,姫路飾磨今在家店,
ICOCA,C7,5DEA3,ファミリーマート,京都西七条店,
ICOCA,C7,5DEA4,ファミリーマート,京都西七条店,
ICOCA,C7,5DF16,ファミリーマート,金沢本町店,
ICOCA,C7,5DF17,ファミリーマート,金沢本町店,
ICOCA,C7,5DF18,ファミリーマート,金沢本町店,
ICOCA,C7,5DF19,ファミリーマート,福井駅前店,
ICOCA,C7,5DF48,ファミリーマート,七尾田鶴浜店,
ICOCA,C7,5DF57,ファミリーマート,山王動物園前店,
ICOCA,C7,5DF58,ファミリーマート,山王動物園前店,
ICOCA,C7,5E01A,ファミリーマート,中之島三井ビルディング店,
ICOCA,C7,5E055,ファミリーマート,松山空港店,
ICOCA,C7,5E057,ファミリーマート,高知インター南店,
ICOCA,C7,5E058,ファミリーマート,高知インター南店,
ICOCA,C7,5E09E,ファミリーマート,桜井薬師町店,
ICOCA,C7,5E09F,ファミリーマート,桜井薬師町店,
ICOCA,C7,5E0AB,ファミリーマート,西中島七丁目店,
ICOCA,C7,5E0BC,ファミリーマート,山陽別府駅前店,
ICOCA,C7,5E0CD,ファミリーマート,綾小路東洞院店,
ICOCA,C7,5E0CE,ファミリーマート,綾小路東洞院店,
ICOCA,C7,5E0F2,ファミリーマート,東岡山駅前店,
ICOCA,C7,5E0F3,ファミリーマート,東岡山駅前店,
ICOCA,C7,5E102,ファミリーマート+薬ヒグチ,JR京橋駅東店,
ICOCA,C7,5E11B,ファミリーマート,伏見片原町店,
ICOCA,C7,5E11C,ファミリーマート,伏見片原町店,
ICOCA,C7,5E12A,ファミリーマート,智頭町店,
ICOCA,C7,5E12B,ファミリーマート,智頭町店,
ICOCA,C7,5E135,ファミリーマート,高知本町三丁目店,
ICOCA,C7,5E162,ファミリーマート,スバルJR新大阪駅前店,
ICOCA,C7,5E178,ファミリーマート,三国駅北口店,
ICOCA,C7,5E179,ファミリーマート,三国駅北口店,
ICOCA,C7,5E17E,ファミリーマート,近鉄学園前駅店,
ICOCA,C7,5E17F,ファミリーマート,近鉄学園前駅店,
ICOCA,C7,5E180,ファミリーマート,近鉄学園前駅店,
ICOCA,C7,5E181,ファミリーマート,近鉄学園前駅店,
ICOCA,C7,5E1BA,ファミリーマート,みなべ海岸前店,
ICOCA,C7,5E1D6,セブン‐イレブン,出雲市駅北店,
ICOCA,C7,5E346,ファミリーマート,神戸空港店,
ICOCA,C7,5E347,ファミリーマート,神戸空港店,
ICOCA,C7,5E348,ファミリーマート,神戸空港店,
ICOCA,C7,5E34A,おみやげ街道+セブン‐イレブン,さんすて岡山店,
ICOCA,C7,5E37F,セブン‐イレブン,キヨスクJR米原駅改札口店,
ICOCA,C7,5E380,セブン‐イレブン,キヨスクJR米原駅改札口店,
ICOCA,C7,5E389,ファミリーマート,奈良県コンベンションセンター店,
ICOCA,C7,5E393,セブン‐イレブン,ハートインエキエ広島新幹線口店,
ICOCA,C7,5E3A2,セブン‐イレブン,ハートインエキエ広島新幹線口店,
ICOCA,C7,5E3A3,セブン‐イレブン,ハートインエキエ広島新幹線口店,
ICOCA,C7,5E62B,マクドナルド,富山駅店,
ICOCA,C7,5E67B,セブン‐イレブン,泉北高速光明池駅店,
ICOCA,C7,5E67C,セブン‐イレブン,泉北高速光明池駅店,
ICOCA,C7,5E67D,セブン‐イレブン,泉北高速光明池駅店,
ICOCA,C7,5E67E,セブン‐イレブン,泉北高速光明池駅店,
ICOCA,C7,5E8F4,おみやげ街道+セブン‐イレブン,宮島口ターミナル店,
ICOCA,C7,5EB9D,ファミリーマート,鳥取駅南店,
ICOCA,C7,5EB9E,ファミリーマート,鳥取駅南店,
ICOCA,C7,5ED50,ファミリーマート,阪急淡路駅前店,
ICOCA,C7,5ED51,ファミリーマート,阪急淡路駅前店,
ICOCA,C7,5ED54,ファミリーマート,近鉄西大寺駅改札内橋上店,
ICOCA,C7,5ED55,ファミリーマート,近鉄西大寺駅改札内橋上店,
ICOCA,C7,5ED56,ファミリーマート,近鉄西大寺駅改札内橋上店,
ICOCA,C7,5ED57,ファミリーマート,近鉄西大寺駅改札内橋上店,
ICOCA,C7,5ED5A,ファミリーマート,近鉄西大寺駅改札外橋上店,
ICOCA,C7,5ED5B,ファミリーマート,近鉄西大寺駅改札外橋上店,
ICOCA,C7,5ED5C,ファミリーマート,近鉄西大寺駅改札外橋上店,
ICOCA,C7,5EEE4,ファミリーマート,萱島駅前店,
ICOCA,C7,5FBEF,ファミリーマート,京都タワー前店,
ICOCA,C7,5FBF0,ファミリーマート,京都タワー前店,
ICOCA,C7,5FBF1,ファミリーマート,京都タワー前店,
ICOCA,C7,5FBF2,ファミリーマート,京都タワー前店,
ICOCA,C7,5FBFB,セブン‐イレブン,福知山駅前町店,
ICOCA,C7,5FC03,ファミリーマート,田辺東陽店,
ICOCA,C7,5FC0B,ファミリーマート,田辺新庄店,
ICOCA,C7,60088,ファミリーマート,高知東道路店,
ICOCA,C7,60130,マクドナルド,十三西口店,
ICOCA,C7,60154,セブン‐イレブン,ハートインJR梅小路京都西駅前店,
ICOCA,C7,60155,セブン‐イレブン,ハートインJR梅小路京都西駅前店,
ICOCA,C7,60188,ファミリーマート,小松長崎町店,
ICOCA,C7,60189,ファミリーマート,小松長崎町店,
ICOCA,C7,604C4,MOVIX,周南,
ICOCA,C7,60520,ファミリーマート,岡山美咲町店,
ICOCA,C7,60534,ドトールコーヒーショップ,京橋駅北口店,
ICOCA,C7,605B4,セブン‐イレブン,三次八次店,
ICOCA,C7,605BF,セブン‐イレブン,広島庚午北1丁目店,
ICOCA,C7,605DB,セブン‐イレブン,ハートインJR新大阪駅東改札口店,
ICOCA,C7,606BE,ドトールコーヒーショップ,奈良コトモール店,
ICOCA,C7,60714,マクドナルド,備後府中店,
ICOCA,C7,61173,ファミリーマート,串本駅前店,
ICOCA,C7,61182,ファミリーマート,加賀大聖寺南町店,
ICOCA,C7,61183,ファミリーマート,加賀大聖寺南町店,
ICOCA,C7,6118B,ファミリーマート,舞子駅前店,
ICOCA,C7,61239,ジョーシン,京都1ばん館,
ICOCA,C7,6130F,ジョーシン,太子店,
ICOCA,C7,61546,ジョーシン,富雄南イオンタウン店,
ICOCA,C7,615A2,ジョーシン,太子店,
ICOCA,C7,61807,セブン‐イレブン,京都御所南店,
ICOCA,C7,61808,セブン‐イレブン,京都御所南店,
ICOCA,C7,6180B,セブン‐イレブン,広島井口5丁目店,
ICOCA,C7,6181D,セブン‐イレブン,姫路天神2丁目店,
ICOCA,C7,6181F,セブン‐イレブン,姫路天神2丁目店,
ICOCA,C7,61845,セブン‐イレブン,伏見稲荷駅南店,
ICOCA,C7,61846,セブン‐イレブン,伏見稲荷駅南店,
ICOCA,C7,61BD2,ファミリーマート,たつの富永店,
ICOCA,C7,61BD3,ファミリーマート,たつの富永店,
ICOCA,C7,61E7C,セブン‐イレブン,海南インター前店,
ICOCA,C7,61E7D,セブン‐イレブン,海南インター前店,
ICOCA,C7,61E97,ファミリーマート,福井江端店,
ICOCA,C7,61E98,ファミリーマート,福井江端店,
ICOCA,C7,61EBC,ファミリーマート,奈良三条檜町店,
ICOCA,C7,61FEE,マクドナルド,防府店,
ICOCA,C7,62049,マクドナルド,王寺りーべる店,
ICOCA,C7,6204A,マクドナルド,王寺りーべる店,
ICOCA,C7,620A7,セブン‐イレブン,ハートインヴィアイン大阪京橋店,
ICOCA,C7,62FE9,セブン‐イレブン,京都太秦下刑部町店,
ICOCA,C7,62FEB,セブン‐イレブン,京都太秦下刑部町店,
ICOCA,C7,630B1,ファミリーマート,姫路朝日谷店,
ICOCA,C7,630B2,ファミリーマート,姫路朝日谷店,
ICOCA,C7,630B6,セブン‐イレブン,ハートインJR山科駅前店,
ICOCA,C7,630B7,セブン‐イレブン,ハートインJR山科駅前店,
ICOCA,C7,630B8,セブン‐イレブン,ハートインJR山科駅前店,
ICOCA,C7,630B9,セブン‐イレブン,ハートインJR山科駅前店,
ICOCA,C7,630BA,セブン‐イレブン,ハートインJR山科駅前店,
ICOCA,C7,630BB,セブン‐イレブン,ハートインJR山科駅前店,
ICOCA,C7,630D0,セブン‐イレブン,京都壬生辻町店,
ICOCA,C7,630D1,セブン‐イレブン,京都壬生辻町店,
ICOCA,C7,630E5,ファミリーマート,松山和気店,
ICOCA,C7,630E6,ファミリーマート,松山和気店,
ICOCA,C7,6310F,セブン‐イレブン,京都御池通龍池町店,
ICOCA,C7,63623,ファミリーマート,神戸三宮阪急ビル店,
ICOCA,C7,63624,ファミリーマート,神戸三宮阪急ビル店,
ICOCA,C7,63625,ファミリーマート,神戸三宮阪急ビル店,
ICOCA,C7,6366B,ファミリーマート,七条新町店,
ICOCA,C7,6366C,ファミリーマート,七条新町店,
ICOCA,C7,636FF,セブン‐イレブン,ハートインJR富山駅店,
ICOCA,C7,63700,セブン‐イレブン,ハートインJR富山駅店,
ICOCA,C7,63701,セブン‐イレブン,ハートインJR富山駅店,
ICOCA,C7,6374E,セブン‐イレブン,駅弁処博多店,
ICOCA,C7,6374F,セブン‐イレブン,駅弁処博多店,
ICOCA,C7,63872,セブン‐イレブン,京都河原町五条店,
ICOCA,C7,6389E,おみやげ街道+セブン‐イレブン,ビエラ小倉店,
ICOCA,C7,638A1,セブン‐イレブン,ハートインビエラ小倉店,
ICOCA,C7,638A2,セブン‐イレブン,ハートインビエラ小倉店,
ICOCA,C7,638A4,セブン‐イレブン,ハートインビエラ小倉店,
ICOCA,C7,63DDE,セブン‐イレブン,永平寺町松岡店,
ICOCA,C7,63DDF,セブン‐イレブン,永平寺町松岡店,
ICOCA,C7,63DEC,ファミリーマート,三条寺町店,
ICOCA,C7,63DED,ファミリーマート,三条寺町店,
ICOCA,C7,63EBF,ファミリーマート,神鉄谷上駅前店,
ICOCA,C7,63EC0,ファミリーマート,神鉄谷上駅前店,
ICOCA,C7,63EC3,セブン‐イレブン,ハートインエキマルシェ大阪店,
ICOCA,C7,63F41,ファミリーマート,奈良六条西店,
ICOCA,C7,63F42,ファミリーマート,奈良六条西店,
ICOCA,C7,63FEA,セブン‐イレブン,ハートインJR京橋駅北口店,
ICOCA,C7,63FFE,セブン‐イレブン,綾川町萱原店,
ICOCA,C7,64000,セブン‐イレブン,綾川町萱原店,
ICOCA,C7,64012,ファミリーマート,富山稲荷町店,
ICOCA,C7,64013,ファミリーマート,富山稲荷町店,
ICOCA,C7,64039,マクドナルド,東舞鶴らぽーる店,
ICOCA,C7,6403A,マクドナルド,東舞鶴らぽーる店,
ICOCA,C7,64059,セブン‐イレブン,姫路古二階町店,
ICOCA,C7,6405A,セブン‐イレブン,姫路古二階町店,
ICOCA,C7,6406C,セブン‐イレブン,ハートインJR岩国駅西口店,
ICOCA,C7,64087,マクドナルド,金沢駅店,
ICOCA,C7,640D8,セブン‐イレブン,ハートインJR西広島駅改札口店,
ICOCA,C7,64259,ファミリーマート,高知はりまや町一丁目店,
ICOCA,C7,6425A,ファミリーマート,高知はりまや町一丁目店,
ICOCA,C7,642BE,ファミリーマート,甲南医療センター店,
ICOCA,C7,642BF,ファミリーマート,甲南医療センター店,
ICOCA,C7,64302,セブン‐イレブン,ハートインJR西条駅南口店,
ICOCA,C7,64313,セブン‐イレブン,高松田町店,
ICOCA,C7,643D5,セブン‐イレブン,下関椋野町店,
ICOCA,C7,6442E,セブン‐イレブン,大阪上汐3丁目店,
ICOCA,C7,6442F,セブン‐イレブン,大阪上汐3丁目店,
ICOCA,C7,6443C,ファミリーマート,倉敷水島中央公園前店,
ICOCA,C7,6459F,ファミリーマート,奈良鶴舞東町店,
ICOCA,C7,645A0,ファミリーマート,奈良鶴舞東町店,
ICOCA,C7,645B2,セブン‐イレブン,泉北高速栂・美木多駅店,
ICOCA,C7,645B3,セブン‐イレブン,泉北高速栂・美木多駅店,
ICOCA,C7,645B4,セブン‐イレブン,泉北高速栂・美木多駅店,
ICOCA,C7,6460A,ドトールキッチン,EneJet天理稲葉店,
ICOCA,C7,6462F,セブン‐イレブン,ハートインJR大阪駅桜橋口内店,
ICOCA,C7,64635,ファミリーマート,奈良中町店,
ICOCA,C7,64636,ファミリーマート,奈良中町店,
ICOCA,C7,64688,マクドナルド,クロスモール須磨店,
ICOCA,C7,64691,マクドナルド,赤川店,
ICOCA,C7,64692,マクドナルド,赤川店,
ICOCA,C7,64693,マクドナルド,赤川店,
ICOCA,C7,646B4,ファミリーマート,高松桜町店,
ICOCA,C7,646B5,ファミリーマート,高松桜町店,
ICOCA,C7,646BB,ファミリーマート,堀川御池店,
ICOCA,C7,646BC,ファミリーマート,堀川御池店,
ICOCA,C7,646C6,セブン‐イレブン,尼崎東園田3丁目店,
ICOCA,C7,646C7,セブン‐イレブン,尼崎東園田3丁目店,
ICOCA,C7,6479E,セブン‐イレブン,山科外環三条店,
ICOCA,C7,6479F,セブン‐イレブン,山科外環三条店,
ICOCA,C7,64859,ファミリーマート,四條畷しとみや店,
ICOCA,C7,6485A,ファミリーマート,四條畷しとみや店,
ICOCA,C7,6497B,セブン‐イレブン,たつの東觜崎店,
ICOCA,C7,6497C,セブン‐イレブン,たつの東觜崎店,
ICOCA,C7,64991,ファミリーマート,常盤町二丁目店,
ICOCA,C7,64992,ファミリーマート,常盤町二丁目店,
ICOCA,C7,64996,ファミリーマート,深江橋店,
ICOCA,C7,64997,ファミリーマート,深江橋店,
ICOCA,C7,6499E,セブン‐イレブン,ハートインJR広島駅中央口店,
ICOCA,C7,64A00,セブン‐イレブン,高松ホテル川六店,
ICOCA,C7,64A01,セブン‐イレブン,高松ホテル川六店,
ICOCA,C7,64AC8,セブン‐イレブン,山口緑町店,
ICOCA,C7,64AC9,セブン‐イレブン,山口緑町店,
ICOCA,C7,64AD7,ファミリーマート,姫路SA店,
ICOCA,C7,64AD8,ファミリーマート,姫路SA店,
ICOCA,C7,64DBB,マクドナルド,丸亀町グリーン店,
ICOCA,C7,64E09,セブン‐イレブン,南国大そね店,
ICOCA,C7,64E0A,セブン‐イレブン,南国大そね店,
ICOCA,C7,64E40,ファミリーマート,ソコラ塚口店,
ICOCA,C7,64E86,セブン‐イレブン,京都河原町蛸薬師店,
ICOCA,C7,64E87,セブン‐イレブン,京都河原町蛸薬師店,
ICOCA,C7,64F3C,セブン‐イレブン,呉市役所前店,
ICOCA,C7,64F3D,セブン‐イレブン,呉市役所前店,
ICOCA,C7,64F72,ファミリーマート,東大阪横小路店,
ICOCA,C7,64F73,ファミリーマート,東大阪横小路店,
ICOCA,C7,64F74,ファミリーマート,東大阪今米一丁目店,
ICOCA,C7,64F75,ファミリーマート,東大阪今米一丁目店,
ICOCA,C7,64F8D,ファミリーマート,大阪ビジネスパーク店,
ICOCA,C7,64F8E,ファミリーマート,大阪ビジネスパーク店,
ICOCA,C7,64F8F,ファミリーマート,大阪ビジネスパーク店,
ICOCA,C7,64FEE,セブン‐イレブン,京都堀川三条店,
ICOCA,C7,64FEF,セブン‐イレブン,京都堀川三条店,
ICOCA,C7,64FF6,セブン‐イレブン,京都太秦大映通店,
ICOCA,C7,64FF7,セブン‐イレブン,京都太秦大映通店,
ICOCA,C7,65037,ファミリーマート,いかるが店,
ICOCA,C7,65038,ファミリーマート,いかるが店,
ICOCA,C7,651B0,ファミリーマート,姫路青山西五丁目店,
ICOCA,C7,651B1,ファミリーマート,姫路青山西五丁目店,
ICOCA,C7,651D3,ファミリーマート,英賀春日町店,
ICOCA,C7,651D4,ファミリーマート,英賀春日町店,
ICOCA,C7,6541F,ファミリーマート,学園都市駅店,
ICOCA,C7,65420,ファミリーマート,学園都市駅店,
ICOCA,C7,6542C,セブン‐イレブン,防府八王子店,
ICOCA,C7,6542D,セブン‐イレブン,防府八王子店,
ICOCA,C7,6544F,セブン‐イレブン,ハートインJR小松駅店,
ICOCA,C7,65450,セブン‐イレブン,ハートインJR小松駅店,
ICOCA,C7,65453,セブン‐イレブン,ハートインJR小松駅店,
ICOCA,C7,654FE,セブン‐イレブン,南海新今宮駅改札内店,
ICOCA,C7,655F3,マクドナルド,さんすて福山店,
ICOCA,C7,655F4,マクドナルド,さんすて福山店,
ICOCA,C7,655F5,マクドナルド,さんすて福山店,
ICOCA,C7,6566D,セブン‐イレブン,モノウェル門真店,
ICOCA,C7,6566E,セブン‐イレブン,モノウェル門真店,
ICOCA,C7,6566F,セブン‐イレブン,モノウェル門真店,
ICOCA,C7,656A0,セブン‐イレブン,奈良県庁店,
ICOCA,C7,656A1,セブン‐イレブン,奈良県庁店,
ICOCA,C7,656A2,セブン‐イレブン,奈良県庁店,
ICOCA,C7,656AE,セブン‐イレブン,大和郡山発志院町店,
ICOCA,C7,656AF,セブン‐イレブン,大和郡山発志院町店,
ICOCA,C7,656BC,ファミリーマート,吉田駅北店,
ICOCA,C7,656BD,ファミリーマート,吉田駅北店,
ICOCA,C7,6574C,セブン‐イレブン,兵庫太子下阿曽店,
ICOCA,C7,6574D,セブン‐イレブン,兵庫太子下阿曽店,
ICOCA,C7,65770,セブン‐イレブン,キヨスクハピライン福井駅店,
ICOCA,C7,65771,セブン‐イレブン,キヨスクハピライン福井駅店,
ICOCA,C7,65772,セブン‐イレブン,キヨスクハピライン福井駅店,
ICOCA,C7,6585A,セブン‐イレブン,京都山科小山店,
ICOCA,C7,6585B,セブン‐イレブン,京都山科小山店,
ICOCA,C7,6585C,セブン‐イレブン,京都山科小山店,
ICOCA,C7,6590D,セブン‐イレブン,姫路書写美濃山店,
ICOCA,C7,6590E,セブン‐イレブン,姫路書写美濃山店,
ICOCA,C7,6595F,おみやげ楽市+セブン‐イレブン,シャミネ米子店,
ICOCA,C7,65964,セブン‐イレブン,ハートインJR米子駅シャミネ店,
ICOCA,C7,6597E,ファミリーマート,深江橋駅前店,
ICOCA,C7,6597F,ファミリーマート,深江橋駅前店,
ICOCA,C7,65A5D,ドトールコーヒーショップ,近鉄難波ビル店,
ICOCA,C7,65B8A,ファミリーマート,福井花堂店,
ICOCA,C7,65B8B,ファミリーマート,福井花堂店,
ICOCA,C7,65CEB,セブン‐イレブン,京都河原町二条店,
ICOCA,C7,65CEC,セブン‐イレブン,京都河原町二条店,
ICOCA,C7,65F0B,ファミリーマート,敦賀駅前店,
ICOCA,C7,65F0C,ファミリーマート,敦賀駅前店,
ICOCA,C7,65F8E,TSUTAYA BOOKSTORE,TAKAMATSU ORNE,
ICOCA,C7,65F8F,TSUTAYA BOOKSTORE,TAKAMATSU ORNE,
ICOCA,C7,66083,セブン‐イレブン,ハートインくるふ福井駅店,
ICOCA,C7,66085,セブン‐イレブン,ハートインJR福井駅新幹線改札口店,
ICOCA,C7,66086,セブン‐イレブン,ハートインJR福井駅新幹線改札口店,
ICOCA,C7,66087,セブン‐イレブン,ハートインJR福井駅新幹線改札口店,
ICOCA,C7,6608A,おみやげ処+セブン‐イレブン,芦原店,
ICOCA,C7,6608B,おみやげ処+セブン‐イレブン,芦原店,
ICOCA,C7,6608E,セブン‐イレブン,キヨスクJR小松駅新幹線改札口店,
ICOCA,C7,6608F,セブン‐イレブン,キヨスクJR小松駅新幹線改札口店,
ICOCA,C7,66092,おみやげ処+セブン‐イレブン,福井店,
ICOCA,C7,66093,おみやげ処+セブン‐イレブン,福井店,
ICOCA,C7,66094,おみやげ処+セブン‐イレブン,福井店,
ICOCA,C7,66095,おみやげ処+セブン‐イレブン,福井店,
ICOCA,C7,660AE,セブン‐イレブン,ハレノヒヤ高松オルネ店,
ICOCA,C7,660AF,セブン‐イレブン,ハレノヒヤ高松オルネ店,
ICOCA,C7,660B0,セブン‐イレブン,ハレノヒヤ高松オルネ店,
ICOCA,C7,660B1,セブン‐イレブン,ハレノヒヤ高松オルネ店,
ICOCA,C7,661FD,セブン‐イレブン,高松南新町南店,
ICOCA,C7,661FE,セブン‐イレブン,高松南新町南店,
ICOCA,C7,66317,ファミリーマート,敦賀清水町店,
ICOCA,C7,66318,ファミリーマート,敦賀清水町店,
ICOCA,C7,6642F,セブン‐イレブン,高松上之町1丁目店,
ICOCA,C7,66431,セブン‐イレブン,高松上之町1丁目店,
ICOCA,C7,66446,セブン‐イレブン,Kiosk高松駅店,
ICOCA,C7,66447,セブン‐イレブン,Kiosk高松駅店,
ICOCA,C7,66448,セブン‐イレブン,Kiosk高松駅店,
ICOCA,C7,66449,セブン‐イレブン,Kiosk高松駅店,
ICOCA,C7,6647D,マクドナルド,11号志度店,
ICOCA,C7,6647E,マクドナルド,11号志度店,
ICOCA,C7,664E4,セブン‐イレブン,ハートインJR王寺駅中央改札口店,
ICOCA,C7,664E5,セブン‐イレブン,ハートインJR王寺駅中央改札口店,
ICOCA,C7,66602,セブン‐イレブン,高知北久保店,
ICOCA,C7,66603,セブン‐イレブン,高知北久保店,
ICOCA,C7,6660C,セブン‐イレブン,高松御厩町店,
ICOCA,C7,6660D,セブン‐イレブン,高松御厩町店,
ICOCA,C7,666CB,セブン‐イレブン,高松レインボーロード店,
ICOCA,C7,666CC,セブン‐イレブン,高松レインボーロード店,
ICOCA,C7,666D4,セブン‐イレブン,Kiosk松山駅店,
ICOCA,C7,666D5,セブン‐イレブン,Kiosk松山駅店,
ICOCA,C7,666D6,セブン‐イレブン,Kiosk松山駅店,
ICOCA,C7,666D7,セブン‐イレブン,Kiosk松山駅店,
ICOCA,C7,66888,おみやげ処+セブン‐イレブン,加賀店,
ICOCA,C7,66889,おみやげ処+セブン‐イレブン,加賀店,
ICOCA,C7,6688A,おみやげ処+セブン‐イレブン,加賀店,
ICOCA,C7,668A1,ファミリーマート,四条大宮東店,
ICOCA,C7,668A2,ファミリーマート,四条大宮東店,
ICOCA,C7,669FE,セブン‐イレブン,ハートイン博多駅新幹線改札内店,
ICOCA,C7,66B5E,セブン‐イレブン,京都下鴨水口町店,
ICOCA,C7,66B5F,セブン‐イレブン,京都下鴨水口町店,
ICOCA,C7,66C55,セブン‐イレブン,綾川陶店,
ICOCA,C7,66C56,セブン‐イレブン,綾川陶店,
ICOCA,C7,66C95,セブン‐イレブン,高松塩屋町店,
ICOCA,C7,66C96,セブン‐イレブン,高松塩屋町店,
ICOCA,C7,672DE,セブン‐イレブン,ハートインJR向日町駅改札口店,
ICOCA,C7,672DF,セブン‐イレブン,ハートインJR向日町駅改札口店,
ICOCA,C7,672E0,セブン‐イレブン,ハートインJR向日町駅改札口店,
ICOCA,C7,7ACE2,はなまるうどん,飾磨浜国通り店,
ICOCA,C7,7ACE3,はなまるうどん,広畑高浜店,
ICOCA,C7,7AD06,はなまるうどん,高松兵庫町店,
ICOCA,C7,7B005,はま寿司,三次店,
ICOCA,C7,7B035,すき家,486号備後府中店,
ICOCA,C7,7BAEB,すき家,南港ATC店,
ICOCA,C7,7BB24,すき家,1国大津瀬田店,
ICOCA,C7,7BB50,すき家,183号三次店,
ICOCA,C7,7BC8C,すき家,高松寿町店,
ICOCA,C7,7BCA0,すき家,丹南篠山口IC店,
ICOCA,C7,7BEF0,歩危マート,,
ICOCA,C7,7C37B,すき家,出雲市駅南店,
ICOCA,C7,7C757,はま寿司,下関幡生店,
ICOCA,C7,7C7E4,ココス,下関あるかぽーと店,
ICOCA,C7,7C7F4,かつ庵,岩国店,
ICOCA,C7,7C85E,すき家,都島本通店,
ICOCA,C7,7C86C,すき家,防府天神店,
ICOCA,C7,7C86D,すき家,防府天神店,
ICOCA,C7,7C8F2,ジョリーパスタ,下関店,
ICOCA,C7,7C9C9,すき家,下関赤間店,
ICOCA,C7,7C9CA,すき家,下関赤間店,
ICOCA,C7,7C9CF,すき家,広島高取北店,
ICOCA,C7,7C9D9,すき家,広島堀越店,
ICOCA,C7,7C9DF,すき家,高知本町店,
ICOCA,C7,7C9F9,すき家,新下関店,
ICOCA,C7,7CA01,すき家,天神橋二丁目店,
ICOCA,C7,7D25B,ラクヨー,,
ICOCA,C7,7D386,元祖大阪梅田ミックスジュース,なんば店,
ICOCA,C7,7E43C,#加賀#白山そば,小松店,
ICOCA,C7,7E7E6,サブウェイ,上本町YUFURA店,
ICOCA,C7,7E7E7,サブウェイ,上本町YUFURA店,
ICOCA,C7,7EDE2,高松書林,,
ICOCA,C7,7EF20,#もみじ饅頭#おきな堂,,
ICOCA,C7,80019,ニジゲンノモリ,モンスターハンターショップ,
ICOCA,C7,8076F,すき家,9号大田店,
ICOCA,C7,80C1F,なか卯,高松上福岡店,
ICOCA,C7,832A0,すき家,和歌山吉田店,
ICOCA,C7,83828,道後温泉,本館,
ICOCA,C7,8D341,ジョリーパスタ,大東店,
ICOCA,C7,8D342,ジョリーパスタ,大東店,
ICOCA,C7,8F042,フレスコ,三条店,
ICOCA,C7,8F043,フレスコ,三条店,
ICOCA,C7,8F044,フレスコ,三条店,
ICOCA,C7,8F045,フレスコ,三条店,
ICOCA,C7,90168,ニジゲンノモリ,モンスターハンター受付,
ICOCA,C7,90169,ニジゲンノモリ,モンスターハンター受付,
ICOCA,C7,9057E,ダイソー,京都祝園駅前店,
ICOCA,C7,9057F,ダイソー,京都祝園駅前店,
ICOCA,C7,9058C,ダイソー,新湊店,
ICOCA,C7,92167,京都市北区役所,,
ICOCA,C7,94B7A,ヤマト運輸,京都北営業所(京都衣笠),
ICOCA,C7,94DAA,ヤマト運輸,奈良富雄営業所(中町),
ICOCA,C7,953C4,ぷれも薬局,六条店,
ICOCA,C7,957E7,天下一品,瓢箪山店,
ICOCA,C7,963AD,阪急タクシー,,
ICOCA,C7,96506,ヤマト運輸,今出川営業所,店内
ICOCA,C7,9960F,全日食チェーン,くれだ店,
ICOCA,C7,9A906,キャンドゥ,中立売店,
ICOCA,C7,9A907,キャンドゥ,中立売店,
ICOCA,C7,9AAA2,ヤマザキショップ,広島空港店,
ICOCA,C7,9BA08,京都府警察,京都駅前運転免許更新センター,
ICOCA,C7,9BA09,京都府警察,京都駅前運転免許更新センター,
ICOCA,C7,9BA0A,京都府警察,京都駅前運転免許更新センター,
ICOCA,C7,9CB01,サブウェイ,パラディ学園前店,
ICOCA,C7,9DA9D,Vドラッグ,向日町店,
ICOCA,C7,9DA9E,Vドラッグ,向日町店,
ICOCA,C7,AA03F,ドラッグユタカ,烏丸三条店,
ICOCA,C7,AA040,ドラッグユタカ,烏丸三条店,
ICOCA,C7,AA041,ドラッグユタカ,烏丸三条店,
ICOCA,C7,AAE81,セブン銀行,セブン‐イレブン 土山サービスエリア店 共同出張所,
ICOCA,C7,AB190,PCワンズ,,
ICOCA,C7,AB191,PCワンズ,,
ICOCA,C7,AB192,PCワンズ,,
ICOCA,C7,AB193,PCワンズ,,
ICOCA,C7,AB26F,ルートイン グランティア,和蔵の宿 伊賀上野城前,
ICOCA,C7,AB295,カフェサミエール,,
ICOCA,C7,AB2B6,三井造船生協,本部店,
ICOCA,C7,AB392,サンエトワール,三原店,
ICOCA,C7,AB5E2,上島珈琲店,神戸空港店,
ICOCA,C7,AB899,キリン堂,すずかけ台店,
ICOCA,C7,ABB4B,ホテルルートイン,大阪本町,
ICOCA,C7,ABB4C,ホテルルートイン,松江,
ICOCA,C7,ABB4F,ホテルルートイン,福井大和田,
ICOCA,C7,ABB50,ホテルルートイン,新居浜,
ICOCA,C7,ABB53,ホテルルートイン,金沢駅前,
ICOCA,C7,ABB55,ホテルルートイン,徳山駅前,
ICOCA,C7,ABB57,ホテルルートイン,彦根,
ICOCA,C7,ABB5B,ホテルルートイン,福井駅前,
ICOCA,C7,ABB76,ホテルルートイン,丸亀,
ICOCA,C7,ABB78,ホテルルートイン,防府駅前,
ICOCA,C7,ABC11,ロイヤルホスト,宇治槇島店,
ICOCA,C7,ABC12,ロイヤルホスト,桜川店,
ICOCA,C7,ABCE2,ハンズ,江坂店,
ICOCA,C7,ABEE4,ハマムラ,近鉄名店街みやこみち店,
ICOCA,C7,AC076,ホテルルートイン,橋本,
ICOCA,C7,AC392,ドン・キホーテ,梅田本店,
ICOCA,C7,AC577,ラウンドワンスタジアム,高松店,
ICOCA,C7,AC607,ミーツ,三国ヶ丘店,
ICOCA,C7,AC750,明屋書店,南岩国店,
ICOCA,C7,AC7DD,ドン・キホーテ,パウ石切店,
ICOCA,C7,AC904,サーバ,長田戸崎通店,
ICOCA,C7,AC90A,サーバ,長田店,
ICOCA,C7,AC9D3,南禅寺,,
ICOCA,C7,ACA85,キリン堂,京大病院前店,
ICOCA,C7,ACC7D,ブックオフ,SUPER BAZAAR 171号尼崎西昆陽店,
ICOCA,C7,ACC81,ブックオフプラス,なんば戎橋店,
ICOCA,C7,ACDAE,ブックオフ,奈良法華寺店,
ICOCA,C7,ACDAF,ブックオフ,奈良法華寺店,
ICOCA,C7,ACDB0,ブックオフ,奈良法華寺店,
ICOCA,C7,ACDB1,ブックオフ,尼崎東園田店,
ICOCA,C7,ACDB2,ブックオフ,尼崎東園田店,
ICOCA,C7,ACDB3,ブックオフ,大和郡山小泉店,
ICOCA,C7,AD0A9,くまざわ書店,COM高松店,
ICOCA,C7,AD238,カンプリ,マイドームおおさか前店,
ICOCA,C7,AD249,にぎりの徳兵衛,新保店,
ICOCA,C7,AD350,西日本JRバス,大阪駅,
ICOCA,C7,AD354,西日本JRバス,京都駅,
ICOCA,C7,AD357,西日本JRバス,津山駅,
ICOCA,C7,AD369,ブックオフ,松山駅前店,
ICOCA,C7,AD395,ブックオフ,高松仏生山店,
ICOCA,C7,AD3C1,ブックオフ,大阪弁天町店,
ICOCA,C7,AD3D9,トイズかめた,,
ICOCA,C7,AD425,ブックオフ,東大阪吉原店,
ICOCA,C7,AD426,ブックオフ,東大阪吉原店,
ICOCA,C7,AD44B,ブックオフ,高知高須店,
ICOCA,C7,AD44F,ブックオフ,高知インター店,
ICOCA,C7,AD4F3,Fishingエイト2,,
ICOCA,C7,AD553,能生町観光物産センター,,
ICOCA,C7,AD582,ジャーマンベーカリー,百番街店,
ICOCA,C7,AD5F1,ダイソー,高松南新町店,
ICOCA,C7,AD5F3,ダイソー,なんばなんさん通店,
ICOCA,C7,AD5F4,ダイソー,なんばなんさん通店,
ICOCA,C7,AD5F5,ダイソー,なんばなんさん通店,
ICOCA,C7,AD5F6,ダイソー,なんばなんさん通店,
ICOCA,C7,AD5FE,ダイソー,心斎橋店3F,
ICOCA,C7,ADBC1,ウエルシア,奈良駅前店,
ICOCA,C7,ADBC2,ウエルシア,奈良駅前店,
ICOCA,C7,ADBC3,ウエルシア,奈良駅前店,
ICOCA,C7,ADBC4,ウエルシア,奈良駅前店,
ICOCA,C7,ADC5D,ウエルシア,尼崎大庄店,
ICOCA,C7,ADE15,ダックス,下京烏丸店,
ICOCA,C7,ADE18,ダックス,左京下鴨店,
ICOCA,C7,ADE19,ダックス,左京下鴨店,
ICOCA,C7,ADE54,ダックス,宇治三室戸店,
ICOCA,C7,AE1AB,丸善,京都本店,
ICOCA,C7,AE1B4,丸善,京都本店,
ICOCA,C7,AE3C7,ブックオフ,大阪難波中店,
ICOCA,C7,AE3CD,ブックオフ,門真古川橋店,
ICOCA,C7,AE444,#珈琲所#コメダ珈琲店,野々市矢作店,
ICOCA,C7,AE45B,#珈琲所#コメダ珈琲店,大津膳所店,
ICOCA,C7,AE5FF,ウエルシア,奈良西木辻店,
ICOCA,C7,AE669,エキドンキ,エキマルシェ大阪店,
ICOCA,C7,AE776,アルビス,エスタ店,
ICOCA,C7,AE777,アルビス,エスタ店,
ICOCA,C7,AE778,アルビス,エスタ店,
ICOCA,C7,AE7A8,ホテルルートイン,富山インター,
ICOCA,C7,AE83C,空の駅こまつ,,
ICOCA,C7,AE857,うどん玉吉,本店,
ICOCA,C7,AE98F,快活CLUB,大津膳所店,
ICOCA,C7,AEBCB,カレーハウスCoCo壱番屋,加賀温泉駅前店,
ICOCA,C7,AEBD0,カレーハウスCoCo壱番屋,岡山駅西口店,
ICOCA,C7,AEC35,カレーハウスCoCo壱番屋,高松南新町店,
ICOCA,C7,AEC36,カレーハウスCoCo壱番屋,高知はりまや橋店,
ICOCA,C7,AEC3C,カレーハウスCoCo壱番屋,JR徳島駅前店,
ICOCA,C7,AEC4B,やまや,JR茨木駅前店,
ICOCA,C7,AED77,快活CLUB,外環中石切店,
ICOCA,C7,AEDE8,快活CLUB,大和郡山店,
ICOCA,C7,AEDE9,快活CLUB,大和郡山店,
ICOCA,C7,AEDEA,快活CLUB,24号奈良店,
ICOCA,C7,AEDEB,快活CLUB,24号奈良店,
ICOCA,C7,AEDEC,快活CLUB,国道2号西宮店,
ICOCA,C7,AEE35,カレーハウスCoCo壱番屋,宇部厚南店,
ICOCA,C7,AEE49,ゴダイドラッグ,網干店,
ICOCA,C7,AF099,カレーハウスCoCo壱番屋,岡山駅前店,
ICOCA,C7,AF4FC,ミラマルシェ,,
ICOCA,C7,AF596,やまや,御池高瀬川店,
ICOCA,C7,AF620,ええもんや,新尾道駅,
ICOCA,C7,AF6DC,デリフランス,新大阪店,
ICOCA,C7,AF706,カレーハウスCoCo壱番屋,堀川丸太町店,
ICOCA,C7,AF7D7,#日本三文殊第一霊場#安倍文殊院,,
ICOCA,C7,AF82E,#珈琲所#コメダ珈琲店,阿南富岡店,
ICOCA,C7,AF84A,天極堂,近鉄奈良駅店,
ICOCA,C7,AF84D,まほろば大仏プリン本舗,近鉄奈良駅店,
ICOCA,C7,AF850,#菓匠#千壽庵吉宗,近鉄奈良駅店,
ICOCA,C7,B20C7,有磯海SA(上り),ショッピングコーナー,中央レジ
ICOCA,C7,B22DE,nasco+,なんば中央口店,
ICOCA,C7,B22E4,nasco+,なんば北口3号店,
ICOCA,C7,B2524,業務スーパー,奈良店,
ICOCA,C7,B2525,業務スーパー,奈良店,
ICOCA,C7,B2526,業務スーパー,奈良店,
ICOCA,C7,B2527,業務スーパー,奈良店,
ICOCA,C7,B254A,啓林堂書店,学園前店,
ICOCA,C7,B254C,啓林堂書店,郡山店,
ICOCA,C7,B254D,啓林堂書店,奈良店,
ICOCA,C7,B254E,啓林堂書店,奈良店,
ICOCA,C7,B26E1,ダイソー,ニッケパークタウン加古川店,
ICOCA,C7,B26E2,ダイソー,ニッケパークタウン加古川店,
ICOCA,C7,B26E3,ダイソー,ニッケパークタウン加古川店,
ICOCA,C7,B26E4,ダイソー,ニッケパークタウン加古川店,
ICOCA,C7,B26E5,ダイソー,ニッケパークタウン加古川店,
ICOCA,C7,B2862,ホテル明星,,
ICOCA,C7,B29D4,ホテルルートイン,鯖江,
ICOCA,C7,B2CF0,快活CLUB,布施駅前店,
ICOCA,C7,B2D1E,阿波観光ホテル,,
ICOCA,C7,B2F5D,ステーションホテル新宮,,
ICOCA,C7,B305D,マンガ倉庫,にっぽんばし道楽店,
ICOCA,C7,B30D6,ホテルルートイン,宇部,
ICOCA,C7,B30D7,ホテルルートイン,東近江八日市駅前,
ICOCA,C7,B30D8,ホテルルートイン,東広島西条駅前,
ICOCA,C7,B3141,ホテルルートイン,高岡駅前,
ICOCA,C7,B318D,Orange BAR,,
ICOCA,C7,B31B2,鞍楽ハウディ,,
ICOCA,C7,B31B4,鞍楽ハウディ,,
ICOCA,C7,B31B5,鞍楽ハウディ,,
ICOCA,C7,B3275,CHEF'S KITCHEN,,
ICOCA,C7,B3325,餃子の王将,四条大宮店,
ICOCA,C7,B33E5,スターバックスコーヒー,広島 蔦屋家電店,
ICOCA,C7,B3473,藤原模型店,,
ICOCA,C7,B3664,南禅寺,,
ICOCA,C7,B366B,業務スーパー,太秦店,
ICOCA,C7,B366C,業務スーパー,太秦店,
ICOCA,C7,B366D,業務スーパー,太秦店,
ICOCA,C7,B3674,業務スーパー,桂店,
ICOCA,C7,B3675,業務スーパー,桂店,
ICOCA,C7,B3676,業務スーパー,桂店,
ICOCA,C7,B37C9,快活CLUB,宇治槇島店,
ICOCA,C7,B3890,くらよし駅ヨコプラザ,,
ICOCA,C7,B3901,業務スーパー,吉祥院店,
ICOCA,C7,B3902,業務スーパー,吉祥院店,
ICOCA,C7,B3903,業務スーパー,吉祥院店,
ICOCA,C7,B3B00,モスバーガー,NAMBAなんなん店,
ICOCA,C7,B3B1E,モスバーガー,高槻今城店,
ICOCA,C7,B3B2E,モスバーガー,福井エルパ店,
ICOCA,C7,B3B47,モスバーガー,宇和島店,
ICOCA,C7,B3B4B,モスバーガー,高知野市店,
ICOCA,C7,B3B50,モスバーガー,須崎店,
ICOCA,C7,B3B9F,モスバーガー,伏見大手筋店,
ICOCA,C7,B3BA0,モスバーガー,伏見大手筋店,
ICOCA,C7,B3BB7,モスバーガー,紀三井寺店,
ICOCA,C7,B3BD5,モスバーガー,鯖江店,
ICOCA,C7,B3BE1,モスバーガー,#(和歌山県)#新宮店,
ICOCA,C7,B3BE2,モスバーガー,#(和歌山県)#新宮店,
ICOCA,C7,B3BED,モスバーガー,西院店,
ICOCA,C7,B3C3E,モスバーガー,鳥取駅南口店,
ICOCA,C7,B3C4A,モスバーガー,JR奈良店,
ICOCA,C7,B3C4F,モスバーガー,あべのキューズモール店,
ICOCA,C7,B3C7F,モスバーガー,寝屋川早子町店,
ICOCA,C7,B3C8F,モスバーガー,近鉄生駒店,
ICOCA,C7,B3CCE,モスバーガー,草津駅西口店,
ICOCA,C7,B3CD1,モスバーガー,イズミヤ堀川丸太町店,
ICOCA,C7,B3CD5,モスバーガー,近鉄東寺駅前店,
ICOCA,C7,B3CE5,モスバーガー,烏丸御池店,
ICOCA,C7,B3D35,ノムラテーラー,四条店,
ICOCA,C7,B3D36,ノムラテーラー,四条店,
ICOCA,C7,B3D37,ノムラテーラー,四条店,
ICOCA,C7,B3E37,ニシカワパン,加古川駅店,
ICOCA,C7,B3E9A,一畑百貨店,出雲空港売店,
ICOCA,C7,B3EA5,ヤマザキショップ,ハイトピア伊賀店,
ICOCA,C7,B3ED1,アークホテル,岡山,
ICOCA,C7,B3F81,アークホテル,大阪心斎橋,
ICOCA,C7,B3FCB,業務スーパー&酒のケント,四条寺町店,
ICOCA,C7,B3FCC,業務スーパー&酒のケント,四条寺町店,
ICOCA,C7,B3FCD,業務スーパー&酒のケント,四条寺町店,
ICOCA,C7,B3FCE,業務スーパー&酒のケント,三条河原町店,
ICOCA,C7,B3FCF,業務スーパー&酒のケント,三条河原町店,
ICOCA,C7,B3FD0,業務スーパー&酒のケント,三条河原町店,
ICOCA,C7,B3FE1,業務スーパー&酒のケント,下鳥羽店,
ICOCA,C7,B3FE2,業務スーパー&酒のケント,下鳥羽店,
ICOCA,C7,B3FE3,業務スーパー&酒のケント,下鳥羽店,
ICOCA,C7,B404C,本のがんこ堂,石山駅前店,
ICOCA,C7,B409B,業務スーパー,京橋店,
ICOCA,C7,B40E9,いよてつショップ,,
ICOCA,C7,B4144,業務スーパー,深草店,
ICOCA,C7,B4145,業務スーパー,深草店,
ICOCA,C7,B4146,業務スーパー,深草店,
ICOCA,C7,B41F4,ホテルルートイン,阿南,
ICOCA,C7,B4215,業務スーパー,泉大津店,
ICOCA,C7,B4221,業務スーパー,松屋町筋本町橋店,
ICOCA,C7,B4440,箱夢,難波店,
ICOCA,C7,B46B3,業務スーパー,高須店,
ICOCA,C7,B49F4,仁々木,近江堅田駅店,
ICOCA,C7,B4A3D,かたた,ぷらっとホーム店,
ICOCA,C7,B4CEA,サンドラッグ,新京極店,
ICOCA,C7,B4CEB,サンドラッグ,新京極店,
ICOCA,C7,B4CEC,サンドラッグ,新京極店,
ICOCA,C7,B4CF2,サンドラッグ,京都錦店,
ICOCA,C7,B4CF3,サンドラッグ,京都錦店,
ICOCA,C7,B4DD9,高松駅,ジェイアール四国バス高松支店,
ICOCA,C7,B4DE1,高知駅,ジェイアール四国バス高知支店,
ICOCA,C7,B4E73,吉野家,下関幡生店,
ICOCA,C7,B4ED4,ヤマザキショップ,愛媛県庁店,
ICOCA,C7,B4EFA,長崎屋,高知ヴィアン店,
ICOCA,C7,B4FE8,JA香川県,ふれあい産直市綾南,
ICOCA,C7,B4FE9,JA香川県,ふれあい産直市綾南,
ICOCA,C7,B4FEA,JA香川県,ふれあい産直市綾南,
ICOCA,C7,B4FEB,JA香川県,ふれあい産直市綾南,
ICOCA,C7,B5300,クスリのアオキ,泊駅前店,
ICOCA,C7,B5477,クスリのアオキ,山室店,
ICOCA,C7,B55E8,高木鮮魚店,阪急梅田店,
ICOCA,C7,B565F,スギ薬局,谷町四丁目店,
ICOCA,C7,B5682,スギ薬局,二条店,
ICOCA,C7,B5683,スギ薬局,二条店,
ICOCA,C7,B5684,スギ薬局,二条店,
ICOCA,C7,B5685,スギ薬局,二条店,
ICOCA,C7,B56DF,ジャパン,奈良尼ヶ辻店,
ICOCA,C7,B5816,スギ薬局,通天閣店,
ICOCA,C7,B58BE,スギドラッグ,新京極店,
ICOCA,C7,B58BF,スギドラッグ,新京極店,
ICOCA,C7,B58C0,スギドラッグ,新京極店,
ICOCA,C7,B58C1,スギドラッグ,新京極店,
ICOCA,C7,B5940,ジャパン,宇治小倉店,
ICOCA,C7,B5980,スギ薬局,京都市役所前店,
ICOCA,C7,B5981,スギ薬局,京都市役所前店,
ICOCA,C7,B5982,スギ薬局,京都市役所前店,
ICOCA,C7,B5983,スギ薬局,京都市役所前店,
ICOCA,C7,B59AA,スギ薬局,四条河原町店,
ICOCA,C7,B59AB,スギ薬局,四条河原町店,
ICOCA,C7,B59AC,スギ薬局,四条河原町店,
ICOCA,C7,B59AD,スギ薬局,四条河原町店,
ICOCA,C7,B5B29,餃子の王将,七条烏丸店,
ICOCA,C7,B5B2C,餃子の王将,三宮下山手通り店,
ICOCA,C7,B5B99,#信州そば処#そじ坊,西大寺ならファミリー店,
ICOCA,C7,B5BC9,バケット,Bread Viking ならファミリー店,
ICOCA,C7,B5C03,ミスタードーナツ,##西大寺#ショップ,
ICOCA,C7,B5C0E,丸亀製麺,ならファミリー店,
ICOCA,C7,B5C93,成城石井,梅田店,
ICOCA,C7,B5C94,成城石井,梅田店,
ICOCA,C7,B5C95,成城石井,梅田店,
ICOCA,C7,B5C96,成城石井,梅田店,
ICOCA,C7,B5C97,成城石井,梅田店,
ICOCA,C7,B5CA5,ネスカフェ スタンド,阪急 総持寺店,
ICOCA,C7,B5CA7,ネスカフェ スタンド,阪急 高槻市店,
ICOCA,C7,B5CAF,ネスカフェスタンド,清荒神店,
ICOCA,C7,B5CB2,ネスカフェ スタンド,阪急 富田店,
ICOCA,C7,B5E6D,業務スーパー,城東古市店,
ICOCA,C7,B5ED3,カフェ アトリオ,,
ICOCA,C7,B608A,マツモトキヨシ,京都新京極店,
ICOCA,C7,B60E4,マツモトキヨシ,京都四条河原町店,
ICOCA,C7,B60E5,マツモトキヨシ,京都四条河原町店,
ICOCA,C7,B60E6,マツモトキヨシ,京都四条河原町店,
ICOCA,C7,B6122,マツモトキヨシ,コトクロス阪急河原町店,
ICOCA,C7,B6123,マツモトキヨシ,コトクロス阪急河原町店,
ICOCA,C7,B6124,マツモトキヨシ,コトクロス阪急河原町店,
ICOCA,C7,B615D,マツモトキヨシ,京都三条河原町店,
ICOCA,C7,B61B7,#珈琲所#コメダ珈琲店,丸亀飯山店,
ICOCA,C7,B6264,両備バス,岡山駅西口バスセンター,
ICOCA,C7,B6363,キリン堂,くいな橋店,
ICOCA,C7,B6364,キリン堂,くいな橋店,
ICOCA,C7,B6365,キリン堂,くいな橋店,
ICOCA,C7,B681D,神戸空港海上アクセスターミナル,神戸‐関空ベイ・シャトル,
ICOCA,C7,B683E,マツモトキヨシ,シーモール店,
ICOCA,C7,B683F,マツモトキヨシ,シーモール店,
ICOCA,C7,B6840,マツモトキヨシ,シーモール店,
ICOCA,C7,B6A43,スギ薬局,ミ・ナーラ店,
ICOCA,C7,B6A44,スギ薬局,ミ・ナーラ店,
ICOCA,C7,B6A45,スギ薬局,ミ・ナーラ店,
ICOCA,C7,B6B36,ブックオフ,神戸西鈴蘭台店,
ICOCA,C7,B6B8A,甲南PA(下り),ショッピングコーナー,
ICOCA,C7,B6C18,#ディスカウントドラッグ#コスモス,歌舞伎町一丁目店,
ICOCA,C7,B71D3,アークホテル,広島駅南,
ICOCA,C7,B71D5,アークホテル,京都,
ICOCA,C7,B71FA,成城石井,大和西大寺店,
ICOCA,C7,B71FC,箱夢,近鉄奈良駅店,
ICOCA,C7,B7341,マツモトキヨシ,高松丸亀町店,
ICOCA,C7,B7595,ホテルルートイン,高松屋島,
ICOCA,C7,B7826,ラウンドワン,奈良 ミ・ナーラ店,
ICOCA,C7,B7A71,ドラッグユタカ,宇治小倉店,
ICOCA,C7,B7D33,御座候,京都高島屋店,
ICOCA,C7,B801A,エキ・タカ,泉ケ丘,
ICOCA,C7,B8071,#オムライスの店#北極星,近鉄難波駅店,
ICOCA,C7,B8577,餃子の王将,大手筋店,
ICOCA,C7,B8579,餃子の王将,槇島店,
ICOCA,C7,B8581,餃子の王将,徳島駅前店,
ICOCA,C7,B858A,餃子の王将,広島袋町店,
ICOCA,C7,B871E,アグリファーム高知,,
ICOCA,C7,B8736,調剤薬局 マツモトキヨシ,淡路駅前店,
ICOCA,C7,B8C70,魚菜 うえぱら,,
ICOCA,C7,B8C8C,MEGAドン・キホーテ,新世界店,
ICOCA,C7,B8D5A,#珈琲所#コメダ珈琲店,新居浜店,
ICOCA,C7,B8EBD,餃子の王将,プレンティ西神中央店,
ICOCA,C7,B8F35,#飛鳥総合案内所#飛鳥びとの館,,
ICOCA,C7,B9061,ドン・キホーテ,法円坂店,
ICOCA,C7,B9192,ダイソー,アルデ新大阪店,
ICOCA,C7,B91A8,スターバックスコーヒー,JR新大阪アルデ店,
ICOCA,C7,B91B5,さかなやのmaru寿司,新大阪店,
ICOCA,C7,B91B7,鶏太郎,アルデ新大阪店,
ICOCA,C7,B91B8,とんかつKYK,アルデ新大阪店,
ICOCA,C7,B91B9,近江スエヒロ,新大阪茶屋,
ICOCA,C7,B91BD,コカルド,アルデ新大阪店,
ICOCA,C7,B91BE,辻利,アルデ新大阪店,
ICOCA,C7,B91BF,辻利,アルデ新大阪店,
ICOCA,C7,B91C5,#大衆そば居酒屋#しのぶ庵,新大阪店,
ICOCA,C7,B91C6,たこ昌,新大阪店,
ICOCA,C7,B91C8,#トンテキ&チキンカツ#グリレッタ,JR新大阪駅店,
ICOCA,C7,B91C9,#大阪焼肉#松屋,新大阪店,
ICOCA,C7,B91CE,#たこ焼道楽#わなか,新大阪駅店,
ICOCA,C7,B91D1,arde!ひろば,催事レジ,
ICOCA,C7,B9312,BAKE the SHOP,コトチカ京都店,
ICOCA,C7,B9324,がんこ,寿司・伊丹空港店,
ICOCA,C7,B9343,WOLFGANG PUCK PIZZA,大阪国際空港店,
ICOCA,C7,B9351,スターバックスコーヒー,大阪国際空港国内線南ゲートエリア店,
ICOCA,C7,B9467,リトルマーメイド,シャミネ松江店,
ICOCA,C7,B946D,スターバックスコーヒー,シャミネ松江店,
ICOCA,C7,B9476,ドトールコーヒーショップ,シャミネ松江店,
ICOCA,C7,B94AA,ヴィ・ド・フランス,鳥取店,
ICOCA,C7,B9511,どうとんぼり神座,関西国際空港 Tasty Street店,
ICOCA,C7,B96E4,ミスタードーナツ,##江坂東急#ショップ,
ICOCA,C7,B975D,#珈琲所#コメダ珈琲店,呉市役所前店,
ICOCA,C7,B99E8,ホテルリブマックス,京都鴨川前,
ICOCA,C7,B99F5,ナンコクスーパー,パステ店,
ICOCA,C7,B99F9,ナンコクスーパー,パステ店,
ICOCA,C7,B9DCD,ミスタードーナツ,##箕面#ショップ,
ICOCA,C7,B9DCE,ミスタードーナツ,##箕面#ショップ,
ICOCA,C7,B9E29,#和歌山中華そば#丸美商店,,
ICOCA,C7,B9E86,たも屋,林店,
ICOCA,C7,BA0D5,ドラッグユタカ,槇島店,
ICOCA,C7,BA0D6,ドラッグユタカ,槇島店,
ICOCA,C7,BA0D7,ドラッグユタカ,槇島店,
ICOCA,C7,BA115,大阪王将,橋本店,
ICOCA,C7,BA196,髪一,小倉店,
ICOCA,C7,BA1AD,UCCコーヒー博物館,受付,
ICOCA,C7,BA2F2,ドトールコーヒーショップ,JR倉敷駅店,
ICOCA,C7,BA347,#極旨醤油#らーめん一刻魁堂,サンステーションテラス福山店,
ICOCA,C7,BA364,カレーハウスCoCo壱番屋,福山駅店,
ICOCA,C7,BA3AC,瀬戸の祭り寿し,兵庫町店,
ICOCA,C7,BA4E1,マツモトキヨシ,帯屋町店,
ICOCA,C7,BA785,スギ薬局,西賀茂店,
ICOCA,C7,BA786,スギ薬局,西賀茂店,
ICOCA,C7,BA787,スギ薬局,西賀茂店,
ICOCA,C7,BA806,ミスタードーナツ,##七尾#ショップ,
ICOCA,C7,BAA4B,ココカラファイン,壬生店,
ICOCA,C7,BAA4C,ココカラファイン,壬生店,
ICOCA,C7,BAB47,ココカラファイン,大宮鞍馬口店,
ICOCA,C7,BAB48,ココカラファイン,大宮鞍馬口店,
ICOCA,C7,BAB94,小倉鉄なべ,エキナカ店,
ICOCA,C7,BACC0,ホテルルートイン,益田,
ICOCA,C7,BAD0E,#珈琲所#コメダ珈琲店,アルビ住道店,
ICOCA,C7,BAD1A,エピシェール,住道,
ICOCA,C7,BAD1B,エピシェール,住道,
ICOCA,C7,BAD1E,クックデリ御膳,住道店,
ICOCA,C7,BB08C,モスバーガー,近鉄奈良店,
ICOCA,C7,BB08D,モスバーガー,近鉄奈良店,
ICOCA,C7,BB1DD,デニーズ,長居公園店,
ICOCA,C7,BB1E4,デニーズ,天王寺店,
ICOCA,C7,BB513,スターバックスコーヒー,エキマルシェ大阪店,
ICOCA,C7,BB9DC,ミスタードーナツ,##泉北パンジョ#ショップ,
ICOCA,C7,BB9E3,ミスタードーナツ,##和歌山駅前#ショップ,
ICOCA,C7,BBA13,ミスタードーナツ,##JR千里丘#ショップ,
ICOCA,C7,BBA15,ミスタードーナツ,##JR福知山#ショップ,
ICOCA,C7,BBA39,ミスタードーナツ,##河内長野駅前#ショップ,
ICOCA,C7,BBA3A,ミスタードーナツ,##河内長野駅前#ショップ,
ICOCA,C7,BBA44,ミスタードーナツ,##フジグラン松山ショップ,
ICOCA,C7,BBA4A,ミスタードーナツ,##ベルマージュ堺#ショップ,
ICOCA,C7,BBA6D,ミスタードーナツ,##北野田駅前#ショップ,
ICOCA,C7,BBA6E,ミスタードーナツ,##北野田駅前#ショップ,
ICOCA,C7,BBA70,ミスタードーナツ,##重信#ショップ,
ICOCA,C7,BBA81,ミスタードーナツ,##亀岡駅前#ショップ,
ICOCA,C7,BBA98,ミスタードーナツ,##姫原#ショップ,
ICOCA,C7,BBAA0,ミスタードーナツ,##新石切#ショップ,
ICOCA,C7,BBAA1,ミスタードーナツ,##新石切#ショップ,
ICOCA,C7,BBABC,ミスタードーナツ,##JR広島ステーション#ショップ,
ICOCA,C7,BBABF,ミスタードーナツ,##シーモール下関#ショップ,
ICOCA,C7,BBADA,ミスタードーナツ,##ゆめタウン姫路#ショップ,
ICOCA,C7,BBADB,ミスタードーナツ,##ゆめタウン姫路#ショップ,
ICOCA,C7,BBAE7,ミスタードーナツ,##ゆめタウン安古市#ショップ,
ICOCA,C7,BBAF7,ミスタードーナツ,##フジグランナタリー#ショップ,
ICOCA,C7,BBB2C,ミスタードーナツ,##ゆめタウン広島#ショップ,
ICOCA,C7,BBB38,ミスタードーナツ,##高知帯屋町#ショップ,
ICOCA,C7,BBB4C,ミスタードーナツ,##フレスポ長田ショップ,
ICOCA,C7,BBB4D,ミスタードーナツ,##フレスポ長田ショップ,
ICOCA,C7,BBB52,ミスタードーナツ,##ベルテラスいこま#ショップ,
ICOCA,C7,BBB53,ミスタードーナツ,##ベルテラスいこま#ショップ,
ICOCA,C7,BBB7A,#珈琲所#コメダ珈琲店,広島大手町店,
ICOCA,C7,BBB7D,#珈琲所#コメダ珈琲店,さぬき高松今里店,
ICOCA,C7,BBB7E,#珈琲所#コメダ珈琲店,高松三名店,
ICOCA,C7,BBB7F,#珈琲所#コメダ珈琲店,高知インター店,
ICOCA,C7,BBBE4,#珈琲所#コメダ珈琲店,京田辺三山木店,
ICOCA,C7,BBBEB,#珈琲所#コメダ珈琲店,奈良中央店,
ICOCA,C7,BBBEE,#珈琲所#コメダ珈琲店,奈良二条大路店,
ICOCA,C7,BBBF2,#珈琲所#コメダ珈琲店,奈良中町店,
ICOCA,C7,BBC11,#珈琲所#コメダ珈琲店,益田あけぼの店,
ICOCA,C7,BC026,餃子の王将,太秦店,
ICOCA,C7,BC045,餃子の王将,宝ケ池店,
ICOCA,C7,BC046,餃子の王将,宝ケ池店,
ICOCA,C7,BC05C,餃子の王将,京橋駅前店,
ICOCA,C7,BC07B,餃子の王将,奈良都跡店,
ICOCA,C7,BC089,餃子の王将,天王寺堀越店,
ICOCA,C7,BC0A6,餃子の王将,JR福知山駅店,
ICOCA,C7,BC0B9,餃子の王将,鯖江店,
ICOCA,C7,BC0CB,餃子の王将,高松春日店,
ICOCA,C7,BC0DB,餃子の王将,西九条店,
ICOCA,C7,BC0E8,餃子の王将,山科駅前店,
ICOCA,C7,BC0F0,餃子の王将,高松南新町店,
ICOCA,C7,BC0F2,餃子の王将,橿原神宮店,
ICOCA,C7,BC0F9,餃子の王将,綾川店,
ICOCA,C7,BC101,餃子の王将,近鉄奈良駅前店,
ICOCA,C7,BC30C,デイリーヤマザキ,宇治槙島店,
ICOCA,C7,BC30D,デイリーヤマザキ,宇治槙島店,
ICOCA,C7,BC6C0,ホームセンターブリコ,介良店,
ICOCA,C7,BC6E2,#御料理#綾瀬,,
ICOCA,C7,BC6E3,ココカラファイン,五条西小路店,
ICOCA,C7,BC6E4,ココカラファイン,五条西小路店,
ICOCA,C7,BC6E5,ココカラファイン,五条西小路店,
ICOCA,C7,BC7D0,ミスタードーナツ,##防府#ショップ,
ICOCA,C7,BC8DA,うめもり,橿原神宮店,
ICOCA,C7,BC8EB,#ホームセンター#ハマート,横浜店,
ICOCA,C7,BC944,デイリーヤマザキ,奈良神殿店,
ICOCA,C7,BC945,デイリーヤマザキ,奈良神殿店,
ICOCA,C7,BC947,デイリーヤマザキ,岡山東山店,
ICOCA,C7,BC976,デイリーヤマザキ,大阪恵美須東店,
ICOCA,C7,BC99C,デイリーヤマザキ,和歌山吉礼店,
ICOCA,C7,BC9E2,デイリーヤマザキ,西中島5丁目店,
ICOCA,C7,BC9F2,ニューヤマザキデイリーストア,しあわせの村本館店,
ICOCA,C7,BC9F5,ニューヤマザキデイリーストア,国際会館駅店,
ICOCA,C7,BC9F6,ニューヤマザキデイリーストア,国際会館駅店,
ICOCA,C7,BCAB0,らしんばん,大阪日本橋店,
ICOCA,C7,BCACC,いきなり!ステーキ,カリーノ江坂店,
ICOCA,C7,BCC05,A-プライス,西京極店,
ICOCA,C7,BCC06,A-プライス,西京極店,
ICOCA,C7,BCC07,A-プライス,西京極店,
ICOCA,C7,BCF10,シナボン・シアトルズベストコーヒー,ルクア大阪店,
ICOCA,C7,BCF11,シナボン・シアトルズベストコーヒー,ルクア大阪店,
ICOCA,C7,BCFE0,KitCHEN & MARKET,ルクア大阪店,
ICOCA,C7,BD33C,PRONTO,姫路駅店,
ICOCA,C7,BD519,ニューヤマザキデイリーストア,スターゲイト関西店,
ICOCA,C7,BD534,デイリーヤマザキ,富山磯部町店,
ICOCA,C7,BD549,ニューヤマザキデイリーストア,奈良猿沢Deer店,
ICOCA,C7,BD54A,ニューヤマザキデイリーストア,奈良猿沢Deer店,
ICOCA,C7,BD558,デイリーヤマザキ,金蔵寺町店,
ICOCA,C7,BD587,デイリーヤマザキ,木津駅前店,
ICOCA,C7,BD5B6,デイリーヤマザキ,奈良尼ケ辻店,
ICOCA,C7,BD5BB,デイリーヤマザキ,河原町松原店,
ICOCA,C7,BD5BC,デイリーヤマザキ,河原町松原店,
ICOCA,C7,BD5CC,デイリーヤマザキ,富山千石町店,
ICOCA,C7,BD5D6,デイリーヤマザキ,近鉄奈良駅前店,
ICOCA,C7,BD5D7,デイリーヤマザキ,近鉄奈良駅前店,
ICOCA,C7,BD5D9,デイリーヤマザキ,広島松川町店,
ICOCA,C7,BD5DA,デイリーヤマザキ,広島松川町店,
ICOCA,C7,BD889,カルテット川西,,
ICOCA,C7,BDC4B,アニメイト,大阪日本橋店,
ICOCA,C7,BDC4E,アニメイト,大阪日本橋店,
ICOCA,C7,BDC4F,アニメイト,大阪日本橋店,
ICOCA,C7,BDC9E,アニメイト,高知店,
ICOCA,C7,BDCD5,ゲーマーズ,なんば店,
ICOCA,C7,BDDA1,ニューヤマザキデイリーストア,奈良市役所店,
ICOCA,C7,BDDCF,デイリーヤマザキ,キメックセンタービル店,
ICOCA,C7,BDE0B,デイリーヤマザキ,かつらぎ町妙寺店,
ICOCA,C7,BDE0D,デイリーヤマザキ,広島天神川駅前店,
ICOCA,C7,BDEF3,丸亀製麺,高知店,
ICOCA,C7,BDF0C,丸亀製麺,三次店,
ICOCA,C7,BE149,欧風料理 monte,,
ICOCA,C7,BE512,HOW,広畑病院店,
ICOCA,C7,BE6F8,HOW,明舞中央病院店,
ICOCA,C7,BE820,フクヤ,谷町筋天満橋店,
ICOCA,C7,BE88D,ヤマザキショップ,和歌山駅前店,
ICOCA,C7,BECA4,CAFFÈ CIAO PRESSO & cookhouse,西大寺駅店,
ICOCA,C7,BECA5,CAFFÈ CIAO PRESSO & cookhouse,西大寺駅店,
ICOCA,C7,BECA6,CAFFÈ CIAO PRESSO & cookhouse,西大寺駅店,
ICOCA,C7,BECA8,CAFFÈ CIAO PRESSO,京都駅店,
ICOCA,C7,BECA9,CAFFÈ CIAO PRESSO,上本町駅店,
ICOCA,C7,BECAB,CAFFÈ CIAO PRESSO\&YAMATO BREWERY,奈良駅店,
ICOCA,C7,BED33,#珈琲所#コメダ珈琲店,エルティ草津店,
ICOCA,C7,BED7D,#FOOD SHOP#メッサ北野,,
ICOCA,C7,BED7E,#FOOD SHOP#メッサ北野,,
ICOCA,C7,BED7F,#FOOD SHOP#メッサ北野,,
ICOCA,C7,BED80,#FOOD SHOP#メッサ北野,,
ICOCA,C7,BED81,#FOOD SHOP#メッサ北野,,
ICOCA,C7,BEF5C,ホテルルートイン,浜田駅前,
ICOCA,C7,BF062,紀伊國屋書店,丸亀店,
ICOCA,C7,BF064,紀伊國屋書店,丸亀店,
ICOCA,C7,BF27F,フレッシュネスバーガー,マリタイムプラザ店,
ICOCA,C7,BF44B,#つけ麺本舗#ばくだんや,エキシティ店,
ICOCA,C7,BF856,ビックカメラ,なんば店,
ICOCA,C7,BF860,ビックカメラ,なんば店,
ICOCA,C7,BF866,ビックカメラ,なんば店,
ICOCA,C7,BFCC6,穴水町物産館 四季彩々,,
ICOCA,C7,BFD76,ビックカメラ,あべのキューズモール店,
ICOCA,C7,BFD78,ビックカメラ,あべのキューズモール店,
ICOCA,C7,BFD7D,ビックカメラ,あべのキューズモール店,
ICOCA,C7,BFDE7,コジマ×ビックカメラ,高野店,
ICOCA,C7,BFDE8,コジマ×ビックカメラ,高野店,
ICOCA,C7,BFDE9,コジマ×ビックカメラ,高野店,
ICOCA,C7,BFE55,ニューヤマザキデイリーストア,香川坂出市立病院店,
ICOCA,C7,C0490,デイリーヤマザキ,京都伏見稲荷大社前店,
ICOCA,C7,C1015,SkyShopアイアイ,,
ICOCA,C7,C1016,SkyShopアイアイ,,
ICOCA,C7,C1D9A,シュープラザ,高知パワーセンター店,
ICOCA,C7,C1E9B,ダイコクドラッグ,高松丸亀町店,
ICOCA,C7,C1E9C,ダイコクドラッグ,高松丸亀町店,
ICOCA,C7,C1E9D,ダイコクドラッグ,高松丸亀町店,
ICOCA,C7,C1E9E,ダイコクドラッグ,高松丸亀町店,
ICOCA,C7,C2657,ミスタードーナツ,##テラッソ姫路#ショップ,
ICOCA,C7,C2C00,#ステーキの店#吉備,さんすて岡山店,
ICOCA,C7,C2C02,バール・デルソーレ,さんすて岡山店,
ICOCA,C7,C2C05,だし茶漬け えん,さんすて岡山店,
ICOCA,C7,C2C0F,麺屋匠,さんすて岡山店,
ICOCA,C7,C2C15,スターバックスコーヒー,さんすて岡山店,
ICOCA,C7,C2C28,廣榮堂,さんすて岡山店,
ICOCA,C7,C2C36,焼肉ライク,さんすて岡山店,
ICOCA,C7,C2C42,#FRUIT-CAKE-FLOWER#花いちご,,
ICOCA,C7,C2C44,ヴィ・ド・フランス,岡山店,
ICOCA,C7,C2EA1,ローマ軒,アルデ新大阪店,
ICOCA,C7,C2EA4,ミスタードーナツ,##アルデ新大阪#ショップ,
ICOCA,C7,C2EBC,ココス,都跡店,
ICOCA,C7,C304F,カレーハウスCoCo壱番屋,西広島駅前店,
ICOCA,C7,C3162,ホテルルートイン,桜井駅前,
ICOCA,C7,C347A,キリン堂,京都河原町店,
ICOCA,C7,C347B,キリン堂,京都河原町店,
ICOCA,C7,C347C,キリン堂,京都河原町店,
ICOCA,C7,C3612,じゃんぱら,広島店,
ICOCA,C7,C39C0,ビックカメラ,岡山駅前店,
ICOCA,C7,C39F3,ビックドラッグ,岡山駅前店,
ICOCA,C7,C3A01,ビックカメラ,岡山駅前店,
ICOCA,C7,C3A04,ビックドラッグ,岡山駅前店,
ICOCA,C7,C3A52,ソフマップ,なんば店,
ICOCA,C7,C3A5E,ソフマップ,なんば店,
ICOCA,C7,C3A61,ソフマップ,なんば店,
ICOCA,C7,C3D8A,#極みとんかつ#かつ喜,桂川店,
ICOCA,C7,C3E31,ノムラクリーニング,イオンタウン富雄南店,
ICOCA,C7,C3E33,理容サービス,イオンタウン富雄南店,
ICOCA,C7,C3E54,ピザハット,イオンタウン富雄南店,
ICOCA,C7,C4082,ポポンデッタ,イオンモール岡山店,
ICOCA,C7,C42AD,カットサービス,イオン登美ヶ丘店,
ICOCA,C7,C42D2,旭屋書店,イオンモール奈良登美ヶ丘店,
ICOCA,C7,C42D5,#自家製麺醤油ラーメン#丸醤屋,イオンモール奈良登美ヶ丘店,
ICOCA,C7,C42D6,丸亀製麺,イオンモール奈良登美ヶ丘店,
ICOCA,C7,C42E1,ダイソー,イオンモール奈良登美ヶ丘店,
ICOCA,C7,C42E5,旭屋書店,イオンモール奈良登美ヶ丘店,
ICOCA,C7,C42E7,スターバックスコーヒー,イオンモール奈良登美ヶ丘店,
ICOCA,C7,C42E8,スターバックスコーヒー,イオンモール奈良登美ヶ丘店,
ICOCA,C7,C42F7,アルク,イオンモール登美ヶ丘店,
ICOCA,C7,C4339,無印良品,イオンモール姫路大津,
ICOCA,C7,C4351,丸亀製麺,イオンモール姫路大津店,
ICOCA,C7,C4353,ミスタードーナツ,##イオンモール姫路大津#ショップ,
ICOCA,C7,C4357,リンガーハット,イオンモール姫路大津店,
ICOCA,C7,C4359,ミスタードーナツ,##イオンモール姫路大津#ショップ,
ICOCA,C7,C435A,ミスタードーナツ,##イオンモール姫路大津#ショップ,
ICOCA,C7,C45A3,未来屋書店,高の原店,
ICOCA,C7,C45B5,丸亀製麺,イオンモール高の原店,
ICOCA,C7,C4767,丸福珈琲店,大日店,
ICOCA,C7,C47E3,丸亀製麺,イオンモール大日店,
ICOCA,C7,C48EB,ミスターミニット,イオンモール北大路,
ICOCA,C7,C48EF,HANAHIKO,,
ICOCA,C7,C4902,フレッシュネスバーガー,イオンモール北大路店,
ICOCA,C7,C4909,リンガーハット,イオンモール北大路店,
ICOCA,C7,C495F,ミスタードーナツ,##イオンモール大阪ドームシティ#ショップ,
ICOCA,C7,C4AEB,ミスタードーナツ,##イオンモール茨木#ショップ,
ICOCA,C7,C4E25,ミニストップ,御堂筋本町店,
ICOCA,C7,C4E5D,ミニストップ,東大阪宝持店,
ICOCA,C7,C4E5E,ミニストップ,東大阪宝持店,
ICOCA,C7,C4E6B,ミニストップ,堺美木多上店,
ICOCA,C7,C4E70,ミニストップ,加納8丁目店,
ICOCA,C7,C4E71,ミニストップ,加納8丁目店,
ICOCA,C7,C4E7B,ミニストップ,小松島町店,
ICOCA,C7,C4E9D,ミニストップ,南船場店,
ICOCA,C7,C4EB1,ミニストップ,京都水族館前店,
ICOCA,C7,C4EB2,ミニストップ,京都水族館前店,
ICOCA,C7,C4EB3,ミニストップ,京都原谷店,
ICOCA,C7,C4EB4,ミニストップ,京都原谷店,
ICOCA,C7,C4EC3,ミニストップ,四條畷田原台店,
ICOCA,C7,C4EC4,ミニストップ,四條畷田原台店,
ICOCA,C7,C4ED1,ミニストップ,脇町店,
ICOCA,C7,C4EDB,ミニストップ,福知山羽合店,
ICOCA,C7,C4EDC,ミニストップ,夕陽ヶ丘店加賀徳酒店,
ICOCA,C7,C4EDE,ミニストップ,高松駅前店,
ICOCA,C7,C4EDF,ミニストップ,高松駅前店,
ICOCA,C7,C4EE1,ミニストップ,青葉堂浪速元町店,
ICOCA,C7,C4EE2,ミニストップ,青葉堂浪速元町店,
ICOCA,C7,C4EE5,ミニストップ,川田4丁目店,
ICOCA,C7,C4EE6,ミニストップ,川田4丁目店,
ICOCA,C7,C4EF2,ミニストップ,堺北野田店,
ICOCA,C7,C4EF4,ミニストップ,園部町宮町店,
ICOCA,C7,C4F12,ミニストップ,東舞鶴三本木店,
ICOCA,C7,C4F25,ミニストップ,桜井大福店,
ICOCA,C7,C4F26,ミニストップ,桜井大福店,
ICOCA,C7,C4F51,ミニストップ,太秦一ノ井町店,
ICOCA,C7,C4F52,ミニストップ,太秦一ノ井町店,
ICOCA,C7,C4F67,ミニストップ,神戸大原店,
ICOCA,C7,C4F68,ミニストップ,神戸大原店,
ICOCA,C7,C4F70,ミニストップ,御領1丁目店,
ICOCA,C7,C4F84,ミニストップ,東舞鶴勘尻店,
ICOCA,C7,C4F85,ミニストップ,東舞鶴勘尻店,
ICOCA,C7,C4FA2,ミニストップ,橿原曲川店,
ICOCA,C7,C4FA3,ミニストップ,橿原曲川店,
ICOCA,C7,C4FA4,ミニストップ,帝塚山6丁目店,
ICOCA,C7,C4FA5,ミニストップ,帝塚山6丁目店,
ICOCA,C7,C4FA6,ミニストップ,綾南町店,
ICOCA,C7,C4FA7,ミニストップ,綾南町店,
ICOCA,C7,C4FBA,ミニストップ,長田東1丁目店,
ICOCA,C7,C4FBB,ミニストップ,長田東1丁目店,
ICOCA,C7,C4FBD,ミニストップ,真菅オカモト酒店,
ICOCA,C7,C4FBE,ミニストップ,真菅オカモト酒店,
ICOCA,C7,C4FC1,ミニストップ,枚方村野高見台店,
ICOCA,C7,C4FC2,ミニストップ,枚方村野高見台店,
ICOCA,C7,C5017,ミニストップ,中山寺駅前店,
ICOCA,C7,C5018,ミニストップ,中山寺駅前店,
ICOCA,C7,C501E,ミニストップ,大飯運動公園前店,
ICOCA,C7,C502E,ミニストップ,豊崎5丁目店,
ICOCA,C7,C502F,ミニストップ,豊崎5丁目店,
ICOCA,C7,C5032,ミニストップ,西中島4丁目店,
ICOCA,C7,C5033,ミニストップ,西中島4丁目店,
ICOCA,C7,C5053,ミニストップ,上野長田店,
ICOCA,C7,C5054,ミニストップ,上野長田店,
ICOCA,C7,C5064,ミニストップ,丸亀城西店,
ICOCA,C7,C5072,ミニストップ,敦賀古田刈店,
ICOCA,C7,C5075,ミニストップ,綾部井倉店,
ICOCA,C7,C50AB,KOHYO,堺店,
ICOCA,C7,C5106,マックスバリュ,御津店,
ICOCA,C7,C52C4,マックスバリュ,夢前店,
ICOCA,C7,C53F1,イオンスタイル,堺鉄砲町,
ICOCA,C7,C58AC,キャンドゥ,イオンモール北大路店,
ICOCA,C7,C58AD,キャンドゥ,イオンモール北大路店,
ICOCA,C7,C58AE,キャンドゥ,イオンモール北大路店,
ICOCA,C7,C5A00,ザ・ビッグ,岩国店,
ICOCA,C7,C6074,イオン,登美ヶ丘店,
ICOCA,C7,C6084,イオン,登美ヶ丘店,
ICOCA,C7,C6086,イオン,登美ヶ丘店,
ICOCA,C7,C62E3,ミニストップ,大宮南山ノ前店,
ICOCA,C7,C62E4,ミニストップ,大宮南山ノ前店,
ICOCA,C7,C6657,美容プラージュ,西院店,
ICOCA,C7,C6676,ミニストップ,徳島南二軒屋町店,
ICOCA,C7,C67B7,ミニストップ,帝塚山6丁目店,
ICOCA,C7,C67B8,ミニストップ,帝塚山6丁目店,
ICOCA,C7,C6872,ミニストップ,山川町湯立店,
ICOCA,C7,C6B02,ミニストップ,桜井三輪店,
ICOCA,C7,C6B03,ミニストップ,桜井三輪店,
ICOCA,C7,C7516,トロッコ亀岡,嵯峨野観光鉄道 嵯峨野観光線,
ICOCA,C7,C7BF8,イオンスタイル,徳島,
ICOCA,C7,C8530,薬のヒグチ,モアーズワン店,
ICOCA,C7,C8B33,ミニストップ,門真上野口町店,
ICOCA,C7,C99DA,ドトールコーヒーショップ,リピエ下関店,
ICOCA,C7,C9A8E,イオンスタイル,伊丹,
ICOCA,C7,C9C66,スターバックスコーヒー,イオンモール広島祇園店,
ICOCA,C7,C9C89,丸亀製麺,イオンモール広島祇園店,
ICOCA,C7,C9DAE,いきなり!ステーキ,イオンモールKYOTO店,
ICOCA,C7,C9E34,#珈琲所#コメダ珈琲店,イオンモールKYOTO店,
ICOCA,C7,CA60F,イオンスタイル,橿原,
ICOCA,C7,CA767,イオン,久御山店,
ICOCA,C7,CAB54,ミスタードーナツ,##イオンモール堺北花田#ショップ,
ICOCA,C7,CAE9E,牛角焼肉食堂,イオンモール高知店,
ICOCA,C7,CAF04,#信州そば処#そじ坊,高知イオンモール店,
ICOCA,C7,CB670,グルメシティ,北山店,
ICOCA,C7,CB859,イオンフードスタイル,東心斎橋店,
ICOCA,C7,CB8D5,ダイエー,名谷店,
ICOCA,C7,CB9F3,イオンフードスタイル,東向日店,
ICOCA,C7,CC48F,ダイエー,江坂駅前店,
ICOCA,C7,CC8A9,KOHYO,JR奈良店,
ICOCA,C7,CCA0B,グルメシティ,長田店,
ICOCA,C7,CD15A,ミニストップ,中百舌鳥駅前店,
ICOCA,C7,CD15B,ミニストップ,中百舌鳥駅前店,
ICOCA,C7,CD549,キャンドゥ,イオンモール姫路大津店,
ICOCA,C7,CD54A,キャンドゥ,イオンモール姫路大津店,
ICOCA,C7,CD705,イオンフードスタイル,ベルスト鈴蘭台店,
ICOCA,C7,CDB2F,マックスバリュ,中島店,
ICOCA,C7,CE438,イオン薬局,綾川店,
ICOCA,C7,CF1BF,まいづる観光ステーション,,
ICOCA,C7,CF331,とうふ伝好,,
ICOCA,C7,D0CB0,大戸屋,知寄町店,
ICOCA,C7,D1E6C,紹興酒家,,
ICOCA,C7,D1E77,PIZZERIA AL CENTRO,,
ICOCA,C7,D21E6,フレッシュネスバーガー,イオンモール高岡店,
ICOCA,C7,D21E7,丸亀製麺,イオンモール高岡店,
ICOCA,C7,D2378,銀山みやげ,JR大田市駅店,
ICOCA,C7,D2FAB,#横浜中華#王記厨房,イオンモール東員店,
ICOCA,C7,D5989,ギャラリーカフェ伊丹,,
ICOCA,C7,D7753,スターバックスコーヒー,金沢フォーラス6階クーゴ店,
ICOCA,C7,D7DA5,カギの救急車,奈良西店,
ICOCA,C7,D86A9,KOHYO,JR奈良店,
ICOCA,C7,D8DCF,イオンスタイル,京都桂川,
ICOCA,C7,D9A05,ミスタードーナツ,##イオン米子駅前#ショップ,
ICOCA,C7,D9ABE,サイゼリヤ,イオンモール綾川店,
ICOCA,C7,DE12C,しらゆり薬局,,
ICOCA,C7,DF6E3,KOHYO,内本町店,
ICOCA,C7,DF6E4,KOHYO,内本町店,
ICOCA,C7,DF6E5,KOHYO,内本町店,
ICOCA,C7,E46F4,こデリ,大阪常盤町店,
ICOCA,C7,E4CE3,KOHYO,藤森店,
ICOCA,C7,E4CE4,KOHYO,藤森店,
ICOCA,C7,E4CE5,KOHYO,藤森店,
ICOCA,C7,E4CE6,KOHYO,藤森店,
ICOCA,C7,E4CE7,KOHYO,藤森店,
ICOCA,C7,E4CE8,KOHYO,藤森店,
ICOCA,C7,E4DC3,セリア,テラッソ姫路店,
ICOCA,C7,E4DC4,セリア,テラッソ姫路店,
ICOCA,C7,E7F5E,#PREMIUM COFFEE#ドトール珈琲農園,ニトリ伏見向島店,
ICOCA,C7,E82A7,カレーハウスCoCo壱番屋,丸亀田村店,
ICOCA,C7,E8944,姫路キャッスルグランヴィリオホテル,,
ICOCA,C7,E8A77,カレーハウスCoCo壱番屋,福知山国道9号線店,
ICOCA,C7,E8A79,カレーハウスCoCo壱番屋,和歌山JR駅前店,
ICOCA,C7,E8C54,木と風と。,,
ICOCA,C7,E90C7,くすりのレデイ,綾川店,
ICOCA,C7,E90C8,くすりのレデイ,綾川店,
ICOCA,C7,E90C9,くすりのレデイ,綾川店,
ICOCA,C7,E9287,ほっともっと,下関幸町店,
ICOCA,C7,E9290,ほっともっと,長府才川店,
ICOCA,C7,E92A1,ほっともっと,向山店,
ICOCA,C7,E92BF,ほっともっと,長門駅前店,
ICOCA,C7,E92D2,ほっともっと,下関宝町店,
ICOCA,C7,E92D3,ほっともっと,下関宝町店,
ICOCA,C7,E92F8,カレーハウスCoCo壱番屋,広島三次店,
ICOCA,C7,E9304,ほっともっと,丸亀山北店,
ICOCA,C7,E9316,ほっともっと,府中うかい店,
ICOCA,C7,E9414,ほっともっと,倉吉伊木店,
ICOCA,C7,E9420,ほっともっと,益田あけぼの西町店,
ICOCA,C7,E9438,さぬきうどんの駅綾川,,
ICOCA,C7,E965C,はなまるうどん,富山駅前店,
ICOCA,C7,E965D,サンマルクカフェ,富山駅店,
ICOCA,C7,EA6A4,ツルハドラッグ,南国中央店,
ICOCA,C7,EA96E,ほていや,,
ICOCA,C7,EA9B9,ロフト,京都ロフト店,
ICOCA,C7,EA9BA,ロフト,京都ロフト店,
ICOCA,C7,EA9BB,ロフト,京都ロフト店,
ICOCA,C7,EA9DE,ロフト,生駒ロフト店,
ICOCA,C7,EA9EB,ほていや,,
ICOCA,C7,EAA2F,喜八洲総本舗,伊丹空港店,
ICOCA,C7,EAA97,どうとんぼり神座,大阪国際空港店,
ICOCA,C7,EAA98,美々卯,空味,
ICOCA,C7,EAA9C,#ラウンジ&バー#グラン・ブルー,伊丹空港店,
ICOCA,C7,EAAA0,#たこ家道頓堀#くくる,大阪国際空港店,
ICOCA,C7,EAACB,大阪たこ焼き たこぼん,,
ICOCA,C7,EAACC,りくろーおじさんの店,大阪伊丹空港店,
ICOCA,C7,EAACD,りくろーおじさんの店,大阪伊丹空港店,
ICOCA,C7,EAB10,グランヴィリオホテル宮島‐和蔵‐,,
ICOCA,C7,EAB34,近商ストア,学園前店,
ICOCA,C7,EAB49,近商ストア,西大寺店,
ICOCA,C7,EAB4A,近商ストア,西大寺店,
ICOCA,C7,EAB4B,近商ストア,西大寺店,
ICOCA,C7,EAB4C,近商ストア,西大寺店,
ICOCA,C7,EB001,スターバックスコーヒー,富山総曲輪フェリオ店,
ICOCA,C7,EB002,スターバックスコーヒー,富山総曲輪フェリオ店,
ICOCA,C7,EB1BB,Tecc LIFE SELECT,高知本店,
ICOCA,C7,EBBF6,#珈琲所#コメダ珈琲店,新宮緑ヶ丘店,
ICOCA,C7,EBE13,グランヴィリオホテル宮島‐和蔵‐,,
ICOCA,C7,EC3E7,ホテルルートイン,草津栗東‐栗東インター国道1号‐,
ICOCA,C7,EC737,フレッシュバザール,長岡京店,
ICOCA,C7,EC738,フレッシュバザール,長岡京店,
ICOCA,C7,EC739,フレッシュバザール,長岡京店,
ICOCA,C7,EC73A,フレッシュバザール,長岡京店,
ICOCA,C7,EC764,ミニフレッシュ,三和店,
ICOCA,C7,ECB30,オークワ,尼ヶ辻店,
ICOCA,C7,ECB31,オークワ,尼ヶ辻店,
ICOCA,C7,ECE4B,神乃珈琲,心斎橋パルコ店,
ICOCA,C7,ED525,ココカラファイン+イズミヤ,高野店,
ICOCA,C7,ED526,ココカラファイン+イズミヤ,高野店,
ICOCA,C7,EDA70,#信州そば処#そじ坊,高松オルネ店,
ICOCA,C7,EDA7B,杵屋,高松オルネ店,
ICOCA,C7,EDA98,業務スーパー,北白川店,
ICOCA,C7,EDA99,業務スーパー,北白川店,
ICOCA,C7,EDA9A,業務スーパー,北白川店,
ICOCA,C7,EDAA0,リトルマーメイド,高松駅店,
ICOCA,C7,EDAA1,リトルマーメイド,高松駅店,
ICOCA,C7,EDD08,ドラッグユタカ,西陣店,
ICOCA,C7,EDD09,ドラッグユタカ,西陣店,
ICOCA,C7,EE2FF,#山陰のお寿司#ヒトトセ,みなとさかい店,
ICOCA,C7,EF193,デイリーヤマザキ,東山三条店,
ICOCA,C7,EF194,デイリーヤマザキ,東山三条店,
ICOCA,C7,EF6B5,ツルハドラッグ,宇治徳洲会病院前店,
ICOCA,C7,EFA2B,近鉄百貨店,あべのハルカス近鉄本店,
ICOCA,C7,EFE5B,中浦本舗,アトネスいずも店,
ICOCA,C7,F0947,膳や,あべちか店,
ICOCA,C7,F098E,古潭,なんばウォーク中央店,
ICOCA,C7,F099F,スターバックスコーヒー,なんばウォーク店,
ICOCA,C7,F0C65,神農生活,,
ICOCA,C7,F0C84,A-プライス,京都南店,
ICOCA,C7,F0C85,A-プライス,京都南店,
ICOCA,C7,F0C86,A-プライス,京都南店,
ICOCA,C7,F1024,アパホテル,〈大阪谷町四丁目駅前北〉,
ICOCA,C7,F1038,アパホテル,〈京都駅堀川通〉,
ICOCA,C7,F107C,アパホテル,〈大阪門真市駅前〉,
ICOCA,C7,F108C,アパホテル,〈東梅田 南森町駅前〉,
ICOCA,C7,F19E9,餃子の王将,JR高知駅店,
ICOCA,C7,F1F84,アイン薬局,堀川店,
ICOCA,C7,F1FD5,アイン薬局,JA高知病院前店,
ICOCA,C7,F2526,餃子の王将,瓢箪山駅前店,
ICOCA,C7,F2750,ホテルルートイン,米子,
ICOCA,C7,F2C1A,ホテルルートイン,七尾駅東,
ICOCA,C7,F39CC,ヴィ・ド・フランス,奈良店,
ICOCA,C7,F3FC6,コッペ田島,大東店,
ICOCA,C7,F469B,ヨドバシカメラ,マルチメディア梅田,
ICOCA,C7,F46C8,ヨドバシカメラ,マルチメディア梅田,
ICOCA,C7,F46D5,ヨドバシカメラ,マルチメディア梅田,
ICOCA,C7,F46DA,ヨドバシカメラ,マルチメディア梅田,
ICOCA,C7,F46F5,ヨドバシカメラ,マルチメディア梅田,
ICOCA,C7,F4704,ヨドバシカメラ,マルチメディア梅田,
ICOCA,C7,F471C,ヨドバシカメラ,マルチメディア梅田,
ICOCA,C7,F476D,ヨドバシカメラ,マルチメディア梅田,
ICOCA,C7,F477B,ヨドバシカメラ,マルチメディア京都,
ICOCA,C7,F477C,ヨドバシカメラ,マルチメディア京都,
ICOCA,C7,F477E,ヨドバシカメラ,マルチメディア京都,
ICOCA,C7,F478E,ヨドバシカメラ,マルチメディア京都,
ICOCA,C7,F478F,ヨドバシカメラ,マルチメディア京都,
ICOCA,C7,F4790,ヨドバシカメラ,マルチメディア京都,
ICOCA,C7,F4791,ヨドバシカメラ,マルチメディア京都,
ICOCA,C7,F47A1,ヨドバシカメラ,マルチメディア京都,
ICOCA,C7,F47A2,ヨドバシカメラ,マルチメディア京都,
ICOCA,C7,F47A3,ヨドバシカメラ,マルチメディア京都,
ICOCA,C7,F47A4,ヨドバシカメラ,マルチメディア京都,
ICOCA,C7,F47B5,ヨドバシカメラ,マルチメディア京都,
ICOCA,C7,F47B6,ヨドバシカメラ,マルチメディア京都,
ICOCA,C7,F47B7,ヨドバシカメラ,マルチメディア京都,
ICOCA,C7,F47B8,ヨドバシカメラ,マルチメディア京都,
ICOCA,C7,F47C7,ヨドバシカメラ,マルチメディア京都,
ICOCA,C7,F47CF,ヨドバシカメラ,マルチメディア京都,
ICOCA,C7,F48C3,のとじま水族館,,
ICOCA,C7,F4903,フレスコ,大宮店,
ICOCA,C7,F4904,フレスコ,大宮店,
ICOCA,C7,F4905,フレスコ,大宮店,
ICOCA,C7,F491D,フレスコ,寺町店,
ICOCA,C7,F491E,フレスコ,寺町店,
ICOCA,C7,F491F,フレスコ,寺町店,
ICOCA,C7,F4933,フレスコ,五条西洞院店,
ICOCA,C7,F4934,フレスコ,五条西洞院店,
ICOCA,C7,F4935,フレスコ,五条西洞院店,
ICOCA,C7,F4936,フレスコ,五条西洞院店,
ICOCA,C7,F493B,フレスコ,烏丸店,
ICOCA,C7,F493C,フレスコ,烏丸店,
ICOCA,C7,F493D,フレスコ,烏丸店,
ICOCA,C7,F493E,フレスコ,烏丸店,
ICOCA,C7,F833A,フレスコ,堀川今出川店,
ICOCA,C7,F833B,フレスコ,堀川今出川店,
ICOCA,C7,F833C,フレスコ,堀川今出川店,
ICOCA,C7,F833E,フレスコ,御池店,
ICOCA,C7,F8346,フレスコ,山崎店,
ICOCA,C7,F83A5,フレスコ,プチ烏丸今出川店,
ICOCA,C7,F83A6,フレスコ,プチ烏丸今出川店,
ICOCA,C7,F83A7,フレスコ,プチ烏丸今出川店,
ICOCA,C7,F83A8,フレスコにっさん,太秦店,
ICOCA,C7,F83A9,フレスコにっさん,太秦店,
ICOCA,C7,F83AA,フレスコにっさん,太秦店,
ICOCA,C7,F83AB,フレスコにっさん,太秦店,
ICOCA,C7,F8760,サンマルクカフェ,高松丸亀町店,
ICOCA,C7,F878A,サンマルクカフェ,高知帯屋町店,
ICOCA,C7,F87CB,サンマルクカフェ,奈良三条店,
ICOCA,C7,F87CD,サンマルクカフェ,奈良東向商店街店,
ICOCA,C7,F87DB,フレスコ,スマイル大手筋店,
ICOCA,C7,F8804,のとじま水族館,,
ICOCA,C7,F8881,駿河屋,大阪日本橋本館,
ICOCA,C7,F91DE,フレスコ,御薗橋店,
ICOCA,C7,F91DF,フレスコ,御薗橋店,
ICOCA,C7,F91E0,フレスコ,御薗橋店,
ICOCA,C7,F9212,フレスコ,北白川店,
ICOCA,C7,F9213,フレスコ,北白川店,
ICOCA,C7,F9227,コレモ,千本中立売店,
ICOCA,C7,F9228,コレモ,千本中立売店,
ICOCA,C7,F9229,コレモ,千本中立売店,
ICOCA,C7,FAEE5,#ファッションセンター#しまむら,衣笠店,
ICOCA,C7,FAEE6,#ファッションセンター#しまむら,衣笠店,
ICOCA,C7,FAEE8,#ファッションセンター#しまむら,衣笠店,
ICOCA,C7,FAEE9,#ファッションセンター#しまむら,衣笠店,
ICOCA,C7,FAFD3,#ファッションセンター#しまむら,イオンタウン富雄南店,
ICOCA,C7,FB32B,#コミュニティカフェ#きらやま茶屋,,
ICOCA,C7,FB3EC,#ファッションセンター#しまむら,ミ・ナーラ店,
ICOCA,C7,FCE80,かつ庵,福知山店,
ICOCA,C7,FCE93,はま寿司,8号鯖江店,
ICOCA,C7,FCE99,すき家,312号峰山店,
ICOCA,C7,FCE9A,すき家,312号峰山店,
ICOCA,C7,FE662,すき家,阪急淡路西口店,
ICOCA,C7,FE67C,すき家,大正泉尾店,
ICOCA,C7,FEF53,さくらタクシー,加島第一営業所,
ICOCA,C7,FF69D,はま寿司,綾川店,
ICOCA,C8,02728,麺家,兵庫店,
ICOCA,C8,02743,麺家,京都下がも店,
ICOCA,C8,0276D,コインロッカー,#JR西日本#徳山駅,新幹線改札付近(改札外トイレ近く)
ICOCA,C8,02774,コインロッカー,#JR西日本#岡山駅,1F中央階段下北側
ICOCA,C8,027DE,自動販売機,#JR西日本#広島駅,1番線ホーム
ICOCA,C8,02837,コインロッカー,#JR西日本#下関駅,
ICOCA,C8,02838,京都駅ビル 西駐輪場,,
ICOCA,C8,0283A,コインロッカー,#JR西日本#金沢駅,金沢百番街 あんと西 B-5
ICOCA,C8,0283F,コインロッカー,#JR西日本#広島駅,新幹線待合前2
ICOCA,C8,02883,タイムズ,はりま勝原駅前,
ICOCA,C8,028EC,麺家,大阪みどう店,
ICOCA,C8,028F8,麺家,三ノ宮店,
ICOCA,C8,0293F,麺家,京橋外回り店,
ICOCA,C8,02946,自動販売機,ジェイアール京都伊勢丹,納品車出口横
ICOCA,C8,0294B,マネキダイニング,,
ICOCA,C8,02A6B,麺家,大阪みどう店,
ICOCA,C8,02AC8,松屋,住道店,
ICOCA,C8,02B43,めん処吉備,,
ICOCA,C8,02B53,マネキダイニング,加古川店,
ICOCA,C8,02BD1,自動販売機,#JR西日本#岩国駅,6·7番線ホーム
ICOCA,C8,02BF0,#岡山市コミュニティサイクル#ももちゃり,岡山駅東口ポート,
ICOCA,C8,02BFC,#岡山市コミュニティサイクル#ももちゃり,下石井二丁目,
ICOCA,C8,02C7A,ICOCAチャージ機,金沢百番街あんと 案内カウンター,
ICOCA,C8,02C8E,あじわい処 麺,,
ICOCA,C8,02CCB,コインロッカー,#JR西日本#金沢駅,金沢百番街 あんと南 D
ICOCA,C8,02D78,ICOCAチャージ機,金沢百番街RINTO 案内カウンター,
ICOCA,C8,02D7B,マルチ電子マネーチャージ機,タイトーステーション 難波店,1階
ICOCA,C8,05EA4,自動販売機,縄手松原パーキング,場外脇 大和大路通(縄手通)
ICOCA,C8,186A9,自動販売機,#JR西日本#福山駅,
ICOCA,C8,186B0,自動販売機,#JR西日本#福山駅,在来線改札内コンコース
ICOCA,C8,186D7,麺家⁺さがの,JR京都駅,
ICOCA,C8,186D8,麺家⁺さがの,JR京都駅,
ICOCA,C8,186DA,タイムズ,金沢駅屋上,
ICOCA,C8,18711,自動販売機,#JR四国#丸亀駅,1番のりば エレベーター前
ICOCA,C8,18734,驛麺家,広島駅店,
ICOCA,C8,1877B,博多一幸舎,エキマルシェ大阪店,
ICOCA,C8,187AA,#岡山市コミュニティサイクル#ももちゃり,岡山商工会議所ポート,
ICOCA,C8,1882B,こうべリンクル,三宮駅前,
ICOCA,C8,18837,立山そば,JR富山駅構内店,
ICOCA,C8,18840,タイムズ,菅原6丁目,
ICOCA,C8,1889B,サニープレイス,神戸三宮駐車場4,
ICOCA,C8,1889D,八条口まちかど駐輪場1,,
ICOCA,C8,188A5,麺家,草津店,
ICOCA,C8,188AE,松屋,春日井店,(松のや併設)
ICOCA,C8,188D0,自動販売機,#JR西日本#松江駅,1·2番線ホーム
ICOCA,C8,188DA,松のや,池田店,
ICOCA,C8,188E2,#麺匠#たか松,京都駅ビル拉麺小路店,
ICOCA,C8,188E3,ラーメン東大,京都店,
ICOCA,C8,188E4,#濃厚黒醤油 富山ブラック#麺家いろは,京都駅ビル店,
ICOCA,C8,188E5,麺や虎鉄,京都拉麺小路店,
ICOCA,C8,188ED,松屋,京橋南店,
ICOCA,C8,188EF,自動販売機,#JR西日本#松江駅,改札内 中2階
ICOCA,C8,18917,松屋,桜橋店,
ICOCA,C8,18918,松屋,桜橋店,
ICOCA,C8,1891B,松屋,四条大宮駅前店,
ICOCA,C8,1891C,松屋,河原町店,
ICOCA,C8,1891F,松屋,南森町駅前店,
ICOCA,C8,18935,松屋,山科店,
ICOCA,C8,18936,松屋,京都三条店,
ICOCA,C8,18937,松屋,難波千日前店,
ICOCA,C8,18938,松屋,京阪京橋店,
ICOCA,C8,1893B,松屋,長居店,
ICOCA,C8,1893C,松屋,南海難波店,
ICOCA,C8,1893F,松屋,南方店,(マイカリー食堂併設)
ICOCA,C8,18941,松屋,梅田角田町店,
ICOCA,C8,1895F,松のや,桂川店,
ICOCA,C8,18965,松のや,瓢箪山店,
ICOCA,C8,18969,松屋,今津店,
ICOCA,C8,1896E,松屋,谷町九丁目店,
ICOCA,C8,18971,松屋,東住吉湯里店,
ICOCA,C8,18975,松屋,東淀川菅原店,
ICOCA,C8,18976,松屋,西中島店,
ICOCA,C8,1897A,松屋,百万遍店,
ICOCA,C8,1897E,松屋,亀岡店,
ICOCA,C8,18980,松屋,桂店,
ICOCA,C8,18981,松屋,六地蔵店,
ICOCA,C8,18982,松屋,東寺店,
ICOCA,C8,18983,松屋,立命館大前店,
ICOCA,C8,18987,松屋,布施南店,(松のや併設)
ICOCA,C8,18993,松屋,彦根店,
ICOCA,C8,18997,松屋,神戸元町店,
ICOCA,C8,18998,松屋,元町東口店,
ICOCA,C8,1899D,松屋,垂水店,
ICOCA,C8,189A1,松屋,天満橋店,
ICOCA,C8,189A4,松屋,阿倍野店,
ICOCA,C8,189A8,松のや,四天王寺前夕陽ケ丘店,
ICOCA,C8,189B0,麺家,天王寺店,
ICOCA,C8,189B1,麺家,天王寺店,
ICOCA,C8,189B4,松のや,大阪駅前第3ビル店,
ICOCA,C8,189B8,松のや,大和高田店,
ICOCA,C8,189BB,松屋,四ツ橋店,
ICOCA,C8,189BC,松屋,森ノ宮店,
ICOCA,C8,189BE,松屋,深江橋店,
ICOCA,C8,189DC,京都鉄道博物館,,
ICOCA,C8,189DE,松屋,浜寺店,(松のや併設)
ICOCA,C8,189E9,松屋,八尾本町店,
ICOCA,C8,189EE,松屋,千里丘店,(松のや併設)
ICOCA,C8,189F1,松のや,松井山手店,
ICOCA,C8,189F5,松のや,だいどう豊里店,(マイカリー食堂併設)
ICOCA,C8,18A03,松屋,富田店,
ICOCA,C8,18A05,松屋,大阪野田店,
ICOCA,C8,18A09,松屋,豊中上津島店,
ICOCA,C8,18A0A,松屋,曽根店,
ICOCA,C8,18A10,京都鉄道博物館,,
ICOCA,C8,18A12,京都鉄道博物館,,
ICOCA,C8,18A13,京都鉄道博物館,2階 レストラン,
ICOCA,C8,18A14,京都鉄道博物館,2階 レストラン,
ICOCA,C8,18A21,マネキダイニング,加古川店,
ICOCA,C8,18A3F,松屋,たつの店,
ICOCA,C8,18A40,松屋,姫路南店,
ICOCA,C8,18A53,松屋,十三西口店,
ICOCA,C8,18A54,祗園らぁ〜めん京,京都駅ビル店,
ICOCA,C8,18A67,松屋,岡山駅西口店,
ICOCA,C8,18A80,松のや,なんさん通り店,
ICOCA,C8,18A82,松のや,南森町店,(マイカリー食堂併設)
ICOCA,C8,18A86,松屋,徳島駅前店,
ICOCA,C8,18A87,松のや,武庫之荘店,
ICOCA,C8,18AA1,松屋,金沢神谷内店,
ICOCA,C8,18ACC,京都市円町駅自転車等駐車場,,
ICOCA,C8,18ACD,京都市円町駅自転車等駐車場,,
ICOCA,C8,18AE2,京都市二条駅南自転車駐車場,,
ICOCA,C8,18AEB,京都市西院自転車駐車場,,
ICOCA,C8,18AEC,京都市西院自転車駐車場,,
ICOCA,C8,18B57,龍旗信LEO,,
ICOCA,C8,18B59,松のや,服部店,
ICOCA,C8,18B60,松屋,大阪本町店,
ICOCA,C8,18B63,松屋,深江橋店,
ICOCA,C8,18B74,自動販売機,#JR西日本#倉敷駅,ホーム
ICOCA,C8,18BE0,自動販売機,#IRいしかわ鉄道#金沢駅,1·2番線ホーム
ICOCA,C8,18C1F,松のや,高松瓦町店,
ICOCA,C8,18C35,ゴーゴーカレー,ピオレ姫路スタジアム,
ICOCA,C8,18C5A,自動販売機,高速舞子BS2階,東側乗り場方
ICOCA,C8,18C5D,京阪四条駐輪場,,
ICOCA,C8,18C5E,京阪四条駐輪場,,
ICOCA,C8,18C62,麺家,新大阪上り店,
ICOCA,C8,18C6D,つくもうどん,塩小路本店,
ICOCA,C8,18C6E,つくもうどん,塩小路本店,
ICOCA,C8,18C94,#定食屋#宮本むなし,JR加古川駅前店,
ICOCA,C8,18CB8,松のや,向日町店,
ICOCA,C8,18CB9,松屋,松山大街道店,
ICOCA,C8,18CFD,えきそば,在来線上り店,
ICOCA,C8,18D14,NPC24H,奈良市営JR奈良駅駐車場,
ICOCA,C8,18D34,松屋,高松兵庫町店,
ICOCA,C8,18D40,若菜そば,阪急西宮北口店,
ICOCA,C8,18D41,若菜そば,阪急西宮北口店,
ICOCA,C8,18D56,松のや,草津木川町店,
ICOCA,C8,18D5D,松のや,小阪店,
ICOCA,C8,18DAB,松屋,姫路大手前通店,
ICOCA,C8,18E0E,松屋,ホテルユニゾ京都烏丸御池店,
ICOCA,C8,18E0F,松屋,ホテルユニゾ京都烏丸御池店,
ICOCA,C8,18E45,京都市嵯峨嵐山駅自転車駐車場,,
ICOCA,C8,18FA0,どうとんぼり神座,京都ポルタ店,
ICOCA,C8,18FB4,エコステーション21,山科区総合庁舎 来庁者駐輪場A,
ICOCA,C8,18FB5,エコステーション21,山科区総合庁舎 来庁者駐輪場A,
ICOCA,C8,18FB6,エコステーション21,山科区総合庁舎 来庁者駐輪場B,
ICOCA,C8,18FC9,麺家,京都上がも店,
ICOCA,C8,18FD8,麺家,尼崎店,
ICOCA,C8,1902B,麺家,京橋東西線店,
ICOCA,C8,1909F,麺家,鶴橋店,
ICOCA,C8,190C0,麺家,西九条店,
ICOCA,C8,19125,#うどん・そば#恵寿多,,
ICOCA,C8,1A5EF,ICOCAチャージ機,大阪国際空港(伊丹) リムジンバス乗場,リムジンバス9番乗場付近 券売機横
ICOCA,C8,1A5F0,ICOCAチャージ機,大阪国際空港(伊丹) リムジンバス乗場,リムジンバス4番乗場付近 券売機横
ICOCA,C8,1A61B,ICOCAチャージ機,大阪国際空港(伊丹) リムジンバス乗場,ローソン付近 券売機横
ICOCA,C8,1A9EB,コインロッカー,#JR西日本#大阪駅,御堂筋北口
ICOCA,C8,1AA28,コインロッカー,京都鉄道博物館,入口左手
ICOCA,C8,1AA2C,コインロッカー,#京阪#祇園四条駅,
ICOCA,C8,1AA2D,コインロッカー,#京阪#祇園四条駅,
ICOCA,C8,1AA2E,コインロッカー,#京阪#祇園四条駅,
ICOCA,C8,1AA33,コインロッカー,#JR西日本#新大阪駅,3階 西階段横 U5
ICOCA,C8,1AA38,コインロッカー,#JR西日本#新大阪駅,新大阪詰所 T1
ICOCA,C8,1AA40,コインロッカー,#JR西日本#新大阪駅,3階 東通路 S5
ICOCA,C8,1AAAA,コインロッカー,#ハピライン#福井駅,ロッカールーム
ICOCA,C8,1AAAD,コインロッカー,#JR西日本#京都駅,地下通路 J-1
ICOCA,C8,1AAC1,コインロッカー,#JR西日本#三ノ宮駅,東改札口南
ICOCA,C8,1AB52,コインロッカー,#JR西日本#岡山駅,A (2F さんすて岡山 南館)
ICOCA,C8,1AB5B,向日町駅前自転車駐車場,,
ICOCA,C8,1AB5C,向日町駅前自転車駐車場,,
ICOCA,C8,1AB5D,向日町駅前自転車駐車場,,
ICOCA,C8,1ABA3,コインロッカー,#JR四国#高松駅,コンコース
ICOCA,C8,1ABA4,コインロッカー,#JR四国#高松駅,コンコース
ICOCA,C8,1ABC1,コインロッカー,#JR四国#高松駅,1階
ICOCA,C8,30E50,自動販売機,#京都市営#鞍馬口駅,ホーム北側
ICOCA,C8,30E8F,自動販売機,#京都市営#竹田駅,3·4番線ホーム 1号車付近
ICOCA,C8,30EFD,自動販売機,#京阪#山科駅,御陵・太秦天神川方面ホーム スロープ接続口
ICOCA,C8,310E4,自動販売機,マツノ薬局,屋外 入口横
ICOCA,C8,310FE,自動販売機,北大路バスターミナル,赤のりば
ICOCA,C8,31106,自動販売機,北大路バスターミナル,青のりば
ICOCA,C8,3114B,自動販売機,#京都市営#北大路駅,改札階(改札外) 出口1下
ICOCA,C8,3117E,自動販売機,#京都市営#六地蔵駅,改札内 改札脇
ICOCA,C8,3118E,自動販売機,#京都市営#鞍馬口駅,改札内コンコース
ICOCA,C8,311B4,自動販売機,#京都市営#蹴上駅,屋外 2番出入口 エレベーター出入口脇
ICOCA,C8,311F4,自動販売機,#阪神#尼崎駅,4·5番線ホーム
ICOCA,C8,3124F,自動販売機,ハイツ稲吉,屋外
ICOCA,C8,3125C,自動販売機,ヨドバシカメラ マルチメディア京都,3階 トイレ前
ICOCA,C8,312AA,自動販売機,コンセプト 東くらま交差点パーキング,南西端 精算機横
ICOCA,C8,3133E,自動販売機,NTT西日本 京都支店,屋外 路上 南西端
ICOCA,C8,31348,自動販売機,#京都市営#鞍馬口駅,ホーム南側
ICOCA,C8,31352,自動販売機,#京都市営#竹田駅,3·4番線ホーム 4号車付近
ICOCA,C8,31358,自動販売機,#京都市営#醍醐駅,ホーム北端
ICOCA,C8,313A3,自動販売機,東洞院通高辻上ル東側,民家玄関横
ICOCA,C8,313CF,自動販売機,ライスビル 大宝米穀店,
ICOCA,C8,313EB,自動販売機,#阪神#今津駅,西宮方面ホーム
ICOCA,C8,31422,自動販売機,株式会社エイポス,屋外 入口前
ICOCA,C8,31432,自動販売機,#神戸高速#新開地駅,1・2番のりばホーム階西側階段付近
ICOCA,C8,3147A,自動販売機,三井のリパーク 太秦大映通り第3,精算機横 大映通り商店街
ICOCA,C8,314BD,自動販売機,キョウテク 四条麩屋町通パーキング,入口脇
ICOCA,C8,314EA,自動販売機,#阪堺電車#浜寺駅前停留場,
ICOCA,C8,315AA,自動販売機,梅小路公園,中央広場西 トイレ横
ICOCA,C8,31D22,自動販売機,#京阪#びわ湖浜大津駅,ホーム上
ICOCA,C8,32074,自動販売機,近商ストア西大寺店,屋外 クリーニング店横
ICOCA,C8,321DC,自動販売機,本家かまどや JR奈良店前,
ICOCA,C8,322AA,自動販売機,天理ショッピングセンター,天理本通り商店街側入口前
ICOCA,C8,322C8,自動販売機,Dolce Vita 京都六角,屋外 六角通
ICOCA,C8,322EB,自動販売機,#近鉄#福神駅,2番乗り場大阪阿部野橋方面
ICOCA,C8,32329,自動販売機,西部会館,1階
ICOCA,C8,32377,自動販売機,#近鉄#大和八木駅,1·2番線ホーム自販機コーナー
ICOCA,C8,3278E,自動販売機,岡山高島屋,地下1階
ICOCA,C8,32AAC,自動販売機,両備西大寺バスセンター,
ICOCA,C8,32B1F,自動販売機,下関市役所,1階エレベーター横
ICOCA,C8,32CEC,自動販売機,#JR西日本#山科駅,3·4番ホーム
ICOCA,C8,32DB4,自動販売機,#JR西日本#南部駅,
ICOCA,C8,32E08,自動販売機,#JR西日本#安治川口駅,
ICOCA,C8,32E09,自動販売機,#JR西日本#安治川口駅,
ICOCA,C8,32E1B,自動販売機,#JR西日本#安治川口駅,
ICOCA,C8,32E1C,自動販売機,#JR西日本#安治川口駅,
ICOCA,C8,32E24,自動販売機,#JR西日本#杉本町駅,西口改札前
ICOCA,C8,32E75,自動販売機,#JR西日本#奈良駅,4·5番線ホーム
ICOCA,C8,32EA6,自動販売機,#JR西日本#伊丹駅,上りホーム
ICOCA,C8,32EFB,自動販売機,シャングリラ ダイヤモンド ビルディング,屋外 入口前 東寺道コミュニティ道路
ICOCA,C8,3305F,自動販売機,ロテル・デ・フルール京極,屋外
ICOCA,C8,3306F,自動販売機,#京都市営#六地蔵駅,改札外 通路
ICOCA,C8,33071,自動販売機,#京都市営#北大路駅,B1F 南改札口横
ICOCA,C8,3309B,自動販売機,#京都市営#四条駅,コトチカ四条
ICOCA,C8,330BE,自動販売機,おむすび柿の木,屋外 廬山寺通
ICOCA,C8,331AF,自動販売機,#近鉄#向島駅,駅舎外 東口階段下 南側
ICOCA,C8,331B9,自動販売機,つかしん,にしまち ペットワールドアミーゴ前広場
ICOCA,C8,331E2,自動販売機,#京都市営#鞍馬口駅,改札外通路南
ICOCA,C8,33287,自動販売機,BOOKOFF 京都東寺駅前店,屋外
ICOCA,C8,333C4,自動販売機,ヨドバシカメラ マルチメディア京都,屋内 第3エントランス付近 駐輪場内
ICOCA,C8,33533,自動販売機,松尾橋バス停,公衆電話付近 四条通
ICOCA,C8,3358C,自動販売機,プールトゥジュール中橋,屋外 押小路通
ICOCA,C8,335E8,自動販売機,#京都市営#竹田駅,西口 4番出入口階段下
ICOCA,C8,33610,自動販売機,コメウビル前,
ICOCA,C8,336AF,自動販売機,#JR西日本#彦根駅,ホーム
ICOCA,C8,336B1,自動販売機,#JR西日本#米原駅,2·3番線ホーム 大垣長浜寄り
ICOCA,C8,336C7,自動販売機,#JR西日本#円町駅,JR円町駅 1号機
ICOCA,C8,336CB,自動販売機,#JR西日本#大津駅,2番線ホーム 2号機(左)
ICOCA,C8,3370D,自動販売機,#JR西日本#住道駅,1·2番ホーム
ICOCA,C8,33731,自動販売機,#JR西日本#宇治駅,3·4番(下り)ホーム東
ICOCA,C8,33732,自動販売機,#JR西日本#宇治駅,3·4番(下り)ホーム西
ICOCA,C8,33746,自動販売機,#JR西日本#三ノ宮駅,1・2番線ホーム 7号車付近
ICOCA,C8,337BD,自動販売機,#JR西日本#森ノ宮駅,
ICOCA,C8,337C3,自動販売機,#JR西日本#山科駅,3·4番ホーム
ICOCA,C8,337E3,自動販売機,#JR西日本#比叡山坂本駅,
ICOCA,C8,337E6,自動販売機,#JR西日本#比叡山坂本駅,改札外
ICOCA,C8,337EE,自動販売機,#JR西日本#姫路駅,5·6番線ホーム
ICOCA,C8,3383C,QBハウス,JR兵庫駅店,
ICOCA,C8,33862,自動販売機,#JR四国#坂出駅,2・3番乗り場番乗車口前
ICOCA,C8,33874,自動販売機,#JR四国#高松駅,4·5番のりば
ICOCA,C8,33875,自動販売機,#JR四国#高松駅,8·9番のりば
ICOCA,C8,3397E,自動販売機,#JR四国#窪川駅,2・3番ホーム
ICOCA,C8,33A3F,自動販売機,#JR四国#高松駅,2·3番のりば
ICOCA,C8,34A59,自動販売機,#JR西日本#金沢駅,北陸新幹線13·14番線ホーム
ICOCA,C8,34A87,自動販売機,#あいの風とやま鉄道#石動駅,
ICOCA,C8,34B92,自動販売機,#JR西日本#森田駅,駅舎
ICOCA,C8,34C64,自動販売機,敦賀駅,3·4·5番線ホーム
ICOCA,C8,34D1C,自動販売機,海の駅 蜃気楼,屋外
ICOCA,C8,34F51,自動販売機,#あいの風とやま鉄道#高岡駅,改札横
ICOCA,C8,35140,自動販売機,#地鉄#電鉄富山駅,待合室
ICOCA,C8,35195,自動販売機,#あいの風とやま鉄道#小杉駅,北口 駅出入口脇
ICOCA,C8,3519C,自動販売機,#あいの風とやま鉄道#呉羽駅,南口駅舎外 西隣
ICOCA,C8,35A01,自動販売機,#JR西日本#湯浅駅,駅舎内待合室
ICOCA,C8,35AB5,自動販売機,#JR西日本#竜野駅,改札口外側
ICOCA,C8,35AEF,自動販売機,#Osaka Metro#南森町駅,西改札
ICOCA,C8,35B4D,自動販売機,#JR西日本#大阪駅,1·2番線ホーム西階段裏
ICOCA,C8,35B9E,自動販売機,#JR西日本#天満駅,自動券売機前
ICOCA,C8,35BFF,自動販売機,#JR西日本#大阪城公園駅,2番ホーム
ICOCA,C8,35C20,自動販売機,#JR西日本#米原駅,
ICOCA,C8,35C27,自動販売機,#JR西日本#野里駅,駅舎出入口外側
ICOCA,C8,35C28,自動販売機,#JR西日本#野里駅,駅舎西側バス乗り場
ICOCA,C8,35C30,自動販売機,#JR西日本#播磨高岡駅,北口 改札外 出入口脇
ICOCA,C8,35C31,自動販売機,#JR西日本#厄神駅,改札内
ICOCA,C8,35C80,自動販売機,#JR西日本#尼崎駅,南北自由連絡通路
ICOCA,C8,35C88,自動販売機,#JR西日本#四条畷駅,3·4番ホーム
ICOCA,C8,35C89,自動販売機,#JR西日本#四条畷駅,1·2番線ホーム(下り)西
ICOCA,C8,35C8E,自動販売機,#JR西日本#四条畷駅,東口駅舎外北
ICOCA,C8,35CE5,自動販売機,#JR西日本#東寝屋川駅,
ICOCA,C8,35D22,自動販売機,#JR西日本#姫路駅,7·8番線ホーム 西階段付近
ICOCA,C8,35D2B,自動販売機,#JR西日本#姫路駅,7·8番線ホーム 西階段付近
ICOCA,C8,35D57,自動販売機,#JR西日本#橋本駅,JR側駅舎 改札外
ICOCA,C8,35D64,自動販売機,#JR西日本#姫路駅,1階改札内トイレ前
ICOCA,C8,35D69,自動販売機,#JR西日本#姫路駅,5·6番線ホーム 西階段付近
ICOCA,C8,35D6A,自動販売機,#JR西日本#姫路駅,5·6番線ホーム 西階段付近
ICOCA,C8,35E0B,自動販売機,#JR西日本#奈良駅,エスカレーター 下
ICOCA,C8,35E26,自動販売機,#JR西日本#新山口駅,山口線ホーム
ICOCA,C8,35E2E,自動販売機,#JR西日本#新山口駅,南口(新幹線口)1Fコインロッカー付近
ICOCA,C8,35E56,自動販売機,#JR西日本#伊丹駅,改札階総合案内板横
ICOCA,C8,35E5B,自動販売機,#JR西日本#太秦駅,駅舎外 東側
ICOCA,C8,35E5C,自動販売機,#JR西日本#太秦駅,駅舎外 西側
ICOCA,C8,35E65,自動販売機,#JR西日本#五条駅,南口横
ICOCA,C8,35E6A,自動販売機,#JR西日本#西明石駅,西口側改札内 連絡通路上
ICOCA,C8,35E6B,自動販売機,#JR西日本#西明石駅,西口側改札内 連絡通路上
ICOCA,C8,35E72,自動販売機,#JR西日本#中山寺駅,改札外
ICOCA,C8,35E77,自動販売機,#JR西日本#奈良駅,4·5番線ホーム 中央エレベーター前
ICOCA,C8,35E78,自動販売機,#JR西日本#奈良駅,4·5番線ホーム 中央エレベーター前
ICOCA,C8,35EB7,自動販売機,#JR西日本#西明石駅,東改札口 改札内
ICOCA,C8,35EB8,自動販売機,#JR西日本#西明石駅,東改札口 改札内
ICOCA,C8,35EEE,自動販売機,#JR西日本#神戸駅,2・3番線ホーム階 姫路・岡山方待合室付近
ICOCA,C8,35F37,自動販売機,#JR西日本#紀伊駅,改札外
ICOCA,C8,35F38,自動販売機,#JR西日本#紀伊駅,改札内 改札前・階段下
ICOCA,C8,35F39,自動販売機,#JR西日本#紀伊駅,3·4番ホーム 天王寺方
ICOCA,C8,35FB6,自動販売機,#JR西日本#京都駅,4·5番線ホーム 西側
ICOCA,C8,35FB8,自動販売機,#JR西日本#宇治駅,1·2番(京都方面)ホーム東
ICOCA,C8,35FE5,自動販売機,#JR西日本#三ノ宮駅,1・2番線ホーム階東側
ICOCA,C8,3600A,自動販売機,#JR西日本#広島駅,新幹線改札内
ICOCA,C8,3600E,自動販売機,#JR西日本#梅小路京都西駅,駅舎外 西側 建物脇
ICOCA,C8,36013,自動販売機,#JR西日本#大阪駅,環状線ホーム階 桜口改札〜福島・西九条方階段付近
ICOCA,C8,36035,自動販売機,#JR西日本#土山駅,コンコース階改札横
ICOCA,C8,36049,自動販売機,#JR西日本#姫路駅,播但線・姫新線乗換改札内コンコース 東階段下
ICOCA,C8,3604A,自動販売機,#JR西日本#姫路駅,播但線・姫新線乗換改札内コンコース 西階段下
ICOCA,C8,3606A,自動販売機,#JR西日本#舞子駅,ホーム
ICOCA,C8,3606B,自動販売機,#JR西日本#舞子駅,ホーム
ICOCA,C8,36092,自動販売機,#京阪#四宮駅,改札外 入口横
ICOCA,C8,36093,自動販売機,#京阪#びわ湖浜大津駅,ホーム上
ICOCA,C8,360A4,自動販売機,#京阪#瓦ヶ浜駅,びわ湖浜大津方面ホーム
ICOCA,C8,360EE,自動販売機,#京阪#丹波橋駅,3·4番線ホーム南階段裏
ICOCA,C8,3624B,自動販売機,北大路バスターミナル/地下鉄北大路駅,出入口3前
ICOCA,C8,3627B,自動販売機,#京都市営#竹田駅,東口 階段下壁面
ICOCA,C8,36430,自動販売機,トニー・ラマ・ショールーム,屋外
ICOCA,C8,36440,自動販売機,長堀堂ビル,
ICOCA,C8,36443,自動販売機,ゲオ うかいや書店 太子南店,
ICOCA,C8,36662,自動販売機,ルネ白川,入口
ICOCA,C8,36686,ファミリーマート,近鉄名張駅店,
ICOCA,C8,366BF,自動販売機,チケット★ワン 姫路駅前店,店舗横
ICOCA,C8,3683B,自動販売機,Sports GYM セルフィット 京都宇多野店,屋外 入口横
ICOCA,C8,3688E,自動販売機,ヨシザワ,MYシャイン 1F
ICOCA,C8,36899,自動販売機,#神戸新交通#市民広場駅,改札前
ICOCA,C8,36A8A,自動販売機,西紀SA(上り),屋外
ICOCA,C8,36C98,自動販売機,バスチケットセンター,京都駅
ICOCA,C8,36CBE,自動販売機,#京阪#祇園四条駅,券売機向かい
ICOCA,C8,36D9A,自動販売機,アフレ西院,南側 出入口脇 四条通
ICOCA,C8,36DE2,自動販売機,アフレ西院,駐車場出入口脇 西大路通
ICOCA,C8,36DF2,自動販売機,フラッティ梅小路,屋外 南東端 猪熊通
ICOCA,C8,36E6D,自動販売機,#加古川天然温泉#ぷくぷくの湯,駐車場 1F
ICOCA,C8,36EC9,自動販売機,ショップにしかわ跡地,屋外 宝ヶ池通
ICOCA,C8,36ED2,自動販売機,京都華かざり 京都駅前店,屋外 木津屋橋通
ICOCA,C8,36EF7,自動販売機,大阪国際空港,南ターミナル バスラウンジ(9A・9B・9C搭乗口) 階段脇
ICOCA,C8,36F1F,自動販売機,平松フィットネス・ボクシングジム,駐車場
ICOCA,C8,36F2E,自動販売機,ビエラ姫路,
ICOCA,C8,36F99,自動販売機,福中釣具店,
ICOCA,C8,36FCE,自動販売機,祇園京都ラーメン,屋外 花見小路通
ICOCA,C8,36FDB,自動販売機,キョウテク 東山ぎをんパーキング,
ICOCA,C8,37020,自動販売機,清水坂観光駐車場東,ふじや茶舗 店舗裏
ICOCA,C8,37037,自動販売機,#浪花ひとくち餃子#餃々 三条木屋町店,屋外 木屋町通
ICOCA,C8,370FC,自動販売機,えびす屋 京都東山店 銀閣寺橋のりば,駐車場脇
ICOCA,C8,370FE,自動販売機,四条KMビル,屋外 阪急連絡口 四条KMビル口前 四条通
ICOCA,C8,3710A,自動販売機,哲学の道,民家前
ICOCA,C8,37208,自動販売機,メゾンドMOMO,屋外 御前通
ICOCA,C8,37218,自動販売機,不二家四条大宮店,屋外 入口脇
ICOCA,C8,3727A,自動販売機,京阪宇治駅前ロータリー,
ICOCA,C8,3743B,自動販売機,#南海#みさき公園駅,3·4·5番ホーム北側
ICOCA,C8,3754B,自動販売機,BARBER'S SHINE With 北側 民家前駐車場,入口脇 大宮通
ICOCA,C8,37940,自動販売機,#近鉄#大和西大寺駅,橋上駅舎内(5·6番のりば上りエスカレーター降り口)
ICOCA,C8,37941,自動販売機,近鉄奈良駅,改札階 改札内コンコース
ICOCA,C8,3798A,自動販売機,岩国西商工会 由宇支所,屋外 入口付近
ICOCA,C8,381A6,TSUTAYA,太子店,
ICOCA,C8,381D1,自動販売機,#京阪#宇治駅,改札横
ICOCA,C8,381FA,自動販売機,#京阪#祇園四条駅,
ICOCA,C8,3827F,自動販売機,梅小路公園,芝生公園東 トイレ前
ICOCA,C8,38283,自動販売機,京阪京都ビル,屋外 南東端
ICOCA,C8,38284,自動販売機,京TAKOYAKI-BAR -HACCHI-,入口前
ICOCA,C8,38287,自動販売機,中華料理 千龍,店舗外
ICOCA,C8,3828C,自動販売機,京都フクトクビルディング駐車場,駐車場入口脇 烏丸通
ICOCA,C8,3828F,自動販売機,トラストパーク大宝モータープール,場外 路上
ICOCA,C8,3829E,自動販売機,京都うずまさ自動車教習所,駐輪場
ICOCA,C8,382A0,自動販売機,南禅寺,第1駐車場 管理人室脇
ICOCA,C8,382C6,自動販売機,#天然温泉 有馬富士#花山乃湯,休憩室
ICOCA,C8,382F4,自動販売機,トロッコ嵯峨駅,入口脇
ICOCA,C8,382F7,自動販売機,ニッポンレンタカー新幹線京都駅前営業所,屋外 八条通
ICOCA,C8,38303,自動販売機,新橋通 東大路 西入ル,
ICOCA,C8,3833F,自動販売機,喫茶赤い屋根,屋外 大手筋通
ICOCA,C8,383A2,自動販売機,伊丹市 稲野公園,
ICOCA,C8,383D0,自動販売機,ヨドバシカメラ マルチメディア京都,屋外 D特別避難階段付近
ICOCA,C8,38427,自動販売機,キョウテク 泉涌寺2パーキング,歩道側 東大路通
ICOCA,C8,384C0,自動販売機,#総本家#にしんそば松葉本店,店頭前 四条通
ICOCA,C8,384FD,自動販売機,ほりせ米穀店,
ICOCA,C8,38587,自動販売機,京都髙島屋,四条通側正面出入口 脇
ICOCA,C8,38670,自動販売機,西谷夢市場,トイレ横
ICOCA,C8,386E3,自動販売機,OCAT湊町バスターミナル,2Fバス乗車券販売所前
ICOCA,C8,38869,自動販売機,山本グランドハイツ,北東角 駐車場出入口脇 壁面
ICOCA,C8,38941,自動販売機,ミヤタマンション,屋外 南東角
ICOCA,C8,38965,自動販売機,タイムズ原谷中央公園前,
ICOCA,C8,3896B,自動販売機,フラッティ西本願寺,屋外 入口左側 島原口バス停脇
ICOCA,C8,38971,自動販売機,三井のリパーク 蛸薬師通堺町西,
ICOCA,C8,38976,自動販売機,黒沢商店,屋外 相合図子通 下長者町下ル 東側
ICOCA,C8,389CF,自動販売機,なみえビル 屋外 きぬかけの路,
ICOCA,C8,389E2,自動販売機,上殿田コロコロパーキング,精算機横 針小路通
ICOCA,C8,38A22,自動販売機,#山陽電鉄#須磨浦公園駅,改札外改札前
ICOCA,C8,38A78,自動販売機,#阪急#上桂駅,東改札口 改札外 自販機コーナー 府道123号水垂上桂線
ICOCA,C8,38ADE,自動販売機,#近鉄#生駒駅,改札内2階5·6番ホーム階段付近
ICOCA,C8,38CDC,自動販売機,#神戸高速#新開地駅,
ICOCA,C8,38D12,自動販売機,#阪急#西宮北口駅,3・4号線ホーム中央
ICOCA,C8,38D4B,麺座,中書島,
ICOCA,C8,38D96,自動販売機,#阪急#伊丹駅,
ICOCA,C8,38DBB,自動販売機,#阪急#桂駅,4·5号線 南側
ICOCA,C8,38DC8,麺座,寝屋川市,
ICOCA,C8,38DC9,麺座,丹波橋,
ICOCA,C8,38DCA,麺座,丹波橋,
ICOCA,C8,38E8E,自動販売機,#神戸高速#神戸駅,改札階改札内
ICOCA,C8,38F56,自動販売機,#阪急#西院駅,1号線ホーム
ICOCA,C8,38FEC,自動販売機,#近鉄#京都駅,1番線ホーム 待合室入口横
ICOCA,C8,39281,自動販売機,日吉南道 地蔵山墓地南 民家前,
ICOCA,C8,3938E,自動販売機,焼肉はやし 四条店,屋外 綾小路通
ICOCA,C8,393E2,自動販売機,ポテトカントリー千本松原店,店舗外 松原通
ICOCA,C8,39414,自動販売機,カインズ 姫路大津店,西出入口外側
ICOCA,C8,39417,自動販売機,カインズ 姫路大津店,店外PickUpロッカー前
ICOCA,C8,3941C,自動販売機,カインズ 姫路大津店,南出入口外側
ICOCA,C8,39446,自動販売機,カインズ 姫路大津店,屋上出入口外側
ICOCA,C8,39482,自動販売機,有限会社相良製材所,屋外 梅小路通
ICOCA,C8,394CE,自動販売機,相馬病院,屋外
ICOCA,C8,394DE,自動販売機,大東建託 京都東支店,裏側 喫煙所
ICOCA,C8,3951D,自動販売機,京都髙島屋,7階 非常階段 17階段 扉脇
ICOCA,C8,39599,自動販売機,サン書房ビル,屋外 東側
ICOCA,C8,39655,自動販売機,山源,店舗外 鹿ケ谷通
ICOCA,C8,3965D,自動販売機,都会館,1階
ICOCA,C8,39660,自動販売機,都会館,1階
ICOCA,C8,39696,自動販売機,#近鉄#東花園駅,3・4番のりば中央
ICOCA,C8,396D1,自動販売機,エムケイ観光バス株式会社,北側駐車場脇 京都市道上鳥羽緯61号線
ICOCA,C8,396DE,自動販売機,姫路グランフェスタ,
ICOCA,C8,396EA,自動販売機,梅小路公園,梅小路京都西駅 入口前
ICOCA,C8,3978D,自動販売機,#阪急#六甲駅,三宮方面行きホーム階エスカレーター前
ICOCA,C8,3985D,自動販売機,#阪神#武庫川駅,西通路上
ICOCA,C8,398A4,#粋麺#あみ乃や,大阪難波駅店,
ICOCA,C8,39AEE,自動販売機,由宇あけぼの園,前
ICOCA,C8,3A1A5,自動販売機,南国SA(下り),屋外トイレ横
ICOCA,C8,3A225,ストライク軒,二ノ丸温泉店,
ICOCA,C8,3A28B,自動販売機,阪神高速尼崎PA ASD弱冷 店,休憩所
ICOCA,C8,3A2AB,自動販売機,神戸学院大学ポートアイランドキャンパス,D号館1階 売店付近
ICOCA,C8,3A2AC,自動販売機,神戸学院大学ポートアイランドキャンパス,D号館1階 売店付近
ICOCA,C8,3A2D9,自動販売機,神戸学院大学ポートアイランドキャンパス,D号館1階 売店付近
ICOCA,C8,3A4B3,自動販売機,MOKMOC前,
ICOCA,C8,3A57E,自動販売機,イオンモール京都五条,南入口 風除室内
ICOCA,C8,3AC12,自動販売機,#神戸高速#神戸駅,三宮・梅田方面行きホーム階梅田方
ICOCA,C8,3AC2D,自動販売機,#叡電#鞍馬駅,改札外 待合室
ICOCA,C8,3AD08,自動販売機,だがしやさん 跡地,入口前
ICOCA,C8,3AEA8,自動販売機,新京極公園,公園奥つきあたり\/京都吉本ビルパッサージオ
ICOCA,C8,3AEBE,自動販売機,タイムズ五条諏訪町,
ICOCA,C8,3AF18,自動販売機,南禅寺,中門前 タクシー乗り場前
ICOCA,C8,3B0CF,自動販売機,マルキュウ由宇店,屋外 入口脇
ICOCA,C8,3B12C,自動販売機,タカセビル,屋外 三条通
ICOCA,C8,3B503,自動販売機,槌田商店,屋外 駐車場
ICOCA,C8,3B5D8,自動販売機,京都市 大和大路団栗南公衆トイレ,入口前
ICOCA,C8,3B5DE,自動販売機,STAR BOOKS,店舗外 入口脇 堺筋
ICOCA,C8,3B5E8,自動販売機,バスの駅 九条車庫前,屋外 入口脇
ICOCA,C8,3B5EA,自動販売機,GRANDE ANGURU,駐輪場駐車場脇 伏見バイパス
ICOCA,C8,3B60C,自動販売機,ロイヤルビル祇園,屋外 入口前 切り通し
ICOCA,C8,3B7B8,自動販売機,おもひで焼,屋外 北野天満宮前バス停そば
ICOCA,C8,3B7C0,自動販売機,南海高速バスセンター,待合室内
ICOCA,C8,3B815,自動販売機,セントラル薬局,店舗外 七条通
ICOCA,C8,3B8BA,自動販売機,サンマルシェ大久保 飲食店街,店舗外
ICOCA,C8,3B8D2,自動販売機,#近鉄#大久保駅,バスロータリー 2番のりばと3番のりばの間
ICOCA,C8,3B8F0,自動販売機,サザン京都駅前,1階 屋外 七条通
ICOCA,C8,3B8F6,自動販売機,新福菜館 本店,屋外 高倉通
ICOCA,C8,3B938,自動販売機,梅津塾 嵯峨野太秦教室,屋外
ICOCA,C8,3B9F5,自動販売機,八条口コロコロパーキング,精算機横 針小路通
ICOCA,C8,3BACB,自動販売機,渡月亭別館 松風閣,屋外 入口横
ICOCA,C8,3BAD8,自動販売機,#近鉄#瓢簞山駅,1番のりば西側
ICOCA,C8,3BAF1,自動販売機,サン・サーフビル,屋外 入口横 富永町通
ICOCA,C8,3BBFC,自動販売機,烏丸ターミナルビル,屋外 烏丸北大路交差点 南西端
ICOCA,C8,3BC14,自動販売機,フットサルスクエア京都南,グリーンコート 観戦スペース
ICOCA,C8,3BC63,自動販売機,古本市場 西陣店,入口前駐輪場
ICOCA,C8,3BC72,自動販売機,mastery court,屋外 駐車場脇
ICOCA,C8,3BCBE,自動販売機,生鮮館なかむら一乗寺店,屋外 曼殊院通
ICOCA,C8,3BCC2,自動販売機,生鮮館なかむら里の前店,
ICOCA,C8,3BCC6,自動販売機,#神戸市営#妙法寺駅,新神戸方面行きホーム階 新神戸方階段付近
ICOCA,C8,3BCDF,自動販売機,#神戸高速#新開地駅,コンコース階そば屋横
ICOCA,C8,3BDA7,自動販売機,#近鉄#京都駅,1番線ホーム 待合室入口向かい
ICOCA,C8,3BDB6,自動販売機,#京都市営#竹田駅,1·2番線ホーム 1号車付近
ICOCA,C8,3BDD8,自動販売機,#JR西日本#伏木駅,待合室
ICOCA,C8,3BDD9,自動販売機,#JR西日本#伏木駅,待合室
ICOCA,C8,3BDDA,自動販売機,#JR西日本#能町駅,駅舎出入口横
ICOCA,C8,3BDDB,自動販売機,#JR西日本#越中中川駅,屋外 駅舎向かって左手側 駅前公衆トイレ前
ICOCA,C8,3BDEF,自動販売機,#JR西日本#城端駅,駅舎入口
ICOCA,C8,3BDF6,自動販売機,#JR西日本#富山駅,11·12番線ホーム9号車付近
ICOCA,C8,3BE03,自動販売機,#JR西日本#三ノ宮駅,3・4番線ホーム階エレベーター付近
ICOCA,C8,3BE05,自動販売機,#JR西日本#三ノ宮駅,1・2番線ホーム エレベーター付近
ICOCA,C8,3BE43,自動販売機,#JR西日本#灘駅,1·2番線ホーム
ICOCA,C8,3BE45,自動販売機,#JR西日本#灘駅,3·4番線ホーム
ICOCA,C8,3BEE3,自動販売機,#JR西日本#姫路駅,姫路城口(北口)外側 コインロッカー付近
ICOCA,C8,3BF2C,自動販売機,#JR西日本#日岡駅,出入口
ICOCA,C8,3BF81,自動販売機,#JR西日本#紀伊駅,3·4番ホーム 待合室前 天王寺方
ICOCA,C8,3BF95,自動販売機,#JR西日本#大阪駅,5·6番線ホーム階 連絡橋出口方面エスカレータ付近
ICOCA,C8,3BFE1,自動販売機,#JR西日本#網干駅,1番のりばエレベーター横
ICOCA,C8,3BFFE,自動販売機,#JR西日本#垂水駅,コンコース階西改札内薬局前
ICOCA,C8,3C02A,自動販売機,#JR西日本#姫路駅,5·6番線ホーム 東階段東寄り
ICOCA,C8,3C02B,自動販売機,#JR西日本#姫路駅,5·6番線ホーム 東階段東寄り
ICOCA,C8,3C02C,自動販売機,#JR西日本#姫路駅,7·8番線ホーム 東階段東寄り
ICOCA,C8,3C02D,自動販売機,#JR西日本#姫路駅,7·8番線ホーム 東階段東寄り
ICOCA,C8,3C02E,自動販売機,#JR西日本#明石駅,1·2番乗り場西側
ICOCA,C8,3C057,自動販売機,#JR西日本#元町駅,東改札踊り場 1・2番線寄り
ICOCA,C8,3C05C,自動販売機,#JR西日本#英賀保駅,駅舎出入口外
ICOCA,C8,3C05D,自動販売機,#JR西日本#英賀保駅,駅舎出入口外
ICOCA,C8,3C05F,自動販売機,#JR西日本#はりま勝原駅,改札口外側
ICOCA,C8,3C061,自動販売機,#JR西日本#網干駅,1番のりば西階段西寄り
ICOCA,C8,3C062,自動販売機,#JR西日本#網干駅,2・3番のりば
ICOCA,C8,3C08E,自動販売機,#JR西日本#加古川駅,3・4番線ホーム中央西側
ICOCA,C8,3C092,自動販売機,#JR西日本#福崎駅,改札外待合室外
ICOCA,C8,3C9D4,自動販売機,YKK AP 技術館,1F 自動販売機コーナー
ICOCA,C8,3CE8D,自動販売機,CaRo藤住,入口横
ICOCA,C8,3CEB6,自動販売機,生鮮館なかむら円町店,屋外
ICOCA,C8,3CEB7,自動販売機,生鮮館なかむら衣笠店,屋外 西大路通
ICOCA,C8,3CEBE,自動販売機,生鮮館なかむら北山店,店舗裏 駐輪場脇
ICOCA,C8,3CEC4,自動販売機,生鮮館なかむら紫明店,屋外
ICOCA,C8,3CEC9,自動販売機,生鮮館なかむら下鴨店,
ICOCA,C8,3CECF,自動販売機,パルティーダなかむら,屋外 東大路通
ICOCA,C8,3CED4,自動販売機,生鮮館なかむら白川店,屋外 上終町・瓜生山学園京都芸術大学前バス停前
ICOCA,C8,3CF36,自動販売機,市之町パーキング,精算機横
ICOCA,C8,3CFB7,自動販売機,大正湯,入口外 新町通
ICOCA,C8,3D024,自動販売機,キョウテク ぎをんパーキング,精算機左
ICOCA,C8,3D058,自動販売機,松原通木屋町東入ル 松原橋西詰,民家前
ICOCA,C8,3D1A5,自動販売機,キョウテク 烏丸御池パーキング,精算機横 両替町通
ICOCA,C8,3D1B6,自動販売機,キョウテク 二条車屋町パーキング,
ICOCA,C8,3D1DF,自動販売機,キョウテク 西札辻町パーキング,精算機横 札ノ辻通
ICOCA,C8,3D1E3,自動販売機,キョウテク 京都駅南パーキング,
ICOCA,C8,3D203,自動販売機,キョウテク 二条城北パーキング,
ICOCA,C8,3D218,自動販売機,キョウテク 烏丸紫明2パーキング,精算機横 紫明通
ICOCA,C8,3D291,自動販売機,#山陽電鉄#舞子公園駅,改札階改札外
ICOCA,C8,3D387,自動販売機,足立病院東洞院パーキング,場外脇 東洞院通
ICOCA,C8,3D3BF,自動販売機,キョウテク 祇園三吉町パーキング,精算機裏
ICOCA,C8,3D51F,自動販売機,CASA3,屋外 七本松通
ICOCA,C8,3D582,自動販売機,新京極公園,公園奥つきあたり\/京都吉本ビルパッサージオ
ICOCA,C8,3D5DE,自動販売機,タイムズ五条諏訪町第3,場外 諏訪町通
ICOCA,C8,3D60B,自動販売機,株式会社京翠,屋外 南側
ICOCA,C8,3D614,自動販売機,ベラカーサタカノ,入口前
ICOCA,C8,3E062,ファミリーマート,金沢リファーレ店,
ICOCA,C8,3E0B3,ファミリーマート,河原町十条店,
ICOCA,C8,3E0B4,ファミリーマート,河原町十条店,
ICOCA,C8,3E0C7,ファミリーマート,豊中駅西口店,
ICOCA,C8,3E0D1,ファミリーマート,マルハン新世界店,
ICOCA,C8,3E0DD,ファミリーマート,摂津鶴野店,
ICOCA,C8,3E0E7,ファミリーマート,南森町駅南店,
ICOCA,C8,3E0F0,ファミリーマート,堺浜寺船尾町店,
ICOCA,C8,3E0FA,ファミリーマート,上新庄駅南店,
ICOCA,C8,3E107,ファミリーマート,なんばウォーク店,
ICOCA,C8,3E11A,ファミリーマート,堂島浜一丁目店,
ICOCA,C8,3E11B,ファミリーマート,堂島浜一丁目店,
ICOCA,C8,3E11C,ファミリーマート,堂島浜一丁目店,
ICOCA,C8,3E123,ファミリーマート,浪速敷津東店,
ICOCA,C8,3E129,ファミリーマート,守口八雲東町店,
ICOCA,C8,3E139,ファミリーマート,新宮緑ヶ丘店,
ICOCA,C8,3E157,ファミリーマート,姫路高浜店,
ICOCA,C8,3E15E,ファミリーマート,揖保川原店,
ICOCA,C8,3E15F,ファミリーマート,たつの山津屋店,
ICOCA,C8,3E160,ファミリーマート,宝塚山本丸橋店,
ICOCA,C8,3E164,ファミリーマート,加古川長田店,
ICOCA,C8,3E1B0,ファミリーマート,広島金屋町店,
ICOCA,C8,3E1C4,ファミリーマート,南船場二丁目店,
ICOCA,C8,3E1D0,ファミリーマート,心斎橋店,
ICOCA,C8,3E1DD,ファミリーマート,天六駅前店,
ICOCA,C8,3E1DE,ファミリーマート,天六駅前店,
ICOCA,C8,3E1E4,ファミリーマート,堺北野田駅前店,
ICOCA,C8,3E1E5,ファミリーマート,旧居留地東店,
ICOCA,C8,3E21E,ファミリーマート,大阪市役所店,
ICOCA,C8,3E21F,ファミリーマート,大阪市役所店,
ICOCA,C8,3E220,ファミリーマート,大阪市役所店,
ICOCA,C8,3E240,ファミリーマート,姫路駅南店,
ICOCA,C8,3E24C,ファミリーマート,天六北店,
ICOCA,C8,3E2E8,ファミリーマート,烏丸今出川店,
ICOCA,C8,3E316,ファミリーマート,京阪三条店,
ICOCA,C8,3E329,ファミリーマート,四条猪熊店,
ICOCA,C8,3E333,ファミリーマート,相生向陽台店,
ICOCA,C8,3E335,ファミリーマート,舞洲店,
ICOCA,C8,3E358,ファミリーマート,山陽網干駅北店,
ICOCA,C8,3E35E,ファミリーマート,近鉄天理駅前店,
ICOCA,C8,3E399,ファミリーマート,JR久宝寺駅前店,
ICOCA,C8,3E3A2,ファミリーマート,須磨浦通店,
ICOCA,C8,3E3E2,ファミリーマート,生駒上町店,
ICOCA,C8,3E3EA,ファミリーマート,寺町二条店,
ICOCA,C8,3E3ED,ファミリーマート,相生文化会館前店,
ICOCA,C8,3E410,ファミリーマート,姫路塩町店,
ICOCA,C8,3E41A,ファミリーマート,JR久宝寺駅北店,
ICOCA,C8,3E439,ファミリーマート,信楽牧東店,
ICOCA,C8,3E466,ファミリーマート,松原丹南四丁目店,
ICOCA,C8,3E4C2,ファミリーマート,高知市役所店,
ICOCA,C8,3E4F1,ファミリーマート,茨木彩都やまぶき店,
ICOCA,C8,3E50A,ファミリーマート,姫路飾磨今在家店,
ICOCA,C8,3E517,ファミリーマート,西九条駅北店,
ICOCA,C8,3E523,ファミリーマート,泉北深井駅前店,
ICOCA,C8,3E5A4,ファミリーマート,近鉄橿原神宮前駅店,
ICOCA,C8,3E5AA,ファミリーマート,K2土佐堀一丁目店,
ICOCA,C8,3E690,ファミリーマート,阪急淡路駅前店,
ICOCA,C8,3E69A,ファミリーマート,近鉄西大寺駅改札内橋上店,
ICOCA,C8,3E6A0,ファミリーマート,三条大宮店,
ICOCA,C8,3E76D,自動販売機,#阪急#嵐山駅,改札外 コインロッカー付近
ICOCA,C8,3E77A,自動販売機,#阪急#宝塚,JR連絡口 外
ICOCA,C8,3E79B,ファミリーマート,阪急中津駅前店,
ICOCA,C8,3E89E,ファミリーマート,舞子駅前店,
ICOCA,C8,3E9DD,自動販売機,#神戸市営#三宮駅,名谷方面行きホーム階東口側
ICOCA,C8,3EA09,自動販売機,南禅寺,中門前 タクシー乗り場前
ICOCA,C8,3EA0B,自動販売機,タイムズ南禅寺,入口脇 南禅寺参道
ICOCA,C8,3EA2A,自動販売機,妙法寺駅前バスロータリー,しあわせの村・柏台方面行き乗り場前
ICOCA,C8,3EA2D,自動販売機,#神戸市営#名谷駅,コンコース階改札内
ICOCA,C8,3EA34,自動販売機,#Osaka Metro#動物園前駅,東改札外
ICOCA,C8,3EA48,自動販売機,#神戸市営#三宮駅,名谷方面行きホーム階東口側
ICOCA,C8,3EA51,自動販売機,#神戸市営#西神中央駅,改札外階段横
ICOCA,C8,3EB6F,自動販売機,#近鉄#石切駅,1・2番のりば 売店跡
ICOCA,C8,3EBAD,自動販売機,スシロー京都伏見店,入口前 京阪国道
ICOCA,C8,3EBB4,自動販売機,ITAMI PARKING 上鳥羽パーキング,入口脇 久世橋通
ICOCA,C8,3EC44,自動販売機,KKDビル,屋外 東側 入口横 八条通
ICOCA,C8,3EC47,自動販売機,KKDビル,屋外 西側 八条通
ICOCA,C8,3EC9E,自動販売機,やさか,店舗外 八坂通
ICOCA,C8,3ECE6,自動販売機,久世大薮町バス停付近 交差点南西角,たばこ屋跡地
ICOCA,C8,3ED5D,自動販売機,愛寿会同仁病院,屋外 南西角
ICOCA,C8,3EDD4,自動販売機,日本赤十字社京都府支部,屋外 七条通
ICOCA,C8,3EEA8,自動販売機,ホワイト急便鶴田団地店,店舗前
ICOCA,C8,3EEF5,自動販売機,キョウテク 三条古川町パーキング,
ICOCA,C8,3EF04,自動販売機,キョウテク 祇園切通しパーキング,切り通し
ICOCA,C8,3EF86,自動販売機,京都市立衣笠小学校,西敷地外 衣笠校前バス停付近 西大路通
ICOCA,C8,3F0D2,ファミリーマート,たつの富永店,
ICOCA,C8,3F11E,西友,三条店,
ICOCA,C8,3F11F,西友,三条店,
ICOCA,C8,3F120,西友,三条店,
ICOCA,C8,3F121,西友,三条店,
ICOCA,C8,3F122,西友,三条店,
ICOCA,C8,3F123,西友,三条店,
ICOCA,C8,3F124,西友,三条店,
ICOCA,C8,3F125,西友,三条店,
ICOCA,C8,3F152,ファミリーマート,新小松インター店,
ICOCA,C8,3F1AD,ファミリーマート,摂津正雀三丁目店,
ICOCA,C8,3F1C6,ファミリーマート,高知東道路店,
ICOCA,C8,3F1CC,ファミリーマート,吹田青葉丘店,
ICOCA,C8,3F2BF,ファミリーマート,西梅田店,
ICOCA,C8,3F2CF,徳島バス,徳島駅前案内所,
ICOCA,C8,3F348,ファミリーマート,近鉄難波駅東改札外店,
ICOCA,C8,3F3A7,ファミリーマート,豊中旭丘店,
ICOCA,C8,3F3C8,ファミリーマート,姫路朝日谷店,
ICOCA,C8,3F3FF,ファミリーマート,摂津三島店,
ICOCA,C8,3F629,自動販売機,#JR四国#高松駅,駅舎外
ICOCA,C8,3F6B7,ファミリーマート,神戸三宮阪急ビル店,
ICOCA,C8,3F8EE,自動販売機,史跡高松城跡・玉藻公園,東門(大手門)横
ICOCA,C8,3F9B8,自動販売機,有限会社上脇工業,屋外 北側 駐車場入口脇
ICOCA,C8,3F9D4,自動販売機,タカセビル,屋外 三条通
ICOCA,C8,3FA3C,自動販売機,Rinn Horikawa Gojo,屋外 入口脇 堀川通
ICOCA,C8,3FAA7,自動販売機,木戸脇屋酒店,店舗外
ICOCA,C8,3FB0C,自動販売機,#近鉄#向島駅,駅舎外 東口階段下 北側
ICOCA,C8,3FC30,自動販売機,うかいや書店 竜野店,
ICOCA,C8,3FC7B,自動販売機,#京阪#丹波橋駅,西口 階段下 屋外 奈良街道
ICOCA,C8,3FCAD,自動販売機,太子町役場,地域交流館
ICOCA,C8,3FD7B,自動販売機,M's court,屋外 錦小路通
ICOCA,C8,3FD96,自動販売機,第2みやぎビル,駐車場入口脇 一乗寺木ノ本町バス停Aのりばそば 白川通
ICOCA,C8,3FDF2,自動販売機,龍野商店,屋外 入口横 旧三条通
ICOCA,C8,3FDF8,自動販売機,フジヤ薬局 跡地,屋外 入口前 上立売通
ICOCA,C8,3FE0F,自動販売機,YADO TENKU KYOTO NIJO,屋外 東町通
ICOCA,C8,3FE3C,自動販売機,#京都市営#松ヶ崎駅,出入口1 屋外 北山通
ICOCA,C8,3FE85,自動販売機,Semビル,屋外 南西端
ICOCA,C8,3FE86,自動販売機,Semビル,屋外 南西端
ICOCA,C8,3FED5,自動販売機,GS PARK 俵屋町,敷地脇 綾小路通
ICOCA,C8,4000E,自動販売機,Rinn Kyoto Station by VERTEX,屋外 入口前 油小路通
ICOCA,C8,4003D,自動販売機,#近鉄#大久保駅,バスロータリー 4番のりば付近
ICOCA,C8,400B9,自動販売機,鉄板居酒屋 双葉,屋外 西木屋町通
ICOCA,C8,400C1,自動販売機,トロッコ嵯峨駅,メゾン抹茶カフェ 店舗裏
ICOCA,C8,40A51,コインロッカー,#Osaka Metro#御堂筋線なんば駅,北東改札外
ICOCA,C8,40A98,ファミリーマート,神戸磯上通店,
ICOCA,C8,4163F,セブン‐イレブン,ハートインJR小倉駅新幹線口東店,
ICOCA,C8,41735,セブン‐イレブン,ハートインJR新大阪駅1階店,
ICOCA,C8,418A8,セブン‐イレブン,梅田スカイビル東店,
ICOCA,C8,41E32,ファミリーマート,谷町三丁目店,
ICOCA,C8,41EE1,自動販売機,神戸市交通局 魚崎営業所,1階休憩室
ICOCA,C8,42059,ファミリーマート,舞子駅前店,
ICOCA,C8,42097,ファミリーマート,常盤町二丁目店,
ICOCA,C8,420B0,ファミリーマート,小松長崎町店,
ICOCA,C8,421E5,自動販売機,#京阪#祇園四条駅,屋外 7番出入口 四条通
ICOCA,C8,42252,自動販売機,ODA京都本店,店舗外 七本松通
ICOCA,C8,4232F,自動販売機,京美茶屋,屋外 入口横
ICOCA,C8,42355,自動販売機,株式会社ティー・エム・ティー南営業所 隣接地,駐車場内休憩所 京都市道吉祥院緯60号線
ICOCA,C8,42361,自動販売機,メッサジオ,屋外 京阪七条バス停Cのりば付近 川端通
ICOCA,C8,4237E,自動販売機,#お食事処#祢ざめ家,店舗外 入口脇 府道119号
ICOCA,C8,423F2,自動販売機,近畿塩業ビル,屋外 入口脇 オタロード
ICOCA,C8,4240D,自動販売機,#近鉄#瓢簞山駅,4番のりばエスカレーター前
ICOCA,C8,424B8,自動販売機,#京阪#三条駅,8番出口 西側屋外 川端通
ICOCA,C8,424BF,自動販売機,#京阪#三条駅,9番出口 南側屋外 三条通
ICOCA,C8,424C6,自動販売機,#京阪#三条駅,9番出口 南側屋外 三条通
ICOCA,C8,42580,自動販売機,お好み焼 禅,屋外 冷泉通
ICOCA,C8,42584,自動販売機,南禅寺,中門前 タクシー乗り場前
ICOCA,C8,42585,自動販売機,café de emu,屋外 建物横
ICOCA,C8,42588,自動販売機,梅小路公園,中央広場西 トイレ横
ICOCA,C8,425B0,自動販売機,トロッコ嵯峨駅,屋内 出入口に近い側
ICOCA,C8,425C2,自動販売機,ナチュレ メイド,1階 店舗外
ICOCA,C8,425EA,自動販売機,西田商店,店舗外 入口横 智恵光院通
ICOCA,C8,42663,自動販売機,ダイハツ 京都(大山崎)工場,敷地外 正門脇 国道478号
ICOCA,C8,4272C,自動販売機,北野消防出張所,屋外 今小路通
ICOCA,C8,4274A,自動販売機,#京都市営#二条駅,出入口3入口脇
ICOCA,C8,42762,自動販売機,松川酒店,屋外 入口脇 高倉通
ICOCA,C8,43AA9,自動販売機,第一小橋会館,屋外
ICOCA,C8,43BF1,自動販売機,たかばしラーメン 横大路店,駐輪場
ICOCA,C8,43D1D,自動販売機,#京都市営#京都市役所前駅,改札外コンコース 改札向かい
ICOCA,C8,43D59,自動販売機,KYOTO PLEASANT HOTEL,屋外 階段下通路
ICOCA,C8,43E28,自動販売機,#近鉄#石切駅,3・4番のりば 売店跡
ICOCA,C8,43EC7,自動販売機,烏丸五条ビル,屋外 入口脇 五条通
ICOCA,C8,43F59,自動販売機,京都新聞トラストビル,屋外 烏丸通
ICOCA,C8,43F89,自動販売機,喜楽庵 岡本 五条坂店,屋外
ICOCA,C8,43F99,自動販売機,京都髙島屋,7階 石の庭 エレベーター前
ICOCA,C8,43F9D,自動販売機,新町通 北小路下ル 西側,民家前
ICOCA,C8,43FBE,自動販売機,#京都嵐山#中ノ島亭,屋外 入口前
ICOCA,C8,44103,自動販売機,いのうえ,屋外 嵯峨嵐山駅北口タクシー乗り場前
ICOCA,C8,44172,自動販売機,木屋町南車屋 北東,屋外 ビル壁面
ICOCA,C8,4421B,自動販売機,#京阪#山科駅,御陵・太秦天神川方面改札口 改札外
ICOCA,C8,4423D,自動販売機,西條 商店,屋外 烏丸通
ICOCA,C8,44365,ファミリーマート,福井片町店,
ICOCA,C8,443A5,マクドナルド,阪急淡路店,
ICOCA,C8,443A6,マクドナルド,阪急淡路店,
ICOCA,C8,443A7,マクドナルド,阪急淡路店,
ICOCA,C8,443A8,マクドナルド,阪急淡路店,
ICOCA,C8,456ED,ファミリーマート,金沢片町二丁目店,
ICOCA,C8,45740,ファミリーマート,豊岡千代田町店,
ICOCA,C8,457ED,自動販売機,三井のリパーク 元両替町,精算機隣 室町通
ICOCA,C8,45815,自動販売機,京阪京都ビル,屋外 北西端
ICOCA,C8,45921,自動販売機,京都ファミリー,屋外 東出入口前
ICOCA,C8,45926,自動販売機,京都ファミリー,屋外 四条通通
ICOCA,C8,4593E,自動販売機,京都駅ビル 西駐輪場,
ICOCA,C8,45949,自動販売機,NTT西日本 京都支店,屋外 路上 南東端
ICOCA,C8,4594E,自動販売機,NTT西日本 京都支店,屋外 路上 南東端
ICOCA,C8,45A0F,自動販売機,大和ビル,屋外 路上 椹木町通
ICOCA,C8,45A54,自動販売機,松本旅館,屋外 室町通
ICOCA,C8,45A58,自動販売機,ホテル法華クラブ京都,屋外 北側 木津屋橋通
ICOCA,C8,45C91,自動販売機,西大路駅前 食堂コーンカップ 跡地,入口前
ICOCA,C8,45CE4,自動販売機,京都髙島屋,1階 寺町通側出入口 店外
ICOCA,C8,45D0E,自動販売機,名鉄協商パーキング JR嵯峨嵐山駅前駐輪場,精算機横
ICOCA,C8,46126,セブン‐イレブン,ハートインJR京橋駅北口店,
ICOCA,C8,46131,ファミリーマート,出雲空港/S店,
ICOCA,C8,46279,ファミリーマート,大津ときめき坂店,
ICOCA,C8,462BB,ファミリーマート,敦賀駅前店,
ICOCA,C8,46658,ファミリーマート,箕面萱野駅前店,
ICOCA,C8,46659,ファミリーマート,箕面萱野駅前店,
ICOCA,C8,4696E,自動販売機,京都吉本ビルPASSAGGIO,入口通路北側
ICOCA,C8,46AEB,自動販売機,#京都市営#蹴上駅,屋外 1番出入口横 三条通
ICOCA,C8,46B9D,自動販売機,蛸薬師通 安養寺前,
ICOCA,C8,46BA0,自動販売機,蛸薬師通 安養寺前,
ICOCA,C8,46BAD,自動販売機,蛸薬師通 安養寺前,
ICOCA,C8,471F9,ファミリーマート,KITTE大阪店,
ICOCA,C8,471FD,ファミリーマート,深江橋駅東店,
ICOCA,C8,471FE,ファミリーマート,深江橋駅東店,
ICOCA,C8,47531,自動販売機,ハリマセンタービル,1階 エントランス外
ICOCA,C8,55C6A,ローソン,奈良西大寺南町店,
ICOCA,C8,56F00,自動販売機,ヴィーナスタウン花北,2階 ゲームセンター前
ICOCA,C8,588E6,自動販売機,山陽百貨店西館・キャスパ,1階南出入口 バスターミナル付近
ICOCA,C8,5D18B,自動販売機,姫路城,西の丸茶店
ICOCA,C8,7C20E,なか卯,肥後橋店,
ICOCA,C8,7E80A,池田市役所,,
ICOCA,C8,824C7,ダイソー,太子店,
ICOCA,C8,824C8,ダイソー,太子店,
ICOCA,C8,824C9,ダイソー,太子店,
ICOCA,C8,824CA,ダイソー,太子店,
ICOCA,C8,8278D,ダイソー,新京極ダイアモンドビル店,
ICOCA,C8,8278E,ダイソー,新京極ダイアモンドビル店,
ICOCA,C8,8278F,ダイソー,新京極ダイアモンドビル店,
ICOCA,C8,82790,ダイソー,新京極ダイアモンドビル店,
ICOCA,C8,82791,ダイソー,新京極ダイアモンドビル店,
ICOCA,C8,82B77,ダイソー,姫路大津店,
ICOCA,C8,82B78,ダイソー,姫路大津店,
ICOCA,C8,82B79,ダイソー,姫路大津店,
ICOCA,C8,82C35,ダイソー,網干店,
ICOCA,C8,82C36,ダイソー,網干店,
ICOCA,C8,82C37,ダイソー,網干店,
ICOCA,C8,82E19,ダイソー,姫路大津店,
ICOCA,C8,8399B,ダイソー,たつの南店,
ICOCA,C8,8399C,ダイソー,たつの南店,
ICOCA,C8,8399D,ダイソー,たつの南店,
ICOCA,C8,839CC,ダイソー,龍野北店,
ICOCA,C8,839CD,ダイソー,龍野北店,
ICOCA,C8,839CE,ダイソー,龍野北店,
ICOCA,C8,83A21,自動販売機,#京阪#山科駅,ロータリー南西端 踏切前
ICOCA,C8,83A22,自動販売機,#京阪#四宮駅,改札外 入口横
ICOCA,C8,83C48,自動販売機,#communication store#comon,屋外 道路脇 府道101号銀閣寺宇多野線
ICOCA,C8,84AC9,自動販売機,#近鉄#大和西大寺駅,3・4番のりば 奈良・橿原神宮前側
ICOCA,C8,84C88,快活CLUB,外環中石切店,
ICOCA,C8,84DEA,ダイソー,網干店,
ICOCA,C8,84F39,ミニストップポケット,千代田ファーストビル南館,
ICOCA,C8,85030,セリア,ミリオンタウン五条西小路店,
ICOCA,C8,85031,セリア,ミリオンタウン五条西小路店,
ICOCA,C8,85032,セリア,ミリオンタウン五条西小路店,
ICOCA,C8,8503C,セリア,京都岡崎店,
ICOCA,C8,850E3,セリア,イズミヤ堀川丸太町店,
ICOCA,C8,850E4,セリア,イズミヤ堀川丸太町店,
ICOCA,C8,850F9,セリア,イズミヤショッピングセンター白梅町店,
ICOCA,C8,850FA,セリア,イズミヤショッピングセンター白梅町店,
ICOCA,C8,85279,ダイソー,太子店,
ICOCA,C8,85294,セリア,円町店,
ICOCA,C8,85355,セリア,西友三条店,
ICOCA,C8,85384,ラーメンこがね家,京都拉麺小路店,
ICOCA,C8,856A3,bb.q OLIVE CHICKEN cafe,JR天満駅前店,
ICOCA,C8,857A5,セリア,河原町オーパ店,
ICOCA,C8,857A6,セリア,河原町オーパ店,
ICOCA,C8,857A7,セリア,河原町オーパ店,
ICOCA,C8,85DF7,自動販売機,#京阪#山科駅,ロータリー南西端 踏切前
ICOCA,C8,86615,南海そば,なんば3階店,
ICOCA,C8,86B70,セリア,ライフ壬生店,
ICOCA,C8,87467,自動販売機,高岡市民病院,1階 自販機コーナー
ICOCA,C8,874C9,自動販売機,コンセプト プッシュ麩屋町パーキング,精算機横 押小路通
ICOCA,C8,8751B,自動販売機,錦ガレージ,屋外 柳馬場通
ICOCA,C8,87B7D,shikoku meguru kitchen,,
ICOCA,C8,87B7E,shikoku meguru kitchen,,
ICOCA,C8,87B7F,shikoku meguru kitchen,,
ICOCA,C8,87B9A,セリア,西友三条店,
ICOCA,C8,887A6,自動販売機,COFFEE ROBOT,蛸薬師通
ICOCA,C8,88EE1,#立ち食いそばとコーヒー#ばんばん,,
ICOCA,C8,88FEB,ワンタンメンの満月,京都拉麺小路店,
ICOCA,C8,892EE,セリア,河原町オーパ店,
ICOCA,C8,8994F,セリア,ライフ壬生店,
ICOCA,C8,8A5CE,ダイソー,堀川今出川店,
ICOCA,C8,8A5CF,ダイソー,堀川今出川店,
ICOCA,C8,8B4E2,バーガーキング,近鉄瓢箪山駅店,
ICOCA,C8,8B4E3,バーガーキング,近鉄瓢箪山駅店,
ICOCA,C8,8B9BD,大阪城天守閣,,
ICOCA,C8,8BA80,七之舟入自転車駐車場,北1,
ICOCA,C8,8BA81,七之舟入自転車駐車場,北2,
ICOCA,C8,8BAAE,ダイソー,京都西陣店,
ICOCA,C8,8BAAF,ダイソー,京都西陣店,
ICOCA,C8,8BAB0,ダイソー,花園藤ノ木店,
ICOCA,C8,8BAB1,ダイソー,花園藤ノ木店,
ICOCA,C8,8C2B5,ひょうたんやまヒロ歯科,,
ICOCA,C8,8C2BF,AWAJI EARTH MUSEUM,SHOP,
ICOCA,C8,8C2C4,ダイソー,京都ファミリー店,
ICOCA,C8,8C2C5,ダイソー,京都ファミリー店,
ICOCA,C8,8C2C6,ダイソー,京都ファミリー店,
ICOCA,C8,8C2C7,ダイソー,京都ファミリー店,
ICOCA,C8,8CA81,自動販売機,イオンモールKYOTO,Sakura館 2階 2-C入口前階段上 ベンチ脇
ICOCA,C8,8D2EA,セリア,円町店,
ICOCA,C8,8E205,セリア,イズミヤショッピングセンター白梅町店,
ICOCA,C8,8F4E4,広島平和記念資料館,,
ICOCA,C8,8F4E5,広島平和記念資料館,,
ICOCA,C8,8F4E6,広島平和記念資料館,,
ICOCA,C8,8F4E7,広島平和記念資料館,,
ICOCA,C8,8F857,ダイソー,イオンタウン山科椥辻店,
ICOCA,C8,8F858,ダイソー,イオンタウン山科椥辻店,
ICOCA,C8,8F859,ダイソー,イオンタウン山科椥辻店,
ICOCA,C8,8F85A,ダイソー,イオンタウン山科椥辻店,
ICOCA,C8,9177A,やよい軒,肥後橋店,
ICOCA,C8,9177B,やよい軒,肥後橋店,
ICOCA,C8,92D25,先斗町自転車駐車場,,
ICOCA,C8,AB5D9,自動販売機,三和西大寺南町ビル,屋外 バスロータリー前
ICOCA,C8,AB5F6,ENEOS EneJet,銀閣寺SS,
ICOCA,C8,AB5F7,ENEOS EneJet,銀閣寺SS,
ICOCA,C8,AB5F8,ENEOS EneJet,銀閣寺SS,
ICOCA,C8,AB5F9,ENEOS EneJet,銀閣寺SS,
ICOCA,C8,AB5FA,ENEOS EneJet,銀閣寺SS,
ICOCA,C8,AB5FB,ENEOS EneJet,銀閣寺SS,
ICOCA,C8,AB5FC,ENEOS EneJet,銀閣寺SS,
ICOCA,C8,AB5FD,ENEOS EneJet,銀閣寺SS,
ICOCA,C8,AB832,ENEOS EneJet,富山南インターSS,
ICOCA,C8,AB833,ENEOS EneJet,富山南インターSS,
ICOCA,C8,AB834,ENEOS EneJet,富山南インターSS,
ICOCA,C8,AB835,ENEOS EneJet,富山南インターSS,
ICOCA,C8,AB836,ENEOS EneJet,富山南インターSS,
ICOCA,C8,AB837,ENEOS EneJet,富山南インターSS,
ICOCA,C8,AB838,ENEOS EneJet,富山南インターSS,
ICOCA,C8,AB839,ENEOS EneJet,富山南インターSS,
ICOCA,C8,AB869,ENEOS EneJet,四条堀川SS,
ICOCA,C8,AB86A,ENEOS EneJet,四条堀川SS,
ICOCA,C8,AB86B,ENEOS EneJet,四条堀川SS,
ICOCA,C8,AB86C,ENEOS EneJet,四条堀川SS,
ICOCA,C8,AB86D,ENEOS EneJet,四条堀川SS,
ICOCA,C8,AB86E,ENEOS EneJet,四条堀川SS,
ICOCA,C8,AB86F,ENEOS EneJet,四条堀川SS,
ICOCA,C8,AB870,ENEOS EneJet,四条堀川SS,
ICOCA,C8,AB872,ENEOS EneJet,金閣寺SS,
ICOCA,C8,AB873,ENEOS EneJet,金閣寺SS,
ICOCA,C8,AB874,ENEOS EneJet,金閣寺SS,
ICOCA,C8,AB875,ENEOS EneJet,金閣寺SS,
ICOCA,C8,AB876,ENEOS EneJet,金閣寺SS,
ICOCA,C8,AB877,ENEOS EneJet,金閣寺SS,
ICOCA,C8,AB878,ENEOS EneJet,金閣寺SS,
ICOCA,C8,AB879,ENEOS EneJet,金閣寺SS,
ICOCA,C8,AB87A,ENEOS EneJet,金閣寺SS,
ICOCA,C8,AB87B,ENEOS EneJet,金閣寺SS,
ICOCA,C8,AB87C,ENEOS EneJet,大徳寺SS,
ICOCA,C8,AB87D,ENEOS EneJet,大徳寺SS,
ICOCA,C8,AB87E,ENEOS EneJet,大徳寺SS,
ICOCA,C8,AB87F,ENEOS EneJet,大徳寺SS,
ICOCA,C8,AB880,ENEOS EneJet,大徳寺SS,
ICOCA,C8,AB881,ENEOS EneJet,大徳寺SS,
ICOCA,C8,AB882,ENEOS EneJet,大徳寺SS,
ICOCA,C8,AB883,ENEOS EneJet,大徳寺SS,
ICOCA,C8,AB8A4,ENEOS EneJet,セルフ尼崎SS,
ICOCA,C8,AC08A,セブン銀行,ララスクエア四日市 共同出張所,
ICOCA,C8,AC436,セブン銀行,イトーヨーカドー あべの店 共同出張所,
ICOCA,C8,AC43C,セブン銀行,イトーヨーカドー あべの店 共同出張所,
ICOCA,C8,AC43D,セブン銀行,イトーヨーカドー あべの店 共同出張所,
ICOCA,C8,AC442,セブン銀行,セブン‐イレブン 京都大石橋店 共同出張所,
ICOCA,C8,AC454,セブン銀行,セブン‐イレブン 豊中螢池中町店 共同出張所,
ICOCA,C8,AC458,セブン銀行,セブン‐イレブン 京都修学院駅前店 共同出張所,
ICOCA,C8,AC45A,セブン銀行,セブン‐イレブン 京都烏丸六条店 共同出張所,
ICOCA,C8,AC461,セブン銀行,セブン‐イレブン 大津膳所駅前通り店 共同出張所,
ICOCA,C8,AC4A8,セブン銀行,セブン‐イレブン 京都烏丸丸太町西店 共同出張所,
ICOCA,C8,AC4AC,セブン銀行,セブン‐イレブン 京都上七軒店 共同出張所,
ICOCA,C8,AC50F,セブン銀行,セブン‐イレブン 京都西大路松原店 共同出張所,
ICOCA,C8,AC535,セブン銀行,セブン‐イレブン 大阪平野駅前店 共同出張所,
ICOCA,C8,AC542,セブン銀行,セブン‐イレブン 加古川尾上養田店 共同出張所,
ICOCA,C8,AC564,セブン銀行,セブン‐イレブン 向日梅ノ木店 共同出張所,
ICOCA,C8,AC5B9,セブン銀行,セブン‐イレブン 向日寺戸店 共同出張所,
ICOCA,C8,AC5C5,セブン銀行,セブン‐イレブン 京都田中上古川町店 共同出張所,
ICOCA,C8,AC61D,セブン銀行,セブン‐イレブン JR竜野駅前店 共同出張所,
ICOCA,C8,AC63A,セブン銀行,セブン‐イレブン 京都七条大宮店 共同出張所,
ICOCA,C8,AC642,セブン銀行,セブン‐イレブン 奈良四条大路4丁目店 共同出張所,
ICOCA,C8,AC644,セブン銀行,セブン‐イレブン 姫路鎌倉町店 共同出張所,
ICOCA,C8,AC649,セブン銀行,セブン‐イレブン 京都河原町姉小路店 共同出張所,
ICOCA,C8,AC64A,セブン銀行,セブン‐イレブン 京都河原町姉小路店 共同出張所,
ICOCA,C8,AC654,セブン銀行,セブン‐イレブン 岩出根来店 共同出張所,
ICOCA,C8,AC655,セブン銀行,セブン‐イレブン 京都烏丸高辻店 共同出張所,
ICOCA,C8,AC656,セブン銀行,セブン‐イレブン 姫路広畑小松町店 共同出張所,
ICOCA,C8,AC67C,セブン銀行,セブン‐イレブン 姫路青山北店 共同出張所,
ICOCA,C8,AC680,セブン銀行,セブン‐イレブン 京都下鴨高木町店 共同出張所,
ICOCA,C8,AC695,セブン銀行,セブン‐イレブン 京都リサーチパーク店 共同出張所,
ICOCA,C8,AC698,セブン銀行,セブン‐イレブン 相生山手店 共同出張所,
ICOCA,C8,AC6A3,セブン銀行,セブン‐イレブン 大阪東野田町4丁目店 共同出張所,
ICOCA,C8,AC6A9,セブン銀行,セブン‐イレブン 広島駅前通り店 共同出張所,
ICOCA,C8,AC6B6,セブン銀行,セブン‐イレブン 姫路東駅前町店 共同出張所,
ICOCA,C8,AC6B7,セブン銀行,セブン‐イレブン 姫路東駅前町店 共同出張所,
ICOCA,C8,AC6CD,セブン銀行,セブン‐イレブン 姫路大津西土井店 共同出張所,
ICOCA,C8,AC6D7,セブン銀行,セブン‐イレブン 京都下津林水掛町店 共同出張所,
ICOCA,C8,AC6D8,セブン銀行,セブン‐イレブン 明石大久保町松陰店 共同出張所,
ICOCA,C8,AC6EB,セブン銀行,セブン‐イレブン 京都間之町御池店 共同出張所,
ICOCA,C8,AC6EC,セブン銀行,セブン‐イレブン 京都間之町御池店 共同出張所,
ICOCA,C8,AC6EE,セブン銀行,セブン‐イレブン 京都堀川松原店 共同出張所,
ICOCA,C8,AC720,セブン銀行,セブン‐イレブン 京都平安神宮前店 共同出張所,
ICOCA,C8,AC73C,セブン銀行,セブン‐イレブン 加古川備後店 共同出張所,
ICOCA,C8,AC73E,セブン銀行,セブン‐イレブン 玉野宇野1丁目店 共同出張所,
ICOCA,C8,AC743,セブン銀行,セブン‐イレブン 京都東洞院錦店 共同出張所,
ICOCA,C8,AC744,セブン銀行,セブン‐イレブン 京都東洞院錦店 共同出張所,
ICOCA,C8,AC754,セブン銀行,セブン‐イレブン 京都西賀茂店 共同出張所,
ICOCA,C8,AC755,セブン銀行,セブン‐イレブン 大阪農人橋1丁目店 共同出張所,
ICOCA,C8,AC764,セブン銀行,セブン‐イレブン 姫路土山7丁目店 共同出張所,
ICOCA,C8,AC77D,セブン銀行,セブン‐イレブン JR和歌山駅東口店 共同出張所,
ICOCA,C8,AC781,セブン銀行,セブン‐イレブン 兵庫太子鵤店 共同出張所,
ICOCA,C8,AC798,セブン銀行,セブン‐イレブン 天理三島町北大路店 共同出張所,
ICOCA,C8,AC799,セブン銀行,セブン‐イレブン 四条大宮店 共同出張所,
ICOCA,C8,AC79A,セブン銀行,セブン‐イレブン 四条大宮店 共同出張所,
ICOCA,C8,AC7A4,セブン銀行,セブン‐イレブン 龍野小宅北店 共同出張所,
ICOCA,C8,AC7AC,セブン銀行,セブン‐イレブン 京都烏丸今出川店 共同出張所,
ICOCA,C8,AC7AD,セブン銀行,セブン‐イレブン 京都烏丸今出川店 共同出張所,
ICOCA,C8,AC7BE,セブン銀行,セブン‐イレブン 兵庫太子佐用岡店 共同出張所,
ICOCA,C8,AC7CC,セブン銀行,セブン‐イレブン 京都三条御陵店 共同出張所,
ICOCA,C8,AC7E2,セブン銀行,セブン‐イレブン 醍醐大構町店 共同出張所,
ICOCA,C8,AC7E3,セブン銀行,セブン‐イレブン 京都堀川北大路店 共同出張所,
ICOCA,C8,AC7E9,セブン銀行,セブン‐イレブン 和歌山屋形町店 共同出張所,
ICOCA,C8,AC7EC,セブン銀行,セブン‐イレブン 宝塚すみれガ丘1丁目店 共同出張所,
ICOCA,C8,AC805,セブン銀行,セブン‐イレブン 烏丸五条店 共同出張所,
ICOCA,C8,AC813,セブン銀行,セブン‐イレブン 近江宇賀野店 共同出張所,
ICOCA,C8,AC816,セブン銀行,セブン‐イレブン 姫路広畑東新町店 共同出張所,
ICOCA,C8,AC821,セブン銀行,セブン‐イレブン 奈良般若寺町店 共同出張所,
ICOCA,C8,AC822,セブン銀行,セブン‐イレブン 伏見勧進橋店 共同出張所,
ICOCA,C8,AC852,セブン銀行,セブン‐イレブン 二条城北店 共同出張所,
ICOCA,C8,AC866,セブン銀行,セブン‐イレブン 京都岩倉幡枝店 共同出張所,
ICOCA,C8,AC868,セブン銀行,セブン‐イレブン 大阪谷町3丁目店 共同出張所,
ICOCA,C8,AC869,セブン銀行,セブン‐イレブン 大阪谷町3丁目店 共同出張所,
ICOCA,C8,AC86E,セブン銀行,セブン‐イレブン 姫路伊伝居北店 共同出張所,
ICOCA,C8,AC89A,セブン銀行,セブン‐イレブン 伏見大手筋店 共同出張所,
ICOCA,C8,AC89E,セブン銀行,セブン‐イレブン 京都福王子店 共同出張所,
ICOCA,C8,AC89F,セブン銀行,セブン‐イレブン 京都四条西洞院通り店 共同出張所,
ICOCA,C8,AC8B0,セブン銀行,セブン‐イレブン 姫路青山4丁目店 共同出張所,
ICOCA,C8,AC8C0,セブン銀行,セブン‐イレブン 天理庵治町店 共同出張所,
ICOCA,C8,AC8EA,セブン銀行,セブン‐イレブン 姫路北条店 共同出張所,
ICOCA,C8,AC917,セブン銀行,セブン‐イレブン 摂津東一津屋店 共同出張所,
ICOCA,C8,AC928,セブン銀行,セブン‐イレブン 京都大宮総門口店 共同出張所,
ICOCA,C8,AC92A,セブン銀行,セブン‐イレブン 京都駅八条口店 共同出張所,
ICOCA,C8,AC92B,セブン銀行,セブン‐イレブン 京都駅八条口店 共同出張所,
ICOCA,C8,AC932,セブン銀行,セブン‐イレブン 天理三昧田町店 共同出張所,
ICOCA,C8,AC93D,セブン銀行,セブン‐イレブン 出町柳駅前店 共同出張所,
ICOCA,C8,AC95A,セブン銀行,セブン‐イレブン 加古川溝之口店 共同出張所,
ICOCA,C8,AC9A2,セブン銀行,セブン‐イレブン 立山あるぺん村店 共同出張所,
ICOCA,C8,AC9A8,セブン銀行,セブン‐イレブン たつの御津町釜屋店 共同出張所,
ICOCA,C8,AC9AE,セブン銀行,セブン‐イレブン 福井春山1丁目店 共同出張所,
ICOCA,C8,AC9B4,セブン銀行,セブン‐イレブン 富山城址公園前店 共同出張所,
ICOCA,C8,AC9C4,セブン銀行,セブン‐イレブン 姫路塩町店 共同出張所,
ICOCA,C8,AC9C7,セブン銀行,セブン‐イレブン 福井三十八社店 共同出張所,
ICOCA,C8,AC9D3,セブン銀行,セブン‐イレブン 姫路広畑正門通3丁目店 共同出張所,
ICOCA,C8,AC9D8,セブン銀行,セブン‐イレブン 京都常盤店 共同出張所,
ICOCA,C8,AC9F0,セブン銀行,セブン‐イレブン 姫路飾磨細江店 共同出張所,
ICOCA,C8,AC9F4,セブン銀行,セブン‐イレブン 五条千本店 共同出張所,
ICOCA,C8,ACA08,セブン銀行,セブン‐イレブン 京都八瀬駅前店 共同出張所,
ICOCA,C8,ACA0D,セブン銀行,セブン‐イレブン 射水作道店 共同出張所,
ICOCA,C8,ACA24,セブン銀行,セブン‐イレブン 近鉄奈良駅北口店 共同出張所,
ICOCA,C8,ACA2B,セブン銀行,セブン‐イレブン 智恵光院上長者町店 共同出張所,
ICOCA,C8,ACA30,セブン銀行,セブン‐イレブン 大阪空港前店 共同出張所,
ICOCA,C8,ACA31,セブン銀行,セブン‐イレブン 広島京橋町店 共同出張所,
ICOCA,C8,ACA44,セブン銀行,セブン‐イレブン 下京区役所前店 共同出張所,
ICOCA,C8,ACA4D,セブン銀行,セブン‐イレブン 大阪肥後橋駅前店 共同出張所,
ICOCA,C8,ACA56,セブン銀行,セブン‐イレブン 姫路下手野店 共同出張所,
ICOCA,C8,ACA63,セブン銀行,セブン‐イレブン 金沢片町1丁目店 共同出張所,
ICOCA,C8,ACA6D,セブン銀行,セブン‐イレブン 京都出世稲荷前店 共同出張所,
ICOCA,C8,ACA76,セブン銀行,セブン‐イレブン 御幸町六角店 共同出張所,
ICOCA,C8,ACA77,セブン銀行,セブン‐イレブン 御幸町六角店 共同出張所,
ICOCA,C8,ACA88,セブン銀行,セブン‐イレブン 加賀市役所前店 共同出張所,
ICOCA,C8,ACA8A,セブン銀行,セブン‐イレブン 周南政所店 共同出張所,
ICOCA,C8,ACA8E,セブン銀行,セブン‐イレブン クリスタ長堀店 共同出張所,
ICOCA,C8,ACA8F,セブン銀行,セブン‐イレブン クリスタ長堀店 共同出張所,
ICOCA,C8,ACAB3,セブン銀行,セブン‐イレブン 奈良西木辻町店 共同出張所,
ICOCA,C8,ACAC5,セブン銀行,セブン‐イレブン 奈良大宮町1丁目店 共同出張所,
ICOCA,C8,ACACC,セブン銀行,セブン‐イレブン 坂井町下兵庫店 共同出張所,
ICOCA,C8,ACAD7,セブン銀行,セブン‐イレブン 高岡中曽根店 共同出張所,
ICOCA,C8,ACB11,セブン銀行,セブン‐イレブン 大阪西心斎橋1丁目店 共同出張所,
ICOCA,C8,ACB12,セブン銀行,セブン‐イレブン 大阪西心斎橋1丁目店 共同出張所,
ICOCA,C8,ACB15,セブン銀行,セブン‐イレブン 京都小川御池店 共同出張所,
ICOCA,C8,ACB1C,セブン銀行,セブン‐イレブン 高砂藍屋町店 共同出張所,
ICOCA,C8,ACB1E,セブン銀行,セブン‐イレブン 京都大宮後院通店 共同出張所,
ICOCA,C8,ACB22,セブン銀行,セブン‐イレブン たつの富永店 共同出張所,
ICOCA,C8,ACB27,セブン銀行,セブン‐イレブン 奈良中登美ヶ丘3丁目店 共同出張所,
ICOCA,C8,ACB34,セブン銀行,セブン‐イレブン 京都白川北大路店 共同出張所,
ICOCA,C8,ACB44,セブン銀行,セブン‐イレブン 明石二見町店 共同出張所,
ICOCA,C8,ACB4D,セブン銀行,セブン‐イレブン 烏丸御池店 共同出張所,
ICOCA,C8,ACB52,セブン銀行,セブン‐イレブン 加古川篠原町店 共同出張所,
ICOCA,C8,ACB53,セブン銀行,セブン‐イレブン 福井灯明寺1丁目店 共同出張所,
ICOCA,C8,ACB54,セブン銀行,セブン‐イレブン 舞鶴北吸店 共同出張所,
ICOCA,C8,ACB6E,セブン銀行,セブン‐イレブン JR王寺駅南口店 共同出張所,
ICOCA,C8,ACB82,セブン銀行,セブン‐イレブン 姫路宮田店 共同出張所,
ICOCA,C8,ACB84,セブン銀行,セブン‐イレブン 一乗寺北大丸町店 共同出張所,
ICOCA,C8,ACBA1,セブン銀行,セブン‐イレブン 姫路広畑蒲田店 共同出張所,
ICOCA,C8,ACBA9,セブン銀行,セブン‐イレブン 姫路南畝町店 共同出張所,
ICOCA,C8,ACBB4,セブン銀行,セブン‐イレブン 京都河原町高辻店 共同出張所,
ICOCA,C8,ACBB6,セブン銀行,セブン‐イレブン 富山安野屋店 共同出張所,
ICOCA,C8,ACBC4,セブン銀行,セブン‐イレブン 明石魚住駅前店 共同出張所,
ICOCA,C8,ACBC7,セブン銀行,セブン‐イレブン 伏見稲荷榎木橋店 共同出張所,
ICOCA,C8,ACBCB,セブン銀行,セブン‐イレブン 外環横大路店 共同出張所,
ICOCA,C8,ACBF9,セブン銀行,セブン‐イレブン 京都竹田中内畑町店 共同出張所,
ICOCA,C8,ACC11,セブン銀行,セブン‐イレブン 天理守目堂町店 共同出張所,
ICOCA,C8,ACC32,セブン銀行,セブン‐イレブン 佛教大学店 共同出張所,
ICOCA,C8,ACC35,セブン銀行,セブン‐イレブン 射水七美店 共同出張所,
ICOCA,C8,ACC3C,セブン銀行,セブン‐イレブン 大阪長堀心斎橋店 共同出張所,
ICOCA,C8,ACC51,セブン銀行,セブン‐イレブン 京都西大路花屋町店 共同出張所,
ICOCA,C8,ACC59,セブン銀行,セブン‐イレブン 和歌山北新5丁目店 共同出張所,
ICOCA,C8,ACC75,セブン銀行,セブン‐イレブン 兵庫太子東南店 共同出張所,
ICOCA,C8,ACC81,セブン銀行,セブン‐イレブン 小松インター店 共同出張所,
ICOCA,C8,ACC88,セブン銀行,セブン‐イレブン 広島船越南3丁目店 共同出張所,
ICOCA,C8,ACC92,セブン銀行,セブン‐イレブン エル京橋店 共同出張所,
ICOCA,C8,ACC93,セブン銀行,セブン‐イレブン エル京橋店 共同出張所,
ICOCA,C8,ACCAE,セブン銀行,セブン‐イレブン 上賀茂二軒家町店 共同出張所,
ICOCA,C8,ACCC5,セブン銀行,セブン‐イレブン 白山北安田南店 共同出張所,
ICOCA,C8,ACCD7,セブン銀行,セブン‐イレブン 金沢米泉10丁目店 共同出張所,
ICOCA,C8,ACCDC,セブン銀行,セブン‐イレブン 富山つばめ野店 共同出張所,
ICOCA,C8,ACCEA,セブン銀行,セブン‐イレブン 京都西陣郵便局店 共同出張所,
ICOCA,C8,ACCED,セブン銀行,セブン‐イレブン 京都堀川玄以店 共同出張所,
ICOCA,C8,ACD11,セブン銀行,セブン‐イレブン 大阪常盤町1丁目店 共同出張所,
ICOCA,C8,ACD20,セブン銀行,セブン‐イレブン 姫路北条口1丁目店 共同出張所,
ICOCA,C8,ACD2A,セブン銀行,セブン‐イレブン 野々市二日市店 共同出張所,
ICOCA,C8,ACD2D,セブン銀行,セブン‐イレブン 京都壬生川仏光寺店 共同出張所,
ICOCA,C8,ACD39,セブン銀行,セブン‐イレブン 豊中少路1丁目店 共同出張所,
ICOCA,C8,ACD4E,セブン銀行,セブン‐イレブン 和歌山平岡店 共同出張所,
ICOCA,C8,ACD67,セブン銀行,セブン‐イレブン 小松島町店 共同出張所,
ICOCA,C8,ACD6B,セブン銀行,セブン‐イレブン 呉駅前店 共同出張所,
ICOCA,C8,ACD81,セブン銀行,セブン‐イレブン 嵯峨野店 共同出張所,
ICOCA,C8,ACD9E,セブン銀行,セブン‐イレブン 大阪友渕町3丁目店 共同出張所,
ICOCA,C8,ACDA3,セブン銀行,セブン‐イレブン 淀下津町店 共同出張所,
ICOCA,C8,ACDAB,セブン銀行,セブン‐イレブン 大阪中之島6丁目店 共同出張所,
ICOCA,C8,ACDAD,セブン銀行,セブン‐イレブン 姫路飾磨思案橋西店 共同出張所,
ICOCA,C8,ACDC2,セブン銀行,セブン‐イレブン 白山八ツ矢町店 共同出張所,
ICOCA,C8,ACDE2,セブン銀行,セブン‐イレブン 京都山ノ内赤山町店 共同出張所,
ICOCA,C8,ACDE6,セブン銀行,セブン‐イレブン 大阪あべの橋店 共同出張所,
ICOCA,C8,ACDF0,セブン銀行,セブン‐イレブン 福井志比口店 共同出張所,
ICOCA,C8,ACE19,セブン銀行,セブン‐イレブン 京都馬代一条店 共同出張所,
ICOCA,C8,ACE20,セブン銀行,セブン‐イレブン 高松瓦町駅東口店 共同出張所,
ICOCA,C8,ACE26,セブン銀行,セブン‐イレブン JR徳島駅前店 共同出張所,
ICOCA,C8,ACE27,セブン銀行,セブン‐イレブン 高松JR栗林駅前店 共同出張所,
ICOCA,C8,ACE3C,セブン銀行,セブン‐イレブン さぬき寒川町神前店 共同出張所,
ICOCA,C8,ACE46,セブン銀行,セブン‐イレブン 高松寿町2丁目店 共同出張所,
ICOCA,C8,ACE48,セブン銀行,セブン‐イレブン 高松サンポート店 共同出張所,
ICOCA,C8,ACE67,セブン銀行,セブン‐イレブン 姫路西中島店 共同出張所,
ICOCA,C8,ACE6A,セブン銀行,セブン‐イレブン 山科日ノ岡店 共同出張所,
ICOCA,C8,ACE91,セブン銀行,セブン‐イレブン 福井文京3丁目店 共同出張所,
ICOCA,C8,ACEB2,セブン銀行,セブン‐イレブン 姫路宮田東店 共同出張所,
ICOCA,C8,ACED0,セブン銀行,セブン‐イレブン 奈良芝辻町店 共同出張所,
ICOCA,C8,ACED6,セブン銀行,セブン‐イレブン 小松大島町店 共同出張所,
ICOCA,C8,ACEE4,セブン銀行,セブン‐イレブン 高松瓦町2丁目店 共同出張所,
ICOCA,C8,ACEEF,セブン銀行,セブン‐イレブン 京都御池御前店 共同出張所,
ICOCA,C8,ACEFC,セブン銀行,セブン‐イレブン 大阪本町駅中央店 共同出張所,
ICOCA,C8,ACF00,セブン銀行,セブン‐イレブン 東大阪中小阪5丁目店 共同出張所,
ICOCA,C8,ACF0F,セブン銀行,セブン‐イレブン 京都上桂前田町店 共同出張所,
ICOCA,C8,ACF26,セブン銀行,セブン‐イレブン 姫路網干東雲橋南店 共同出張所,
ICOCA,C8,ACF2B,セブン銀行,セブン‐イレブン 京都唐橋川久保店 共同出張所,
ICOCA,C8,ACF4D,セブン銀行,セブン‐イレブン 京都上桂東ノ口店 共同出張所,
ICOCA,C8,ACF53,セブン銀行,セブン‐イレブン 京都堀川今出川店 共同出張所,
ICOCA,C8,ACF62,セブン銀行,セブン‐イレブン 西京極運動公園店 共同出張所,
ICOCA,C8,ACFA8,セブン銀行,セブン‐イレブン 深草西浦8丁目店 共同出張所,
ICOCA,C8,ACFBC,セブン銀行,セブン‐イレブン 金沢高岡町店 共同出張所,
ICOCA,C8,ACFBE,セブン銀行,セブン‐イレブン 奈良大宮町4丁目店 共同出張所,
ICOCA,C8,ACFBF,セブン銀行,セブン‐イレブン 姫路広畑早瀬町北店 共同出張所,
ICOCA,C8,ACFD2,セブン銀行,セブン‐イレブン 呉中央桟橋ターミナル店 共同出張所,
ICOCA,C8,ACFF0,セブン銀行,セブン‐イレブン 7FS京阪バス京都駅八条口店 共同出張所,
ICOCA,C8,ACFF2,セブン銀行,セブン‐イレブン 京都神宮丸太町店 共同出張所,
ICOCA,C8,AD013,セブン銀行,セブン‐イレブン 長岡京上八ノ坪店 共同出張所,
ICOCA,C8,AD019,セブン銀行,セブン‐イレブン 大洲中央病院前店 共同出張所,
ICOCA,C8,AD02F,セブン銀行,セブン‐イレブン 姫路南駅前町店 共同出張所,
ICOCA,C8,AD035,セブン銀行,セブン‐イレブン 岡山厚生町東店 共同出張所,
ICOCA,C8,AD03C,セブン銀行,セブン‐イレブン 奈良三碓2丁目店 共同出張所,
ICOCA,C8,AD03D,セブン銀行,セブン‐イレブン 呉中通1丁目店 共同出張所,
ICOCA,C8,AD044,セブン銀行,セブン‐イレブン ハートインJR京都駅東口改札内店 共同出張所,
ICOCA,C8,AD046,セブン銀行,セブン‐イレブン ハートインJR岡山駅中央改札口店 共同出張所,
ICOCA,C8,AD047,セブン銀行,セブン‐イレブン ハートインJR岡山駅中央改札口店 共同出張所,
ICOCA,C8,AD050,セブン銀行,セブン‐イレブン 京都三条通壬生神明町店 共同出張所,
ICOCA,C8,AD058,セブン銀行,セブン‐イレブン 奈良針インター店 共同出張所,
ICOCA,C8,AD066,セブン銀行,セブン‐イレブン ハートインJR福山駅南口店 共同出張所,
ICOCA,C8,AD067,セブン銀行,セブン‐イレブン ハートインJR福山駅南口店 共同出張所,
ICOCA,C8,AD068,セブン銀行,セブン‐イレブン ハートイン小倉新幹線改札内中央店 共同出張所,
ICOCA,C8,AD069,セブン銀行,セブン‐イレブン AIM龍谷大学深草キャンパス店 共同出張所,
ICOCA,C8,AD073,セブン銀行,セブン‐イレブン 京都東山団栗橋前店 共同出張所,
ICOCA,C8,AD084,セブン銀行,セブン‐イレブン 高松一宮町店 共同出張所,
ICOCA,C8,AD08D,セブン銀行,セブン‐イレブン Kiosk宇多津駅店 共同出張所,
ICOCA,C8,AD093,セブン銀行,セブン‐イレブン 姫路網干新在家店 共同出張所,
ICOCA,C8,AD097,セブン銀行,セブン‐イレブン 西院月双町店 共同出張所,
ICOCA,C8,AD098,セブン銀行,セブン‐イレブン 西院駅南店 共同出張所,
ICOCA,C8,AD099,セブン銀行,セブン‐イレブン 西院駅南店 共同出張所,
ICOCA,C8,AD09F,セブン銀行,セブン‐イレブン 心斎橋長堀通西店 共同出張所,
ICOCA,C8,AD0BD,セブン銀行,セブン‐イレブン ハートインJR敦賀駅店 共同出張所,
ICOCA,C8,AD0C1,セブン銀行,セブン‐イレブン 京都葵橋寺町店 共同出張所,
ICOCA,C8,AD0DD,セブン銀行,セブン‐イレブン 姫路上余部店 共同出張所,
ICOCA,C8,AD0E2,セブン銀行,セブン‐イレブン 近鉄奈良駅西店 共同出張所,
ICOCA,C8,AD0F7,セブン銀行,セブン‐イレブン 高知丸池町店 共同出張所,
ICOCA,C8,AD0F9,セブン銀行,セブン‐イレブン ハートインJR広島駅在来改札内店 共同出張所,
ICOCA,C8,AD0FA,セブン銀行,セブン‐イレブン ハートインJR下関駅東口店 共同出張所,
ICOCA,C8,AD101,セブン銀行,セブン‐イレブン 京都寺町六角店 共同出張所,
ICOCA,C8,AD103,セブン銀行,セブン‐イレブン 下津林東大般若町店 共同出張所,
ICOCA,C8,AD107,セブン銀行,セブン‐イレブン 田原本千代店 共同出張所,
ICOCA,C8,AD112,セブン銀行,セブン‐イレブン 和歌山山吹丁店 共同出張所,
ICOCA,C8,AD11E,セブン銀行,セブン‐イレブン Kiosk善通寺駅店 共同出張所,
ICOCA,C8,AD120,セブン銀行,セブン‐イレブン ハートインJR二条駅東口店 共同出張所,
ICOCA,C8,AD147,セブン銀行,セブン‐イレブン 明石西新町店 共同出張所,
ICOCA,C8,AD14B,セブン銀行,セブン‐イレブン ハートイングランヴィア岡山店 共同出張所,
ICOCA,C8,AD14D,セブン銀行,セブン‐イレブン 近森病院外来センター店 共同出張所,
ICOCA,C8,AD153,セブン銀行,セブン‐イレブン 山科外環小野店 共同出張所,
ICOCA,C8,AD164,セブン銀行,セブン‐イレブン キヨスクJR嵯峨嵐山駅改札口店 共同出張所,
ICOCA,C8,AD166,セブン銀行,セブン‐イレブン 南国下末松店 共同出張所,
ICOCA,C8,AD16B,セブン銀行,セブン‐イレブン Kiosk琴平駅店 共同出張所,
ICOCA,C8,AD16E,セブン銀行,セブン‐イレブン ハートイン岡山駅新幹線改札内店 共同出張所,
ICOCA,C8,AD173,セブン銀行,セブン‐イレブン ハートインJR呉駅店 共同出張所,
ICOCA,C8,AD174,セブン銀行,セブン‐イレブン 兵庫太子太田店 共同出張所,
ICOCA,C8,AD17B,セブン銀行,セブン‐イレブン 葛野大路花屋町店 共同出張所,
ICOCA,C8,AD190,セブン銀行,セブン‐イレブン Kiosk高知駅店 共同出張所,
ICOCA,C8,AD195,セブン銀行,セブン‐イレブン ハートインJR明石駅北口店 共同出張所,
ICOCA,C8,AD196,セブン銀行,セブン‐イレブン ハートインJR明石駅北口店 共同出張所,
ICOCA,C8,AD1A2,セブン銀行,セブン‐イレブン 吹田青葉丘南店 共同出張所,
ICOCA,C8,AD1A6,セブン銀行,セブン‐イレブン 生駒鹿畑町店 共同出張所,
ICOCA,C8,AD1AC,セブン銀行,セブン‐イレブン 高知杉井流店 共同出張所,
ICOCA,C8,AD1B5,セブン銀行,セブン‐イレブン 姫路東今宿2丁目店 共同出張所,
ICOCA,C8,AD1B7,セブン銀行,セブン‐イレブン 京都御幸町御池店 共同出張所,
ICOCA,C8,AD1C5,セブン銀行,セブン‐イレブン 京都白川通上高野店 共同出張所,
ICOCA,C8,AD1CC,セブン銀行,セブン‐イレブン さぬき津田町琴林店 共同出張所,
ICOCA,C8,AD1D6,セブン銀行,セブン‐イレブン 兵庫太子糸井店 共同出張所,
ICOCA,C8,AD1E5,セブン銀行,セブン‐イレブン 京都四条新町店 共同出張所,
ICOCA,C8,AD202,セブン銀行,セブン‐イレブン 京都二条駅南店 共同出張所,
ICOCA,C8,AD204,セブン銀行,セブン‐イレブン ハートインJR京橋駅1番のりば店 共同出張所,
ICOCA,C8,AD207,セブン銀行,セブン‐イレブン ハートインJR新大阪駅1階店 共同出張所,
ICOCA,C8,AD208,セブン銀行,セブン‐イレブン 天理成願寺町店 共同出張所,
ICOCA,C8,AD21D,セブン銀行,セブン‐イレブン アントレマルシェ天王寺店 共同出張所,
ICOCA,C8,AD21E,セブン銀行,セブン‐イレブン アントレマルシェ天王寺店 共同出張所,
ICOCA,C8,AD221,セブン銀行,セブン‐イレブン ハートインJR舞子駅改札口店 共同出張所,
ICOCA,C8,AD223,セブン銀行,セブン‐イレブン ハートインJR京都駅東塩小路店 共同出張所,
ICOCA,C8,AD22B,セブン銀行,セブン‐イレブン エキシティひろしま店 共同出張所,
ICOCA,C8,AD24F,セブン銀行,セブン‐イレブン ハートインJR王寺駅北口店 共同出張所,
ICOCA,C8,AD252,セブン銀行,セブン‐イレブン ハートインJR松江駅シャミネ店 共同出張所,
ICOCA,C8,AD258,セブン銀行,セブン‐イレブン 大阪天神橋6丁目店 共同出張所,
ICOCA,C8,AD269,セブン銀行,セブン‐イレブン 京阪鳥羽街道駅前店 共同出張所,
ICOCA,C8,AD286,セブン銀行,セブン‐イレブン ハートインJR川西池田駅北口店 共同出張所,
ICOCA,C8,AD294,セブン銀行,セブン‐イレブン 京都上桂宮ノ後町店 共同出張所,
ICOCA,C8,AD2B7,セブン銀行,セブン‐イレブン ハートインJR伊丹駅前店 共同出張所,
ICOCA,C8,AD2BB,セブン銀行,セブン‐イレブン 京都堀川塩小路南店 共同出張所,
ICOCA,C8,AD2D2,セブン銀行,セブン‐イレブン 神鉄岡場駅店 共同出張所,
ICOCA,C8,AD2D3,セブン銀行,セブン‐イレブン モノウェル千里中央店 共同出張所,
ICOCA,C8,AD2D7,セブン銀行,セブン‐イレブン モノウェル万博記念公園店 共同出張所,
ICOCA,C8,AD2F2,セブン銀行,セブン‐イレブン Kiosk新居浜駅店 共同出張所,
ICOCA,C8,AD2FB,セブン銀行,セブン‐イレブン ハートインJR加古川駅南口店 共同出張所,
ICOCA,C8,AD2FC,セブン銀行,セブン‐イレブン ハートインJR加古川駅南口店 共同出張所,
ICOCA,C8,AD2FE,セブン銀行,セブン‐イレブン ハートインJR尼崎駅西口改札内店 共同出張所,
ICOCA,C8,AD2FF,セブン銀行,セブン‐イレブン ハートインJR新三田駅前店 共同出張所,
ICOCA,C8,AD305,セブン銀行,セブン‐イレブン 京都新町一条店 共同出張所,
ICOCA,C8,AD30C,セブン銀行,セブン‐イレブン ハートイン京都地下鉄京都駅南口店 共同出張所,
ICOCA,C8,AD30D,セブン銀行,セブン‐イレブン ハートイン京都地下鉄京都駅南口店 共同出張所,
ICOCA,C8,AD324,セブン銀行,セブン‐イレブン 高知葛島4丁目店 共同出張所,
ICOCA,C8,AD325,セブン銀行,セブン‐イレブン 高知駅前町店 共同出張所,
ICOCA,C8,AD32B,セブン銀行,セブン‐イレブン ハートインJR三田駅南口店 共同出張所,
ICOCA,C8,AD331,セブン銀行,セブン‐イレブン 姫路西今宿3丁目店 共同出張所,
ICOCA,C8,AD340,セブン銀行,セブン‐イレブン 伏見深草藤森店 共同出張所,
ICOCA,C8,AD352,セブン銀行,セブン‐イレブン おみやげ処黒部店 共同出張所,
ICOCA,C8,AD35C,セブン銀行,セブン‐イレブン ハートインJR海南駅改札口店 共同出張所,
ICOCA,C8,AD360,セブン銀行,セブン‐イレブン 京都市役所西店 共同出張所,
ICOCA,C8,AD362,セブン銀行,セブン‐イレブン おみやげ処金沢店 共同出張所,
ICOCA,C8,AD363,セブン銀行,セブン‐イレブン おみやげ処金沢店 共同出張所,
ICOCA,C8,AD367,セブン銀行,セブン‐イレブン 天満屋DPバスステーション店 共同出張所,
ICOCA,C8,AD382,セブン銀行,セブン‐イレブン 京都吉田近衛町店 共同出張所,
ICOCA,C8,AD385,セブン銀行,セブン‐イレブン 梅田スカイビル東店 共同出張所,
ICOCA,C8,AD392,セブン銀行,セブン‐イレブン ハートインJR加古川駅改札内店 共同出張所,
ICOCA,C8,AD395,セブン銀行,セブン‐イレブン 神鉄新開地駅店 共同出張所,
ICOCA,C8,AD396,セブン銀行,セブン‐イレブン Kiosk坂出駅店 共同出張所,
ICOCA,C8,AD3A8,セブン銀行,セブン‐イレブン ハートインJR姫路駅南口店 共同出張所,
ICOCA,C8,AD3A9,セブン銀行,セブン‐イレブン ハートインJR姫路駅南口店 共同出張所,
ICOCA,C8,AD3C3,セブン銀行,セブン‐イレブン Kiosk八幡浜駅店 共同出張所,
ICOCA,C8,AD3D2,セブン銀行,セブン‐イレブン 高知駅北店 共同出張所,
ICOCA,C8,AD3D3,セブン銀行,セブン‐イレブン 天理稲葉町店 共同出張所,
ICOCA,C8,AD3DF,セブン銀行,セブン‐イレブン アントレマルシェ新大阪中央口店 共同出張所,
ICOCA,C8,AD3E0,セブン銀行,セブン‐イレブン アントレマルシェ新大阪中央口店 共同出張所,
ICOCA,C8,AD3E4,セブン銀行,セブン‐イレブン 西京極西大丸町店 共同出張所,
ICOCA,C8,AD3E6,セブン銀行,セブン‐イレブン 京都太秦蚕ノ社店 共同出張所,
ICOCA,C8,AD3E7,セブン銀行,セブン‐イレブン 京都祇園北店 共同出張所,
ICOCA,C8,AD3E9,セブン銀行,セブン‐イレブン 京都烏丸九条店 共同出張所,
ICOCA,C8,AD3F7,セブン銀行,セブン‐イレブン 和歌山市駅前店 共同出張所,
ICOCA,C8,AD415,セブン銀行,セブン‐イレブン 百万遍店 共同出張所,
ICOCA,C8,AD41B,セブン銀行,セブン‐イレブン おみやげ楽市益田店 共同出張所,
ICOCA,C8,AD420,セブン銀行,セブン‐イレブン ハートインJR金沢駅店 共同出張所,
ICOCA,C8,AD421,セブン銀行,セブン‐イレブン ハートインJR金沢駅店 共同出張所,
ICOCA,C8,AD422,セブン銀行,セブン‐イレブン ハートインJR土山駅改札内店 共同出張所,
ICOCA,C8,AD424,セブン銀行,セブン‐イレブン ハートインJR和歌山駅中央口店 共同出張所,
ICOCA,C8,AD425,セブン銀行,セブン‐イレブン おみやげ市場博多店 共同出張所,
ICOCA,C8,AD43B,セブン銀行,セブン‐イレブン キヨスクJR松任駅店 共同出張所,
ICOCA,C8,AD43F,セブン銀行,セブン‐イレブン キヨスクJR鶴橋駅中央改札口店 共同出張所,
ICOCA,C8,AD440,セブン銀行,セブン‐イレブン ハートインJR大阪駅北店 共同出張所,
ICOCA,C8,AD444,セブン銀行,セブン‐イレブン キヨスクJR相生駅改札口店 共同出張所,
ICOCA,C8,AD449,セブン銀行,セブン‐イレブン 高知一宮南町店 共同出張所,
ICOCA,C8,AD454,セブン銀行,セブン‐イレブン 夷川柳馬場店 共同出張所,
ICOCA,C8,AD45B,セブン銀行,セブン‐イレブン 伏見竹田中島町店 共同出張所,
ICOCA,C8,AD45C,セブン銀行,セブン‐イレブン 京都久世店 共同出張所,
ICOCA,C8,AD46E,セブン銀行,セブン‐イレブン 奈良大宮町6丁目店 共同出張所,
ICOCA,C8,AD472,セブン銀行,セブン‐イレブン 姫路英賀清水町3丁目店 共同出張所,
ICOCA,C8,AD480,セブン銀行,セブン‐イレブン ハートインJR大阪駅連絡橋口内店 共同出張所,
ICOCA,C8,AD482,セブン銀行,セブン‐イレブン ハートインピオレ姫路店 共同出張所,
ICOCA,C8,AD483,セブン銀行,セブン‐イレブン ハートインJR魚住駅改札口店 共同出張所,
ICOCA,C8,AD48D,セブン銀行,セブン‐イレブン JR宇治駅前店 共同出張所,
ICOCA,C8,AD4A0,セブン銀行,セブン‐イレブン キヨスクJR網干駅改札口店 共同出張所,
ICOCA,C8,AD4A1,セブン銀行,セブン‐イレブン ハートインJR岡山駅地下改札口店 共同出張所,
ICOCA,C8,AD4B1,セブン銀行,セブン‐イレブン 龍野末政店 共同出張所,
ICOCA,C8,AD4B8,セブン銀行,セブン‐イレブン Kiosk徳島銘品館店 共同出張所,
ICOCA,C8,AD4B9,セブン銀行,セブン‐イレブン 京都鷹峯藤林店 共同出張所,
ICOCA,C8,AD4BA,セブン銀行,セブン‐イレブン 嵯峨車折神社前店 共同出張所,
ICOCA,C8,AD4BC,セブン銀行,セブン‐イレブン 西院春日通六角店 共同出張所,
ICOCA,C8,AD4BD,セブン銀行,セブン‐イレブン 奈良法蓮町店 共同出張所,
ICOCA,C8,AD4C3,セブン銀行,セブン‐イレブン アントレマルシェ姫路店 共同出張所,
ICOCA,C8,AD4C4,セブン銀行,セブン‐イレブン キヨスクJR東舞鶴駅改札口店 共同出張所,
ICOCA,C8,AD4C5,セブン銀行,セブン‐イレブン ハートインJR奈良駅改札口店 共同出張所,
ICOCA,C8,AD4CA,セブン銀行,セブン‐イレブン 京福西院駅前店 共同出張所,
ICOCA,C8,AD4DF,セブン銀行,セブン‐イレブン ハートインJR天理駅前店 共同出張所,
ICOCA,C8,AD504,セブン銀行,セブン‐イレブン 大宮寺之内店 共同出張所,
ICOCA,C8,AD505,セブン銀行,セブン‐イレブン 難波千日前店 共同出張所,
ICOCA,C8,AD50B,セブン銀行,セブン‐イレブン おみやげどころ丸亀店 共同出張所,
ICOCA,C8,AD512,セブン銀行,セブン‐イレブン 高石高師浜店 共同出張所,
ICOCA,C8,AD519,セブン銀行,セブン‐イレブン 京都烏丸十条店 共同出張所,
ICOCA,C8,AD51E,セブン銀行,セブン‐イレブン 明石魚住住吉店 共同出張所,
ICOCA,C8,AD53A,セブン銀行,セブン‐イレブン おみやげ街道広島新幹線改札内中店 共同出張所,
ICOCA,C8,AD53C,セブン銀行,セブン‐イレブン 宇治槇島目川店 共同出張所,
ICOCA,C8,AD55A,セブン銀行,セブン‐イレブン 奈良学園大和町2丁目店 共同出張所,
ICOCA,C8,AD562,セブン銀行,セブン‐イレブン 姫路勝原熊見店 共同出張所,
ICOCA,C8,AD57A,セブン銀行,セブン‐イレブン 姫路垣内中町店 共同出張所,
ICOCA,C8,AD59C,セブン銀行,セブン‐イレブン 四ツ橋南堀江店 共同出張所,
ICOCA,C8,AD5AA,セブン銀行,セブン‐イレブン 四ツ橋北堀江店 共同出張所,
ICOCA,C8,AD5AE,セブン銀行,セブン‐イレブン ハートインJR膳所駅改札口店 共同出張所,
ICOCA,C8,AD5D9,セブン銀行,セブン‐イレブン 龍野片山店 共同出張所,
ICOCA,C8,AD5DB,セブン銀行,セブン‐イレブン セレッソスポーツパーク舞洲店 共同出張所,
ICOCA,C8,AD5DD,セブン銀行,セブン‐イレブン Kiosk観音寺駅店 共同出張所,
ICOCA,C8,AD618,セブン銀行,セブン‐イレブン 茨木東奈良3丁目店 共同出張所,
ICOCA,C8,AD61A,セブン銀行,セブン‐イレブン 姫路南町店 共同出張所,
ICOCA,C8,AD634,セブン銀行,セブン‐イレブン 大阪桜島駅前店 共同出張所,
ICOCA,C8,AD638,セブン銀行,セブン‐イレブン 御堂筋本町店 共同出張所,
ICOCA,C8,AD639,セブン銀行,セブン‐イレブン 御堂筋本町店 共同出張所,
ICOCA,C8,AD64A,セブン銀行,セブン‐イレブン 高知長浜店 共同出張所,
ICOCA,C8,AD64F,セブン銀行,セブン‐イレブン ハートインJR児島駅店 共同出張所,
ICOCA,C8,AD66D,セブン銀行,セブン‐イレブン 金閣寺前店 共同出張所,
ICOCA,C8,AD66E,セブン銀行,セブン‐イレブン 京都上賀茂朝露ケ原町店 共同出張所,
ICOCA,C8,AD684,セブン銀行,セブン‐イレブン あべの天王寺駅西店 共同出張所,
ICOCA,C8,AD68B,セブン銀行,セブン‐イレブン 鹿王院駅前店 共同出張所,
ICOCA,C8,AD693,セブン銀行,セブン‐イレブン 深草直違橋店 共同出張所,
ICOCA,C8,AD6A8,セブン銀行,セブン‐イレブン 神戸サンキタ通店 共同出張所,
ICOCA,C8,AD6A9,セブン銀行,セブン‐イレブン 神戸サンキタ通店 共同出張所,
ICOCA,C8,AD6AB,セブン銀行,セブン‐イレブン 京都四条堀川店 共同出張所,
ICOCA,C8,AD6BA,セブン銀行,セブン‐イレブン 徳島道吉野川SA下り店 共同出張所,
ICOCA,C8,AD6CB,セブン銀行,セブン‐イレブン ハートインJR京都駅地下東口店 共同出張所,
ICOCA,C8,AD6CD,セブン銀行,セブン‐イレブン 姫路津田公園南店 共同出張所,
ICOCA,C8,AD6D4,セブン銀行,セブン‐イレブン 京都北大路大宮店 共同出張所,
ICOCA,C8,AD6DE,セブン銀行,セブン‐イレブン Kiosk多度津駅店 共同出張所,
ICOCA,C8,AD6E2,セブン銀行,セブン‐イレブン 阪急大山崎駅前店 共同出張所,
ICOCA,C8,AD72A,セブン銀行,大阪国際空港(伊丹) 南ターミナル 共同出張所,
ICOCA,C8,AD72B,セブン銀行,大阪国際空港(伊丹) 北ターミナル 共同出張所,
ICOCA,C8,AD734,セブン銀行,京都ホテルオークラ 共同出張所,
ICOCA,C8,AD741,セブン銀行,なんばウォーク 共同出張所,
ICOCA,C8,AD748,セブン銀行,天王寺ミオ 共同出張所,
ICOCA,C8,AD74B,セブン銀行,NAMBAなんなん 共同出張所,
ICOCA,C8,AD74C,セブン銀行,ホワイティうめだ 共同出張所,
ICOCA,C8,AD74D,セブン銀行,なんばウォーク 共同出張所,
ICOCA,C8,AD74E,セブン銀行,なんばウォーク 共同出張所,
ICOCA,C8,AD75C,セブン銀行,LUCUA 共同出張所,
ICOCA,C8,AD766,セブン銀行,大丸 京都店 共同出張所,
ICOCA,C8,AD76A,セブン銀行,ホームセンタームサシ 姫路店 共同出張所,
ICOCA,C8,AD770,セブン銀行,あべのキューズモール 共同出張所,
ICOCA,C8,AD771,セブン銀行,あべのキューズモール 共同出張所,
ICOCA,C8,AD772,セブン銀行,あべのキューズモール 共同出張所,
ICOCA,C8,AD773,セブン銀行,あべのキューズモール 共同出張所,
ICOCA,C8,AD777,セブン銀行,大阪シティエアターミナル 共同出張所,
ICOCA,C8,AD778,セブン銀行,京都アバンティ 共同出張所,
ICOCA,C8,AD77B,セブン銀行,シーモール下関 共同出張所,
ICOCA,C8,AD782,セブン銀行,ルシオーレ 共同出張所,
ICOCA,C8,AD790,セブン銀行,アフレ西院 共同出張所,
ICOCA,C8,AD795,セブン銀行,つかしん 共同出張所,
ICOCA,C8,AD7B9,セブン銀行,なんばウォーク 共同出張所,
ICOCA,C8,AD7BA,セブン銀行,なんばウォーク 共同出張所,
ICOCA,C8,AD7BF,セブン銀行,クリスタ長堀 共同出張所,
ICOCA,C8,AD7C7,セブン銀行,きときと市場とやマルシェ 共同出張所,
ICOCA,C8,AD7CA,セブン銀行,スーパーセンターオークワ 富雄中町店 共同出張所,
ICOCA,C8,AD7D4,セブン銀行,ビエラ 福知山 共同出張所,
ICOCA,C8,AD7D8,セブン銀行,万代 五条西小路店 共同出張所,
ICOCA,C8,AD7DA,セブン銀行,ゆめタウン 高松 共同出張所,
ICOCA,C8,AD7ED,セブン銀行,ハローズ 夢前台店 共同出張所,
ICOCA,C8,AD7FA,セブン銀行,テラッソ姫路 共同出張所,
ICOCA,C8,AD802,セブン銀行,近鉄百貨店 奈良店 共同出張所,
ICOCA,C8,AD817,セブン銀行,高島屋 京都店 共同出張所,
ICOCA,C8,AD869,セブン銀行,ニッケパークタウン 共同出張所,
ICOCA,C8,AD872,セブン銀行,万代 宇治槙島店 共同出張所,
ICOCA,C8,AD876,セブン銀行,ショップ南海天下茶屋 共同出張所,
ICOCA,C8,AD879,セブン銀行,なんばウォーク 共同出張所,
ICOCA,C8,AD87A,セブン銀行,なんばウォーク 共同出張所,
ICOCA,C8,AD888,セブン銀行,なんばオリエンタルホテル 共同出張所,
ICOCA,C8,AD889,セブン銀行,なんばオリエンタルホテル 共同出張所,
ICOCA,C8,AD88E,セブン銀行,ピオレ姫路 共同出張所,
ICOCA,C8,AD89D,セブン銀行,京阪電車 中之島線 大江橋駅 共同出張所,
ICOCA,C8,AD89F,セブン銀行,神戸市営地下鉄 三宮駅 共同出張所,
ICOCA,C8,AD8A0,セブン銀行,神戸市営地下鉄 三宮・花時計前駅 共同出張所,
ICOCA,C8,AD8A8,セブン銀行,大阪モノレール 蛍池駅 共同出張所,
ICOCA,C8,AD8AB,セブン銀行,京阪電車 京阪本線 京橋駅 共同出張所,
ICOCA,C8,AD8AC,セブン銀行,京阪電車 京阪本線 京橋駅 共同出張所,
ICOCA,C8,AD8AD,セブン銀行,京阪電車 京阪本線 京橋駅 共同出張所,
ICOCA,C8,AD8B2,セブン銀行,大阪モノレール 大阪空港駅 共同出張所,
ICOCA,C8,AD8B6,セブン銀行,京都市営地下鉄 烏丸線 四条駅 共同出張所,
ICOCA,C8,AD8B9,セブン銀行,京阪電車 京阪本線 祇園四条駅 共同出張所,
ICOCA,C8,AD8BA,セブン銀行,Osaka Metro 御堂筋線 新大阪駅 共同出張所,
ICOCA,C8,AD8BE,セブン銀行,近鉄電車 近鉄奈良駅 共同出張所,
ICOCA,C8,AD8C2,セブン銀行,京阪電車 京阪本線 淀屋橋駅 共同出張所,
ICOCA,C8,AD8C8,セブン銀行,JR 東西線 放出駅 共同出張所,
ICOCA,C8,AD8C9,セブン銀行,JR 京都線 新大阪駅 共同出張所,
ICOCA,C8,AD8CA,セブン銀行,JR 大阪駅 桜橋口/中央改札口/うめきた地下口 共同出張所,
ICOCA,C8,AD8CD,セブン銀行,京阪電車 京阪本線 淀屋橋駅 共同出張所,
ICOCA,C8,AD8CE,セブン銀行,京都市営地下鉄 烏丸線 北大路駅 共同出張所,
ICOCA,C8,AD8D0,セブン銀行,Osaka Metro 谷町線 南森町駅 共同出張所,
ICOCA,C8,AD8E9,セブン銀行,マルイト難波ビル 共同出張所,
ICOCA,C8,AD8F3,セブン銀行,SBI新生銀行 京都フィナンシャルセンター 共同出張所,
ICOCA,C8,AD8F4,セブン銀行,SBI新生銀行 京都フィナンシャルセンター 共同出張所,
ICOCA,C8,AD8F5,セブン銀行,SBI新生銀行 京都フィナンシャルセンター 共同出張所,
ICOCA,C8,AD8FE,セブン銀行,SBI新生銀行 難波フィナンシャルセンター 共同出張所,
ICOCA,C8,AD8FF,セブン銀行,SBI新生銀行 難波フィナンシャルセンター 共同出張所,
ICOCA,C8,AD900,セブン銀行,SBI新生銀行 難波フィナンシャルセンター 共同出張所,
ICOCA,C8,AD92F,セブン銀行,セブン‐イレブン 東山五条店 共同出張所,
ICOCA,C8,AD935,セブン銀行,セブン‐イレブン 宇治戸ノ内店 共同出張所,
ICOCA,C8,AD945,セブン銀行,セブン‐イレブン 京都堀川今宮店 共同出張所,
ICOCA,C8,AD94D,セブン銀行,セブン‐イレブン たつの揖西南山店 共同出張所,
ICOCA,C8,AD95F,セブン銀行,セブン‐イレブン 京都平野宮本町店 共同出張所,
ICOCA,C8,AD965,セブン銀行,京都駅ビル 共同出張所,
ICOCA,C8,AD96D,セブン銀行,JR 大阪環状線 新今宮駅 共同出張所,
ICOCA,C8,AD970,セブン銀行,セブン‐イレブン Kioskクレメントイン高松店 共同出張所,
ICOCA,C8,AD97B,セブン銀行,セブン‐イレブン 相生垣内店 共同出張所,
ICOCA,C8,AD981,セブン銀行,京阪電車 京阪本線 京橋駅 共同出張所,
ICOCA,C8,AD983,セブン銀行,セブン‐イレブン ハートインJR京都駅西口店 共同出張所,
ICOCA,C8,AD984,セブン銀行,セブン‐イレブン ハートインJR京都駅西口店 共同出張所,
ICOCA,C8,AD98D,セブン銀行,セブン‐イレブン ハートインJR京都駅中央改札口店 共同出張所,
ICOCA,C8,AD98E,セブン銀行,セブン‐イレブン ハートインJR京都駅中央改札口店 共同出張所,
ICOCA,C8,AD98F,セブン銀行,Osaka Metro 谷町線 谷町九丁目駅 共同出張所,
ICOCA,C8,AD990,セブン銀行,Osaka Metro 谷町線 谷町四丁目駅 共同出張所,
ICOCA,C8,AD99C,セブン銀行,Osaka Metro 御堂筋線 梅田駅 共同出張所,
ICOCA,C8,AD99E,セブン銀行,セブン‐イレブン 京都千本今出川店 共同出張所,
ICOCA,C8,AD99F,セブン銀行,セブン‐イレブン 京都七条大橋店 共同出張所,
ICOCA,C8,AD9A4,セブン銀行,セブン‐イレブン ハートインJR姫路駅北口店 共同出張所,
ICOCA,C8,AD9A6,セブン銀行,セブン‐イレブン 京都西大路御池店 共同出張所,
ICOCA,C8,AD9AC,セブン銀行,セブン‐イレブン ハートインJR倉吉駅店 共同出張所,
ICOCA,C8,AD9AE,セブン銀行,天王寺ミオ 共同出張所,
ICOCA,C8,AD9B3,セブン銀行,セブン‐イレブン 大阪千躰2丁目店 共同出張所,
ICOCA,C8,AD9DA,セブン銀行,セブン‐イレブン 山科勧修寺公園前店 共同出張所,
ICOCA,C8,AD9DC,セブン銀行,セブン‐イレブン 向日東田中瀬店 共同出張所,
ICOCA,C8,AD9DD,セブン銀行,セブン‐イレブン 京都東洞院押小路店 共同出張所,
ICOCA,C8,ADA0B,セブン銀行,Osaka Metro 谷町線 天満橋駅 共同出張所,
ICOCA,C8,ADA11,セブン銀行,セブン‐イレブン 高松丸亀町店 共同出張所,
ICOCA,C8,ADA15,セブン銀行,近鉄電車 大阪難波駅 共同出張所,
ICOCA,C8,ADA16,セブン銀行,あべのハルカス 近鉄本店 共同出張所,
ICOCA,C8,ADA18,セブン銀行,近鉄電車 近鉄奈良駅 共同出張所,
ICOCA,C8,ADA19,セブン銀行,シルキア奈良 共同出張所,
ICOCA,C8,ADA1A,セブン銀行,近鉄電車 近鉄日本橋駅 共同出張所,
ICOCA,C8,ADA20,セブン銀行,近鉄電車 新石切駅 共同出張所,
ICOCA,C8,ADA21,セブン銀行,Osaka Metro 千日前線 なんば駅 共同出張所,
ICOCA,C8,ADA22,セブン銀行,Osaka Metro 千日前線 なんば駅 共同出張所,
ICOCA,C8,ADA29,セブン銀行,セブン‐イレブン DR富山駅前ダイワロイネットホテル店 共同出張所,
ICOCA,C8,ADA2B,セブン銀行,セブン‐イレブン ハートインヴィアイン京都八条口店 共同出張所,
ICOCA,C8,ADA2D,セブン銀行,JR 大阪駅 桜橋口/中央改札口/うめきた地下口 共同出張所,
ICOCA,C8,ADA40,セブン銀行,近鉄電車 学園前駅 共同出張所,
ICOCA,C8,ADA55,セブン銀行,ゆめタウン 姫路 共同出張所,
ICOCA,C8,ADA68,セブン銀行,セブン‐イレブン 奈良大宮町5丁目店 共同出張所,
ICOCA,C8,ADA69,セブン銀行,セブン‐イレブン DR京都テラス八条東ロイネット店 共同出張所,
ICOCA,C8,ADA6C,セブン銀行,セブン‐イレブン ハートインJR紀伊田辺駅前店 共同出張所,
ICOCA,C8,ADA73,セブン銀行,近鉄電車 鶴橋駅 共同出張所,
ICOCA,C8,ADA74,セブン銀行,近鉄電車 大阪阿部野橋駅 共同出張所,
ICOCA,C8,ADA75,セブン銀行,近鉄電車 大阪上本町駅 共同出張所,
ICOCA,C8,ADA81,セブン銀行,セブン‐イレブン 大和郡山矢田町店 共同出張所,
ICOCA,C8,ADA8F,セブン銀行,セブン‐イレブン 京都堀川仏光寺店 共同出張所,
ICOCA,C8,ADA97,セブン銀行,京阪電車 京阪本線 淀屋橋駅 共同出張所,
ICOCA,C8,ADAA7,セブン銀行,セブン‐イレブン 京都松原麩屋町店 共同出張所,
ICOCA,C8,ADAC1,セブン銀行,セブン‐イレブン 京都烏丸綾小路店 共同出張所,
ICOCA,C8,ADAC5,セブン銀行,あまがさき キューズモール 共同出張所,
ICOCA,C8,ADAC7,セブン銀行,なんばウォーク 共同出張所,
ICOCA,C8,ADAE4,セブン銀行,近鉄電車 大阪上本町駅 共同出張所,
ICOCA,C8,ADAF7,セブン銀行,近鉄電車 大阪阿部野橋駅 共同出張所,
ICOCA,C8,ADAFB,セブン銀行,セブン‐イレブン キヨスクJR米原駅改札口店 共同出張所,
ICOCA,C8,ADAFC,セブン銀行,セブン‐イレブン 泉北高速光明池駅店 共同出張所,
ICOCA,C8,ADAFD,セブン銀行,嵐電(京福電鉄) 嵐山駅 共同出張所,
ICOCA,C8,ADAFE,セブン銀行,セブン‐イレブン ハートインエキエ広島新幹線口店 共同出張所,
ICOCA,C8,ADAFF,セブン銀行,セブン‐イレブン ハートインエキエ広島新幹線口店 共同出張所,
ICOCA,C8,ADB01,セブン銀行,Osaka Metro 中央線 高井田駅 共同出張所,
ICOCA,C8,ADB07,セブン銀行,Osaka Metro 四つ橋線 西梅田駅 共同出張所,
ICOCA,C8,ADB0A,セブン銀行,新風館 共同出張所,
ICOCA,C8,ADB0E,セブン銀行,Osaka Metro 堺筋線 恵美須町駅 共同出張所,
ICOCA,C8,ADB16,セブン銀行,セブン‐イレブン ハートインあいの風鉄道富山駅店 共同出張所,
ICOCA,C8,ADB25,セブン銀行,Osaka Metro 御堂筋線 なんば駅 共同出張所,
ICOCA,C8,ADB26,セブン銀行,Osaka Metro 御堂筋線 なんば駅 共同出張所,
ICOCA,C8,ADB28,セブン銀行,神戸市営地下鉄 学園都市駅 共同出張所,
ICOCA,C8,ADB31,セブン銀行,セブン‐イレブン ハートインJR梅小路京都西駅前店 共同出張所,
ICOCA,C8,ADB46,セブン銀行,近鉄電車 近鉄日本橋駅 共同出張所,
ICOCA,C8,ADB47,セブン銀行,近鉄電車 近鉄日本橋駅 共同出張所,
ICOCA,C8,ADB4A,セブン銀行,セブン‐イレブン ハートインJR新大阪駅東改札口店 共同出張所,
ICOCA,C8,ADB4B,セブン銀行,セブン‐イレブン ハートインJR新大阪駅東改札口店 共同出張所,
ICOCA,C8,ADB5B,セブン銀行,京都市営地下鉄 烏丸線 京都駅 共同出張所,
ICOCA,C8,ADB6E,セブン銀行,セブン‐イレブン 京都御所南店 共同出張所,
ICOCA,C8,ADB72,セブン銀行,北陸自動車道 有磯海サービスエリア 上り 共同出張所,
ICOCA,C8,ADB78,セブン銀行,セブン‐イレブン 姫路天神2丁目店 共同出張所,
ICOCA,C8,ADB7B,セブン銀行,京都市営地下鉄 烏丸線 鞍馬口駅 共同出張所,
ICOCA,C8,ADB7F,セブン銀行,セブン‐イレブン 伏見稲荷駅南店 共同出張所,
ICOCA,C8,ADB80,セブン銀行,神戸市営地下鉄 板宿駅 共同出張所,
ICOCA,C8,ADB81,セブン銀行,京阪電車 中之島線 中之島駅 共同出張所,
ICOCA,C8,ADB87,セブン銀行,京都市営地下鉄 東西線 東野駅 共同出張所,
ICOCA,C8,ADB9A,セブン銀行,東京スター銀行 難波支店ファイナンシャル・ラウンジ 共同出張所,
ICOCA,C8,ADB9B,セブン銀行,東京スター銀行 難波支店ファイナンシャル・ラウンジ 共同出張所,
ICOCA,C8,ADBAC,セブン銀行,京都市営地下鉄 東西線 京都市役所前駅 共同出張所,
ICOCA,C8,ADBB3,セブン銀行,京都市営地下鉄 東西線 東山駅 共同出張所,
ICOCA,C8,ADBBD,セブン銀行,セブン‐イレブン 海南インター前店 共同出張所,
ICOCA,C8,ADBC1,セブン銀行,ミーナ京都 共同出張所,
ICOCA,C8,ADBC2,セブン銀行,京都市営地下鉄 烏丸線 国際会館駅 共同出張所,
ICOCA,C8,ADBD7,セブン銀行,セブン‐イレブン 京都太秦下刑部町店 共同出張所,
ICOCA,C8,ADBE2,セブン銀行,セブン‐イレブン ハートインJR山科駅前店 共同出張所,
ICOCA,C8,ADBE3,セブン銀行,セブン‐イレブン ハートインJR山科駅前店 共同出張所,
ICOCA,C8,ADBED,セブン銀行,セブン‐イレブン 京都壬生辻町店 共同出張所,
ICOCA,C8,ADBFB,セブン銀行,セブン‐イレブン 京都御池通龍池町店 共同出張所,
ICOCA,C8,ADC0C,セブン銀行,セブン‐イレブン 東大路清水道店 共同出張所,
ICOCA,C8,ADC10,セブン銀行,ミナーラ 共同出張所,
ICOCA,C8,ADC11,セブン銀行,ミナーラ 共同出張所,
ICOCA,C8,ADC12,セブン銀行,セブン‐イレブン 百万遍店 共同出張所,
ICOCA,C8,ADC28,セブン銀行,Osaka Metro 谷町線 大日駅 共同出張所,
ICOCA,C8,ADC2C,セブン銀行,セブン‐イレブン ハートインJR富山駅店 共同出張所,
ICOCA,C8,ADC2D,セブン銀行,セブン‐イレブン ハートインJR富山駅店 共同出張所,
ICOCA,C8,ADC3F,セブン銀行,Osaka Metro 千日前線 鶴橋駅 共同出張所,
ICOCA,C8,ADC40,セブン銀行,Osaka Metro 谷町線 谷町四丁目駅 共同出張所,
ICOCA,C8,ADC41,セブン銀行,Osaka Metro 長堀鶴見緑地線 京橋駅 共同出張所,
ICOCA,C8,ADC44,セブン銀行,セブン‐イレブン 京都河原町五条店 共同出張所,
ICOCA,C8,ADC49,セブン銀行,Osaka Metro 堺筋線 動物園前駅 共同出張所,
ICOCA,C8,ADC58,セブン銀行,セブン‐イレブン ハートインビエラ小倉店 共同出張所,
ICOCA,C8,ADC8B,セブン銀行,アルデ新大阪 共同出張所,
ICOCA,C8,ADC90,セブン銀行,セブン‐イレブン 射水新湊郵便局前店 共同出張所,
ICOCA,C8,ADCA1,セブン銀行,セブン‐イレブン 永平寺町松岡店 共同出張所,
ICOCA,C8,ADCA6,セブン銀行,セブン‐イレブン 高松丸亀町店 共同出張所,
ICOCA,C8,ADCAC,セブン銀行,セブン‐イレブン ハートインエキマルシェ大阪店 共同出張所,
ICOCA,C8,ADCB4,セブン銀行,洛北阪急スクエア 共同出張所,
ICOCA,C8,ADCBD,セブン銀行,セブン‐イレブン 綾川町萱原店 共同出張所,
ICOCA,C8,ADCBF,セブン銀行,セブン‐イレブン ハートインJR京橋駅北口店 共同出張所,
ICOCA,C8,ADCC9,セブン銀行,セブン‐イレブン 姫路古二階町店 共同出張所,
ICOCA,C8,ADCD4,セブン銀行,ボンマルシェ英賀保店 共同出張所,
ICOCA,C8,ADD10,セブン銀行,Osaka Metro 四つ橋線 西梅田駅 共同出張所,
ICOCA,C8,ADD2D,セブン銀行,エキマルシェ新大阪 共同出張所,
ICOCA,C8,ADD30,セブン銀行,マツヤスーパー山科三条店 共同出張所,
ICOCA,C8,ADD3E,セブン銀行,セブン‐イレブン 泉北高速栂・美木多駅店 共同出張所,
ICOCA,C8,ADD49,セブン銀行,セブン‐イレブン ハートインJR大阪駅桜橋口内店 共同出張所,
ICOCA,C8,ADD50,セブン銀行,セブン‐イレブン 尼崎東園田3丁目店 共同出張所,
ICOCA,C8,ADD54,セブン銀行,セブン‐イレブン 山科外環三条店 共同出張所,
ICOCA,C8,ADD70,セブン銀行,セブン‐イレブン たつの東觜崎店 共同出張所,
ICOCA,C8,ADD84,セブン銀行,ハピリン 共同出張所,
ICOCA,C8,ADD86,セブン銀行,セブン‐イレブン 高松ホテル川六店 共同出張所,
ICOCA,C8,ADDBA,セブン銀行,セブン‐イレブン 南国大そね店 共同出張所,
ICOCA,C8,ADDCA,セブン銀行,セブン‐イレブン 京都河原町蛸薬師店 共同出張所,
ICOCA,C8,ADDF7,セブン銀行,セブン‐イレブン 呉市役所前店 共同出張所,
ICOCA,C8,ADE14,セブン銀行,セブン‐イレブン 京都堀川三条店 共同出張所,
ICOCA,C8,ADE48,セブン銀行,射水市役所 共同出張所,
ICOCA,C8,ADE4D,セブン銀行,セブン‐イレブン ハートインJR小松駅店 共同出張所,
ICOCA,C8,ADE7D,セブン銀行,コープきぬがさ店 共同出張所,
ICOCA,C8,ADE8B,セブン銀行,セブン‐イレブン 南海新今宮駅改札内店 共同出張所,
ICOCA,C8,ADE8F,セブン銀行,セブン‐イレブン モノウェル門真店 共同出張所,
ICOCA,C8,ADEA5,セブン銀行,セブン‐イレブン 大和郡山発志院町店 共同出張所,
ICOCA,C8,ADEB3,セブン銀行,セブン‐イレブン 兵庫太子下阿曽店 共同出張所,
ICOCA,C8,ADEBB,セブン銀行,未来プラザふくしん 共同出張所,
ICOCA,C8,ADEC1,セブン銀行,セブン‐イレブン キヨスクハピライン福井駅店 共同出張所,
ICOCA,C8,ADEDE,セブン銀行,セブン‐イレブン 京都山科小山店 共同出張所,
ICOCA,C8,ADEED,セブン銀行,セブン‐イレブン 姫路書写美濃山店 共同出張所,
ICOCA,C8,ADEF0,セブン銀行,セブン‐イレブン ハートインJR米子駅シャミネ店 共同出張所,
ICOCA,C8,ADEFC,セブン銀行,セブン‐イレブン 京都鞍馬口通店 共同出張所,
ICOCA,C8,ADF0C,セブン銀行,アビオシティ加賀 共同出張所,
ICOCA,C8,ADF29,セブン銀行,セブン‐イレブン 京都河原町二条店 共同出張所,
ICOCA,C8,ADF62,セブン銀行,セブン‐イレブン ハートインJR京橋駅北口店 共同出張所,
ICOCA,C8,ADF8F,セブン銀行,セブン‐イレブン 京都千本鞍馬口店 共同出張所,
ICOCA,C8,ADF9F,セブン銀行,セブン‐イレブン ハートインくるふ福井駅店 共同出張所,
ICOCA,C8,ADFA0,セブン銀行,セブン‐イレブン ハートインJR福井駅新幹線改札店 共同出張所,
ICOCA,C8,ADFA1,セブン銀行,セブン‐イレブン おみやげ処芦原店 共同出張所,
ICOCA,C8,ADFC0,セブン銀行,セブン‐イレブン 高松南新町南店 共同出張所,
ICOCA,C8,ADFDC,セブン銀行,JR 大阪駅 桜橋口/中央改札口/うめきた地下口 共同出張所,
ICOCA,C8,ADFF4,セブン銀行,セブン‐イレブン 高松上之町1丁目店 共同出張所,
ICOCA,C8,ADFF9,セブン銀行,セブン‐イレブン Kiosk高松駅店 共同出張所,
ICOCA,C8,ADFFA,セブン銀行,セブン‐イレブン Kiosk高松駅店 共同出張所,
ICOCA,C8,ADFFE,セブン銀行,セブン‐イレブン ハートインJR王寺駅中央改札口店 共同出張所,
ICOCA,C8,AE012,セブン銀行,セブン‐イレブン 高知北久保店 共同出張所,
ICOCA,C8,AE015,セブン銀行,セブン‐イレブン 高松御厩町店 共同出張所,
ICOCA,C8,AE027,セブン銀行,セブン‐イレブン Kiosk松山駅店 共同出張所,
ICOCA,C8,AE04B,セブン銀行,セブン‐イレブン おみやげ処加賀店 共同出張所,
ICOCA,C8,AE056,セブン銀行,セブン‐イレブン ハートイン博多駅新幹線改札内店 共同出張所,
ICOCA,C8,AE05D,セブン銀行,JR新大阪駅 新幹線改札内 共同出張所,
ICOCA,C8,AE07A,セブン銀行,セブン‐イレブン 京都下鴨水口町店 共同出張所,
ICOCA,C8,AE092,セブン銀行,ゼスト御池 共同出張所,
ICOCA,C8,AE133,セブン銀行,セブン‐イレブン ハートインJR向日町駅改札口店 共同出張所,
ICOCA,C8,AE865,モスバーガー,四条河原町店,
ICOCA,C8,B162C,ユニクロ,イオンモール北大路店,
ICOCA,C8,B3B55,ポプラ,湯田温泉店,
ICOCA,C8,B3B97,ポプラ,横田中央店,
ICOCA,C8,B3C53,ポプラ,パル宮島口店,
ICOCA,C8,B3E28,ユニクロ,京都河原町店,
ICOCA,C8,B3E29,ユニクロ,京都河原町店,
ICOCA,C8,B3E2A,ユニクロ,京都河原町店,
ICOCA,C8,B3E2B,ユニクロ,京都河原町店,
ICOCA,C8,B3FC0,ヒモノ照ラス&スタンドヒモ子,京都ポルタ店,
ICOCA,C8,B401C,#お好み焼・鉄板焼#いっちゃん,ekie広島店,
ICOCA,C8,B401F,驛むすび,,
ICOCA,C8,B402F,#しま市場#みのりカフェ,ekie広島店,
ICOCA,C8,B4031,#れもんすたんど#島ごころ,広島ekie店,
ICOCA,C8,B4065,広島乃風,ekie店,
ICOCA,C8,B408B,ボストン,ekie KITCHEN店,
ICOCA,C8,B40E1,ミスタードーナツ,##JR京都駅ビル#ショップ,
ICOCA,C8,B41B2,モスバーガー,出雲駅北町店,
ICOCA,C8,B4253,スターバックスコーヒー,マリエとやま店,
ICOCA,C8,B429B,七越,きときと市場とやマルシェ店,
ICOCA,C8,B4586,菜香楼,百番街店,
ICOCA,C8,B458E,ゴーゴーカレー,金沢駅総本山,
ICOCA,C8,B45A3,スターバックスコーヒー,金沢百番街Rinto店,
ICOCA,C8,B45D5,#加賀#白山そば,,
ICOCA,C8,B45D6,#ツナグカフェ#MAPLE HOUSE,,
ICOCA,C8,B4608,吉野家,金沢百番街店,
ICOCA,C8,B462A,スローベリィ,くるふ福井駅店,
ICOCA,C8,B462B,おそばだうどんだ越前,,
ICOCA,C8,B4C78,ローソン,五条若宮店,
ICOCA,C8,B4C79,ローソン,五条若宮店,
ICOCA,C8,B4CF0,ローソン,ホテルモントレ姫路店,
ICOCA,C8,B4CF1,ローソン,ホテルモントレ姫路店,
ICOCA,C8,B4D50,ローソン,岩出根来店,
ICOCA,C8,B4D51,ローソン,岩出根来店,
ICOCA,C8,B4DE4,ローソン,東大阪御厨六丁目店,
ICOCA,C8,B4DE5,ローソン,東大阪御厨六丁目店,
ICOCA,C8,B4E1B,ローソン,大和郡山丹後庄町店,
ICOCA,C8,B4E1C,ローソン,大和郡山丹後庄町店,
ICOCA,C8,B4E1D,ローソン,姫路西今宿店,
ICOCA,C8,B4E1E,ローソン,姫路西今宿店,
ICOCA,C8,B4E5B,ローソン,S森ノ宮口噴水広場店,
ICOCA,C8,B4E5C,ローソン,S森ノ宮口噴水広場店,
ICOCA,C8,B4E73,ローソン,大津打出浜店,
ICOCA,C8,B4E74,ローソン,大津打出浜店,
ICOCA,C8,B4E78,ローソン,由良町門前店,
ICOCA,C8,B4E86,ローソン,大阪城公園店,
ICOCA,C8,B4E87,ローソン,大阪城公園店,
ICOCA,C8,B4E88,ローソン,大阪城公園店,
ICOCA,C8,B4EA2,ローソン,神戸淡河町淡河店,
ICOCA,C8,B4EBD,ローソン,宇治菟道店,
ICOCA,C8,B4EBE,ローソン,宇治菟道店,
ICOCA,C8,B4ED2,ローソン,都島東野田店,
ICOCA,C8,B4ED3,ローソン,都島東野田店,
ICOCA,C8,B4EDF,ローソン,阪急淡路駅前通店,
ICOCA,C8,B4EEA,ローソン,岡山駅前店,
ICOCA,C8,B4F01,ローソン,高松多肥上町西原店,
ICOCA,C8,B4F12,ローソン,京橋店,
ICOCA,C8,B4F48,ローソン・ポプラ,瑞穂店,
ICOCA,C8,B4F71,ローソン,橿原木原店,
ICOCA,C8,B4F72,ローソン,橿原木原店,
ICOCA,C8,B4F80,ローソン,奈良阪町店,
ICOCA,C8,B4F81,ローソン,奈良阪町店,
ICOCA,C8,B4FA4,ローソン,大安寺店,
ICOCA,C8,B4FAB,ローソン,奈良南紀寺町一丁目店,
ICOCA,C8,B5019,ローソン,府中町山田一丁目店,
ICOCA,C8,B502F,ローソン,奈良宝来町店,
ICOCA,C8,B5030,ローソン,奈良宝来町店,
ICOCA,C8,B5034,ローソン,赤穂惣門町店,
ICOCA,C8,B5046,ローソン,高岡伏木古府店,
ICOCA,C8,B5047,ローソン,高岡伏木古府店,
ICOCA,C8,B507C,ローソン,富山大学前店,
ICOCA,C8,B507D,ローソン,富山大学前店,
ICOCA,C8,B508C,ローソン,大久保駅北口店,
ICOCA,C8,B50EB,ローソン,大宇陀かぎろひ店,
ICOCA,C8,B50EC,ローソン,大宇陀かぎろひ店,
ICOCA,C8,B5108,ローソン,米子加茂町店,
ICOCA,C8,B5112,ローソン,山城椿井店,
ICOCA,C8,B5113,ローソン,山城椿井店,
ICOCA,C8,B5168,ローソン,ホテル京阪ユニバーサルタワー店,
ICOCA,C8,B5169,ローソン,ホテル京阪ユニバーサルタワー店,
ICOCA,C8,B516A,ローソン,ホテル京阪ユニバーサルタワー店,
ICOCA,C8,B516B,ローソン,ホテル京阪ユニバーサルタワー店,
ICOCA,C8,B516C,ローソン,ホテル京阪ユニバーサルタワー店,
ICOCA,C8,B516D,ローソン,ホテル京阪ユニバーサルタワー店,
ICOCA,C8,B5177,ローソン,西条駅前店,
ICOCA,C8,B519C,ローソン,高田内本町店,
ICOCA,C8,B51A3,ローソン,姫路飾磨加茂店,
ICOCA,C8,B51A4,ローソン,姫路飾磨加茂店,
ICOCA,C8,B51D9,ローソン,大宮五条店,
ICOCA,C8,B51DA,ローソン,大宮五条店,
ICOCA,C8,B5246,ローソン,姫路相野店,
ICOCA,C8,B5255,ローソン,氷見鞍川店,
ICOCA,C8,B527C,ローソン,千日前二丁目店,
ICOCA,C8,B527D,ローソン,千日前二丁目店,
ICOCA,C8,B527E,ローソン,千日前二丁目店,
ICOCA,C8,B5296,ローソン,御津苅屋店,
ICOCA,C8,B5297,ローソン,御津苅屋店,
ICOCA,C8,B52A5,ローソン,鞍馬口店,
ICOCA,C8,B52A6,ローソン,鞍馬口店,
ICOCA,C8,B52BE,ローソン,広島中筋二丁目店,
ICOCA,C8,B52ED,ローソン,立花駅前店,
ICOCA,C8,B532B,ローソン,国道膳所店,
ICOCA,C8,B532C,ローソン,国道膳所店,
ICOCA,C8,B534A,ローソン,奈良東九条町店,
ICOCA,C8,B534B,ローソン,奈良東九条町店,
ICOCA,C8,B5350,ローソン,柏原清州二丁目店,
ICOCA,C8,B5351,ローソン,柏原清州二丁目店,
ICOCA,C8,B5357,ローソン,浜田周布店,
ICOCA,C8,B5358,ローソン,浜田周布店,
ICOCA,C8,B539D,ローソン,さぬき長尾税務署前店,
ICOCA,C8,B53AB,ローソン,呉中通一丁目店,
ICOCA,C8,B53AC,ローソン,呉中通一丁目店,
ICOCA,C8,B53BB,ローソン,綾歌町岡田店,
ICOCA,C8,B53E1,ローソン,精華町祝園店,
ICOCA,C8,B53E5,ローソン,大和高田土庫店,
ICOCA,C8,B53F3,ローソン,呉中通店,
ICOCA,C8,B53F4,ローソン,呉中通店,
ICOCA,C8,B5416,ローソン,紀伊内原駅前店,
ICOCA,C8,B5450,ローソン,S OSL森ノ宮駅店,
ICOCA,C8,B5451,ローソン,S OSL森ノ宮駅店,
ICOCA,C8,B545F,ローソン,和歌山友田町店,
ICOCA,C8,B5485,ローソン,明治国際医療大学前店,
ICOCA,C8,B54DF,ローソン+ドラッグシグマ,八尾本町店,
ICOCA,C8,B54EF,ローソン,生駒小平尾町店,
ICOCA,C8,B54F0,ローソン,生駒小平尾町店,
ICOCA,C8,B54FB,ローソン,東上町店,
ICOCA,C8,B552C,ローソン・ポプラ,日野根雨店,
ICOCA,C8,B552D,ローソン・ポプラ,日野根雨店,
ICOCA,C8,B5538,ローソン,門真大橋町店,
ICOCA,C8,B554C,ローソン,龍野福田店,
ICOCA,C8,B554D,ローソン,龍野福田店,
ICOCA,C8,B557C,ローソン,赤穂元町店,
ICOCA,C8,B5581,ローソン,広畑東新町店,
ICOCA,C8,B5582,ローソン,広畑東新町店,
ICOCA,C8,B55B7,ローソン,たつの土師二丁目店,
ICOCA,C8,B55B8,ローソン,たつの土師二丁目店,
ICOCA,C8,B55D0,ローソン,下関新地町店,
ICOCA,C8,B55EB,ローソン,成育三丁目店,
ICOCA,C8,B5617,ローソン,綾部渕垣店,
ICOCA,C8,B5695,ローソンストア100,一乗寺駅前店,
ICOCA,C8,B5696,ローソンストア100,一乗寺駅前店,
ICOCA,C8,B56A6,ローソン,総社宍粟店,
ICOCA,C8,B56C3,ローソン,いの町枝川店,
ICOCA,C8,B56F9,ローソン,龍野東觜崎店,
ICOCA,C8,B56FA,ローソン,龍野東觜崎店,
ICOCA,C8,B56FD,ローソン,山科駅前店,
ICOCA,C8,B56FE,ローソン,山科駅前店,
ICOCA,C8,B56FF,ローソン,山科駅前店,
ICOCA,C8,B5704,ローソン,南国岡豊町中島店,
ICOCA,C8,B5705,ローソン,南国岡豊町中島店,
ICOCA,C8,B5717,ローソン,龍野堂本中央店,
ICOCA,C8,B5718,ローソン,龍野堂本中央店,
ICOCA,C8,B5719,ローソン,JR奈良駅前店,
ICOCA,C8,B571A,ローソン,JR奈良駅前店,
ICOCA,C8,B571E,ローソン,下関椋野町三丁目店,
ICOCA,C8,B5770,ローソン,此花桜島一丁目店,
ICOCA,C8,B5771,ローソン,此花桜島一丁目店,
ICOCA,C8,B5772,ローソン,此花桜島一丁目店,
ICOCA,C8,B577F,ローソン,S栗東大橋店,
ICOCA,C8,B57A6,ローソン,出雲多伎店,
ICOCA,C8,B57B9,ローソン,東大阪フレスポ長田駅前店,
ICOCA,C8,B57BA,ローソン,東大阪フレスポ長田駅前店,
ICOCA,C8,B57C1,ローソン,S天理嘉幡町店,
ICOCA,C8,B57C2,ローソン,S天理嘉幡町店,
ICOCA,C8,B57DA,ローソン,花園本町二丁目店,
ICOCA,C8,B57E3,ローソン,太子町役場前店,
ICOCA,C8,B57E4,ローソン,太子町役場前店,
ICOCA,C8,B57E5,ローソン,京都競馬場前店,
ICOCA,C8,B57E6,ローソン,京都競馬場前店,
ICOCA,C8,B57E7,ローソン,京都競馬場前店,
ICOCA,C8,B580B,ローソン,高松国分寺町新居店,
ICOCA,C8,B583C,ローソン,烏丸七条店,
ICOCA,C8,B583D,ローソン,烏丸七条店,
ICOCA,C8,B58D6,ローソン,国道西野店,
ICOCA,C8,B58D7,ローソン,国道西野店,
ICOCA,C8,B58E7,ローソン,奈良法蓮町東店,
ICOCA,C8,B58E8,ローソン,奈良法蓮町東店,
ICOCA,C8,B5913,ローソン,峰山町新町店,
ICOCA,C8,B5914,ローソン,峰山町新町店,
ICOCA,C8,B5937,ローソン,下関丸山町店,
ICOCA,C8,B5968,ローソン,S OSLなんば駅上りホーム店,
ICOCA,C8,B597B,ローソン,富山安田店,
ICOCA,C8,B597C,ローソン,富山安田店,
ICOCA,C8,B5985,ローソン,寝屋川楠根南町店,
ICOCA,C8,B5986,ローソン,寝屋川楠根南町店,
ICOCA,C8,B59EE,ローソン,難波中二丁目店,
ICOCA,C8,B59F5,ローソン,氷見比美町店,
ICOCA,C8,B5A22,ローソン,西脇上戸田店,
ICOCA,C8,B5A57,ローソン,太子矢田部店,
ICOCA,C8,B5A58,ローソン,太子矢田部店,
ICOCA,C8,B5A8E,ローソン,神戸箕谷インター店,
ICOCA,C8,B5AA9,ローソン,高の原中央病院店,
ICOCA,C8,B5AAA,ローソン,勝浦町朝日店,
ICOCA,C8,B5AAB,ローソン,勝浦町朝日店,
ICOCA,C8,B5ABC,ローソン,大和郡山下三橋町店,
ICOCA,C8,B5ABD,ローソン,大和郡山下三橋町店,
ICOCA,C8,B5ACA,ローソン,大萱一丁目店,
ICOCA,C8,B5ACB,ローソン,大萱一丁目店,
ICOCA,C8,B5ACC,ローソン,八尾沼四丁目店,
ICOCA,C8,B5ACD,ローソン,八尾沼四丁目店,
ICOCA,C8,B5AFE,ローソン,南国インター店,
ICOCA,C8,B5B0C,ローソン,かつらぎ町笠田店,
ICOCA,C8,B5B38,ローソン,那智勝浦築地店,
ICOCA,C8,B5B47,ローソン,下関宝町店,
ICOCA,C8,B5B77,ローソン,瀬田駅前店,
ICOCA,C8,B5B78,ローソン,瀬田駅前店,
ICOCA,C8,B5BB3,ローソン,御陵原西店,
ICOCA,C8,B5BB4,ローソン,御陵原西店,
ICOCA,C8,B5BB9,ローソンストア100,小山新町通店,
ICOCA,C8,B5BBA,ローソンストア100,小山新町通店,
ICOCA,C8,B5BC0,ローソン,近鉄富雄駅前店,
ICOCA,C8,B5BC1,ローソン,近鉄富雄駅前店,
ICOCA,C8,B5BCB,ローソン,奈良西九条町二丁目店,
ICOCA,C8,B5BCC,ローソン,奈良西九条町二丁目店,
ICOCA,C8,B5C09,ローソン,東舞鶴駅前店,
ICOCA,C8,B5C0A,ローソン,東舞鶴駅前店,
ICOCA,C8,B5C15,ローソン,相生市役所前店,
ICOCA,C8,B5C16,ローソン,相生市役所前店,
ICOCA,C8,B5C39,ローソン,金沢南町中央店,
ICOCA,C8,B5C3A,ローソン,金沢南町中央店,
ICOCA,C8,B5C50,ローソン,姫路青山西店,
ICOCA,C8,B5C51,ローソン,姫路青山西店,
ICOCA,C8,B5C68,ローソン,善通寺上吉田店,
ICOCA,C8,B5C69,ローソン,善通寺上吉田店,
ICOCA,C8,B5C73,ローソン,小松天神町店,
ICOCA,C8,B5C74,ローソン,小松天神町店,
ICOCA,C8,B5CAC,ローソン,金沢駅金沢港口店,
ICOCA,C8,B5CE3,ローソン,鳥取駅南店,
ICOCA,C8,B5CE4,ローソン,鳥取駅南店,
ICOCA,C8,B5CEF,ローソン,奈良赤膚町店,
ICOCA,C8,B5CF0,ローソン,奈良赤膚町店,
ICOCA,C8,B5CFE,ローソン,四条中新道店,
ICOCA,C8,B5CFF,ローソン,四条中新道店,
ICOCA,C8,B5D07,ローソン,新宮駅前店,
ICOCA,C8,B5D18,ローソン,田辺同志社前店,
ICOCA,C8,B5D54,ローソン,姫路大津店,
ICOCA,C8,B5D55,ローソン,姫路大津店,
ICOCA,C8,B5D85,ローソン,四条大宮店,
ICOCA,C8,B5D86,ローソン,四条大宮店,
ICOCA,C8,B5DA3,ローソン,大阪城北詰駅前店,
ICOCA,C8,B5DA4,ローソン,大阪城北詰駅前店,
ICOCA,C8,B5DBA,ローソン,東かがわ三本松店,
ICOCA,C8,B5DBB,ローソン,東かがわ三本松店,
ICOCA,C8,B5DDF,ローソン,門真南野口町店,
ICOCA,C8,B5DE0,ローソン,門真南野口町店,
ICOCA,C8,B5E26,ローソン,近畿大学奈良病院店,
ICOCA,C8,B5E27,ローソン,近畿大学奈良病院店,
ICOCA,C8,B5E28,ローソン,近畿大学奈良病院店,
ICOCA,C8,B5E2B,ローソン,近鉄奈良駅前店,
ICOCA,C8,B5E36,ローソン,葛城東室店,
ICOCA,C8,B5E41,ローソン,高知北久保店,
ICOCA,C8,B5E42,ローソン,高知北久保店,
ICOCA,C8,B5E65,ローソン,木津温泉店,
ICOCA,C8,B5E66,ローソン,木津温泉店,
ICOCA,C8,B5E96,ローソン,広島袋町店,
ICOCA,C8,B5E9B,ローソン,JR粟津駅前店,
ICOCA,C8,B5E9C,ローソン,JR粟津駅前店,
ICOCA,C8,B5EA4,ローソン,防府戎町二丁目店,
ICOCA,C8,B5EA5,ローソン,防府戎町二丁目店,
ICOCA,C8,B5F20,ローソン,福井下森田店,
ICOCA,C8,B5F21,ローソン,福井下森田店,
ICOCA,C8,B5F3D,ローソン,たつの新在家店,
ICOCA,C8,B5F3E,ローソン,たつの新在家店,
ICOCA,C8,B5F4C,ローソン,城陽インター店,
ICOCA,C8,B5F4D,ローソン,城陽インター店,
ICOCA,C8,B5F8F,ローソン,奈良鳥見町店,
ICOCA,C8,B5FA8,ローソン,八尾東山本新町三丁目店,
ICOCA,C8,B5FA9,ローソン,八尾東山本新町三丁目店,
ICOCA,C8,B5FD7,ローソン,生野インター店,
ICOCA,C8,B5FE0,ローソンストア100,壬生辻町店,
ICOCA,C8,B5FE1,ローソンストア100,壬生辻町店,
ICOCA,C8,B600F,ローソン,広陵大野店,
ICOCA,C8,B6015,ローソン,岡山法界院店,
ICOCA,C8,B601A,ローソン,太子太田店,
ICOCA,C8,B601B,ローソン,太子太田店,
ICOCA,C8,B6066,ローソン,神戸八多町深谷店,
ICOCA,C8,B606C,ローソン,御坊駅前店,
ICOCA,C8,B606E,ローソン,徳山駅前店,
ICOCA,C8,B6081,ローソン,S OSL南森町駅店,
ICOCA,C8,B6084,ローソン,和歌山アロチ店,
ICOCA,C8,B6086,ローソン,フタバ図書海田店,
ICOCA,C8,B6096,ローソン,アパホテル広島駅前大橋店,
ICOCA,C8,B60A5,ローソン,下関秋根本町店,
ICOCA,C8,B60AF,ローソン,鶴橋駅前店,
ICOCA,C8,B60B3,ローソン,千日前一丁目店,
ICOCA,C8,B60C4,ローソン,三条大橋店,
ICOCA,C8,B60C5,ローソン,三条大橋店,
ICOCA,C8,B60C6,ローソン,三条大橋店,
ICOCA,C8,B60F3,ローソン,高知薊野東町店,
ICOCA,C8,B6111,ローソン,奈良芝辻町一丁目店,
ICOCA,C8,B6112,ローソン,奈良芝辻町一丁目店,
ICOCA,C8,B6140,ローソン,綾部宮代店,
ICOCA,C8,B6141,ローソン,綾部宮代店,
ICOCA,C8,B6142,ローソン,綾部宮代店,
ICOCA,C8,B6146,ローソン,姫路東延末二丁目店,
ICOCA,C8,B6147,ローソン,姫路東延末二丁目店,
ICOCA,C8,B6165,ローソン,坊城駅前店,
ICOCA,C8,B61A7,ローソン,久美浜多茂ノ木店,
ICOCA,C8,B61A8,ローソン,久美浜多茂ノ木店,
ICOCA,C8,B61C5,ローソン,さぬき志度駅前店,
ICOCA,C8,B61E0,ローソン,高知高須本町店,
ICOCA,C8,B620D,ローソン,姫路豊沢町店,
ICOCA,C8,B6248,ローソン,三木下高岡店,
ICOCA,C8,B6266,ローソン,舞洲スポーツアイランド店,
ICOCA,C8,B6267,ローソン,舞洲スポーツアイランド店,
ICOCA,C8,B6268,ローソン,舞洲スポーツアイランド店,
ICOCA,C8,B628E,ローソン,奈良角振町店,
ICOCA,C8,B628F,ローソン,奈良角振町店,
ICOCA,C8,B6294,ローソン,笠置切山店,
ICOCA,C8,B6295,ローソン,笠置切山店,
ICOCA,C8,B629D,ローソン,奈良佐紀町店,
ICOCA,C8,B62A4,ローソン,日本橋西一丁目店,
ICOCA,C8,B62A5,ローソン,日本橋西一丁目店,
ICOCA,C8,B62B7,ローソン,姫路車崎三丁目店,
ICOCA,C8,B62B8,ローソン,姫路車崎三丁目店,
ICOCA,C8,B62B9,ローソン,山科小山南溝町店,
ICOCA,C8,B62BA,ローソン,山科小山南溝町店,
ICOCA,C8,B62C5,ローソン,広島大手町店,
ICOCA,C8,B62CC,ローソン,JR府中駅前店,
ICOCA,C8,B62D4,ローソン,八頭八東店,
ICOCA,C8,B62E8,ローソン,高知南川添店,
ICOCA,C8,B62E9,ローソン,高知南川添店,
ICOCA,C8,B631B,ローソン,鯖江神明店,
ICOCA,C8,B631C,ローソン,鯖江神明店,
ICOCA,C8,B6321,ローソン,大宇陀店,
ICOCA,C8,B6322,ローソン,大宇陀店,
ICOCA,C8,B6331,ローソン,高知潮新町二丁目店,
ICOCA,C8,B634F,ローソン,モノレール摂津駅前店,
ICOCA,C8,B6350,ローソン,モノレール摂津駅前店,
ICOCA,C8,B637A,ローソン,新今宮駅前西店,
ICOCA,C8,B637B,ローソン,新今宮駅前西店,
ICOCA,C8,B6381,ローソン,益田駅前店,
ICOCA,C8,B6387,ローソン,広島西原八丁目店,
ICOCA,C8,B6396,ローソン,関西福祉大学前店,
ICOCA,C8,B63BB,ローソン,美山薬師店,
ICOCA,C8,B63BC,ローソン,美山薬師店,
ICOCA,C8,B63FB,ローソン,谷町三丁目西店,
ICOCA,C8,B63FC,ローソン,谷町三丁目西店,
ICOCA,C8,B640B,ローソン,高辻柳馬場店,
ICOCA,C8,B640C,ローソン,高辻柳馬場店,
ICOCA,C8,B6413,ローソン,奈良三条添川店,
ICOCA,C8,B6414,ローソン,奈良三条添川店,
ICOCA,C8,B642F,ローソン,関西国際空港店,
ICOCA,C8,B6430,ローソン,関西国際空港店,
ICOCA,C8,B6431,ローソン,関西国際空港店,
ICOCA,C8,B6432,ローソン,関西国際空港店,
ICOCA,C8,B6448,ローソン,上郡山野里店,
ICOCA,C8,B6499,ローソン,平城店,
ICOCA,C8,B649A,ローソン,平城店,
ICOCA,C8,B64A4,ローソン,御坊名屋町北店,
ICOCA,C8,B64A5,ローソン,御坊名屋町北店,
ICOCA,C8,B64B4,ローソン,中国勝山店,
ICOCA,C8,B64E8,ローソン,広島伴東三丁目店,
ICOCA,C8,B64F3,ローソン,岩出清水店,
ICOCA,C8,B64F6,ローソン,南国領石店,
ICOCA,C8,B6504,ローソン,奈良中町店,
ICOCA,C8,B6505,ローソン,奈良中町店,
ICOCA,C8,B6519,ローソン,智頭町店,
ICOCA,C8,B651A,ローソン,智頭町店,
ICOCA,C8,B652E,ローソン,寝屋川楠根北町店,
ICOCA,C8,B652F,ローソン,寝屋川楠根北町店,
ICOCA,C8,B6538,ローソン,瀬戸内長船町店,
ICOCA,C8,B654C,ローソン,高知大学病院店,
ICOCA,C8,B6554,ローソン,岩出西安上店,
ICOCA,C8,B6555,ローソン,岩出西安上店,
ICOCA,C8,B6584,ローソン,奈良四条大路一丁目店,
ICOCA,C8,B6585,ローソン,奈良四条大路一丁目店,
ICOCA,C8,B65B8,ローソン,近鉄下市口駅前店,
ICOCA,C8,B65B9,ローソン,近鉄下市口駅前店,
ICOCA,C8,B65C6,ローソン,高梁駅前店,
ICOCA,C8,B65E3,ローソン,うえほんまちハイハイタウン店,
ICOCA,C8,B65E4,ローソン,うえほんまちハイハイタウン店,
ICOCA,C8,B65E5,ローソン,うえほんまちハイハイタウン店,
ICOCA,C8,B65E8,ローソン,あわら舟津店,
ICOCA,C8,B65E9,ローソン,あわら舟津店,
ICOCA,C8,B65F5,ローソン,米子糀町店,
ICOCA,C8,B65FA,ローソン,南国ごめん町駅店,
ICOCA,C8,B65FB,ローソン,南国ごめん町駅店,
ICOCA,C8,B660D,ローソン,MK山科ボウル前店,
ICOCA,C8,B660E,ローソン,MK山科ボウル前店,
ICOCA,C8,B6630,ローソン・ポプラ,大田中央店,
ICOCA,C8,B6633,ローソン・ポプラ,由良駅前店,
ICOCA,C8,B6634,ローソン・ポプラ,由良駅前店,
ICOCA,C8,B664A,ローソン,七尾光陽台店,
ICOCA,C8,B664B,ローソン,七尾光陽台店,
ICOCA,C8,B665A,ローソン,南海沢ノ町駅前店,
ICOCA,C8,B665B,ローソン,南海沢ノ町駅前店,
ICOCA,C8,B6670,ローソン,出雲駅北店,
ICOCA,C8,B6671,ローソン,出雲駅北店,
ICOCA,C8,B6677,ローソン,高知薊野店,
ICOCA,C8,B6678,ローソン,高知薊野店,
ICOCA,C8,B6699,ローソン,福井今市町店,
ICOCA,C8,B669A,ローソン,福井今市町店,
ICOCA,C8,B66A5,ローソン,鳥取アロハ店,
ICOCA,C8,B66A6,ローソン,鳥取アロハ店,
ICOCA,C8,B66B4,ローソン,小若江二丁目店,
ICOCA,C8,B66B5,ローソン,小若江二丁目店,
ICOCA,C8,B66DA,ローソン,奈良ドリームランド前店,
ICOCA,C8,B66DB,ローソン,奈良ドリームランド前店,
ICOCA,C8,B66E9,ローソンストア100,七条七本松店,
ICOCA,C8,B66EA,ローソンストア100,七条七本松店,
ICOCA,C8,B6725,ローソン,高知越前町店,
ICOCA,C8,B6726,ローソン,高知越前町店,
ICOCA,C8,B6731,ローソン,四條畷田原台七丁目店,
ICOCA,C8,B6732,ローソン,四條畷田原台七丁目店,
ICOCA,C8,B673C,ローソン,姫路大津真砂店,
ICOCA,C8,B673D,ローソン,姫路大津真砂店,
ICOCA,C8,B6746,ローソン,呉本通り店,
ICOCA,C8,B6747,ローソン,呉本通り店,
ICOCA,C8,B6749,ローソン,舟入町店,
ICOCA,C8,B6778,ローソン,広島中島町店,
ICOCA,C8,B67DC,ローソン,JR三田駅北店,
ICOCA,C8,B67DD,ローソン,JR三田駅北店,
ICOCA,C8,B67DE,ローソン,日南生山店,
ICOCA,C8,B67DF,ローソン,日南生山店,
ICOCA,C8,B67EF,ローソン,龍野片山店,
ICOCA,C8,B67F0,ローソン,龍野片山店,
ICOCA,C8,B6827,ローソン,篠山南矢代店,
ICOCA,C8,B6828,ローソン,篠山南矢代店,
ICOCA,C8,B6833,ローソン,姫路白国店,
ICOCA,C8,B6834,ローソン,姫路白国店,
ICOCA,C8,B6847,ローソン,小山西元町店,
ICOCA,C8,B6848,ローソン,小山西元町店,
ICOCA,C8,B684C,ローソン・ポプラ,たまがわ店,
ICOCA,C8,B6866,ローソン,JR桜ノ宮駅前店,
ICOCA,C8,B6867,ローソン,JR桜ノ宮駅前店,
ICOCA,C8,B6868,ローソン,JR桜ノ宮駅前店,
ICOCA,C8,B686D,ローソン,新宮下田店,
ICOCA,C8,B687A,ローソン,高知デンテツターミナル店,
ICOCA,C8,B687B,ローソン,高知デンテツターミナル店,
ICOCA,C8,B6881,ローソン,善通寺インター北店,
ICOCA,C8,B688D,ローソン,京都駅前店,
ICOCA,C8,B688E,ローソン,京都駅前店,
ICOCA,C8,B688F,ローソン,京都駅前店,
ICOCA,C8,B6890,ローソン,京都駅前店,
ICOCA,C8,B68EC,ローソン,黒田庄町田高店,
ICOCA,C8,B692A,ローソン,嵯峨釈迦堂門前店,
ICOCA,C8,B692B,ローソン,嵯峨釈迦堂門前店,
ICOCA,C8,B693F,ローソン,松江駅前店,
ICOCA,C8,B6960,ローソン,高松兵庫町店,
ICOCA,C8,B6983,ローソン,桜井川合店,
ICOCA,C8,B6984,ローソン,桜井川合店,
ICOCA,C8,B6987,ローソン,大阪国際空港店,
ICOCA,C8,B6988,ローソン,大阪国際空港店,
ICOCA,C8,B6989,ローソン,大阪国際空港店,
ICOCA,C8,B698A,ローソン,大阪国際空港店,
ICOCA,C8,B69E6,ローソン,姫路飾磨今在家店,
ICOCA,C8,B69E7,ローソン,姫路飾磨今在家店,
ICOCA,C8,B69FF,ローソン,海田市駅前店,
ICOCA,C8,B6A00,ローソン,白山相木町店,
ICOCA,C8,B6A01,ローソン,白山相木町店,
ICOCA,C8,B6A13,ローソン,小浜駅前店,
ICOCA,C8,B6A37,ローソン,和歌山山口谷店,
ICOCA,C8,B6A38,ローソン,和歌山山口谷店,
ICOCA,C8,B6A7C,ローソン,岸部南店,
ICOCA,C8,B6A7D,ローソン,岸部南店,
ICOCA,C8,B6A9F,ローソン,府中高木店,
ICOCA,C8,B6AAD,ローソン,美祢大嶺町曽根店,
ICOCA,C8,B6AE9,ローソン,高知北本町四丁目店,
ICOCA,C8,B6AEA,ローソン,高知北本町四丁目店,
ICOCA,C8,B6B05,ローソン,JR和歌山駅前店,
ICOCA,C8,B6B2A,ローソン,姫路大津新町店,
ICOCA,C8,B6B2B,ローソン,姫路大津新町店,
ICOCA,C8,B6B52,ローソン,北野天満宮前店,
ICOCA,C8,B6B53,ローソン,北野天満宮前店,
ICOCA,C8,B6B8E,ローソン,大田長久店,
ICOCA,C8,B6B93,ローソン,岡山中央店,
ICOCA,C8,B6BBA,ローソン,大和高田今里店,
ICOCA,C8,B6BC5,ローソン,北栄町北尾店,
ICOCA,C8,B6BE1,ローソン,富山本郷東部店,
ICOCA,C8,B6BE2,ローソン,富山本郷東部店,
ICOCA,C8,B6C22,ローソン,大野三番店,
ICOCA,C8,B6C9E,ローソン,三山木田中店,
ICOCA,C8,B6C9F,ローソン,三山木田中店,
ICOCA,C8,B6CCF,ローソン,大沢野塩店,
ICOCA,C8,B6CF2,ローソン,南国篠原東泉店,
ICOCA,C8,B6CF3,ローソン,南国篠原東泉店,
ICOCA,C8,B6D2B,ローソン,奈良法華寺西店,
ICOCA,C8,B6D3A,ローソン,川俣店,
ICOCA,C8,B6D3B,ローソン,川俣店,
ICOCA,C8,B6D43,ローソン,八尾山本町北八丁目店,
ICOCA,C8,B6D51,ローソン,関金温泉店,
ICOCA,C8,B6D52,ローソン,関金温泉店,
ICOCA,C8,B6DE9,ローソン,伏見向島駅前店,
ICOCA,C8,B6DF4,ローソン,加賀温泉駅前店,
ICOCA,C8,B6DF5,ローソン,加賀温泉駅前店,
ICOCA,C8,B6E04,ローソン,阪急豊中駅南店,
ICOCA,C8,B6E05,ローソン,阪急豊中駅南店,
ICOCA,C8,B6E45,ローソン,和歌山太田一丁目店,
ICOCA,C8,B6E46,ローソン,和歌山太田一丁目店,
ICOCA,C8,B6E4E,ローソン,広島鉄砲町店,
ICOCA,C8,B6E6D,ローソン,高砂小松原店,
ICOCA,C8,B6E79,ローソン,奈良押熊町店,
ICOCA,C8,B6E7A,ローソン,奈良押熊町店,
ICOCA,C8,B6E96,ローソン・ポプラ,松江寺町店,
ICOCA,C8,B6EBD,ローソン,宇治徳洲会病院店,
ICOCA,C8,B6EBE,ローソン,宇治徳洲会病院店,
ICOCA,C8,B6F10,ローソン,京丹後網野店,
ICOCA,C8,B6F11,ローソン,京丹後網野店,
ICOCA,C8,B6F63,ローソン,福井裁判所前店,
ICOCA,C8,B6F64,ローソン,福井裁判所前店,
ICOCA,C8,B6F65,ローソン,富山大泉本町二丁目店,
ICOCA,C8,B6F66,ローソン,富山大泉本町二丁目店,
ICOCA,C8,B6F6D,ローソン,福井大島町店,
ICOCA,C8,B6F6E,ローソン,福井大島町店,
ICOCA,C8,B6F92,ローソン,高松国分寺町店,
ICOCA,C8,B7007,ローソン,橿原土橋店,
ICOCA,C8,B704B,ローソン,高砂中島三丁目店,
ICOCA,C8,B707A,ローソン,丸太町小川店,
ICOCA,C8,B707B,ローソン,丸太町小川店,
ICOCA,C8,B709E,ローソン,倉敷北畝二丁目店,
ICOCA,C8,B70BE,ローソン,三豊詫間駅前店,
ICOCA,C8,B70E5,ローソン,金光町店,
ICOCA,C8,B70E9,ローソン,天理田部町店,
ICOCA,C8,B70EA,ローソン,天理田部町店,
ICOCA,C8,B710A,ローソン,千里中央店,
ICOCA,C8,B710B,ローソン,千里中央店,
ICOCA,C8,B710C,ローソン,千里中央店,
ICOCA,C8,B710D,ローソン,千里中央店,
ICOCA,C8,B710E,ローソン,千里中央店,
ICOCA,C8,B7113,ローソン,徳島万代町三丁目店,
ICOCA,C8,B7114,ローソン,徳島万代町三丁目店,
ICOCA,C8,B7115,ローソン,姫路正門通四丁目店,
ICOCA,C8,B7116,ローソン,姫路正門通四丁目店,
ICOCA,C8,B7137,ローソン,綾川町陶西店,
ICOCA,C8,B713D,ローソン,富山大学西門前店,
ICOCA,C8,B713E,ローソン,富山大学西門前店,
ICOCA,C8,B717C,ローソン,南金田二丁目店,
ICOCA,C8,B717D,ローソン,南金田二丁目店,
ICOCA,C8,B7187,ローソン,網干浜田店,
ICOCA,C8,B7188,ローソン,網干浜田店,
ICOCA,C8,B7195,ローソン,富山布目店,
ICOCA,C8,B7196,ローソン,富山布目店,
ICOCA,C8,B71BB,ローソン,静市市原店,
ICOCA,C8,B71BC,ローソン,静市市原店,
ICOCA,C8,B7225,ローソン,三次三良坂町店,
ICOCA,C8,B723C,ローソン,三条堀川店,
ICOCA,C8,B723D,ローソン,三条堀川店,
ICOCA,C8,B723E,ローソン,三条堀川店,
ICOCA,C8,B7242,ローソン,舞鶴潮路通店,
ICOCA,C8,B7243,ローソン,舞鶴潮路通店,
ICOCA,C8,B7258,ローソン,S OSL淀屋橋駅北店,
ICOCA,C8,B7259,ローソン,S OSL淀屋橋駅北店,
ICOCA,C8,B72B7,ローソン,東中島一丁目店,
ICOCA,C8,B72B8,ローソン,東中島一丁目店,
ICOCA,C8,B72B9,ローソン,内環吹田芳野町店,
ICOCA,C8,B72BA,ローソン,内環吹田芳野町店,
ICOCA,C8,B72EA,ローソン,安芸区役所前店,
ICOCA,C8,B72EF,ローソン,高岡江尻店,
ICOCA,C8,B72F0,ローソン,高岡江尻店,
ICOCA,C8,B72F5,ローソン,和歌山太田店,
ICOCA,C8,B72F6,ローソン,和歌山太田店,
ICOCA,C8,B7301,ローソン,京都大将軍店,
ICOCA,C8,B731B,ローソン,大津栄町店,
ICOCA,C8,B733E,ローソン,勝浦町下里店,
ICOCA,C8,B7355,ローソン,金沢武蔵町店,
ICOCA,C8,B7356,ローソン,金沢武蔵町店,
ICOCA,C8,B7372,ローソン,高知朝倉駅前店,
ICOCA,C8,B7377,ローソン,あべのキューズタウン店,
ICOCA,C8,B7378,ローソン,あべのキューズタウン店,
ICOCA,C8,B73AE,ローソン,上富田朝来店,
ICOCA,C8,B73AF,ローソン,上富田朝来店,
ICOCA,C8,B73B6,ローソン,山科御陵店,
ICOCA,C8,B73B7,ローソン,山科御陵店,
ICOCA,C8,B73B9,ローソン,新湊本町店,
ICOCA,C8,B73D3,ローソン,宇部中央町一丁目店,
ICOCA,C8,B73D4,ローソン,宇部中央町一丁目店,
ICOCA,C8,B748C,ローソン,島根大田町店,
ICOCA,C8,B748D,ローソン,島根大田町店,
ICOCA,C8,B7490,ローソン,和歌山黒田東店,
ICOCA,C8,B7491,ローソン,和歌山黒田東店,
ICOCA,C8,B74A9,ローソン,益田あけぼの東町店,
ICOCA,C8,B74AD,ローソン,ユニバーサル・シティウォーク大阪店,
ICOCA,C8,B74AE,ローソン,ユニバーサル・シティウォーク大阪店,
ICOCA,C8,B74AF,ローソン,ユニバーサル・シティウォーク大阪店,
ICOCA,C8,B74B0,ローソン,ユニバーサル・シティウォーク大阪店,
ICOCA,C8,B74B2,ローソン,貴志川町長山店,
ICOCA,C8,B74D0,ローソン,伊太祈曽店,
ICOCA,C8,B74D1,ローソン,伊太祈曽店,
ICOCA,C8,B7541,ローソン,南国田村乙店,
ICOCA,C8,B75DE,ローソン,竹田街道針小路店,
ICOCA,C8,B75DF,ローソン,竹田街道針小路店,
ICOCA,C8,B75F8,ローソン,萩之茶屋一丁目店,
ICOCA,C8,B760C,ローソン,須磨白川ランプ前店,
ICOCA,C8,B760D,ローソン,須磨白川ランプ前店,
ICOCA,C8,B7689,ローソン,山口湯田温泉店,
ICOCA,C8,B768A,ローソン,山口湯田温泉店,
ICOCA,C8,B7692,ローソン,高浜東三松店,
ICOCA,C8,B7699,ローソン,すさみ町江住店,
ICOCA,C8,B76A5,ローソン,内環豊中服部寿町店,
ICOCA,C8,B76A6,ローソン,内環豊中服部寿町店,
ICOCA,C8,B76A9,ローソン,水墨美術館前店,
ICOCA,C8,B76AA,ローソン,水墨美術館前店,
ICOCA,C8,B76B5,ローソン,大阪ドームシティ店,
ICOCA,C8,B76B6,ローソン,大阪ドームシティ店,
ICOCA,C8,B76B7,ローソン,生駒谷田町店,
ICOCA,C8,B76B8,ローソン,生駒谷田町店,
ICOCA,C8,B76D6,ローソン,たつの日山店,
ICOCA,C8,B76D7,ローソン,たつの日山店,
ICOCA,C8,B76E4,ローソン,丸亀原田町店,
ICOCA,C8,B76EB,ローソン,山東柏原店,
ICOCA,C8,B76EC,ローソン,山東柏原店,
ICOCA,C8,B770F,ローソン,西中島五丁目店,
ICOCA,C8,B7715,ローソン,高岡姫野店,
ICOCA,C8,B7721,ローソン,OSL谷町九丁目駅店,
ICOCA,C8,B772E,ローソン,海南名高西店,
ICOCA,C8,B772F,ローソン,海南名高西店,
ICOCA,C8,B773B,ローソン,津山昭和町店,
ICOCA,C8,B7761,ローソン,奈良南京終店,
ICOCA,C8,B778F,ローソン,広島東荒神町店,
ICOCA,C8,B7795,ローソン,高砂松波店,
ICOCA,C8,B779F,ローソン,本竜野店,
ICOCA,C8,B77A0,ローソン,本竜野店,
ICOCA,C8,B77F6,ローソン,通天閣南店,
ICOCA,C8,B77F7,ローソン,通天閣南店,
ICOCA,C8,B77FC,ローソン,舞鶴真倉店,
ICOCA,C8,B781C,ローソン,香里園駅前店,
ICOCA,C8,B786D,ローソン,岡山リットシティビル店,
ICOCA,C8,B78A6,ローソン,米子三本松口店,
ICOCA,C8,B78B7,ローソン,S OSL肥後橋駅北店,
ICOCA,C8,B78B8,ローソン,S OSL肥後橋駅北店,
ICOCA,C8,B78BC,ローソン,松ヶ崎駅前店,
ICOCA,C8,B78BD,ローソン,松ヶ崎駅前店,
ICOCA,C8,B78BE,ローソン,松ヶ崎駅前店,
ICOCA,C8,B78C6,ローソン,大田長久町南店,
ICOCA,C8,B78CB,ローソン,武生四郎丸店,
ICOCA,C8,B78CC,ローソン,武生四郎丸店,
ICOCA,C8,B7940,ローソン,厚狭駅前店,
ICOCA,C8,B7948,ローソン,S京大病院北病棟店,
ICOCA,C8,B7949,ローソン,S京大病院北病棟店,
ICOCA,C8,B794A,ローソン,S京大病院北病棟店,
ICOCA,C8,B7970,ローソン,天神橋七丁目店,
ICOCA,C8,B7971,ローソン,天神橋七丁目店,
ICOCA,C8,B7972,ローソン,天神橋七丁目店,
ICOCA,C8,B79CA,ローソン,大和郡山外川町店,
ICOCA,C8,B79D1,ローソン,姫路下余部店,
ICOCA,C8,B79D2,ローソン,姫路下余部店,
ICOCA,C8,B79FF,ローソン,龍野揖西町店,
ICOCA,C8,B7A00,ローソン,龍野揖西町店,
ICOCA,C8,B7A0B,ローソン,和歌山岩橋店,
ICOCA,C8,B7A23,ローソン,伯耆溝口店,
ICOCA,C8,B7A24,ローソン,伯耆溝口店,
ICOCA,C8,B7A7D,ローソン,高知市南久保店,
ICOCA,C8,B7A7E,ローソン,高知市南久保店,
ICOCA,C8,B7A7F,ローソン,姫路赤十字病院店,
ICOCA,C8,B7A80,ローソン,姫路赤十字病院店,
ICOCA,C8,B7A81,ローソン,姫路赤十字病院店,
ICOCA,C8,B7A8E,ローソン,江府町店,
ICOCA,C8,B7A8F,ローソン,江府町店,
ICOCA,C8,B7AB5,ローソン,四条河原町店,
ICOCA,C8,B7AB6,ローソン,四条河原町店,
ICOCA,C8,B7AB7,ローソン,四条河原町店,
ICOCA,C8,B7AE3,ローソン,市島上田店,
ICOCA,C8,B7AE9,ローソン,橋本神野々店,
ICOCA,C8,B7AEB,ローソン,たつの富永店,
ICOCA,C8,B7AEC,ローソン,たつの富永店,
ICOCA,C8,B7B3E,ローソン,姫路東夢前台店,
ICOCA,C8,B7B3F,ローソン,姫路東夢前台店,
ICOCA,C8,B7B46,ローソン,岡山北方店,
ICOCA,C8,B7B55,ローソン,加賀大聖寺南店,
ICOCA,C8,B7B56,ローソン,加賀大聖寺南店,
ICOCA,C8,B7C2D,ローソン,新大阪駅南店,
ICOCA,C8,B7C4D,ローソン,京大病院店,
ICOCA,C8,B7C90,ローソン,広島本川町店,
ICOCA,C8,B7C92,ローソン,高知比島町一丁目店,
ICOCA,C8,B7C93,ローソン,高知比島町一丁目店,
ICOCA,C8,B7CEF,ローソン,広島紙屋町東店,
ICOCA,C8,B7D86,ローソン,益田駅南店,
ICOCA,C8,B7DBD,ローソン,舞鶴上福井店,
ICOCA,C8,B7DBE,ローソン,舞鶴上福井店,
ICOCA,C8,B7DC8,ローソン,新宮港前店,
ICOCA,C8,B7ECB,出雲空港,空港リムジンバス 券売機,
ICOCA,C8,B8043,ローソン,山口駅通り二丁目店,
ICOCA,C8,B8044,ローソン,山口駅通り二丁目店,
ICOCA,C8,B80A9,オークワ,大東店,
ICOCA,C8,B80AA,オークワ,大東店,
ICOCA,C8,B80AB,オークワ,大東店,
ICOCA,C8,B80AC,オークワ,大東店,
ICOCA,C8,B80AD,オークワ,大東店,
ICOCA,C8,B80AE,オークワ,大東店,
ICOCA,C8,B82D8,ローソン,OSL ekimoなんば店,
ICOCA,C8,B832B,ローソン,姫路広畑小松町店,
ICOCA,C8,B832C,ローソン,姫路広畑小松町店,
ICOCA,C8,B832E,ローソン,今出川駅前店,
ICOCA,C8,B832F,ローソン,今出川駅前店,
ICOCA,C8,B8330,ローソン,今出川駅前店,
ICOCA,C8,B8388,スーパーセンターオークワ,富雄中町店,
ICOCA,C8,B84FD,京阪電気鉄道,北浜駅,プレミアムカー券売機
ICOCA,C8,B84FE,京阪電気鉄道,天満橋駅,プレミアムカー券売機
ICOCA,C8,B850E,京阪電気鉄道,祇園四条駅,プレミアムカー券売機 ホーム中央
ICOCA,C8,B856B,ローソン,富雄駅北店,
ICOCA,C8,B8575,ローソン,肥後橋ウェリナホテル店,
ICOCA,C8,B8576,ローソン,肥後橋ウェリナホテル店,
ICOCA,C8,B85ED,ローソン,S丸亀市役所店,
ICOCA,C8,B85F0,ローソン・ポプラ,ヨーロッパ通り店,
ICOCA,C8,B865B,ローソン,久米南町上神目店,
ICOCA,C8,B865E,ローソン,広島草津南駅前店,
ICOCA,C8,B8677,ローソン・ポプラ,高梁木野山店,
ICOCA,C8,B867A,ローソン・ポプラ,上下駅前店,
ICOCA,C8,B8681,ローソン・ポプラ,舟入南店,
ICOCA,C8,B86A2,モスバーガー,高知インター店,
ICOCA,C8,B874C,ローソン・ポプラ,クリスタルプラザ店,
ICOCA,C8,B8798,ローソン,下関竹崎店,
ICOCA,C8,B8824,ローソン・ポプラ,新山口駅前店,
ICOCA,C8,B8825,ローソン・ポプラ,新山口駅前店,
ICOCA,C8,B8A30,ローソン,S箕面船場阪大前駅店,
ICOCA,C8,B8A31,ローソン,S箕面船場阪大前駅店,
ICOCA,C8,B8A34,ローソン,HB 阪急梅田2階東店,
ICOCA,C8,B8A35,ローソン,HB 阪急梅田2階西店,
ICOCA,C8,B8A36,ローソン,HB 阪急梅田2階西店,
ICOCA,C8,B8A90,ローソン,HB 阪急嵐山店,
ICOCA,C8,B8AB2,ローソン,HB 阪急梅田2階中央店,
ICOCA,C8,B8AB3,ローソン,HB 阪急梅田2階中央店,
ICOCA,C8,B8AB6,ローソン,HB 阪急十三ホーム店,
ICOCA,C8,B8B0E,ローソン,HB スクラ三宮店,
ICOCA,C8,B8B26,ローソン,HB 阪急梅田3階東店,
ICOCA,C8,B8B27,ローソン,HB 阪急梅田3階西店,
ICOCA,C8,B8B29,ローソン,HB 阪急梅田3階中央店,
ICOCA,C8,B8B6F,モスバーガー,JR下関店,
ICOCA,C8,B8B70,モスバーガー,JR下関店,
ICOCA,C8,B8BDA,ローソン,HA 阪急伊丹店,
ICOCA,C8,B8BDB,ローソン,HA 阪急伊丹店,
ICOCA,C8,B8BEA,ローソン,姫路飾磨矢倉町店,
ICOCA,C8,B8BEB,ローソン,姫路飾磨矢倉町店,
ICOCA,C8,B8BF3,ローソン,HA 阪急塚口店,
ICOCA,C8,B8BF4,ローソン,HA 阪急塚口店,
ICOCA,C8,B8BFD,ローソン,東大阪小若江三丁目店,
ICOCA,C8,B8BFE,ローソン,東大阪小若江三丁目店,
ICOCA,C8,B8C02,ローソン,HA 阪急梅田2階店,
ICOCA,C8,B8C3D,ローソン,HA 阪急西宮北口店,
ICOCA,C8,B8C46,ローソン,HA 阪急石橋店,
ICOCA,C8,B8C53,ローソン,HA 阪急豊中店,
ICOCA,C8,B8C54,ローソン,HA 阪急豊中店,
ICOCA,C8,B8C55,ローソン,HA 阪急豊中店,
ICOCA,C8,B8C56,ローソン,HA 阪急豊中店,
ICOCA,C8,B8C57,ローソン,HA 阪急豊中店,
ICOCA,C8,B8C91,ローソン,HA 阪急十三店,
ICOCA,C8,B8CA7,ローソン,HA 阪急梅田3階店,
ICOCA,C8,B8CC2,ローソン,広島宇品神田五丁目店,
ICOCA,C8,B8CE8,ローソン,北浜土佐堀通店,
ICOCA,C8,B8CE9,ローソン,北浜土佐堀通店,
ICOCA,C8,B8CEA,ローソン,北浜土佐堀通店,
ICOCA,C8,B8CF3,ローソン,HA 阪急梅田茶屋町口店,
ICOCA,C8,B8CF8,ローソン,HA 阪急梅田3階店,
ICOCA,C8,B8CFA,ローソン,HA 阪神梅田東店,
ICOCA,C8,B8D35,ローソン,HA 阪急蛍池店,
ICOCA,C8,B8D36,ローソン,HA 阪急蛍池店,
ICOCA,C8,B8D37,ローソン,HA 北急千里中央B1店,
ICOCA,C8,B8D38,ローソン,HA 北急千里中央B1店,
ICOCA,C8,B8D39,ローソン,HA 北急千里中央B1店,
ICOCA,C8,B8D3A,ローソン,HA 北急千里中央B1店,
ICOCA,C8,B8D3B,ローソン,HA 北急千里中央B1店,
ICOCA,C8,B8DC5,ローソン,HA 阪急桂店,
ICOCA,C8,B8DC6,ローソン,HA 阪急桂店,
ICOCA,C8,B8DE4,ローソン,HA 阪急南茨木店,
ICOCA,C8,B8DE5,ローソン,HA 阪急南茨木店,
ICOCA,C8,B8DE6,ローソン,HA 阪急南茨木店,
ICOCA,C8,B8E6D,ローソン,広島猿猴橋店,
ICOCA,C8,B94E1,サンドラッグ,京都三条店,
ICOCA,C8,B94E2,サンドラッグ,京都三条店,
ICOCA,C8,B94E3,サンドラッグ,京都三条店,
ICOCA,C8,B9B00,オークワ,大和郡山柳町店,
ICOCA,C8,B9B67,ローソン,廿日市地御前店,
ICOCA,C8,B9BFA,エースワン,御座店,
ICOCA,C8,B9D7F,エースワン,高知駅前店,
ICOCA,C8,B9E15,エースワン,JR丸亀店,
ICOCA,C8,BA03E,ローソン,ツカザキ病院店,
ICOCA,C8,BA03F,ローソン,ツカザキ病院店,
ICOCA,C8,BA040,ローソン,ツカザキ病院店,
ICOCA,C8,BA09D,サンドラッグ,奈良店,
ICOCA,C8,BA09E,サンドラッグ,奈良店,
ICOCA,C8,BA09F,サンドラッグ,奈良店,
ICOCA,C8,BA1C2,バーガーキング,マリエとやま店,
ICOCA,C8,BAAA6,モスバーガー,京都二条駅前店,
ICOCA,C8,BAAA7,モスバーガー,京都二条駅前店,
ICOCA,C8,BABCB,スギ薬局,四条河原町店,
ICOCA,C8,BAC0E,#粋麺#あみ乃や,西大寺駅店,
ICOCA,C8,BB4F6,ローソン,大和郡山九条町店,
ICOCA,C8,BB4F7,ローソン,大和郡山九条町店,
ICOCA,C8,BB58A,ユニクロ,JR新大阪店,
ICOCA,C8,BB58D,ユニクロ,JR新大阪店,
ICOCA,C8,BB58E,ユニクロ,JR新大阪店,
ICOCA,C8,BB711,ローソン,関西国際空港店,
ICOCA,C8,BB7E8,ローソン,姫路駅前店,
ICOCA,C8,BB7E9,ローソン,姫路駅前店,
ICOCA,C8,BB7F7,ローソン,姫路駅前店,
ICOCA,C8,BB8E8,#ハンバーグレストラン#びっくりドンキー,千日前アムザ店,
ICOCA,C8,BB8E9,#ハンバーグレストラン#びっくりドンキー,千日前アムザ店,
ICOCA,C8,BB98B,ローソン銀行ATM,四条河原町共同出張所,
ICOCA,C8,BB98D,ローソン銀行ATM,京都駅前共同出張所,
ICOCA,C8,BB9B9,ローソン銀行ATM,竹田街道針小路共同出張所,
ICOCA,C8,BB9BB,ローソン銀行ATM,烏丸七条共同出張所,
ICOCA,C8,BBA18,ローソン銀行ATM,太秦蜂岡町共同出張所,
ICOCA,C8,BBA19,ローソン銀行ATM,ホテル京阪ユニバーサルタワー共同出張所,
ICOCA,C8,BBA1A,ローソン銀行ATM,ホテル京阪ユニバーサルタワー共同出張所,
ICOCA,C8,BBA1E,ローソン銀行ATM,嵯峨嵐山駅前共同出張所,
ICOCA,C8,BBA5D,ローソン銀行ATM,新京都センタービル共同出張所,
ICOCA,C8,BBB28,自動販売機,#JR西日本#富山駅,改札内 1階上りエスカレーター前 ますの寿司
ICOCA,C8,BBBA8,ローソン銀行ATM,宇治菟道共同出張所,
ICOCA,C8,BBC02,ローソン銀行ATM,三条堀川共同出張所,
ICOCA,C8,BBC31,ローソン銀行ATM,金沢駅金沢港口共同出張所,
ICOCA,C8,BBEB0,ローソン銀行ATM,天神橋七丁目共同出張所,
ICOCA,C8,BBEB4,ローソン銀行ATM,ユニバーサル・シティウォーク大阪共同出張所,
ICOCA,C8,BBF7A,ローソン銀行ATM,南金田二丁目共同出張所,
ICOCA,C8,BBFED,ローソン銀行ATM,静市市原共同出張所,
ICOCA,C8,BC206,ローソン銀行ATM,福井下森田共同出張所,
ICOCA,C8,BC213,ローソン銀行ATM,四条西院共同出張所,
ICOCA,C8,BC27E,ローソン銀行ATM,京大病院共同出張所,
ICOCA,C8,BC2FF,ローソン銀行ATM,山科御陵共同出張所,
ICOCA,C8,BC32C,ローソン銀行ATM,山科駅前共同出張所,
ICOCA,C8,BC486,業務スーパー,西陣店,
ICOCA,C8,BC487,業務スーパー,西陣店,
ICOCA,C8,BC48E,やよい軒,長田店,
ICOCA,C8,BC48F,やよい軒,長田店,
ICOCA,C8,BC4B7,ローソン銀行ATM,鞍馬口共同出張所,
ICOCA,C8,BC4B8,ローソン銀行ATM,四条大宮共同出張所,
ICOCA,C8,BC4BD,ローソン銀行ATM,阪急豊中駅南共同出張所,
ICOCA,C8,BC4EF,ローソン銀行ATM,西大路三条共同出張所,
ICOCA,C8,BC5BD,ローソン銀行ATM,聖護院山王町共同出張所,
ICOCA,C8,BC61D,ローソン銀行ATM,南海沢ノ町駅前共同出張所,
ICOCA,C8,BC7A4,ローソン銀行ATM,大阪国際空港共同出張所,
ICOCA,C8,BC98F,ローソン銀行ATM,北野天満宮前共同出張所,
ICOCA,C8,BC9E7,ローソン銀行ATM,徳島万代町三丁目共同出張所,
ICOCA,C8,BCA3B,ローソン銀行ATM,東かがわ三本松共同出張所,
ICOCA,C8,BCA5B,ローソン銀行ATM,吉祥院西ノ茶屋共同出張所,
ICOCA,C8,BCBC5,ローソン,S文理大学高松駅キャンパス店,
ICOCA,C8,BCBC6,ローソン,S文理大学高松駅キャンパス店,
ICOCA,C8,BCBC7,ローソン,S文理大学高松駅キャンパス店,
ICOCA,C8,BCBFF,#定食屋#宮本むなし,新今宮店,
ICOCA,C8,BCC00,#定食屋#宮本むなし,新今宮店,
ICOCA,C8,BCCC2,業務スーパー,御陵店,
ICOCA,C8,BCCC3,業務スーパー,御陵店,
ICOCA,C8,BCCC4,業務スーパー,御陵店,
ICOCA,C8,BCCC5,業務スーパー,御陵店,
ICOCA,C8,BCCC6,業務スーパー,御陵店,
ICOCA,C8,BCD30,ローソン銀行ATM,千里中央共同出張所,
ICOCA,C8,BCDFF,ローソン銀行ATM,吉祥院這登西町共同出張所,
ICOCA,C8,BCF71,ローソン銀行ATM,御坊名屋町北共同出張所,
ICOCA,C8,BCF7E,ローソン,地下鉄三条京阪店,
ICOCA,C8,BCF7F,ローソン,地下鉄三条京阪店,
ICOCA,C8,BCF80,ローソン,地下鉄三条京阪店,
ICOCA,C8,BD098,ローソン銀行ATM,地下鉄三条京阪共同出張所,
ICOCA,C8,BD110,ローソン銀行ATM,和歌山太田共同出張所,
ICOCA,C8,BD117,ローソン銀行ATM,和歌山黒田東共同出張所,
ICOCA,C8,BD1F4,ローソン銀行ATM,伊太祈曽共同出張所,
ICOCA,C8,BD47F,業務スーパー,山科東野店,
ICOCA,C8,BD480,業務スーパー,山科東野店,
ICOCA,C8,BD481,業務スーパー,山科東野店,
ICOCA,C8,BD482,業務スーパー,山科東野店,
ICOCA,C8,BD483,業務スーパー,山科東野店,
ICOCA,C8,BD484,業務スーパー,山科東野店,
ICOCA,C8,BD485,業務スーパー,山科東野店,
ICOCA,C8,BD486,業務スーパー,山科東野店,
ICOCA,C8,BD487,業務スーパー,山科東野店,
ICOCA,C8,BD488,業務スーパー,山科東野店,
ICOCA,C8,BD904,ライフ,西陣店,
ICOCA,C8,BD905,ライフ,西陣店,
ICOCA,C8,BD906,ライフ,西陣店,
ICOCA,C8,BD907,ライフ,西陣店,
ICOCA,C8,BD908,ライフ,西陣店,
ICOCA,C8,BD909,ライフ,西陣店,
ICOCA,C8,BDB3F,ライフ,智恵光院店,
ICOCA,C8,BDB40,ライフ,智恵光院店,
ICOCA,C8,BDB41,ライフ,智恵光院店,
ICOCA,C8,BDB42,ライフ,智恵光院店,
ICOCA,C8,BDB43,ライフ,智恵光院店,
ICOCA,C8,BDB44,ライフ,智恵光院店,
ICOCA,C8,BDB72,ライフ,八戸ノ里店,
ICOCA,C8,BDB73,ライフ,八戸ノ里店,
ICOCA,C8,BDB74,ライフ,八戸ノ里店,
ICOCA,C8,BDB75,ライフ,八戸ノ里店,
ICOCA,C8,BDB76,ライフ,八戸ノ里店,
ICOCA,C8,BDB77,ライフ,八戸ノ里店,
ICOCA,C8,BDB78,ライフ,八戸ノ里店,
ICOCA,C8,BDE70,ライフ,壬生店,
ICOCA,C8,BDE71,ライフ,壬生店,
ICOCA,C8,BDE72,ライフ,壬生店,
ICOCA,C8,BDE73,ライフ,壬生店,
ICOCA,C8,BE19A,キャンドゥ,寺町店,
ICOCA,C8,BE19B,キャンドゥ,寺町店,
ICOCA,C8,C19BB,業務スーパー,北山店,
ICOCA,C8,C19BC,業務スーパー,北山店,
ICOCA,C8,C19BD,業務スーパー,北山店,
ICOCA,C8,C38D9,自動販売機,#明治乳業特約店#速水商店,屋外
ICOCA,C8,C3904,自動販売機,STEP-BIN,駐車場脇
ICOCA,C8,C390C,自動販売機,株式会社meister,屋外 大宮通
ICOCA,C8,C3AF3,自動販売機,イオンモール京都桂川,屋外 1F立体駐車場 専門店南入口 付近
ICOCA,C8,C3E90,自動販売機,株式会社山宝商事 流通センター,駐車場脇 京都上鳥羽南部経21号線
ICOCA,C8,C4256,自動販売機,ダックス左京修学院店,店舗前
ICOCA,C8,C45A5,自動販売機,ダックス伏見肥後町店,屋外 竹田街道
ICOCA,C8,C45D2,自動販売機,ダックス京都北山東店,屋外
ICOCA,C8,C45DD,自動販売機,ダックス伏見深草店,店外
ICOCA,C8,C45E3,自動販売機,ダックス勧修寺店,店外
ICOCA,C8,C45E5,自動販売機,ダックス上京智恵光院店,屋外 駐車場 店舗壁面
ICOCA,C8,C45E6,自動販売機,ダックス京都北山店,駐車場出入口脇
ICOCA,C8,C47EB,自動販売機,丸工自動車運送株式会社ガレージ,出入口脇 京都市道上鳥羽経68号線
ICOCA,C8,C486E,自動販売機,イオンタウン富雄南,しまむら前
ICOCA,C8,C4A4E,自動販売機,イオンモール京都桂川,屋外 1F立体駐車場 専門店南入口 付近
ICOCA,C8,C4C48,自動販売機,イオンタウン山科椥辻,屋外 東出入口 入口前
ICOCA,C8,C4C49,自動販売機,イオンタウン山科椥辻,屋外 南出入口 駐車場出入口脇
ICOCA,C8,C4C4B,自動販売機,イオンタウン山科椥辻,屋外 南出入口向かい駐車場内
ICOCA,C8,C4CA8,自動販売機,イオンタウン山科椥辻,2階エスカレーター横休憩所
ICOCA,C8,C4CA9,自動販売機,イオンタウン山科椥辻,2階エスカレーター横休憩所
ICOCA,C8,C4D96,自動販売機,梅小路公園,中央広場西 トイレ横
ICOCA,C8,C4DAA,自動販売機,国見小路,入口脇
ICOCA,C8,C4DCF,自動販売機,百万遍交差点西入ル,百万遍バス停最寄りビル屋外 西側
ICOCA,C8,C4E78,自動販売機,崇仁市営住宅M4棟,屋外 南西端
ICOCA,C8,C4E95,ミニストップ,大阪浜2丁目店,
ICOCA,C8,C4FC5,自動販売機,イオンモール京都桂川,モール棟 3階 イオンシネマ外 最寄りトイレ入口前
ICOCA,C8,C4FD5,ミニストップ,神戸藤原台南町店,
ICOCA,C8,C508C,自動販売機,日本生命四条大宮ビル,屋外 入口 三菱UFJ銀行ATM横 四条通
ICOCA,C8,C5192,自動販売機,イオンタウン山科椥辻,屋外 北出入口横
ICOCA,C8,C5B29,自動販売機,松原通(清水坂)東大路東入ル,
ICOCA,C8,C5B2D,自動販売機,西條 商店,屋外 烏丸通
ICOCA,C8,C5B2F,自動販売機,シャトー ド ボニータ,屋外 油小路通
ICOCA,C8,C5B30,自動販売機,ヤマザキショップ粟津博養堂店,屋外
ICOCA,C8,C5B34,自動販売機,都市型コテージ 京都,
ICOCA,C8,C5B36,自動販売機,長久電気,屋外 新町通
ICOCA,C8,C5B39,自動販売機,松尾ブリッジマンション,屋外 四条通
ICOCA,C8,C5E6E,海峡ゆめタワー,,
ICOCA,C8,C6231,自動販売機,#JR西日本#由宇駅,
ICOCA,C8,C62FD,自動販売機,#JR西日本#姫路駅,5·6番線ホーム 東階段西寄り
ICOCA,C8,C62FE,自動販売機,#JR西日本#姫路駅,5·6番線ホーム 東階段西寄り
ICOCA,C8,C6363,自動販売機,#JR西日本#網干駅,北口階段下
ICOCA,C8,C6364,自動販売機,#JR西日本#網干駅,北口階段上
ICOCA,C8,C6365,自動販売機,#JR西日本#網干駅,改札内コンコース
ICOCA,C8,C6366,自動販売機,#JR西日本#網干駅,改札内コンコース
ICOCA,C8,C6460,ミニストップ,高松元山町店,
ICOCA,C8,C6470,ミニストップ,白川通上高野店,
ICOCA,C8,C6471,ミニストップ,白川通上高野店,
ICOCA,C8,C6591,ミニストップ,千本丸太町店,
ICOCA,C8,C6592,ミニストップ,千本丸太町店,
ICOCA,C8,C659C,ミニストップ,高井田駅南口店,
ICOCA,C8,C65A4,ミニストップ,上野平野店,
ICOCA,C8,C65A5,ミニストップ,上野平野店,
ICOCA,C8,C65A6,ミニストップ,上野中瀬インター店,
ICOCA,C8,C661B,自動販売機,#JR西日本#山科駅,ロータリー北 麺家 山科 店外 脇
ICOCA,C8,C665A,ミニストップ,大阪ビジネスパーク店,
ICOCA,C8,C665B,ミニストップ,大阪ビジネスパーク店,
ICOCA,C8,C665C,ミニストップ,大阪ビジネスパーク店,
ICOCA,C8,C665D,ミニストップ,大阪ビジネスパーク店,
ICOCA,C8,C6671,自動販売機,#JR西日本#JR篠山口駅,3・4番下りホーム南
ICOCA,C8,C667E,自動販売機,#JR西日本#姫路駅,1·2番線ホーム エスカレーター付近
ICOCA,C8,C667F,自動販売機,#JR西日本#姫路駅,3·4番線ホーム
ICOCA,C8,C6680,自動販売機,#JR西日本#姫路駅,7·8番線ホーム 東階段西寄り
ICOCA,C8,C6681,自動販売機,#JR西日本#姫路駅,7·8番線ホーム 東階段西寄り
ICOCA,C8,C6686,自動販売機,#JR西日本#姫路駅,南口外東側
ICOCA,C8,C6687,自動販売機,#JR西日本#姫路駅,東側自由通路南口西寄り
ICOCA,C8,C66E6,ミニストップ,高井田本通店,
ICOCA,C8,C66E7,ミニストップ,高井田本通店,
ICOCA,C8,C674A,自動販売機,#JR西日本#姫路駅,1·2番線ホーム ホーム中央付近
ICOCA,C8,C6757,自動販売機,#JR西日本#二条駅,西口ロータリー
ICOCA,C8,C6758,自動販売機,#JR西日本#二条駅,西口ロータリー
ICOCA,C8,C6759,自動販売機,#JR西日本#丹波口駅,改札外 屋内
ICOCA,C8,C675A,自動販売機,#JR西日本#丹波口駅,改札外 屋内
ICOCA,C8,C6861,自動販売機,#JR西日本#稲荷駅,改札外
ICOCA,C8,C696C,焼肉ライク,ekie広島店,
ICOCA,C8,C6A0A,自動販売機,イオンモール京都桂川,モール棟 1階 Ⓔ1 出入口前通路 TheTable脇 コインロッカー付近 桂川小路向かい
ICOCA,C8,C6C0B,STATION BOOTH,高松駅,
ICOCA,C8,C6C0C,STATION BOOTH,高松駅,
ICOCA,C8,C6C33,自動販売機,#JR西日本#西大路駅,南口 改札外 入口向かって右
ICOCA,C8,C6C35,自動販売機,#JR西日本#西大路駅,南口 改札外 入口向かって右
ICOCA,C8,C6EAE,自動販売機,珈琲館ぐるんぱ,屋外 女坂
ICOCA,C8,C6EDD,QBハウス,阪急西宮北口駅店,
ICOCA,C8,C8427,自動販売機,BIGディッパー大久保店,駐車場脇 バスロータリー タクシー乗り場向き
ICOCA,C8,C8656,自動販売機,北大路バスターミナル,地下3階南エレベーター向かい トイレ横
ICOCA,C8,C896A,ミニストップ,平野瓜破西店,
ICOCA,C8,F53A2,マルチ電子マネーチャージ機,GiGO 姫路駅前,
ICOCA,C8,F634D,マルチ電子マネーチャージ機,GiGO 神戸umieサウスモール,
ICOCA,C8,F6D28,POCKET CHANGE,関西ツーリストインフォメーションセンター 大丸心斎橋店,
ICOCA,C8,F6D2A,POCKET CHANGE,日本旅行 TiS大阪支店,
ICOCA,C8,F6D2B,POCKET CHANGE,日本旅行 TiS京都店,
ICOCA,C8,F6D2E,POCKET CHANGE,ドン・キホーテ 道頓堀御堂筋店,1階 エレベーター前
ICOCA,C8,F6DE2,近江ちゃんぽん亭,エル枚方店,
ICOCA,C8,F8498,すわき後楽中華そば,大阪城テラス店,
ICOCA,C8,F849A,POCKET CHANGE,イトーヨーカドーあべの店,
ICOCA,C8,F84A3,麺王,高松駅前店,
ICOCA,C8,F8DA6,キッチンオリジン,西宮北口店,
ICOCA,C8,F9CCE,マルチ電子マネーチャージ機,GiGO イオンモール高岡,
ICOCA,C8,FA82D,新鮮激安市場!,洛西口店,
ICOCA,C8,FA82E,新鮮激安市場!,洛西口店,
ICOCA,C8,FA82F,新鮮激安市場!,洛西口店,
ICOCA,C8,FA830,新鮮激安市場!,洛西口店,
ICOCA,C8,FA831,新鮮激安市場!,洛西口店,
ICOCA,C8,FA845,新鮮激安市場!,桂店,
ICOCA,C8,FA846,新鮮激安市場!,桂店,
ICOCA,C8,FA847,新鮮激安市場!,桂店,
ICOCA,C8,FA848,新鮮激安市場!,桂店,
ICOCA,C8,FA849,新鮮激安市場!,桂店,
ICOCA,C8,FC4BC,快活CLUB,鶴橋駅前店,
ICOCA,C8,FC4BD,快活CLUB,鶴橋駅前店,
ICOCA,C8,FDB8A,自動販売機,クルン高岡,1階万葉線乗り場そば
ICOCA,C8,FDC15,なか卯,長田東店,
ICOCA,C8,FDC16,なか卯,長田東店,
ICOCA,C8,FDC24,なか卯,宇治槇島店,
ICOCA,C8,FDC2C,なか卯,松屋町店,
ICOCA,C8,FDC2D,なか卯,松屋町店,
ICOCA,C8,FDC3E,なか卯,広島大手町店,
ICOCA,C8,FDC5C,なか卯,福井駅前店,
ICOCA,C8,FDC76,なか卯,新大阪駅前店,
ICOCA,C8,FDC77,なか卯,新大阪駅前店,
ICOCA,C8,FDC78,なか卯,新大阪駅前店,
ICOCA,C8,FE1EF,なか卯,姫路駅前店,
ICOCA,C8,FE25C,なか卯,浜寺石津店,
ICOCA,C8,FE25D,なか卯,浜寺石津店,
ICOCA,C8,FE268,なか卯,布施店,
ICOCA,C8,FE269,なか卯,布施店,
ICOCA,C8,FE27F,なか卯,河内小阪駅前店,
ICOCA,C8,FE280,なか卯,河内小阪駅前店,
ICOCA,C8,FE281,なか卯,河内小阪駅前店,
ICOCA,C8,FE287,なか卯,東近江八日市店,
ICOCA,C8,FE29D,なか卯,大阪本町店,
ICOCA,C8,FE29F,なか卯,高松上福岡店,
ICOCA,C8,FE2A0,なか卯,高松上福岡店,
ICOCA,C8,FE2AB,なか卯,東大阪吉田店,
ICOCA,C8,FE2AC,なか卯,東大阪吉田店,
ICOCA,C8,FE2CC,なか卯,長吉長原東店,
ICOCA,C8,FE2D8,なか卯,生駒俵口店,
ICOCA,C8,FE511,自動販売機,京都大学医学部附属病院,外来棟 1階 エントランスホール(玄関ホール) ウェルネスエリア
ICOCA,C8,FE893,自動販売機,トロッコ嵯峨駅,屋内 男子トイレ前自動販売機
ICOCA,C8,FFDA1,やよい軒,堂山店,
ICOCA,C8,FFE0C,セリア,西大路店,
ICOCA,C8,FFE0D,セリア,西大路店,
ICOCA,C8,FFF7B,ダイソー,シーモール下関店,
ICOCA,C8,FFF7C,ダイソー,シーモール下関店,
ICOCA,C8,FFF7D,ダイソー,シーモール下関店,
ICOCA,C8,FFF7E,ダイソー,シーモール下関店,
ICOCA,C8,FFF7F,ダイソー,シーモール下関店,
ICOCA,C8,FFF80,ダイソー,シーモール下関店,
ICOCA,C8,FFF81,ダイソー,シーモール下関店,
IruCa,C7,02716,レストランオリーブ,一般食堂,
IruCa,C7,02718,オアシスプラザ,香川大学医学部付属病院店,
IruCa,C7,0271D,グリーンリーブスモール,高松市立みんなの病院売店,
IruCa,C7,02723,セブン‐イレブン,高松観光通2丁目店,
IruCa,C7,02724,セブン‐イレブン,高松JR栗林駅前店,
IruCa,C7,02725,セブン‐イレブン,高松JR栗林駅前店,
IruCa,C7,02727,キタカタラーメン麺小町,西宝町店,
IruCa,C7,02749,#かがわ物産館#栗林庵,,
IruCa,C7,0274A,オアシスプラザ,香川大学医学部付属病院店,
IruCa,C7,02763,宮脇書店,本店,
IruCa,C7,02764,グリーンリーブスモール,香川県立中央病院内売店,
IruCa,C7,02765,セブン‐イレブン,香川大学正門前店,
IruCa,C7,02766,セブン‐イレブン,香川大学正門前店,
IruCa,C7,02768,グリーンリーブスモール,香川県立中央病院内売店,
IruCa,C7,0276A,三びきの子ぶた,,
IruCa,C7,02772,グリーンリーブスモール,香川県立中央病院内売店,
IruCa,C7,0277E,宮脇書店,本店,
IruCa,C7,0278A,セブン‐イレブン,高松観光通2丁目店,
IruCa,C7,0278D,野田屋電機,,
IruCa,C7,027AA,永森時計店,,
IruCa,C7,027BC,ことでん瓦町駅,,グッズ販売
IruCa,C7,027C0,ベーカリーショップ,JRホテルクレメント高松,
IruCa,C7,027C5,南珈琲店,,
IruCa,C7,02804,LUPICIA,高松丸亀町店,
IruCa,C7,02812,セブン‐イレブン,高松瓦町駅東口店,
IruCa,C7,02814,セブン‐イレブン,高松瓦町駅東口店,
IruCa,C7,02815,虎や調剤薬局,,
IruCa,C7,02829,小豆島フェリー,,
IruCa,C7,0282C,国際フェリー,,
IruCa,C7,186A2,駿河屋,高松瓦町FLAG店,
IruCa,C7,186AA,セブン‐イレブン,ことでん瓦町駅店,
IruCa,C7,186AD,#北海道レストラン#おたるばんや,,
IruCa,C7,186BF,手芸センタードリーム,瓦町FLAG店,
IruCa,C7,186C3,駿河屋,高松瓦町FLAG店,
IruCa,C7,186C5,アカチャンホンポ,瓦町FLAG店,
IruCa,C7,186C6,アカチャンホンポ,瓦町FLAG店,
IruCa,C7,186C7,アカチャンホンポ,瓦町FLAG店,
IruCa,C7,186C8,アカチャンホンポ,瓦町FLAG店,
IruCa,C7,186C9,アカチャンホンポ,瓦町FLAG店,
IruCa,C7,186D1,駿河屋,高松瓦町FLAG店,
IruCa,C7,186D7,ジュンク堂書店,高松店,
IruCa,C7,186DB,高松市,市民サービスセンター,
IruCa,C7,186DD,麹の手しごと,,
IruCa,C7,186DE,La Lanterna Da Salvatore,,
IruCa,C7,186DF,讃岐めんさ,,
IruCa,C7,186E2,Café de aile,,
IruCa,C7,186E5,スターバックスコーヒー,高松瓦町駅店,
IruCa,C8,0275A,自動販売機,#ことでん#八栗駅,
IruCa,C8,02778,自動販売機,#ことでん#一宮駅,
IruCa,C8,0278E,チャージ機,瓦町FLAG,
IruCa,C8,0278F,チャージ機,瓦町FLAG,
IruCa,C8,02790,チャージ機,香川銀行南新町出張所,
IruCa,C8,02799,チャージ機,高松市役所本庁舎,高松市役所本庁舎1階出入口付近
IruCa,C8,0279A,チャージ機,百十四銀行高松支店,ATMコーナー
IruCa,C8,0279C,チャージ機,百十四銀行兵庫町,ATM
IruCa,C8,027AA,チャージ機,高松空港,1階到着ロビー
IruCa,C8,027AB,チャージ機,香川大学医学部付属病院,1階待合ホール
IruCa,C8,027B0,チャージ機,香川大学幸町キャンパス,大学会館1階
IruCa,C8,027B2,チャージ機,ことでん瓦町ビル1階,
IruCa,C8,027B5,自動販売機,#ことでん#琴電琴平駅,
IruCa,C8,027C6,片原町駅前レンタサイクルポート,,
IruCa,C8,027CA,高松駅前広場地下駐輪場,,
IruCa,C8,027CD,高松市役所レンタサイクルポート,,
IruCa,C8,027D1,瓦町地下自転車駐車場・レンタサイクルポート,,
IruCa,C8,027D2,瓦町地下自転車駐車場・レンタサイクルポート,,
IruCa,C8,027D7,栗林公園駅前駐輪場,,
IruCa,C8,027D9,丸亀町レンタサイクルポート,,
IruCa,C8,027DB,片原町駅前レンタサイクルポート,,
IruCa,C8,027E4,チャージ機,高松駅前バス案内所,
IruCa,C8,027F6,チャージ機,香川県立中央病院,1階ロビー 正面入口前
IruCa,C8,027F7,チャージ機,高松市立みんなの病院,1階正面玄関横、院外処方せんFAXコーナー左側
IruCa,C8,02804,チャージ機,,
IruCa,C8,02810,チャージ機,県営高松桟橋のりば,
IruCa,C8,02827,チャージ機,高松市山田支所,
IruCa,C8,02829,チャージ機,瓦町FLAG,
IruCa,C8,0282A,チャージ機,瓦町FLAG,
IruCa,C8,1A5E0,チャージ機,#ことでん#高松築港駅,改札内
IruCa,C8,1A5E1,チャージ機,綾川町役場,綾川町役場1階会計室横
IruCa,C8,1A5E2,チャージ機,#ことでん#高松築港駅,改札外
IruCa,C8,1A5E3,チャージ機,#ことでん#片原町駅,改札外
IruCa,C8,1A5E4,チャージ機,#ことでん#片原町駅,改札内
IruCa,C8,1A5E5,チャージ機,#ことでん#瓦町駅,2階 改札口(改札外)
IruCa,C8,1A5E6,チャージ機,#ことでん#瓦町駅,2階 改札口(改札外)
IruCa,C8,1A5E7,チャージ機,#ことでん#瓦町駅,2階 改札内 運賃精算所前
IruCa,C8,1A5E8,チャージ機,#ことでん#太田駅,
IruCa,C8,1A5E9,チャージ機,#ことでん#仏生山駅,
IruCa,C8,1A5EB,チャージ機,百十四銀行本店ATMコーナー,
IruCa,C8,1A5EC,チャージ機,セブン‐イレブン高松サンポート店,
IruCa,C8,1A5EE,チャージ機,百十四銀行田町支店ATMコーナー,
Kitaca,C7,0006E,ドトールコーヒーショップ,札幌大通駅店,
Kitaca,C7,00B49,サツドラ,苫小牧ときわ町店,
Kitaca,C7,0280C,茶憩夢,,
Kitaca,C7,02812,レフボン,JR白石店,
Kitaca,C7,02836,北海道サンジェルマン,小樽サンジェルマン,
Kitaca,C7,079D0,セブン‐イレブン,白糠東1条店,
Kitaca,C7,079D1,セブン‐イレブン,白糠東1条店,
Kitaca,C7,30D84,島村楽器,札幌ステラプレイス店,
Kitaca,C7,33D68,北海道物産,,
Kitaca,C7,33D77,雪印パーラー,新千歳空港店,
Kitaca,C7,33D82,北海道きたれん,,
Kitaca,C7,33D98,フライヤーズ,,
Kitaca,C7,33DE8,#函館麺厨房#あじさい,新千歳空港店,
Kitaca,C7,33DEA,#麺処#白樺山荘,新千歳空港店,
Kitaca,C7,33E2F,LeTAO,新千歳空港店,
Kitaca,C7,33E37,はなまるうどん,新千歳空港店,
Kitaca,C7,33ED2,マックスバリュエクスプレス,中の島店,
Kitaca,C7,34323,北海道旅客鉄道,客室乗務員センター,
Kitaca,C7,34324,北海道旅客鉄道,客室乗務員センター,
Kitaca,C7,3432A,北海道旅客鉄道,客室乗務員センター,
Kitaca,C7,34339,北海道旅客鉄道,客室乗務員センター,
Kitaca,C7,34344,北海道旅客鉄道,客室乗務員センター,
Kitaca,C7,3483F,ツルハドラッグ,羽幌店,
Kitaca,C7,34859,ツルハドラッグ,赤平店,
Kitaca,C7,34869,ツルハドラッグ,真駒内南店,
Kitaca,C7,3486A,ツルハドラッグ,平和通店,
Kitaca,C7,3486C,ツルハドラッグ,平和通店,
Kitaca,C7,34892,ツルハドラッグ,北光店,
Kitaca,C7,34903,ツルハドラッグ,沼ノ端北店,
Kitaca,C7,34908,ツルハドラッグ,留萌西店,
Kitaca,C7,34B0C,あさひやまファームZOO,,
Kitaca,C7,34C28,ROYCE',新千歳空港店,
Kitaca,C7,34DCE,雪ミク スカイタウン,,
Kitaca,C7,34DCF,雪ミク スカイタウン,,
Kitaca,C7,34DD2,らーめん空,新千歳空港店,
Kitaca,C7,34EBF,アインズ,あいの里東光店,
Kitaca,C7,34EC1,アインズ,あいの里東光店,
Kitaca,C7,34F70,イオン,旭川駅前店,
Kitaca,C7,3549E,ドトールコーヒーショップ,コーチャンフォー北見店,
Kitaca,C7,35A98,カルディコーヒーファーム,札幌アピア店,
Kitaca,C7,35A9E,カルディコーヒーファーム,札幌アピア店,
Kitaca,C7,35AE1,#中国麺飯店#万豚記,札幌,
Kitaca,C7,35AED,ミスターミニット,札幌アピア,
Kitaca,C7,35AF6,北海道カリー倶楽部おの,,
Kitaca,C7,35D63,花旬庵,札幌ステラプレイス店,
Kitaca,C7,35D67,北老虎,札幌ステラプレイス店,
Kitaca,C7,35DC2,三省堂書店,札幌店,
Kitaca,C7,35DC3,三省堂書店,札幌店,
Kitaca,C7,35DC9,三省堂書店,札幌店,
Kitaca,C7,35DCA,三省堂書店,札幌店,
Kitaca,C7,35DCB,三省堂書店,札幌店,
Kitaca,C7,35DD1,無印良品,札幌ステラプレイス,
Kitaca,C7,361C0,シティマーケット,北見店,
Kitaca,C7,36432,マクドナルド,39号北見店,
Kitaca,C7,364EF,マクドナルド,札幌ヨドバシカメラ店,
Kitaca,C7,36502,マクドナルド,札幌アピア店,
Kitaca,C7,36503,マクドナルド,札幌アピア店,
Kitaca,C7,36601,マクドナルド,札幌南二条店,
Kitaca,C7,36696,マクドナルド,イオン室蘭店,
Kitaca,C7,36697,マクドナルド,イオン室蘭店,
Kitaca,C7,36698,マクドナルド,イオン室蘭店,
Kitaca,C7,367AC,マクドナルド,旭川宮前通店,
Kitaca,C7,36D1A,セブン‐イレブン,滝川滝新通り店,
Kitaca,C7,36D6C,セブン‐イレブン,恵庭駅前店,
Kitaca,C7,36D6D,セブン‐イレブン,恵庭駅前店,
Kitaca,C7,36D7B,セブン‐イレブン,釧路川上町店,
Kitaca,C7,36D7C,セブン‐イレブン,釧路川上町店,
Kitaca,C7,36D96,セブン‐イレブン,仁木北町店,
Kitaca,C7,36DD4,セブン‐イレブン,白糠庶路店,
Kitaca,C7,36DD5,セブン‐イレブン,白糠庶路店,
Kitaca,C7,36DE0,セブン‐イレブン,釧路星が浦大通5丁目店,
Kitaca,C7,36DE1,セブン‐イレブン,釧路星が浦大通5丁目店,
Kitaca,C7,36E2E,セブン‐イレブン,富良野若松店,
Kitaca,C7,36E2F,セブン‐イレブン,富良野若松店,
Kitaca,C7,36E58,セブン‐イレブン,札幌篠路2条店,
Kitaca,C7,36E59,セブン‐イレブン,札幌篠路2条店,
Kitaca,C7,36E75,セブン‐イレブン,上富良野栄町店,
Kitaca,C7,36E76,セブン‐イレブン,上富良野栄町店,
Kitaca,C7,36E99,セブン‐イレブン,渡島森店,
Kitaca,C7,36EBD,セブン‐イレブン,倶知安基町店,
Kitaca,C7,36EBE,セブン‐イレブン,倶知安基町店,
Kitaca,C7,36ECA,セブン‐イレブン,倶知安役場前店,
Kitaca,C7,36EF7,セブン‐イレブン,長万部店,
Kitaca,C7,36EF8,セブン‐イレブン,長万部店,
Kitaca,C7,36F14,セブン‐イレブン,室蘭輪西店,
Kitaca,C7,36F15,セブン‐イレブン,室蘭輪西店,
Kitaca,C7,36F18,セブン‐イレブン,遠軽大通北店,
Kitaca,C7,36F19,セブン‐イレブン,遠軽大通北店,
Kitaca,C7,36F6D,セブン‐イレブン,網走北6条店,
Kitaca,C7,36F6E,セブン‐イレブン,網走北6条店,
Kitaca,C7,36F79,セブン‐イレブン,砂川西1条店,
Kitaca,C7,36F7A,セブン‐イレブン,砂川西1条店,
Kitaca,C7,36F96,セブン‐イレブン,新篠津村店,
Kitaca,C7,36F97,セブン‐イレブン,新篠津村店,
Kitaca,C7,36FAF,セブン‐イレブン,美瑛栄町店,
Kitaca,C7,36FB0,セブン‐イレブン,美瑛栄町店,
Kitaca,C7,36FCB,セブン‐イレブン,釧路堀川町店,
Kitaca,C7,36FCC,セブン‐イレブン,釧路堀川町店,
Kitaca,C7,36FED,セブン‐イレブン,旭川緑町店,
Kitaca,C7,36FF4,セブン‐イレブン,砂川東1条店,
Kitaca,C7,36FF5,セブン‐イレブン,砂川東1条店,
Kitaca,C7,37032,セブン‐イレブン,函館競馬場前店,
Kitaca,C7,37033,セブン‐イレブン,函館競馬場前店,
Kitaca,C7,3707E,セブン‐イレブン,岩見沢中央通り店,
Kitaca,C7,3707F,セブン‐イレブン,岩見沢中央通り店,
Kitaca,C7,3708E,セブン‐イレブン,和寒町店,
Kitaca,C7,3708F,セブン‐イレブン,和寒町店,
Kitaca,C7,370E5,セブン‐イレブン,函館五稜郭病院前店,
Kitaca,C7,370E6,セブン‐イレブン,函館五稜郭病院前店,
Kitaca,C7,371AA,セブン‐イレブン,石狩新港南店,
Kitaca,C7,371AB,セブン‐イレブン,石狩新港南店,
Kitaca,C7,371C0,セブン‐イレブン,旭川3条7丁目店,
Kitaca,C7,371C1,セブン‐イレブン,旭川3条7丁目店,
Kitaca,C7,371C2,セブン‐イレブン,旭川3条7丁目店,
Kitaca,C7,371D0,セブン‐イレブン,釧路海運3丁目店,
Kitaca,C7,371D1,セブン‐イレブン,釧路海運3丁目店,
Kitaca,C7,371D9,セブン‐イレブン,士別東6条店,
Kitaca,C7,371DA,セブン‐イレブン,士別東6条店,
Kitaca,C7,371ED,セブン‐イレブン,岩見沢7条店,
Kitaca,C7,371EE,セブン‐イレブン,岩見沢7条店,
Kitaca,C7,3720F,セブン‐イレブン,白老本町店,
Kitaca,C7,37210,セブン‐イレブン,白老本町店,
Kitaca,C7,3721B,セブン‐イレブン,旭川5条19丁目店,
Kitaca,C7,3721C,セブン‐イレブン,旭川5条19丁目店,
Kitaca,C7,37233,セブン‐イレブン,苫小牧臨海北通店,
Kitaca,C7,37234,セブン‐イレブン,苫小牧臨海北通店,
Kitaca,C7,37237,セブン‐イレブン,北広島駅前店,
Kitaca,C7,37238,セブン‐イレブン,北広島駅前店,
Kitaca,C7,3723B,セブン‐イレブン,帯広西8条春駒通店,
Kitaca,C7,3723C,セブン‐イレブン,帯広西8条春駒通店,
Kitaca,C7,37260,セブン‐イレブン,帯広西3条店,
Kitaca,C7,37261,セブン‐イレブン,帯広西3条店,
Kitaca,C7,372CE,セブン‐イレブン,苫小牧啓北2丁目店,
Kitaca,C7,372CF,セブン‐イレブン,苫小牧啓北2丁目店,
Kitaca,C7,37318,セブン‐イレブン,帯広西1条店,
Kitaca,C7,37319,セブン‐イレブン,帯広西1条店,
Kitaca,C7,37320,セブン‐イレブン,美唄西3条店,
Kitaca,C7,37354,セブン‐イレブン,函館田家町店,
Kitaca,C7,37355,セブン‐イレブン,函館田家町店,
Kitaca,C7,37365,セブン‐イレブン,旭川永山6条店,
Kitaca,C7,37366,セブン‐イレブン,旭川永山6条店,
Kitaca,C7,37395,セブン‐イレブン,札幌宮の森4条店,
Kitaca,C7,373A9,セブン‐イレブン,八雲落部店,
Kitaca,C7,3741A,セブン‐イレブン,函館見晴公園通店,
Kitaca,C7,37448,セブン‐イレブン,岩見沢1条店,
Kitaca,C7,37465,セブン‐イレブン,北斗飯生店,
Kitaca,C7,37466,セブン‐イレブン,北斗飯生店,
Kitaca,C7,3747A,セブン‐イレブン,美唄大通北店,
Kitaca,C7,37487,セブン‐イレブン,女満別店,
Kitaca,C7,37488,セブン‐イレブン,女満別店,
Kitaca,C7,3748E,セブン‐イレブン,函館湯の川温泉店,
Kitaca,C7,3748F,セブン‐イレブン,函館湯の川温泉店,
Kitaca,C7,374CA,セブン‐イレブン,上川風連店,
Kitaca,C7,374CB,セブン‐イレブン,上川風連店,
Kitaca,C7,374DF,セブン‐イレブン,札幌啓明店,
Kitaca,C7,374F0,セブン‐イレブン,小樽蘭島店,
Kitaca,C7,37512,セブン‐イレブン,富良野協会病院前店,
Kitaca,C7,37513,セブン‐イレブン,富良野協会病院前店,
Kitaca,C7,37534,セブン‐イレブン,函館本町店,
Kitaca,C7,37535,セブン‐イレブン,函館本町店,
Kitaca,C7,3753E,セブン‐イレブン,札幌南高校前店,
Kitaca,C7,3753F,セブン‐イレブン,札幌南高校前店,
Kitaca,C7,37541,セブン‐イレブン,砂川豊沼店,
Kitaca,C7,37576,セブン‐イレブン,網走南2条店,
Kitaca,C7,37577,セブン‐イレブン,網走南2条店,
Kitaca,C7,3758B,セブン‐イレブン,長万部大浜店,
Kitaca,C7,375A2,セブン‐イレブン,渡島森本町店,
Kitaca,C7,375CC,セブン‐イレブン,旭川買物公園店,
Kitaca,C7,375E6,セブン‐イレブン,岩見沢志文店,
Kitaca,C7,37618,セブン‐イレブン,札幌北1西4店,
Kitaca,C7,37621,セブン‐イレブン,厚岸尾幌店,
Kitaca,C7,37622,セブン‐イレブン,厚岸尾幌店,
Kitaca,C7,3765F,セブン‐イレブン,中富良野町店,
Kitaca,C7,37660,セブン‐イレブン,中富良野町店,
Kitaca,C7,37670,セブン‐イレブン,函館桐花通店,
Kitaca,C7,37671,セブン‐イレブン,函館桐花通店,
Kitaca,C7,37678,セブン‐イレブン,当別太美店,
Kitaca,C7,3767D,セブン‐イレブン,苫小牧川沿町6丁目店,
Kitaca,C7,3767E,セブン‐イレブン,苫小牧川沿町6丁目店,
Kitaca,C7,37696,セブン‐イレブン,上芦別店,
Kitaca,C7,376C5,セブン‐イレブン,白老萩野西店,
Kitaca,C7,376C6,セブン‐イレブン,白老萩野西店,
Kitaca,C7,376D2,セブン‐イレブン,旭川近文店,
Kitaca,C7,376EF,セブン‐イレブン,北海道ST桑園店,
Kitaca,C7,376F0,セブン‐イレブン,北海道ST桑園店,
Kitaca,C7,376F6,セブン‐イレブン,北海道ST南小樽店,
Kitaca,C7,376F7,セブン‐イレブン,北海道ST南小樽店,
Kitaca,C7,376FE,セブン‐イレブン,北海道ST新琴似店,
Kitaca,C7,376FF,セブン‐イレブン,北海道ST新琴似店,
Kitaca,C7,37713,セブン‐イレブン,札幌狸小路3丁目店,
Kitaca,C7,37714,セブン‐イレブン,札幌狸小路3丁目店,
Kitaca,C7,37718,セブン‐イレブン,千歳錦町店,
Kitaca,C7,37719,セブン‐イレブン,千歳錦町店,
Kitaca,C7,3772B,セブン‐イレブン,釧路寿町店,
Kitaca,C7,3772C,セブン‐イレブン,釧路寿町店,
Kitaca,C7,3773E,セブン‐イレブン,札幌川沿5条3丁目店,
Kitaca,C7,3773F,セブン‐イレブン,札幌川沿5条3丁目店,
Kitaca,C7,37753,セブン‐イレブン,清里羽衣店,
Kitaca,C7,37782,セブン‐イレブン,旭川9条通店,
Kitaca,C7,37783,セブン‐イレブン,旭川9条通店,
Kitaca,C7,37792,セブン‐イレブン,小樽船見坂下店,
Kitaca,C7,37793,セブン‐イレブン,小樽船見坂下店,
Kitaca,C7,377C3,セブン‐イレブン,浦幌町店,
Kitaca,C7,377C4,セブン‐イレブン,浦幌町店,
Kitaca,C7,377E7,セブン‐イレブン,函館若松町店,
Kitaca,C7,377E8,セブン‐イレブン,函館若松町店,
Kitaca,C7,37804,セブン‐イレブン,滝川栄町1丁目店,
Kitaca,C7,37805,セブン‐イレブン,滝川栄町1丁目店,
Kitaca,C7,3781C,セブン‐イレブン,北見東10号線店,
Kitaca,C7,3781D,セブン‐イレブン,北見東10号線店,
Kitaca,C7,3784F,セブン‐イレブン,函館ベイエリア店,
Kitaca,C7,3785A,セブン‐イレブン,釧路双葉町店,
Kitaca,C7,3785B,セブン‐イレブン,釧路双葉町店,
Kitaca,C7,3787B,セブン‐イレブン,札幌北13条東駅前店,
Kitaca,C7,3787C,セブン‐イレブン,札幌北13条東駅前店,
Kitaca,C7,3788A,セブン‐イレブン,札幌南4条西1店,
Kitaca,C7,3788B,セブン‐イレブン,札幌南4条西1店,
Kitaca,C7,3788C,セブン‐イレブン,札幌南4条西1店,
Kitaca,C7,37891,セブン‐イレブン,室蘭中島町2丁目東店,
Kitaca,C7,378F3,セブン‐イレブン,釧路浪花町店,
Kitaca,C7,378F4,セブン‐イレブン,釧路浪花町店,
Kitaca,C7,3790C,セブン‐イレブン,苫小牧沼ノ端東店,
Kitaca,C7,3790D,セブン‐イレブン,苫小牧沼ノ端東店,
Kitaca,C7,3791D,セブン‐イレブン,札幌北5条店,
Kitaca,C7,3791E,セブン‐イレブン,札幌北5条店,
Kitaca,C7,37922,セブン‐イレブン,苫小牧栄町3丁目店,
Kitaca,C7,37952,セブン‐イレブン,奈井江町店,
Kitaca,C7,37953,セブン‐イレブン,奈井江町店,
Kitaca,C7,3795C,セブン‐イレブン,函館弁天町店,
Kitaca,C7,3795D,セブン‐イレブン,函館弁天町店,
Kitaca,C7,37961,セブン‐イレブン,札幌北7条西12丁目店,
Kitaca,C7,379A3,セブン‐イレブン,赤平文京町店,
Kitaca,C7,379A8,セブン‐イレブン,美唄旭通り店,
Kitaca,C7,379A9,セブン‐イレブン,美唄旭通り店,
Kitaca,C7,379B7,セブン‐イレブン,苫小牧宮前町店,
Kitaca,C7,379B8,セブン‐イレブン,苫小牧宮前町店,
Kitaca,C7,379F2,セブン‐イレブン,恵庭恵み野里美店,
Kitaca,C7,379F3,セブン‐イレブン,恵庭恵み野里美店,
Kitaca,C7,37A30,セブン‐イレブン,標茶駅前店,
Kitaca,C7,37A31,セブン‐イレブン,標茶駅前店,
Kitaca,C7,37A49,セブン‐イレブン,千歳千代田店,
Kitaca,C7,37A4A,セブン‐イレブン,千歳千代田店,
Kitaca,C7,37AA8,セブン‐イレブン,苫小牧沼ノ端店,
Kitaca,C7,37AA9,セブン‐イレブン,苫小牧沼ノ端店,
Kitaca,C7,37AB2,セブン‐イレブン,釧路貝塚通店,
Kitaca,C7,37AB3,セブン‐イレブン,釧路貝塚通店,
Kitaca,C7,37AB6,セブン‐イレブン,旭川北彩都店,
Kitaca,C7,37AB7,セブン‐イレブン,旭川北彩都店,
Kitaca,C7,37ABC,セブン‐イレブン,札幌北42条東18丁目店,
Kitaca,C7,37B0D,セブン‐イレブン,釧路北大通店,
Kitaca,C7,37B0E,セブン‐イレブン,釧路北大通店,
Kitaca,C7,37B37,セブン‐イレブン,弟子屈中央店,
Kitaca,C7,37B4F,セブン‐イレブン,北海道ST大通店,
Kitaca,C7,37B51,セブン‐イレブン,北海道ST大通店,
Kitaca,C7,37B52,セブン‐イレブン,北海道ST大通店,
Kitaca,C7,37B65,セブン‐イレブン,函館宇賀浦町店,
Kitaca,C7,37B66,セブン‐イレブン,函館宇賀浦町店,
Kitaca,C7,37B68,セブン‐イレブン,札幌大通東4丁目店,
Kitaca,C7,37B69,セブン‐イレブン,札幌大通東4丁目店,
Kitaca,C7,37B72,セブン‐イレブン,南富良野店,
Kitaca,C7,37B73,セブン‐イレブン,南富良野店,
Kitaca,C7,37B80,セブン‐イレブン,函館十字街店,
Kitaca,C7,37B81,セブン‐イレブン,函館十字街店,
Kitaca,C7,37B87,セブン‐イレブン,岩見沢幌向店,
Kitaca,C7,37B88,セブン‐イレブン,岩見沢幌向店,
Kitaca,C7,37B96,セブン‐イレブン,深川4条店,
Kitaca,C7,37BA0,セブン‐イレブン,札幌南14条西15丁目店,
Kitaca,C7,37BA1,セブン‐イレブン,札幌南14条西15丁目店,
Kitaca,C7,37BA4,セブン‐イレブン,札幌北11条東3丁目店,
Kitaca,C7,37BA5,セブン‐イレブン,札幌北11条東3丁目店,
Kitaca,C7,37BB9,セブン‐イレブン,釧路城山1丁目店,
Kitaca,C7,37BBA,セブン‐イレブン,釧路城山1丁目店,
Kitaca,C7,37BC6,セブン‐イレブン,北海道ST旭川店,
Kitaca,C7,37BC7,セブン‐イレブン,北海道ST旭川店,
Kitaca,C7,37BC8,セブン‐イレブン,北海道ST旭川店,
Kitaca,C7,37BD4,セブン‐イレブン,白老大町店,
Kitaca,C7,37BD5,セブン‐イレブン,白老大町店,
Kitaca,C7,37BE4,セブン‐イレブン,上川当麻店,
Kitaca,C7,37C00,セブン‐イレブン,北海道ST函館店,
Kitaca,C7,37C01,セブン‐イレブン,北海道ST函館店,
Kitaca,C7,37C02,セブン‐イレブン,北海道ST函館店,
Kitaca,C7,37C03,セブン‐イレブン,北海道ST函館店,
Kitaca,C7,37C16,セブン‐イレブン,旭川永山21丁目店,
Kitaca,C7,37C17,セブン‐イレブン,旭川永山21丁目店,
Kitaca,C7,37C38,セブン‐イレブン,富良野山部店,
Kitaca,C7,37C39,セブン‐イレブン,富良野山部店,
Kitaca,C7,37C3D,セブン‐イレブン,苫小牧白鳥アリーナ前店,
Kitaca,C7,37C6A,セブン‐イレブン,函館開港通店,
Kitaca,C7,37C78,セブン‐イレブン,北海道ST地下鉄新さっぽろ店,
Kitaca,C7,37C79,セブン‐イレブン,北海道ST地下鉄新さっぽろ店,
Kitaca,C7,37CA0,セブン‐イレブン,倶知安南4条店,
Kitaca,C7,37CD2,セブン‐イレブン,函館大川町店,
Kitaca,C7,37CD3,セブン‐イレブン,函館大川町店,
Kitaca,C7,37CDC,セブン‐イレブン,恵庭泉町店,
Kitaca,C7,37CDD,セブン‐イレブン,恵庭泉町店,
Kitaca,C7,37CE1,セブン‐イレブン,美深西1条店,
Kitaca,C7,37CF9,セブン‐イレブン,空知由仁店,
Kitaca,C7,37CFA,セブン‐イレブン,空知由仁店,
Kitaca,C7,37D2C,セブン‐イレブン,札幌北34条東13丁目店,
Kitaca,C7,37D2D,セブン‐イレブン,札幌北34条東13丁目店,
Kitaca,C7,37D37,セブン‐イレブン,旭川東6条店,
Kitaca,C7,37D3F,セブン‐イレブン,女満別空港店,
Kitaca,C7,37D40,セブン‐イレブン,女満別空港店,
Kitaca,C7,37D46,セブン‐イレブン,苫小牧花園町3丁目店,
Kitaca,C7,37D73,セブン‐イレブン,北海道ST札幌ステラプレイス店,
Kitaca,C7,37D74,セブン‐イレブン,北海道ST札幌ステラプレイス店,
Kitaca,C7,37D75,セブン‐イレブン,北海道ST札幌ステラプレイス店,
Kitaca,C7,37D76,セブン‐イレブン,北海道ST札幌ステラプレイス店,
Kitaca,C7,37DD1,セブン‐イレブン,函館湯川町店,
Kitaca,C7,37DDE,セブン‐イレブン,北海道四季彩館東室蘭店,
Kitaca,C7,37DDF,セブン‐イレブン,北海道四季彩館東室蘭店,
Kitaca,C7,37DE8,セブン‐イレブン,千歳末広店,
Kitaca,C7,37DE9,セブン‐イレブン,千歳末広店,
Kitaca,C7,37E59,セブン‐イレブン,根室厚床店,
Kitaca,C7,37E5A,セブン‐イレブン,根室厚床店,
Kitaca,C7,37E6E,セブン‐イレブン,安平早来店,
Kitaca,C7,37EFA,ショコラティエマサール,新千歳空港ゲートラウンジ店,
Kitaca,C7,37F35,セブン‐イレブン,北海道STJR白石店,
Kitaca,C7,37F36,セブン‐イレブン,北海道STJR白石店,
Kitaca,C7,37F74,セブン‐イレブン,北海道STJR琴似店,
Kitaca,C7,37F75,セブン‐イレブン,北海道STJR琴似店,
Kitaca,C7,37FD5,セブン‐イレブン,伊達黄金店,
Kitaca,C7,37FFE,セブン‐イレブン,白老虎杖浜温泉店,
Kitaca,C7,37FFF,セブン‐イレブン,白老虎杖浜温泉店,
Kitaca,C7,3802D,セブン‐イレブン,留萌開運町店,
Kitaca,C7,38085,セブン‐イレブン,北海道ST桑園東店,
Kitaca,C7,3818B,セブン‐イレブン,札幌北10条東店,
Kitaca,C7,3818C,セブン‐イレブン,札幌北10条東店,
Kitaca,C7,381B8,セブン‐イレブン,函館五稜郭公園前店,
Kitaca,C7,381B9,セブン‐イレブン,函館五稜郭公園前店,
Kitaca,C7,38294,セブン‐イレブン,帯広新緑通店,
Kitaca,C7,38295,セブン‐イレブン,帯広新緑通店,
Kitaca,C7,382E0,セブン‐イレブン,北海道ST岩見沢店,
Kitaca,C7,382E1,セブン‐イレブン,北海道ST岩見沢店,
Kitaca,C7,3831E,セブン‐イレブン,釧路緑ケ岡店,
Kitaca,C7,3831F,セブン‐イレブン,釧路緑ケ岡店,
Kitaca,C7,3838E,吉野家,環状通東店,
Kitaca,C7,38393,吉野家,千歳店,
Kitaca,C7,383FA,セブン‐イレブン,北見西5号線店,
Kitaca,C7,383FB,セブン‐イレブン,北見西5号線店,
Kitaca,C7,383FC,セブン‐イレブン,北見西5号線店,
Kitaca,C7,38603,セブン‐イレブン,北海道ST苗穂店,
Kitaca,C7,38604,セブン‐イレブン,北海道ST苗穂店,
Kitaca,C7,38641,セブン‐イレブン,室蘭母恋北町店,
Kitaca,C7,38A8C,セブン‐イレブン,北見大通東3丁目店,
Kitaca,C7,38A90,セブン‐イレブン,帯広大通南13丁目店,
Kitaca,C7,38A91,セブン‐イレブン,帯広大通南13丁目店,
Kitaca,C7,38B6C,セブン‐イレブン,北海道ST苫小牧店,
Kitaca,C7,38B6D,セブン‐イレブン,北海道ST苫小牧店,
Kitaca,C7,38BE1,セブン‐イレブン,旭川空港店,
Kitaca,C7,38BE2,セブン‐イレブン,旭川空港店,
Kitaca,C7,38BE3,セブン‐イレブン,旭川空港店,
Kitaca,C7,38CA2,Pasco,北海道プレミアム,
Kitaca,C7,38CA6,Pasco,北海道プレミアム,
Kitaca,C7,38CC9,#ミルク&パフェ#よつ葉 ホワイトコージ,新千歳空港店,
Kitaca,C7,38CFA,花畑牧場,新千歳空港店,
Kitaca,C7,38CFB,東亜珈琲館,新千歳空港店,
Kitaca,C7,38D02,JAL PLAZA,新千歳空港 中央ゲートショップ,
Kitaca,C7,38D03,JAL PLAZA,新千歳空港 中央ゲートショップ,
Kitaca,C7,38D07,JAL PLAZA,新千歳空港 出発ロビー店,
Kitaca,C7,38D0B,#空弁道場#装苑,,
Kitaca,C7,38D0E,JAL PLAZA,新千歳空港 中央ゲートショップ,
Kitaca,C7,38D11,#実演空弁 北の味覚#すず花,ロビー店,
Kitaca,C7,38D16,JAL PLAZA,新千歳空港 14番ゲートショップ,
Kitaca,C7,38D19,雪印パーラー,ゲートラウンジ店,
Kitaca,C7,38D1A,元祖ちとせラーメン,,
Kitaca,C7,38D1B,北海道くらし百貨店,新千歳空港店,
Kitaca,C7,38D1D,CAFE GREEN Tokachi,,
Kitaca,C7,38D20,JAL PLAZA,新千歳空港 14番ゲートショップ,
Kitaca,C7,38D43,松尾ジンギスカン,新千歳空港フードコート店,
Kitaca,C7,38D53,モスバーガー,新千歳空港店,
Kitaca,C7,38D54,モスバーガー,新千歳空港店,
Kitaca,C7,38D62,#ドライブインいとう#豚丼名人,グルメワールド店,
Kitaca,C7,38D65,#かまど炭火焼の店#竈円山,新千歳空港店,
Kitaca,C7,38D67,天丼てんや,新千歳空港店,
Kitaca,C7,38D68,北のおにぎり工房 かな,,
Kitaca,C7,38D74,Milk Stand 北海道興農社,,
Kitaca,C7,38D75,Green Pockets,,
Kitaca,C7,38F65,ファミリーマート,白老竹浦店,
Kitaca,C7,38F66,ファミリーマート,白老竹浦店,
Kitaca,C7,38F7A,ファミリーマート,函館本町店,
Kitaca,C7,38F7B,ファミリーマート,函館本町店,
Kitaca,C7,38F86,ファミリーマート,五稜郭公園電停前店,
Kitaca,C7,38F87,ファミリーマート,五稜郭公園電停前店,
Kitaca,C7,38F8B,ファミリーマート,函館東雲店,
Kitaca,C7,38F8C,ファミリーマート,函館東雲店,
Kitaca,C7,38FDA,ファミリーマート,札幌北36条東20丁目店,
Kitaca,C7,38FDB,ファミリーマート,札幌北36条東20丁目店,
Kitaca,C7,38FEC,ファミリーマート,白老社台店,
Kitaca,C7,38FED,ファミリーマート,白老社台店,
Kitaca,C7,39048,ファミリーマート,札幌ドーム前店,
Kitaca,C7,39049,ファミリーマート,札幌ドーム前店,
Kitaca,C7,3904A,ファミリーマート,札幌ドーム前店,
Kitaca,C7,39065,ファミリーマート,キラリス函館店,
Kitaca,C7,39066,ファミリーマート,キラリス函館店,
Kitaca,C7,39067,ファミリーマート,キラリス函館店,
Kitaca,C7,3906C,ファミリーマート,NTT東日本札幌病院店,
Kitaca,C7,39078,ファミリーマート,札幌ロープウェイ入口店,
Kitaca,C7,39079,ファミリーマート,札幌ロープウェイ入口店,
Kitaca,C7,39086,ファミリーマート,札幌麻生4丁目店,
Kitaca,C7,39087,ファミリーマート,札幌麻生4丁目店,
Kitaca,C7,3914E,セブン‐イレブン,名寄徳田店,
Kitaca,C7,3914F,セブン‐イレブン,名寄徳田店,
Kitaca,C7,3922F,セブン‐イレブン,北海道四季彩館釧路店,
Kitaca,C7,39230,セブン‐イレブン,北海道四季彩館釧路店,
Kitaca,C7,39231,北海道四季彩館#by Kiosk,釧路店,
Kitaca,C7,39232,北海道四季彩館#by Kiosk,釧路店,
Kitaca,C7,39246,ファミリーマート,札幌国際ビル店,
Kitaca,C7,39297,ファミリーマート,札幌川沿4条店,
Kitaca,C7,39298,ファミリーマート,札幌川沿4条店,
Kitaca,C7,3929E,セブン‐イレブン,登別市役所前店,
Kitaca,C7,3929F,セブン‐イレブン,登別市役所前店,
Kitaca,C7,392B0,セブン‐イレブン,苫小牧明徳店,
Kitaca,C7,392B1,セブン‐イレブン,苫小牧明徳店,
Kitaca,C7,392BD,マクドナルド,湯川生協店,
Kitaca,C7,3939D,ファミリーマート,北斗久根別店,
Kitaca,C7,3939E,ファミリーマート,北斗久根別店,
Kitaca,C7,39404,マクドナルド,函館松風店,
Kitaca,C7,39405,マクドナルド,函館松風店,
Kitaca,C7,39406,マクドナルド,函館松風店,
Kitaca,C7,39439,セブン‐イレブン,芦別中央店,
Kitaca,C7,39472,セブン‐イレブン,北海道ST手稲店,
Kitaca,C7,39491,セブン‐イレブン,室蘭本輪西店,
Kitaca,C7,39493,セブン‐イレブン,函館宮前町店,
Kitaca,C7,39494,セブン‐イレブン,函館宮前町店,
Kitaca,C7,395A8,セブン‐イレブン,留萌合同庁舎前店,
Kitaca,C7,395E5,セブン‐イレブン,北海道ST小樽店,
Kitaca,C7,395E6,セブン‐イレブン,北海道ST小樽店,
Kitaca,C7,395E7,セブン‐イレブン,北海道ST小樽店,
Kitaca,C7,396CC,セブン‐イレブン,旭川5条7丁目店,
Kitaca,C7,396CD,セブン‐イレブン,旭川5条7丁目店,
Kitaca,C7,3971E,セブン‐イレブン,北海道ST恵庭店,
Kitaca,C7,3971F,セブン‐イレブン,北海道ST恵庭店,
Kitaca,C7,39737,セブン‐イレブン,北海道四季彩館帯広店,
Kitaca,C7,39738,セブン‐イレブン,北海道四季彩館帯広店,
Kitaca,C7,39739,セブン‐イレブン,北海道四季彩館帯広店,
Kitaca,C7,3973A,セブン‐イレブン,北海道四季彩館帯広店,
Kitaca,C7,3973B,セブン‐イレブン,北海道四季彩館北広島店,
Kitaca,C7,3973C,セブン‐イレブン,北海道四季彩館北広島店,
Kitaca,C7,3973D,セブン‐イレブン,北海道四季彩館北広島店,
Kitaca,C7,39766,セブン‐イレブン,滝川江部乙店,
Kitaca,C7,3978D,ファミリーマート,千歳末広2丁目店,
Kitaca,C7,3978E,ファミリーマート,千歳末広2丁目店,
Kitaca,C7,39A9B,セブン‐イレブン,地下鉄栄町駅前店,
Kitaca,C7,39DD4,ファミリーマート,地下鉄新道東駅前店,
Kitaca,C7,39DD5,ファミリーマート,地下鉄新道東駅前店,
Kitaca,C7,39EFE,セブン‐イレブン,ホテルエミオン札幌店,
Kitaca,C7,39EFF,セブン‐イレブン,ホテルエミオン札幌店,
Kitaca,C7,39FD3,カルディコーヒーファーム,札幌アピア店,
Kitaca,C7,39FDC,わくわく広場,札幌アピア店,
Kitaca,C7,39FDE,わくわく広場,札幌アピア店,
Kitaca,C7,39FEA,#酔食居酒屋#山の猿,札幌アピア店,
Kitaca,C7,39FFE,ろばた・焼鳥&串カツ たま,アピア店,
Kitaca,C7,39FFF,カフェクロワッサン,札幌アピア店,
Kitaca,C7,3A062,#ミルク&パフェ#よつ葉 ホワイトコージ,札幌ステラプレイス店,
Kitaca,C7,3A6CA,ファミリーマート,札幌麻生町5丁目店,
Kitaca,C7,3A6CB,ファミリーマート,札幌麻生町5丁目店,
Kitaca,C7,AAFEB,ホテルルートイン,札幌駅前北口,
Kitaca,C7,AAFEC,ホテルルートイン,釧路駅前,
Kitaca,C7,AAFEF,ホテルルートイン,千歳駅前,
Kitaca,C7,AAFF2,ホテルルートイン,網走駅前,
Kitaca,C7,AAFF3,ホテルルートイン,札幌中央,
Kitaca,C7,AB32E,快活CLUB,札幌狸小路店,
Kitaca,C7,AB45B,ブックオフ,札幌麻生駅前店,
Kitaca,C7,AB475,ブックオフ,札幌琴似店,
Kitaca,C7,AB476,ブックオフ,札幌琴似店,
Kitaca,C7,AB5A8,北海道新発見ファクトリー,,
Kitaca,C7,AB8BD,カレーハウスCoCo壱番屋,北見国道39号店,
Kitaca,C7,AB8FB,カレーハウスCoCo壱番屋,北海道大学前店,
Kitaca,C7,AB8FD,カレーハウスCoCo壱番屋,中央区すすきの店,
Kitaca,C7,AB921,#BENTO CAFE#41°GARDEN,,
Kitaca,C7,AB970,#ハンバーグレストラン#びっくりドンキー,琴似店,
Kitaca,C7,AC153,ホテルルートインGrand,北見駅前,
Kitaca,C7,AC457,モスバーガー,北見店,
Kitaca,C7,AC45C,モスバーガー,帯広駅前店,
Kitaca,C7,AC489,モスバーガー,旭川永山環状通り店,
Kitaca,C7,AC576,#博物館#網走監獄,,
Kitaca,C7,AC98B,#らーめんや#天金,4条店,
Kitaca,C7,ACB22,道の駅石狩「あいろーど厚田」,,
Kitaca,C7,ACB99,#手作りパンのお店#カゼール,,
Kitaca,C7,ACD82,ホテルルートインGrand,室蘭,
Kitaca,C7,AD086,エルラプラザ,,
Kitaca,C7,AD6DF,サンホテル鳥栖,,
Kitaca,C7,AD75F,ミスタードーナツ,##旭川2条#ショップ,
Kitaca,C7,AD769,ミスタードーナツ,##東室蘭#ショップ,
Kitaca,C7,AD770,ミスタードーナツ,##東室蘭#ショップ,
Kitaca,C7,AD783,ミスタードーナツ,##苫小牧バイパスショップ,
Kitaca,C7,AD784,ミスタードーナツ,##苫小牧バイパスショップ,
Kitaca,C7,ADAB4,どんぐり,アリオ札幌店,
Kitaca,C7,ADAB5,どんぐり,アリオ札幌店,
Kitaca,C7,ADAB6,どんぐり,アリオ札幌店,
Kitaca,C7,ADAB7,どんぐり,アリオ札幌店,
Kitaca,C7,AECBA,ツルハドラッグ,岩見沢駅前店,
Kitaca,C7,AED91,ほっともっと,留萌店,
Kitaca,C7,AED92,ほっともっと,留萌店,
Kitaca,C7,AEE09,ツルハドラッグ,沼の端店,
Kitaca,C7,AEE0A,ツルハドラッグ,沼の端店,
Kitaca,C7,AEE0B,ツルハドラッグ,沼の端店,
Kitaca,C7,AEE41,ツルハドラッグ,留萌店,
Kitaca,C7,AEE69,ツルハドラッグ,苫小牧明徳店,
Kitaca,C7,AEE6A,ツルハドラッグ,苫小牧明徳店,
Kitaca,C7,AEF0E,ツルハドラッグ,木古内店,
Kitaca,C7,AF00B,美唄駅前ホテル BIJIKO,,
Kitaca,C7,AF137,ツルハドラッグ,恵み野里美店,
Kitaca,C7,AF138,ツルハドラッグ,恵み野里美店,
Kitaca,C7,AF139,ツルハドラッグ,恵み野里美店,
Kitaca,C7,AF1B3,ほっともっと,室蘭駅前店,
Kitaca,C7,AFD7B,どんぐり,新さっぽろ店,
Kitaca,C7,AFD7C,どんぐり,新さっぽろ店,
Kitaca,C7,AFD7D,どんぐり,新さっぽろ店,
Kitaca,C7,AFD7E,どんぐり,新さっぽろ店,
Kitaca,C7,B0005,国立アイヌ民族博物館ミュージアムショップ,,
Kitaca,C7,B053A,#中華料理#八珍玉,,
Kitaca,C7,B05CB,ツルハドラッグ,旭川中央店,
Kitaca,C7,B05CC,ツルハドラッグ,旭川中央店,
Kitaca,C7,B05CD,ツルハドラッグ,旭川中央店,
Kitaca,C7,B0827,ホテルルートイン,札幌北四条,
Kitaca,C7,B082F,ルートイン グランティア,函館駅前,
Kitaca,C7,B0832,ホテルルートイン,苫小牧駅前,
Kitaca,C7,B0833,ホテルルートイン,東室蘭駅前,
Kitaca,C7,B0BC0,豚丼のはなとかち,,
Kitaca,C7,B1E10,ホテルルートイン,帯広駅前,
Kitaca,C7,B1E11,ホテルルートイン,帯広駅前,
Kitaca,C7,B1E13,ルートイン グランティア,函館五稜郭,
Kitaca,C7,B1E14,ホテルルートイン,旭川駅前一条通,
Kitaca,C7,B1E15,ホテルルートイン,旭川駅前一条通,
Kitaca,C7,B1E16,ホテルルートインGrand,旭川駅前,
Kitaca,C7,B1E17,ホテルルートイン,苫小牧駅前,
Kitaca,C7,B1E19,ホテルルートイン,北見大通西,
Kitaca,C7,B1E1A,ホテルルートイン,北見大通西,
Kitaca,C7,B27C5,日本郵便,札幌芸術の森郵便局,
Kitaca,C7,B2A52,ピザーラエクスプレス,エスコンフィールド店,
Kitaca,C7,B2A56,仙臺たんや利久,エスコンフィールド,
Kitaca,C7,B2A73,リトルジュースバー,エスコンフィールドHOKKAIDO店,
Kitaca,C7,B2A7B,大連餃子基地 DALIAN,エスコンフィールドHOKKAIDO店,
Kitaca,C7,B2A7E,焼き貝あこや,北海道エスコンフィールド,
Kitaca,C7,B2A95,Full Swing,,
Kitaca,C7,B2A9C,祐一郎商店,エスコンフィールドHOKKAIDO店,
Kitaca,C7,B2AA4,Meatful,,
Kitaca,C7,B2AA7,HOTDOG FUN,,
Kitaca,C7,B2AB5,カレーパン 信,,
Kitaca,C7,B2AD2,ミスタードーナツ,##エスコンフィールドHOKKAIDO#ショップ,
Kitaca,C7,B2B7B,北海道ボールパーク,,
Kitaca,C7,B2B81,北海道ボールパーク,,
Kitaca,C7,B2CE5,ほっともっと,苫小牧沼ノ端店,
Kitaca,C7,B2CE6,ほっともっと,苫小牧沼ノ端店,
Kitaca,C7,B311E,いけだワイン城,売店,
Kitaca,C7,B311F,いけだワイン城,売店,
Kitaca,C7,B3120,いけだワイン城,売店,
Kitaca,C7,B3498,レストラン・ハートフィールド,,
Kitaca,C7,B4558,コーチャンフォー,新川通り店,
Kitaca,C7,B4569,コーチャンフォー,新川通り店,
Kitaca,C7,B4864,カレーショップ インデアン,エスタ帯広店,
Kitaca,C7,B4AEC,道の駅みそぎの郷 きこない,,
Kitaca,C7,B59E0,柳月,新さっぽろサンピアザ店,
Kitaca,C7,B5FFF,ルートイン グランティア,函館五稜郭,
Kitaca,C7,C3753,ザ・ビッグ エクスプレス,白石中央店,
Kitaca,C7,C37FF,レモネードbyレモニカ,イオンモール旭川駅前店,
Kitaca,C7,C3810,築地銀だこ,イオンモール旭川駅前店,
Kitaca,C7,C381F,デリフランス,旭川店,
Kitaca,C7,C3822,ダイソー,イオンモール旭川駅前店,
Kitaca,C7,C3862,スターバックスコーヒー,イオンモール旭川駅前店,
Kitaca,C7,C3867,モスバーガー,イオンモール旭川駅前店,
Kitaca,C7,C3868,モスバーガー,イオンモール旭川駅前店,
Kitaca,C7,C38AA,イオン,旭川駅前店,
Kitaca,C7,C38E1,ザ・ビッグ エクスプレス,平岸店,
Kitaca,C7,C3AED,イオン,上磯店,
Kitaca,C7,C3C7E,キヨスク,新函館北斗コンコース店,
Kitaca,C7,C3C81,キングスイーツ,JR函館駅店,
Kitaca,C7,C4021,丸亀製麺,イオン札幌桑園店,
Kitaca,C7,C4022,リンガーハット,イオン札幌桑園店,
Kitaca,C7,C4046,築地銀だこ,イオン札幌桑園店,
Kitaca,C7,C41A2,餃子の王将,イオンモール苫小牧店,
Kitaca,C7,C4903,ペッパーランチ,イオンモール旭川駅前店,
Kitaca,C7,C86FD,スターバックスコーヒー,イオンモール苫小牧店,
Kitaca,C7,CA02B,北海道四季彩館,新函館北斗ホーム店,
Kitaca,C7,CA02C,北海道四季彩館,新函館北斗ホーム店,
Kitaca,C7,CA02D,北海道四季彩館,新函館北斗ホーム店,
Kitaca,C7,CA030,北海道四季彩館,新函館北斗ラッチ店,
Kitaca,C7,CA031,北海道四季彩館,新函館北斗ラッチ店,
Kitaca,C7,CA032,北海道四季彩館,新函館北斗ラッチ店,
Kitaca,C7,F491A,サツドラ,苫小牧ときわ町店,
Kitaca,C7,F5791,標津サーモン科学館,,
Kitaca,C7,F84E2,セイコーマート,北2条店,
Kitaca,C7,F84E3,セイコーマート,北2条店,
Kitaca,C7,F84E4,セイコーマート,北2条店,
Kitaca,C7,F85A7,すき家,36号苫小牧日吉店,
Kitaca,C7,F85B4,すき家,40号稚内大黒店,
Kitaca,C7,F861B,すき家,39号網走新町店,
Kitaca,C7,F8622,すき家,37号室蘭中島店,
Kitaca,C7,F86DE,セイコーマート,拓北駅前店,
Kitaca,C7,F86DF,セイコーマート,拓北駅前店,
Kitaca,C7,F86E4,セイコーマート,富良野山部店,
Kitaca,C7,F86E5,セイコーマート,富良野山部店,
Kitaca,C7,F86ED,セイコーマート,大黒店,
Kitaca,C7,F86FA,セイコーマート,稚内中央店,
Kitaca,C7,F870F,セイコーマート,琴似駅前店,
Kitaca,C7,F8712,セイコーマート,瑞穂店,
Kitaca,C7,F8713,セイコーマート,瑞穂店,
Kitaca,C7,F8736,セイコーマート,稚内駅前店,
Kitaca,C7,F8737,セイコーマート,稚内駅前店,
Kitaca,C7,F8746,セイコーマート,琴似駅北口店,
Kitaca,C7,F8747,セイコーマート,琴似駅北口店,
Kitaca,C7,F985A,セイコーマート,長万部センター通店,
Kitaca,C7,F985B,セイコーマート,長万部センター通店,
Kitaca,C7,F9864,セイコーマート,奈井江本町店,
Kitaca,C7,F9865,セイコーマート,奈井江本町店,
Kitaca,C7,F986A,セイコーマート,旭川トーヨーホテル店,
Kitaca,C7,F986B,セイコーマート,旭川トーヨーホテル店,
Kitaca,C7,F989C,セイコーマート,清水南2条店,
Kitaca,C7,F989F,セイコーマート,弟子屈美里店,
Kitaca,C7,F98B3,セイコーマート,苫小牧表町店,
Kitaca,C7,F98F5,セイコーマート,丸田まえだ店,
Kitaca,C7,F9901,セイコーマート,北広島西口店,
Kitaca,C7,F9902,セイコーマート,北広島西口店,
Kitaca,C7,F9924,セイコーマート,あずみ店,
Kitaca,C7,F9927,セイコーマート,苫小牧ときわ店,
Kitaca,C7,F9928,セイコーマート,苫小牧ときわ店,
Kitaca,C7,F9949,セイコーマート,ふくみや店,
Kitaca,C7,F9956,セイコーマート,岩見沢3条店,
Kitaca,C7,F9957,セイコーマート,岩見沢3条店,
Kitaca,C7,F995C,セイコーマート,白老虎杖浜店,
Kitaca,C7,F995D,セイコーマート,白老虎杖浜店,
Kitaca,C7,F996C,セイコーマート,函館宝来店,
Kitaca,C7,F996D,セイコーマート,函館宝来店,
Kitaca,C7,F9996,セイコーマート,なかた店,
Kitaca,C7,F9997,セイコーマート,なかた店,
Kitaca,C7,F99BB,セイコーマート,上川中央店,
Kitaca,C7,F99C2,セイコーマート,留萌本町店,
Kitaca,C7,F99C3,セイコーマート,留萌本町店,
Kitaca,C7,F99DC,セイコーマート,きたぼし店,
Kitaca,C7,F99DD,セイコーマート,きたぼし店,
Kitaca,C7,F99E1,セイコーマート,釧路材木町店,
Kitaca,C7,F99E2,セイコーマート,釧路材木町店,
Kitaca,C7,F99F3,セイコーマート,斜里店,
Kitaca,C7,F99FD,セイコーマート,木古内店,
Kitaca,C7,F99FE,セイコーマート,木古内店,
Kitaca,C7,F9A2D,セイコーマート,千代ヶ岡店,
Kitaca,C7,F9A6F,セイコーマート,倶知安北3条店,
Kitaca,C7,F9A89,セイコーマート,函館松風店,
Kitaca,C7,F9A8A,セイコーマート,函館松風店,
Kitaca,C7,F9A8D,セイコーマート,厚岸港町店,
Kitaca,C7,F9A8F,セイコーマート,沼ノ端店,
Kitaca,C7,F9A90,セイコーマート,沼ノ端店,
Kitaca,C7,F9AB0,セイコーマート,新得店,
Kitaca,C7,F9AB9,セイコーマート,浦河西幌別店,
Kitaca,C7,F9ABD,セイコーマート,標茶旭店,
Kitaca,C7,F9ABE,セイコーマート,標茶旭店,
Kitaca,C7,F9AED,セイコーマート,はせがわ豊頃店,
Kitaca,C7,F9AEE,セイコーマート,はせがわ豊頃店,
Kitaca,C7,F9AF7,セイコーマート,白老公園通,
Kitaca,C7,F9AF8,セイコーマート,白老公園通,
Kitaca,C7,F9B16,セイコーマート,春駒通り店,
Kitaca,C7,F9B17,セイコーマート,春駒通り店,
Kitaca,C7,F9B50,セイコーマート,とよとみ店,
Kitaca,C7,F9B6D,セイコーマート,ニッセイ札幌ビル店,
Kitaca,C7,F9B6E,セイコーマート,ニッセイ札幌ビル店,
Kitaca,C7,F9B6F,セイコーマート,ニッセイ札幌ビル店,
Kitaca,C7,F9B70,セイコーマート,ニッセイ札幌ビル店,
Kitaca,C7,F9B71,セイコーマート,ニッセイ札幌ビル店,
Kitaca,C7,F9B72,セイコーマート,ニッセイ札幌ビル店,
Kitaca,C7,F9BB9,セイコーマート,川湯店,
Kitaca,C7,F9BC4,セイコーマート,仁木店,
Kitaca,C7,F9BD0,セイコーマート,北斗中野通店,
Kitaca,C7,F9BD1,セイコーマート,北斗中野通店,
Kitaca,C7,F9BDB,セイコーマート,南稚内店,
Kitaca,C7,F9BE2,セイコーマート,城山釧路店,
Kitaca,C7,F9BE3,セイコーマート,城山釧路店,
Kitaca,C7,F9BF0,セイコーマート,美深店,
Kitaca,C7,F9BF7,セイコーマート,北浜店,
Kitaca,C7,F9C03,セイコーマート,浜中店,
Kitaca,C7,F9C04,セイコーマート,浜中店,
Kitaca,C7,F9C07,セイコーマート,風連店,
Kitaca,C7,F9C08,セイコーマート,風連店,
Kitaca,C7,F9C0C,セイコーマート,麻生店,
Kitaca,C7,F9C6A,セイコーマート,蘭越中央店,
Kitaca,C7,F9C6B,セイコーマート,蘭越中央店,
Kitaca,C7,F9C76,セイコーマート,丘珠空港前店,
Kitaca,C7,F9C89,セイコーマート,士別南大通り店,
Kitaca,C7,F9C8A,セイコーマート,士別南大通り店,
Kitaca,C7,F9C95,セイコーマート,様似大通店,
Kitaca,C7,F9CA1,セイコーマート,白老東店,
Kitaca,C7,F9CA2,セイコーマート,白老東店,
Kitaca,C7,F9CA7,セイコーマート,沼田店,
Kitaca,C7,F9CA8,セイコーマート,沼田店,
Kitaca,C7,F9CC9,セイコーマート,大通バスセンター店,
Kitaca,C7,F9CEF,セイコーマート,倶知安北1条店,
Kitaca,C7,F9D1C,セイコーマート,芦別北3条店,
Kitaca,C7,F9D5D,セイコーマート,当別太美店,
Kitaca,C7,F9D5E,セイコーマート,当別太美店,
Kitaca,C7,F9D8F,セイコーマート,納内店,
Kitaca,C7,F9D90,セイコーマート,納内店,
Kitaca,C7,F9D93,セイコーマート,網走南2条店,
Kitaca,C7,F9D94,セイコーマート,網走南2条店,
Kitaca,C7,F9D97,セイコーマート,末広4丁目店,
Kitaca,C7,F9D98,セイコーマート,末広4丁目店,
Kitaca,C7,F9DA3,セイコーマート,千歳高台店,
Kitaca,C7,F9DAF,セイコーマート,長都駅前店,
Kitaca,C7,F9DB0,セイコーマート,長都駅前店,
Kitaca,C7,F9DE9,セイコーマート,池田西2条店,
Kitaca,C7,F9DEC,セイコーマート,八雲落部店,
Kitaca,C7,F9DF2,セイコーマート,木古内泉沢店,
Kitaca,C7,F9DF4,セイコーマート,ドーミーイン苫小牧店,
Kitaca,C7,F9DF5,セイコーマート,苫小牧東開店,
Kitaca,C7,F9DF6,セイコーマート,苫小牧東開店,
Kitaca,C7,F9DF7,セイコーマート,網走北6条店,
Kitaca,C7,F9DF8,セイコーマート,網走北6条店,
Kitaca,C7,F9DFE,セイコーマート,函館富岡1丁目店,
Kitaca,C7,F9DFF,セイコーマート,函館富岡1丁目店,
Kitaca,C7,F9E17,セイコーマート,旭川1条通店,
Kitaca,C7,F9E18,セイコーマート,旭川1条通店,
Kitaca,C7,F9E19,セイコーマート,砂川西2条店,
Kitaca,C7,F9E1A,セイコーマート,砂川西2条店,
Kitaca,C7,F9E41,セイコーマート,亀田店,
Kitaca,C7,F9E42,セイコーマート,亀田店,
Kitaca,C7,F9E4D,セイコーマート,函館松陰店,
Kitaca,C7,F9E4E,セイコーマート,函館松陰店,
Kitaca,C7,F9E4F,セイコーマート,岩見沢志文店,
Kitaca,C7,F9E50,セイコーマート,岩見沢志文店,
Kitaca,C7,F9E53,セイコーマート,大通ビッセ店,
Kitaca,C7,F9E54,セイコーマート,大通ビッセ店,
Kitaca,C7,F9E55,セイコーマート,大通ビッセ店,
Kitaca,C7,F9E56,セイコーマート,大通ビッセ店,
Kitaca,C7,F9E57,セイコーマート,大通ビッセ店,
Kitaca,C7,F9E58,セイコーマート,大通ビッセ店,
Kitaca,C7,F9E59,セイコーマート,大通ビッセ店,
Kitaca,C7,F9E5E,セイコーマート,帯広駅前店,
Kitaca,C7,F9E5F,セイコーマート,帯広駅前店,
Kitaca,C7,F9EB3,セイコーマート,教育大駅前店,
Kitaca,C7,F9EB4,セイコーマート,教育大駅前店,
Kitaca,C7,F9EBF,セイコーマート,函館五稜郭店,
Kitaca,C7,F9EC1,セイコーマート,函館公園線店,
Kitaca,C7,F9EC2,セイコーマート,函館公園線店,
Kitaca,C7,F9ED5,セイコーマート,旭川8条通店,
Kitaca,C7,F9ED6,セイコーマート,旭川8条通店,
Kitaca,C7,F9EE1,セイコーマート,釧路海運店,
Kitaca,C7,F9EE2,セイコーマート,釧路海運店,
Kitaca,C7,F9EF2,セイコーマート,東室蘭駅前店,
Kitaca,C7,F9EF3,セイコーマート,東室蘭駅前店,
Kitaca,C7,F9EF4,セイコーマート,桔梗4丁目店,
Kitaca,C7,F9EF5,セイコーマート,桔梗4丁目店,
Kitaca,C7,F9F0A,セイコーマート,帯広新緑通店,
Kitaca,C7,F9F0B,セイコーマート,帯広新緑通店,
Kitaca,C7,F9F24,セイコーマート,野幌駅前店,
Kitaca,C7,F9F25,セイコーマート,野幌駅前店,
Kitaca,C7,F9F3A,セイコーマート,函館宮前店,
Kitaca,C7,F9F3B,セイコーマート,函館宮前店,
Kitaca,C7,F9F60,セイコーマート,岩見沢6条店,
Kitaca,C7,F9F61,セイコーマート,岩見沢6条店,
Kitaca,C7,F9F68,セイコーマート,留萌錦町店,
Kitaca,C7,F9F69,セイコーマート,留萌錦町店,
Kitaca,C7,F9F76,セブン‐イレブン,札幌北6条西1丁目店,
Kitaca,C7,F9F77,セブン‐イレブン,札幌北6条西1丁目店,
Kitaca,C7,F9FB6,セイコーマート,恵庭緑町店,
Kitaca,C7,F9FB7,セイコーマート,恵庭緑町店,
Kitaca,C7,F9FC8,セイコーマート,ルートイングランド旭川店,
Kitaca,C7,F9FCB,セイコーマート,小清水道の駅店,
Kitaca,C7,F9FDF,セイコーマート,釧路和商市場店,
Kitaca,C7,F9FE0,セイコーマート,釧路和商市場店,
Kitaca,C7,F9FED,セイコーマート,時計台前店,
Kitaca,C7,F9FEE,セイコーマート,時計台前店,
Kitaca,C7,F9FEF,セイコーマート,時計台前店,
Kitaca,C7,FA015,セイコーマート,留萌元川店,
Kitaca,C7,FA016,セイコーマート,留萌元川店,
Kitaca,C7,FA021,セイコーマート,北見駅前店,
Kitaca,C7,FA0B5,セイコーマート,天塩中川店,
Kitaca,C7,FA0D5,ハマナスクラブ,美唄駅前店,
Kitaca,C7,FAAE1,セイコーマート,小樽塩谷店,
Kitaca,C7,FB81D,おにぎりのありんこ,マルヤマクラス店,
Kitaca,C7,FBAB2,ハマナスクラブ,苫小牧ふれんどビル店,
Kitaca,C7,FCD61,稚内空港レストラン,,
Kitaca,C7,FD9B9,セイコーマート,江部乙店,
Kitaca,C7,FD9BA,セイコーマート,江部乙店,
Kitaca,C7,FFB70,MEGAドン・キホーテ,室蘭中島店,
Kitaca,C8,02728,自動販売機,#JR北海道#札幌駅,7·8番線ホーム旭川方
Kitaca,C8,0273B,自動販売機,#JR北海道#札幌駅,9·10番線ホーム東側
Kitaca,C8,02758,自動販売機,#JR北海道#琴似駅,ホーム東側
Kitaca,C8,02776,自動販売機,#JR北海道#あいの里教育大駅,
Kitaca,C8,02790,自動販売機,#JR北海道#琴似駅,東口高架下
Kitaca,C8,0279A,自動販売機,#JR北海道#新札幌駅,改札内待合室
Kitaca,C8,027A7,自動販売機,#JR北海道#札幌駅,5·6番線ホーム行きエスカレーター乗り場右
Kitaca,C8,027B8,自動販売機,#JR北海道#札幌駅,9·10番線ホーム
Kitaca,C8,027BB,自動販売機,#JR北海道#白石駅,
Kitaca,C8,027DE,自動販売機,#JR北海道#札幌駅,
Kitaca,C8,027F1,自動販売機,#JR北海道#小樽駅,4·5番線ホーム
Kitaca,C8,02811,自動販売機,#JR北海道#函館駅,改札口付近
Kitaca,C8,02817,自動販売機,#JR北海道#函館駅,駅弁の函館みかど 付近
Kitaca,C8,02882,コインロッカー,#JR北海道#札幌駅,H列
Kitaca,C8,186BB,自動販売機,#JR北海道#あいの里教育大駅,
Kitaca,C8,186D6,自動販売機,#JR北海道#新函館北斗駅,南口1F
Kitaca,C8,18708,松屋,買物公園通店,
Kitaca,C8,1870C,松屋,琴似店,
Kitaca,C8,18772,自動販売機,#JR北海道#釧路駅,2·3番線ホーム
Kitaca,C8,18793,自動販売機,#JR北海道#石狩当別駅,待合スペース
Kitaca,C8,30E88,自動販売機,旭山動物園,東門 2F
Kitaca,C8,315DC,自動販売機,#JR北海道#函館駅,セブン‐イレブン北海道ST函館店前
Kitaca,C8,32195,自動販売機,根室駅前ターミナル,トイレ横
Kitaca,C8,3219D,自動販売機,網走バスターミナル,待合室トイレ前
Kitaca,C8,3224B,自動販売機,稚内空港,1Fトイレ横
Kitaca,C8,32B7F,自動販売機,#JR北海道#木古内駅,待合室
Kitaca,C8,32BC3,自動販売機,#JR北海道#百合が原駅,1番ホーム
Kitaca,C8,32C3A,自動販売機,#JR北海道#石狩当別駅,待合スペース
Kitaca,C8,32C54,自動販売機,#JR北海道#あいの里教育大駅,
Kitaca,C8,32CC1,自動販売機,ホテルルートイン北見大通西,リラクゼーションルーム
Kitaca,C8,32DA6,自動販売機,#JR北海道#滝川駅,
Kitaca,C8,32DB2,自動販売機,#JR北海道#深川駅,待合室
Kitaca,C8,32E1B,自動販売機,#JR北海道#白石駅,
Kitaca,C8,32E69,自動販売機,#JR北海道#新札幌駅,
Kitaca,C8,32FCA,自動販売機,桑園自動車学校,
Kitaca,C8,33394,自動販売機,#JR北海道#あいの里教育大駅,
Kitaca,C8,3348F,自動販売機,#日本最北端の店#柏屋,屋外 入口右側
Kitaca,C8,33532,自動販売機,函館バス江差営業所,待合室内
Kitaca,C8,3358C,自動販売機,秩父別PA,
Kitaca,C8,335AD,自動販売機,函館バス松前出張所,待合室内
Kitaca,C8,33C31,TSUTAYA,苫小牧バイパス店,
Kitaca,C8,33D02,自動販売機,旭山動物園,西門出入口 トイレ前
Kitaca,C8,3460E,ファミリーマート,五稜郭公園電停前店,
Kitaca,C8,34611,ファミリーマート,函館東雲店,
Kitaca,C8,346D4,TSUTAYA,苫小牧バイパス店,
Kitaca,C8,346EA,西友,旭ヶ丘店,
Kitaca,C8,356BF,ファミリーマート,札幌狸小路1丁目店,
Kitaca,C8,AAEF0,セブン銀行,セブン‐イレブン 釧路星が浦大通5丁目店 共同出張所,
Kitaca,C8,AAF0D,セブン銀行,セブン‐イレブン 恵庭駅前店 共同出張所,
Kitaca,C8,AAF1E,セブン銀行,セブン‐イレブン 札幌篠路2条店 共同出張所,
Kitaca,C8,AAF4C,セブン銀行,セブン‐イレブン 室蘭輪西店 共同出張所,
Kitaca,C8,AAF63,セブン銀行,セブン‐イレブン 砂川西1条店 共同出張所,
Kitaca,C8,AAF80,セブン銀行,セブン‐イレブン 砂川東1条店 共同出張所,
Kitaca,C8,AAF88,セブン銀行,セブン‐イレブン 釧路川上町店 共同出張所,
Kitaca,C8,AAF9A,セブン銀行,セブン‐イレブン 函館競馬場前店 共同出張所,
Kitaca,C8,AAF9B,セブン銀行,セブン‐イレブン 岩見沢中央通り店 共同出張所,
Kitaca,C8,AAF9E,セブン銀行,セブン‐イレブン 和寒町店 共同出張所,
Kitaca,C8,AAFB5,セブン銀行,セブン‐イレブン 函館五稜郭病院前店 共同出張所,
Kitaca,C8,AAFE0,セブン銀行,セブン‐イレブン 旭川3条7丁目店 共同出張所,
Kitaca,C8,AAFED,セブン銀行,セブン‐イレブン 白老本町店 共同出張所,
Kitaca,C8,AAFF0,セブン銀行,セブン‐イレブン 旭川5条19丁目店 共同出張所,
Kitaca,C8,AAFFC,セブン銀行,セブン‐イレブン 苫小牧臨海北通店 共同出張所,
Kitaca,C8,AAFFD,セブン銀行,セブン‐イレブン 北広島駅前店 共同出張所,
Kitaca,C8,AAFFF,セブン銀行,セブン‐イレブン 帯広西8条春駒通店 共同出張所,
Kitaca,C8,AB009,セブン銀行,セブン‐イレブン 帯広西3条店 共同出張所,
Kitaca,C8,AB00C,セブン銀行,セブン‐イレブン 士別東6条店 共同出張所,
Kitaca,C8,AB03D,セブン銀行,セブン‐イレブン 帯広西1条店 共同出張所,
Kitaca,C8,AB051,セブン銀行,セブン‐イレブン 函館田家町店 共同出張所,
Kitaca,C8,AB066,セブン銀行,セブン‐イレブン 釧路海運3丁目店 共同出張所,
Kitaca,C8,AB091,セブン銀行,セブン‐イレブン 岩見沢1条店 共同出張所,
Kitaca,C8,AB098,セブン銀行,セブン‐イレブン 北斗飯生店 共同出張所,
Kitaca,C8,AB0B1,セブン銀行,セブン‐イレブン 上川風連店 共同出張所,
Kitaca,C8,AB0CA,セブン銀行,セブン‐イレブン 函館本町店 共同出張所,
Kitaca,C8,AB0D8,セブン銀行,セブン‐イレブン 網走南2条店 共同出張所,
Kitaca,C8,AB0ED,セブン銀行,セブン‐イレブン 旭川買物公園店 共同出張所,
Kitaca,C8,AB116,セブン銀行,セブン‐イレブン 函館桐花通店 共同出張所,
Kitaca,C8,AB135,セブン銀行,セブン‐イレブン 北海道ST桑園店 共同出張所,
Kitaca,C8,AB138,セブン銀行,セブン‐イレブン 北海道ST新琴似店 共同出張所,
Kitaca,C8,AB13C,セブン銀行,セブン‐イレブン 札幌狸小路3丁目店 共同出張所,
Kitaca,C8,AB13D,セブン銀行,セブン‐イレブン 札幌狸小路3丁目店 共同出張所,
Kitaca,C8,AB13E,セブン銀行,セブン‐イレブン 千歳錦町店 共同出張所,
Kitaca,C8,AB142,セブン銀行,セブン‐イレブン 釧路寿町店 共同出張所,
Kitaca,C8,AB146,セブン銀行,セブン‐イレブン 札幌川沿5条3丁目店 共同出張所,
Kitaca,C8,AB151,セブン銀行,セブン‐イレブン 札幌北6条西1丁目店 共同出張所,
Kitaca,C8,AB154,セブン銀行,セブン‐イレブン 旭川9条通店 共同出張所,
Kitaca,C8,AB169,セブン銀行,セブン‐イレブン 函館若松町店 共同出張所,
Kitaca,C8,AB16F,セブン銀行,セブン‐イレブン 滝川栄町1丁目店 共同出張所,
Kitaca,C8,AB17F,セブン銀行,セブン‐イレブン 北海道ST大通東店 共同出張所,
Kitaca,C8,AB180,セブン銀行,セブン‐イレブン 北海道ST大通東店 共同出張所,
Kitaca,C8,AB187,セブン銀行,セブン‐イレブン 札幌北13条東駅前店 共同出張所,
Kitaca,C8,AB18A,セブン銀行,セブン‐イレブン 札幌南4条西1店 共同出張所,
Kitaca,C8,AB19F,セブン銀行,セブン‐イレブン 釧路浪花町店 共同出張所,
Kitaca,C8,AB1A4,セブン銀行,セブン‐イレブン 苫小牧沼ノ端東店 共同出張所,
Kitaca,C8,AB1B1,セブン銀行,セブン‐イレブン 奈井江町店 共同出張所,
Kitaca,C8,AB1B3,セブン銀行,セブン‐イレブン 函館弁天町店 共同出張所,
Kitaca,C8,AB1C1,セブン銀行,セブン‐イレブン 美唄旭通り店 共同出張所,
Kitaca,C8,AB1CF,セブン銀行,セブン‐イレブン 恵庭恵み野里美店 共同出張所,
Kitaca,C8,AB1DC,セブン銀行,セブン‐イレブン 標茶駅前店 共同出張所,
Kitaca,C8,AB1E1,セブン銀行,セブン‐イレブン 千歳千代田店 共同出張所,
Kitaca,C8,AB1F4,セブン銀行,セブン‐イレブン 苫小牧沼ノ端店 共同出張所,
Kitaca,C8,AB1F6,セブン銀行,セブン‐イレブン 釧路貝塚通店 共同出張所,
Kitaca,C8,AB1F7,セブン銀行,セブン‐イレブン 旭川北彩都店 共同出張所,
Kitaca,C8,AB1F8,セブン銀行,セブン‐イレブン 札幌北42条東18丁目店 共同出張所,
Kitaca,C8,AB208,セブン銀行,セブン‐イレブン 釧路北大通店 共同出張所,
Kitaca,C8,AB215,セブン銀行,セブン‐イレブン 北海道ST大通店 共同出張所,
Kitaca,C8,AB216,セブン銀行,セブン‐イレブン 北海道ST大通店 共同出張所,
Kitaca,C8,AB21B,セブン銀行,セブン‐イレブン 札幌大通東4丁目店 共同出張所,
Kitaca,C8,AB220,セブン銀行,セブン‐イレブン 函館十字街店 共同出張所,
Kitaca,C8,AB221,セブン銀行,セブン‐イレブン 岩見沢幌向店 共同出張所,
Kitaca,C8,AB228,セブン銀行,セブン‐イレブン 札幌北11条東3丁目店 共同出張所,
Kitaca,C8,AB22C,セブン銀行,セブン‐イレブン 釧路城山1丁目店 共同出張所,
Kitaca,C8,AB22F,セブン銀行,セブン‐イレブン 北海道ST旭川店 共同出張所,
Kitaca,C8,AB232,セブン銀行,セブン‐イレブン 白老大町店 共同出張所,
Kitaca,C8,AB23B,セブン銀行,セブン‐イレブン 北海道ST函館店 共同出張所,
Kitaca,C8,AB255,セブン銀行,セブン‐イレブン 北海道ST地下鉄新さっぽろ店 共同出張所,
Kitaca,C8,AB267,セブン銀行,セブン‐イレブン 函館大川町店 共同出張所,
Kitaca,C8,AB26A,セブン銀行,セブン‐イレブン 恵庭泉町店 共同出張所,
Kitaca,C8,AB27B,セブン銀行,セブン‐イレブン 札幌北34条東13丁目店 共同出張所,
Kitaca,C8,AB27F,セブン銀行,セブン‐イレブン 女満別空港店 共同出張所,
Kitaca,C8,AB28B,セブン銀行,セブン‐イレブン 北海道ST札幌ステラプレイス店 共同出張所,
Kitaca,C8,AB28C,セブン銀行,セブン‐イレブン 北海道ST札幌ステラプレイス店 共同出張所,
Kitaca,C8,AB2A4,セブン銀行,セブン‐イレブン 北海道四季彩館東室蘭店 共同出張所,
Kitaca,C8,AB2A9,セブン銀行,セブン‐イレブン 千歳末広店 共同出張所,
Kitaca,C8,AB2C0,セブン銀行,セブン‐イレブン 北海道STJR白石店 共同出張所,
Kitaca,C8,AB2C3,セブン銀行,セブン‐イレブン 帯広新緑通店 共同出張所,
Kitaca,C8,AB2C6,セブン銀行,セブン‐イレブン 函館五稜郭公園前店 共同出張所,
Kitaca,C8,AB2D1,セブン銀行,セブン‐イレブン 札幌北10条東店 共同出張所,
Kitaca,C8,AB2D2,セブン銀行,セブン‐イレブン 釧路緑ケ岡店 共同出張所,
Kitaca,C8,AB2D5,セブン銀行,セブン‐イレブン 北海道ST岩見沢店 共同出張所,
Kitaca,C8,AB301,セブン銀行,コープさっぽろ 倶知安店 共同出張所,
Kitaca,C8,AB319,セブン銀行,札幌市営地下鉄 東豊線 栄町駅 共同出張所,
Kitaca,C8,AB343,セブン銀行,セブン‐イレブン 北海道ST苗穂店 共同出張所,
Kitaca,C8,AB356,セブン銀行,セブン‐イレブン 帯広大通南13丁目店 共同出張所,
Kitaca,C8,AB361,セブン銀行,セブン‐イレブン 北海道ST苫小牧店 共同出張所,
Kitaca,C8,AB362,セブン銀行,セブン‐イレブン 旭川空港店 共同出張所,
Kitaca,C8,AB368,セブン銀行,JR北海道 函館本線 小樽駅 共同出張所,
Kitaca,C8,AB36E,セブン銀行,セブン‐イレブン 名寄徳田店 共同出張所,
Kitaca,C8,AB378,セブン銀行,セブン‐イレブン 北海道四季彩館釧路店 共同出張所,
Kitaca,C8,AB37B,セブン銀行,セブン‐イレブン 登別市役所前店 共同出張所,
Kitaca,C8,AB392,セブン銀行,セブン‐イレブン 函館宮前町店 共同出張所,
Kitaca,C8,AB39F,セブン銀行,セブン‐イレブン 北海道ST小樽店 共同出張所,
Kitaca,C8,AB3AB,セブン銀行,セブン‐イレブン 旭川5条7丁目店 共同出張所,
Kitaca,C8,AB3B1,セブン銀行,セブン‐イレブン 北海道ST恵庭店 共同出張所,
Kitaca,C8,AB3B3,セブン銀行,セブン‐イレブン 北海道四季彩館帯広店 共同出張所,
Kitaca,C8,AB3B6,セブン銀行,セブン‐イレブン 滝川江部乙店 共同出張所,
Kitaca,C8,AB3C8,セブン銀行,セブン‐イレブン 地下鉄栄町駅前店 共同出張所,
Kitaca,C8,AB3F2,セブン銀行,セブン‐イレブン ホテルエミオン札幌店 共同出張所,
Kitaca,C8,AC610,ローソン,旭川5条通十五丁目店,
Kitaca,C8,AC611,ローソン,旭川5条通十五丁目店,
Kitaca,C8,AC624,ローソン,当別駅前店,
Kitaca,C8,AC625,ローソン,当別駅前店,
Kitaca,C8,AC658,ローソン,富良野協会病院店,
Kitaca,C8,AC659,ローソン,富良野協会病院店,
Kitaca,C8,AC667,ローソン,函館駅前店,
Kitaca,C8,AC668,ローソン,函館駅前店,
Kitaca,C8,AC6A0,ローソン,札幌篠路3条店,
Kitaca,C8,AC6A1,ローソン,札幌篠路3条店,
Kitaca,C8,AC6CA,ローソン,帯広西2条南十六丁目店,
Kitaca,C8,AC6CB,ローソン,帯広西2条南十六丁目店,
Kitaca,C8,AC6D0,ローソン,帯広公園大通店,
Kitaca,C8,AC6D1,ローソン,帯広公園大通店,
Kitaca,C8,AC6DC,ローソン,新千歳空港出発ロビー店,
Kitaca,C8,AC6DD,ローソン,新千歳空港出発ロビー店,
Kitaca,C8,AC6DE,ローソン,新千歳空港出発ロビー店,
Kitaca,C8,AC704,ローソン,新千歳空港ゲートラウンジ店,
Kitaca,C8,AC705,ローソン,新千歳空港ゲートラウンジ店,
Kitaca,C8,AC717,ローソン,新千歳空港到着口2号店,
Kitaca,C8,AC718,ローソン,新千歳空港到着口2号店,
Kitaca,C8,AC719,ローソン,新千歳空港到着口2号店,
Kitaca,C8,AC722,ローソン,旭川1条四丁目店,
Kitaca,C8,AC723,ローソン,旭川1条四丁目店,
Kitaca,C8,AC770,ローソン,白老東町店,
Kitaca,C8,AC771,ローソン,白老東町店,
Kitaca,C8,AC78B,ローソン,池田大通店,
Kitaca,C8,AC7BA,ローソン,札幌アピア店,
Kitaca,C8,AC7BB,ローソン,札幌アピア店,
Kitaca,C8,AC7BC,ローソン,札幌アピア店,
Kitaca,C8,AC7BD,ローソン,札幌アピア店,
Kitaca,C8,AC7BE,ローソン,札幌アピア店,
Kitaca,C8,AC7BF,ローソン,札幌アピア店,
Kitaca,C8,AC7C7,ローソン,滝川江部乙店,
Kitaca,C8,AC7C8,ローソン,滝川江部乙店,
Kitaca,C8,AC7CB,ローソン,帯広駅北店,
Kitaca,C8,AC7CC,ローソン,帯広駅北店,
Kitaca,C8,AC7D7,ローソン,旭川4条通店,
Kitaca,C8,AC7D8,ローソン,旭川4条通店,
Kitaca,C8,AC7FA,ローソン,札幌北1条西一丁目店,
Kitaca,C8,AC7FB,ローソン,札幌北1条西一丁目店,
Kitaca,C8,AC80C,ローソン,新さっぽろアークシティ店,
Kitaca,C8,AC80D,ローソン,新さっぽろアークシティ店,
Kitaca,C8,AC80E,ローソン,新さっぽろアークシティ店,
Kitaca,C8,AC80F,ローソン,新さっぽろアークシティ店,
Kitaca,C8,AC814,ローソン,登別中央一丁目店,
Kitaca,C8,AC815,ローソン,登別中央一丁目店,
Kitaca,C8,AC816,ローソン,名寄徳田店,
Kitaca,C8,AC817,ローソン,名寄徳田店,
Kitaca,C8,AC832,ローソン,札幌桑園店,
Kitaca,C8,AC833,ローソン,札幌桑園店,
Kitaca,C8,AC847,ローソン,留萌千鳥町店,
Kitaca,C8,AC848,ローソン,留萌千鳥町店,
Kitaca,C8,AC86D,ローソン,室蘭港北町店,
Kitaca,C8,AC882,ローソン,岩見沢4条西七丁目店,
Kitaca,C8,AC8A1,ローソン,旭川2条通店,
Kitaca,C8,AC8A2,ローソン,旭川2条通店,
Kitaca,C8,AC8BF,ローソン,旭川3条十二丁目店,
Kitaca,C8,AC8C0,ローソン,旭川3条十二丁目店,
Kitaca,C8,AC8E7,ローソン,札幌麻生五丁目店,
Kitaca,C8,AC8E8,ローソン,札幌麻生五丁目店,
Kitaca,C8,AC947,ローソン,札幌北6条西十四丁目店,
Kitaca,C8,AC967,ローソン,苫小牧臨海北通店,
Kitaca,C8,AC968,ローソン,苫小牧臨海北通店,
Kitaca,C8,AC97A,ローソン,北彩都病院店,
Kitaca,C8,AC97B,ローソン,北彩都病院店,
Kitaca,C8,AC98C,ローソン,函館谷地頭店,
Kitaca,C8,AC98D,ローソン,函館谷地頭店,
Kitaca,C8,AC992,ローソン,釧路大楽毛二丁目店,
Kitaca,C8,AC993,ローソン,釧路大楽毛二丁目店,
Kitaca,C8,AC9AA,ローソン,函館八幡通店,
Kitaca,C8,AC9AB,ローソン,函館八幡通店,
Kitaca,C8,AC9B6,ローソン,室蘭東町二丁目店,
Kitaca,C8,AC9B8,ローソン,旭川買物公園店,
Kitaca,C8,AC9B9,ローソン,旭川買物公園店,
Kitaca,C8,AC9DC,ローソン,旭川8条十丁目店,
Kitaca,C8,AC9DD,ローソン,旭川8条十丁目店,
Kitaca,C8,AC9E5,ローソン,恵庭恵み野駅前店,
Kitaca,C8,AC9E6,ローソン,恵庭恵み野駅前店,
Kitaca,C8,AC9E8,ローソン,函館万代店,
Kitaca,C8,AC9E9,ローソン,函館万代店,
Kitaca,C8,AC9F8,ローソン,白老町石山店,
Kitaca,C8,AC9F9,ローソン,白老町石山店,
Kitaca,C8,ACA4C,ローソン,深川駅前店,
Kitaca,C8,ACA5C,ローソン,函館亀田本町店,
Kitaca,C8,ACA5D,ローソン,函館亀田本町店,
Kitaca,C8,ACAC0,ローソン,帯広西8条南十三丁目店,
Kitaca,C8,ACAC1,ローソン,帯広西8条南十三丁目店,
Kitaca,C8,ACAD0,ローソン,室蘭海岸町二丁目店,
Kitaca,C8,ACAD7,ローソン,旭川1条通七丁目店,
Kitaca,C8,ACAD8,ローソン,旭川1条通七丁目店,
Kitaca,C8,ACAD9,ローソン,旭川2条八丁目店,
Kitaca,C8,ACADA,ローソン,旭川2条八丁目店,
Kitaca,C8,ACAE4,ローソン,釧路錦町店,
Kitaca,C8,ACAE5,ローソン,釧路錦町店,
Kitaca,C8,ACAE8,ローソン,留萌栄町店,
Kitaca,C8,ACAF3,ローソン,札幌駅北口前店,
Kitaca,C8,ACAF4,ローソン,札幌駅北口前店,
Kitaca,C8,ACAF5,ローソン,札幌駅北口前店,
Kitaca,C8,ACB07,ローソン,函館東雲店,
Kitaca,C8,ACB08,ローソン,函館東雲店,
Kitaca,C8,ACB17,ローソン,標茶桜店,
Kitaca,C8,ACB18,ローソン,標茶桜店,
Kitaca,C8,ACB34,ローソン,札幌北38条東店,
Kitaca,C8,ACB35,ローソン,札幌北38条東店,
Kitaca,C8,ACB3A,ローソン,小樽稲穂店,
Kitaca,C8,ACB3B,ローソン,小樽稲穂店,
Kitaca,C8,ACB6D,ローソン,S札幌地下鉄東豊線さっぽろ駅店,
Kitaca,C8,ACB6E,ローソン,S札幌地下鉄東豊線さっぽろ駅店,
Kitaca,C8,ACB6F,ローソン,S札幌地下鉄東豊線さっぽろ駅店,
Kitaca,C8,ACB86,ローソン,蘭越店,
Kitaca,C8,ACB87,ローソン,蘭越店,
Kitaca,C8,ACBA3,ローソン,室蘭輪西町二丁目店,
Kitaca,C8,ACBA4,ローソン,室蘭輪西町二丁目店,
Kitaca,C8,ACBA7,ローソン,函館大川町店,
Kitaca,C8,ACBA8,ローソン,函館大川町店,
Kitaca,C8,ACBCB,ローソン,富良野若松町店,
Kitaca,C8,ACBCC,ローソン,富良野若松町店,
Kitaca,C8,ACBD2,ローソン,千歳駅前店,
Kitaca,C8,ACBD3,ローソン,千歳駅前店,
Kitaca,C8,ACBD4,ローソン,札幌北7条西一丁目店,
Kitaca,C8,ACBD5,ローソン,札幌北7条西一丁目店,
Kitaca,C8,ACBD6,ローソン,札幌北7条西一丁目店,
Kitaca,C8,ACBD7,ローソン,札幌北7条西一丁目店,
Kitaca,C8,ACBE8,ローソン,函館柏木電車通店,
Kitaca,C8,ACBE9,ローソン,函館柏木電車通店,
Kitaca,C8,ACBF8,ローソン,北斗七重浜二丁目店,
Kitaca,C8,ACBF9,ローソン,北斗七重浜二丁目店,
Kitaca,C8,ACBFE,ローソン,新千歳空港到着口店,
Kitaca,C8,ACC1E,ローソン,札幌北1条西二丁目店,
Kitaca,C8,ACC1F,ローソン,札幌北1条西二丁目店,
Kitaca,C8,ACC20,ローソン,札幌北1条西二丁目店,
Kitaca,C8,ACC27,ローソン,千歳清水町三丁目店,
Kitaca,C8,ACC43,ローソン,札幌南1東三丁目店,
Kitaca,C8,ACC44,ローソン,札幌南1東三丁目店,
Kitaca,C8,ACC45,ローソン,札幌南1東三丁目店,
Kitaca,C8,ACC55,ローソン,留萌駅前店,
Kitaca,C8,ACC92,ローソン,網走北6条店,
Kitaca,C8,ACC93,ローソン,網走北6条店,
Kitaca,C8,ACCAB,ローソン,札幌北13条東店,
Kitaca,C8,ACCAC,ローソン,札幌北13条東店,
Kitaca,C8,ACCD2,ローソン,苫小牧王子町店,
Kitaca,C8,ACCD3,ローソン,苫小牧王子町店,
Kitaca,C8,ACDD3,ANA FESTA,稚内ロビー店,
Kitaca,C8,ACE21,ローソン,釧路浪花町店,
Kitaca,C8,ACE22,ローソン,釧路浪花町店,
Kitaca,C8,ACE24,ローソン,新川駅前店,
Kitaca,C8,ACE76,ローソン,帯広西3条南九丁目店,
Kitaca,C8,ACE77,ローソン,帯広西3条南九丁目店,
Kitaca,C8,AD3A9,ローソン,S函館空港店,
Kitaca,C8,AD3AA,ローソン,S函館空港店,
Kitaca,C8,AD4BE,#ハンバーグレストラン#びっくりドンキー,苫小牧光洋店,
Kitaca,C8,AD4BF,#ハンバーグレストラン#びっくりドンキー,苫小牧光洋店,
Kitaca,C8,AD4C1,ローソン,函館梁川公園通店,
Kitaca,C8,AD4C2,ローソン,函館梁川公園通店,
Kitaca,C8,AD716,ツルハドラッグ,網走北店,
Kitaca,C8,AD717,ツルハドラッグ,網走北店,
Kitaca,C8,AD718,ツルハドラッグ,網走北店,
Kitaca,C8,AD78F,FIGHTERS OFFICIAL STORE,FLAGSHIP STORE,
Kitaca,C8,AD83A,ローソン銀行ATM,北彩都病院共同出張所,
Kitaca,C8,AD8AD,ローソン銀行ATM,函館亀田本町共同出張所,
Kitaca,C8,AD8D5,ローソン銀行ATM,釧路錦町共同出張所,
Kitaca,C8,AD8F9,ローソン銀行ATM,札幌北1条西一丁目共同出張所,
Kitaca,C8,AD906,ローソン銀行ATM,ローソン札幌アピア共同出張所,
Kitaca,C8,AD940,ダイイチ,すすきの店,
Kitaca,C8,AD94A,ローソン銀行ATM,網走北6条共同出張所,
Kitaca,C8,AD959,ローソン銀行ATM,旭川2条通共同出張所,
Kitaca,C8,AD95C,ローソン銀行ATM,旭川5条通十五丁目共同出張所,
Kitaca,C8,AD99D,ローソン銀行ATM,札幌駅北口前共同出張所,
Kitaca,C8,AD9C5,ローソン銀行ATM,函館万代共同出張所,
Kitaca,C8,AD9C8,ローソン銀行ATM,札幌南1東三丁目共同出張所,
Kitaca,C8,AD9F5,ローソン銀行ATM,旭川1条通七丁目共同出張所,
Kitaca,C8,ADA1E,ローソン銀行ATM,新さっぽろアークシティ共同出張所,
Kitaca,C8,ADA7F,ローソン銀行ATM,札幌北1条西二丁目共同出張所,
Kitaca,C8,ADAA5,ローソン,札幌南3条西一丁目店,
Kitaca,C8,ADAA6,ローソン,札幌南3条西一丁目店,
Kitaca,C8,ADAA7,ローソン,札幌南3条西一丁目店,
Kitaca,C8,ADAA8,ローソン,札幌南3条西一丁目店,
Kitaca,C8,ADAC7,ローソン銀行ATM,札幌南3条西一丁目共同出張所,
Kitaca,C8,ADBBA,ローソン銀行ATM,札幌桑園共同出張所,
Kitaca,C8,ADC65,ローソン銀行ATM,小樽稲穂共同出張所,
Kitaca,C8,F4DB7,旭山動物園,厚友会中央食堂,
Kitaca,C8,F59E7,快活CLUB,すすきの店,
Kitaca,C8,F642D,POCKET CHANGE,新千歳空港駅 改札外,
Kitaca,C8,F7275,新千歳空港B駐車場,,
Kitaca,C8,F8073,Meatful,,
Kitaca,C8,F812C,DUNLOP PARKING,B5駐車場,
Kitaca,C8,F924A,サンタクリーム,すすきの えきなか店,
PASMO,C7,02716,カレーショップ C&C,有楽町店,
PASMO,C7,02745,フレッシュベーカリー神戸屋,九段下駅店,
PASMO,C7,02749,相模鉄道株式会社,上星川社員食堂,
PASMO,C7,027A7,オリオン書房,上石神井店,
PASMO,C7,027D9,マツモトキヨシ,京王橋本駅ビル店,
PASMO,C7,02801,メトロス,池袋駅 丸ノ内線ホーム西,
PASMO,C7,0286D,#ベーカリー&カフェ#ルパ,高幡店,
PASMO,C7,0287F,#ベーカリー&カフェ#ルパ,永福町店,
PASMO,C7,0289C,メトロス,渋谷駅半蔵門線ホーム錦糸町寄り店,
PASMO,C7,0289D,メトロス,永田町駅有楽町線ホーム地下鉄成増寄り店,
PASMO,C7,028A3,PRONTO,エキア池袋店,
PASMO,C7,028AE,デニッシュバー,明治神宮前メトロピア店,
PASMO,C7,028CA,ミスターミニット,都営地下鉄 市ヶ谷,
PASMO,C7,028D4,中国料理 歓 [fun],後楽園店,
PASMO,C7,028DE,オアシスステーション,,
PASMO,C7,028E0,地下鉄博物館,ミュージアムショップ,
PASMO,C7,028E2,ロマンスカーカフェ,,
PASMO,C7,02908,御岳山駅売店,,
PASMO,C7,02923,マツモトキヨシ,溜池山王メトロピア店,
PASMO,C7,02943,Sweets Mode,明大前店,
PASMO,C7,02949,#高尾山#天狗屋,,
PASMO,C7,02952,マツモトキヨシ,東京ドームシティ ラクーア店,
PASMO,C7,0295C,カルディコーヒーファーム,京王リトナード永福町店,
PASMO,C7,02963,とんかつ和幸,メトロエム後楽園店,
PASMO,C7,02971,DRINK BAR OASIS Sta.,海老名店,
PASMO,C7,0297E,はちパンカフェ,,
PASMO,C7,0298D,洋菓子のヒロタ,Echika 表参道店,
PASMO,C7,029BC,はらドーナッツ+ジューススタンド,フレンテ明大前店,
PASMO,C7,029C3,東京スカイツリー,4階チケットカウンター,
PASMO,C7,029EC,SKYTREE CAFE 350,,
PASMO,C7,02A3A,フエンテ,朝霞台店,
PASMO,C7,02A78,#ラップドクレープ#コロット,新宿京王モールアネックス店,
PASMO,C7,02A87,@cosme TOKYO,,
PASMO,C7,02A98,御岳山,御岳登山鉄道,改札口
PASMO,C7,02A9B,滝本,御岳登山鉄道,改札口
PASMO,C7,02B3A,駿河屋本舗,江ノ電鎌倉駅本店,
PASMO,C7,02C4F,京急ストア,追浜店,
PASMO,C7,02E5B,サンジェルマン,大船ルミネ店,
PASMO,C7,02E62,崎陽軒,大船ルミネウイング店,
PASMO,C7,0305A,スリーエイト,永福北口店,
PASMO,C7,030C7,ポプラ,千葉新港店,
PASMO,C7,0328B,ヴィ・ド・フランス カフェ,武蔵小杉店,
PASMO,C7,034F3,サンテオレ,日本大通り駅店,
PASMO,C7,03559,マルエツ,南浦和東口店,
PASMO,C7,03597,Brillia City 横浜磯子,グランドエレベーター,1階
PASMO,C7,03598,Brillia City 横浜磯子,グランドエレベーター,2階
PASMO,C7,03599,Brillia City 横浜磯子,グランドエレベーター,2階
PASMO,C7,0359A,Brillia City 横浜磯子,グランドエレベーター,1階
PASMO,C7,0359B,Brillia City 横浜磯子,グランドエレベーター,2階
PASMO,C7,0359C,Brillia City 横浜磯子,グランドエレベーター,2階
PASMO,C7,0359D,Brillia City 横浜磯子,グランドエレベーター,1階
PASMO,C7,0359E,Brillia City 横浜磯子,グランドエレベーター,1階
PASMO,C7,035F4,京樽,長津田東急コンコース,
PASMO,C7,051BB,ドトールコーヒーショップ,逗子・葉山駅店,
PASMO,C7,08C37,#熱烈中華食堂#日高屋,柏駅東口店,
PASMO,C7,0AFC9,トモズ,成城コルティ店,
PASMO,C7,1819A,SIGCOWW,,
PASMO,C7,186A3,小石川後楽園,サービスセンター,
PASMO,C7,186A4,六義園,,
PASMO,C7,186A7,旧古河庭園,,
PASMO,C7,186AD,セリア,妙典店,
PASMO,C7,186B3,足利観光交流館 あし・ナビ,,
PASMO,C7,186B6,サンエトワール,京成成田駅店,
PASMO,C7,186BC,メトロス,半渋谷F売店,
PASMO,C7,186BE,#ラップドクレープ#コロット,フレンテ明大前店,
PASMO,C7,186CF,#ラップドクレープ#コロット,渋谷メトロ店,
PASMO,C7,186D2,Merci,#都営#光が丘駅,
PASMO,C7,186D6,Soup Stock Tokyo,二子玉川店,
PASMO,C7,186E3,ヴィ・ド・フランス カフェ,市ヶ谷店,
PASMO,C7,186E6,キャンドゥ,新横浜プリンスペペ店,
PASMO,C7,18708,梅丘寿司の美登利総本店,立喰テイクアウト エチカ池袋店,
PASMO,C7,18709,銀座 篝,Echika池袋店,
PASMO,C7,1870A,#一等米おにぎり専門店#ぼんたぼんた,Echika池袋店,
PASMO,C7,1870E,成城石井,Echika池袋店,
PASMO,C7,18710,Soup Stock Tokyo,Echika池袋店,
PASMO,C7,18712,TRAVEL STYLE by MILESTO,Echika池袋,
PASMO,C7,18718,リンコス,九段店,
PASMO,C7,1871A,Patio de METRO,Echika池袋店,
PASMO,C7,1873E,大山ケーブル,大山観光電鉄,大山鋼索線
PASMO,C7,1874A,はなまるうどん,Echika池袋店,
PASMO,C7,1874D,サブウェイ,赤坂メトロピア店,
PASMO,C7,18759,OMO KINOKUNIYA,Echika 表参道店,
PASMO,C7,1875C,ラオックス,羽田国際空港店,
PASMO,C7,1875D,しぶそば,二子玉川店,
PASMO,C7,18762,toks,目黒改札口店,
PASMO,C7,1876B,toks,二子玉川下りホーム,
PASMO,C7,18775,コインスペース,マークシティ渋谷,
PASMO,C7,18777,toks,代官山改札口,
PASMO,C7,18783,マツモトキヨシ,Echika池袋店,
PASMO,C7,1879D,有楽町線市ヶ谷駅 催事ショップ,,
PASMO,C7,187A1,崎陽軒,市営地下鉄戸塚店,
PASMO,C7,187AB,スターバックスコーヒー,西武高田馬場駅店,
PASMO,C7,187B7,メトロス,新宿駅ホーム西店,
PASMO,C7,187BE,Zepp,Shinjuku(TOKYO),
PASMO,C7,187BF,Zepp,Shinjuku(TOKYO),
PASMO,C7,187C0,メトロス,恵比寿駅店,
PASMO,C7,187D5,BAGEL&BAGEL,エチカ表参道店,
PASMO,C7,187D6,スターバックスコーヒー,飯田橋メトロピア店,
PASMO,C7,187E1,とんかつ工房+,代々木八幡店,
PASMO,C7,187E3,ドトールコーヒーショップ,京王多摩センター店,
PASMO,C7,187F5,PRIME TOILETTES,,男子用
PASMO,C7,187FE,スターバックスコーヒー,明治神宮前メトロピア店,
PASMO,C7,18825,スターバックスコーヒー,エチカ池袋店,
PASMO,C7,1886E,ヴィ・ド・フランス,池袋店,
PASMO,C7,1886F,ヴィ・ド・フランス,池袋店,
PASMO,C7,18887,ヴィ・ド・フランス,曳舟店,
PASMO,C7,1888C,#コリアンキッチン#シジャン,川崎アゼリア店,
PASMO,C7,188EB,崎陽軒,京急ストア川崎店,
PASMO,C7,18905,神戸屋キッチンエクスプレス,トリエ京王調布店,
PASMO,C7,1897C,文明堂,明大前店,
PASMO,C7,18981,トモズ,京王リトナード永福町店,
PASMO,C7,1898A,#食品館#まいにちマルシェ,スーパーマーケット 共通レジ,
PASMO,C7,189C1,京急ストア,ハイランド店,
PASMO,C7,189E1,スターバックスコーヒー,小田急相模大野ステーションスクエア店,
PASMO,C7,196BE,かながわPOS研究所,,
PASMO,C7,1A562,五車堂,,
PASMO,C7,1A563,五車堂,,
PASMO,C7,2E3ED,3 & 1 FACTORY,,
PASMO,C7,30D49,マツモトキヨシ,東京スカイツリータウン・ソラマチ店 ウエストヤード,
PASMO,C7,30D4D,ドトールコーヒーショップ,都営大手町店,
PASMO,C7,30D4F,星乃珈琲店,東京スカイツリータウン・ソラマチ店,
PASMO,C7,30D71,ファミリーマート,TXつくば駅店,
PASMO,C7,30D72,ファミリーマート,TX研究学園駅店,
PASMO,C7,30D77,ドトールコーヒーショップ,赤坂1丁目店,
PASMO,C7,30D83,エクセルシオール カフェ バリスタ,渋谷マークシティ店,
PASMO,C7,30D84,エクセルシオール カフェ バリスタ,渋谷マークシティ店,
PASMO,C7,30D86,エクセルシオール カフェ,赤坂一ツ木通り店,
PASMO,C7,30DAE,ドトールコーヒーショップ,半蔵門一番町店,
PASMO,C7,30DD3,キッチンコート,永福町店,
PASMO,C7,30DE6,ドトールコーヒーショップ,明大前店,
PASMO,C7,30DED,ファミリーマート,相鉄大和駅店,
PASMO,C7,30DEE,ファミリーマート,相鉄大和駅店,
PASMO,C7,30DEF,ファミリーマート,相鉄大和駅店,
PASMO,C7,30DF0,ファミリーマート,相鉄大和駅店,
PASMO,C7,30DFC,ドトールコーヒーショップ,京王高幡SC店,
PASMO,C7,30E01,ファミリーマート,相鉄横浜駅店,
PASMO,C7,30E02,ファミリーマート,相鉄横浜駅店,
PASMO,C7,30E03,ファミリーマート,相鉄横浜駅店,
PASMO,C7,30E04,ファミリーマート,相鉄横浜駅店,
PASMO,C7,30E08,マツモトキヨシ,池袋ショッピングパーク店,
PASMO,C7,30E09,マツモトキヨシ,池袋ショッピングパーク店,
PASMO,C7,30E0A,マツモトキヨシ,池袋ショッピングパーク店,
PASMO,C7,30E0E,ファミリーマート,相鉄鶴ヶ峰駅店,
PASMO,C7,30E0F,ファミリーマート,相鉄鶴ヶ峰駅店,
PASMO,C7,30E10,ファミリーマート,相鉄鶴ヶ峰駅店,
PASMO,C7,30E17,ヴィ・ド・フランス,東京スカイツリータウン・ソラマチ店,
PASMO,C7,30E1A,築地銀だこ,東京ソラマチ店,
PASMO,C7,30E71,マツモトキヨシ store,東京スカイツリータウン・ソラマチ店 イーストヤード,
PASMO,C7,30EA6,スターバックスコーヒー,東京スカイツリータウン・ソラマチ東6階店,
PASMO,C7,30EAD,ぴょんぴょん舎 Te-su,,
PASMO,C7,30EF5,京王タクシー,,
PASMO,C7,30F35,小田急レストランシステム,,
PASMO,C7,30F36,小田急レストランシステム,,
PASMO,C7,30F37,小田急レストランシステム,,
PASMO,C7,30F38,小田急レストランシステム,,
PASMO,C7,30F39,小田急レストランシステム,,
PASMO,C7,30F3A,小田急レストランシステム,,
PASMO,C7,30F3B,小田急レストランシステム,,
PASMO,C7,30F3C,小田急レストランシステム,,
PASMO,C7,30F3D,小田急レストランシステム,,
PASMO,C7,30F3E,小田急レストランシステム,,
PASMO,C7,30F3F,小田急レストランシステム,,
PASMO,C7,30F40,小田急レストランシステム,,
PASMO,C7,30F41,小田急レストランシステム,,
PASMO,C7,30F42,小田急レストランシステム,,
PASMO,C7,30F43,小田急レストランシステム,,
PASMO,C7,30F44,小田急レストランシステム,,
PASMO,C7,30F45,小田急レストランシステム,,
PASMO,C7,30F46,小田急レストランシステム,,
PASMO,C7,30F47,小田急レストランシステム,,
PASMO,C7,30F48,小田急レストランシステム,,
PASMO,C7,30F49,小田急レストランシステム,,
PASMO,C7,30F4A,小田急レストランシステム,,
PASMO,C7,30F4B,小田急レストランシステム,,
PASMO,C7,30F4C,小田急レストランシステム,,
PASMO,C7,30F4D,小田急レストランシステム,,
PASMO,C7,30F4E,小田急レストランシステム,,
PASMO,C7,30F4F,小田急レストランシステム,,
PASMO,C7,30F50,小田急レストランシステム,,
PASMO,C7,30F51,小田急レストランシステム,,
PASMO,C7,30F52,小田急レストランシステム,,
PASMO,C7,30F53,小田急レストランシステム,,
PASMO,C7,30F54,小田急レストランシステム,,
PASMO,C7,30F55,小田急レストランシステム,,
PASMO,C7,30F56,小田急レストランシステム,,
PASMO,C7,30F57,小田急レストランシステム,,
PASMO,C7,30F60,東急ストア,戸塚店,
PASMO,C7,30F67,東急ストア,戸塚店,
PASMO,C7,30F94,白洋舍,調布店,
PASMO,C7,31030,ケンタッキーフライドチキン,三鷹店,
PASMO,C7,31031,ドトールコーヒーショップ,読売ランド駅前店,
PASMO,C7,3103C,ドトールコーヒーショップ,伊勢原店,
PASMO,C7,31073,東急ストア,大岡山東急ストア,
PASMO,C7,310FA,マクドナルド,東京スカイツリータウン・ソラマチ店,
PASMO,C7,31120,ケンタッキーフライドチキン,東京ドームシティラクーア店,
PASMO,C7,31148,ビアードパパ,小田急エース店,
PASMO,C7,3117D,セブン‐イレブン,EQUiA池袋駅改札内店,
PASMO,C7,3117E,セブン‐イレブン,EQUiA池袋駅改札内店,
PASMO,C7,311A1,マクドナルド,小田急湘南台店,
PASMO,C7,311FE,京王ストアエクスプレス,明大前店,
PASMO,C7,311FF,京王ストアエクスプレス,明大前店,
PASMO,C7,31200,京王ストアエクスプレス,明大前店,
PASMO,C7,31201,京王ストアエクスプレス,明大前店,
PASMO,C7,3122E,ファミリーマート,柏駅店,
PASMO,C7,31261,プレッセ,目黒店,
PASMO,C7,31264,ファミリーマート,川越駅ホーム店,
PASMO,C7,31265,ファミリーマート,川越駅ホーム店,
PASMO,C7,31267,ファミリーマート,東京ソラマチB3F店,
PASMO,C7,31268,ファミリーマート,東京ソラマチB3F店,
PASMO,C7,3126E,ファミリーマート,エキアプレミエ和光店,
PASMO,C7,31273,セブン‐イレブン,小田急マルシェ新宿店,
PASMO,C7,31274,セブン‐イレブン,小田急マルシェ新宿店,
PASMO,C7,3127C,セブン‐イレブン,小田急マルシェ湘南台店,
PASMO,C7,3127D,セブン‐イレブン,小田急マルシェ湘南台店,
PASMO,C7,3127E,セブン‐イレブン,小田急マルシェ湘南台店,
PASMO,C7,3127F,セブン‐イレブン,小田急マルシェ湘南台店,
PASMO,C7,3128C,セブン‐イレブン,小田急新宿西口地上改札内店,
PASMO,C7,31297,セブン‐イレブン,小田急マルシェ大和店,
PASMO,C7,31298,セブン‐イレブン,小田急マルシェ大和店,
PASMO,C7,31299,セブン‐イレブン,小田急マルシェ大和店,
PASMO,C7,312C4,セブン‐イレブン,小田急新松田店,
PASMO,C7,312C5,セブン‐イレブン,小田急新松田店,
PASMO,C7,312C6,セブン‐イレブン,小田急新松田店,
PASMO,C7,312CD,カルディコーヒーファーム,武蔵小杉東急スクエア店,
PASMO,C7,31302,セブン‐イレブン,小田急中央林間店,
PASMO,C7,3130D,セブン‐イレブン,小田急相模大野店,
PASMO,C7,3130E,セブン‐イレブン,小田急相模大野店,
PASMO,C7,3130F,セブン‐イレブン,小田急相模大野店,
PASMO,C7,31312,セブン‐イレブン,小田急本厚木店,
PASMO,C7,31313,セブン‐イレブン,小田急本厚木店,
PASMO,C7,31314,セブン‐イレブン,小田急本厚木店,
PASMO,C7,31315,セブン‐イレブン,小田急本厚木店,
PASMO,C7,31318,セブン‐イレブン,小田急新宿地下中央改札内店,
PASMO,C7,3132C,セブン‐イレブン,小田急小田原上りホーム店,
PASMO,C7,3132D,セブン‐イレブン,小田急小田原上りホーム店,
PASMO,C7,31338,セブン‐イレブン,小田急海老名上りホーム店,
PASMO,C7,31339,セブン‐イレブン,小田急海老名上りホーム店,
PASMO,C7,31346,プレッセプレミアム,東京ミッドタウン店,
PASMO,C7,3134C,ファミリーマート,小田急エース店,
PASMO,C7,3136D,小田原駅名産店+セブン‐イレブン,小田急小田原店,
PASMO,C7,3136E,小田原駅名産店+セブン‐イレブン,小田急小田原店,
PASMO,C7,3136F,小田原駅名産店+セブン‐イレブン,小田急小田原店,
PASMO,C7,31370,小田原駅名産店+セブン‐イレブン,小田急小田原店,
PASMO,C7,31371,小田原駅名産店+セブン‐イレブン,小田急小田原店,
PASMO,C7,31372,小田原駅名産店+セブン‐イレブン,小田急小田原店,
PASMO,C7,31373,小田原駅名産店+セブン‐イレブン,小田急小田原店,
PASMO,C7,3137B,ケンタッキーフライドチキン,永福町店,
PASMO,C7,31394,ファミリーマート,ユーカリが丘駅店,
PASMO,C7,313A6,セブン‐イレブン,小田急伊勢原北口店,
PASMO,C7,313A7,セブン‐イレブン,小田急伊勢原北口店,
PASMO,C7,313A8,セブン‐イレブン,小田急伊勢原北口店,
PASMO,C7,313A9,ポンパドウル,池袋ISP店,
PASMO,C7,313AC,セブン‐イレブン,小田急サザンタワー店,
PASMO,C7,313AD,東急ストア,目黒店,
PASMO,C7,313B6,セブン‐イレブン,小田急マルシェ伊勢原店,
PASMO,C7,313B7,セブン‐イレブン,小田急マルシェ伊勢原店,
PASMO,C7,313B8,キッチンコート,吉祥寺店,
PASMO,C7,313C8,ファミリーマート,京成高砂駅店,
PASMO,C7,313C9,ファミリーマート,京成高砂駅店,
PASMO,C7,313CA,ファミリーマート,京成高砂駅店,
PASMO,C7,313F1,ファミリーマート,押上駅店,
PASMO,C7,31407,京王ストアエクスプレス,府中店,
PASMO,C7,31415,東急ストア,立川駅南口東急ストア,
PASMO,C7,31417,東急ストア,立川駅南口東急ストア,
PASMO,C7,31430,セブン‐イレブン,京王橋本駅店,
PASMO,C7,31431,セブン‐イレブン,京王橋本駅店,
PASMO,C7,31467,カルディコーヒーファーム,池袋ショッピングパーク店,
PASMO,C7,31472,セブン‐イレブン,京王明大前駅店,
PASMO,C7,31485,セブン‐イレブン,京王吉祥寺駅店,
PASMO,C7,3148A,セブン‐イレブン,京王下北沢駅店,
PASMO,C7,31495,セブン‐イレブン,京王笹塚駅店,
PASMO,C7,31498,セブン‐イレブン,京王飛田給駅店,
PASMO,C7,31499,セブン‐イレブン,京王飛田給駅店,
PASMO,C7,314B8,セブン‐イレブン,京王高尾駅店,
PASMO,C7,314B9,セブン‐イレブン,京王高尾駅店,
PASMO,C7,31516,Mallorca,,
PASMO,C7,3152B,スターバックスコーヒー,二子玉川 蔦屋家電店,
PASMO,C7,3152D,スターバックスコーヒー,二子玉川 蔦屋家電店,
PASMO,C7,3154B,PRONTO,MAGNET by SHIBUYA109店,
PASMO,C7,315BB,フードスタジアム,,
PASMO,C7,315BC,フードスタジアム,,
PASMO,C7,315BD,フードスタジアム,,
PASMO,C7,315BE,フードスタジアム,,
PASMO,C7,315BF,フードスタジアム,,
PASMO,C7,315C0,フードスタジアム,,
PASMO,C7,315CA,スイーツボックス,エミオ池袋店,
PASMO,C7,31715,東急ストア,調布とうきゅう,
PASMO,C7,31717,東急ストア,調布とうきゅう,
PASMO,C7,3173E,龍盛菜館,渋谷店,
PASMO,C7,31790,ドトールコーヒーショップ,三軒茶屋2丁目店,
PASMO,C7,31791,ドトールコーヒーショップ,三軒茶屋キャロットタワー店,
PASMO,C7,317A3,Vドラッグ,光が丘店,
PASMO,C7,317B6,Vドラッグ,守山小幡店,
PASMO,C7,31865,TOMONY,高田馬場駅早稲田口店,
PASMO,C7,31866,TOMONY,高田馬場駅早稲田口店,
PASMO,C7,31875,真光書店,北口本店,
PASMO,C7,318D4,TOMONY,池袋駅地下改札内店,
PASMO,C7,318D5,TOMONY,池袋駅地下改札内店,
PASMO,C7,318E0,TOMONY,池袋駅地下改札外店,
PASMO,C7,318E1,TOMONY,池袋駅地下改札外店,
PASMO,C7,3195E,TOMONY,西武新宿駅正面口店,
PASMO,C7,31968,ファミリーマート,サンシャインCPH店,
PASMO,C7,319F2,ドゥ マゴ ベーカリー,渋谷東急フードショー店,
PASMO,C7,319F8,おむすび権米衛,御茶ノ水ソラシティ店,
PASMO,C7,31B17,スターバックスコーヒー,渋谷ヒカリエ ShinQs店,
PASMO,C7,31B30,LE CHOCOLAT DE H,渋谷ヒカリエShinQs 東横のれん街店,
PASMO,C7,31BA5,無印良品,たまプラーザテラス,
PASMO,C7,31E2D,SHIBUYA TSUTAYA,,
PASMO,C7,31F7A,スターバックスコーヒー,武蔵小杉東急スクエア店,
PASMO,C7,31FFB,プレッセ,渋谷デリマーケット,
PASMO,C7,31FFC,プレッセ,渋谷デリマーケット,
PASMO,C7,31FFD,プレッセ,渋谷デリマーケット,
PASMO,C7,3206A,日本橋 天丼 天むす 金子半之助,渋谷スクランブルスクエア店,
PASMO,C7,3206C,#寝かせ玄米とカレー&スパイス#nuka,,
PASMO,C7,32070,THIERRY MARX LA BOULANGERIE,,
PASMO,C7,32072,RF1,東急フードショーエッジ店,
PASMO,C7,32076,キムラミルク,渋谷スクランブルスクエア店,
PASMO,C7,32077,つばめグリル DELI,東急フードショーエッジ店,
PASMO,C7,32078,Urth Caffé,渋谷スクランブルスクエア店,
PASMO,C7,32079,MAISON ICHI,東急フードショーエッジ店,
PASMO,C7,3207B,渋谷カツ Qメンチ,,
PASMO,C7,32080,崎陽軒,渋谷スクランブルスクエア東急エッジ店,
PASMO,C7,32085,cocochili,,
PASMO,C7,32086,COROMORE,,
PASMO,C7,32089,MAMMA SANTINA,,
PASMO,C7,32562,はなまるうどん,横浜ポルタ店,
PASMO,C7,32616,マクドナルド,渋谷サクラステージ店,
PASMO,C7,32677,セブン‐イレブン,京急STみなとみらい横浜南改札店,
PASMO,C7,32E2F,荏原交通,玉川営業所,
PASMO,C7,32E8D,荏原交通,玉川営業所,
PASMO,C7,33B4E,セブン‐イレブン,京急ST横浜中央改札店,
PASMO,C7,33B4F,セブン‐イレブン,京急ST横浜中央改札店,
PASMO,C7,33B50,セブン‐イレブン,京急ST横浜中央改札店,
PASMO,C7,33B59,セブン‐イレブン,京急ST横浜北口改札店,
PASMO,C7,33B5A,セブン‐イレブン,京急ST横浜北口改札店,
PASMO,C7,33B73,セブン‐イレブン,京急ST羽田空港第1ターミナル店,
PASMO,C7,33B74,セブン‐イレブン,京急ST羽田空港第1ターミナル店,
PASMO,C7,33BBC,セブン‐イレブン,京急ST羽田空港第3ターミナル店,
PASMO,C7,33BBD,セブン‐イレブン,京急ST羽田空港第3ターミナル店,
PASMO,C7,33BBE,セブン‐イレブン,京急ST羽田空港第3ターミナル店,
PASMO,C7,33BBF,セブン‐イレブン,京急ST羽田空港第3ターミナル店,
PASMO,C7,33BC0,セブン‐イレブン,京急ST羽田空港第3ターミナル店,
PASMO,C7,33BD9,セブン‐イレブン,京急STYRP野比店,
PASMO,C7,33BDE,セブン‐イレブン,京急ST川崎中央店,
PASMO,C7,33BF3,セブン‐イレブン,京急ST小島新田店,
PASMO,C7,33BF4,セブン‐イレブン,京急ST小島新田店,
PASMO,C7,33C05,セブン‐イレブン,京急ST上大岡中央店,
PASMO,C7,33C06,セブン‐イレブン,京急ST上大岡中央店,
PASMO,C7,33C13,セブン‐イレブン,京急STみなとみらい横浜駅店,
PASMO,C7,33C14,セブン‐イレブン,京急STみなとみらい横浜駅店,
PASMO,C7,33C5C,セブン‐イレブン,京急ST追浜店,
PASMO,C7,33CC7,セブン‐イレブン,京急ST横須賀中央東口店,
PASMO,C7,33CC8,セブン‐イレブン,京急ST横須賀中央東口店,
PASMO,C7,33CC9,セブン‐イレブン,京急ST横須賀中央東口店,
PASMO,C7,33F00,セブン‐イレブン,京急ST穴守稲荷店,
PASMO,C7,33F01,セブン‐イレブン,京急ST穴守稲荷店,
PASMO,C7,33F02,セブン‐イレブン,京急ST穴守稲荷店,
PASMO,C7,33FB7,セブン‐イレブン,京急ST蒲田東口駅前広場店,
PASMO,C7,34053,セブン‐イレブン,京急ST雑色店,
PASMO,C7,34054,セブン‐イレブン,京急ST雑色店,
PASMO,C7,34090,セブン‐イレブン,京急ST汐入店,
PASMO,C7,34091,セブン‐イレブン,京急ST汐入店,
PASMO,C7,3409F,セブン‐イレブン,京急ST鶴見店,
PASMO,C7,340A0,セブン‐イレブン,京急ST鶴見店,
PASMO,C7,340A1,セブン‐イレブン,京急ST鶴見店,
PASMO,C7,34442,ANA FESTA,羽田国際線ロビーギフト店,
PASMO,C7,34452,SKY MARKET,羽田空港店,
PASMO,C7,344EE,TIAT DUTY FREE SHOP CENTRAL,,
PASMO,C7,34581,タリーズコーヒー,羽田空港第3ターミナル店,
PASMO,C7,34585,CURACION CAFÉ,,
PASMO,C7,3458B,Japanese Bistro うららか,,
PASMO,C7,345AF,HOKKAIDO KITCHEN,,
PASMO,C7,346B7,セブン‐イレブン,STみなとみらい駅改札内店,
PASMO,C7,346B8,セブン‐イレブン,STみなとみらい駅改札内店,
PASMO,C7,35BAE,おむすび権米衛,ファーマーズキッチン町田マルイ店,
PASMO,C7,35DF9,セブン‐イレブン,京急ST金沢八景店,
PASMO,C7,35DFA,セブン‐イレブン,京急ST金沢八景店,
PASMO,C7,361FD,セブン‐イレブン,京急STウイングキッチン川崎店,
PASMO,C7,366F4,セブン‐イレブン,京急ST青物横丁店,
PASMO,C7,366F5,セブン‐イレブン,京急ST青物横丁店,
PASMO,C7,366F6,セブン‐イレブン,京急ST青物横丁店,
PASMO,C7,3689B,セブン‐イレブン,京急ST大森海岸店,
PASMO,C7,3689C,セブン‐イレブン,京急ST大森海岸店,
PASMO,C7,3689D,セブン‐イレブン,京急ST大森海岸店,
PASMO,C7,368E7,セブン‐イレブン,京急ST金沢文庫中央店,
PASMO,C7,368E8,セブン‐イレブン,京急ST金沢文庫中央店,
PASMO,C7,368E9,セブン‐イレブン,京急ST金沢文庫中央店,
PASMO,C7,368EA,セブン‐イレブン,京急ST金沢文庫中央店,
PASMO,C7,368EB,セブン‐イレブン,京急ST金沢文庫中央店,
PASMO,C7,369B8,セブン‐イレブン,京急ST蒲田改札内店,
PASMO,C7,369B9,セブン‐イレブン,京急ST蒲田改札内店,
PASMO,C7,369BA,セブン‐イレブン,京急ST蒲田改札内店,
PASMO,C7,36ECB,セブン‐イレブン,横浜シンフォステージ店,
PASMO,C7,36ECC,セブン‐イレブン,横浜シンフォステージ店,
PASMO,C7,36ECD,セブン‐イレブン,横浜シンフォステージ店,
PASMO,C7,393EF,今時書店,,
PASMO,C7,3B339,プラネットショコラ,有楽町店,
PASMO,C7,429D0,タリーズコーヒー,金町駅南口店,
PASMO,C7,42A05,タリーズコーヒー,新大阪阪急ビル店,
PASMO,C7,42A06,タリーズコーヒー,新大阪阪急ビル店,
PASMO,C7,42A1D,タリーズコーヒー,新横浜プリンスペペ店,
PASMO,C7,42A29,タリーズコーヒー,上野の森さくらテラス店,
PASMO,C7,42A37,タリーズコーヒー,飯田橋東口店,
PASMO,C7,42A38,タリーズコーヒー,京王高幡SC店,
PASMO,C7,42A92,タリーズコーヒー,TX柏の葉キャンパス駅前店,
PASMO,C7,42AAD,タリーズコーヒー with U,小田急百貨店町田店,
PASMO,C7,42AAE,タリーズコーヒー with U,小田急百貨店町田店,
PASMO,C7,42AB4,タリーズコーヒー,渋谷ソラスタ店,
PASMO,C7,42AE4,タリーズコーヒー,横須賀中央店,
PASMO,C7,42B15,タリーズコーヒー,浜松町駅北口店,
PASMO,C7,42B16,タリーズコーヒー,日本生命浜松町クレアタワー店,
PASMO,C7,42B3F,タリーズコーヒー,ニューコースト新浦安店,
PASMO,C7,42B48,タリーズコーヒー,ニューポートひたちなか店,
PASMO,C7,42B95,タリーズコーヒー,新潟新通店,
PASMO,C7,42BBE,タリーズコーヒー,宇治徳洲会病院店,
PASMO,C7,46893,タリーズコーヒー,柏モディ店,
PASMO,C7,46DF7,タリーズコーヒー,新宿住友ビル店,
PASMO,C7,46DFA,タリーズコーヒー,キテミテマツド店,
PASMO,C7,4BEB0,タリーズコーヒー,東京ポートシティ竹芝店,
PASMO,C7,4E0A4,タリーズコーヒー,高知桟橋通り店,
PASMO,C7,4E135,レストラン武道,,
PASMO,C7,4E436,タリーズコーヒー,高知大学病院店,
PASMO,C7,4E612,Holly's Café,ゼスト御池店,
PASMO,C7,50CA0,タリーズコーヒー,九州大学病院店,
PASMO,C7,50CA1,タリーズコーヒー,九州大学病院店,
PASMO,C7,50E75,ドラッグセイムス,高知駅前店,
PASMO,C7,51DD7,足立タクシー,,
PASMO,C7,54C0F,ドラッグセイムス,唐湊店,
PASMO,C7,54C10,ドラッグセイムス,唐湊店,
PASMO,C7,54C11,ドラッグセイムス,唐湊店,
PASMO,C7,54CF0,ドラッグセイムス,近鉄奈良店,
PASMO,C7,54CF1,ドラッグセイムス,近鉄奈良店,
PASMO,C7,54CF2,ドラッグセイムス,近鉄奈良店,
PASMO,C7,54CF3,ドラッグセイムス,近鉄奈良店,
PASMO,C7,56B6A,藤井山 五智院 岩本寺,,
PASMO,C7,583BB,スーパーフリークス,,
PASMO,C7,59D1B,セブン‐イレブン,銀座ファイブ店,
PASMO,C7,5F971,秀光,シーモール下関店,
PASMO,C7,6087A,タリーズコーヒー,CeeU Yokohama店,
PASMO,C7,6087B,タリーズコーヒー,CeeU Yokohama店,
PASMO,C7,61DBD,タリーズコーヒー,水戸赤塚店,
PASMO,C7,64943,すき家,虎ノ門四丁目店,
PASMO,C7,649CA,すき家,六本木五丁目店,
PASMO,C7,67BD7,国際自動車,羽田営業所,
PASMO,C7,67C4B,国際自動車,羽田営業所,
PASMO,C7,6994A,タリーズコーヒー,羽田空港第1ターミナル15番ゲート店,
PASMO,C7,6AA21,タリーズコーヒー,なんばウォーク店,
PASMO,C7,6AA22,タリーズコーヒー,なんばウォーク店,
PASMO,C7,6FBAA,国際自動車,三鷹営業所,
PASMO,C7,6FBB7,国際自動車,三鷹営業所,
PASMO,C7,7071E,マクドナルド,イオン品川シーサイド店,
PASMO,C7,713F3,マクドナルド,イオン東雲店,
PASMO,C7,8154B,タリーズコーヒー,みなとみらい駅店,
PASMO,C7,8154C,タリーズコーヒー,みなとみらい駅店,
PASMO,C7,823D6,川平ファーム,石垣島サイエンスガーデン,
PASMO,C7,85EAC,アーティストオフィシャルストア,,
PASMO,C7,87F6F,吉野家,下高井戸駅店,
PASMO,C7,88AC2,お菓子の小田屋,加世田本店,
PASMO,C7,8BD10,おうちカフェなないろ,,
PASMO,C7,92574,タリーズコーヒー,博多マルイ店,
PASMO,C7,92575,タリーズコーヒー,博多マルイ店,
PASMO,C7,9E8F5,道玄坂たまごけん,,
PASMO,C7,AAEC4,上島珈琲店,相鉄フレッサイン東京赤坂店,
PASMO,C7,AAEC6,上島珈琲店,大船店,
PASMO,C7,AAED3,ミニプラ,新木場メトロピア店,
PASMO,C7,AAED7,餃子の王将,ららぽーとTOKYO-BAY店,
PASMO,C7,AAF00,Bay Brand,,
PASMO,C7,AAF08,餃子の王将,京成高砂駅南口店,
PASMO,C7,AAF10,クリエイトSD,京成大和田店,
PASMO,C7,AAF1E,京樽,明大前京王店,
PASMO,C7,AAF43,ラ・ピシーヌ,,
PASMO,C7,AAF4B,ジェリーズポップコーン,,
PASMO,C7,AAF4D,ロブソンフライズ,,
PASMO,C7,AAF52,Cafe Lan Lan,,
PASMO,C7,AAF56,YOMIURI本舗,,
PASMO,C7,AAF5F,こだわりや,永福町店,
PASMO,C7,AAF65,カレーショップ C&Cダイニング,東京ビッグサイト店,
PASMO,C7,AAF7E,カレーハウスCoCo壱番屋,千代田区麹町店,
PASMO,C7,AAF90,さくら市場館,府中フォーリス店,
PASMO,C7,AAFB1,カレーハウスCoCo壱番屋,東新宿駅前店,
PASMO,C7,AAFD6,カレーハウスCoCo壱番屋,港区御成門駅前店,
PASMO,C7,AAFD9,カレーハウスCoCo壱番屋,北区王子明治通店,
PASMO,C7,AAFDC,モスバーガー,調布南口店,
PASMO,C7,AAFE9,成城石井,市ヶ谷店,
PASMO,C7,AAFED,成城石井,赤坂Bizタワー店,
PASMO,C7,AAFF9,蔵,,
PASMO,C7,AB043,#なんでも酒や#カクヤス,祖師ケ谷大蔵店,
PASMO,C7,AB077,カレーハウスCoCo壱番屋,ミスターマックス新習志野店,
PASMO,C7,AB078,モスバーガー,藤沢エスタ店,
PASMO,C7,AB07D,カレーハウスCoCo壱番屋,千葉中央駅東口店,
PASMO,C7,AB07F,モスバーガー,千歳船橋北口店,
PASMO,C7,AB090,モスバーガー,クロスガーデン多摩店,
PASMO,C7,AB092,みどり湖PA(上り),ショッピングコーナー,
PASMO,C7,AB093,みどり湖PA(下り),ショッピングコーナー,
PASMO,C7,AB094,小黒川PA(下り),スーベニア,
PASMO,C7,AB0A7,モスバーガー,足利南店,
PASMO,C7,AB0AE,足柄SA(下り),ショッピングプラザ,
PASMO,C7,AB0CC,#珈琲所#コメダ珈琲店,新宿御苑前店,
PASMO,C7,AB0D1,石川PA(下り),ショッピングコーナー,
PASMO,C7,AB0EF,SORADONKI,羽田空港店,
PASMO,C7,AB103,スターバックスコーヒー,錦糸町オリナス店,
PASMO,C7,AB110,マツモトキヨシ,本厚木駅前店,
PASMO,C7,AB11D,モスバーガー,東武池袋店,
PASMO,C7,AB125,相鉄ローゼン,センター南駅前店,
PASMO,C7,AB12B,ミヤモトドラッグ,オリナス錦糸町店,
PASMO,C7,AB138,ダイソー,京王モールアネックス店,
PASMO,C7,AB13B,ドトールコーヒーショップ,新宿京王モールアネックス店,
PASMO,C7,AB168,イタリアン・トマト CafeJr.,東京オペラシティ店,
PASMO,C7,AB17B,OAK plaza KITCHEN,1階,
PASMO,C7,AB17E,マツモトキヨシ,下北沢店,
PASMO,C7,AB180,モスバーガー,永福町店,
PASMO,C7,AB187,丸亀製麺,中野セントラルパーク店,
PASMO,C7,AB1A2,すし銚子丸,調布店,
PASMO,C7,AB1B2,タリーズコーヒー,ネクスト船橋店,
PASMO,C7,AB1C3,喫茶室ルノアール,新宿西口駅前店,
PASMO,C7,AB1C6,喫茶室ルノアール,新宿大ガード店,
PASMO,C7,AB1D4,NEW YORKER'S Cafe,調布北口店,
PASMO,C7,AB1D9,厚木PA(外回り),ショッピングコーナー,
PASMO,C7,AB1E2,ミネドラッグ,調布店,
PASMO,C7,AB1E3,ミネドラッグ,調布店,
PASMO,C7,AB1ED,ミネドラッグ,下北沢南店,
PASMO,C7,AB1FA,#洋食の王様#M1プレート,海老名SA店,
PASMO,C7,AB1FF,オアシスMSC,東京労災病院店,
PASMO,C7,AB207,オアシスMSC,関東労災病院店,
PASMO,C7,AB208,オアシスMSC,関東労災病院店,
PASMO,C7,AB210,成城石井,オペラシティ店,
PASMO,C7,AB21C,ほっともっと,経堂店,
PASMO,C7,AB236,#和ぱすた#ぽぽらまーま,フレスポ若葉台店,
PASMO,C7,AB237,エキア北千住④売店,,
PASMO,C7,AB23E,スターバックスコーヒー,千葉中央駅店,
PASMO,C7,AB240,#なんでも酒や#カクヤス,千歳烏山店,
PASMO,C7,AB241,ACCESS TOBU,鬼怒川温泉売店,
PASMO,C7,AB242,ACCESS TOBU,下今市上りホーム売店,
PASMO,C7,AB253,モスバーガー,ウイング上大岡店,
PASMO,C7,AB26F,Kショップガーデン,,
PASMO,C7,AB27A,餃子の王将,道玄坂店,
PASMO,C7,AB283,ダイソー,フレスポ八潮店,
PASMO,C7,AB28C,ミヤマ珈琲,中野ブロードウェイ店,
PASMO,C7,AB28D,餃子の王将,初台店,
PASMO,C7,AB298,上島珈琲店,赤坂一ツ木通り店,
PASMO,C7,AB2E6,サンドラッグ,調布とうきゅう店,
PASMO,C7,AB2F5,ぎょうざの満洲,つつじヶ丘北口店,
PASMO,C7,AB2F8,京都勝牛,新宿小滝橋通店,
PASMO,C7,AB2F9,京都勝牛,新宿西口店,
PASMO,C7,AB306,マツモトキヨシ,京急羽田空港第3ターミナル店,
PASMO,C7,AB308,マツモトキヨシ,ウイング高輪店,
PASMO,C7,AB30B,マツモトキヨシ,京急鶴見店,
PASMO,C7,AB312,喫茶室ルノアール,品川高輪口店,
PASMO,C7,AB334,丸亀製麺,中野セントラルパーク店,
PASMO,C7,AB340,あんこのやまか,新津田沼店,
PASMO,C7,AB343,モスバーガー,雑色駅前店,
PASMO,C7,AB344,モスバーガー,雑色駅前店,
PASMO,C7,AB354,サカガミ,グランルパ豊洲店,
PASMO,C7,AB360,エクセルシオール カフェ,ウィング新橋店,
PASMO,C7,AB378,クリエイトSD,川崎下麻生店,
PASMO,C7,AB3A0,成城石井,下北沢西口店,
PASMO,C7,AB3A9,調布PARCO,FOOD·MARKET,
PASMO,C7,AB3C4,カルディコーヒーファーム,調布パルコ店,
PASMO,C7,AB3D6,ロイヤルホスト,高輪店,
PASMO,C7,AB3DD,クリエイトSD,JR両国駅東口店,
PASMO,C7,AB43F,くすりのダイイチ,東伏見店,
PASMO,C7,AB46F,ぎょうざの満洲,下赤塚駅店,
PASMO,C7,AB487,ぎょうざの満洲,中野南口店,
PASMO,C7,AB4BE,京成百貨店,,
PASMO,C7,AB4C7,KEiSEI&owl,,
PASMO,C7,AB4C8,KEiSEI&owl,,
PASMO,C7,AB4DA,とんかつまい泉,トリエ京王調布店,
PASMO,C7,AB52F,シミズヤ,烏山店,
PASMO,C7,AB561,Chez Lui,用賀店,
PASMO,C7,AB5A9,マツモトキヨシ,赤坂見附店,
PASMO,C7,AB5B3,マツモトキヨシ,横浜ジョイナスPart1店,
PASMO,C7,AB5C0,モスバーガー,三軒茶屋店,
PASMO,C7,AB5D8,KYリカー,弥生台店,
PASMO,C7,AB5D9,KYリカー,弥生台店,
PASMO,C7,AB5FF,本棚珈琲,ノルテ店,
PASMO,C7,AB616,ビックカメラ,京王調布店,
PASMO,C7,AB6D3,カレーハウスCoCo壱番屋,新宿歌舞伎町店,
PASMO,C7,AB6E8,カレーハウスCoCo壱番屋,渋谷区初台店,
PASMO,C7,AB70D,スターバックスコーヒー,キラリナ京王吉祥寺店,
PASMO,C7,AB72E,ビックカメラ,赤坂見附駅店,
PASMO,C7,AB77A,サーティワン アイスクリーム,デックス東京ビーチ店,
PASMO,C7,AB79B,マツモトキヨシ,デックス東京ビーチ店,
PASMO,C7,AB79C,マツモトキヨシ,デックス東京ビーチ店,
PASMO,C7,AB7A7,#熱烈中華食堂#日高屋,京急川崎駅前店,
PASMO,C7,AB813,#熱烈中華食堂#日高屋,九段下店,
PASMO,C7,AB83B,十国登り口駅,十国峠ケーブルカー,
PASMO,C7,AB841,成城石井,赤坂アークヒルズ店,
PASMO,C7,AB852,伊豆・三津シーパラダイス,売店,
PASMO,C7,AB855,ヤマザキショップ,伊豆長岡駅店,
PASMO,C7,AB858,イズーラ修善寺,,
PASMO,C7,AB85D,箱根 芦ノ湖遊覧船,箱根関所跡営業所,
PASMO,C7,AB876,カレーハウスCoCo壱番屋,吉祥寺サンロード店,
PASMO,C7,AB8AD,ミネドラッグ,永山駅前タワー店,
PASMO,C7,AB8BB,ミネドラッグ,聖蹟桜ヶ丘店,
PASMO,C7,AB8D7,成城石井,神保町店,
PASMO,C7,AB8D8,成城石井,神保町店,
PASMO,C7,AB8F0,#文具#ハラジマ,駅前店,
PASMO,C7,AB971,カレーハウスCoCo壱番屋,東武曳舟駅前店,
PASMO,C7,AB991,ビアードパパ,花小金井駅店,
PASMO,C7,AB995,スターバックスコーヒー,横浜ポルタ店,
PASMO,C7,AB9D3,#熱烈中華食堂#日高屋,飛田給北口店,
PASMO,C7,AB9F7,109シネマズ,二子玉川,
PASMO,C7,ABA83,鳥竹,二丁目店,
PASMO,C7,ABA90,109シネマズ,川崎,
PASMO,C7,ABAEE,えびな「蔵市」,,
PASMO,C7,ABB2B,かつおとぼんた,渋谷ストリーム店,
PASMO,C7,ABB31,BaKING SHU,,
PASMO,C7,ABB34,土鍋炊きごはん なかよし,渋谷ストリーム店,
PASMO,C7,ABB39,大連餃子基地 DALIAN,渋谷ストリーム店,
PASMO,C7,ABB44,スターバックスコーヒー,渋谷ストリーム店,
PASMO,C7,ABB88,109シネマズ,名古屋,
PASMO,C7,ABBDC,丸亀製麺,羽田空港第2ビル店,
PASMO,C7,ABC12,クリエイトSD,JR小岩駅前店,
PASMO,C7,ABC29,T・ジョイ,PRINCE品川,
PASMO,C7,ABC9D,LABI,東京八重洲,
PASMO,C7,ABCCD,ハンズ,渋谷店,
PASMO,C7,ABCFF,吉野家,横浜ジョイナス店,
PASMO,C7,ABD00,吉野家,横浜ジョイナス店,
PASMO,C7,ABD01,吉野家,横浜ジョイナス店,
PASMO,C7,ABD22,芳林堂書店,高田馬場店,
PASMO,C7,ABD5A,もとまちユニオン,新橋店,
PASMO,C7,ABD76,スターバックスコーヒー,エキア プレミエ 和光店,
PASMO,C7,ABE72,GREEN THUMB,,
PASMO,C7,ABEB0,タリーズコーヒー,東京スカイツリータウン・ソラマチ店,
PASMO,C7,ABF1F,餃子の王将,下北沢店,
PASMO,C7,ABF52,MMCオーガニックカフェ,羽田空港 南店,
PASMO,C7,ABF5D,サマンサタバサ グローバルアイランド,羽田空港第1ターミナル店,
PASMO,C7,ABF86,スターバックスコーヒー,東京スカイツリータウン・ソラマチ西1階店,
PASMO,C7,ABFC0,ISETAN HANEDA STORE,TERMINAL 1 MEN'S,
PASMO,C7,AC019,クリエイトSD,川崎宮崎台駅前店,
PASMO,C7,AC034,FUJI,上大岡店,
PASMO,C7,AC052,まんだらけ,コンプレックス,
PASMO,C7,AC055,まんだらけ,コンプレックス,
PASMO,C7,AC060,FUJI,用賀店,
PASMO,C7,AC06E,まんだらけ,グランドカオス,
PASMO,C7,AC076,まんだらけ,グランドカオス,
PASMO,C7,AC07F,カレーショップ C&C,新宿本店,
PASMO,C7,AC1BB,ハンズ,新宿店,
PASMO,C7,AC1BF,フレッシュネスバーガー,新宿3丁目店,
PASMO,C7,AC1C0,フレッシュネスバーガー,新宿3丁目店,
PASMO,C7,AC1CD,フレッシュネスバーガー,代々木店,
PASMO,C7,AC245,モスカフェ,羽田空港第3ターミナル店,
PASMO,C7,AC25C,吉野家,羽田空港国際旅客ターミナル店,
PASMO,C7,AC260,クリエイトSD,青葉台二丁目店,
PASMO,C7,AC261,BENTO CAFE KODAMA,,
PASMO,C7,AC350,ビアードパパ,ウィングキッチン京急川崎店,
PASMO,C7,AC35A,餃子の王将,ウィングキッチン京急川崎店,
PASMO,C7,AC361,タリーズコーヒー,ウィングキッチン京急川崎店,
PASMO,C7,AC386,だし廊 -GoLD-,仙台国際空港店,
PASMO,C7,AC3B2,佐渡 廻転寿司 弁慶,ピア万代店,
PASMO,C7,AC411,クリエイトSD,調布国領町店,
PASMO,C7,AC412,サンドラッグ,池袋東口駅前店,
PASMO,C7,AC420,クリエイトSD,調布つつじヶ丘駅前店,
PASMO,C7,AC462,いきなり!ステーキ,ヤエチカ店,
PASMO,C7,AC48F,かつ屋,小金井前原店,
PASMO,C7,AC4A6,メロンブックス,横浜店,
PASMO,C7,AC4A9,メロンブックス,大阪日本橋店,
PASMO,C7,AC4AA,メロンブックス,大阪日本橋店,
PASMO,C7,AC4AD,メロンブックス,大阪日本橋店,
PASMO,C7,AC4AF,メロンブックス,大阪日本橋店,
PASMO,C7,AC4B1,メロンブックス,秋葉原1号店,
PASMO,C7,AC4C1,メロンブックス,新宿店,
PASMO,C7,AC4E4,メロンブックス,立川店,
PASMO,C7,AC4FB,#北海道らーめん#麺処うたり,相模大野店,
PASMO,C7,AC528,タリーズコーヒー,プライムファイブ 東急プラザ銀座店,
PASMO,C7,AC5A8,イタリアン・トマト CafeJr.,町田東急ツインズ店,
PASMO,C7,AC5CD,らしんばん,秋葉原店新館,
PASMO,C7,AC5D5,café 1886 at Bosch,,
PASMO,C7,AC5D6,メロンブックス,水戸店,
PASMO,C7,AC5F9,スターバックスコーヒー,川崎モアーズ店,
PASMO,C7,AC61D,喫茶室ルノアール,水道橋西口店,
PASMO,C7,AC688,書泉グランデ,,
PASMO,C7,AC68D,書泉グランデ,,
PASMO,C7,AC696,サンマルクカフェ,相鉄フレッサイン御茶ノ水神保町店,
PASMO,C7,AC697,サンマルクカフェ,相鉄フレッサイン御茶ノ水神保町店,
PASMO,C7,AC6C0,書泉ブックタワー,,
PASMO,C7,AC724,タリーズコーヒー,渋谷スクランブルスクエア店,
PASMO,C7,AC798,ハンズ,渋谷スクランブルスクエア店,
PASMO,C7,AC799,ハンズ,渋谷スクランブルスクエア店,
PASMO,C7,AC79A,ハンズ,渋谷スクランブルスクエア店,
PASMO,C7,AC79B,ハンズ,渋谷スクランブルスクエア店,
PASMO,C7,AC7A2,Gourmand Market KINOKUNIYA,渋谷スクランブルスクエア店,
PASMO,C7,AC7A8,Gourmand Market KINOKUNIYA,渋谷スクランブルスクエア店,
PASMO,C7,AC7AB,Gourmand Market KINOKUNIYA,渋谷スクランブルスクエア店,
PASMO,C7,AC7AC,Gourmand Market KINOKUNIYA,渋谷スクランブルスクエア店,
PASMO,C7,AC842,モスバーガー,藤沢エスタ店,
PASMO,C7,AC858,アニメイト,秋葉原1号館,
PASMO,C7,AC86C,グリーンリーブスモール,日本赤十字社医療センター売店,
PASMO,C7,AC88A,#珈琲所#コメダ珈琲店,有楽町ビックカメラ店,
PASMO,C7,AC88F,KOMEDA is □,東銀座店,
PASMO,C7,AC8EF,#つけ麺専門店#三田製麺所,渋谷道玄坂店,
PASMO,C7,AC911,AKOMEYA TOKYO,東急プラザ渋谷,AKOMEYA食堂
PASMO,C7,AC9D5,#なんでも酒や#カクヤス,下赤塚店,
PASMO,C7,ACAC6,モスバーガー,京急久里浜店,
PASMO,C7,ACAD8,#珈琲所#コメダ珈琲店,横浜西口北幸店,
PASMO,C7,ACAFA,カルディコーヒーファーム,ゆめが丘ソラトス店,
PASMO,C7,ACBDA,テックランド,ゆめが丘ソラトス店,
PASMO,C7,ACBEA,カレーハウスCoCo壱番屋,渋谷並木橋店,
PASMO,C7,ACC7D,西松屋,三鷹武蔵境通り店,
PASMO,C7,ACE30,SOTETSU GOODS STORE,二俣川,
PASMO,C7,ACE50,スターバックスコーヒー,エミオ練馬店,
PASMO,C7,ACE5F,四十八漁場,九段下,
PASMO,C7,ACE63,PC USEFUL,,
PASMO,C7,ACE64,#鎌倉#豊島屋,扉店,
PASMO,C7,AD029,東急ストア,金町店,
PASMO,C7,AD095,Echika fit 永田町,フードコート,
PASMO,C7,AD096,Echika fit 永田町,フードコート,
PASMO,C7,AD097,#Café & Bar#T-Crossing,,
PASMO,C7,AD156,東急ストア,ららぽーと柏の葉店,
PASMO,C7,AD3FD,スターバックスコーヒー,錦糸町パルコ店,
PASMO,C7,AD3FE,スターバックスコーヒー,錦糸町パルコ店,
PASMO,C7,AD594,フレッシュネスバーガー,日本橋明治座前店,
PASMO,C7,AD5C0,魚べい,新通店,
PASMO,C7,AD5F8,らしんばん,秋葉原店新館,
PASMO,C7,AD7A4,スターバックスコーヒー,リザーブカフェ東京スカイツリータウン30F店,
PASMO,C7,AD7A5,スターバックスコーヒー,リザーブカフェ東京スカイツリータウン30F店,
PASMO,C7,AD7BC,クリエイトSD,八千代台南店,
PASMO,C7,AD924,ダイコクドラッグ,西新宿店,
PASMO,C7,AD92C,ダイコクドラッグ,歌舞伎町一丁目,
PASMO,C7,AD970,俺のイタリアン&Bakery,東京駅八重洲地下街,
PASMO,C7,AD97C,成城石井,エミオ田無店,
PASMO,C7,ADB7A,スターバックスコーヒー,池袋ショッピングパーク北館店,
PASMO,C7,ADC09,#米心伝菓#武平作,栃木駅前店,
PASMO,C7,ADCC5,セタリア,,
PASMO,C7,ADD79,リーベンハウス,東京三田サウスタワー店,
PASMO,C7,ADEC9,江ノ電グッズショップ,江ノ島,
PASMO,C7,ADF82,牛かつ あおな,渋谷三丁目店,
PASMO,C7,AE00B,あきばお〜,八號店(8号店),
PASMO,C7,AE00C,あきばお〜,弐號店(2号店),
PASMO,C7,AE08E,カフェ・ベローチェ,千歳烏山店,
PASMO,C7,AE091,カフェ・ベローチェ,新御茶ノ水店,
PASMO,C7,AE0A8,カフェ・ベローチェ,松濤店,
PASMO,C7,AE0C2,カフェ・ベローチェ,関内駅前店,
PASMO,C7,AE0C7,カフェ・ベローチェ,神楽坂駅前店,
PASMO,C7,AE0E1,カフェ・ベローチェ,幕張店,
PASMO,C7,AE0F3,カフェ・ベローチェ,新宿サブナード店,
PASMO,C7,AE1C9,ザ・ガーデン自由が丘,千葉店,
PASMO,C7,AE7FB,モスバーガー,渋谷円山町店,
PASMO,C7,AEA43,メロンブックス,水戸店,
PASMO,C7,AEB42,珈琲館,専大前本店,
PASMO,C7,AEB6C,珈琲館,奈良三条店,
PASMO,C7,AEBAE,じばさん商店,,
PASMO,C7,AEBB1,toks,渋谷田園都市改札口店,
PASMO,C7,AEBDD,カフェ・ベローチェ,三崎町店,
PASMO,C7,AEBDF,カフェ・ベローチェ,水道橋店,
PASMO,C7,AEC0A,カフェ・ベローチェ,新津田沼店,
PASMO,C7,AEC0D,カフェ・ベローチェ,大鳥居駅前店,
PASMO,C7,AEC18,カフェ・ベローチェ,神保町店,
PASMO,C7,AEC19,カフェ・ベローチェ,渋谷二丁目店,
PASMO,C7,AEC32,カフェ・ベローチェ,岩本町駅前店,
PASMO,C7,AEC33,カフェ・ベローチェ,岩本町駅前店,
PASMO,C7,AEC4C,カフェ・ベローチェ,幕張店,
PASMO,C7,AECD5,珈琲館,森ノ宮店,
PASMO,C7,AECD6,珈琲館,玉造店,
PASMO,C7,AEE12,餃子の王将,水道橋店,
PASMO,C7,AEF5D,スターバックスコーヒー,TSUTAYA BOOKSTORE 渋谷スクランブルスクエア店,
PASMO,C7,AF150,白洋舍,紫明店,
PASMO,C7,AF2DD,キャンドゥ,五反田東急スクエア店,
PASMO,C7,AF2DE,キャンドゥ,五反田東急スクエア店,
PASMO,C7,AF2DF,キャンドゥ,五反田東急スクエア店,
PASMO,C7,AF5EF,スターバックスコーヒー,西武新宿PePe店,
PASMO,C7,AF5F0,スターバックスコーヒー,西武新宿PePe店,
PASMO,C7,AF60C,スターバックスコーヒー,渋谷サクラステージ店,
PASMO,C7,AF60D,スターバックスコーヒー,渋谷サクラステージ店,
PASMO,C7,AF610,ココカラファイン,渋谷サクラステージ店,
PASMO,C7,AF611,ココカラファイン,渋谷サクラステージ店,
PASMO,C7,AF62E,タリーズコーヒー,Shibuya Sakura Stage店,
PASMO,C7,AF677,スターバックスコーヒー,池袋ショッピングパーク南館店,
PASMO,C7,AF678,スターバックスコーヒー,池袋ショッピングパーク南館店,
PASMO,C7,AF998,#つけ麺専門店#三田製麺所,水道橋東口店,
PASMO,C7,AFEBC,#博多らーめん#由丸,九段下店,
PASMO,C7,B073F,築地銀だこ ハイボール酒場,沖縄国際通り店,
PASMO,C7,C3570,#コンビニ#アロハ,,
PASMO,C7,C359B,リブレ京成,江戸川駅前店,
PASMO,C7,C35F8,筑波観光鉄道,宮脇,筑波山鋼索鉄道線
PASMO,C7,C36B6,タワーレコード,新宿店,
PASMO,C7,C36EE,熊本城ミュージアム わくわく座,,
PASMO,C7,C3787,ブックオフ,SUPER BAZAAR 川崎モアーズ店,
PASMO,C7,C385E,スターバックスコーヒー,京王笹塚店,
PASMO,C7,C399B,toks,日吉改札口,
PASMO,C7,C3A5E,toks,二子玉川上りホーム店,
PASMO,C7,C3ACA,ワイン食堂 ル・プティ・マルシェ,,
PASMO,C7,C3ADE,NICOTAMA DAYS CAFE,,
PASMO,C7,C3D78,スターバックスコーヒー,西船橋メトロピア店,
PASMO,C7,C4027,無印良品,五反田東急スクエア,
PASMO,C7,C431B,スターバックスコーヒー,みなとみらい東急スクエア店,
PASMO,C7,C4961,セリア,ウィングキッチン京急川崎店,
PASMO,C7,C4E6A,タリーズコーヒー,京急川崎駅店,
PASMO,C7,C4E6B,タリーズコーヒー,京急川崎駅店,
PASMO,C7,C5A79,大戸屋,六本木一丁目店,
PASMO,C7,C81B4,ちよだ鮨,住吉店,
PASMO,C7,F469B,島忠ホームズ,仙川店,
PASMO,C7,F46D2,#ファッションセンター#しまむら,西友東陽町店,
PASMO,C7,F4AC7,#ファッションセンター#しまむら,下鶴間店,
PASMO,C7,F4BFF,POTAMELT,千駄ヶ谷店,
PASMO,C7,F4C10,#ファッションセンター#しまむら,三軒茶屋店,
PASMO,C7,F4CC2,#ファッションセンター#しまむら,貝取店,
PASMO,C7,F4CE2,#ファッションセンター#しまむら,ホームズ仙川店,
PASMO,C7,F4E1D,EDOCCO SHOP IKIIKI,,
PASMO,C7,F4E2D,Odakyu OX,読売ランド店,
PASMO,C7,F564D,村田永楽園,,文具部
PASMO,C7,F573D,靖国神社,社頭神札所,
PASMO,C7,F6A73,#ファッションセンター#しまむら,調布Tokyu店,
PASMO,C7,F774F,タリーズコーヒー,京成日暮里駅店,
PASMO,C7,F7750,タリーズコーヒー,京成日暮里駅店,
PASMO,C7,F7E97,丸高名産店,,
PASMO,C7,F8BAE,おもちゃのハッピースマイル,八潮店,
PASMO,C7,F8C74,エクセルシオール カフェ,渋谷サクラステージ店,
PASMO,C7,F94F9,ぬいぐるみのリムとラム,熱海店,
PASMO,C8,0274F,自動販売機,#京王#吉祥寺駅,
PASMO,C8,02756,コインロッカー,#都営#都庁前駅,改札横
PASMO,C8,02763,自動販売機,京成八幡駅,ホーム上 6両編成6号車/8両編成7号車付近
PASMO,C8,02764,自動販売機,#つくばエクスプレス#研究学園駅,改札外
PASMO,C8,0276B,#名代#箱根そば,大和店,
PASMO,C8,02773,自動販売機,京成船橋駅,下りホーム 5号車停車位置
PASMO,C8,02776,自動販売機,#小田急#秦野駅,上りホーム
PASMO,C8,02785,#名代#箱根そば,成城学園前店,
PASMO,C8,02786,自動販売機,#都営#光が丘駅,ホーム
PASMO,C8,0278A,自動販売機,#東京メトロ#高田馬場駅,東西線1番線ホーム中野方
PASMO,C8,027A3,自動販売機,#小田急#千歳船橋駅,2番ホーム(小田原寄り)
PASMO,C8,027B0,自動販売機,#北総鉄道#白井駅,ホーム高砂寄り
PASMO,C8,027D1,自動販売機,#京王#神泉駅,改札外
PASMO,C8,027E9,自動販売機,#相鉄#上星川駅,1番線ホーム 階段下(エレベーター前)
PASMO,C8,027EA,自動販売機,#相鉄#西谷駅,3·4番線ホーム エスカレーター下
PASMO,C8,027F0,自動販売機,京急新子安駅,2番線ホーム
PASMO,C8,027F2,コインロッカー,#東京メトロ#豊洲駅,豊洲駅1 有楽町線6番出口付近
PASMO,C8,027F3,しぶそば,市が尾店,
PASMO,C8,027F7,自動販売機,#相鉄#湘南台駅,ホーム
PASMO,C8,02814,自動販売機,#東武#春日部駅,
PASMO,C8,0281C,#名代#箱根そば,マルシェ新百合ヶ丘店,
PASMO,C8,02822,自動販売機,電車とバスの博物館,A館
PASMO,C8,02832,#名代#箱根そば,愛甲石田店,
PASMO,C8,02834,#名代#箱根そば,百合ヶ丘店,
PASMO,C8,0283D,自動販売機,京成千葉駅,1番線ホーム
PASMO,C8,0284D,自動販売機,#東急#渋谷駅,半蔵門線・田園都市線ホーム 3号車付近
PASMO,C8,0289B,高幡そば,高幡不動駅店,
PASMO,C8,028A2,自動販売機,地下鉄博物館,休憩スペース
PASMO,C8,028A5,自動販売機,西武スマイルパーク,西所沢駅前第二駐輪場横
PASMO,C8,028EB,自動販売機,#都営#新宿三丁目駅,地下通路C5/C6出口付近
PASMO,C8,028F6,自動販売機,#東急#尾山台駅,1番線ホーム
PASMO,C8,0290E,コインロッカー,#東京メトロ#渋谷駅,副都心線渋谷駅 B2F改札外 出口13bエレベーター付近
PASMO,C8,02918,自動販売機,#小田急#新宿駅,地下ホーム 階段下左側
PASMO,C8,02934,自動販売機,#東急#二子新地駅,中央林間方面ホーム
PASMO,C8,02939,自動販売機,#京成#東成田駅,ホーム
PASMO,C8,0294C,高尾登山電鉄,清滝駅,
PASMO,C8,0294D,高尾登山電鉄,山麓駅,
PASMO,C8,0295F,自動販売機,#東急#戸越公園駅,南口改札
PASMO,C8,02966,PASMOチャージ機,#御岳登山鉄道#滝本駅,
PASMO,C8,0296F,自動販売機,#京王#千歳烏山駅,1番線ホーム 中央部
PASMO,C8,02973,自動販売機,#西武鉄道#西所沢駅,4番線ホーム上(化粧室脇)
PASMO,C8,0298F,自動販売機,#都営#新宿西口駅,ホーム
PASMO,C8,029A3,しぶそば,あざみ野店,
PASMO,C8,029C3,PASMOチャージ機,高尾登山電鉄清滝駅,
PASMO,C8,029CB,自動販売機,九段下駅,
PASMO,C8,029CD,自動販売機,#京王#橋本駅,ホーム3号車付近
PASMO,C8,029E7,タイムズ,お花茶屋駅前,
PASMO,C8,029EF,自動販売機,#東京メトロ#新御茶ノ水駅,千代田線ホーム南側
PASMO,C8,029F8,自動販売機,#ゆりかもめ#新豊洲駅,改札口脇(改札外)
PASMO,C8,029FE,自動販売機,#東京メトロ#新橋駅,銀座線 西新橋方面改札前
PASMO,C8,02A0B,コインロッカー,新宿西口広場,
PASMO,C8,02A2D,自動販売機,東京ビッグサイト,東展示棟 ガレリア 東3ホール前 入り口とトイレの間
PASMO,C8,02A36,#名代#富士そば,六本木店,
PASMO,C8,02A38,#名代#富士そば,大井町駅前店,
PASMO,C8,02A44,#名代#富士そば,市ヶ谷店,
PASMO,C8,02A50,自動販売機,#東京メトロ#溜池山王駅,赤坂方面改札外
PASMO,C8,02ABE,#名代#富士そば,昭和通り店,
PASMO,C8,02ADA,京王れーるランド,,
PASMO,C8,02AE2,自動販売機,#京王#新宿駅,3番線ホーム
PASMO,C8,02AE7,京成サイクルパーク,四ツ木駅高架下,
PASMO,C8,02B5A,自動販売機,#東武#加須駅,
PASMO,C8,02B7B,自動販売機,#東京メトロ#銀座一丁目駅,8番出口脇
PASMO,C8,02BC7,小諸そば,朝霞台店,
PASMO,C8,02C2F,東武博物館,,
PASMO,C8,02C77,しぶそば,中央林間店,
PASMO,C8,02C7E,自動販売機,法学館ビル,屋外
PASMO,C8,02CA6,PASMOチャージ機,グランドプリンスホテル新高輪,
PASMO,C8,02CAC,コインロッカー,#東京メトロ#後楽園駅,事務所脇通路出口5(春日通り方面改札出て左)
PASMO,C8,02CDC,自動販売機,#京急#品川駅,2・3番線ホーム 跨線橋浦賀方 階段下
PASMO,C8,02D33,自動販売機,#横浜市営#中田駅,券売機脇コインロッカー横
PASMO,C8,02D37,PASMOチャージ機,タイトーステーション 池袋西口店,
PASMO,C8,02D38,PASMOチャージ機,タイトーステーション 池袋西口店,
PASMO,C8,02D39,PASMOチャージ機,タイトーステーション 池袋西口店,
PASMO,C8,02D3B,PASMOチャージ機,タイトーステーション 池袋西口店,
PASMO,C8,02D81,頑者,TOKYO UNDERGROUND RAMEN,
PASMO,C8,02E01,自動販売機,全電通労働会館,1Fトイレ前
PASMO,C8,02E11,コインロッカー,#東京メトロ#麴町駅,有楽町線 麹町方面改札外
PASMO,C8,02E19,コインロッカー,#京急#汐入駅,改札内トイレ前
PASMO,C8,02E20,コインロッカー,#京急#三崎口駅,改札正面
PASMO,C8,02F9A,しぶそば,武蔵小杉店,
PASMO,C8,0302B,自動販売機,#横浜高速鉄道#日本大通り駅,改札外
PASMO,C8,04B10,PASMOチャージ機,タイトーステーション 池袋ロサ店,
PASMO,C8,186AF,西武スマイルパーク,富士見台駅前第1駐輪場,
PASMO,C8,186B0,西武スマイルパーク,富士見台駅前第2駐輪場,
PASMO,C8,186B2,西武スマイルパーク,富士見台駅前第3駐輪場,
PASMO,C8,186B3,自動販売機,#都営#東中野駅,自動券売機左側
PASMO,C8,186BB,自動販売機,#ゆりかもめ#青海駅,改札外 4番改札側
PASMO,C8,186C7,自動販売機,#小田急電鉄#善行駅,1番線 階段下
PASMO,C8,186CF,自動販売機,#秩父鉄道#三峰口駅,改札外
PASMO,C8,186D5,自動販売機,#京王#橋本駅,改札外
PASMO,C8,186E9,自動販売機,#都営#本八幡駅,構内
PASMO,C8,186F4,自動販売機,#西武鉄道#西所沢駅,構内
PASMO,C8,186F5,箱根そば本陣,新宿駅本店,
PASMO,C8,18712,自動販売機,#都営#東新宿駅,ホーム 5号車付近
PASMO,C8,1871F,#名代#富士そば,代々木店,
PASMO,C8,1872F,湘南NDビル駐輪場,,
PASMO,C8,1874E,自動販売機,相模鉄道株式会社上星川通信区,2階
PASMO,C8,18752,タイムズ,プライムギャラリーみなとみらい,
PASMO,C8,18753,自動販売機,#つくばエクスプレス#八潮駅,3・4番線ホーム 2号車停車位置
PASMO,C8,18755,自動販売機,#つくばエクスプレス#守谷駅,改札内コンコース 1・2番線ホーム行階段右隣
PASMO,C8,18759,自動販売機,#都営#大門駅,3・4番線ホーム
PASMO,C8,1875C,自動販売機,#つくばエクスプレス#研究学園駅,改札外
PASMO,C8,18762,自動販売機,#京成#常盤平駅,コンコース北口寄り
PASMO,C8,18767,自動販売機,#相鉄#海老名駅,ホーム
PASMO,C8,1876E,自動販売機,#都営#東中野駅,ホーム
PASMO,C8,18775,自動販売機,#つくばエクスプレス#研究学園駅,改札外
PASMO,C8,18779,#名代#富士そば,三光町店,
PASMO,C8,1878A,#名代#富士そば,浜松町店,
PASMO,C8,18790,自動販売機,#都営#大門駅,3・4番線ホーム 3号車付近
PASMO,C8,187A0,西武スマイルパーク,東大和市駅前第1駐輪場 精算機,
PASMO,C8,187A8,自動販売機,#都営#大門駅,1番線ホーム 改札付近
PASMO,C8,187AC,自動販売機,コスモ渋谷館,
PASMO,C8,187C7,自動販売機,#小田急#小田原駅,9·10番線ホーム 西側階段下9番線側
PASMO,C8,187D8,自動販売機,フジキビル,
PASMO,C8,187DB,自動販売機,#小田急#相模大野駅,3·4番線ホーム 南側売店裏
PASMO,C8,187F4,渋谷道玄坂自転車駐車場,B/C/Dエリア,
PASMO,C8,187F5,渋谷道玄坂自転車駐車場,Aエリア,
PASMO,C8,187FB,#名代#富士そば,西武新宿店,
PASMO,C8,187FF,自動販売機,#北総鉄道#印旛日本医大駅,改札外
PASMO,C8,18803,自動販売機,オダクル町田(小田急町田駅東口駐輪場),屋外 カリヨン坂
PASMO,C8,18818,#名代#富士そば,国立店,
PASMO,C8,18823,自動販売機,#東京メトロ#西船橋駅,7・8番線ホーム 6・7号車停車位置
PASMO,C8,18838,#名代#富士そば,立川店,
PASMO,C8,18844,自動販売機,横浜市交通局緑営業所,
PASMO,C8,18859,自動販売機,#東葉高速鉄道#東葉勝田台駅,ホーム5号車付近
PASMO,C8,1885C,自動販売機,#東京メトロ#落合駅,ホーム
PASMO,C8,18865,カレーショップ C&C,多摩センター店,
PASMO,C8,18867,#名代#富士そば,京急蒲田店,
PASMO,C8,1887B,自動販売機,#京急#追浜駅,2番線ホーム 三崎口方
PASMO,C8,18886,自動販売機,Y.PLACE,入口前
PASMO,C8,1888B,自動販売機,#東京メトロ#高田馬場駅,2番線ホーム中野寄り
PASMO,C8,1889D,自動販売機,#小田急#鶴巻温泉駅,北口改札口
PASMO,C8,188B5,自動販売機,関東鉄道自動車部 水戸営業所,通路内
PASMO,C8,188BB,#名代#富士そば,神楽坂店,
PASMO,C8,188BE,カレーショップ C&C,秋葉原店,
PASMO,C8,188BF,カレーショップ C&C,秋葉原店,
PASMO,C8,188D0,自動販売機,ロイヤーズビル 出入口前,屋外
PASMO,C8,188D2,カレーショップ C&C,笹塚店,
PASMO,C8,188E2,カレーショップ C&C,フレンテ明大前店,
PASMO,C8,188E3,カレーショップ C&C,調布南口店,
PASMO,C8,188E4,カレーショップ C&C,新線新宿店,
PASMO,C8,188E5,カレーショップ C&C,新線新宿店,
PASMO,C8,188E9,南大沢駅北自転車駐輪帯,,
PASMO,C8,188EB,自動販売機,#都営#門前仲町駅,改札外 コインロッカー隣
PASMO,C8,188EC,自動販売機,#関東鉄道#下館駅,南口 階段付近
PASMO,C8,1891D,#名代#富士そば,北千住店,
PASMO,C8,18932,自動販売機,#東急#日吉駅,
PASMO,C8,18946,わぉん。,,
PASMO,C8,1894C,カレーショップ C&C,新木場メトロピア店,
PASMO,C8,1894D,カレーショップ C&C,新木場メトロピア店,
PASMO,C8,18952,自動販売機,関東鉄道自動車部 水戸営業所,待合ベンチ前
PASMO,C8,18970,えきめんや,追浜店,
PASMO,C8,18972,えきめんや,京急久里浜店,
PASMO,C8,18973,えきめん茶屋,三崎口店,
PASMO,C8,189A2,自動販売機,オダクル町田(小田急町田駅東口駐輪場),屋外 カリヨン坂
PASMO,C8,189AB,自動販売機,#京王#千歳烏山駅,1番線ホーム 待合室横
PASMO,C8,189CF,だし茶漬け えん,高田馬場メトロピア店,
PASMO,C8,189D7,自動販売機,#東急#渋谷駅,地下3階 渋谷ヒカリエ1改札内 Dエレベーター付近
PASMO,C8,189E3,高幡そば,明大前店,
PASMO,C8,189FE,電車とバスの博物館,,
PASMO,C8,18A18,梅もと,新宿西口店,
PASMO,C8,18A19,梅もと,新宿西口店,
PASMO,C8,18A2C,自動販売機,#東京メトロ #大手町駅,改札外 西改札 B1出口付近
PASMO,C8,18A35,自動販売機,#京急#横浜駅,2番線ホーム北寄り 12両編成9号車付近
PASMO,C8,18A3B,自動販売機,ファミリーマート成田空港駅店,
PASMO,C8,18A44,#名代#富士そば,秋葉原電気街店,
PASMO,C8,18A49,自動販売機,#東京メトロ#錦糸町駅,ホーム4号車付近
PASMO,C8,18A6C,自動販売機,関東鉄道自動車部 水戸営業所,通路内
PASMO,C8,18A70,#そば処#めとろ庵,新木場店,
PASMO,C8,18A71,#そば処#めとろ庵,新木場店,
PASMO,C8,18A73,#そば処#めとろ庵,西船橋店,
PASMO,C8,18A7D,万葉そば,つつじヶ丘店,
PASMO,C8,18A80,カレーショップ C&C,ぷらりと京王府中店,
PASMO,C8,18A82,自動販売機,#関東鉄道#守谷駅,3・4番線ホーム
PASMO,C8,18A92,東京都観光汽船,有明客船ターミナル,
PASMO,C8,18A93,#名代#富士そば,渋谷東口店,
PASMO,C8,18A9B,#名代#箱根そば,海老名店,
PASMO,C8,18AA2,自動販売機,#関東鉄道#守谷駅,改札内 コンコース
PASMO,C8,18AB4,#名代#富士そば,大久保店,
PASMO,C8,18ACB,自動販売機,#京成#八千代台駅,3・4番線ホーム 4号車停車位置
PASMO,C8,18AD1,#そばうどん#元長,百合ヶ丘店,
PASMO,C8,18AD2,#名代#箱根そば,伊勢原店,
PASMO,C8,18AEE,西友,花小金井店,お客様駐輪場【B】
PASMO,C8,18B4B,#名代#富士そば,秋葉原電気街店,
PASMO,C8,18B4E,#名代#富士そば,赤坂見附店,
PASMO,C8,18B5A,自動販売機,京成成田駅,改札横
PASMO,C8,18B78,#西武秩父駅前温泉#祭の湯,#呑食処#祭の宴#(フードコート),
PASMO,C8,18B79,#西武秩父駅前温泉#祭の湯,#呑食処#祭の宴#(フードコート),
PASMO,C8,18B7A,#西武秩父駅前温泉#祭の湯,#呑食処#祭の宴#(フードコート),
PASMO,C8,18B7B,#西武秩父駅前温泉#祭の湯,#呑食処#祭の宴#(フードコート),
PASMO,C8,18B89,#名代#富士そば,渋谷下田ビル店,
PASMO,C8,18B8D,#名代#富士そば,浜松町店,
PASMO,C8,18BAC,自動販売機,#東急#渋谷駅,半蔵門線・田園都市線ホーム 5号車付近
PASMO,C8,18BCD,自動販売機,#京急#三崎口駅,2番線ホーム
PASMO,C8,18BEC,#名代#箱根そば,経堂店,
PASMO,C8,18BF9,自動販売機,#京急#横浜駅,1番線ホーム
PASMO,C8,18C24,自動販売機,野々ビル,屋外
PASMO,C8,18C34,自動販売機,地下鉄博物館,
PASMO,C8,18C55,#名代#富士そば,三軒茶屋店,
PASMO,C8,18C96,コマ展望台,2階 展望レストラン,
PASMO,C8,18CB9,自動販売機,#東武#柏駅,3・4番線 ホーム端
PASMO,C8,18CE2,#名代#箱根そば,下北沢店,
PASMO,C8,18CF2,自動販売機,渋谷BEAM,1F よしもと側出口
PASMO,C8,18D00,北海道らーめん 味丸,,
PASMO,C8,18D29,#麺匠#真武咲弥,渋谷店,
PASMO,C8,18D33,自動販売機,#西武鉄道#西所沢駅,改札外
PASMO,C8,18D56,自動販売機,渋谷TSKビル,
PASMO,C8,18D7A,自動販売機,#東武#柏駅,コンコース 3・4番線階段付近
PASMO,C8,18D7E,自動販売機,岡三桜丘ビル,
PASMO,C8,18D8B,自動販売機,東京交通短期大学,4F 学生ホール 給湯スペース内
PASMO,C8,18D98,自動販売機,岡三桜丘ビル,
PASMO,C8,18DA9,自動販売機,#東京メトロ#大手町駅,東西線ホーム 1号車付近
PASMO,C8,18DE3,高尾登山電鉄 天狗焼,,
PASMO,C8,18E15,自動販売機,#東京メトロ#日本橋駅,東西線3号車付近
PASMO,C8,18E16,#名代#富士そば,三田店,
PASMO,C8,18E2E,#そば処#めとろ庵,門前仲町店,
PASMO,C8,18E45,自動販売機,#東急#渋谷駅,半蔵門線・田園都市線ホーム 9号車付近
PASMO,C8,18E4F,#名代#箱根そば,海老名東口店,
PASMO,C8,18E5C,#名代#富士そば,水道橋店,
PASMO,C8,18E7B,#名代#富士そば,渋谷桜丘店,
PASMO,C8,18E82,自動販売機,九段下駅,2番出口 階段下
PASMO,C8,18E87,#名代#富士そば,道玄坂店,
PASMO,C8,18E88,#名代#富士そば,道玄坂店,
PASMO,C8,18E8A,自動販売機,居酒屋 肴とり 渋谷店,店舗外 ランブリングストリート
PASMO,C8,18E9A,カレーショップ C&C,大手町メトロピア店,
PASMO,C8,18EBD,カレーショップ C&C,大手町メトロピア店,
PASMO,C8,18F56,自動販売機,#東京メトロ#落合駅,山手通り方面改札前
PASMO,C8,18F57,自動販売機,小田急GSE70051F編成,4号車サハ70151箱根湯本方
PASMO,C8,18FA2,自動販売機,#東京メトロ#西船橋駅,7・8番線ホーム 6・7号車停車位置
PASMO,C8,18FC5,自動販売機,九段下駅,2番線ホーム 西船橋方
PASMO,C8,18FD1,自動販売機,#東急#祐天寺駅,3番線ホーム 2号車付近
PASMO,C8,19016,自動販売機,九段下駅,2番出口 階段下
PASMO,C8,191A7,自動販売機,九段下駅,3番線ホーム 2〜3号車付近
PASMO,C8,1A5E0,PASMOチャージ機,#御岳登山鉄道#御岳山駅,改札口
PASMO,C8,1A9CB,リンガーハット,渋谷道玄坂店,
PASMO,C8,1A9CE,やよい軒,中野北口店,
PASMO,C8,1A9D4,コインロッカー,#京成#八千代台駅,
PASMO,C8,1A9DD,コインロッカー,#東京メトロ#二重橋前駅,
PASMO,C8,1A9F2,コインロッカー,#京王#新宿駅,B-1
PASMO,C8,1A9F6,コインロッカー,#東武鉄道#栃木駅,
PASMO,C8,1A9FC,コインロッカー,#京王#分倍河原駅,A
PASMO,C8,1AA06,コインロッカー,#東京メトロ#六本木一丁目駅,3番出入口付近
PASMO,C8,1AA17,コインロッカー,#京王#初台駅,北口階段
PASMO,C8,30D59,ファミリーマート,TXつくば駅店,
PASMO,C8,30ED2,ファミリーマート,エキアプレミエ和光店,
PASMO,C8,30F04,ファミリーマート,川越駅ホーム店,
PASMO,C8,31300,自動販売機,南平台ビル,
PASMO,C8,31331,自動販売機,ファミリーマート相鉄二俣川駅店,1·2番線ホーム
PASMO,C8,31332,自動販売機,ファミリーマート相鉄二俣川駅店,1·2番線ホーム
PASMO,C8,3133A,自動販売機,京王コインパーク 神泉円山町,
PASMO,C8,316D1,自動販売機,#京王#八王子駅,ホーム
PASMO,C8,31862,QBハウス,京王モールアネックス店,
PASMO,C8,32428,自動販売機,日交渋谷南平台ビル,1F 裏口
PASMO,C8,32706,自動販売機,ファミールメゾン,駐車場 南東端
PASMO,C8,3284F,TSUTAYA BOOKSTORE,渋谷スクランブルスクエア,
PASMO,C8,32A9B,自動販売機,日立製作所日立事業所,海岸工場1号館(増設)2階
PASMO,C8,32E9B,マクドナルド,たまプラーザテラス店,
PASMO,C8,32E9C,マクドナルド,たまプラーザテラス店,
PASMO,C8,32E9D,マクドナルド,たまプラーザテラス店,
PASMO,C8,331F5,自動販売機,渋谷区立桜丘公園,
PASMO,C8,33AB6,マクドナルド,中央林間駅店,
PASMO,C8,33AB7,マクドナルド,中央林間駅店,
PASMO,C8,33AB8,マクドナルド,中央林間駅店,
PASMO,C8,340B8,マクドナルド,渋谷サクラステージ店,
PASMO,C8,340B9,マクドナルド,渋谷サクラステージ店,
PASMO,C8,340BA,マクドナルド,渋谷サクラステージ店,
PASMO,C8,340BB,マクドナルド,渋谷サクラステージ店,
PASMO,C8,34349,TOMONY,中井駅店,
PASMO,C8,3434A,TOMONY,中井駅店,
PASMO,C8,3475A,自動販売機,渋谷たばこ商業協同組合ビル,右側
PASMO,C8,349CD,えの木駐車場,,
PASMO,C8,35A26,セブン‐イレブン,京急STみなとみらい横浜南改札店,
PASMO,C8,35A27,セブン‐イレブン,京急STみなとみらい横浜南改札店,
PASMO,C8,38C89,自動販売機,#横浜市営#上大岡駅,出口1
PASMO,C8,4AFFC,自動販売機,#新宿区立#新宿文化センター,1階ロビー
PASMO,C8,60E52,自動販売機,桂坂センター前パーキング,敷地外 下歩道上 東側
PASMO,C8,AAE83,セブン銀行,セブン‐イレブン 小田急マルシェ湘南台店 共同出張所,
PASMO,C8,AAE8D,セブン銀行,セブン‐イレブン 小田急本厚木店 共同出張所,
PASMO,C8,AAE8E,セブン銀行,セブン‐イレブン 小田急経堂店 共同出張所,
PASMO,C8,AAE8F,セブン銀行,セブン‐イレブン 小田急経堂店 共同出張所,
PASMO,C8,AAE9F,セブン銀行,セブン‐イレブン 小田急マルシェ湘南台店 共同出張所,
PASMO,C8,AAEC5,LAWSON+toks,二子玉川店,
PASMO,C8,AAEC6,ローソン,渋谷ヒカリエ店,
PASMO,C8,AAF43,ウポポイ 民族共生象徴空間,,
PASMO,C8,AAF7C,ローソン,箱根二ノ平店,
PASMO,C8,AAF7D,ローソン,箱根二ノ平店,
PASMO,C8,AAFB5,LAWSON+toks,横浜駅店,
PASMO,C8,AAFB6,LAWSON+toks,自由が丘上りホーム店,
PASMO,C8,AAFC7,LAWSON+toks,渋谷スクランブルスクエア店,
PASMO,C8,AAFC8,LAWSON+toks,渋谷スクランブルスクエア店,
PASMO,C8,AAFC9,LAWSON+toks,渋谷スクランブルスクエア店,
PASMO,C8,AAFCA,LAWSON+toks,渋谷スクランブルスクエア店,
PASMO,C8,AAFCB,LAWSON+toks,渋谷スクランブルスクエア店,
PASMO,C8,AAFCC,LAWSON+toks,渋谷スクランブルスクエア店,
PASMO,C8,AAFCD,LAWSON+toks,渋谷スクランブルスクエア店,
PASMO,C8,AAFCE,LAWSON+toks,渋谷スクランブルスクエア店,
PASMO,C8,AAFD9,LAWSON+toks,大井町ホーム店,
PASMO,C8,AAFE5,ローソン,渋谷ヒカリエ店,
PASMO,C8,AAFED,LAWSON+toks,たまプラーザ駅店,
PASMO,C8,AAFF4,LAWSON+toks,自由が丘下りホーム店,
PASMO,C8,AAFFD,東武ストア,津田沼店,
PASMO,C8,AAFFE,LAWSON+toks,エトモ綱島店,
PASMO,C8,AAFFF,LAWSON+toks,三軒茶屋駅店,
PASMO,C8,AB027,LAWSON+toks,中央林間店,
PASMO,C8,AB082,セブン銀行,セブン‐イレブン 京急ST汐入店 共同出張所,
PASMO,C8,AB105,ローソン銀行ATM,箱根二ノ平共同出張所,
PASMO,C8,AB126,#お食事処#庄内亭,,
PASMO,C8,AB127,#お食事処#庄内亭,,
PASMO,C8,AB15B,LAWSON+toks,武蔵小杉駅店,
PASMO,C8,AB1E3,ローソン,メトロス渋谷店,
PASMO,C8,AB1E4,ローソン,メトロス渋谷店,
PASMO,C8,AB1EA,ローソン,メトロス豊洲店,
PASMO,C8,AB1FD,ローソン,飯田橋メトロピア店,
PASMO,C8,AB1FE,ローソン,飯田橋メトロピア店,
PASMO,C8,AB205,ナチュラルローソン,大手町メトロピア店,
PASMO,C8,AB20B,ローソン,神保町メトロピア店,
PASMO,C8,AB213,ローソン,本郷三丁目メトロピア店,
PASMO,C8,AB21B,ローソン,新富町メトロピア店,
PASMO,C8,AB220,ローソン,メトロス茅場町中央口店,
PASMO,C8,AB22C,ナチュラルローソン,大手町西メトロピア店,
PASMO,C8,AB230,ローソン,南千住メトロピア店,
PASMO,C8,AB231,ローソン,南千住メトロピア店,
PASMO,C8,AB232,ローソン,南千住メトロピア店,
PASMO,C8,AB234,生活彩家,ヒルトピア店,
PASMO,C8,AB237,ローソン,Echika池袋店,
PASMO,C8,AB2BF,東急ストア,金町店,
PASMO,C8,AB31D,ポプラ,府中西原店,
PASMO,C8,AB525,ゆめが丘ソラトス,,
PASMO,C8,AB534,LAWSON+toks,渋谷サクラステージ店,
PASMO,C8,AB770,フレッシュネスバーガー,蒲田店,
PASMO,C8,AB771,フレッシュネスバーガー,蒲田店,
PASMO,C8,AB772,ローソン銀行ATM,toks武蔵小杉駅共同出張所,
PASMO,C8,AB773,ローソン銀行ATM,toks武蔵小杉駅共同出張所,
PASMO,C8,AD3DA,ヴィ・ド・フランス,羽田空港店,
PASMO,C8,C374F,スマートマルシェ,アパホテル〈横浜関内〉,
PASMO,C8,C6826,自動販売機,ホテルスタークレセント,駐車場出入口
PASMO,C8,F484E,快活CLUB,船橋駅南口店,
PASMO,C8,F4964,マルチ電子マネーチャージ機,ハイテクランド セガ 渋谷,
PASMO,C8,F4C15,マルチ電子マネーチャージ機,GiGO 宇都宮,
PASMO,C8,F4CFE,ウェンディーズ・ファーストキッチン,京王フレンテ新宿3丁目店,
PASMO,C8,F4CFF,ウェンディーズ・ファーストキッチン,京王フレンテ新宿3丁目店,
PASMO,C8,F4DA2,POCKET CHANGE,羽田空港 第3ターミナル 到着ロビー 2階,
PASMO,C8,F4DA3,POCKET CHANGE,京急線 羽田空港第3ターミナル駅 2階,
PASMO,C8,F4DAA,POCKET CHANGE,H.I.S. 新宿本社営業所 1階,
PASMO,C8,F4DAE,POCKET CHANGE,川崎DICE 1階 TSUTAYA 川崎駅前店,
PASMO,C8,F4E0D,マルチ電子マネーチャージ機,GiGO船堀,
PASMO,C8,F4FF7,マルチ電子マネーチャージ機,セガ イオンモールむさし村山,
PASMO,C8,F509F,POCKET CHANGE,羽田空港 第1ターミナル 1階到着ロビー 南側,
PASMO,C8,F50AB,POCKET CHANGE,BOOKOFF 池袋サンシャイン60通り店,
PASMO,C8,F50B9,POCKET CHANGE,WANDER COMPASS BEPPU,
PASMO,C8,F5191,POCKET CHANGE,アイサポ mineo渋谷店,
PASMO,C8,F54FA,マルチ電子マネーチャージ機,GiGO秋葉原5号館,
PASMO,C8,F5875,マルチ電子マネーチャージ機,タイトーステーション 渋谷店,
PASMO,C8,F6193,#肉うどん 肉めし#甚三,渋谷本店,
PASMO,C8,F6307,北海道どさんこプラザ,羽田空港店,
PASMO,C8,F6570,カレースマイル,,
PASMO,C8,F6827,マルチ電子マネーチャージ機,GiGO 有明ガーデン,
PASMO,C8,F694E,マンマチャオ,千歳台店,
PASMO,C8,F7694,Odakyu OX,代々木上原店,
PASMO,C8,F8EAA,チャージ機,SHIBUYA TSUTAYA,
PASMO,C8,F8EAB,チャージ機,SHIBUYA TSUTAYA,
PASMO,C8,FA526,ペッパーランチ,水道橋店,
PASMO,C8,FA7E8,ペッパーランチ,水道橋店,
PASMO,C8,FAC47,台湾ラーメン江楽,守山本店,
PASMO,C8,FAD40,上等カレー,大和西大寺駅店,
PASMO,C8,FB5C4,ゴーゴーカレー,亀有スタジアム店,
PASMO,C8,FB6CE,#とんかつ#濱かつ,マイング博多店,
SAPICA,C7,002D6,セイコーマート,うちだ店,
SAPICA,C7,004B4,セイコーマート,円山南1条店,
SAPICA,C7,00602,セイコーマート,木の花店,
SAPICA,C7,0064C,セイコーマート,北海道庁店,
SAPICA,C7,0070F,セイコーマート,教育大駅前店,
SAPICA,C7,00710,セイコーマート,教育大駅前店,
SAPICA,C7,01490,サツドラ,岩内清住店,
SAPICA,C7,01491,サツドラ,岩内清住店,
SAPICA,C7,01E72,セイコーマート,平岡7条店,
SAPICA,C7,02286,セイコーマート,さいたま今羽店,
SAPICA,C7,02287,セイコーマート,さいたま今羽店,
SAPICA,C8,07684,自動販売機,#札幌市営#中の島駅,
SAPICA,C8,07706,札幌市役所地下食堂,,
SAPICA,C8,07714,自動販売機,札幌運転免許試験場,3階
SAPICA,C8,07779,白石区役所食堂,,
SAPICA,C8,0799D,#横浜家系ラーメン#銀家,伊勢佐木町店,
SAPICA,C8,079B5,コインロッカー,GREEN SPRINGS,
SAPICA,C8,07B10,伝説のすた丼屋,秋葉原店,
SUGOCA,C7,0000F,ドン・キホーテ,中洲店,
SUGOCA,C7,00011,ドン・キホーテ,中洲店,
SUGOCA,C7,00BEF,久米島薬草,,
SUGOCA,C7,013BB,ドトールコーヒーショップ,JR博多駅新幹線店,
SUGOCA,C7,01C66,タリーズコーヒー,那覇空港店,
SUGOCA,C7,01C67,タリーズコーヒー,那覇空港店,
SUGOCA,C7,023DD,ドトールコーヒーショップ,JR小倉駅新幹線店,
SUGOCA,C7,02723,積文館書店,佐賀駅店,
SUGOCA,C7,02745,まるうま,千早店,
SUGOCA,C7,02750,JR九州ホテル,小倉,
SUGOCA,C7,027E5,東筑軒,若松駅うどん店,
SUGOCA,C7,027F0,サブウェイ,ヨドバシ博多店,
SUGOCA,C7,027FF,珈琲館,JR博多駅店,
SUGOCA,C7,02805,トランドール,大分駅店,
SUGOCA,C7,02838,中央軒,待合室売店,
SUGOCA,C7,02885,シアトルズベストコーヒー,九州大学病院店,
SUGOCA,C7,02887,八百治博多ホテル,,
SUGOCA,C7,0288F,ユニクロ,アミュエスト博多店,
SUGOCA,C7,028B0,サブウェイ,アミュプラザおおいた店,
SUGOCA,C7,028B6,#居酒屋#てっ平,,
SUGOCA,C7,02A9C,#廻る寿司#めっけもん,鹿児島中央駅店,
SUGOCA,C7,02AA0,薩摩蒸氣屋,JR鹿児島中央駅店,
SUGOCA,C7,02AB4,シアトルズベストコーヒー,ヨドバシ博多店,
SUGOCA,C7,02AB7,#めしや#多幸橋本店,,
SUGOCA,C7,02ABE,#トンカツ&カラアゲ#あかね農場,吉塚駅前店,
SUGOCA,C7,02ABF,#博多#ビストロタケノヤ,吉塚駅前店,
SUGOCA,C7,02AC6,寿司居酒屋 竹乃屋,吉塚店,
SUGOCA,C7,02AE3,デュークスホテル,博多,
SUGOCA,C7,02AE7,福岡大学第一食堂,,
SUGOCA,C7,02AEC,中央軒,3番ホーム売店,
SUGOCA,C7,02AED,中央軒,2番ホーム売店,
SUGOCA,C7,02AEE,中央軒,1番ホーム売店,
SUGOCA,C7,02AF1,#酒蔵#友添,,
SUGOCA,C7,02AF8,ミニヨン,大分駅店,
SUGOCA,C7,02AFD,#カフェ#ネスカフェ,博多,
SUGOCA,C7,02B00,大福うどん,博多一番街店,
SUGOCA,C7,02B14,#食事処#ニュー因幡,,
SUGOCA,C7,02B27,寅ちゃんうどん,,
SUGOCA,C7,02B2B,#北九州駅弁当#かしわうどん ぷらっとぴっと,小倉駅 1番2番ホーム,
SUGOCA,C7,02B39,トランドール,宮崎駅店,
SUGOCA,C7,02B3E,門司港レトロ展望室,,
SUGOCA,C7,02B53,シアトルズベストコーヒー,姪浜駅店,
SUGOCA,C7,02B6F,シアトルズベストコーヒー,天神西通り店,
SUGOCA,C7,02B7C,シナボン・シアトルズベストコーヒー,アミュプラザおおいた店,
SUGOCA,C7,02E97,やんばる急行バス,,
SUGOCA,C7,02E9A,大福うどん,えきちか店,
SUGOCA,C7,02E9F,やんばる急行バス,,
SUGOCA,C7,03024,うまや,JR博多シティ店,
SUGOCA,C7,03030,#まわる寿司#博多魚がし,博多1番街店,
SUGOCA,C7,0303D,中央軒,新鳥栖駅売店,
SUGOCA,C7,03040,ビアンモール,九州大学病院店,
SUGOCA,C7,03048,想夫恋,JRフレスタ久留米駅,
SUGOCA,C7,03096,東筑軒,直方駅うどん店,
SUGOCA,C7,03193,やきとり六角道,,
SUGOCA,C7,03194,名代ラーメン亭,博多駅地下街店,
SUGOCA,C7,031A1,とんかつ あら玉,,
SUGOCA,C7,031A9,#Restaurant&Sweets#うふふ,佐賀駅店,
SUGOCA,C7,031AA,セリア,えきマチ1丁目吉塚店,
SUGOCA,C7,031AC,#佐世保バーガー#LOG KIT,佐世保駅店,
SUGOCA,C7,031DF,八百屋の九ちゃん,吉塚店,
SUGOCA,C7,032A8,シアトルズベストコーヒー,JR鹿児島中央店,
SUGOCA,C7,032B1,JR九州ホテル,ブラッサム博多中央,
SUGOCA,C7,032B7,キャンドゥ,JR千早駅店,
SUGOCA,C7,032BB,大牟田うどん店,大牟田駅構内,
SUGOCA,C7,032C1,黄金彩,千早駅前店,
SUGOCA,C7,033FD,九州鉄道記念館,,
SUGOCA,C7,037C7,すき家,博多駅前二丁目店,
SUGOCA,C7,037C8,すき家,博多駅前二丁目店,
SUGOCA,C7,03AC8,サブウェイ,那覇新都心店,
SUGOCA,C7,03AC9,サブウェイ,那覇新都心店,
SUGOCA,C7,03B43,Passerelle,,
SUGOCA,C7,03B44,Passerelle,,
SUGOCA,C7,03B45,Passerelle,,
SUGOCA,C7,03FF3,南ウイング売店,,
SUGOCA,C7,03FF4,南ウイング売店,,
SUGOCA,C7,041DF,はなまるうどん,佐世保四ヶ町店,
SUGOCA,C7,0470C,ラッキー自動車,福岡本社,
SUGOCA,C7,04833,ラッキー1,,
SUGOCA,C7,04841,ラッキー1,,
SUGOCA,C7,04844,ラッキー1,,
SUGOCA,C7,04845,ラッキー1,,
SUGOCA,C7,04848,ラッキー1,,
SUGOCA,C7,04C59,はやし家製麺所,高松空港店,
SUGOCA,C7,072F0,清流タクシー,,
SUGOCA,C7,09DCD,サンタクシー,,
SUGOCA,C7,0A5AE,サンタクシー,,
SUGOCA,C7,0A5C8,親和交通,,
SUGOCA,C7,0A628,藤丸タクシー,,
SUGOCA,C7,0A87A,ドトールコーヒーショップ,地下鉄博多駅博多口店,
SUGOCA,C7,0B097,福岡交通,,
SUGOCA,C7,0B0AF,福岡交通,,
SUGOCA,C7,0B0BA,福岡交通,,
SUGOCA,C7,0B0DB,福岡交通,,
SUGOCA,C7,0B0F1,福岡交通,,
SUGOCA,C7,0B85E,文化タクシー,,
SUGOCA,C7,0B898,シティタクシー,,
SUGOCA,C7,0B8A2,シティタクシー,,
SUGOCA,C7,0B8A3,シティタクシー,,
SUGOCA,C7,0B8A6,シティタクシー,,
SUGOCA,C7,0B906,姪浜タクシー,,
SUGOCA,C7,0B929,大池タクシー,,
SUGOCA,C7,0B962,五十川タクシー,,
SUGOCA,C7,0BB54,大和自動車,,
SUGOCA,C7,0BB56,大和自動車,,
SUGOCA,C7,0BB65,大和自動車,,
SUGOCA,C7,0BB87,福運タクシー,,
SUGOCA,C7,0BB9A,福運タクシー,,
SUGOCA,C7,0BB9E,福運タクシー,,
SUGOCA,C7,0BBD7,春吉タクシー,本社営業所,
SUGOCA,C7,0BD60,玄洋交通,,
SUGOCA,C7,0BD85,祐徳自動車,,
SUGOCA,C7,0BD8D,祐徳自動車,,
SUGOCA,C7,0BD9F,祐徳自動車,,
SUGOCA,C7,0BDBD,第一タクシー,,
SUGOCA,C7,0BDC0,第一タクシー,,
SUGOCA,C7,0BDCB,第一タクシー,,
SUGOCA,C7,0BEB1,毎日交通,,
SUGOCA,C7,0C04A,福岡交通,,
SUGOCA,C7,0C04E,福岡交通,,
SUGOCA,C7,0C068,ラッキー自動車,福岡本社,
SUGOCA,C7,0C06B,ラッキー自動車,福岡本社,
SUGOCA,C7,0C07F,ラッキー自動車,福岡本社,
SUGOCA,C7,0C08E,ラッキー自動車,福岡本社,
SUGOCA,C7,0C0B1,ラッキー自動車,福岡本社,
SUGOCA,C7,0C0B6,ラッキー自動車,福岡本社,
SUGOCA,C7,0C0C4,ラッキー自動車,福岡本社,
SUGOCA,C7,0C11E,ラッキー1,,
SUGOCA,C7,0C129,ラッキー1,,
SUGOCA,C7,0C12D,ラッキー1,,
SUGOCA,C7,0C143,ラッキー1,,
SUGOCA,C7,0C158,ラッキー1,,
SUGOCA,C7,0C167,ラッキー1,,
SUGOCA,C7,0C184,ラッキー1,,
SUGOCA,C7,0C19F,福岡南国交通,,
SUGOCA,C7,0C1AC,福岡南国交通,,
SUGOCA,C7,0C1C3,福岡南国交通,,
SUGOCA,C7,0C1E9,福岡南国交通,,
SUGOCA,C7,0C20D,板付交通,,
SUGOCA,C7,0D306,双葉交通,,
SUGOCA,C7,0D633,西日本タクシー,本社営業所,
SUGOCA,C7,0D659,西日本タクシー,本社営業所,
SUGOCA,C7,0E1F1,なの花タクシー,,
SUGOCA,C7,1873E,スイーツパラダイス,アミュプラザおおいた店,
SUGOCA,C7,18770,ハンズ,大分店,
SUGOCA,C7,18773,キデイランド,アミュプラザおおいた店,
SUGOCA,C7,18776,ポポンデッタ,アミュプラザおおいた店,
SUGOCA,C7,18798,豚屋とん一,アミュプラザおおいた店,
SUGOCA,C7,1879A,#龍の家#らーめん息吹,アミュプラザおおいた店,
SUGOCA,C7,1879C,杵屋麦丸,大分駅アミュプラザ店,
SUGOCA,C7,1879D,ぼてぢゅう屋台,アミュプラザおおいた店,
SUGOCA,C7,187AC,紀伊國屋書店,アミュプラザおおいた店,
SUGOCA,C7,187AD,紀伊國屋書店,アミュプラザおおいた店,
SUGOCA,C7,187B0,ぎゅう丸,アミュプラザおおいた店,
SUGOCA,C7,187BA,#そば茶屋#吹上庵,JRおおいたシティ店,
SUGOCA,C7,1895F,豊後酒場,アミュプラザおおいた店,
SUGOCA,C7,1896A,はらロール+cafe,博多店,
SUGOCA,C7,18971,à la campagne,博多店,
SUGOCA,C7,18978,DEAN&DELUCA,アミュプラザ博多,
SUGOCA,C7,18A06,PRESS BUTTER SAND,博多駅店,
SUGOCA,C7,18A2A,ポポンデッタ,アミュプラザ博多店,
SUGOCA,C7,18A33,#博多うどん酒場#和八,,
SUGOCA,C7,18A34,L'ECAILLER OYSTER BAR,JR博多シティ店,
SUGOCA,C7,18A35,餃子のテムジン,博多くうてん店,
SUGOCA,C7,18A38,#博多#ビストロタケノヤ,JR博多シティ店,
SUGOCA,C7,18A53,石臼挽きそば 石月,福岡店,
SUGOCA,C7,18A5B,#海鮮居酒屋#博多トク・トク,博多駅店,
SUGOCA,C7,18A5D,行集談四朗商店,,
SUGOCA,C7,18A5E,四川飯店,博多シティ店,
SUGOCA,C7,18A74,DOUG'S COFFEE,博多駅店,
SUGOCA,C7,18A99,DRAGON SEA,,
SUGOCA,C7,18B7B,ざぼんラーメン,アミュプラザ鹿児島店,
SUGOCA,C7,18C56,トランドール,佐賀駅店,
SUGOCA,C7,18C57,シアトルズベストコーヒー,JR佐賀駅店,
SUGOCA,C7,18C5B,#ポッポおじさんの#塩からあげ,小倉駅店,
SUGOCA,C7,18C5E,#おかずや日本のお母さん#クック・チャム,小倉駅店,
SUGOCA,C7,18C6B,ビアードパパ,アミュプラザ小倉店,
SUGOCA,C7,18C74,グランドゥアムール,アミュプラザ小倉店,
SUGOCA,C7,18C77,Kingberry あまおうチーズケーキファクトリー,アミュプラザ小倉店,
SUGOCA,C7,18CDC,北九州駅弁当,アミュプラザ小倉店,
SUGOCA,C7,18CED,#鉄板焼#天神ホルモン,アミュプラザ小倉店,
SUGOCA,C7,18CEE,紅虎餃子房,アミュプラザ小倉店,
SUGOCA,C7,18CEF,#廻転寿司#平四郎,アミュプラザ店,
SUGOCA,C7,18CF0,#定食屋#百菜 旬,アミュプラザ小倉店,
SUGOCA,C7,18CF1,#創作オムライス#ポムの樹,アミュプラザ小倉店,
SUGOCA,C7,18CF4,くまざわ書店,小倉店,
SUGOCA,C7,18CFD,#博多純情らーめん#ShinShin,アミュプラザ小倉店,
SUGOCA,C7,18D13,シアトルズベストコーヒー,新幹線鹿児島中央駅店,
SUGOCA,C7,18D16,トランドール,直方駅店,
SUGOCA,C7,18D17,トランドール,直方駅店,
SUGOCA,C7,18D1B,トランドール,鳥栖駅店,
SUGOCA,C7,18D20,トランドール,大橋駅前店,
SUGOCA,C7,18D21,トランドール,行橋駅店,
SUGOCA,C7,18D24,トランドール,八幡駅店,
SUGOCA,C7,18D2A,シアトルズベストコーヒー,六本松店,
SUGOCA,C7,18D42,トランドール,千早駅店,
SUGOCA,C7,18D43,トランドール,千早駅店,
SUGOCA,C7,18D44,トランドール,吉塚駅店,
SUGOCA,C7,18D45,トランドール,吉塚駅店,
SUGOCA,C7,3165D,マックスバリュエクスプレス,JR南福岡店,
SUGOCA,C7,31686,イオン,香椎浜店,
SUGOCA,C7,31698,イオン,香椎浜店,
SUGOCA,C7,3170D,ラーメン凪,福岡空港店,
SUGOCA,C7,32A36,マクドナルド,キャナルシティ博多店,
SUGOCA,C7,32A37,マクドナルド,キャナルシティ博多店,
SUGOCA,C7,32B6F,産業タクシー,,
SUGOCA,C7,337E6,新協第一交通,本社営業所,
SUGOCA,C7,3381B,新協第一交通,本社営業所,
SUGOCA,C7,33837,第一交通,アイランドシティ営業所,
SUGOCA,C7,33867,第一交通,大野城営業所,
SUGOCA,C7,33875,福岡第一交通,福岡西営業所,
SUGOCA,C7,3387C,福岡東第一交通,,
SUGOCA,C7,33893,福岡第一交通,那珂川営業所,
SUGOCA,C7,3389D,福岡第一交通,福岡営業所,
SUGOCA,C7,338A3,福岡第一交通,那珂川営業所,
SUGOCA,C7,338DC,新協第一交通,本社営業所,
SUGOCA,C7,3391C,新協第一交通,本社営業所,
SUGOCA,C7,33952,福岡東第一交通,,
SUGOCA,C7,3395C,福岡東第一交通,,
SUGOCA,C7,33966,新協第一交通,本社営業所,
SUGOCA,C7,33971,福岡東第一交通,,
SUGOCA,C7,33977,福岡第一交通,那珂川営業所,
SUGOCA,C7,3397A,新協第一交通,本社営業所,
SUGOCA,C7,3398F,新協第一交通,本社営業所,
SUGOCA,C7,3399C,福岡第一交通,博多営業所,
SUGOCA,C7,339A1,福岡第一交通,那珂川営業所,
SUGOCA,C7,339A4,福岡第一交通,博多営業所,
SUGOCA,C7,33ADD,福岡第一交通,博多営業所,
SUGOCA,C7,33ADE,第一交通,アイランドシティ営業所,
SUGOCA,C7,33AE9,第一交通,アイランドシティ営業所,
SUGOCA,C7,3626B,ガスト,小倉駅前店,
SUGOCA,C7,36296,ガスト,東比恵店,
SUGOCA,C7,362B6,ガスト,大分森町店,
SUGOCA,C7,362B9,ガスト,佐世保駅南店,
SUGOCA,C7,36319,イオン,香椎浜店,
SUGOCA,C7,36FCC,ステーションフード,,
SUGOCA,C7,37599,リンガーハット,ゆめタウン博多店,
SUGOCA,C7,3759A,#とんかつ#濵かつ,博多ゆめタウン店,
SUGOCA,C7,37742,リンガーハット,福岡箱崎店,
SUGOCA,C7,3810A,ANA FESTA,那覇ロビー2号店,
SUGOCA,C7,38122,ANA FESTA,那覇ゲート1号店,
SUGOCA,C7,3834B,#とんかつ#濵かつ,佐世保駅前店,
SUGOCA,C7,39294,リンガーハット,ゆめタウン別府店,
SUGOCA,C7,39CF0,すき家,212号日田店,
SUGOCA,C7,39D09,すき家,鹿児島東谷山店,
SUGOCA,C7,39D58,すき家,宗像赤間店,
SUGOCA,C7,39D7E,すき家,博多BP店,
SUGOCA,C7,39D7F,すき家,博多BP店,
SUGOCA,C7,39DB7,すき家,35号佐世保大和店,
SUGOCA,C7,39DD6,すき家,204号佐世保田原店,
SUGOCA,C7,39DDC,すき家,324号天草店,
SUGOCA,C7,39DE5,すき家,熊本新市街店,
SUGOCA,C7,39DE6,すき家,熊本新市街店,
SUGOCA,C7,39E19,すき家,496号行橋店,
SUGOCA,C7,39E1A,すき家,496号行橋店,
SUGOCA,C7,3A163,とんかつまい泉,博多阪急店,
SUGOCA,C7,3A166,モロゾフ,博多阪急店,
SUGOCA,C7,3A16F,#ジュースバー#博多さんか園,,
SUGOCA,C7,3A170,シーキューブ,博多阪急店,
SUGOCA,C7,3A171,ユーハイム,博多阪急店,
SUGOCA,C7,3A176,#旬彩工房#やまこう,博多阪急店,
SUGOCA,C7,3A177,#とり屋のお惣菜#鳥芳 鳥づくし,博多阪急店,
SUGOCA,C7,3A183,パティスリーモンシェール,博多阪急店,
SUGOCA,C7,3A18B,#点心専門店#チャイナチューボー,博多阪急店,
SUGOCA,C7,3A19C,聘珍樓,博多阪急店,
SUGOCA,C7,3A19D,ステーキハウス蜂,博多阪急店,
SUGOCA,C7,3A1A1,#たこ家道頓堀#くくる,博多阪急店,
SUGOCA,C7,3A1A7,#浪花#古市庵,博多阪急店,
SUGOCA,C7,3A1B0,#長崎・雲仙#小浜ちゃんぽん鉄蔵,,
SUGOCA,C7,3A1B7,#いなりずし#豆狸,博多阪急店,
SUGOCA,C7,3A1BC,蜂楽饅頭,博多阪急店,
SUGOCA,C7,3A1BE,ドンク,博多阪急店,
SUGOCA,C7,3A1C0,OssY's-Kitchen,博多阪急店,
SUGOCA,C7,3A1C2,博多阪急,,
SUGOCA,C7,3A1C3,#博多天ぷら#喜水丸,博多阪急店,
SUGOCA,C7,3A1C7,#お肉屋さんの惣菜#かつヰ,博多阪急店,
SUGOCA,C7,3A1E2,HENRI CHARPENTIER,博多阪急店,
SUGOCA,C7,3A1E8,#中洲#おむすび村,博多阪急店,
SUGOCA,C7,3A1F7,ウェルカム カフェ,,
SUGOCA,C7,3A215,丸福珈琲店,博多阪急店,
SUGOCA,C7,3A2A8,ANA FESTA,佐賀ゲート店,
SUGOCA,C7,3A347,PRONTO,福岡電気ビル北館店,
SUGOCA,C7,3A351,PRONTO,アミュプラザ博多店,
SUGOCA,C7,3A39B,ケンタッキーフライドチキン,JR門司店,
SUGOCA,C7,3A3C6,ケンタッキーフライドチキン,JR久留米店,
SUGOCA,C7,3A3F9,ケンタッキーフライドチキン,JR行橋店,
SUGOCA,C7,3A3FC,ケンタッキーフライドチキン,JR宮崎店,
SUGOCA,C7,3A411,ケンタッキーフライドチキン,JR鹿児島中央店,
SUGOCA,C7,3A412,ケンタッキーフライドチキン,JR鹿児島中央店,
SUGOCA,C7,3A4F1,#とんかつ#濵かつ,久留米荘島店,
SUGOCA,C7,3A6A8,ケンタッキーフライドチキン,ゆめタウン博多店,
SUGOCA,C7,3A6FB,ケンタッキーフライドチキン,天神サザン通り店,
SUGOCA,C7,3A6FC,ケンタッキーフライドチキン,天神サザン通り店,
SUGOCA,C7,3A6FD,ケンタッキーフライドチキン,天神サザン通り店,
SUGOCA,C7,3A6FE,ケンタッキーフライドチキン,天神サザン通り店,
SUGOCA,C7,3A786,ドトールコーヒーショップ,熊本下通り店,
SUGOCA,C7,3A7EE,ドトールコーヒーショップ,鹿児島空港店,
SUGOCA,C7,3A7F3,ドトールコーヒーショップ,小倉魚町1丁目店,
SUGOCA,C7,3A7F5,ドトールコーヒーショップ,鹿児島中町店,
SUGOCA,C7,3A7FA,ドトールコーヒーショップ,久留米大学病院店,
SUGOCA,C7,3A7FC,ドトールコーヒーショップ,大分中央商店街店,
SUGOCA,C7,3A7FD,ドトールコーヒーショップ,大分駅前店,
SUGOCA,C7,3A964,イオン,マリナタウン店,
SUGOCA,C7,3A999,新協第一交通,本社営業所,
SUGOCA,C7,3ADF2,#駅の魚屋#高田屋嘉兵衛,博多駅マイング店,
SUGOCA,C7,3ADF5,#駅の惣菜#エプロンさん,,
SUGOCA,C7,3AF4A,九州旅客鉄道株式会社,車内販売,サービス課
SUGOCA,C7,3AF4B,九州旅客鉄道株式会社,車内販売,サービス課
SUGOCA,C7,3AF4C,九州旅客鉄道株式会社,車内販売,サービス課
SUGOCA,C7,3AF4D,九州旅客鉄道株式会社,車内販売,サービス課
SUGOCA,C7,3AF4E,九州旅客鉄道株式会社,車内販売,サービス課
SUGOCA,C7,3AF4F,九州旅客鉄道株式会社,車内販売,サービス課
SUGOCA,C7,3AF50,九州旅客鉄道株式会社,車内販売,サービス課
SUGOCA,C7,3AF51,九州旅客鉄道株式会社,車内販売,サービス課
SUGOCA,C7,3AF52,九州旅客鉄道株式会社,車内販売,サービス課
SUGOCA,C7,3AF53,九州旅客鉄道株式会社,車内販売,サービス課
SUGOCA,C7,3AF54,九州旅客鉄道株式会社,車内販売,サービス課
SUGOCA,C7,3AF55,特急あそぼーい!92号,3号車ビュッフェ「くろカフェ」,
SUGOCA,C7,3AF56,九州旅客鉄道株式会社,車内販売,サービス課
SUGOCA,C7,3AF57,九州旅客鉄道株式会社,車内販売,サービス課
SUGOCA,C7,3AF58,九州旅客鉄道株式会社,車内販売,サービス課
SUGOCA,C7,3AF59,九州旅客鉄道株式会社,車内販売,サービス課
SUGOCA,C7,3AF5A,九州旅客鉄道株式会社,車内販売,サービス課
SUGOCA,C7,3AF5B,九州旅客鉄道株式会社,車内販売,サービス課
SUGOCA,C7,3AF5C,九州旅客鉄道株式会社,車内販売,サービス課
SUGOCA,C7,3AF5D,九州旅客鉄道株式会社,車内販売,サービス課
SUGOCA,C7,3AF5E,九州旅客鉄道株式会社,車内販売,サービス課
SUGOCA,C7,3AF5F,九州旅客鉄道株式会社,車内販売,サービス課
SUGOCA,C7,3AF60,九州旅客鉄道株式会社,車内販売,サービス課
SUGOCA,C7,3AF61,九州旅客鉄道株式会社,車内販売,サービス課
SUGOCA,C7,3AF62,九州旅客鉄道株式会社,車内販売,サービス課
SUGOCA,C7,3AF63,九州旅客鉄道株式会社,車内販売,サービス課
SUGOCA,C7,3AF64,九州旅客鉄道株式会社,車内販売,サービス課
SUGOCA,C7,3AF65,九州旅客鉄道株式会社,車内販売,サービス課
SUGOCA,C7,3AF66,九州旅客鉄道株式会社,車内販売,サービス課
SUGOCA,C7,3AF67,九州旅客鉄道株式会社,車内販売,サービス課
SUGOCA,C7,3AF68,九州旅客鉄道株式会社,車内販売,サービス課
SUGOCA,C7,3AF69,九州旅客鉄道株式会社,車内販売,サービス課
SUGOCA,C7,3AF6A,九州旅客鉄道株式会社,車内販売,サービス課
SUGOCA,C7,3AF6B,九州旅客鉄道株式会社,車内販売,サービス課
SUGOCA,C7,3AF6C,九州旅客鉄道株式会社,車内販売,サービス課
SUGOCA,C7,3AF6D,九州旅客鉄道株式会社,車内販売,サービス課
SUGOCA,C7,3AF6E,九州旅客鉄道株式会社,車内販売,サービス課
SUGOCA,C7,3AF6F,九州旅客鉄道株式会社,車内販売,サービス課
SUGOCA,C7,3AF70,九州旅客鉄道株式会社,車内販売,サービス課
SUGOCA,C7,3AF71,九州旅客鉄道株式会社,車内販売,サービス課
SUGOCA,C7,3AF72,九州旅客鉄道株式会社,車内販売,サービス課
SUGOCA,C7,3AF73,九州旅客鉄道株式会社,車内販売,サービス課
SUGOCA,C7,3AF74,九州旅客鉄道株式会社,車内販売,サービス課
SUGOCA,C7,3AF75,九州旅客鉄道株式会社,車内販売,サービス課
SUGOCA,C7,3AF76,九州旅客鉄道株式会社,車内販売,サービス課
SUGOCA,C7,3AF77,九州旅客鉄道株式会社,車内販売,サービス課
SUGOCA,C7,3AF78,九州旅客鉄道株式会社,車内販売,サービス課
SUGOCA,C7,3AF79,九州旅客鉄道株式会社,車内販売,サービス課
SUGOCA,C7,3AF7A,九州旅客鉄道株式会社,車内販売,サービス課
SUGOCA,C7,3AF7B,九州旅客鉄道株式会社,車内販売,サービス課
SUGOCA,C7,3AF7C,九州旅客鉄道株式会社,車内販売,サービス課
SUGOCA,C7,3AF7D,九州旅客鉄道株式会社,車内販売,サービス課
SUGOCA,C7,3AF7E,九州旅客鉄道株式会社,車内販売,サービス課
SUGOCA,C7,3AF7F,九州旅客鉄道株式会社,車内販売,サービス課
SUGOCA,C7,3AF80,九州旅客鉄道株式会社,車内販売,サービス課
SUGOCA,C7,3AF81,九州旅客鉄道株式会社,車内販売,サービス課
SUGOCA,C7,3AF82,九州旅客鉄道株式会社,車内販売,サービス課
SUGOCA,C7,3AF83,九州旅客鉄道株式会社,車内販売,サービス課
SUGOCA,C7,3AF84,九州旅客鉄道株式会社,車内販売,サービス課
SUGOCA,C7,3AF85,九州旅客鉄道株式会社,車内販売,サービス課
SUGOCA,C7,3B08E,ドトールコーヒーショップ,博多呉服町店,
SUGOCA,C7,3B118,肉焼ベンジャミン,,
SUGOCA,C7,3B38D,CRAFT BIT DANNY CHURROS,,
SUGOCA,C7,3B73D,TSUTAYA,串木野店,
SUGOCA,C7,3B87F,TSUTAYA,BOOK STORE させぼ五番街店,
SUGOCA,C7,3BC84,HONEY COFFEE,福岡空港店,
SUGOCA,C7,3BE81,マクドナルド,博多ゆめタウン店,
SUGOCA,C7,3BE82,マクドナルド,博多ゆめタウン店,
SUGOCA,C7,3BE83,マクドナルド,博多ゆめタウン店,
SUGOCA,C7,3BE84,マクドナルド,博多ゆめタウン店,
SUGOCA,C7,3BE8B,マクドナルド,3号線箱崎店,
SUGOCA,C7,3BEA1,マクドナルド,福岡新天町店,
SUGOCA,C7,3BEA2,マクドナルド,福岡新天町店,
SUGOCA,C7,3BEA3,マクドナルド,福岡新天町店,
SUGOCA,C7,3BED3,マクドナルド,到津店,
SUGOCA,C7,3BF5C,マクドナルド,イオンモール筑紫野店,
SUGOCA,C7,3C05A,マクドナルド,伊万里店,
SUGOCA,C7,3C14A,マクドナルド,時津店,
SUGOCA,C7,3C221,マクドナルド,諫早インター店,
SUGOCA,C7,3C222,マクドナルド,諫早インター店,
SUGOCA,C7,3C223,マクドナルド,諫早インター店,
SUGOCA,C7,3C243,マクドナルド,イオンモール八幡東店,
SUGOCA,C7,3C24E,マクドナルド,島原店,
SUGOCA,C7,3C2A4,マクドナルド,那珂川店,
SUGOCA,C7,3C2DA,マクドナルド,名護宮里店,
SUGOCA,C7,3C2DB,マクドナルド,名護宮里店,
SUGOCA,C7,3C2E0,マクドナルド,四ケ町店,
SUGOCA,C7,3C2E1,マクドナルド,四ケ町店,
SUGOCA,C7,3C2FD,マクドナルド,名護店,
SUGOCA,C7,3C2FE,マクドナルド,名護店,
SUGOCA,C7,3C2FF,マクドナルド,名護店,
SUGOCA,C7,3C35A,マクドナルド,202前原店,
SUGOCA,C7,3C43E,マクドナルド,長崎ミスターマックスS.C.店,
SUGOCA,C7,3C49A,マクドナルド,六本松駅前店,
SUGOCA,C7,3C4A3,マクドナルド,中山バイパス店,
SUGOCA,C7,3C4B8,マクドナルド,鹿児島易居町店,
SUGOCA,C7,3C4EC,マクドナルド,門松店,
SUGOCA,C7,3C4FC,マクドナルド,筑紫通り店,
SUGOCA,C7,3C526,マクドナルド,アミュプラザ博多店,
SUGOCA,C7,3C527,マクドナルド,アミュプラザ博多店,
SUGOCA,C7,3C528,マクドナルド,アミュプラザ博多店,
SUGOCA,C7,3C557,マクドナルド,佐土原店,
SUGOCA,C7,3C558,マクドナルド,佐土原店,
SUGOCA,C7,3C5B2,マクドナルド,佐伯店,
SUGOCA,C7,3C5F7,マクドナルド,東環状博多の森店,
SUGOCA,C7,3C5FA,マクドナルド,東環状博多の森店,
SUGOCA,C7,3C65D,マクドナルド,光の森ゆめタウン店,
SUGOCA,C7,3C683,マクドナルド,遠賀ゆめタウン店,
SUGOCA,C7,3C6DD,マクドナルド,日田店,
SUGOCA,C7,3C722,マクドナルド,小倉駅前店,
SUGOCA,C7,3C724,マクドナルド,小倉駅前店,
SUGOCA,C7,3C725,マクドナルド,小倉駅前店,
SUGOCA,C7,3C79B,マクドナルド,江川ジョイフルサン店,
SUGOCA,C7,3C7D6,マクドナルド,長崎家野町店,
SUGOCA,C7,3C7E9,マクドナルド,イオンモール福岡伊都店,
SUGOCA,C7,3C7EA,マクドナルド,イオンモール福岡伊都店,
SUGOCA,C7,3C7EB,マクドナルド,イオンモール福岡伊都店,
SUGOCA,C7,3C7EC,マクドナルド,イオンモール福岡伊都店,
SUGOCA,C7,3C7F6,マクドナルド,長崎夢彩都店,
SUGOCA,C7,3C845,マクドナルド,グラード伊集院店,
SUGOCA,C7,3C847,マクドナルド,グラード伊集院店,
SUGOCA,C7,3C876,マクドナルド,イオンモール沖縄ライカム店,
SUGOCA,C7,3C877,マクドナルド,イオンモール沖縄ライカム店,
SUGOCA,C7,3C878,マクドナルド,イオンモール沖縄ライカム店,
SUGOCA,C7,3C879,マクドナルド,イオンモール沖縄ライカム店,
SUGOCA,C7,3C8AC,マクドナルド,健軍店,
SUGOCA,C7,3D415,セブン‐イレブン,千鳥橋店,
SUGOCA,C7,3D416,セブン‐イレブン,千鳥橋店,
SUGOCA,C7,3D427,セブン‐イレブン,門司港松本店,
SUGOCA,C7,3D428,セブン‐イレブン,門司港松本店,
SUGOCA,C7,3D42C,セブン‐イレブン,九産大前店,
SUGOCA,C7,3D435,セブン‐イレブン,小倉馬借店,
SUGOCA,C7,3D441,セブン‐イレブン,北九大前店,
SUGOCA,C7,3D449,セブン‐イレブン,篠栗八木山バイパス店,
SUGOCA,C7,3D44A,セブン‐イレブン,篠栗八木山バイパス店,
SUGOCA,C7,3D46B,セブン‐イレブン,太宰府三条店,
SUGOCA,C7,3D475,セブン‐イレブン,福岡遠賀店,
SUGOCA,C7,3D479,セブン‐イレブン,行橋西宮市店,
SUGOCA,C7,3D47A,セブン‐イレブン,行橋西宮市店,
SUGOCA,C7,3D47C,セブン‐イレブン,福岡箱崎店,
SUGOCA,C7,3D47D,セブン‐イレブン,福岡箱崎店,
SUGOCA,C7,3D488,セブン‐イレブン,小倉守恒店,
SUGOCA,C7,3D490,セブン‐イレブン,博多宮島店,
SUGOCA,C7,3D4A9,セブン‐イレブン,福岡春日原駅前店,
SUGOCA,C7,3D4BA,セブン‐イレブン,鳥栖中央店,
SUGOCA,C7,3D4C2,セブン‐イレブン,博多奈良屋店,
SUGOCA,C7,3D4CE,セブン‐イレブン,博多駅東店,
SUGOCA,C7,3D4CF,セブン‐イレブン,博多駅東店,
SUGOCA,C7,3D4D0,セブン‐イレブン,博多駅東店,
SUGOCA,C7,3D4F0,セブン‐イレブン,博多築港店,
SUGOCA,C7,3D4F1,セブン‐イレブン,博多築港店,
SUGOCA,C7,3D509,セブン‐イレブン,佐賀嬉野みゆき通り店,
SUGOCA,C7,3D528,セブン‐イレブン,熊本安政町店,
SUGOCA,C7,3D53F,セブン‐イレブン,粕屋原町駅前店,
SUGOCA,C7,3D543,セブン‐イレブン,熊本大津店,
SUGOCA,C7,3D544,セブン‐イレブン,熊本大津店,
SUGOCA,C7,3D54B,セブン‐イレブン,博多諸岡店,
SUGOCA,C7,3D569,セブン‐イレブン,福岡荒戸店,
SUGOCA,C7,3D573,セブン‐イレブン,福岡大橋駅西店,
SUGOCA,C7,3D57A,セブン‐イレブン,博多駅南店,
SUGOCA,C7,3D57B,セブン‐イレブン,博多駅南店,
SUGOCA,C7,3D613,セブン‐イレブン,博多千代1丁目店,
SUGOCA,C7,3D614,セブン‐イレブン,博多千代1丁目店,
SUGOCA,C7,3D620,セブン‐イレブン,若松藤ノ木店,
SUGOCA,C7,3D621,セブン‐イレブン,若松藤ノ木店,
SUGOCA,C7,3D63D,セブン‐イレブン,須恵新原店,
SUGOCA,C7,3D63E,セブン‐イレブン,須恵新原店,
SUGOCA,C7,3D688,セブン‐イレブン,福岡箱崎1丁目店,
SUGOCA,C7,3D689,セブン‐イレブン,福岡箱崎1丁目店,
SUGOCA,C7,3D6A0,セブン‐イレブン,日南飫肥店,
SUGOCA,C7,3D6BE,セブン‐イレブン,えびのインター店,
SUGOCA,C7,3D6BF,セブン‐イレブン,えびのインター店,
SUGOCA,C7,3D6EF,セブン‐イレブン,佐賀商業高校前店,
SUGOCA,C7,3D710,セブン‐イレブン,門司原町別院店,
SUGOCA,C7,3D717,セブン‐イレブン,熊本白山2丁目店,
SUGOCA,C7,3D718,セブン‐イレブン,熊本白山2丁目店,
SUGOCA,C7,3D71B,セブン‐イレブン,八幡則松6丁目店,
SUGOCA,C7,3D71C,セブン‐イレブン,八幡則松6丁目店,
SUGOCA,C7,3D740,セブン‐イレブン,南郷駅東店,
SUGOCA,C7,3D744,セブン‐イレブン,福岡渡辺通5丁目店,
SUGOCA,C7,3D745,セブン‐イレブン,福岡渡辺通5丁目店,
SUGOCA,C7,3D764,セブン‐イレブン,福岡警固2丁目店,
SUGOCA,C7,3D78F,セブン‐イレブン,熊本大津郵便局前店,
SUGOCA,C7,3D790,セブン‐イレブン,熊本大津郵便局前店,
SUGOCA,C7,3D7BA,セブン‐イレブン,八幡友田1丁目店,
SUGOCA,C7,3D7BB,セブン‐イレブン,八幡友田1丁目店,
SUGOCA,C7,3D7C2,セブン‐イレブン,相知長部田店,
SUGOCA,C7,3D7C3,セブン‐イレブン,相知長部田店,
SUGOCA,C7,3D7E1,セブン‐イレブン,大牟田銀水店,
SUGOCA,C7,3D7F4,セブン‐イレブン,都城北原町店,
SUGOCA,C7,3D7F5,セブン‐イレブン,都城北原町店,
SUGOCA,C7,3D810,セブン‐イレブン,日田玉川バイパス店,
SUGOCA,C7,3D811,セブン‐イレブン,日田玉川バイパス店,
SUGOCA,C7,3D814,セブン‐イレブン,阿蘇西町店,
SUGOCA,C7,3D815,セブン‐イレブン,阿蘇西町店,
SUGOCA,C7,3D838,セブン‐イレブン,鹿島農協前店,
SUGOCA,C7,3D856,セブン‐イレブン,福岡大濠公園駅前店,
SUGOCA,C7,3D857,セブン‐イレブン,福岡大濠公園駅前店,
SUGOCA,C7,3D858,セブン‐イレブン,福岡大濠公園駅前店,
SUGOCA,C7,3D869,セブン‐イレブン,福岡平和台通店,
SUGOCA,C7,3D889,セブン‐イレブン,久留米諏訪野町店,
SUGOCA,C7,3D88A,セブン‐イレブン,久留米諏訪野町店,
SUGOCA,C7,3D896,セブン‐イレブン,博多東雲町2丁目店,
SUGOCA,C7,3D8B9,セブン‐イレブン,熊本学園大前店,
SUGOCA,C7,3D8C7,セブン‐イレブン,八代旭中央通り店,
SUGOCA,C7,3D8C8,セブン‐イレブン,八代旭中央通り店,
SUGOCA,C7,3D8E0,セブン‐イレブン,佐賀久保田店,
SUGOCA,C7,3D8E8,セブン‐イレブン,福岡薬院1丁目店,
SUGOCA,C7,3D8E9,セブン‐イレブン,福岡薬院1丁目店,
SUGOCA,C7,3D903,セブン‐イレブン,水巻立屋敷店,
SUGOCA,C7,3D928,セブン‐イレブン,宮崎橘通東4丁目店,
SUGOCA,C7,3D929,セブン‐イレブン,宮崎橘通東4丁目店,
SUGOCA,C7,3D935,セブン‐イレブン,小倉香春口店,
SUGOCA,C7,3D936,セブン‐イレブン,小倉香春口店,
SUGOCA,C7,3D93F,セブン‐イレブン,博多榎田1丁目店,
SUGOCA,C7,3D94B,セブン‐イレブン,博多駅前通店,
SUGOCA,C7,3D94C,セブン‐イレブン,博多駅前通店,
SUGOCA,C7,3D94D,セブン‐イレブン,博多駅前通店,
SUGOCA,C7,3D95E,セブン‐イレブン,長崎築町店,
SUGOCA,C7,3D98A,セブン‐イレブン,佐世保権常寺店,
SUGOCA,C7,3D98B,セブン‐イレブン,佐世保権常寺店,
SUGOCA,C7,3D9A3,セブン‐イレブン,福岡高砂1丁目店,
SUGOCA,C7,3D9A4,セブン‐イレブン,福岡高砂1丁目店,
SUGOCA,C7,3D9A5,セブン‐イレブン,福岡高砂1丁目店,
SUGOCA,C7,3D9C1,セブン‐イレブン,小倉米町店,
SUGOCA,C7,3D9C2,セブン‐イレブン,小倉米町店,
SUGOCA,C7,3D9C3,セブン‐イレブン,小倉米町店,
SUGOCA,C7,3D9D7,セブン‐イレブン,有田三代橋店,
SUGOCA,C7,3D9D8,セブン‐イレブン,有田三代橋店,
SUGOCA,C7,3D9E4,セブン‐イレブン,熊本大津曙団地前店,
SUGOCA,C7,3D9E5,セブン‐イレブン,熊本大津曙団地前店,
SUGOCA,C7,3DA02,セブン‐イレブン,博多中洲5丁目店,
SUGOCA,C7,3DA03,セブン‐イレブン,博多中洲5丁目店,
SUGOCA,C7,3DA07,セブン‐イレブン,大牟田橘店,
SUGOCA,C7,3DA08,セブン‐イレブン,大牟田橘店,
SUGOCA,C7,3DA0E,セブン‐イレブン,博多駅前朝日ビル店,
SUGOCA,C7,3DA0F,セブン‐イレブン,博多駅前朝日ビル店,
SUGOCA,C7,3DA10,セブン‐イレブン,博多駅前朝日ビル店,
SUGOCA,C7,3DA1B,セブン‐イレブン,行橋宮市町店,
SUGOCA,C7,3DA1C,セブン‐イレブン,行橋宮市町店,
SUGOCA,C7,3DA23,セブン‐イレブン,八幡木屋瀬店,
SUGOCA,C7,3DA24,セブン‐イレブン,八幡木屋瀬店,
SUGOCA,C7,3DA61,セブン‐イレブン,熊本新市街店,
SUGOCA,C7,3DA62,セブン‐イレブン,熊本新市街店,
SUGOCA,C7,3DA63,セブン‐イレブン,熊本新市街店,
SUGOCA,C7,3DA7D,セブン‐イレブン,福岡吉井新馬場店,
SUGOCA,C7,3DA7E,セブン‐イレブン,福岡吉井新馬場店,
SUGOCA,C7,3DA81,セブン‐イレブン,佐世保上京町店,
SUGOCA,C7,3DA82,セブン‐イレブン,佐世保上京町店,
SUGOCA,C7,3DA83,セブン‐イレブン,佐世保上京町店,
SUGOCA,C7,3DA86,セブン‐イレブン,松浦今福店,
SUGOCA,C7,3DA87,セブン‐イレブン,松浦今福店,
SUGOCA,C7,3DAA4,セブン‐イレブン,久留米宮ノ陣店,
SUGOCA,C7,3DAB0,セブン‐イレブン,福岡高木1丁目店,
SUGOCA,C7,3DACE,セブン‐イレブン,八幡筒井町店,
SUGOCA,C7,3DB02,セブン‐イレブン,西小倉駅前店,
SUGOCA,C7,3DB03,セブン‐イレブン,西小倉駅前店,
SUGOCA,C7,3DB0C,セブン‐イレブン,博多駅東2丁目店,
SUGOCA,C7,3DB0D,セブン‐イレブン,博多駅東2丁目店,
SUGOCA,C7,3DB0E,セブン‐イレブン,博多駅東2丁目店,
SUGOCA,C7,3DB15,セブン‐イレブン,大村東三城町店,
SUGOCA,C7,3DB16,セブン‐イレブン,大村東三城町店,
SUGOCA,C7,3DB22,セブン‐イレブン,博多駅南1丁目店,
SUGOCA,C7,3DB23,セブン‐イレブン,博多駅南1丁目店,
SUGOCA,C7,3DB24,セブン‐イレブン,博多駅南1丁目店,
SUGOCA,C7,3DB40,セブン‐イレブン,久留米二千年橋店,
SUGOCA,C7,3DB60,セブン‐イレブン,田川川崎町役場前店,
SUGOCA,C7,3DB61,セブン‐イレブン,田川川崎町役場前店,
SUGOCA,C7,3DB62,セブン‐イレブン,田川川崎町役場前店,
SUGOCA,C7,3DB6E,セブン‐イレブン,博多相生町2丁目店,
SUGOCA,C7,3DB6F,セブン‐イレブン,博多相生町2丁目店,
SUGOCA,C7,3DB77,セブン‐イレブン,八幡引野店,
SUGOCA,C7,3DB78,セブン‐イレブン,八幡引野店,
SUGOCA,C7,3DB79,セブン‐イレブン,八幡引野店,
SUGOCA,C7,3DBB8,セブン‐イレブン,福岡天神3丁目店,
SUGOCA,C7,3DBB9,セブン‐イレブン,福岡天神3丁目店,
SUGOCA,C7,3DBBA,セブン‐イレブン,福岡天神3丁目店,
SUGOCA,C7,3DBC4,セブン‐イレブン,小倉片野3丁目店,
SUGOCA,C7,3DBDC,セブン‐イレブン,博多駅前管絃ビル店,
SUGOCA,C7,3DBDD,セブン‐イレブン,博多駅前管絃ビル店,
SUGOCA,C7,3DBDE,セブン‐イレブン,博多駅前管絃ビル店,
SUGOCA,C7,3DBDF,セブン‐イレブン,博多駅前管絃ビル店,
SUGOCA,C7,3DBFA,セブン‐イレブン,佐土原久峰店,
SUGOCA,C7,3DBFB,セブン‐イレブン,佐土原久峰店,
SUGOCA,C7,3DC07,セブン‐イレブン,久留米天神町店,
SUGOCA,C7,3DC08,セブン‐イレブン,久留米天神町店,
SUGOCA,C7,3DC18,セブン‐イレブン,福岡和白東2丁目店,
SUGOCA,C7,3DC2C,セブン‐イレブン,篠栗西店,
SUGOCA,C7,3DC2D,セブン‐イレブン,篠栗西店,
SUGOCA,C7,3DC62,セブン‐イレブン,西都城駅前店,
SUGOCA,C7,3DC63,セブン‐イレブン,西都城駅前店,
SUGOCA,C7,3DC6F,セブン‐イレブン,門司中二十町店,
SUGOCA,C7,3DC78,セブン‐イレブン,飯塚鯰田店,
SUGOCA,C7,3DC79,セブン‐イレブン,飯塚鯰田店,
SUGOCA,C7,3DCA8,セブン‐イレブン,長崎大浦町店,
SUGOCA,C7,3DCA9,セブン‐イレブン,長崎大浦町店,
SUGOCA,C7,3DCCC,セブン‐イレブン,粕屋柚須駅前店,
SUGOCA,C7,3DCCD,セブン‐イレブン,粕屋柚須駅前店,
SUGOCA,C7,3DD1A,セブン‐イレブン,福岡箱崎ふ頭1丁目店,
SUGOCA,C7,3DD3B,セブン‐イレブン,熊本新屋敷店,
SUGOCA,C7,3DD5F,セブン‐イレブン,久留米広又通り店,
SUGOCA,C7,3DD60,セブン‐イレブン,久留米広又通り店,
SUGOCA,C7,3DD9C,セブン‐イレブン,古賀花見東7丁目店,
SUGOCA,C7,3DDC2,セブン‐イレブン,鳥栖曽根崎町店,
SUGOCA,C7,3DDC5,セブン‐イレブン,肥前鹿島駅前店,
SUGOCA,C7,3DDC6,セブン‐イレブン,肥前鹿島駅前店,
SUGOCA,C7,3DDD1,セブン‐イレブン,伊万里八谷搦店,
SUGOCA,C7,3DDD2,セブン‐イレブン,伊万里八谷搦店,
SUGOCA,C7,3DDDF,セブン‐イレブン,古賀花見東2丁目店,
SUGOCA,C7,3DDE3,セブン‐イレブン,福岡春吉3丁目店,
SUGOCA,C7,3DDE4,セブン‐イレブン,福岡春吉3丁目店,
SUGOCA,C7,3DE2E,セブン‐イレブン,大野城まどかぴあ前店,
SUGOCA,C7,3DE3D,セブン‐イレブン,諫早多良見町店,
SUGOCA,C7,3DE3E,セブン‐イレブン,諫早多良見町店,
SUGOCA,C7,3DE56,セブン‐イレブン,熊本辛島店,
SUGOCA,C7,3DE59,セブン‐イレブン,鳥栖本鳥栖町店,
SUGOCA,C7,3DE5A,セブン‐イレブン,鳥栖本鳥栖町店,
SUGOCA,C7,3DE5F,セブン‐イレブン,福岡薬院駅前店,
SUGOCA,C7,3DE78,セブン‐イレブン,博多板付7丁目店,
SUGOCA,C7,3DE84,セブン‐イレブン,遠賀今古賀店,
SUGOCA,C7,3DE85,セブン‐イレブン,遠賀今古賀店,
SUGOCA,C7,3DEB6,セブン‐イレブン,熊本竜田口店,
SUGOCA,C7,3DED7,セブン‐イレブン,八幡東田1丁目店,
SUGOCA,C7,3DED8,セブン‐イレブン,八幡東田1丁目店,
SUGOCA,C7,3DED9,セブン‐イレブン,八幡東田1丁目店,
SUGOCA,C7,3DEF1,セブン‐イレブン,別府タワー店,
SUGOCA,C7,3DEF2,セブン‐イレブン,別府タワー店,
SUGOCA,C7,3DF3A,セブン‐イレブン,長与吉無田郷店,
SUGOCA,C7,3DF45,セブン‐イレブン,宇美町役場前店,
SUGOCA,C7,3DF46,セブン‐イレブン,宇美町役場前店,
SUGOCA,C7,3DF57,セブン‐イレブン,佐世保上相浦店,
SUGOCA,C7,3DF5A,セブン‐イレブン,熊本米屋町店,
SUGOCA,C7,3DF5B,セブン‐イレブン,熊本米屋町店,
SUGOCA,C7,3DF5C,セブン‐イレブン,熊本米屋町店,
SUGOCA,C7,3DF6F,セブン‐イレブン,桂川寿命店,
SUGOCA,C7,3DF70,セブン‐イレブン,桂川寿命店,
SUGOCA,C7,3DFE1,セブン‐イレブン,福岡大名1丁目店,
SUGOCA,C7,3DFE2,セブン‐イレブン,福岡大名1丁目店,
SUGOCA,C7,3DFE3,セブン‐イレブン,福岡大名1丁目店,
SUGOCA,C7,3DFE6,セブン‐イレブン,福岡箱崎6丁目店,
SUGOCA,C7,3DFE7,セブン‐イレブン,福岡箱崎6丁目店,
SUGOCA,C7,3DFE8,セブン‐イレブン,福岡箱崎6丁目店,
SUGOCA,C7,3DFF3,セブン‐イレブン,博多豊1丁目店,
SUGOCA,C7,3DFF4,セブン‐イレブン,博多豊1丁目店,
SUGOCA,C7,3E004,セブン‐イレブン,八幡則松3丁目店,
SUGOCA,C7,3E005,セブン‐イレブン,八幡則松3丁目店,
SUGOCA,C7,3E017,セブン‐イレブン,大分賀来西店,
SUGOCA,C7,3E018,セブン‐イレブン,大分賀来西店,
SUGOCA,C7,3E04A,セブン‐イレブン,八幡力丸店,
SUGOCA,C7,3E04B,セブン‐イレブン,八幡力丸店,
SUGOCA,C7,3E04E,セブン‐イレブン,福岡和白1丁目店,
SUGOCA,C7,3E062,セブン‐イレブン,熊本下通2丁目店,
SUGOCA,C7,3E063,セブン‐イレブン,熊本下通2丁目店,
SUGOCA,C7,3E064,セブン‐イレブン,熊本下通2丁目店,
SUGOCA,C7,3E067,セブン‐イレブン,福岡天神2丁目店,
SUGOCA,C7,3E068,セブン‐イレブン,福岡天神2丁目店,
SUGOCA,C7,3E069,セブン‐イレブン,福岡天神2丁目店,
SUGOCA,C7,3E079,セブン‐イレブン,西鉄二日市駅前店,
SUGOCA,C7,3E080,セブン‐イレブン,由布挾間店,
SUGOCA,C7,3E081,セブン‐イレブン,由布挾間店,
SUGOCA,C7,3E0B6,セブン‐イレブン,久留米津福駅店,
SUGOCA,C7,3E0B7,セブン‐イレブン,久留米津福駅店,
SUGOCA,C7,3E154,セブン‐イレブン,柳川徳益店,
SUGOCA,C7,3E155,セブン‐イレブン,柳川徳益店,
SUGOCA,C7,3E162,セブン‐イレブン,唐津浜玉店,
SUGOCA,C7,3E163,セブン‐イレブン,唐津浜玉店,
SUGOCA,C7,3E177,セブン‐イレブン,佐世保山祇町店,
SUGOCA,C7,3E178,セブン‐イレブン,佐世保山祇町店,
SUGOCA,C7,3E184,セブン‐イレブン,久留米中央公園前店,
SUGOCA,C7,3E192,セブン‐イレブン,佐伯蟹田店,
SUGOCA,C7,3E193,セブン‐イレブン,佐伯蟹田店,
SUGOCA,C7,3E1D3,セブン‐イレブン,飯塚市役所前店,
SUGOCA,C7,3E1D4,セブン‐イレブン,飯塚市役所前店,
SUGOCA,C7,3E1F2,セブン‐イレブン,佐賀駅前中央2丁目店,
SUGOCA,C7,3E1F3,セブン‐イレブン,佐賀駅前中央2丁目店,
SUGOCA,C7,3E1F6,セブン‐イレブン,別府田の湯町店,
SUGOCA,C7,3E1F7,セブン‐イレブン,別府田の湯町店,
SUGOCA,C7,3E1FE,セブン‐イレブン,福岡千早東駅前店,
SUGOCA,C7,3E1FF,セブン‐イレブン,福岡千早東駅前店,
SUGOCA,C7,3E200,セブン‐イレブン,福岡千早東駅前店,
SUGOCA,C7,3E21C,セブン‐イレブン,福岡大橋2丁目店,
SUGOCA,C7,3E223,セブン‐イレブン,八幡楠木店,
SUGOCA,C7,3E224,セブン‐イレブン,八幡楠木店,
SUGOCA,C7,3E261,セブン‐イレブン,日出駅前店,
SUGOCA,C7,3E265,セブン‐イレブン,宮崎広島2丁目店,
SUGOCA,C7,3E266,セブン‐イレブン,宮崎広島2丁目店,
SUGOCA,C7,3E267,セブン‐イレブン,宮崎広島2丁目店,
SUGOCA,C7,3E26E,セブン‐イレブン,福岡原田3丁目店,
SUGOCA,C7,3E26F,セブン‐イレブン,福岡原田3丁目店,
SUGOCA,C7,3E27F,セブン‐イレブン,鳥栖宿町店,
SUGOCA,C7,3E2A8,セブン‐イレブン,熊本本荘5丁目店,
SUGOCA,C7,3E2AF,セブン‐イレブン,日田本町店,
SUGOCA,C7,3E2B0,セブン‐イレブン,日田本町店,
SUGOCA,C7,3E2C6,セブン‐イレブン,福岡高宮駅前店,
SUGOCA,C7,3E2D6,セブン‐イレブン,宮崎旭1丁目店,
SUGOCA,C7,3E2DE,セブン‐イレブン,別府鉄輪店,
SUGOCA,C7,3E302,セブン‐イレブン,熊本水前寺1丁目店,
SUGOCA,C7,3E331,セブン‐イレブン,博多席田小学校前店,
SUGOCA,C7,3E334,セブン‐イレブン,肥前大町店,
SUGOCA,C7,3E335,セブン‐イレブン,肥前大町店,
SUGOCA,C7,3E355,セブン‐イレブン,福岡港2丁目店,
SUGOCA,C7,3E35E,セブン‐イレブン,時津野田郷店,
SUGOCA,C7,3E387,セブン‐イレブン,大野城東大利4丁目店,
SUGOCA,C7,3E397,セブン‐イレブン,鹿島祐徳稲荷前店,
SUGOCA,C7,3E3C7,セブン‐イレブン,博多比恵町店,
SUGOCA,C7,3E3C8,セブン‐イレブン,博多比恵町店,
SUGOCA,C7,3E3D8,セブン‐イレブン,粕屋仲原郵便局前店,
SUGOCA,C7,3E3E0,セブン‐イレブン,熊本辛島東店,
SUGOCA,C7,3E3E5,セブン‐イレブン,伊万里東山代店,
SUGOCA,C7,3E3E6,セブン‐イレブン,伊万里東山代店,
SUGOCA,C7,3E3ED,セブン‐イレブン,福岡流通センター店,
SUGOCA,C7,3E3EE,セブン‐イレブン,福岡流通センター店,
SUGOCA,C7,3E407,セブン‐イレブン,大村竹松本町店,
SUGOCA,C7,3E40E,セブン‐イレブン,福岡香住ヶ丘2丁目店,
SUGOCA,C7,3E447,セブン‐イレブン,北九州空港店,
SUGOCA,C7,3E448,セブン‐イレブン,北九州空港店,
SUGOCA,C7,3E490,セブン‐イレブン,長崎おらんだ橋店,
SUGOCA,C7,3E491,セブン‐イレブン,長崎おらんだ橋店,
SUGOCA,C7,3E492,セブン‐イレブン,長崎おらんだ橋店,
SUGOCA,C7,3E49A,セブン‐イレブン,別府流川通店,
SUGOCA,C7,3E49B,セブン‐イレブン,別府流川通店,
SUGOCA,C7,3E4A3,セブン‐イレブン,長崎稲佐橋店,
SUGOCA,C7,3E4AC,セブン‐イレブン,大村植松3丁目店,
SUGOCA,C7,3E4AD,セブン‐イレブン,大村植松3丁目店,
SUGOCA,C7,3E4C3,セブン‐イレブン,唐津山本店,
SUGOCA,C7,3E4C4,セブン‐イレブン,唐津山本店,
SUGOCA,C7,3E4C5,セブン‐イレブン,唐津山本店,
SUGOCA,C7,3E4F6,セブン‐イレブン,福岡筥松1丁目店,
SUGOCA,C7,3E4F7,セブン‐イレブン,福岡筥松1丁目店,
SUGOCA,C7,3E4FB,セブン‐イレブン,門司東門司2丁目店,
SUGOCA,C7,3E50F,セブン‐イレブン,佐賀大財3丁目店,
SUGOCA,C7,3E515,セブン‐イレブン,博多西春町4丁目店,
SUGOCA,C7,3E52A,セブン‐イレブン,博多中洲3丁目店,
SUGOCA,C7,3E52B,セブン‐イレブン,博多中洲3丁目店,
SUGOCA,C7,3E539,セブン‐イレブン,大分荏隈店,
SUGOCA,C7,3E53A,セブン‐イレブン,大分荏隈店,
SUGOCA,C7,3E555,セブン‐イレブン,佐世保俵町店,
SUGOCA,C7,3E556,セブン‐イレブン,佐世保俵町店,
SUGOCA,C7,3E557,セブン‐イレブン,佐世保俵町店,
SUGOCA,C7,3E565,セブン‐イレブン,芦北インター店,
SUGOCA,C7,3E566,セブン‐イレブン,芦北インター店,
SUGOCA,C7,3E58C,セブン‐イレブン,佐世保早苗町店,
SUGOCA,C7,3E5A1,セブン‐イレブン,久留米御井旗崎店,
SUGOCA,C7,3E5A7,セブン‐イレブン,博多東光2丁目店,
SUGOCA,C7,3E5A8,セブン‐イレブン,博多東光2丁目店,
SUGOCA,C7,3E5A9,セブン‐イレブン,博多東光2丁目店,
SUGOCA,C7,3E5D1,セブン‐イレブン,西鉄久留米駅西口店,
SUGOCA,C7,3E5D2,セブン‐イレブン,西鉄久留米駅西口店,
SUGOCA,C7,3E5D8,セブン‐イレブン,博多東比恵3丁目店,
SUGOCA,C7,3E5F0,セブン‐イレブン,久留米櫛原店,
SUGOCA,C7,3E620,セブン‐イレブン,福岡箱崎5丁目店,
SUGOCA,C7,3E621,セブン‐イレブン,福岡箱崎5丁目店,
SUGOCA,C7,3E647,セブン‐イレブン,鳥栖今泉店,
SUGOCA,C7,3E66E,セブン‐イレブン,新宮中央駅前店,
SUGOCA,C7,3E677,セブン‐イレブン,中津駅北店,
SUGOCA,C7,3E684,セブン‐イレブン,大分松原町店,
SUGOCA,C7,3E685,セブン‐イレブン,大分松原町店,
SUGOCA,C7,3E68F,セブン‐イレブン,小倉馬借3丁目店,
SUGOCA,C7,3E690,セブン‐イレブン,小倉馬借3丁目店,
SUGOCA,C7,3E698,セブン‐イレブン,久留米通町店,
SUGOCA,C7,3E699,セブン‐イレブン,久留米通町店,
SUGOCA,C7,3E6C7,セブン‐イレブン,芦北田浦店,
SUGOCA,C7,3E6C8,セブン‐イレブン,芦北田浦店,
SUGOCA,C7,3E6E0,セブン‐イレブン,鹿児島天文館通り店,
SUGOCA,C7,3E6E1,セブン‐イレブン,鹿児島天文館通り店,
SUGOCA,C7,3E701,セブン‐イレブン,天草栄町店,
SUGOCA,C7,3E702,セブン‐イレブン,天草栄町店,
SUGOCA,C7,3E707,セブン‐イレブン,博多竹下駅前店,
SUGOCA,C7,3E708,セブン‐イレブン,博多竹下駅前店,
SUGOCA,C7,3E709,セブン‐イレブン,博多竹下駅前店,
SUGOCA,C7,3E712,セブン‐イレブン,太宰府店,
SUGOCA,C7,3E721,セブン‐イレブン,福岡春吉大通り店,
SUGOCA,C7,3E722,セブン‐イレブン,福岡春吉大通り店,
SUGOCA,C7,3E736,セブン‐イレブン,博多東光寺町店,
SUGOCA,C7,3E737,セブン‐イレブン,博多東光寺町店,
SUGOCA,C7,3E73B,セブン‐イレブン,芦屋浜口店,
SUGOCA,C7,3E74A,セブン‐イレブン,熊本富合南田尻店,
SUGOCA,C7,3E74B,セブン‐イレブン,熊本富合南田尻店,
SUGOCA,C7,3E752,セブン‐イレブン,福岡三宅3丁目店,
SUGOCA,C7,3E754,セブン‐イレブン,大分都町店,
SUGOCA,C7,3E755,セブン‐イレブン,大分都町店,
SUGOCA,C7,3E75A,セブン‐イレブン,新宮中央駅北店,
SUGOCA,C7,3E770,セブン‐イレブン,福岡箱崎ふ頭5丁目店,
SUGOCA,C7,3E7B2,セブン‐イレブン,福岡塩原3丁目店,
SUGOCA,C7,3E7DF,セブン‐イレブン,日出暘谷駅前店,
SUGOCA,C7,3E7E9,セブン‐イレブン,鹿児島照国神社前店,
SUGOCA,C7,3E800,セブン‐イレブン,佐土原広瀬中学校前店,
SUGOCA,C7,3E801,セブン‐イレブン,佐土原広瀬中学校前店,
SUGOCA,C7,3E81F,セブン‐イレブン,福岡宮竹小前店,
SUGOCA,C7,3E846,セブン‐イレブン,九大学研都市駅東店,
SUGOCA,C7,3E854,セブン‐イレブン,唐津二タ子3丁目店,
SUGOCA,C7,3E855,セブン‐イレブン,唐津二タ子3丁目店,
SUGOCA,C7,3E8A9,セブン‐イレブン,博多住吉神社前店,
SUGOCA,C7,3E8AA,セブン‐イレブン,博多住吉神社前店,
SUGOCA,C7,3E8AB,セブン‐イレブン,博多住吉神社前店,
SUGOCA,C7,3E8B3,セブン‐イレブン,志布志香月店,
SUGOCA,C7,3E8B4,セブン‐イレブン,志布志香月店,
SUGOCA,C7,3E8BA,セブン‐イレブン,芦北町店,
SUGOCA,C7,3E8BB,セブン‐イレブン,芦北町店,
SUGOCA,C7,3E8CA,セブン‐イレブン,福間駅南店,
SUGOCA,C7,3E8FD,セブン‐イレブン,串木野浜ケ城店,
SUGOCA,C7,3E8FE,セブン‐イレブン,串木野浜ケ城店,
SUGOCA,C7,3E90C,セブン‐イレブン,薩摩川内大小路町店,
SUGOCA,C7,3E90D,セブン‐イレブン,薩摩川内大小路町店,
SUGOCA,C7,3E93A,セブン‐イレブン,福岡井尻3丁目店,
SUGOCA,C7,3E976,セブン‐イレブン,福岡中央区役所前店,
SUGOCA,C7,3E99D,セブン‐イレブン,博多竹下通り店,
SUGOCA,C7,3E9BB,セブン‐イレブン,博多土居通り店,
SUGOCA,C7,3E9BD,セブン‐イレブン,博多土居通り店,
SUGOCA,C7,3E9CE,セブン‐イレブン,福岡箱崎7丁目店,
SUGOCA,C7,3E9CF,セブン‐イレブン,福岡箱崎7丁目店,
SUGOCA,C7,3E9F8,セブン‐イレブン,久留米梅満町店,
SUGOCA,C7,3EA07,セブン‐イレブン,福岡西新中央店,
SUGOCA,C7,3EA0C,セブン‐イレブン,福岡西鉄香椎駅前店,
SUGOCA,C7,3EA0D,セブン‐イレブン,福岡西鉄香椎駅前店,
SUGOCA,C7,3EA1D,セブン‐イレブン,日置東市来駅前店,
SUGOCA,C7,3EA1E,セブン‐イレブン,日置東市来駅前店,
SUGOCA,C7,3EA6A,セブン‐イレブン,博多吉塚1丁目店,
SUGOCA,C7,3EA6B,セブン‐イレブン,博多吉塚1丁目店,
SUGOCA,C7,3EA6F,セブン‐イレブン,久留米中央店,
SUGOCA,C7,3EAB7,セブン‐イレブン,佐伯海崎店,
SUGOCA,C7,3EAB8,セブン‐イレブン,佐伯海崎店,
SUGOCA,C7,3EAD6,セブン‐イレブン,指宿渡瀬通り店,
SUGOCA,C7,3EAD7,セブン‐イレブン,指宿渡瀬通り店,
SUGOCA,C7,3EB46,セブン‐イレブン,佐賀城内2丁目店,
SUGOCA,C7,3EB59,セブン‐イレブン,朝倉中央店,
SUGOCA,C7,3EB5A,セブン‐イレブン,朝倉中央店,
SUGOCA,C7,3EB7B,セブン‐イレブン,大分空港店,
SUGOCA,C7,3EB7C,セブン‐イレブン,大分空港店,
SUGOCA,C7,3EB7F,セブン‐イレブン,いちき庁舎前店,
SUGOCA,C7,3EB80,セブン‐イレブン,いちき庁舎前店,
SUGOCA,C7,3EB8B,セブン‐イレブン,福岡筥松3丁目店,
SUGOCA,C7,3EB8C,セブン‐イレブン,福岡筥松3丁目店,
SUGOCA,C7,3EB99,セブン‐イレブン,行橋大橋2丁目店,
SUGOCA,C7,3EB9A,セブン‐イレブン,行橋大橋2丁目店,
SUGOCA,C7,3EBB3,セブン‐イレブン,串木野インター店,
SUGOCA,C7,3EBCE,セブン‐イレブン,福岡渡辺通駅前店,
SUGOCA,C7,3EBCF,セブン‐イレブン,福岡渡辺通駅前店,
SUGOCA,C7,3EBD0,セブン‐イレブン,福岡渡辺通駅前店,
SUGOCA,C7,3EBD4,セブン‐イレブン,那珂川中原2丁目店,
SUGOCA,C7,3EBD8,セブン‐イレブン,佐世保田原町店,
SUGOCA,C7,3EBDF,セブン‐イレブン,博多蔵本店,
SUGOCA,C7,3EBE7,セブン‐イレブン,熊本迎町1丁目店,
SUGOCA,C7,3EBF2,セブン‐イレブン,柳川高校前店,
SUGOCA,C7,3EC30,セブン‐イレブン,博多那珂1丁目店,
SUGOCA,C7,3EC31,セブン‐イレブン,博多那珂1丁目店,
SUGOCA,C7,3EC39,セブン‐イレブン,大津桜町通り店,
SUGOCA,C7,3EC3A,セブン‐イレブン,大津桜町通り店,
SUGOCA,C7,3EC62,セブン‐イレブン,福岡箱崎ふ頭中央店,
SUGOCA,C7,3EC7B,セブン‐イレブン,鹿児島西田2丁目店,
SUGOCA,C7,3EC7C,セブン‐イレブン,鹿児島西田2丁目店,
SUGOCA,C7,3EC9E,セブン‐イレブン,黒崎コムシティ店,
SUGOCA,C7,3EC9F,セブン‐イレブン,黒崎コムシティ店,
SUGOCA,C7,3ECDD,セブン‐イレブン,福岡唐人町駅前店,
SUGOCA,C7,3ECDE,セブン‐イレブン,福岡唐人町駅前店,
SUGOCA,C7,3ED20,セブン‐イレブン,鹿児島東千石町店,
SUGOCA,C7,3ED21,セブン‐イレブン,鹿児島東千石町店,
SUGOCA,C7,3ED22,セブン‐イレブン,鹿児島東千石町店,
SUGOCA,C7,3ED66,セブン‐イレブン,熊本細工町店,
SUGOCA,C7,3ED67,セブン‐イレブン,熊本細工町店,
SUGOCA,C7,3ED85,セブン‐イレブン,新水俣駅前店,
SUGOCA,C7,3ED86,セブン‐イレブン,新水俣駅前店,
SUGOCA,C7,3EDBD,セブン‐イレブン,熊本下通1丁目店,
SUGOCA,C7,3EDC6,セブン‐イレブン,博多中洲中島町店,
SUGOCA,C7,3EDC7,セブン‐イレブン,博多中洲中島町店,
SUGOCA,C7,3EDC8,セブン‐イレブン,博多中洲中島町店,
SUGOCA,C7,3EDD0,セブン‐イレブン,小倉木町店,
SUGOCA,C7,3EDD5,セブン‐イレブン,小倉鍛冶1丁目店,
SUGOCA,C7,3EDD6,セブン‐イレブン,小倉鍛冶1丁目店,
SUGOCA,C7,3EE02,セブン‐イレブン,大分大学医学部附属病院店,
SUGOCA,C7,3EE12,セブン‐イレブン,福岡浄水通り店,
SUGOCA,C7,3EE17,セブン‐イレブン,長崎万才町店,
SUGOCA,C7,3EE52,セブン‐イレブン,博多筑紫通り店,
SUGOCA,C7,3EE53,セブン‐イレブン,博多筑紫通り店,
SUGOCA,C7,3EE57,セブン‐イレブン,鳥栖大正町店,
SUGOCA,C7,3EE82,セブン‐イレブン,久留米市役所前店,
SUGOCA,C7,3EE83,セブン‐イレブン,久留米市役所前店,
SUGOCA,C7,3EEBD,セブン‐イレブン,宇土本町4丁目店,
SUGOCA,C7,3EECC,RAGGRUPPI AIR,福岡空港店,
SUGOCA,C7,3EEE5,ロイヤルフードコート,福岡空港国際線ターミナル店,
SUGOCA,C7,3EEFF,HAKATA 空香 DINING,,
SUGOCA,C7,3EF2B,セブン‐イレブン,博多出来町通り店,
SUGOCA,C7,3EF2C,セブン‐イレブン,博多出来町通り店,
SUGOCA,C7,3EF2D,セブン‐イレブン,博多出来町通り店,
SUGOCA,C7,3EF30,セブン‐イレブン,宮崎駅東2丁目店,
SUGOCA,C7,3EF31,セブン‐イレブン,宮崎駅東2丁目店,
SUGOCA,C7,3EF5F,セブン‐イレブン,湯布院湯の坪店,
SUGOCA,C7,3EF69,セブン‐イレブン,柳川辻町店,
SUGOCA,C7,3EF7E,セブン‐イレブン,博多東那珂3丁目店,
SUGOCA,C7,3EF87,セブン‐イレブン,春日原駅東店,
SUGOCA,C7,3EFBB,セブン‐イレブン,大分政所店,
SUGOCA,C7,3EFBC,セブン‐イレブン,大分政所店,
SUGOCA,C7,3EFC1,セブン‐イレブン,古賀中央3丁目店,
SUGOCA,C7,3EFDA,セブン‐イレブン,福岡二又瀬店,
SUGOCA,C7,3EFDB,セブン‐イレブン,福岡二又瀬店,
SUGOCA,C7,3F00F,セブン‐イレブン,久留米田主丸店,
SUGOCA,C7,3F010,セブン‐イレブン,久留米田主丸店,
SUGOCA,C7,3F014,セブン‐イレブン,筑後中島店,
SUGOCA,C7,3F015,セブン‐イレブン,筑後中島店,
SUGOCA,C7,3F019,セブン‐イレブン,平戸田平東店,
SUGOCA,C7,3F01A,セブン‐イレブン,平戸田平東店,
SUGOCA,C7,3F036,セブン‐イレブン,西鉄薬院駅北口店,
SUGOCA,C7,3F037,セブン‐イレブン,西鉄薬院駅北口店,
SUGOCA,C7,3F038,セブン‐イレブン,西鉄薬院駅北口店,
SUGOCA,C7,3F050,セブン‐イレブン,福岡市地下鉄藤崎駅店,
SUGOCA,C7,3F05F,セブン‐イレブン,門司東新町1丁目店,
SUGOCA,C7,3F0B7,セブン‐イレブン,筑紫野警察署前店,
SUGOCA,C7,3F0B8,セブン‐イレブン,筑紫野警察署前店,
SUGOCA,C7,3F0BD,セブン‐イレブン,福岡那の津通り店,
SUGOCA,C7,3F0BE,セブン‐イレブン,福岡那の津通り店,
SUGOCA,C7,3F0BF,セブン‐イレブン,福岡那の津通り店,
SUGOCA,C7,3F0CC,セブン‐イレブン,志免新屋敷北店,
SUGOCA,C7,3F0E7,セブン‐イレブン,鹿児島小松原2丁目店,
SUGOCA,C7,3F0E8,セブン‐イレブン,鹿児島小松原2丁目店,
SUGOCA,C7,3F10B,セブン‐イレブン,福岡松島4丁目店,
SUGOCA,C7,3F156,セブン‐イレブン,大分金池町2丁目店,
SUGOCA,C7,3F157,セブン‐イレブン,大分金池町2丁目店,
SUGOCA,C7,3F17E,セブン‐イレブン,大牟田久保田店,
SUGOCA,C7,3F19D,セブン‐イレブン,若松白山店,
SUGOCA,C7,3F1AC,セブン‐イレブン,鹿島浜町店,
SUGOCA,C7,3F1D5,セブン‐イレブン,福岡香椎駅前店,
SUGOCA,C7,3F1DF,セブン‐イレブン,下和白店,
SUGOCA,C7,3F1E0,セブン‐イレブン,下和白店,
SUGOCA,C7,3F1F7,セブン‐イレブン,別府新港店,
SUGOCA,C7,3F1F8,セブン‐イレブン,別府新港店,
SUGOCA,C7,3F20B,セブン‐イレブン,福岡長浜2丁目店,
SUGOCA,C7,3F20C,セブン‐イレブン,福岡長浜2丁目店,
SUGOCA,C7,3F253,セブン‐イレブン,長崎思案橋店,
SUGOCA,C7,3F275,セブン‐イレブン,博多祇園町店,
SUGOCA,C7,3F276,セブン‐イレブン,博多祇園町店,
SUGOCA,C7,3F284,セブン‐イレブン,鹿児島山下町店,
SUGOCA,C7,3F285,セブン‐イレブン,鹿児島山下町店,
SUGOCA,C7,3F286,セブン‐イレブン,鹿児島山下町店,
SUGOCA,C7,3F29E,セブン‐イレブン,博多上牟田2丁目店,
SUGOCA,C7,3F29F,セブン‐イレブン,博多上牟田2丁目店,
SUGOCA,C7,3F2D5,セブン‐イレブン,博多千代5丁目店,
SUGOCA,C7,3F2D6,セブン‐イレブン,博多千代5丁目店,
SUGOCA,C7,3F2FF,セブン‐イレブン,唐津和多田用尺店,
SUGOCA,C7,3F30D,セブン‐イレブン,うきは高見店,
SUGOCA,C7,3F30E,セブン‐イレブン,うきは高見店,
SUGOCA,C7,3F317,セブン‐イレブン,福岡高宮5丁目店,
SUGOCA,C7,3F354,セブン‐イレブン,長崎古河町店,
SUGOCA,C7,3F355,セブン‐イレブン,長崎古河町店,
SUGOCA,C7,3F35C,セブン‐イレブン,大村放虎原店,
SUGOCA,C7,3F35D,セブン‐イレブン,大村放虎原店,
SUGOCA,C7,3F370,セブン‐イレブン,博多中洲大通り店,
SUGOCA,C7,3F371,セブン‐イレブン,博多中洲大通り店,
SUGOCA,C7,3F3A0,セブン‐イレブン,長崎銅座町店,
SUGOCA,C7,3F3A8,セブン‐イレブン,福岡高校前店,
SUGOCA,C7,3F3A9,セブン‐イレブン,福岡高校前店,
SUGOCA,C7,3F3C3,セブン‐イレブン,東彼杵川棚店,
SUGOCA,C7,3F3E4,セブン‐イレブン,有田下本店,
SUGOCA,C7,3F3E5,セブン‐イレブン,有田下本店,
SUGOCA,C7,3F3F3,セブン‐イレブン,博多人参通り店,
SUGOCA,C7,3F3F4,セブン‐イレブン,博多人参通り店,
SUGOCA,C7,3F3F5,セブン‐イレブン,博多人参通り店,
SUGOCA,C7,3F3F9,セブン‐イレブン,博多吉塚4丁目店,
SUGOCA,C7,3F3FA,セブン‐イレブン,博多吉塚4丁目店,
SUGOCA,C7,3F426,セブン‐イレブン,福岡藤崎駅前店,
SUGOCA,C7,3F427,セブン‐イレブン,福岡藤崎駅前店,
SUGOCA,C7,3F431,セブン‐イレブン,門司大里戸ノ上1丁目店,
SUGOCA,C7,3F462,セブン‐イレブン,福岡桜坂店,
SUGOCA,C7,3F463,セブン‐イレブン,福岡桜坂店,
SUGOCA,C7,3F490,セブン‐イレブン,諫早馬渡町店,
SUGOCA,C7,3F491,セブン‐イレブン,諫早馬渡町店,
SUGOCA,C7,3F4C4,セブン‐イレブン,有田駅前店,
SUGOCA,C7,3F4C5,セブン‐イレブン,有田駅前店,
SUGOCA,C7,3F4D4,セブン‐イレブン,博多弓田町店,
SUGOCA,C7,3F4D9,セブン‐イレブン,博多堅粕3丁目店,
SUGOCA,C7,3F4DA,セブン‐イレブン,博多堅粕3丁目店,
SUGOCA,C7,3F52E,セブン‐イレブン,大分中央町4丁目店,
SUGOCA,C7,3F52F,セブン‐イレブン,大分中央町4丁目店,
SUGOCA,C7,3F543,セブン‐イレブン,有田町役場前店,
SUGOCA,C7,3F544,セブン‐イレブン,有田町役場前店,
SUGOCA,C7,3F557,セブン‐イレブン,福岡那の津ふ頭店,
SUGOCA,C7,3F558,セブン‐イレブン,福岡那の津ふ頭店,
SUGOCA,C7,3F56A,セブン‐イレブン,大分都町2丁目店,
SUGOCA,C7,3F56B,セブン‐イレブン,大分都町2丁目店,
SUGOCA,C7,3F57E,セブン‐イレブン,大村池田2丁目店,
SUGOCA,C7,3F57F,セブン‐イレブン,大村池田2丁目店,
SUGOCA,C7,3F583,セブン‐イレブン,大牟田倉永店,
SUGOCA,C7,3F584,セブン‐イレブン,大牟田倉永店,
SUGOCA,C7,3F588,セブン‐イレブン,博多南八幡町店,
SUGOCA,C7,3F589,セブン‐イレブン,博多南八幡町店,
SUGOCA,C7,3F592,セブン‐イレブン,福岡渡辺通西店,
SUGOCA,C7,3F593,セブン‐イレブン,福岡渡辺通西店,
SUGOCA,C7,3F594,セブン‐イレブン,福岡渡辺通西店,
SUGOCA,C7,3F5AC,セブン‐イレブン,熊本尾ノ上1丁目店,
SUGOCA,C7,3F5B5,セブン‐イレブン,鹿児島いづろ中央店,
SUGOCA,C7,3F5B6,セブン‐イレブン,鹿児島いづろ中央店,
SUGOCA,C7,3F5DA,セブン‐イレブン,福岡和白丘1丁目店,
SUGOCA,C7,3F5DB,セブン‐イレブン,福岡和白丘1丁目店,
SUGOCA,C7,3F606,セブン‐イレブン,福岡空港国際線店,
SUGOCA,C7,3F607,セブン‐イレブン,福岡空港国際線店,
SUGOCA,C7,3F608,セブン‐イレブン,福岡空港国際線店,
SUGOCA,C7,3F610,セブン‐イレブン,大分要町店,
SUGOCA,C7,3F648,セブン‐イレブン,福岡大橋駅南口店,
SUGOCA,C7,3F651,セブン‐イレブン,小倉東篠崎2丁目店,
SUGOCA,C7,3F652,セブン‐イレブン,小倉東篠崎2丁目店,
SUGOCA,C7,3F66B,セブン‐イレブン,福岡原田2丁目店,
SUGOCA,C7,3F690,セブン‐イレブン,篠栗御影橋店,
SUGOCA,C7,3F691,セブン‐イレブン,篠栗御影橋店,
SUGOCA,C7,3F6BA,セブン‐イレブン,福岡馬出2丁目店,
SUGOCA,C7,3F6BB,セブン‐イレブン,福岡馬出2丁目店,
SUGOCA,C7,3F6BF,セブン‐イレブン,福岡白金店,
SUGOCA,C7,3F6D6,セブン‐イレブン,博多新中洲ビル店,
SUGOCA,C7,3F6D7,セブン‐イレブン,博多新中洲ビル店,
SUGOCA,C7,3F6D8,セブン‐イレブン,博多新中洲ビル店,
SUGOCA,C7,3F6E6,セブン‐イレブン,久留米六ツ門店,
SUGOCA,C7,3F6E7,セブン‐イレブン,久留米六ツ門店,
SUGOCA,C7,3F705,セブン‐イレブン,熊本大江5丁目店,
SUGOCA,C7,3F730,セブン‐イレブン,久留米小森野2丁目店,
SUGOCA,C7,3F758,セブン‐イレブン,佐世保島地町店,
SUGOCA,C7,3F759,セブン‐イレブン,佐世保島地町店,
SUGOCA,C7,3F767,セブン‐イレブン,博多東比恵1丁目店,
SUGOCA,C7,3F768,セブン‐イレブン,博多東比恵1丁目店,
SUGOCA,C7,3F769,セブン‐イレブン,博多東比恵1丁目店,
SUGOCA,C7,3F771,セブン‐イレブン,福岡松田2丁目店,
SUGOCA,C7,3F772,セブン‐イレブン,福岡松田2丁目店,
SUGOCA,C7,3F786,セブン‐イレブン,博多東比恵2丁目店,
SUGOCA,C7,3F787,セブン‐イレブン,博多東比恵2丁目店,
SUGOCA,C7,3F792,セブン‐イレブン,小倉砂津1丁目店,
SUGOCA,C7,3F7BA,セブン‐イレブン,福岡野間店,
SUGOCA,C7,3F7C8,セブン‐イレブン,福岡箱崎ふ頭入口店,
SUGOCA,C7,3F814,セブン‐イレブン,福岡谷2丁目店,
SUGOCA,C7,3F818,セブン‐イレブン,博多春町3丁目店,
SUGOCA,C7,3F823,セブン‐イレブン,福岡九産大駅西店,
SUGOCA,C7,3F829,セブン‐イレブン,博多銀天町3丁目店,
SUGOCA,C7,3F850,セブン‐イレブン,博多竹下1丁目店,
SUGOCA,C7,3F855,セブン‐イレブン,博多東那珂1丁目店,
SUGOCA,C7,3F856,セブン‐イレブン,博多東那珂1丁目店,
SUGOCA,C7,3F86B,セブン‐イレブン,久留米百年パーク店,
SUGOCA,C7,3F86F,セブン‐イレブン,志免御手洗1丁目店,
SUGOCA,C7,3F8BF,セブン‐イレブン,博多板付5丁目店,
SUGOCA,C7,3F8FC,セブン‐イレブン,熊本下通アーケード店,
SUGOCA,C7,3F8FD,セブン‐イレブン,熊本下通アーケード店,
SUGOCA,C7,3F8FE,セブン‐イレブン,熊本下通アーケード店,
SUGOCA,C7,3F929,セブン‐イレブン,日田三本松2丁目店,
SUGOCA,C7,3F92A,セブン‐イレブン,日田三本松2丁目店,
SUGOCA,C7,3F938,セブン‐イレブン,新八代駅前店,
SUGOCA,C7,3F939,セブン‐イレブン,新八代駅前店,
SUGOCA,C7,3F96A,セブン‐イレブン,佐世保駅前店,
SUGOCA,C7,3F96B,セブン‐イレブン,佐世保駅前店,
SUGOCA,C7,3F97F,セブン‐イレブン,福岡和白2丁目店,
SUGOCA,C7,3F9B5,セブン‐イレブン,行橋市役所前店,
SUGOCA,C7,3F9B6,セブン‐イレブン,行橋市役所前店,
SUGOCA,C7,3F9E1,セブン‐イレブン,筑後大和塩塚店,
SUGOCA,C7,3F9E2,セブン‐イレブン,筑後大和塩塚店,
SUGOCA,C7,3F9FF,セブン‐イレブン,熊本新町3丁目店,
SUGOCA,C7,3FA00,セブン‐イレブン,熊本新町3丁目店,
SUGOCA,C7,3FA2C,セブン‐イレブン,長崎栄町店,
SUGOCA,C7,3FA41,セブン‐イレブン,博多三井ビル店,
SUGOCA,C7,3FA42,セブン‐イレブン,博多三井ビル店,
SUGOCA,C7,3FA43,セブン‐イレブン,博多三井ビル店,
SUGOCA,C7,3FA5A,セブン‐イレブン,八幡黒崎城石店,
SUGOCA,C7,3FAFA,セブン‐イレブン,大村富の原2丁目店,
SUGOCA,C7,3FB4D,セブン‐イレブン,西鉄紫駅前店,
SUGOCA,C7,3FB4E,セブン‐イレブン,西鉄紫駅前店,
SUGOCA,C7,3FB75,セブン‐イレブン,宮崎青島店,
SUGOCA,C7,3FB8A,セブン‐イレブン,粕屋仲原店,
SUGOCA,C7,3FB93,セブン‐イレブン,福岡春吉寺町通店,
SUGOCA,C7,3FB94,セブン‐イレブン,福岡春吉寺町通店,
SUGOCA,C7,3FB9D,セブン‐イレブン,八代本野町店,
SUGOCA,C7,3FB9E,セブン‐イレブン,八代本野町店,
SUGOCA,C7,3FBAD,セブン‐イレブン,大村松並1丁目店,
SUGOCA,C7,3FBC4,セブン‐イレブン,宮崎南バイパス店,
SUGOCA,C7,3FBC5,セブン‐イレブン,宮崎南バイパス店,
SUGOCA,C7,3FBF5,セブン‐イレブン,福岡天神4丁目店,
SUGOCA,C7,3FC06,セブン‐イレブン,鹿児島呉服町店,
SUGOCA,C7,3FC07,セブン‐イレブン,鹿児島呉服町店,
SUGOCA,C7,3FC10,セブン‐イレブン,長崎梅香崎町店,
SUGOCA,C7,3FC11,セブン‐イレブン,長崎梅香崎町店,
SUGOCA,C7,3FC28,セブン‐イレブン,福岡笹丘1丁目店,
SUGOCA,C7,3FC29,セブン‐イレブン,福岡笹丘1丁目店,
SUGOCA,C7,3FC33,セブン‐イレブン,博多瑞穂南店,
SUGOCA,C7,3FC50,セブン‐イレブン,国分シビックセンター前店,
SUGOCA,C7,3FC51,セブン‐イレブン,国分シビックセンター前店,
SUGOCA,C7,3FC54,セブン‐イレブン,鹿児島坂之上5丁目店,
SUGOCA,C7,3FC55,セブン‐イレブン,鹿児島坂之上5丁目店,
SUGOCA,C7,3FC58,セブン‐イレブン,博多榎田南店,
SUGOCA,C7,3FC59,セブン‐イレブン,博多榎田南店,
SUGOCA,C7,3FC7D,セブン‐イレブン,博多中比恵公園前店,
SUGOCA,C7,3FC7E,セブン‐イレブン,博多中比恵公園前店,
SUGOCA,C7,3FC7F,セブン‐イレブン,博多中比恵公園前店,
SUGOCA,C7,3FC80,セブン‐イレブン,博多中比恵公園前店,
SUGOCA,C7,3FC81,セブン‐イレブン,肥前鹿島店,
SUGOCA,C7,3FC8A,セブン‐イレブン,大分松原町2丁目店,
SUGOCA,C7,3FC8B,セブン‐イレブン,大分松原町2丁目店,
SUGOCA,C7,3FCA3,セブン‐イレブン,博多区役所前店,
SUGOCA,C7,3FCA4,セブン‐イレブン,博多区役所前店,
SUGOCA,C7,3FCA5,セブン‐イレブン,博多区役所前店,
SUGOCA,C7,3FCC4,セブン‐イレブン,天草小松原町店,
SUGOCA,C7,3FCC5,セブン‐イレブン,天草小松原町店,
SUGOCA,C7,3FCD1,セブン‐イレブン,古賀千鳥2丁目店,
SUGOCA,C7,3FCF1,マクドナルド,シーサイドももち店,
SUGOCA,C7,3FD2C,セブン‐イレブン,小倉京町2丁目店,
SUGOCA,C7,3FD2D,セブン‐イレブン,小倉京町2丁目店,
SUGOCA,C7,3FD2E,セブン‐イレブン,小倉京町2丁目店,
SUGOCA,C7,3FD36,セブン‐イレブン,小倉魚町2丁目店,
SUGOCA,C7,3FD37,セブン‐イレブン,小倉魚町2丁目店,
SUGOCA,C7,3FD38,セブン‐イレブン,小倉魚町2丁目店,
SUGOCA,C7,3FDAF,セブン‐イレブン,飯塚鯰田上町店,
SUGOCA,C7,3FDB0,セブン‐イレブン,飯塚鯰田上町店,
SUGOCA,C7,3FDC0,久留米報国タクシー,,
SUGOCA,C7,3FE31,セブン‐イレブン,熊本横手2丁目店,
SUGOCA,C7,3FE32,セブン‐イレブン,熊本横手2丁目店,
SUGOCA,C7,3FE3B,つくしの交通,,
SUGOCA,C7,3FE76,セブン‐イレブン,福岡舞鶴店,
SUGOCA,C7,3FE77,セブン‐イレブン,福岡舞鶴店,
SUGOCA,C7,3FE78,セブン‐イレブン,福岡舞鶴店,
SUGOCA,C7,3FF46,セブン‐イレブン,博多住吉橋店,
SUGOCA,C7,3FF47,セブン‐イレブン,博多住吉橋店,
SUGOCA,C7,3FF5C,博多阪急,,
SUGOCA,C7,3FF7F,ファミリーマート,博多榎田一丁目店,
SUGOCA,C7,3FF80,ファミリーマート,博多榎田一丁目店,
SUGOCA,C7,3FF81,ファミリーマート,博多榎田一丁目店,
SUGOCA,C7,3FFFE,セブン‐イレブン,博多竹下2丁目店,
SUGOCA,C7,3FFFF,セブン‐イレブン,博多竹下2丁目店,
SUGOCA,C7,4009E,セブン‐イレブン,戸畑中本町店,
SUGOCA,C7,4009F,セブン‐イレブン,戸畑中本町店,
SUGOCA,C7,400A2,セブン‐イレブン,伊万里東山代里店,
SUGOCA,C7,40117,セブン‐イレブン,DR福岡西中洲ダイワロイネットホテル店,
SUGOCA,C7,40119,セブン‐イレブン,DR福岡西中洲ダイワロイネットホテル店,
SUGOCA,C7,4017E,セブン‐イレブン,太宰府通古賀3丁目店,
SUGOCA,C7,40192,セブン‐イレブン,宮崎月見ケ丘2丁目店,
SUGOCA,C7,402B8,セブン‐イレブン,八代萩原町1丁目店,
SUGOCA,C7,402B9,セブン‐イレブン,八代萩原町1丁目店,
SUGOCA,C7,402BD,セブン‐イレブン,福岡舞鶴1丁目店,
SUGOCA,C7,402BE,セブン‐イレブン,福岡舞鶴1丁目店,
SUGOCA,C7,402BF,セブン‐イレブン,福岡舞鶴1丁目店,
SUGOCA,C7,402D5,セブン‐イレブン,福岡干隈2丁目店,
SUGOCA,C7,402D6,セブン‐イレブン,福岡干隈2丁目店,
SUGOCA,C7,402DB,セブン‐イレブン,福岡千早4丁目店,
SUGOCA,C7,403E6,セブン‐イレブン,博多住吉4丁目店,
SUGOCA,C7,403E8,セブン‐イレブン,博多住吉4丁目店,
SUGOCA,C7,40415,セブン‐イレブン,西鉄薬院駅ビル店,
SUGOCA,C7,40459,セブン‐イレブン,福岡春吉橋店,
SUGOCA,C7,4045A,セブン‐イレブン,福岡春吉橋店,
SUGOCA,C7,40875,ドトールコーヒーショップ,沖縄県庁店,
SUGOCA,C7,40892,セブン‐イレブン,宮崎神宮東3丁目店,
SUGOCA,C7,40893,セブン‐イレブン,宮崎神宮東3丁目店,
SUGOCA,C7,408B4,セブン‐イレブン,大分都町4丁目店,
SUGOCA,C7,408B5,セブン‐イレブン,大分都町4丁目店,
SUGOCA,C7,408CC,セブン‐イレブン,博多山王1丁目店,
SUGOCA,C7,408CD,セブン‐イレブン,博多山王1丁目店,
SUGOCA,C7,408CE,セブン‐イレブン,博多山王1丁目店,
SUGOCA,C7,4090F,ドトールコーヒーショップ,みらい長崎ココウォーク店,
SUGOCA,C7,40937,セブン‐イレブン,福岡大手門1丁目店,
SUGOCA,C7,40966,セブン‐イレブン,福岡地行4丁目店,
SUGOCA,C7,4097C,吉野家,小倉京町店,
SUGOCA,C7,4097D,吉野家,小倉京町店,
SUGOCA,C7,40980,吉野家,小倉京町店,
SUGOCA,C7,4099C,吉野家,天神サザン通り店,
SUGOCA,C7,409A0,吉野家,春吉店,
SUGOCA,C7,409A1,吉野家,春吉店,
SUGOCA,C7,409AB,吉野家,港町店,
SUGOCA,C7,409C8,吉野家,博多デイトスアネックス店,
SUGOCA,C7,409CA,吉野家,博多デイトスアネックス店,
SUGOCA,C7,409D5,吉野家,築港本町店,
SUGOCA,C7,409D6,吉野家,築港本町店,
SUGOCA,C7,409DB,吉野家,博多祇園店,
SUGOCA,C7,409DC,吉野家,博多祇園店,
SUGOCA,C7,409E0,吉野家,3号線箱崎店,
SUGOCA,C7,409F8,吉野家,千早東店,
SUGOCA,C7,40A2F,吉野家,久留米市役所前店,
SUGOCA,C7,40A30,吉野家,久留米市役所前店,
SUGOCA,C7,40A52,吉野家,長崎駅前店,
SUGOCA,C7,40A53,吉野家,長崎駅前店,
SUGOCA,C7,40A54,吉野家,長崎駅前店,
SUGOCA,C7,40A69,吉野家,佐世保下京店,
SUGOCA,C7,40A72,吉野家,熊本駅店,
SUGOCA,C7,40AA5,吉野家,大分竹町店,
SUGOCA,C7,40B4A,セブン‐イレブン,八代井上町店,
SUGOCA,C7,40B4B,セブン‐イレブン,八代井上町店,
SUGOCA,C7,40BC6,セブン‐イレブン,小倉昭和町店,
SUGOCA,C7,40BD2,セブン‐イレブン,多良見体育センター前店,
SUGOCA,C7,40BD3,セブン‐イレブン,多良見体育センター前店,
SUGOCA,C7,40BD6,セブン‐イレブン,長与ニュータウン入口店,
SUGOCA,C7,40BE0,セブン‐イレブン,福岡中西商店街店,
SUGOCA,C7,40DA5,セブン‐イレブン,古賀日吉3丁目南店,
SUGOCA,C7,40DAB,セブン‐イレブン,菊陽境松店,
SUGOCA,C7,40DF4,セブン‐イレブン,久留米日吉町店,
SUGOCA,C7,40E28,マクドナルド,イオン大野城店,
SUGOCA,C7,40E5A,セブン‐イレブン,博多冷泉町店,
SUGOCA,C7,40E5B,セブン‐イレブン,博多冷泉町店,
SUGOCA,C7,40E6F,セブン‐イレブン,小倉浅香通り店,
SUGOCA,C7,40E71,セブン‐イレブン,小倉浅香通り店,
SUGOCA,C7,40EAB,ドトールコーヒーショップ,那覇空港店,
SUGOCA,C7,40EAE,セブン‐イレブン,別府石垣東3丁目店,
SUGOCA,C7,40EAF,セブン‐イレブン,別府石垣東3丁目店,
SUGOCA,C7,40F79,セブン‐イレブン,門司小森江店,
SUGOCA,C7,40F7A,セブン‐イレブン,門司小森江店,
SUGOCA,C7,40F83,セブン‐イレブン,小倉太陽の橋東店,
SUGOCA,C7,40F84,セブン‐イレブン,小倉太陽の橋東店,
SUGOCA,C7,40FC5,セブン‐イレブン,小倉貴船町店,
SUGOCA,C7,40FED,セブン‐イレブン,湯之元駅前店,
SUGOCA,C7,40FEE,セブン‐イレブン,湯之元駅前店,
SUGOCA,C7,4101F,セブン‐イレブン,福岡天神地下街店,
SUGOCA,C7,41064,セブン‐イレブン,福岡原田1丁目店,
SUGOCA,C7,410AE,セブン‐イレブン,延岡幸町2丁目店,
SUGOCA,C7,410AF,セブン‐イレブン,延岡幸町2丁目店,
SUGOCA,C7,41139,セブン‐イレブン,福岡築港本町店,
SUGOCA,C7,4113D,セブン‐イレブン,太宰府都府楼前駅前店,
SUGOCA,C7,41150,セブン‐イレブン,ホテルモントレラ・スール福岡店,
SUGOCA,C7,41151,セブン‐イレブン,ホテルモントレラ・スール福岡店,
SUGOCA,C7,41152,セブン‐イレブン,ホテルモントレラ・スール福岡店,
SUGOCA,C7,4115B,セブン‐イレブン,小倉京町3丁目店,
SUGOCA,C7,4115C,セブン‐イレブン,小倉京町3丁目店,
SUGOCA,C7,41190,セブン‐イレブン,薩摩川内泰平寺前店,
SUGOCA,C7,41191,セブン‐イレブン,薩摩川内泰平寺前店,
SUGOCA,C7,411C9,セブン‐イレブン,那覇松山1丁目店,
SUGOCA,C7,411CB,セブン‐イレブン,那覇松山1丁目店,
SUGOCA,C7,411CD,セブン‐イレブン,那覇松山1丁目店,
SUGOCA,C7,411D7,セブン‐イレブン,新天地浮島店,
SUGOCA,C7,411DB,セブン‐イレブン,新天地浮島店,
SUGOCA,C7,411ED,セブン‐イレブン,那覇新都心公園前店,
SUGOCA,C7,411EE,セブン‐イレブン,那覇新都心公園前店,
SUGOCA,C7,411F0,セブン‐イレブン,那覇新都心公園前店,
SUGOCA,C7,41209,セブン‐イレブン,北谷北前1丁目店,
SUGOCA,C7,4120E,セブン‐イレブン,那覇小禄1丁目店,
SUGOCA,C7,4120F,セブン‐イレブン,那覇小禄1丁目店,
SUGOCA,C7,4121D,セブン‐イレブン,国際通松尾1丁目店,
SUGOCA,C7,4121E,セブン‐イレブン,国際通松尾1丁目店,
SUGOCA,C7,4121F,セブン‐イレブン,国際通松尾1丁目店,
SUGOCA,C7,4125A,セブン‐イレブン,佐世保常盤町店,
SUGOCA,C7,41268,ファミリーマート,名品蔵門司港駅店,
SUGOCA,C7,41269,ファミリーマート,名品蔵門司港駅店,
SUGOCA,C7,4126A,ファミリーマート,名品蔵門司港駅店,
SUGOCA,C7,41283,マクドナルド,SAKURAMACHI熊本店,
SUGOCA,C7,41284,マクドナルド,SAKURAMACHI熊本店,
SUGOCA,C7,412A9,セブン‐イレブン,福岡松島6丁目店,
SUGOCA,C7,412D9,セブン‐イレブン,志免別府店,
SUGOCA,C7,412E3,セブン‐イレブン,熊本水前寺グランド通り店,
SUGOCA,C7,41306,ファミリーマート,博多駅前四丁目店,
SUGOCA,C7,41307,ファミリーマート,博多駅前四丁目店,
SUGOCA,C7,41308,ファミリーマート,博多駅前四丁目店,
SUGOCA,C7,41425,ファミリーマート,サクラマチ店,
SUGOCA,C7,41426,ファミリーマート,サクラマチ店,
SUGOCA,C7,41441,ファミリーマート,オーケイ泊店,
SUGOCA,C7,41442,ファミリーマート,オーケイ泊店,
SUGOCA,C7,41443,ファミリーマート,オーケイ泊店,
SUGOCA,C7,41452,ファミリーマート,国際通り牧志店,
SUGOCA,C7,41453,ファミリーマート,国際通り牧志店,
SUGOCA,C7,41454,ファミリーマート,国際通り牧志店,
SUGOCA,C7,4146C,ファミリーマート,西消防署通り店,
SUGOCA,C7,4146D,ファミリーマート,西消防署通り店,
SUGOCA,C7,4146E,ファミリーマート,西消防署通り店,
SUGOCA,C7,4146F,ファミリーマート,西消防署通り店,
SUGOCA,C7,41471,ファミリーマート,久米西武門店,
SUGOCA,C7,41472,ファミリーマート,久米西武門店,
SUGOCA,C7,41473,ファミリーマート,久米西武門店,
SUGOCA,C7,41493,ファミリーマート,コンフォート泊店,
SUGOCA,C7,41494,ファミリーマート,コンフォート泊店,
SUGOCA,C7,41495,ファミリーマート,コンフォート泊店,
SUGOCA,C7,414A4,ファミリーマート,宮古マクラム通り店,
SUGOCA,C7,414A5,ファミリーマート,宮古マクラム通り店,
SUGOCA,C7,414A6,ファミリーマート,宮古マクラム通り店,
SUGOCA,C7,414A7,ファミリーマート,佐世保三浦町店,
SUGOCA,C7,414A8,ファミリーマート,佐世保三浦町店,
SUGOCA,C7,414A9,ファミリーマート,迫川内駅前通り店,
SUGOCA,C7,414AA,ファミリーマート,迫川内駅前通り店,
SUGOCA,C7,414B3,ファミリーマート,玉里団地店,
SUGOCA,C7,414CA,ファミリーマート,太宰府五条駅前店,
SUGOCA,C7,414DE,ファミリーマート,八幡メディアパーク店,
SUGOCA,C7,414DF,ファミリーマート,八幡メディアパーク店,
SUGOCA,C7,414F3,ファミリーマート,水俣百間店,
SUGOCA,C7,414F4,ファミリーマート,水俣百間店,
SUGOCA,C7,414FE,ファミリーマート,大牟田大正町店,
SUGOCA,C7,414FF,ファミリーマート,大牟田大正町店,
SUGOCA,C7,41516,ファミリーマート,門司下二十町店,
SUGOCA,C7,4153B,ファミリーマート,大矢野宮津店,
SUGOCA,C7,41563,ファミリーマート,大同火災久米ビル店,
SUGOCA,C7,41569,ファミリーマート,おもろまち二丁目店,
SUGOCA,C7,4156A,ファミリーマート,おもろまち二丁目店,
SUGOCA,C7,4156B,ファミリーマート,おもろまち二丁目店,
SUGOCA,C7,41578,ファミリーマート,那覇久茂地二丁目店,
SUGOCA,C7,41579,ファミリーマート,那覇久茂地二丁目店,
SUGOCA,C7,4157A,ファミリーマート,那覇久茂地二丁目店,
SUGOCA,C7,4157F,ファミリーマート,中部商業高校前店,
SUGOCA,C7,415E8,ファミリーマート,宮崎橘通店,
SUGOCA,C7,415E9,ファミリーマート,宮崎橘通店,
SUGOCA,C7,415EA,ファミリーマート,宮崎橘通店,
SUGOCA,C7,41606,ファミリーマート,橘通東一丁目店,
SUGOCA,C7,41607,ファミリーマート,橘通東一丁目店,
SUGOCA,C7,41611,ファミリーマート,川内駅東口店,
SUGOCA,C7,41612,ファミリーマート,川内駅東口店,
SUGOCA,C7,41623,ファミリーマート,名瀬大熊店,
SUGOCA,C7,41624,ファミリーマート,名瀬大熊店,
SUGOCA,C7,41625,ファミリーマート,名瀬大熊店,
SUGOCA,C7,4163D,ファミリーマート,JR門司駅店,
SUGOCA,C7,4163E,ファミリーマート,JR門司駅店,
SUGOCA,C7,4163F,ファミリーマート,JR大牟田駅店,
SUGOCA,C7,41640,ファミリーマート,JR大牟田駅店,
SUGOCA,C7,41648,ファミリーマート,JR久留米駅店,
SUGOCA,C7,41649,ファミリーマート,JR久留米駅店,
SUGOCA,C7,4164A,ファミリーマート,JR久留米駅店,
SUGOCA,C7,4164B,ファミリーマート,大牟田駅西口店,
SUGOCA,C7,4164C,ファミリーマート,大牟田駅西口店,
SUGOCA,C7,4164D,ファミリーマート,JR佐世保駅店,
SUGOCA,C7,4164E,ファミリーマート,JR佐世保駅店,
SUGOCA,C7,4164F,ファミリーマート,JR佐世保駅店,
SUGOCA,C7,41656,ファミリーマート,JR若松駅店,
SUGOCA,C7,41657,ファミリーマート,JR若松駅店,
SUGOCA,C7,4165D,セブン‐イレブン,福岡赤坂1丁目店,
SUGOCA,C7,4165E,セブン‐イレブン,福岡赤坂1丁目店,
SUGOCA,C7,4165F,セブン‐イレブン,福岡赤坂1丁目店,
SUGOCA,C7,41685,ファミリーマート,バイパス嘉数二丁目店,
SUGOCA,C7,41686,ファミリーマート,バイパス嘉数二丁目店,
SUGOCA,C7,41687,ファミリーマート,バイパス嘉数二丁目店,
SUGOCA,C7,41688,ファミリーマート,沖縄赤十字病院店,
SUGOCA,C7,41689,ファミリーマート,沖縄赤十字病院店,
SUGOCA,C7,4168A,ファミリーマート,沖縄赤十字病院店,
SUGOCA,C7,416BB,ファミリーマート,九産大駅前店,
SUGOCA,C7,416BC,ファミリーマート,九産大駅前店,
SUGOCA,C7,416BD,ファミリーマート,九産大駅前店,
SUGOCA,C7,416C9,ファミリーマート,小倉駅南店,
SUGOCA,C7,416D8,ファミリーマート,博多出来町公園前店,
SUGOCA,C7,416D9,ファミリーマート,博多出来町公園前店,
SUGOCA,C7,416E4,ファミリーマート,小倉TEXAS店,
SUGOCA,C7,416E5,ファミリーマート,小倉TEXAS店,
SUGOCA,C7,416EA,ファミリーマート,小倉モノレール旦過店,
SUGOCA,C7,416EF,ファミリーマート,久留米文化街店,
SUGOCA,C7,416F0,ファミリーマート,久留米文化街店,
SUGOCA,C7,41749,ファミリーマート,那覇神里原通り店,
SUGOCA,C7,4174A,ファミリーマート,那覇神里原通り店,
SUGOCA,C7,4174B,ファミリーマート,那覇神里原通り店,
SUGOCA,C7,41755,ファミリーマート,久茂地美栄橋店,
SUGOCA,C7,41756,ファミリーマート,久茂地美栄橋店,
SUGOCA,C7,41757,ファミリーマート,久茂地美栄橋店,
SUGOCA,C7,4175C,ファミリーマート,ベイサイド宇地泊店,
SUGOCA,C7,41797,ファミリーマート,鹿児島中央駅店,
SUGOCA,C7,41798,ファミリーマート,鹿児島中央駅店,
SUGOCA,C7,41799,ファミリーマート,鹿児島中央駅店,
SUGOCA,C7,417A5,ファミリーマート,永吉二丁目店,
SUGOCA,C7,417AB,ファミリーマート,島之内店,
SUGOCA,C7,417AC,ファミリーマート,島之内店,
SUGOCA,C7,417E7,ファミリーマート,大分高城駅前店,
SUGOCA,C7,417E8,ファミリーマート,大分高城駅前店,
SUGOCA,C7,417EF,ファミリーマート,JR西小倉駅前店,
SUGOCA,C7,417F0,ファミリーマート,JR西小倉駅前店,
SUGOCA,C7,417F2,ファミリーマート,JR小倉駅改札口店,
SUGOCA,C7,417F3,ファミリーマート,JR小倉駅改札口店,
SUGOCA,C7,417F4,ファミリーマート,JR小倉駅改札口店,
SUGOCA,C7,41806,ファミリーマート,大分原新町店,
SUGOCA,C7,41807,ファミリーマート,大分原新町店,
SUGOCA,C7,41809,ファミリーマート,JR八代駅店,
SUGOCA,C7,4180F,ファミリーマート,JR博多駅店,
SUGOCA,C7,41810,ファミリーマート,JR博多駅店,
SUGOCA,C7,41811,ファミリーマート,JR博多駅店,
SUGOCA,C7,41812,ファミリーマート,JR博多駅店,
SUGOCA,C7,41823,ファミリーマート,オーケイ嘉手納店,
SUGOCA,C7,41824,ファミリーマート,オーケイ嘉手納店,
SUGOCA,C7,41825,ファミリーマート,オーケイ嘉手納店,
SUGOCA,C7,41826,ファミリーマート,那覇空港ターミナル店,
SUGOCA,C7,41827,ファミリーマート,那覇空港ターミナル店,
SUGOCA,C7,41828,ファミリーマート,那覇空港ターミナル店,
SUGOCA,C7,41829,ファミリーマート,那覇空港ターミナル店,
SUGOCA,C7,4182A,ファミリーマート,那覇空港ターミナル店,
SUGOCA,C7,4182E,ファミリーマート,糸満米須店,
SUGOCA,C7,4182F,ファミリーマート,糸満米須店,
SUGOCA,C7,41834,ファミリーマート,宜野湾あいち店,
SUGOCA,C7,41835,ファミリーマート,宜野湾あいち店,
SUGOCA,C7,41836,ファミリーマート,宜野湾あいち店,
SUGOCA,C7,4183D,ファミリーマート,国立劇場前店,
SUGOCA,C7,4189D,ファミリーマート,佐世保駅前店,
SUGOCA,C7,418AE,ファミリーマート,姶良青木水流店,
SUGOCA,C7,418D0,ファミリーマート,博多住吉四丁目店,
SUGOCA,C7,418D5,ファミリーマート,福岡渡辺通五丁目店,
SUGOCA,C7,418D6,ファミリーマート,福岡渡辺通五丁目店,
SUGOCA,C7,418FB,ファミリーマート,福岡清川二丁目店,
SUGOCA,C7,4191A,ファミリーマート,福岡東浜店,
SUGOCA,C7,4191B,ファミリーマート,福岡東浜店,
SUGOCA,C7,4192C,ファミリーマート,志免南里一丁目店,
SUGOCA,C7,41955,ファミリーマート,大分新栄町店,
SUGOCA,C7,41956,ファミリーマート,大分新栄町店,
SUGOCA,C7,419A5,ファミリーマート,長田小学校前店,
SUGOCA,C7,419A6,ファミリーマート,長田小学校前店,
SUGOCA,C7,419C5,ファミリーマート,糸満ロータリー店,
SUGOCA,C7,419C6,ファミリーマート,糸満ロータリー店,
SUGOCA,C7,419C7,ファミリーマート,糸満ロータリー店,
SUGOCA,C7,419DE,ファミリーマート,中城南上原店,
SUGOCA,C7,419DF,ファミリーマート,中城南上原店,
SUGOCA,C7,419E0,ファミリーマート,中城南上原店,
SUGOCA,C7,419F9,ファミリーマート,脇田電停前店,
SUGOCA,C7,419FA,ファミリーマート,脇田電停前店,
SUGOCA,C7,41A6D,ファミリーマート,志布志二丁目店,
SUGOCA,C7,41A6E,ファミリーマート,志布志二丁目店,
SUGOCA,C7,41A79,ファミリーマート,JR福工大前駅店,
SUGOCA,C7,41A7D,ファミリーマート,アミュプラザ長崎店,
SUGOCA,C7,41A81,ファミリーマート,大分中央町2丁目店,
SUGOCA,C7,41A82,ファミリーマート,大分中央町2丁目店,
SUGOCA,C7,41A83,ファミリーマート,大分中央町2丁目店,
SUGOCA,C7,41A90,ファミリーマート,福岡県庁前店,
SUGOCA,C7,41A91,ファミリーマート,福岡県庁前店,
SUGOCA,C7,41A92,ファミリーマート,博多住吉公園前店,
SUGOCA,C7,41A93,ファミリーマート,博多住吉公園前店,
SUGOCA,C7,41A9C,ファミリーマート,長崎上大橋店,
SUGOCA,C7,41AAD,ファミリーマート,新幹線博多駅店,
SUGOCA,C7,41AAF,ファミリーマート,新幹線博多駅店,
SUGOCA,C7,41ABB,ファミリーマート,博多駅マイング店,
SUGOCA,C7,41ABC,ファミリーマート,博多駅マイング店,
SUGOCA,C7,41ABF,ファミリーマート,博多駅中央通路店,
SUGOCA,C7,41ACD,ファミリーマート,福岡六本松駅前店,
SUGOCA,C7,41ACE,ファミリーマート,福岡六本松駅前店,
SUGOCA,C7,41ACF,ファミリーマート,福岡六本松駅前店,
SUGOCA,C7,41AD6,ファミリーマート,銘品蔵久留米駅店,
SUGOCA,C7,41AD7,ファミリーマート,銘品蔵久留米駅店,
SUGOCA,C7,41AD8,ファミリーマート,銘品蔵久留米駅店,
SUGOCA,C7,41AD9,ファミリーマート,銘品蔵久留米駅店,
SUGOCA,C7,41AE6,ファミリーマート,JR和白駅前店,
SUGOCA,C7,41AE7,ファミリーマート,JR和白駅前店,
SUGOCA,C7,41AF1,ファミリーマート,JR大村駅店,
SUGOCA,C7,41AF2,ファミリーマート,JR大村駅店,
SUGOCA,C7,41AF5,セブン‐イレブン,桜町バスターミナル前店,
SUGOCA,C7,41B0C,ファミリーマート,名護宮里店,
SUGOCA,C7,41B0D,ファミリーマート,名護宮里店,
SUGOCA,C7,41B0E,ファミリーマート,名護宮里店,
SUGOCA,C7,41B1A,ファミリーマート,北谷謝苅店,
SUGOCA,C7,41B1B,ファミリーマート,北谷謝苅店,
SUGOCA,C7,41B7F,ファミリーマート,別府汐見店,
SUGOCA,C7,41B80,ファミリーマート,別府汐見店,
SUGOCA,C7,41B96,ファミリーマート,博多中洲四丁目店,
SUGOCA,C7,41B97,ファミリーマート,博多中洲四丁目店,
SUGOCA,C7,41B98,ファミリーマート,博多中洲四丁目店,
SUGOCA,C7,41BA2,ファミリーマート,博多吉塚三丁目店,
SUGOCA,C7,41BA3,ファミリーマート,博多吉塚三丁目店,
SUGOCA,C7,41BA6,ファミリーマート,博多中洲大通り店,
SUGOCA,C7,41BA7,ファミリーマート,博多中洲大通り店,
SUGOCA,C7,41BB8,ファミリーマート,藤崎駅前店,
SUGOCA,C7,41BB9,ファミリーマート,藤崎駅前店,
SUGOCA,C7,41BC0,ファミリーマート,小倉片野四丁目店,
SUGOCA,C7,41BC8,ファミリーマート,博多吉塚五丁目店,
SUGOCA,C7,41BC9,ファミリーマート,博多吉塚五丁目店,
SUGOCA,C7,41BD7,ファミリーマート,那覇若松店,
SUGOCA,C7,41BD8,ファミリーマート,那覇若松店,
SUGOCA,C7,41BD9,ファミリーマート,那覇若松店,
SUGOCA,C7,41BEB,ファミリーマート,名護市役所前店,
SUGOCA,C7,41BEC,ファミリーマート,名護市役所前店,
SUGOCA,C7,41BED,ファミリーマート,名護市役所前店,
SUGOCA,C7,41C0E,ファミリーマート,郡元一丁目店,
SUGOCA,C7,41C0F,ファミリーマート,郡元一丁目店,
SUGOCA,C7,41C32,ファミリーマート,JR鳥栖駅店,
SUGOCA,C7,41C39,ファミリーマート,博多中洲5丁目店,
SUGOCA,C7,41C3A,ファミリーマート,博多中洲5丁目店,
SUGOCA,C7,41C41,ファミリーマート,博多堅粕3丁目店,
SUGOCA,C7,41C4D,ファミリーマート,JR亀川駅前店,
SUGOCA,C7,41C4E,ファミリーマート,JR亀川駅前店,
SUGOCA,C7,41C5C,ファミリーマート,JR古賀駅店,
SUGOCA,C7,41C5E,ファミリーマート,博多大博町店,
SUGOCA,C7,41CA6,マクドナルド,熊本下通店,
SUGOCA,C7,41CB2,マクドナルド,熊本新市街店,
SUGOCA,C7,41CE3,ファミリーマート,東町店,
SUGOCA,C7,41CE4,ファミリーマート,東町店,
SUGOCA,C7,41CE5,ファミリーマート,東町店,
SUGOCA,C7,421A8,ファミリーマート,小倉駅北口店,
SUGOCA,C7,421DC,ファミリーマート,名護大南四丁目店,
SUGOCA,C7,421DD,ファミリーマート,名護大南四丁目店,
SUGOCA,C7,421DE,ファミリーマート,名護大南四丁目店,
SUGOCA,C7,4221F,ファミリーマート,高見馬場店,
SUGOCA,C7,4222B,ファミリーマート,諫早永昌店,
SUGOCA,C7,4223E,ファミリーマート,行橋安川通り店,
SUGOCA,C7,4223F,ファミリーマート,行橋安川通り店,
SUGOCA,C7,42255,ファミリーマート,博多リバレイン店,
SUGOCA,C7,42260,ファミリーマート,博多対馬小路店,
SUGOCA,C7,4227B,ファミリーマート,別府若草町店,
SUGOCA,C7,4227C,ファミリーマート,別府若草町店,
SUGOCA,C7,42286,ファミリーマート,武雄温泉駅前通り店,
SUGOCA,C7,4228A,ファミリーマート,中呉服町店,
SUGOCA,C7,4228D,ファミリーマート,八幡力丸店,
SUGOCA,C7,4228E,ファミリーマート,八幡力丸店,
SUGOCA,C7,4229E,ファミリーマート,博多中洲ロマン通り店,
SUGOCA,C7,422A6,ファミリーマート+大賀薬局,店屋町店,
SUGOCA,C7,422B3,ファミリーマート,博多冷泉通り店,
SUGOCA,C7,422B4,ファミリーマート,博多冷泉通り店,
SUGOCA,C7,422DB,ファミリーマート,嬉野温泉店,
SUGOCA,C7,422E7,ファミリーマート,武雄山内バイパス店,
SUGOCA,C7,4230B,ファミリーマート,大村長崎空港通り店,
SUGOCA,C7,4230C,ファミリーマート,大村長崎空港通り店,
SUGOCA,C7,42317,ファミリーマート,博多南五丁目店,
SUGOCA,C7,42344,ファミリーマート,名護東江五丁目店,
SUGOCA,C7,42345,ファミリーマート,名護東江五丁目店,
SUGOCA,C7,42352,ファミリーマート,那覇バスターミナル店,
SUGOCA,C7,42353,ファミリーマート,那覇バスターミナル店,
SUGOCA,C7,42354,ファミリーマート,那覇バスターミナル店,
SUGOCA,C7,42366,ファミリーマート+りうぼう,泉崎店,
SUGOCA,C7,42380,ファミリーマート,久米島イーフビーチ前店,
SUGOCA,C7,42381,ファミリーマート,久米島イーフビーチ前店,
SUGOCA,C7,42382,ファミリーマート,久米島イーフビーチ前店,
SUGOCA,C7,4238D,ファミリーマート,西田二丁目店,
SUGOCA,C7,4238E,ファミリーマート,西田二丁目店,
SUGOCA,C7,423A0,ファミリーマート,鹿児島中央駅東口店,
SUGOCA,C7,423A1,ファミリーマート,鹿児島中央駅東口店,
SUGOCA,C7,423A2,ファミリーマート,鹿児島中央駅東口店,
SUGOCA,C7,423C5,ファミリーマート,伊集院猪鹿倉店,
SUGOCA,C7,423C6,ファミリーマート,伊集院猪鹿倉店,
SUGOCA,C7,423FA,ファミリーマート,米盛病院店,
SUGOCA,C7,423FB,ファミリーマート,米盛病院店,
SUGOCA,C7,4241F,ファミリーマート,名瀬港町店,
SUGOCA,C7,42420,ファミリーマート,名瀬港町店,
SUGOCA,C7,42421,ファミリーマート,名瀬港町店,
SUGOCA,C7,42422,ファミリーマート,名瀬港町店,
SUGOCA,C7,4242F,ファミリーマート,JR千早駅店,
SUGOCA,C7,42430,ファミリーマート,JR千早駅店,
SUGOCA,C7,42431,ファミリーマート,JR千早駅店,
SUGOCA,C7,42432,ファミリーマート,JR千早駅店,
SUGOCA,C7,42434,ファミリーマート,JR香椎駅店,
SUGOCA,C7,42435,ファミリーマート,JR香椎駅店,
SUGOCA,C7,4243A,ファミリーマート,JR小倉駅店,
SUGOCA,C7,4243B,ファミリーマート,JR小倉駅店,
SUGOCA,C7,4243C,ファミリーマート,JR行橋駅店,
SUGOCA,C7,4243D,ファミリーマート,JR行橋駅店,
SUGOCA,C7,42442,ファミリーマート,JR福間駅店,
SUGOCA,C7,42448,ファミリーマート,博多駅南2丁目店,
SUGOCA,C7,42449,ファミリーマート,博多駅前住吉通店,
SUGOCA,C7,4244A,ファミリーマート,博多駅前住吉通店,
SUGOCA,C7,4244B,ファミリーマート,博多駅前住吉通店,
SUGOCA,C7,4244D,ファミリーマート,熊本新市街店,
SUGOCA,C7,4246E,ファミリーマート,JR九大学研都市駅店,
SUGOCA,C7,42472,ファミリーマート,折尾堀川町店,
SUGOCA,C7,42473,ファミリーマート,折尾堀川町店,
SUGOCA,C7,4247B,ファミリーマート,熊本下通1丁目店,
SUGOCA,C7,42482,ファミリーマート,銘品蔵熊本駅改札内店,
SUGOCA,C7,42483,ファミリーマート,銘品蔵熊本駅改札内店,
SUGOCA,C7,42484,ファミリーマート,銘品蔵熊本駅改札内店,
SUGOCA,C7,42485,ファミリーマート,博多駅博多口店,
SUGOCA,C7,42486,ファミリーマート,博多駅博多口店,
SUGOCA,C7,42487,ファミリーマート,博多駅博多口店,
SUGOCA,C7,42488,ファミリーマート,博多駅博多口店,
SUGOCA,C7,42489,ファミリーマート,博多駅博多口店,
SUGOCA,C7,4249D,ファミリーマート,JR博多駅1ホーム店,
SUGOCA,C7,424A2,ファミリーマート,西区愛宕1丁目店,
SUGOCA,C7,424A3,ファミリーマート,西区愛宕1丁目店,
SUGOCA,C7,424A4,ファミリーマート,熊本駅白川口店,
SUGOCA,C7,424A5,ファミリーマート,熊本駅白川口店,
SUGOCA,C7,424A6,ファミリーマート,熊本駅白川口店,
SUGOCA,C7,424A7,ファミリーマート,熊本駅白川口店,
SUGOCA,C7,424A8,ファミリーマート,熊本駅白川口店,
SUGOCA,C7,424A9,ファミリーマート,JR博多駅2ホーム店,
SUGOCA,C7,424AA,ファミリーマート,JR博多駅2ホーム店,
SUGOCA,C7,424B1,ファミリーマート,銘品蔵博多駅新幹線ホーム店,
SUGOCA,C7,424B2,ファミリーマート,銘品蔵博多駅新幹線ホーム店,
SUGOCA,C7,424B4,ファミリーマート,佐賀駅バスセンター店,
SUGOCA,C7,424C3,ファミリーマート,辻一丁目店,
SUGOCA,C7,424D3,ファミリーマート,天久一丁目店,
SUGOCA,C7,424D4,ファミリーマート,天久一丁目店,
SUGOCA,C7,424D5,ファミリーマート,天久一丁目店,
SUGOCA,C7,424E4,ファミリーマート,天狗屋市来店,
SUGOCA,C7,424E5,ファミリーマート,天狗屋市来店,
SUGOCA,C7,424FB,ファミリーマート,博多グリーンホテル店,
SUGOCA,C7,424FC,ファミリーマート,博多グリーンホテル店,
SUGOCA,C7,424FD,ファミリーマート,博多グリーンホテル店,
SUGOCA,C7,424FE,ファミリーマート,博多グリーンホテル店,
SUGOCA,C7,424FF,ファミリーマート,佐賀駅北店,
SUGOCA,C7,42500,ファミリーマート,佐賀駅北店,
SUGOCA,C7,42526,ファミリーマート,唐津市役所前店,
SUGOCA,C7,42541,ファミリーマート,八幡黒崎店,
SUGOCA,C7,42567,ファミリーマート,那覇新都心メディアビル店,
SUGOCA,C7,42568,ファミリーマート,那覇新都心メディアビル店,
SUGOCA,C7,42572,ファミリーマート,奥武山店,
SUGOCA,C7,42573,ファミリーマート,奥武山店,
SUGOCA,C7,425B9,ファミリーマート,日南飫肥本町店,
SUGOCA,C7,425D2,ファミリーマート,串木野西塩田店,
SUGOCA,C7,425D3,ファミリーマート,串木野西塩田店,
SUGOCA,C7,425D5,ファミリーマート,東市来店,
SUGOCA,C7,425DE,ファミリーマート,博多駅中央改札口店,
SUGOCA,C7,425E0,ファミリーマート,博多駅中央改札口店,
SUGOCA,C7,425E2,ファミリーマート,博多駅中央改札口店,
SUGOCA,C7,425E3,ファミリーマート,博多駅中央改札口店,
SUGOCA,C7,425E4,ファミリーマート,JR八幡駅店,
SUGOCA,C7,425EB,ファミリーマート,JR別府駅店,
SUGOCA,C7,425F0,ファミリーマート,博多駅前店,
SUGOCA,C7,425F3,ファミリーマート,博多駅前店,
SUGOCA,C7,425F7,ファミリーマート,ハウステンボスホテル店,
SUGOCA,C7,42605,ファミリーマート,アミュプラザおおいた店,
SUGOCA,C7,42610,ファミリーマート,銘品蔵熊本駅新幹線口店,
SUGOCA,C7,42611,ファミリーマート,銘品蔵熊本駅新幹線口店,
SUGOCA,C7,42615,ファミリーマート,銘品蔵諫早駅店,
SUGOCA,C7,42616,ファミリーマート,銘品蔵諫早駅店,
SUGOCA,C7,42617,ファミリーマート,銘品蔵諫早駅店,
SUGOCA,C7,42618,ファミリーマート,銘品蔵諫早駅店,
SUGOCA,C7,4261C,ファミリーマート,銘品蔵黒崎駅店,
SUGOCA,C7,4261D,ファミリーマート,銘品蔵黒崎駅店,
SUGOCA,C7,42648,セブン‐イレブン,浦添宮城2丁目店,
SUGOCA,C7,4264D,セブン‐イレブン,那覇松山2丁目店,
SUGOCA,C7,42654,セブン‐イレブン,国際通牧志2丁目店,
SUGOCA,C7,42655,セブン‐イレブン,国際通牧志2丁目店,
SUGOCA,C7,42656,セブン‐イレブン,国際通牧志2丁目店,
SUGOCA,C7,42685,セブン‐イレブン,中津豊田町店,
SUGOCA,C7,42686,セブン‐イレブン,中津豊田町店,
SUGOCA,C7,426C7,セブン‐イレブン,佐世保中央病院前店,
SUGOCA,C7,426C8,セブン‐イレブン,佐世保中央病院前店,
SUGOCA,C7,426F3,ファミリーマート,鹿児島中央駅改札口店,
SUGOCA,C7,426F4,ファミリーマート,鹿児島中央駅改札口店,
SUGOCA,C7,4270D,ファミリーマート,福岡和白三丁目店,
SUGOCA,C7,42712,ファミリーマート,八幡西黒崎2丁目店,
SUGOCA,C7,42713,ファミリーマート,八幡西黒崎2丁目店,
SUGOCA,C7,42714,ファミリーマート,八幡西黒崎2丁目店,
SUGOCA,C7,42750,ファミリーマート,柳川中央店,
SUGOCA,C7,42751,ファミリーマート,柳川中央店,
SUGOCA,C7,427A9,ファミリーマート,佐世保吉岡町店,
SUGOCA,C7,427AA,ファミリーマート,佐世保吉岡町店,
SUGOCA,C7,427B1,ファミリーマート,長崎銅座町店,
SUGOCA,C7,427CC,ファミリーマート,久留米梅満店,
SUGOCA,C7,427EF,ファミリーマート,長崎松山店,
SUGOCA,C7,427F2,ファミリーマート,坂ノ市中央四丁目店,
SUGOCA,C7,427F3,ファミリーマート,坂ノ市中央四丁目店,
SUGOCA,C7,427FD,ファミリーマート,久留米小森野店,
SUGOCA,C7,42825,ファミリーマート,大津吹田店,
SUGOCA,C7,42826,ファミリーマート,大津吹田店,
SUGOCA,C7,42829,ファミリーマート,博多御供所町店,
SUGOCA,C7,42836,セブン‐イレブン,浦添前田店,
SUGOCA,C7,4283B,セブン‐イレブン,那覇西2丁目店,
SUGOCA,C7,4283D,セブン‐イレブン,那覇西2丁目店,
SUGOCA,C7,42848,セブン‐イレブン,小倉浅野2丁目店,
SUGOCA,C7,42849,セブン‐イレブン,小倉浅野2丁目店,
SUGOCA,C7,4284C,ファミリーマート,松田三丁目店,
SUGOCA,C7,42881,ファミリーマート,西諫早ニュータウン店,
SUGOCA,C7,42882,ファミリーマート,西諫早ニュータウン店,
SUGOCA,C7,42887,ファミリーマート,諫早天満町店,
SUGOCA,C7,42897,ファミリーマート,小倉城野駅北店,
SUGOCA,C7,42898,ファミリーマート,小倉城野駅北店,
SUGOCA,C7,4289A,ファミリーマート,小倉企救丘駅前店,
SUGOCA,C7,428D2,ファミリーマート,大村宮小路三丁目店,
SUGOCA,C7,428E0,ファミリーマート,大村大川田店,
SUGOCA,C7,428E3,ファミリーマート,小倉モノレール守恒店,
SUGOCA,C7,428FD,セブン‐イレブン,琉球大学東口店,
SUGOCA,C7,428FE,セブン‐イレブン,琉球大学東口店,
SUGOCA,C7,42904,セブン‐イレブン,沖縄胡屋1丁目店,
SUGOCA,C7,42913,セブン‐イレブン,うるま宮里店,
SUGOCA,C7,4291D,ファミリーマート,喜々津駅前店,
SUGOCA,C7,4292E,マクドナルド,吉塚パピヨンガーデン店,
SUGOCA,C7,4292F,マクドナルド,吉塚パピヨンガーデン店,
SUGOCA,C7,42930,マクドナルド,吉塚パピヨンガーデン店,
SUGOCA,C7,42931,マクドナルド,吉塚パピヨンガーデン店,
SUGOCA,C7,4294C,ファミリーマート,橋本駅前店,
SUGOCA,C7,42954,ファミリーマート,八幡駅東店,
SUGOCA,C7,42955,ファミリーマート,八幡駅東店,
SUGOCA,C7,4295F,ファミリーマート,小倉鍛冶町二丁目店,
SUGOCA,C7,42965,ファミリーマート,福岡姪浜駅南店,
SUGOCA,C7,4296E,ファミリーマート,阿蘇乙姫店,
SUGOCA,C7,42973,ファミリーマート,小倉モノレール片野駅前店,
SUGOCA,C7,4297C,ファミリーマート,室見駅前店,
SUGOCA,C7,4297D,ファミリーマート,室見駅前店,
SUGOCA,C7,42982,ファミリーマート,国際通り入口店,
SUGOCA,C7,42983,ファミリーマート,国際通り入口店,
SUGOCA,C7,4298F,ファミリーマート,博多駅東一丁目店,
SUGOCA,C7,4299A,ファミリーマート,福岡渡辺通四丁目店,
SUGOCA,C7,4299B,ファミリーマート,福岡渡辺通四丁目店,
SUGOCA,C7,4299E,ファミリーマート,福岡平尾駅前店,
SUGOCA,C7,4299F,ファミリーマート,福岡平尾駅前店,
SUGOCA,C7,429B8,ファミリーマート,熊本段山本町店,
SUGOCA,C7,429B9,ファミリーマート,熊本段山本町店,
SUGOCA,C7,429C5,ファミリーマート,福岡合同庁舎前店,
SUGOCA,C7,429C6,ファミリーマート,福岡合同庁舎前店,
SUGOCA,C7,429D6,ファミリーマート,メトロ博多筑紫口店,
SUGOCA,C7,429D7,ファミリーマート,メトロ博多筑紫口店,
SUGOCA,C7,429D8,ファミリーマート,メトロ博多筑紫口店,
SUGOCA,C7,429D9,ファミリーマート,メトロ博多筑紫口店,
SUGOCA,C7,429F0,ファミリーマート,ワシントン通り店,
SUGOCA,C7,429F1,ファミリーマート,ワシントン通り店,
SUGOCA,C7,429FD,ファミリーマート,水巻中央店,
SUGOCA,C7,42A01,ファミリーマート,長崎樺島町店,
SUGOCA,C7,42A02,ファミリーマート,長崎樺島町店,
SUGOCA,C7,42A0B,ファミリーマート,長崎出島店,
SUGOCA,C7,42A0C,ファミリーマート,長崎出島店,
SUGOCA,C7,42A18,ファミリーマート,佐賀駅南口店,
SUGOCA,C7,42A19,ファミリーマート,佐賀駅南口店,
SUGOCA,C7,42A1F,ファミリーマート,長崎元船店,
SUGOCA,C7,42A20,ファミリーマート,長崎元船店,
SUGOCA,C7,42A37,ファミリーマート,博多美野島一丁目店,
SUGOCA,C7,42A46,ファミリーマート,府内町中央通り店,
SUGOCA,C7,42A56,ファミリーマート,ギャレリアシーホーク店,
SUGOCA,C7,42A66,ファミリーマート,福岡大名一丁目店,
SUGOCA,C7,42A67,ファミリーマート,福岡大名一丁目店,
SUGOCA,C7,42A77,ファミリーマート,久留米津福本町店,
SUGOCA,C7,42A78,ファミリーマート,久留米津福本町店,
SUGOCA,C7,42A79,ファミリーマート,大分都町四丁目店,
SUGOCA,C7,42A7A,ファミリーマート,大分都町四丁目店,
SUGOCA,C7,42A8C,ファミリーマート,北九大西店,
SUGOCA,C7,42A8F,ファミリーマート,長崎宝町店,
SUGOCA,C7,42A96,ファミリーマート,福岡薬院駅北口店,
SUGOCA,C7,42A97,ファミリーマート,福岡薬院駅北口店,
SUGOCA,C7,42ACC,ファミリーマート,博多駅南1丁目店,
SUGOCA,C7,42ACD,ファミリーマート,JR博多シティ店,
SUGOCA,C7,42ACE,ファミリーマート,JR博多シティ店,
SUGOCA,C7,42ACF,ファミリーマート,JR博多シティ店,
SUGOCA,C7,42AD0,ファミリーマート,JR博多シティ店,
SUGOCA,C7,42ADA,ファミリーマート,リースビル店,
SUGOCA,C7,42ADB,ファミリーマート,リースビル店,
SUGOCA,C7,42AE1,ファミリーマート,福岡今泉店,
SUGOCA,C7,42AE2,ファミリーマート,福岡今泉店,
SUGOCA,C7,42AF2,ファミリーマート,博多東那珂三丁目店,
SUGOCA,C7,42AF4,ファミリーマート,博多上牟田一丁目店,
SUGOCA,C7,42AFF,ファミリーマート,博多諸岡三丁目店,
SUGOCA,C7,42B1D,ファミリーマート,JR吉塚駅店,
SUGOCA,C7,42B1E,ファミリーマート,JR吉塚駅店,
SUGOCA,C7,42B1F,ファミリーマート,JR吉塚駅店,
SUGOCA,C7,42B20,ファミリーマート,JR吉塚駅店,
SUGOCA,C7,42B21,ファミリーマート,JR吉塚駅店,
SUGOCA,C7,42B22,ファミリーマート,JR中津駅店,
SUGOCA,C7,42B23,ファミリーマート,JR中津駅店,
SUGOCA,C7,42B26,ファミリーマート,小倉紺屋町店,
SUGOCA,C7,42B28,ファミリーマート,福岡大橋二丁目店,
SUGOCA,C7,42B36,セブン‐イレブン,琉球大学北口店,
SUGOCA,C7,42B38,セブン‐イレブン,琉球大学北口店,
SUGOCA,C7,42B39,セブン‐イレブン,琉球大学北口店,
SUGOCA,C7,42B3A,セブン‐イレブン,那覇久茂地3丁目店,
SUGOCA,C7,42B3B,セブン‐イレブン,那覇久茂地3丁目店,
SUGOCA,C7,42B3E,セブン‐イレブン,壺川駅前店,
SUGOCA,C7,42B3F,セブン‐イレブン,壺川駅前店,
SUGOCA,C7,42B41,セブン‐イレブン,壺川駅前店,
SUGOCA,C7,42B42,セブン‐イレブン,宮崎ブーゲンビリア空港店,
SUGOCA,C7,42B43,セブン‐イレブン,宮崎ブーゲンビリア空港店,
SUGOCA,C7,42C2F,北九州第一交通,門司営業所,
SUGOCA,C7,42E25,セブン‐イレブン,名護宮里5丁目店,
SUGOCA,C7,42E26,セブン‐イレブン,名護宮里5丁目店,
SUGOCA,C7,42E8F,セブン‐イレブン,熊本手取本町店,
SUGOCA,C7,431DA,セブン‐イレブン,宮崎高千穂通り店,
SUGOCA,C7,431DB,セブン‐イレブン,宮崎高千穂通り店,
SUGOCA,C7,431DC,セブン‐イレブン,宮崎高千穂通り店,
SUGOCA,C7,431E9,ファミリーマート,那覇沖映通り店,
SUGOCA,C7,431EA,ファミリーマート,那覇沖映通り店,
SUGOCA,C7,431F0,セブン‐イレブン,北中城ライカム店,
SUGOCA,C7,434A7,ファミリーマート,博多駅前3丁目店,
SUGOCA,C7,434A8,ファミリーマート,博多駅前3丁目店,
SUGOCA,C7,434A9,ファミリーマート,博多駅前3丁目店,
SUGOCA,C7,434AB,セブン‐イレブン,博多住吉3丁目店,
SUGOCA,C7,434AC,セブン‐イレブン,博多住吉3丁目店,
SUGOCA,C7,434D2,ファミリーマート,長崎恵美須町店,
SUGOCA,C7,434DA,セブン‐イレブン,長崎五島町店,
SUGOCA,C7,43505,セブン‐イレブン,博多駅前1丁目店,
SUGOCA,C7,43506,セブン‐イレブン,博多駅前1丁目店,
SUGOCA,C7,43507,セブン‐イレブン,博多駅前1丁目店,
SUGOCA,C7,43508,セブン‐イレブン,博多駅前1丁目店,
SUGOCA,C7,43514,マクドナルド,天神西通り店,
SUGOCA,C7,43528,ファミリーマート,長与駅前店,
SUGOCA,C7,43529,セブン‐イレブン,博多駅東3丁目店,
SUGOCA,C7,4352A,セブン‐イレブン,博多駅東3丁目店,
SUGOCA,C7,4352B,セブン‐イレブン,博多駅東3丁目店,
SUGOCA,C7,4354C,セブン‐イレブン,福岡港3丁目店,
SUGOCA,C7,43550,ファミリーマート,JR川内駅店,
SUGOCA,C7,43551,ファミリーマート,JR川内駅店,
SUGOCA,C7,43555,セブン‐イレブン,武雄バイパス店,
SUGOCA,C7,43556,セブン‐イレブン,武雄バイパス店,
SUGOCA,C7,43559,セブン‐イレブン,那覇楚辺店,
SUGOCA,C7,4355A,セブン‐イレブン,那覇楚辺店,
SUGOCA,C7,4356E,セブン‐イレブン,大野城下大利1丁目店,
SUGOCA,C7,4356F,セブン‐イレブン,大野城下大利1丁目店,
SUGOCA,C7,43583,セブン‐イレブン,佐世保吉岡店,
SUGOCA,C7,43584,セブン‐イレブン,佐世保吉岡店,
SUGOCA,C7,435CF,セブン‐イレブン,那覇真嘉比2丁目店,
SUGOCA,C7,435DD,マクドナルド,八幡則松店,
SUGOCA,C7,435E6,セブン‐イレブン,長崎西浜通り店,
SUGOCA,C7,435E7,セブン‐イレブン,長崎西浜通り店,
SUGOCA,C7,435F1,セブン‐イレブン,那覇首里大名町3丁目店,
SUGOCA,C7,435F8,セブン‐イレブン,中城村南上原店,
SUGOCA,C7,435F9,セブン‐イレブン,中城村南上原店,
SUGOCA,C7,43A29,ファミリーマート,小倉駅新幹線口店,
SUGOCA,C7,43A2C,セブン‐イレブン,博多綱場町店,
SUGOCA,C7,43A2E,セブン‐イレブン,博多綱場町店,
SUGOCA,C7,43A32,マクドナルド,アミュプラザみやざき店,
SUGOCA,C7,43A4F,ファミリーマート,名護大南二丁目店,
SUGOCA,C7,43A50,ファミリーマート,名護大南二丁目店,
SUGOCA,C7,43A55,セブン‐イレブン,小倉金田1丁目店,
SUGOCA,C7,43AA9,ファミリーマート,那覇松山一丁目店,
SUGOCA,C7,43AAA,ファミリーマート,那覇松山一丁目店,
SUGOCA,C7,43AAB,ファミリーマート,那覇松山一丁目店,
SUGOCA,C7,43ABD,セブン‐イレブン,宜野座松田店,
SUGOCA,C7,43AC0,セブン‐イレブン,名護東江4丁目店,
SUGOCA,C7,43AC1,セブン‐イレブン,名護東江4丁目店,
SUGOCA,C7,43B96,セブン‐イレブン,DR沖縄県庁前ロイネット店,
SUGOCA,C7,43B97,セブン‐イレブン,DR沖縄県庁前ロイネット店,
SUGOCA,C7,43B99,セブン‐イレブン,国立劇場おきなわ前店,
SUGOCA,C7,43BA8,ファミリーマート,JR武蔵塚駅前店,
SUGOCA,C7,43BD3,セブン‐イレブン,久留米荘島町店,
SUGOCA,C7,43BEA,第一交通,大野城営業所,
SUGOCA,C7,43BF9,福岡第一交通,福岡営業所,
SUGOCA,C7,43BFA,福岡第一交通,那珂川営業所,
SUGOCA,C7,43C1A,福岡第一交通,福岡南営業所,
SUGOCA,C7,43C1F,福岡第一交通,福岡南営業所,
SUGOCA,C7,43C22,福岡第一交通,福岡南営業所,
SUGOCA,C7,43C23,福岡第一交通,福岡南営業所,
SUGOCA,C7,43C26,福岡第一交通,福岡南営業所,
SUGOCA,C7,43C2A,福岡第一交通,福岡南営業所,
SUGOCA,C7,43C2B,福岡第一交通,福岡南営業所,
SUGOCA,C7,43C2D,福岡第一交通,福岡南営業所,
SUGOCA,C7,43C2E,福岡第一交通,福岡南営業所,
SUGOCA,C7,43C33,福岡第一交通,福岡南営業所,
SUGOCA,C7,43C3A,福岡第一交通,博多営業所,
SUGOCA,C7,43C42,福岡第一交通,博多営業所,
SUGOCA,C7,43C44,福岡第一交通,博多営業所,
SUGOCA,C7,43C4E,福岡第一交通,博多営業所,
SUGOCA,C7,43C50,福岡第一交通,博多営業所,
SUGOCA,C7,43C55,福岡第一交通,博多営業所,
SUGOCA,C7,43C5A,福岡第一交通,博多営業所,
SUGOCA,C7,43C5D,福岡第一交通,博多営業所,
SUGOCA,C7,43C68,福岡第一交通,那珂川営業所,
SUGOCA,C7,43C7A,福岡第一交通,那珂川営業所,
SUGOCA,C7,43C85,第一交通,アイランドシティ営業所,
SUGOCA,C7,43C86,福岡第一交通,那珂川営業所,
SUGOCA,C7,43C8B,第一交通,アイランドシティ営業所,
SUGOCA,C7,43C92,福岡第一交通,那珂川営業所,
SUGOCA,C7,43CA9,第一交通,アイランドシティ営業所,
SUGOCA,C7,43CAA,第一交通,アイランドシティ営業所,
SUGOCA,C7,43CB7,福岡東第一交通,,
SUGOCA,C7,43CB8,福岡東第一交通,,
SUGOCA,C7,43CC3,福岡東第一交通,,
SUGOCA,C7,43CC4,福岡東第一交通,,
SUGOCA,C7,43CDC,福岡東第一交通,,
SUGOCA,C7,43CE2,福岡第一交通,福岡西営業所,
SUGOCA,C7,43CE7,福岡第一交通,福岡西営業所,
SUGOCA,C7,43CEE,早良第一交通,,
SUGOCA,C7,43CFA,早良第一交通,,
SUGOCA,C7,43D03,早良第一交通,,
SUGOCA,C7,43D0A,福岡第一交通,福岡営業所,
SUGOCA,C7,43D0E,早良第一交通,,
SUGOCA,C7,43D10,新協第一交通,本社営業所,
SUGOCA,C7,43D1C,新協第一交通,本社営業所,
SUGOCA,C7,43D1D,新協第一交通,本社営業所,
SUGOCA,C7,43D25,新協第一交通,本社営業所,
SUGOCA,C7,43D2C,新協第一交通,本社営業所,
SUGOCA,C7,43D2F,新協第一交通,本社営業所,
SUGOCA,C7,43D33,新協第一交通,本社営業所,
SUGOCA,C7,43D36,新協第一交通,本社営業所,
SUGOCA,C7,43D39,新協第一交通,本社営業所,
SUGOCA,C7,43D45,第一交通,大野城営業所,
SUGOCA,C7,43D4E,第一交通,大野城営業所,
SUGOCA,C7,43D52,第一交通,大野城営業所,
SUGOCA,C7,43D55,第一交通,大野城営業所,
SUGOCA,C7,43D58,第一交通,大野城営業所,
SUGOCA,C7,43D5F,第一交通,大野城営業所,
SUGOCA,C7,43D64,福岡東第一交通,,
SUGOCA,C7,43D65,第一交通,アイランドシティ営業所,
SUGOCA,C7,43D9A,セブン‐イレブン,那覇旭町金秀ビル前店,
SUGOCA,C7,43D9B,セブン‐イレブン,那覇旭町金秀ビル前店,
SUGOCA,C7,43D9C,セブン‐イレブン,那覇旭町金秀ビル前店,
SUGOCA,C7,43DB7,PRONTO,福岡天神木村家ビル店,
SUGOCA,C7,43E25,ファミリーマート,阿蘇一の宮店,
SUGOCA,C7,43E27,ファミリーマート,JR折尾駅店,
SUGOCA,C7,43E28,ファミリーマート,JR折尾駅店,
SUGOCA,C7,43E29,ファミリーマート,JR折尾駅店,
SUGOCA,C7,43E2E,セブン‐イレブン,那覇新都心天久店,
SUGOCA,C7,43E2F,セブン‐イレブン,那覇新都心天久店,
SUGOCA,C7,43E58,第一交通,アイランドシティ営業所,
SUGOCA,C7,44556,セブン‐イレブン,浦添内間5丁目店,
SUGOCA,C7,44557,セブン‐イレブン,浦添内間5丁目店,
SUGOCA,C7,44570,セブン‐イレブン,那覇銘苅3丁目店,
SUGOCA,C7,44572,セブン‐イレブン,豊見城名嘉地北店,
SUGOCA,C7,44581,セブン‐イレブン,福岡大名中央通り店,
SUGOCA,C7,44582,セブン‐イレブン,福岡大名中央通り店,
SUGOCA,C7,44595,セブン‐イレブン,宜野湾我如古4丁目店,
SUGOCA,C7,44596,セブン‐イレブン,宜野湾我如古4丁目店,
SUGOCA,C7,445D0,ファミリーマート,那覇第2地方合同庁舎/S店,
SUGOCA,C7,445D1,ファミリーマート,那覇第2地方合同庁舎/S店,
SUGOCA,C7,445D3,ドトールコーヒーショップ,EneJet徳力店,
SUGOCA,C7,44605,ファミリーマート,JR熊本駅前店,
SUGOCA,C7,44608,ファミリーマート,熊本市役所前店,
SUGOCA,C7,44609,ファミリーマート,熊本市役所前店,
SUGOCA,C7,4460A,ファミリーマート,熊本市役所前店,
SUGOCA,C7,44652,セブン‐イレブン,佐世保市役所前店,
SUGOCA,C7,44653,セブン‐イレブン,佐世保市役所前店,
SUGOCA,C7,44661,セブン‐イレブン,福岡春吉2丁目店,
SUGOCA,C7,44662,セブン‐イレブン,福岡春吉2丁目店,
SUGOCA,C7,4466D,セブン‐イレブン,那覇前島店,
SUGOCA,C7,4466F,セブン‐イレブン,那覇前島店,
SUGOCA,C7,44671,ファミリーマート+ドラッグイレブン,呉服町店,
SUGOCA,C7,44672,ファミリーマート+ドラッグイレブン,呉服町店,
SUGOCA,C7,44673,ファミリーマート+ドラッグイレブン,呉服町店,
SUGOCA,C7,44723,セブン‐イレブン,鹿児島中央駅前店,
SUGOCA,C7,44724,セブン‐イレブン,鹿児島中央駅前店,
SUGOCA,C7,4476D,マクドナルド,大分オーパ店,
SUGOCA,C7,4476E,マクドナルド,大分オーパ店,
SUGOCA,C7,4476F,マクドナルド,大分オーパ店,
SUGOCA,C7,447A6,セブン‐イレブン,首里城下町JAおきなわ店,
SUGOCA,C7,447AA,セブン‐イレブン,八幡竹末店,
SUGOCA,C7,447B1,セブン‐イレブン,玖珠帆足店,
SUGOCA,C7,447B2,セブン‐イレブン,玖珠帆足店,
SUGOCA,C7,447B6,セブン‐イレブン,那覇小禄駅前店,
SUGOCA,C7,447B7,セブン‐イレブン,那覇小禄駅前店,
SUGOCA,C7,447CF,セブン‐イレブン,福岡馬出4丁目店,
SUGOCA,C7,44813,セブン‐イレブン,那覇泊2丁目店,
SUGOCA,C7,44814,セブン‐イレブン,那覇泊2丁目店,
SUGOCA,C7,44831,セブン‐イレブン,博多上川端町店,
SUGOCA,C7,44832,セブン‐イレブン,博多上川端町店,
SUGOCA,C7,44864,ファミリーマート,港川小学校前店,
SUGOCA,C7,44865,ファミリーマート,港川小学校前店,
SUGOCA,C7,44866,ファミリーマート,港川小学校前店,
SUGOCA,C7,448A0,ファミリーマート,天神駅店,
SUGOCA,C7,448A1,ファミリーマート,天神駅店,
SUGOCA,C7,448A2,ファミリーマート,天神駅店,
SUGOCA,C7,448CE,セブン‐イレブン,鹿児島空港前店,
SUGOCA,C7,448CF,セブン‐イレブン,鹿児島空港前店,
SUGOCA,C7,448D2,セブン‐イレブン,那覇リッチモンドホテル店,
SUGOCA,C7,448D3,セブン‐イレブン,那覇リッチモンドホテル店,
SUGOCA,C7,448E0,ファミリーマート,沖縄IT津梁パーク店,
SUGOCA,C7,448E1,ファミリーマート,沖縄IT津梁パーク店,
SUGOCA,C7,448E2,ファミリーマート,沖縄IT津梁パーク店,
SUGOCA,C7,448E5,ファミリーマート,JR遠賀川駅店,
SUGOCA,C7,448E6,ファミリーマート,JR遠賀川駅店,
SUGOCA,C7,448E8,セブン‐イレブン,福岡平尾山荘通り店,
SUGOCA,C7,44909,ファミリーマート,さいおんスクエア店,
SUGOCA,C7,4490A,ファミリーマート,さいおんスクエア店,
SUGOCA,C7,4490B,ファミリーマート,さいおんスクエア店,
SUGOCA,C7,44911,セブン‐イレブン,浦添パイプライン伊祖店,
SUGOCA,C7,44946,ファミリーマート,春日原駅前店,
SUGOCA,C7,44954,セブン‐イレブン,浦添城間4丁目店,
SUGOCA,C7,44955,セブン‐イレブン,浦添城間4丁目店,
SUGOCA,C7,44957,セブン‐イレブン,宜野湾神山1丁目店,
SUGOCA,C7,44959,セブン‐イレブン,宜野湾神山1丁目店,
SUGOCA,C7,44967,セブン‐イレブン,熊本段山本町店,
SUGOCA,C7,44968,セブン‐イレブン,熊本段山本町店,
SUGOCA,C7,44983,ファミリーマート,博多住吉通り店,
SUGOCA,C7,44984,ファミリーマート,博多住吉通り店,
SUGOCA,C7,449EC,吉野家,博多バスターミナル店,
SUGOCA,C7,449ED,吉野家,博多バスターミナル店,
SUGOCA,C7,449F7,セブン‐イレブン,石川インター店,
SUGOCA,C7,44A17,ファミリーマート,那覇市役所前店,
SUGOCA,C7,44A18,ファミリーマート,那覇市役所前店,
SUGOCA,C7,44A19,ファミリーマート,那覇市役所前店,
SUGOCA,C7,44A34,セブン‐イレブン,那覇新都心銘苅店,
SUGOCA,C7,44AD6,セブン‐イレブン,福岡橋本駅南店,
SUGOCA,C7,44AE1,セブン‐イレブン,浦添牧港5丁目店,
SUGOCA,C7,44AE3,セブン‐イレブン,浦添牧港5丁目店,
SUGOCA,C7,44B17,ファミリーマート,串木野須納瀬店,
SUGOCA,C7,44B18,ファミリーマート,串木野須納瀬店,
SUGOCA,C7,44B1C,ファミリーマート,博多西月隈二丁目店,
SUGOCA,C7,44B55,セブン‐イレブン,福岡長浜1丁目店,
SUGOCA,C7,44B56,セブン‐イレブン,福岡長浜1丁目店,
SUGOCA,C7,44B57,セブン‐イレブン,福岡長浜1丁目店,
SUGOCA,C7,44B58,セブン‐イレブン,宜野湾長田1丁目店,
SUGOCA,C7,44B5A,セブン‐イレブン,宜野湾長田1丁目店,
SUGOCA,C7,44B5C,セブン‐イレブン,名護世冨慶店,
SUGOCA,C7,44B5D,セブン‐イレブン,名護世冨慶店,
SUGOCA,C7,44B60,セブン‐イレブン,奥武山公園前店,
SUGOCA,C7,44B61,セブン‐イレブン,奥武山公園前店,
SUGOCA,C7,44B96,セブン‐イレブン,沖縄諸見里1丁目店,
SUGOCA,C7,44BA9,ファミリーマート,長崎浦上駅店,
SUGOCA,C7,44BCF,福岡第一交通,福岡南営業所,
SUGOCA,C7,44BD3,福岡第一交通,那珂川営業所,
SUGOCA,C7,44BDA,新協第一交通,本社営業所,
SUGOCA,C7,44BEF,第一交通,アイランドシティ営業所,
SUGOCA,C7,44C00,第一交通,アイランドシティ営業所,
SUGOCA,C7,44C2C,セブン‐イレブン,那覇崇元寺通り店,
SUGOCA,C7,44C2D,セブン‐イレブン,那覇崇元寺通り店,
SUGOCA,C7,44C39,マクドナルド,JR長崎駅店,
SUGOCA,C7,44C3A,マクドナルド,JR長崎駅店,
SUGOCA,C7,44C43,マクドナルド,ららぽーと福岡店,
SUGOCA,C7,44C44,マクドナルド,ららぽーと福岡店,
SUGOCA,C7,44C45,マクドナルド,ららぽーと福岡店,
SUGOCA,C7,44C5E,セブン‐イレブン,那覇牧志店,
SUGOCA,C7,44C5F,セブン‐イレブン,那覇牧志店,
SUGOCA,C7,44C8F,セブン‐イレブン,宜野湾真栄原2丁目店,
SUGOCA,C7,44C90,セブン‐イレブン,宜野湾真栄原2丁目店,
SUGOCA,C7,44C93,セブン‐イレブン,佐賀大財北町店,
SUGOCA,C7,44C96,セブン‐イレブン,久留米大善寺店,
SUGOCA,C7,44C97,セブン‐イレブン,久留米大善寺店,
SUGOCA,C7,44CA2,セブン‐イレブン,那覇楚辺1丁目店,
SUGOCA,C7,44CA3,セブン‐イレブン,那覇楚辺1丁目店,
SUGOCA,C7,44CE7,ファミリーマート,博多上川端町店,
SUGOCA,C7,44D22,ファミリーマート,センテラス天文館店,
SUGOCA,C7,44D23,ファミリーマート,センテラス天文館店,
SUGOCA,C7,44D3D,ファミリーマート,牧志二丁目店,
SUGOCA,C7,44D3E,ファミリーマート,牧志二丁目店,
SUGOCA,C7,44D3F,ファミリーマート,牧志二丁目店,
SUGOCA,C7,44DA3,セブン‐イレブン,福岡大橋駅東口店,
SUGOCA,C7,44DA8,ファミリーマート,那覇高校前店,
SUGOCA,C7,44E28,セブン‐イレブン,小倉くさみ駅前店,
SUGOCA,C7,44E29,セブン‐イレブン,小倉くさみ駅前店,
SUGOCA,C7,44E56,ファミリーマート,博多明治公園店,
SUGOCA,C7,44E57,ファミリーマート,博多明治公園店,
SUGOCA,C7,44E58,ファミリーマート,博多明治公園店,
SUGOCA,C7,44E83,セブン‐イレブン,浦添牧港4丁目店,
SUGOCA,C7,44EF0,セブン‐イレブン,那覇開南店,
SUGOCA,C7,44EF1,セブン‐イレブン,那覇開南店,
SUGOCA,C7,44EF4,ファミリーマート+くすりの大信,鹿児島空港店,
SUGOCA,C7,44EF5,ファミリーマート+くすりの大信,鹿児島空港店,
SUGOCA,C7,44EF6,ファミリーマート+くすりの大信,鹿児島空港店,
SUGOCA,C7,44F1D,ファミリーマート,宜野湾二丁目店,
SUGOCA,C7,44F1E,ファミリーマート,宜野湾二丁目店,
SUGOCA,C7,44F1F,ファミリーマート,宜野湾二丁目店,
SUGOCA,C7,44F2B,セブン‐イレブン,宜野湾真志喜店,
SUGOCA,C7,44F2C,セブン‐イレブン,宜野湾真志喜店,
SUGOCA,C7,44FBE,ファミリーマート,前島二丁目店,
SUGOCA,C7,44FBF,ファミリーマート,前島二丁目店,
SUGOCA,C7,44FC0,ファミリーマート,前島二丁目店,
SUGOCA,C7,44FD7,合屋タクシー,,
SUGOCA,C7,44FFC,マクドナルド,荒尾ゆめタウンシティモール店,
SUGOCA,C7,45017,ファミリーマート,石垣空港ターミナル店,
SUGOCA,C7,45018,ファミリーマート,石垣空港ターミナル店,
SUGOCA,C7,45019,ファミリーマート,石垣空港ターミナル店,
SUGOCA,C7,45042,ファミリーマート,北九州市役所/S店,
SUGOCA,C7,45043,ファミリーマート,北九州市役所/S店,
SUGOCA,C7,4505F,ファミリーマート,大謝名五丁目店,
SUGOCA,C7,45060,ファミリーマート,大謝名五丁目店,
SUGOCA,C7,45061,ファミリーマート,大謝名五丁目店,
SUGOCA,C7,45064,ファミリーマート,松尾消防署通り店,
SUGOCA,C7,4506B,セブン‐イレブン,小倉魚町中央店,
SUGOCA,C7,4506C,セブン‐イレブン,小倉魚町中央店,
SUGOCA,C7,45082,セブン‐イレブン,名護大南2丁目店,
SUGOCA,C7,45083,セブン‐イレブン,名護大南2丁目店,
SUGOCA,C7,4509E,セブン‐イレブン,通古賀南店,
SUGOCA,C7,450AB,ファミリーマート,宮古なかまつ店,
SUGOCA,C7,450AC,ファミリーマート,宮古なかまつ店,
SUGOCA,C7,450AD,ファミリーマート,宮古なかまつ店,
SUGOCA,C7,450E7,セブン‐イレブン,隼人日当山店,
SUGOCA,C7,450E8,セブン‐イレブン,隼人日当山店,
SUGOCA,C7,450EA,セブン‐イレブン,AIM長崎空港店,
SUGOCA,C7,450EB,セブン‐イレブン,AIM長崎空港店,
SUGOCA,C7,451C7,セブン‐イレブン,浦添当山2丁目店,
SUGOCA,C7,451C8,セブン‐イレブン,浦添当山2丁目店,
SUGOCA,C7,451D0,セブン‐イレブン,宜野湾真栄原3丁目店,
SUGOCA,C7,451D1,セブン‐イレブン,宜野湾真栄原3丁目店,
SUGOCA,C7,451F8,セブン‐イレブン,那覇久美橋店,
SUGOCA,C7,451FA,セブン‐イレブン,那覇久美橋店,
SUGOCA,C7,45217,セブン‐イレブン,那覇前島2丁目店,
SUGOCA,C7,45218,セブン‐イレブン,那覇前島2丁目店,
SUGOCA,C7,45220,セブン‐イレブン,那覇サンシャイン通り店,
SUGOCA,C7,45223,セブン‐イレブン,那覇サンシャイン通り店,
SUGOCA,C7,45228,セブン‐イレブン,沖縄ハーバービューホテル店,
SUGOCA,C7,45229,セブン‐イレブン,沖縄ハーバービューホテル店,
SUGOCA,C7,4526E,セブン‐イレブン,中津中殿町3丁目店,
SUGOCA,C7,4526F,セブン‐イレブン,中津中殿町3丁目店,
SUGOCA,C7,45285,セブン‐イレブン,福岡天神1丁目店,
SUGOCA,C7,452AD,ファミリーマート,大山七丁目店,
SUGOCA,C7,452AE,ファミリーマート,大山七丁目店,
SUGOCA,C7,452AF,ファミリーマート,大山七丁目店,
SUGOCA,C7,452CF,PRONTO,博多駅地下街店,
SUGOCA,C7,452EC,セブン‐イレブン,沖縄県庁店,
SUGOCA,C7,452ED,セブン‐イレブン,沖縄県庁店,
SUGOCA,C7,452EE,セブン‐イレブン,沖縄県庁店,
SUGOCA,C7,452FC,セブン‐イレブン,阿蘇くまもと空港店,
SUGOCA,C7,45313,ファミリーマート,名護郵便局前店,
SUGOCA,C7,45314,ファミリーマート,名護郵便局前店,
SUGOCA,C7,45315,ファミリーマート,名護郵便局前店,
SUGOCA,C7,453EF,ファミリーマート,国際通り中央店,
SUGOCA,C7,453F0,ファミリーマート,国際通り中央店,
SUGOCA,C7,453F1,ファミリーマート,国際通り中央店,
SUGOCA,C7,45408,ファミリーマート,壺川駅前店,
SUGOCA,C7,45409,ファミリーマート,壺川駅前店,
SUGOCA,C7,4540A,ファミリーマート,壺川駅前店,
SUGOCA,C7,4540D,吉野家×はなまるうどん,ミーナ天神店,
SUGOCA,C7,4542D,セブン‐イレブン,宜野湾2丁目店,
SUGOCA,C7,4542E,セブン‐イレブン,宜野湾2丁目店,
SUGOCA,C7,4543C,セブン‐イレブン,博多末広通り店,
SUGOCA,C7,45458,セブン‐イレブン,福岡大名ガーデンシティ店,
SUGOCA,C7,45459,セブン‐イレブン,福岡大名ガーデンシティ店,
SUGOCA,C7,45508,セブン‐イレブン,那覇壺屋2丁目店,
SUGOCA,C7,45509,セブン‐イレブン,那覇壺屋2丁目店,
SUGOCA,C7,45565,セブン‐イレブン,国際通牧志1丁目店,
SUGOCA,C7,45566,セブン‐イレブン,国際通牧志1丁目店,
SUGOCA,C7,4556C,ファミリーマート,長崎グラバー通り店,
SUGOCA,C7,4556D,ファミリーマート,長崎グラバー通り店,
SUGOCA,C7,455CD,ファミリーマート,壺屋一丁目店,
SUGOCA,C7,455CE,ファミリーマート,壺屋一丁目店,
SUGOCA,C7,455CF,ファミリーマート,壺屋一丁目店,
SUGOCA,C7,455D7,セブン‐イレブン,DR那覇おもろまちプレミア店,
SUGOCA,C7,455D8,セブン‐イレブン,DR那覇おもろまちプレミア店,
SUGOCA,C7,455D9,セブン‐イレブン,DR那覇おもろまちプレミア店,
SUGOCA,C7,455EE,セブン‐イレブン,福岡天神南店,
SUGOCA,C7,455EF,セブン‐イレブン,福岡天神南店,
SUGOCA,C7,455F7,セブン‐イレブン,博多東雲町3丁目店,
SUGOCA,C7,455F8,セブン‐イレブン,博多東雲町3丁目店,
SUGOCA,C7,4568A,ファミリーマート,浦添前田店,
SUGOCA,C7,4568B,ファミリーマート,浦添前田店,
SUGOCA,C7,4568C,ファミリーマート,浦添前田店,
SUGOCA,C7,456BB,ファミリーマート,おもろまち駅/S店,
SUGOCA,C7,456BC,ファミリーマート,おもろまち駅/S店,
SUGOCA,C7,457B2,セブン‐イレブン,明治安田生命沖縄ビル店,
SUGOCA,C7,457B3,セブン‐イレブン,明治安田生命沖縄ビル店,
SUGOCA,C7,45840,ファミリーマート,デイトスアネックス店,
SUGOCA,C7,4586E,ファミリーマート,中部徳洲会病院店,
SUGOCA,C7,4586F,ファミリーマート,中部徳洲会病院店,
SUGOCA,C7,45870,ファミリーマート,中部徳洲会病院店,
SUGOCA,C7,458C7,ファミリーマート,JR佐伯駅店,
SUGOCA,C7,458C8,ファミリーマート,JR佐伯駅店,
SUGOCA,C7,458D6,エクセルシオール カフェ,天神渡辺通り4丁目店,
SUGOCA,C7,458D7,エクセルシオール カフェ,天神渡辺通り4丁目店,
SUGOCA,C7,45951,ファミリーマート,宜野湾上原二丁目店,
SUGOCA,C7,45952,ファミリーマート,宜野湾上原二丁目店,
SUGOCA,C7,45953,ファミリーマート,宜野湾上原二丁目店,
SUGOCA,C7,45ACA,ファミリーマート,国際通り牧志駅前店,
SUGOCA,C7,45ACB,ファミリーマート,国際通り牧志駅前店,
SUGOCA,C7,45ACC,ファミリーマート,国際通り牧志駅前店,
SUGOCA,C7,45AFC,セブン‐イレブン,那覇高校前店,
SUGOCA,C7,45AFD,セブン‐イレブン,那覇高校前店,
SUGOCA,C7,45BE5,ファミリーマート,アルモントホテル那覇おもろまち店,
SUGOCA,C7,45BE6,ファミリーマート,アルモントホテル那覇おもろまち店,
SUGOCA,C7,45BF3,セブン‐イレブン,那覇若狭1丁目店,
SUGOCA,C7,45BF4,セブン‐イレブン,那覇若狭1丁目店,
SUGOCA,C7,45BF5,セブン‐イレブン,那覇若狭1丁目店,
SUGOCA,C7,45CB9,ファミリーマート,浦添内間五丁目店,
SUGOCA,C7,45CBA,ファミリーマート,浦添内間五丁目店,
SUGOCA,C7,45D14,セブン‐イレブン,福岡空港国内線店,
SUGOCA,C7,45D15,セブン‐イレブン,福岡空港国内線店,
SUGOCA,C7,45D16,セブン‐イレブン,福岡空港国内線店,
SUGOCA,C7,45D17,セブン‐イレブン,福岡空港国内線店,
SUGOCA,C7,45D18,セブン‐イレブン,福岡空港国内線店,
SUGOCA,C7,45D3C,セブン‐イレブン,国際通OTSビル店,
SUGOCA,C7,45D3D,セブン‐イレブン,国際通OTSビル店,
SUGOCA,C7,45D3E,セブン‐イレブン,国際通OTSビル店,
SUGOCA,C7,45D7B,ファミリーマート,那覇久茂地わかまつ店,
SUGOCA,C7,45D7C,ファミリーマート,那覇久茂地わかまつ店,
SUGOCA,C7,45D7D,ファミリーマート,那覇久茂地わかまつ店,
SUGOCA,C7,45DBB,ファミリーマート,北中和仁屋店,
SUGOCA,C7,45DBC,ファミリーマート,北中和仁屋店,
SUGOCA,C7,45DBD,ファミリーマート,北中和仁屋店,
SUGOCA,C7,45E1D,ファミリーマート,第一牧志公設市場前店,
SUGOCA,C7,45E1E,ファミリーマート,第一牧志公設市場前店,
SUGOCA,C7,45E1F,ファミリーマート,第一牧志公設市場前店,
SUGOCA,C7,45E21,ファミリーマート,おもろまち四丁目店,
SUGOCA,C7,45E22,ファミリーマート,おもろまち四丁目店,
SUGOCA,C7,45E23,ファミリーマート,おもろまち四丁目店,
SUGOCA,C7,45EC5,ファミリーマート,串木野インター前店,
SUGOCA,C7,45EC6,ファミリーマート,串木野インター前店,
SUGOCA,C7,45EFE,ファミリーマート,宮古下里ぱいぱい店,
SUGOCA,C7,45EFF,ファミリーマート,宮古下里ぱいぱい店,
SUGOCA,C7,45F00,ファミリーマート,宮古下里ぱいぱい店,
SUGOCA,C7,45F1C,ファミリーマート,鹿児島中央郵便局前店,
SUGOCA,C7,45F1D,ファミリーマート,鹿児島中央郵便局前店,
SUGOCA,C7,45F1E,ファミリーマート,鹿児島中央郵便局前店,
SUGOCA,C7,45F68,セブン‐イレブン,那覇沖映通り店,
SUGOCA,C7,45F69,セブン‐イレブン,那覇沖映通り店,
SUGOCA,C7,4600F,ファミリーマート,那覇泉崎一丁目店,
SUGOCA,C7,46010,ファミリーマート,那覇泉崎一丁目店,
SUGOCA,C7,461A8,セブン‐イレブン,国際通安里1丁目店,
SUGOCA,C7,461A9,セブン‐イレブン,国際通安里1丁目店,
SUGOCA,C7,462EC,ファミリーマート,いちぎん久茂地橋店,
SUGOCA,C7,462ED,ファミリーマート,いちぎん久茂地橋店,
SUGOCA,C7,46308,ファミリーマート,浦添にしばる店,
SUGOCA,C7,46309,ファミリーマート,浦添にしばる店,
SUGOCA,C7,558F0,九州恵みの玉手箱+セブン‐イレブン,博多店,
SUGOCA,C7,82951,ファミリーマート,福岡天神店,
SUGOCA,C7,AB119,エレナ,えきマチ1丁目店,
SUGOCA,C7,AB205,ホテルルートイン,熊本駅前,
SUGOCA,C7,AB208,ホテルルートイン,博多駅南,
SUGOCA,C7,AB209,ホテルルートイン,熊本大津駅前,
SUGOCA,C7,AB20A,ホテルルートイン,中津駅前,
SUGOCA,C7,AB20B,ホテルルートイン,大分駅前,
SUGOCA,C7,AB20C,ホテルルートイン,若宮インター,
SUGOCA,C7,AB20E,ホテルルートイン,佐賀駅前,
SUGOCA,C7,AB20F,ホテルルートイン,北九州若松駅東,
SUGOCA,C7,AB210,ホテルルートイン,苅田駅前,
SUGOCA,C7,AB212,ホテルルートイン,宮崎,
SUGOCA,C7,AB218,ルートイン グランティア,あおしま太閤閣,
SUGOCA,C7,AB219,ルートイン グランティア,大宰府,
SUGOCA,C7,AB22D,ホテルルートイン,薩摩川内,
SUGOCA,C7,AB230,ホテルルートイン,延岡駅前,
SUGOCA,C7,AB2C5,地場産くるめ,JR久留米駅店,
SUGOCA,C7,AB2C6,地場産くるめ,JR久留米駅店,
SUGOCA,C7,AB308,明林堂書店,ゆめタウン玉名店,
SUGOCA,C7,AB418,ドン・キホーテ,浜町店,
SUGOCA,C7,AB44E,#立ち食い寿司#すし将軍,新天町店,
SUGOCA,C7,AB44F,#立ち食い寿司#すし将軍,西中洲店,
SUGOCA,C7,AB4DF,ヤマザキショップ,福岡和白病院店,
SUGOCA,C7,AB528,カルディコーヒーファーム,マイング博多店,
SUGOCA,C7,AB664,タウンプラザかねひで,石川店,
SUGOCA,C7,AB7C3,#鉄板焼#天神ホルモン,博多駅店,
SUGOCA,C7,ABA9F,ブックオフ,大分敷戸店,
SUGOCA,C7,ABAAD,ブックオフ,熊本健軍店,
SUGOCA,C7,ABBEE,マンガ倉庫,八代店,
SUGOCA,C7,ABD87,ホテルルートイン,佐伯駅前,
SUGOCA,C7,ABE13,ブックオフ,宜野湾店,
SUGOCA,C7,ABE16,ブックオフ,那覇小禄店,
SUGOCA,C7,ABF53,不二家,数寄屋橋店,
SUGOCA,C7,ABFBF,ドン・キホーテ,中洲店,
SUGOCA,C7,AC013,宮崎空港ビル,西売店,
SUGOCA,C7,AC026,ガトー風月,博多駅マイング店,
SUGOCA,C7,AC056,阿久根屋,,
SUGOCA,C7,AC0A5,ドン・キホーテ,D Plaza大分店,
SUGOCA,C7,AC0EA,さかな市場,筑紫口店,
SUGOCA,C7,AC22E,ホテルルートイン,日田駅前,
SUGOCA,C7,ACB7E,ひめゆり平和祈念資料館,,
SUGOCA,C7,ACC81,枕崎ステーションホテル,,
SUGOCA,C7,ACC82,あさのホテル,,
SUGOCA,C7,ACC8C,ふるさとショップ,指宿駅構内売店,
SUGOCA,C7,AD03A,長崎原爆資料館,,
SUGOCA,C7,AD0E3,#五島うどん#つばき,,
SUGOCA,C7,AD100,長崎県物産館,,
SUGOCA,C7,AD101,長崎県物産館,,
SUGOCA,C7,AD1C4,日本海庄や,佐世保駅前店,
SUGOCA,C7,AD1EB,戦国焼鳥家康,住吉通店(21号店),
SUGOCA,C7,AD367,モスバーガー,黒崎店,
SUGOCA,C7,AD368,モスバーガー,黒崎店,
SUGOCA,C7,AD36F,モスバーガー,六本松店,
SUGOCA,C7,AD37C,モスバーガー,福岡那珂川店,
SUGOCA,C7,AD38E,モスバーガー,大分三重店,
SUGOCA,C7,AD395,モスバーガー,二又瀬店,
SUGOCA,C7,AD3C1,モスバーガー,福岡遠賀店,
SUGOCA,C7,AD3DC,モスバーガー,博多中洲店,
SUGOCA,C7,AD405,モスバーガー,大野城店,
SUGOCA,C7,AD411,セブン‐イレブン,井尻店,
SUGOCA,C7,AD412,モスバーガー,大分鶴崎店,
SUGOCA,C7,AD413,モスバーガー,伊万里店,
SUGOCA,C7,AD41D,モスバーガー,大分高城店,
SUGOCA,C7,AD42D,モスバーガー,博多バスターミナル店,
SUGOCA,C7,AD42E,モスバーガー,博多バスターミナル店,
SUGOCA,C7,AD432,モスバーガー,福岡箱崎店,
SUGOCA,C7,AD436,モスバーガー,松浦公園前店,
SUGOCA,C7,AD437,モスバーガー,松浦公園前店,
SUGOCA,C7,AD43A,モスバーガー,佐賀江北店,
SUGOCA,C7,AD459,モスバーガー,天草本渡店,
SUGOCA,C7,AD475,モスバーガー,小倉魚町店,
SUGOCA,C7,AD47F,モスバーガー,藤崎店,
SUGOCA,C7,AD48E,モスバーガー,マルヤガーデンズ前店,
SUGOCA,C7,AD48F,モスバーガー,宮崎橘通り店,
SUGOCA,C7,AD4B0,モスバーガー,ハンズマン菊陽店,
SUGOCA,C7,AD4B3,モスバーガー,串木野店,
SUGOCA,C7,AD4B4,モスバーガー,串木野店,
SUGOCA,C7,AD4C0,モスバーガー,大分駅前店,
SUGOCA,C7,AD4C1,モスバーガー,大分駅前店,
SUGOCA,C7,AD4F8,モスバーガー,パレット久茂地店,
SUGOCA,C7,AD4F9,モスバーガー,パレット久茂地店,
SUGOCA,C7,AD4FA,モスバーガー,パレット久茂地店,
SUGOCA,C7,AD4FE,いきなり!ステーキ,福岡天神店,
SUGOCA,C7,AD51D,九州銘菓,佐世保五番街店,
SUGOCA,C7,AD522,築地銀だこ,させぼ五番街店,
SUGOCA,C7,AD523,はなまるうどん,させぼ五番街店,
SUGOCA,C7,AD524,プルネール,させぼ五番街店,
SUGOCA,C7,AD536,レモンド レイモンド,させぼ五番街店,
SUGOCA,C7,AD555,#信州そば処#そじ坊,させぼ五番街店,
SUGOCA,C7,AD557,赤い風船,させぼ五番街店,
SUGOCA,C7,AD562,ケンタッキーフライドチキン,させぼ五番街店,
SUGOCA,C7,AD57C,モスバーガー,福岡土井店,
SUGOCA,C7,AD5BC,#由布院駅前お土産の店#日乃新,,
SUGOCA,C7,AD5EA,いきなり!ステーキ,小倉魚町店,
SUGOCA,C7,AD6CC,#由布院駅前お土産の店#日乃新,,
SUGOCA,C7,AD786,紀伊國屋書店,福岡本店,
SUGOCA,C7,AD787,紀伊國屋書店,福岡本店,
SUGOCA,C7,AD788,紀伊國屋書店,福岡本店,
SUGOCA,C7,AD789,紀伊國屋書店,福岡本店,
SUGOCA,C7,AD78A,紀伊國屋書店,福岡本店,
SUGOCA,C7,AD78E,紀伊國屋書店,ゆめタウン博多店,
SUGOCA,C7,AD7FB,いきなり!ステーキ,佐賀基山店,
SUGOCA,C7,AD891,モスバーガー,筑紫通り店,
SUGOCA,C7,AD892,モスバーガー,筑紫通り店,
SUGOCA,C7,AD8EA,オープンカフェ,,
SUGOCA,C7,ADA99,活鮨の虎,,
SUGOCA,C7,ADB67,モスバーガー,JR熊本店,
SUGOCA,C7,ADB68,モスバーガー,JR熊本店,
SUGOCA,C7,ADBDD,YEBISU BAR,博多1番街店,
SUGOCA,C7,ADE2F,アークホテル,ロイヤル福岡天,
SUGOCA,C7,ADEBC,#珈琲所#コメダ珈琲店,北九州勝山公園店,
SUGOCA,C7,AE019,一風堂,山王店,
SUGOCA,C7,AE187,マツモトキヨシ,博多駅地下街店,
SUGOCA,C7,AE188,マツモトキヨシ,博多駅地下街店,
SUGOCA,C7,AE379,マツモトキヨシ,コムシティ店,
SUGOCA,C7,AE3D4,DEP.DINER,,
SUGOCA,C7,AE445,ドン・キホーテ,中洲店,
SUGOCA,C7,AE44B,ドン・キホーテ,中洲店,
SUGOCA,C7,AE4AD,いきなり!ステーキ,久留米店,
SUGOCA,C7,AE5CF,餃子の王将,博多駅前店,
SUGOCA,C7,AE5D2,餃子の王将,二又瀬店,
SUGOCA,C7,AE7AC,竹乃屋,福岡空港店,
SUGOCA,C7,AE7AF,天神B.B.Quisine,,
SUGOCA,C7,AE7B5,因幡うどん,福岡空港店,
SUGOCA,C7,AE7BA,#和風レストラン#海幸,,
SUGOCA,C7,AE7D3,ANA FESTA,福岡7番ゲート店,
SUGOCA,C7,AE7D5,はなまるうどん,福岡空港国内線ターミナルビル店,
SUGOCA,C7,AE7D6,ANA FESTA,福岡5番ゲート ViTO店,
SUGOCA,C7,AE7DC,博多カレー研究所#「博多とんこつ あごだしカレー」,福岡空港店,
SUGOCA,C7,AE7E9,久原本家総合ショップ,福岡空港店,
SUGOCA,C7,AE7FB,井手カツ丼,,
SUGOCA,C7,AEA89,大阪王将,天神新天町店,
SUGOCA,C7,AEB14,#生活協同組合#コープおおいた,CO-OPふらいる,
SUGOCA,C7,AEB15,#生活協同組合#コープおおいた,CO-OPふらいる,
SUGOCA,C7,AEB16,#生活協同組合#コープおおいた,CO-OPふらいる,
SUGOCA,C7,AEB17,#生活協同組合#コープおおいた,CO-OPふらいる,
SUGOCA,C7,AEB18,#生活協同組合#コープおおいた,CO-OPふらいる,
SUGOCA,C7,AEB19,#生活協同組合#コープおおいた,CO-OPふらいる,
SUGOCA,C7,AEB1A,#生活協同組合#コープおおいた,CO-OPふらいる,
SUGOCA,C7,AEB1B,#生活協同組合#コープおおいた,CO-OPふらいる,
SUGOCA,C7,AEB22,#生活協同組合#コープおおいた,コープ大分駅店,
SUGOCA,C7,AEB23,#生活協同組合#コープおおいた,コープ大分駅店,
SUGOCA,C7,AEB24,#生活協同組合#コープおおいた,コープ大分駅店,
SUGOCA,C7,AEB25,#生活協同組合#コープおおいた,コープ大分駅店,
SUGOCA,C7,AEB26,#生活協同組合#コープおおいた,コープ大分駅店,
SUGOCA,C7,AEB27,#生活協同組合#コープおおいた,コープ大分駅店,
SUGOCA,C7,AEB28,#生活協同組合#コープおおいた,コープ大分駅店,
SUGOCA,C7,AEB29,#生活協同組合#コープおおいた,コープ大分駅店,
SUGOCA,C7,AEC02,南国タケシタ薬局,さのさ調剤薬局,
SUGOCA,C7,AEC3E,スターバックスコーヒー,福岡空港国内線ターミナル3階店,
SUGOCA,C7,AEC40,パン屋むつか堂カフェ,福岡空港店,
SUGOCA,C7,AEC92,モスバーガー,キャナルシティ博多前店,
SUGOCA,C7,AF0E0,海地獄,カフェテリア海,
SUGOCA,C7,AF0E1,海地獄,カフェテリア海,
SUGOCA,C7,AF203,ジョイフル,三川店,
SUGOCA,C7,AF211,ジョイフル,稙田店,
SUGOCA,C7,AF244,ジョイフル,二本木店,
SUGOCA,C7,AF571,ドラッグストアモリ,キャナルシティ北店,
SUGOCA,C7,AF5C3,ドラッグストアモリ,伊集院店,
SUGOCA,C7,AF660,ラーメンとん太,南大分店,
SUGOCA,C7,AF709,ミスタードーナツ,##JR諌早#ショップ,
SUGOCA,C7,AF727,ミスタードーナツ,##JR小倉#ショップ,
SUGOCA,C7,AF728,ミスタードーナツ,##JR小倉#ショップ,
SUGOCA,C7,AF729,ミスタードーナツ,##えきマチ香椎#ショップ,
SUGOCA,C7,AF735,ミスタードーナツ,##ゆめタウン遠賀#ショップ,
SUGOCA,C7,AF73E,ミスタードーナツ,##那珂川#ショップ,
SUGOCA,C7,AF741,ミスタードーナツ,##JR長崎#ショップ,
SUGOCA,C7,AF749,ミスタードーナツ,##ゆめタウン博多#ショップ,
SUGOCA,C7,AF761,ミスタードーナツ,##JR南福岡#ショップ,
SUGOCA,C7,AF787,#珈琲所#コメダ珈琲店,博多駅東店,
SUGOCA,C7,AF79F,#珈琲所#コメダ珈琲店,佐世保駅前店,
SUGOCA,C7,AF7A2,#珈琲所#コメダ珈琲店,北九州守恒店,
SUGOCA,C7,AFB22,餃子の王将,浜の町店,
SUGOCA,C7,AFB26,餃子の王将,則松店,
SUGOCA,C7,AFD97,マツモトキヨシ,博多駅筑紫口店,
SUGOCA,C7,AFED0,デイリーヤマザキ,佐世保三浦町店,
SUGOCA,C7,AFED1,デイリーヤマザキ,佐世保三浦町店,
SUGOCA,C7,AFED4,デイリーヤマザキ,博多駅筑紫口店,
SUGOCA,C7,AFED5,デイリーヤマザキ,博多駅筑紫口店,
SUGOCA,C7,AFEE6,デイリーヤマザキ,八幡黒崎店,
SUGOCA,C7,AFF2E,桜島フェリー,桜島港フェリーターミナル 料金所,
SUGOCA,C7,AFF46,ヤマザキショップ,瀬の本店,
SUGOCA,C7,B00D0,ニューヤマザキデイリーストア,パピヨン24店,
SUGOCA,C7,B00D1,ニューヤマザキデイリーストア,パピヨン24店,
SUGOCA,C7,B010B,デイリーヤマザキ,熊本水道町,
SUGOCA,C7,B010C,デイリーヤマザキ,熊本水道町,
SUGOCA,C7,B0123,デイリーヤマザキ,長崎興善町店,
SUGOCA,C7,B0135,デイリーヤマザキ,志免鉄道公園前店,
SUGOCA,C7,B0146,デイリーヤマザキ,長崎元船町店,
SUGOCA,C7,B014A,デイリーヤマザキ,福岡天神1丁目店,
SUGOCA,C7,B014B,デイリーヤマザキ,福岡天神1丁目店,
SUGOCA,C7,B014C,デイリーヤマザキ,福岡天神1丁目店,
SUGOCA,C7,B0157,デイリーヤマザキ,大濠公園前店,
SUGOCA,C7,B0158,デイリーヤマザキ,大濠公園前店,
SUGOCA,C7,B0389,アニメイト,那覇国際通り店,
SUGOCA,C7,B038A,アニメイト,那覇国際通り店,
SUGOCA,C7,B038B,アニメイト,那覇国際通り店,
SUGOCA,C7,B03E6,デイリーヤマザキ,奈良屋店,
SUGOCA,C7,B03F8,デイリーヤマザキ,福岡横手4丁目店,
SUGOCA,C7,B03FA,デイリーヤマザキ,福岡今泉店,
SUGOCA,C7,B03FB,デイリーヤマザキ,福岡今泉店,
SUGOCA,C7,B0422,デイリーヤマザキ,福岡赤坂1丁目店,
SUGOCA,C7,B0423,デイリーヤマザキ,福岡赤坂1丁目店,
SUGOCA,C7,B0427,ニューヤマザキデイリーストア,小倉駅北浅野店,
SUGOCA,C7,B046C,丸亀製麺,佐世保吉岡店,
SUGOCA,C7,B0470,丸亀製麺,大野城店,
SUGOCA,C7,B05D0,モスバーガー,武雄店,
SUGOCA,C7,B0681,#おべんとうの#ヒライ,阿蘇立野店,
SUGOCA,C7,B07F4,YUZU PREMIUM JAPAN,太宰府店,
SUGOCA,C7,B0B66,まきの,天文館店,
SUGOCA,C7,B0D2D,ビックカメラ,鹿児島中央駅店,
SUGOCA,C7,B0D34,ビックカメラ,鹿児島中央駅店,
SUGOCA,C7,B0E51,ダイコクドラッグ,久茂地1丁目店,
SUGOCA,C7,B0E52,ダイコクドラッグ,久茂地1丁目店,
SUGOCA,C7,B0F70,デイリーヤマザキ,博多駅東店,
SUGOCA,C7,B0FC5,大阪王将,博多ゆめタウン店,
SUGOCA,C7,B11ED,駅弁当,新幹線口店,
SUGOCA,C7,B1D8C,パークショップ,,
SUGOCA,C7,B1D8D,パークショップ,,
SUGOCA,C7,B1DD0,#どんぶり居酒屋#喜水丸,KITTE博多店 地下1F,
SUGOCA,C7,B1DD1,はかた天乃,KITTE博多店,
SUGOCA,C7,B1DD2,串カツ田中,KITTE博多店,
SUGOCA,C7,B1DD3,モツ酒場楽天地,KITTE博多店,
SUGOCA,C7,B1DD4,ぬる燗ぞっこん離れ,KITTE博多店,
SUGOCA,C7,B1DD6,#博多純情らーめん#ShinShin,KITTE博多店,
SUGOCA,C7,B1DD8,#モツビストロ#天神ホルモン,KITTE博多店,
SUGOCA,C7,B1DDB,リンガーハット,KITTE博多店,
SUGOCA,C7,B1DDF,#とんかつ#新宿さぼてん,KITTE博多店,
SUGOCA,C7,B1DE1,餃子のテムジン,KITTE博多店,
SUGOCA,C7,B1DE2,#創作オムライス#ポムの樹,KITTE博多店,
SUGOCA,C7,B1E36,#お好み焼・鉄板焼#こて吉,KITTE博多店,
SUGOCA,C7,B1E38,#博多の大衆料理#喜水丸,KITTE博多店,(9F)
SUGOCA,C7,B1E39,#沖縄料理#あだん,KITTE博多店,
SUGOCA,C7,B1E3B,銀座ライオン,KITTE博多店,
SUGOCA,C7,B1E3E,#上海料理#梅蘭,KITTE博多店,
SUGOCA,C7,B1E48,#そば茶屋華元#本膳庵,KITTE博多店,
SUGOCA,C7,B1E4B,#PREMIO#ピエトロ,海と畑のパスタ,
SUGOCA,C7,B1E4F,Brioche Dorée,KITTE博多店,
SUGOCA,C7,B1E50,叙々苑,KITTE博多店,
SUGOCA,C7,B2023,#地鶏専門#山内農場,博多駅前通り店,
SUGOCA,C7,B2054,魚民,吉塚東口駅前店,
SUGOCA,C7,B2073,博多ホルモン おいで屋/居楽屋 白木屋,,
SUGOCA,C7,B209F,ほっともっと,高宮店,
SUGOCA,C7,B20A0,ほっともっと,高宮店,
SUGOCA,C7,B20C4,ほっともっと,瑞穂店,
SUGOCA,C7,B2100,ほっともっと,福岡空港前店,
SUGOCA,C7,B2101,ほっともっと,福岡空港前店,
SUGOCA,C7,B212E,ロイヤルホスト,吉塚店,
SUGOCA,C7,B2133,ロイヤルホスト,住吉店,
SUGOCA,C7,B23D0,ほっともっと,奈良屋店,
SUGOCA,C7,B23E9,ほっともっと,博多駅前4丁目店,
SUGOCA,C7,B23F4,ほっともっと,那珂川店,
SUGOCA,C7,B23F7,ほっともっと,箱崎店,
SUGOCA,C7,B240A,ほっともっと,地行西町店,
SUGOCA,C7,B2412,ほっともっと,粕屋仲原店,
SUGOCA,C7,B2413,ほっともっと,粕屋仲原店,
SUGOCA,C7,B243E,ほっともっと,箱崎1丁目店,
SUGOCA,C7,B243F,ほっともっと,箱崎1丁目店,
SUGOCA,C7,B244F,ほっともっと,美野島店,
SUGOCA,C7,B2453,ほっともっと,博多駅南店,
SUGOCA,C7,B2456,ほっともっと,天神3丁目店,
SUGOCA,C7,B2457,ほっともっと,天神3丁目店,
SUGOCA,C7,B245E,ほっともっと,山田店,
SUGOCA,C7,B245F,ほっともっと,山田店,
SUGOCA,C7,B2488,ほっともっと,上川端店,
SUGOCA,C7,B24AC,ほっともっと,吉井町店,
SUGOCA,C7,B24BC,ほっともっと,大牟田橘店,
SUGOCA,C7,B24CA,ほっともっと,久留米荘島店,
SUGOCA,C7,B24E7,ほっともっと,小倉駅北口店,
SUGOCA,C7,B2500,ほっともっと,行橋市役所前店,
SUGOCA,C7,B250B,ほっともっと,黒崎店,
SUGOCA,C7,B2539,ほっともっと,遠賀今古賀店,
SUGOCA,C7,B254F,ほっともっと,門司港店,
SUGOCA,C7,B258A,ほっともっと,大津引水店,
SUGOCA,C7,B25DA,ほっともっと,嬉野店,(佐賀県)
SUGOCA,C7,B27B8,ほっともっと,福津日蒔野店,
SUGOCA,C7,B2895,三日月屋,福岡空港店,
SUGOCA,C7,B29ED,Soup Stock Tokyo,アミュプラザ博多店,
SUGOCA,C7,B29EE,シナボン・シアトルズベストコーヒー,アミュプラザ博多店,
SUGOCA,C7,B29EF,DEAN & DELUCA,アミュプラザ博多,
SUGOCA,C7,B2A01,リペア・ステーション博多,,
SUGOCA,C7,B2A03,春水堂,アミュプラザ博多店,
SUGOCA,C7,B2A04,SARTORIA,博多シティ店,
SUGOCA,C7,B2A38,スターバックスコーヒー,アミュプラザ博多 3階店,
SUGOCA,C7,B2AAB,丸善,博多店,
SUGOCA,C7,B2AAC,丸善,博多店,
SUGOCA,C7,B2AAD,丸善,博多店,
SUGOCA,C7,B2ABD,#牛たん炭焼#利久,博多駅店,
SUGOCA,C7,B2ACE,かしわ屋源次郎,博多シティ店,
SUGOCA,C7,B2AD8,一風堂,博多駅店,
SUGOCA,C7,B2AEC,三日月屋,手造りサンドイッチのお店,
SUGOCA,C7,B2AEF,マッジョデリ博多,JR博多シティ店,
SUGOCA,C7,B2AF0,かしわ飯源次郎,いっぴん通り店,
SUGOCA,C7,B2AF2,柿安,博多デイトスいっぴん通り店,
SUGOCA,C7,B2AF3,やま中,JRいっぴん通り店,
SUGOCA,C7,B2AF4,シロヤ,いっぴん通り店,
SUGOCA,C7,B2AFA,八天堂,博多駅デイトスいっぴん通り,
SUGOCA,C7,B2AFD,鈴懸,JR博多シティ いっぴん通り店,
SUGOCA,C7,B2AFE,治一郎,JR博多シティ店,
SUGOCA,C7,B2B00,#松風庵#かねすえ,FC博多駅店,
SUGOCA,C7,B2B10,KoKuMiN,博多ヘルシーアミュエスト店,
SUGOCA,C7,B2B17,ミスタードーナツ,##博多ステーション#ショップ,
SUGOCA,C7,B2B1A,上島珈琲店,アミュエスト店,
SUGOCA,C7,B2B5C,#元祖#名島亭,博多デイトス店,
SUGOCA,C7,B2B5D,#博多川端#どさんこ,博多デイトス店,
SUGOCA,C7,B2B60,#博多醤油ラーメン#支那そば 月や,博多デイトス店,
SUGOCA,C7,B2B76,#筑紫菓匠#如水庵,博多駅デイトス2号店,
SUGOCA,C7,B2B91,#とんかつ#濵かつ,博多デイトス店,
SUGOCA,C7,B2B94,印度カレー,博多デイトス店,
SUGOCA,C7,B2B95,こめらく 贅沢な、お茶漬け日和。,博多デイトス店,
SUGOCA,C7,B2B97,#淡麗らあ麺#明鏡志水,,
SUGOCA,C7,B2B98,餃子ワゴン Deco,博多デイトス店,
SUGOCA,C7,B2B9C,海鮮丼 日の出,博多デイトス店,
SUGOCA,C7,B2BBB,菓匠 香月,川内駅店,
SUGOCA,C7,B2DCC,コンビニ シャロン,,
SUGOCA,C7,B2FD1,デイリーヤマザキ,熊本本山店,
SUGOCA,C7,B3142,カフェ・ベローチェ,福岡赤坂店,
SUGOCA,C7,B3144,カフェ・ベローチェ,博多駅筑紫口店,
SUGOCA,C7,B335E,#博多ぐるぐるとりかわ#竹乃屋,アミュプラザおおいた店,
SUGOCA,C7,B3365,築地銀だこ,アミュプラザおおいた店,
SUGOCA,C7,B3367,#浪花#古市庵,大分アミュプラザ店,
SUGOCA,C7,B3374,丸亀製麺,豊後にわさき市場店,
SUGOCA,C7,B3454,CITY SPA てんくう,,
SUGOCA,C7,B3623,ボンラパス,TREZO,
SUGOCA,C7,B3695,サイゼリヤ,ゆめタウン博多店,
SUGOCA,C7,B3B03,#霜降りハンバーグと宮崎牛ステーキ#平家の郷,アミュプラザ宮崎店,
SUGOCA,C7,B3B0A,トロピカルハウス,,
SUGOCA,C7,B3B0C,シアトルズベストコーヒー,宮崎駅店,
SUGOCA,C7,B3B0D,宮崎駅弁当,,
SUGOCA,C7,B3C9D,麺や兼虎,博多デイトス店,
SUGOCA,C7,B3DC9,焼肉ライク,天神西通り店,
SUGOCA,C7,B3DCE,ロイヤルホスト,九州大学病院店,
SUGOCA,C7,B3DCF,ロイヤルホスト,九州大学病院店,
SUGOCA,C7,B3E21,3COINS +plus,アミュプラザ鹿児島店,
SUGOCA,C7,B3E89,紀伊國屋書店,鹿児島店,
SUGOCA,C7,B3EC4,ハンズ,鹿児島店,
SUGOCA,C7,B3EC5,ハンズ,鹿児島店,
SUGOCA,C7,B3EC6,ハンズ,鹿児島店,
SUGOCA,C7,B3EEF,玖子貴,鹿児島本店,
SUGOCA,C7,B3EF4,シアトルズベストコーヒー,鹿児島中央新幹線改札内店,
SUGOCA,C7,B3FDE,おらが蕎麦,博多一番街店,
SUGOCA,C7,B413A,無印良品,天久,
SUGOCA,C7,B4433,ブルズキッチン,アミュ長崎店,
SUGOCA,C7,B4940,#FRUITS GARDEN#新SUN,いっぴん通り店,
SUGOCA,C7,B4941,糸島おむすび ふちがみ,博多デイトスいっぴん通り店,
SUGOCA,C7,B4CDE,みのりカフェ,アミュプラザ博多,
SUGOCA,C7,B4F8E,ドラッグイレブン,アクロスプラザ古島駅前店,
SUGOCA,C7,B4FCC,ドラッグイレブン薬局,吉塚駅前店,
SUGOCA,C7,B50EE,福岡市美術館,ミュージアムショップ,
SUGOCA,C7,B50EF,福岡市美術館,ミュージアムショップ,
SUGOCA,C7,B5299,桂花ラーメン,熊本駅新幹線口店,
SUGOCA,C7,B52BF,フタバフルーツパーラー,アミュプラザくまもと店,
SUGOCA,C7,B52C1,シアトルズベストコーヒー,アミュプラザ熊本店,
SUGOCA,C7,B52C2,THE Original PANCAKE HOUSE,アミュプラザくまもと店,
SUGOCA,C7,B52C6,シアトルズベストコーヒー,JR熊本店,
SUGOCA,C7,B5614,アパホテル,〈博多駅前２丁目〉,
SUGOCA,C7,B58D5,ドトールコーヒーショップ,アミュプラザ小倉店,
SUGOCA,C7,B58DF,築地銀だこ ハイボール酒場,アミュプラザ小倉店,
SUGOCA,C7,B58E5,くろがね小倉,アミュプラザ店,
SUGOCA,C7,B5954,#牛たん炭焼#利久,アミュプラザ小倉店,
SUGOCA,C7,B5E63,ココカラファイン,西新中央店,
SUGOCA,C7,B5EAE,福岡市博多区役所,,
SUGOCA,C7,B5EAF,福岡市博多区役所,,
SUGOCA,C7,B5F3E,共栄タクシー,,
SUGOCA,C7,B5F4B,共栄タクシー,,
SUGOCA,C7,B62A3,ホテルルートイン,博多駅前,
SUGOCA,C7,B62A5,#おにぎり処#かば田,VIERRA小倉,
SUGOCA,C7,B6340,昭和市丸交通,,
SUGOCA,C7,B63E5,ホテルルートイン,八代,
SUGOCA,C7,B6566,ドラッグイレブン,吉塚店,
SUGOCA,C7,B6567,ドラッグイレブン,吉塚店,
SUGOCA,C7,B6568,ドラッグイレブン,吉塚店,
SUGOCA,C7,B6589,ドラッグイレブン,串木野店,
SUGOCA,C7,B65A5,ドラッグイレブン,白木原店,
SUGOCA,C7,B65A7,ドラッグイレブン,博多駅前店,
SUGOCA,C7,B65A8,ドラッグイレブン,博多駅前店,
SUGOCA,C7,B65A9,ドラッグイレブン,博多駅前店,
SUGOCA,C7,B65B1,ドラッグイレブン,小禄店,
SUGOCA,C7,B65B2,ドラッグイレブン,小禄店,
SUGOCA,C7,B667D,ドラッグイレブン,アミュプラザ博多店,
SUGOCA,C7,B667E,ドラッグイレブン,アミュプラザ博多店,
SUGOCA,C7,B667F,ドラッグイレブン,アミュプラザ博多店,
SUGOCA,C7,B66A1,ドラッグイレブン,筥崎宮前店,
SUGOCA,C7,B66B8,ドラッグイレブン,天神今泉店,
SUGOCA,C7,B66B9,ドラッグイレブン,天神今泉店,
SUGOCA,C7,B66BA,ドラッグイレブン,天神今泉店,
SUGOCA,C7,B66C2,ドラッグイレブン,中央駅西口店,
SUGOCA,C7,B66C7,ドラッグイレブン,博多駅筑紫口店,
SUGOCA,C7,B66D6,ドラッグイレブン,奥武山店,
SUGOCA,C7,B66D7,ドラッグイレブン,奥武山店,
SUGOCA,C7,B66F8,ドラッグイレブン,JR香椎駅店,
SUGOCA,C7,B66FF,ドラッグイレブン,JR鹿児島中央駅店,
SUGOCA,C7,B6700,ドラッグイレブン,JR鹿児島中央駅店,
SUGOCA,C7,B6701,ドラッグイレブン,JR鹿児島中央駅店,
SUGOCA,C7,B67AB,ホテルルートイン,柳川駅前,
SUGOCA,C7,B67EE,トマト交通,,
SUGOCA,C7,B67EF,トマト交通,,
SUGOCA,C7,B67F3,トマト交通,,
SUGOCA,C7,B67F4,トマト交通,,
SUGOCA,C7,B67F9,トマト交通,,
SUGOCA,C7,B67FC,トマト交通,,
SUGOCA,C7,B67FD,トマト交通,,
SUGOCA,C7,B6800,トマト交通,,
SUGOCA,C7,B6804,トマト交通,,
SUGOCA,C7,B680D,トマト交通,,
SUGOCA,C7,B680F,トマト交通,,
SUGOCA,C7,B681C,トマト交通,,
SUGOCA,C7,B6820,トマト交通,,
SUGOCA,C7,B6826,トマト交通,,
SUGOCA,C7,B682C,トマト交通,,
SUGOCA,C7,B6834,トマト交通,,
SUGOCA,C7,B697D,ジュンク堂書店,那覇店,
SUGOCA,C7,B6A16,MKレストラン,到津店,
SUGOCA,C7,B6A1B,MKレストラン,ブランチ博多店,
SUGOCA,C7,B6AF0,海中水族館シードーナツ,,
SUGOCA,C7,B6B94,博多一幸舎,博多駅筑紫口店,
SUGOCA,C7,B6F48,お菓子の日高,本店,
SUGOCA,C7,B72DF,ホテルルートイン,名護,
SUGOCA,C7,B72E0,ホテルルートイン,名護,
SUGOCA,C7,B72E1,ホテルルートイン,那覇泊港,
SUGOCA,C7,B755A,#定食屋#百菜 旬,博多一番街店,
SUGOCA,C7,B7ABC,キャンドゥ,センテラス天文館店,
SUGOCA,C7,B7ABD,キャンドゥ,センテラス天文館店,
SUGOCA,C7,B7E66,#ちゃんぽん#蘇州林,長崎街道かもめ市場店,
SUGOCA,C7,B8130,牛島製茶,JR久留米店,
SUGOCA,C7,B8139,スターバックスコーヒー,アミュプラザ博多 2階店,
SUGOCA,C7,B8686,#ホームプラザ#ナフコ,別府店,
SUGOCA,C7,B8EF8,丸亀製麺,別府店,
SUGOCA,C7,B8EFB,丸亀製麺,宜野湾店,
SUGOCA,C7,B904F,アパホテル,〈別府駅前〉,
SUGOCA,C7,B9067,カフェ・ベローチェ,博多大博通り店,
SUGOCA,C7,B9068,カフェ・ベローチェ,中洲川端駅前店,
SUGOCA,C7,B9069,カフェ・ベローチェ,博多呉服町店,
SUGOCA,C7,B906A,カフェ・ベローチェ,天神一丁目店,
SUGOCA,C7,B9077,エアポートショップありむら,,
SUGOCA,C7,B9255,かつや,博多東光寺店,
SUGOCA,C7,B9601,うまや,ゆめタウン博多店,
SUGOCA,C7,B96E4,ミスタードーナツ,##サンエー宮古島シティ#ショップ,
SUGOCA,C7,B97A0,ちどり薬局,,
SUGOCA,C7,B9924,うちのたまご直売所,JR博多駅構内直売所,
SUGOCA,C7,B9C39,3COINS +plus,アミュプラザ鹿児島店,
SUGOCA,C7,B9D15,ペッパーランチ,えきマチ1丁目佐世保店,
SUGOCA,C7,B9FCB,コクミンドラッグ,博多地下店,
SUGOCA,C7,B9FCC,コクミンドラッグ,博多地下店,
SUGOCA,C7,BA06C,たんやHAKATA,,
SUGOCA,C7,BA0B0,#炭火焼鳥#しおたれ,,
SUGOCA,C7,BA1C1,駅弁当,新幹線口店,
SUGOCA,C7,BA1C3,駅弁当,博多口店,
SUGOCA,C7,BA1C4,駅弁当,博多口店,
SUGOCA,C7,BA4FB,シナボン・シアトルズベストコーヒー,長崎駅店,
SUGOCA,C7,BA590,日本郵便,鹿児島中央郵便局,
SUGOCA,C7,BA7D1,日本郵便,串木野郵便局,
SUGOCA,C7,BA8ED,吉野家×はなまるうどん,福岡空港国内線ターミナルビル店,
SUGOCA,C7,BA8EE,吉野家×はなまるうどん,福岡空港国内線ターミナルビル店,
SUGOCA,C7,BAA9E,日本郵便,伊田郵便局,
SUGOCA,C7,BAD2F,日本郵便,八重山郵便局,
SUGOCA,C7,BAD30,日本郵便,八重山郵便局,
SUGOCA,C7,BAD31,日本郵便,八重山郵便局,
SUGOCA,C7,BAD32,日本郵便,八重山郵便局,
SUGOCA,C7,BAD33,日本郵便,八重山郵便局,
SUGOCA,C7,BAEB2,ホテルルートイン,行橋,
SUGOCA,C7,BAEB6,ホテルルートイン,鳥栖駅前,
SUGOCA,C7,BAEB7,ホテルルートイン,鳥栖駅前,
SUGOCA,C7,BAEB8,ホテルルートイン,諫早インター,
SUGOCA,C7,BAEB9,ホテルルートイン,諫早インター,
SUGOCA,C7,BAEC3,ホテルルートイン,那覇旭橋駅東,
SUGOCA,C7,BAEC4,ホテルルートイン,那覇旭橋駅東,
SUGOCA,C7,BAEC5,ホテルルートイン,那覇泊港,
SUGOCA,C7,BAEF4,バーミヤン,福岡貝塚店,
SUGOCA,C7,BAFC4,SUMOMO BAKERY,アミュプラザみやざき店,
SUGOCA,C7,BB0BB,ふく薬品,ふてんま店,
SUGOCA,C7,BB0BC,ふく薬品,ふてんま店,
SUGOCA,C7,BB15A,UNIVERSAL CAFÉ,ナクイロ・ハイロ,
SUGOCA,C7,BB2E6,ほっともっと,佐伯駅前店,
SUGOCA,C7,BB2E7,ほっともっと,佐伯駅前店,
SUGOCA,C7,BB3E7,さがんれすとらん志乃,空港店,
SUGOCA,C7,BBA2F,日本郵便,市来郵便局,
SUGOCA,C7,BBABF,日本郵便,東市来長里郵便局,
SUGOCA,C7,BBAD2,日本郵便,串木野浜町郵便局,
SUGOCA,C7,BBADB,日本郵便,鹿児島西郵便局,
SUGOCA,C7,BBB00,日本郵便,島平郵便局,
SUGOCA,C7,BBBC4,日本郵便,城辺郵便局,(沖縄県)
SUGOCA,C7,BBDBB,ほっともっと,吉塚店,
SUGOCA,C7,BBE36,ほっともっと,博多駅前4丁目店,
SUGOCA,C7,BBE8F,ほっともっと,友泉団地前店,
SUGOCA,C7,BBEF0,ほっともっと,博多駅前2丁目店,
SUGOCA,C7,BBEF1,ほっともっと,博多駅前2丁目店,
SUGOCA,C7,BBEF2,ほっともっと,博多駅前2丁目店,
SUGOCA,C7,BBFB7,阪九フェリー,せっつ 食堂,
SUGOCA,C7,BBFB8,阪九フェリー,せっつ 食堂,
SUGOCA,C7,BBFB9,阪九フェリー,せっつ 売店,
SUGOCA,C7,BC049,駿河屋,那覇沖映通り店,
SUGOCA,C7,BC04A,駿河屋,那覇沖映通り店,
SUGOCA,C7,BC083,ほっともっと,上呉服町店,
SUGOCA,C7,BC0A6,ほっともっと,高砂店,(福岡県)
SUGOCA,C7,BC0A7,ほっともっと,高砂店,(福岡県)
SUGOCA,C7,BC0A8,ほっともっと,高砂店,(福岡県)
SUGOCA,C7,BC22E,タリーズコーヒー,阿蘇くまもと空港店,
SUGOCA,C7,BC696,おらが蕎麦,博多デイトス店,
SUGOCA,C7,BC937,道の駅 阿蘇,,
SUGOCA,C7,BC9C5,那覇市役所内 売店,,
SUGOCA,C7,BCBA4,キャンドゥ,AMU WE店,
SUGOCA,C7,BCBA5,キャンドゥ,AMU WE店,
SUGOCA,C7,BCDD6,マツモトキヨシ,ミーナ天神店,
SUGOCA,C7,BD2A5,BOUL’ANGE,福岡大博多ビル店,
SUGOCA,C7,BD2A6,BOUL’ANGE,福岡大博多ビル店,
SUGOCA,C7,BD2A7,BOUL’ANGE,福岡大博多ビル店,
SUGOCA,C7,BD2A8,BOUL’ANGE,福岡大博多ビル店,
SUGOCA,C7,BDB0C,マツモトキヨシ,ソレイユタウン伊集院店,
SUGOCA,C7,BDB0D,マツモトキヨシ,ソレイユタウン伊集院店,
SUGOCA,C7,BDC59,水前寺成趣園,,
SUGOCA,C7,BDC5A,水前寺成趣園,,
SUGOCA,C7,BDC5C,出水神社,,
SUGOCA,C7,BDE8D,マツモトキヨシ,あさと国際通り店,
SUGOCA,C7,BDEC2,マツモトキヨシ,えきまち1丁目吉塚駅店,
SUGOCA,C7,BDEC3,マツモトキヨシ,えきまち1丁目吉塚駅店,
SUGOCA,C7,BDEC4,マツモトキヨシ,えきまち1丁目吉塚駅店,
SUGOCA,C7,BDEDF,マツモトキヨシ,清武駅前店,
SUGOCA,C7,BDEE0,マツモトキヨシ,清武駅前店,
SUGOCA,C7,BDEE3,ミドリ薬品,宜野湾長田店,
SUGOCA,C7,BDEE4,ミドリ薬品,宜野湾長田店,
SUGOCA,C7,BDEE5,マツモトキヨシ,三原店,
SUGOCA,C7,BDEE6,マツモトキヨシ,三原店,
SUGOCA,C7,BDEE7,マツモトキヨシ,三原店,
SUGOCA,C7,BDF00,マツモトキヨシ,三原店,
SUGOCA,C7,BDF01,マツモトキヨシ,三原店,
SUGOCA,C7,BDF02,マツモトキヨシ,三原店,
SUGOCA,C7,BE273,三日月屋,博多口いっぴん西通り店,
SUGOCA,C7,BE29E,久米島イーフビーチホテル,売店,
SUGOCA,C7,BEAA4,ホテルルートイン,都城,
SUGOCA,C7,BEADA,マツモトキヨシ,串木野駅前店,
SUGOCA,C7,BEADB,マツモトキヨシ,串木野駅前店,
SUGOCA,C7,BED2F,ミスタードーナツ,##JR折尾#ショップ,
SUGOCA,C7,BF12D,Aコープ,城辺店,
SUGOCA,C7,BF12E,Aコープ,城辺店,
SUGOCA,C7,BF12F,Aコープ,城辺店,
SUGOCA,C7,BF138,Aコープ,久米島店,
SUGOCA,C7,BF139,Aコープ,久米島店,
SUGOCA,C7,BF13A,Aコープ,久米島店,
SUGOCA,C7,BF13B,Aコープ,久米島店,
SUGOCA,C7,BF13C,Aコープ,南大東店,
SUGOCA,C7,BF13D,Aコープ,南大東店,
SUGOCA,C7,BF3AE,ヤマザキショップ,長崎県営バスターミナル店,
SUGOCA,C7,BF4BA,ドラッグイレブン,国際通り店,
SUGOCA,C7,BF4BB,ドラッグイレブン,国際通り店,
SUGOCA,C7,BF4BC,ドラッグイレブン,国際通り店,
SUGOCA,C7,BF644,カルビープラス,沖縄国際通り店,
SUGOCA,C7,BF645,カルビープラス,沖縄国際通り店,
SUGOCA,C7,BF7FD,#珈琲所#コメダ珈琲店,福岡天神南店,
SUGOCA,C7,BF9C1,#博多の名物料理#喜水丸,博多デイトスアネックス店,
SUGOCA,C7,BFA39,スターバックスコーヒー,博多デイトスアネックス店,
SUGOCA,C7,BFA3A,スターバックスコーヒー,博多デイトスアネックス店,
SUGOCA,C7,BFC1A,トランドール,博多駅店,
SUGOCA,C7,BFC1B,トランドール,博多駅店,
SUGOCA,C7,BFC1C,トランドール,博多駅店,
SUGOCA,C7,BFC1D,トランドール,博多駅店,
SUGOCA,C7,BFEE7,ジョイフル,田川伊田店,
SUGOCA,C7,BFFAA,博多ステーションフード,,
SUGOCA,C7,C0118,カレーハウスCoCo壱番屋,アクロスガーデン千鳥橋店,
SUGOCA,C7,C02B1,餃子の王将,ブランチ博多店,
SUGOCA,C7,C02B2,餃子の王将,ブランチ博多店,
SUGOCA,C7,C0880,ルートイン グランティア,那覇,
SUGOCA,C7,C0881,ルートイン グランティア,那覇,
SUGOCA,C7,C369D,ビックカメラ,天神2号館,
SUGOCA,C7,C36B5,ビックカメラ,天神2号館,
SUGOCA,C7,C3913,笑たこ,イオンモール八幡東店,
SUGOCA,C7,C391E,ミスタードーナツ,##イオンモール八幡東#ショップ,
SUGOCA,C7,C3F56,国際タクシー,,
SUGOCA,C7,C3FB5,サンタクシー,,
SUGOCA,C7,C3FBB,サンタクシー,,
SUGOCA,C7,C3FC0,サンタクシー,,
SUGOCA,C7,C3FC2,サンタクシー,,
SUGOCA,C7,C4003,福岡自動車,,
SUGOCA,C7,C41B5,イオン,長崎店,
SUGOCA,C7,C41B8,イオン,長崎店,
SUGOCA,C7,C4285,ミニストップ,博多榎田2丁目店,
SUGOCA,C7,C4286,ミニストップ,博多榎田2丁目店,
SUGOCA,C7,C4287,ミニストップ,博多榎田2丁目店,
SUGOCA,C7,C42AC,Sky Shop,6G売店,
SUGOCA,C7,C42B2,SKY TERRACE,6G喫茶,
SUGOCA,C7,C433E,ミニストップ,日田下井手町店,
SUGOCA,C7,C433F,ミニストップ,日田下井手町店,
SUGOCA,C7,C4366,ミニストップ,博多吉塚3丁目店,
SUGOCA,C7,C436E,ミニストップ,博多諸岡店,
SUGOCA,C7,C4389,ミニストップ,久留米荘島町店,
SUGOCA,C7,C4393,ミニストップ,福岡渡辺通3丁目店,
SUGOCA,C7,C43A2,ミニストップ,神屋町サンパレス前店,
SUGOCA,C7,C43C8,ミニストップ,八幡陣原店,
SUGOCA,C7,C43C9,ミニストップ,八幡陣原店,
SUGOCA,C7,C43E0,ミニストップ,飯塚平塚店,
SUGOCA,C7,C43E1,ミニストップ,飯塚平塚店,
SUGOCA,C7,C43F0,ミニストップ,飯塚菰田西店,
SUGOCA,C7,C43F1,ミニストップ,飯塚菰田西店,
SUGOCA,C7,C4407,ミニストップ,博多駅前3丁目店,
SUGOCA,C7,C4408,ミニストップ,博多駅前3丁目店,
SUGOCA,C7,C4409,ミニストップ,新飯塚店,
SUGOCA,C7,C440A,ミニストップ,新飯塚店,
SUGOCA,C7,C440D,ミニストップ,久留米荒木店,
SUGOCA,C7,C440E,ミニストップ,久留米荒木店,
SUGOCA,C7,C4411,ミニストップ,上須恵店,
SUGOCA,C7,C4412,ミニストップ,上須恵店,
SUGOCA,C7,C4413,ミニストップ,鳥栖藤木町店,
SUGOCA,C7,C4414,ミニストップ,鳥栖藤木町店,
SUGOCA,C7,C4417,ミニストップ,福岡箱崎3丁目店,
SUGOCA,C7,C4418,ミニストップ,福岡箱崎3丁目店,
SUGOCA,C7,C45DA,イオン,姶良店,
SUGOCA,C7,C47E9,ミニストップ,福岡香椎6丁目店,
SUGOCA,C7,C47EA,ミニストップ,福岡香椎6丁目店,
SUGOCA,C7,C4872,ミニストップ,田川川崎店,
SUGOCA,C7,C4873,ミニストップ,田川川崎店,
SUGOCA,C7,C51A0,博多銘品蔵,博多口店,
SUGOCA,C7,C55BE,キヨスク,九幹博3号店,
SUGOCA,C7,C568B,マックスバリュ,別府店,
SUGOCA,C7,C58C1,ミニストップ,田川川崎田原店,
SUGOCA,C7,C58C2,ミニストップ,田川川崎田原店,
SUGOCA,C7,C5929,広島乃風,中洲店,
SUGOCA,C7,C5FBC,仙台牛たん横丁with麦とろヘルシー麺,イオンモール福岡店,
SUGOCA,C7,C5FCE,いきなり!ステーキ,イオンモール福岡店,
SUGOCA,C7,C6004,築地銀だこ,イオンモール福岡店,
SUGOCA,C7,C6062,丸亀製麺,イオンモール福岡店,
SUGOCA,C7,C6063,ミスタードーナツ,##イオンモール福岡#ショップ,
SUGOCA,C7,C6065,ペッパーランチ,イオンモール福岡店,
SUGOCA,C7,C609A,スターバックスコーヒー,イオンモール福岡店,
SUGOCA,C7,C61F6,ミスタードーナツ,##イオンモール筑紫野#ショップ,
SUGOCA,C7,C67E8,ミスタードーナツ,##イオン大野城#ショップ,
SUGOCA,C7,C6FB7,桂花ラーメン,熊本駅新幹線口店,
SUGOCA,C7,C6FBD,菅乃屋,熊本駅店,
SUGOCA,C7,C6FC5,竹乃屋,熊本駅ナカ店,
SUGOCA,C7,C6FC8,あんだくさん,,
SUGOCA,C7,C6FCF,#おべんとうの#ヒライ,JR熊本駅店,
SUGOCA,C7,C7A24,イオン,福岡伊都店,
SUGOCA,C7,C7A25,イオン,福岡伊都店,
SUGOCA,C7,C85BD,#赤坂うまや#うちのたまご直売所,羽田空港店,
SUGOCA,C7,C8DF0,ミスタードーナツ,##イオンモール福岡伊都#ショップ,
SUGOCA,C7,C9003,星乃珈琲店,イオンモール福岡伊都店,
SUGOCA,C7,C908E,#麻婆豆腐・チャーハン#ロンフーダイニング,博多1番街店,
SUGOCA,C7,CAF58,城山レストハウス,,
SUGOCA,C7,CB30D,#焼きたて#ポップンでにっしゅ,,
SUGOCA,C7,CBF48,YAMAYA BASE,HAKATA Sta. 店,
SUGOCA,C7,CC332,いっかく食堂,吉塚パピヨン店,
SUGOCA,C7,CC9B6,ミニヨン,博多駅店,
SUGOCA,C7,CC9B7,ミニヨン,博多駅店,
SUGOCA,C7,CD07D,東栄タクシー,,
SUGOCA,C7,CD080,東栄タクシー,,
SUGOCA,C7,CD087,東栄タクシー,,
SUGOCA,C7,CD424,国営海の中道海浜公園,アニマルミュージアムショップ,
SUGOCA,C7,CD425,国営海の中道海浜公園,大芝生広場レストハウス売店,
SUGOCA,C7,CD7CC,シアトルズベストコーヒー,別府駅店,
SUGOCA,C7,CD7CF,シアトルズベストコーヒー,小倉魚町店,
SUGOCA,C7,CD7D8,シアトルズベストコーヒー,JR吉塚店,
SUGOCA,C7,CD7DB,シアトルズベストコーヒー,博多筑紫口店,
SUGOCA,C7,CE110,#カフェ#リジョイス,,
SUGOCA,C7,CECF6,シアトルズベストコーヒー,諫早駅店,
SUGOCA,C7,CFEDB,シアトルズベストコーヒー,VIERRA小倉店,
SUGOCA,C7,D04BF,ケンタッキーフライドチキン,パピヨンガーデン店,
SUGOCA,C7,D04C0,ケンタッキーフライドチキン,パピヨンガーデン店,
SUGOCA,C7,D04C2,マツモトキヨシ,BRANCH博多パピヨン店,
SUGOCA,C7,D04C3,マツモトキヨシ,BRANCH博多パピヨン店,
SUGOCA,C7,D04C4,マツモトキヨシ,BRANCH博多パピヨン店,
SUGOCA,C7,D305D,シナボン・シアトルズベストコーヒー,佐世保駅店,
SUGOCA,C7,D542A,シアトルズベストコーヒー,JR博多店,
SUGOCA,C7,D58F5,北九州駅弁当,売店,
SUGOCA,C7,D7AB5,シアトルズベストコーヒー,奈良さくら通り店,
SUGOCA,C7,D7E98,日田彦山線BRT,,
SUGOCA,C7,D7E99,日田彦山線BRT,,
SUGOCA,C7,E8880,#ホームプラザ#ナフコ,串木野店,
SUGOCA,C7,E9B4F,宮古島空港売店 万喜,,
SUGOCA,C7,EA329,MILK TEA TIME,,
SUGOCA,C7,EA8C4,ぐりーんりーふ,,
SUGOCA,C7,EA8C5,ぐりーんりーふ,,
SUGOCA,C7,EAB54,Japan TCG Center,那覇沖映通り店,
SUGOCA,C7,EAB55,Japan TCG Center,那覇沖映通り店,
SUGOCA,C7,EACA3,薬局白十字,博多駅店,
SUGOCA,C7,EB3D1,サニー,吉塚駅前店,
SUGOCA,C7,EB3D2,サニー,吉塚駅前店,
SUGOCA,C7,EB3D3,サニー,吉塚駅前店,
SUGOCA,C7,EB3D4,サニー,吉塚駅前店,
SUGOCA,C7,EB3D5,サニー,吉塚駅前店,
SUGOCA,C7,EB3D6,サニー,吉塚駅前店,
SUGOCA,C7,EB3D7,サニー,吉塚駅前店,
SUGOCA,C7,EB3D8,サニー,吉塚駅前店,
SUGOCA,C7,EB3D9,サニー,吉塚駅前店,
SUGOCA,C7,EB3DA,サニー,吉塚駅前店,
SUGOCA,C7,EB3DB,サニー,吉塚駅前店,
SUGOCA,C7,EB3DC,サニー,吉塚駅前店,
SUGOCA,C7,EC8D3,業務スーパー,宜野湾愛知店,
SUGOCA,C7,EC8D4,業務スーパー,宜野湾愛知店,
SUGOCA,C7,EC8D5,業務スーパー,宜野湾愛知店,
SUGOCA,C7,ED2E6,ふく薬品,おもろまち店,
SUGOCA,C7,ED2E7,ふく薬品,おもろまち店,
SUGOCA,C7,ED6AF,ドラッグイレブン,加世田店,
SUGOCA,C7,ED6B0,ドラッグイレブン,加世田店,
SUGOCA,C7,EE58C,ビックカメラ Select,那覇国際通り店,
SUGOCA,C7,EE58D,ビックカメラ Select,那覇国際通り店,
SUGOCA,C7,EE58E,ビックカメラ Select,那覇国際通り店,
SUGOCA,C7,EE58F,ビックカメラ Select,那覇国際通り店,
SUGOCA,C7,F4691,ヨドバシカメラ,マルチメディア博多,
SUGOCA,C7,F469E,ヨドバシカメラ,マルチメディア博多,
SUGOCA,C7,F46AC,ヨドバシカメラ,マルチメディア博多,
SUGOCA,C7,F4BD4,サツドラ,沖縄国際通り店,
SUGOCA,C7,F4C7C,#CASUAL & SHOES#アベイル,博多バスターミナル店,
SUGOCA,C7,F5386,サンマルクカフェ,佐世保四ヶ町店,
SUGOCA,C7,F59FF,#長浜鮮魚卸直営店#博多 魚助,,
SUGOCA,C7,F6223,沖縄県警察運転免許センター 売店,,
SUGOCA,C7,F6515,スーパーミナミ,,
SUGOCA,C7,F6516,スーパーミナミ,,
SUGOCA,C7,F654C,ほっともっと,波之上店,
SUGOCA,C7,F681C,#ファッションセンター#しまむら,国分店,
SUGOCA,C7,F6BA1,#ファッションセンター#しまむら,伊集院店,
SUGOCA,C7,F6CA8,ことぶきタクシー,,
SUGOCA,C7,F6CAC,ことぶきタクシー,,
SUGOCA,C7,F6E16,ホテルアトールエメラルド宮古島,,
SUGOCA,C7,F7248,福運タクシー,,
SUGOCA,C7,F727D,福運タクシー,,
SUGOCA,C7,F72CA,春吉タクシー,本社営業所,
SUGOCA,C7,F72CD,春吉タクシー,本社営業所,
SUGOCA,C7,F72D4,春吉タクシー,本社営業所,
SUGOCA,C7,F72DC,春吉タクシー,本社営業所,
SUGOCA,C7,F72EA,春吉タクシー,本社営業所,
SUGOCA,C7,F7467,Snow Lagoon Ice Cream,那覇空港店,
SUGOCA,C7,F7498,清流タクシー,,
SUGOCA,C7,F749E,清流タクシー,,
SUGOCA,C7,F74AC,清流タクシー,,
SUGOCA,C7,F74AE,清流タクシー,,
SUGOCA,C7,F75A1,桜島灰干し家,よかど鹿児島店,
SUGOCA,C7,F75A5,#餡心#ほあん堂,,
SUGOCA,C7,F77B2,ラッキー1,,
SUGOCA,C7,F77B7,ラッキー1,,
SUGOCA,C7,F77C4,ラッキー1,,
SUGOCA,C7,F77CD,ラッキー1,,
SUGOCA,C7,F780C,ラッキー1,,
SUGOCA,C7,F786C,すき家,58号宜野湾大謝名店,
SUGOCA,C7,F786D,すき家,58号宜野湾大謝名店,
SUGOCA,C7,F788A,安川タクシー,本社,
SUGOCA,C7,F7893,安川タクシー,本社,
SUGOCA,C7,F7906,はま寿司,薩摩川内店,
SUGOCA,C7,F7907,はま寿司,薩摩川内店,
SUGOCA,C7,F799C,すき家,495号古賀花見店,
SUGOCA,C7,F79B8,はま寿司,博多千代店,
SUGOCA,C7,F79BF,はま寿司,福岡志免店,
SUGOCA,C7,F7AA9,すき家,宮崎東大淀店,
SUGOCA,C7,F7AEF,はま寿司,都城店,
SUGOCA,C7,F7AF0,はま寿司,都城店,
SUGOCA,C7,F7B22,すき家,博多駅前四丁目店,
SUGOCA,C7,F7B26,すき家,福岡博多駅南店,
SUGOCA,C7,F7B92,すき家,58号名護東江店,
SUGOCA,C7,F7B93,すき家,58号名護東江店,
SUGOCA,C7,F7BA6,すき家,西鉄久留米駅前店(旧 久留米東町店),
SUGOCA,C7,F7BA7,すき家,西鉄久留米駅前店(旧 久留米東町店),
SUGOCA,C7,F7BB3,すき家,長崎銅座町店,
SUGOCA,C7,F7BD0,すき家,389号大牟田店,
SUGOCA,C7,F7EBA,フミヤ,,
SUGOCA,C7,F7F03,ショッピングあだち,,
SUGOCA,C7,F7F1A,チコマートことぶきや,,
SUGOCA,C7,F8390,すき家,34号大村店,
SUGOCA,C7,F8391,すき家,34号大村店,
SUGOCA,C7,F8407,大池タクシー,,
SUGOCA,C7,F8418,大池タクシー,,
SUGOCA,C7,F841A,大池タクシー,,
SUGOCA,C7,F848F,はま寿司,大分高城店,
SUGOCA,C7,F8490,はま寿司,大分高城店,
SUGOCA,C7,F85D1,ジョリーパスタ,門司店,
SUGOCA,C7,F85FF,すき家,飯塚市役所前店,
SUGOCA,C7,F8667,すき家,福岡舞鶴店,
SUGOCA,C7,F8674,すき家,福岡渡辺通五丁目店,
SUGOCA,C7,F86D8,すき家,博多駅前二丁目店,
SUGOCA,C7,F86D9,すき家,博多駅前二丁目店,
SUGOCA,C7,F8ADF,親和交通,,
SUGOCA,C7,F8AF8,親和交通,,
SUGOCA,C7,F8AFE,親和交通,,
SUGOCA,C7,F8B07,親和交通,,
SUGOCA,C7,F8B09,親和交通,,
SUGOCA,C7,F8B0A,親和交通,,
SUGOCA,C7,F8B0E,親和交通,,
SUGOCA,C7,F8F55,すき家,博多駅前四丁目店,
SUGOCA,C7,F9162,はま寿司,博多千代店,
SUGOCA,C7,F9548,春吉タクシー,本社営業所,
SUGOCA,C7,F9EC2,すき家,博多駅前二丁目店,
SUGOCA,C7,FA8DC,ビアードパパ,ハローデイBRANCH博多店,
SUGOCA,C7,FABC7,東筑軒,折尾駅うどん店,
SUGOCA,C7,FAF2C,タリーズコーヒー&TEA,博多駅マイング店,
SUGOCA,C7,FAF2D,タリーズコーヒー&TEA,博多駅マイング店,
SUGOCA,C7,FB3EF,カフェティーダ,,
SUGOCA,C7,FB4F3,はま寿司,佐世保大塔店,
SUGOCA,C7,FB5C7,セキストア,上浦店,
SUGOCA,C7,FB7EB,毎日交通,,
SUGOCA,C7,FB80C,毎日交通,,
SUGOCA,C7,FB810,毎日交通,,
SUGOCA,C7,FB811,毎日交通,,
SUGOCA,C7,FCE26,麺屋吉蔵,VIERRA小倉店,
SUGOCA,C7,FD4AA,大池タクシー,,
SUGOCA,C7,FDEB3,ヤマザキショップ,佐世保中央病院売店,
SUGOCA,C7,FDEB4,ヤマザキショップ,佐世保中央病院売店,
SUGOCA,C7,FE1FF,ショップじゅごん,,
SUGOCA,C7,FE21D,二◯加屋長介,JRJP博多ビル店,
SUGOCA,C7,FE564,ことぶきタクシー,,
SUGOCA,C7,FF735,与儀商店,,
SUGOCA,C8,02719,コインロッカー,えきマチ1丁目 香椎,
SUGOCA,C8,0271C,コインロッカー,#JR九州#博多駅,マイング通り11
SUGOCA,C8,02720,ぷらっとラーメン,小倉駅店,
SUGOCA,C8,02721,小倉ホームうどん,,
SUGOCA,C8,02786,自動販売機,#JR九州#新飯塚駅,2·3番線ホーム
SUGOCA,C8,02789,自動販売機,#JR九州#桂川駅,駅前 改札外
SUGOCA,C8,0278A,自動販売機,#JR九州#長者原駅,篠栗線 1·2番線ホーム 博多方
SUGOCA,C8,027CA,自動販売機,#JR九州#原田駅,2·3番線ホーム中程
SUGOCA,C8,028B8,自動販売機,#JR九州#二日市駅,1·2番線ホーム
SUGOCA,C8,028EA,コインロッカー,#JR九州#久留米駅,待合室
SUGOCA,C8,028ED,コインロッカー,#JR九州#博多駅,マイング通り1号機
SUGOCA,C8,028EE,コインロッカー,#JR九州#博多駅,マイング通り2号機
SUGOCA,C8,028EF,コインロッカー,#JR九州#博多駅,マイング通り3号機
SUGOCA,C8,028F0,コインロッカー,#JR九州#博多駅,マイング通り4号機
SUGOCA,C8,02909,SUGOCAチャージ機,九州旅客鉄道株式会社 本社,総合受付横
SUGOCA,C8,0290A,チャージ機,熊本空港,国内線ターミナル2階BLUESKY付近
SUGOCA,C8,0295C,自動販売機,#JR九州#二日市駅,改札口前(改札内)
SUGOCA,C8,029C2,自動販売機,#JR九州#土井駅,1番線ホーム
SUGOCA,C8,029E9,大明担担麺,TNCパヴェリア店,
SUGOCA,C8,02A27,自動販売機,#JR九州#吉塚駅,改札内 1階コンコース
SUGOCA,C8,02AA8,長浜ナンバーワン,デイトス店,
SUGOCA,C8,02B43,JRおおいたシティ第2駐車場,,
SUGOCA,C8,02B45,JRおおいたシティ第2駐車場,,
SUGOCA,C8,02B5D,コインロッカー,大分駅南口駅前,上野の森口(南口)駅前広場
SUGOCA,C8,02B6E,別府駅ビル駐車場,,
SUGOCA,C8,02B8C,自動販売機,#JR九州#博多駅,在来線ホーム 3·4番線 最竹下寄り
SUGOCA,C8,02BC2,自動販売機,#JR九州#八代駅,2·3番線ホーム
SUGOCA,C8,02BD1,自動販売機,#JR九州#隈之城駅,駅舎外 南側
SUGOCA,C8,02BD3,自動販売機,#JR九州#上伊集院駅,駅舎内
SUGOCA,C8,02BDD,自動販売機,#JR九州#隈之城駅,駅舎外 南側
SUGOCA,C8,02BDE,自動販売機,#JR九州#八代駅,2·3番線ホーム
SUGOCA,C8,02BEB,自動販売機,#JR九州#八幡駅,1・2番のりば 中央付近
SUGOCA,C8,02C52,JRおおいたシティ第3駐車場,,
SUGOCA,C8,02C53,JRおおいたシティ第3駐車場,,
SUGOCA,C8,02C63,コインロッカー,#JR九州#博多駅,中央コンコース ファミリーマート前銘品蔵店横
SUGOCA,C8,02C64,コインロッカー,#JR九州#大分駅北口,
SUGOCA,C8,186A3,自動販売機,#JR九州#玉名駅,
SUGOCA,C8,186CB,自動販売機,#JR九州#浦上駅,1番線ホーム
SUGOCA,C8,186DF,自動販売機,#JR九州#大村駅,2番線ホーム(諫早方面)
SUGOCA,C8,186F2,自動販売機,#JR九州#鹿児島中央駅,2番のりば(鹿児島寄り)
SUGOCA,C8,18729,自動販売機,#JR九州#川内駅,ホーム 11番のりば 5号車付近
SUGOCA,C8,1872C,自動販売機,#JR九州#西小倉駅,1・2番ホーム
SUGOCA,C8,18738,自動販売機,#JR九州#国分駅,駅舎外 バス乗り場前
SUGOCA,C8,18769,JRおおいたシティ第1駐車場,事前精算機,
SUGOCA,C8,1876D,JRおおいたシティ第1駐車場,事前精算機,
SUGOCA,C8,1876E,JRおおいたシティ第1駐車場,事前精算機,
SUGOCA,C8,18775,駅レンタカー,光の森駅駐車場,
SUGOCA,C8,18790,自動販売機,#JR九州#直方駅,改札外
SUGOCA,C8,187C3,自動販売機,#JR九州#早岐駅,1·2番線 佐世保方
SUGOCA,C8,187D0,松屋,天神店,
SUGOCA,C8,187D2,松屋,中洲店,
SUGOCA,C8,187D4,松屋,西新店,(マイカリー食堂併設)
SUGOCA,C8,187D6,松屋,二又瀬店,
SUGOCA,C8,187DA,松屋,久留米通町店,
SUGOCA,C8,187E8,JQParks,武蔵塚駅前,
SUGOCA,C8,187EE,琉球村,那覇空港店,
SUGOCA,C8,187F1,自動販売機,#JR九州#伊集院駅,駅舎外 南口ロータリー
SUGOCA,C8,187F5,自動販売機,#JR九州#国分駅,駅舎外 バス乗り場前
SUGOCA,C8,1881E,市営鳥栖駅東駐車場,,
SUGOCA,C8,18877,松のや,久留米店(上津),
SUGOCA,C8,18883,博多一幸舎,博多デイトス店,
SUGOCA,C8,18888,松屋,熊本新市街店,(松のや併設)
SUGOCA,C8,18896,#福そば・福うどん#うぃんぐ,,
SUGOCA,C8,1889E,#ワンタンメンの#満月,福岡空港店,
SUGOCA,C8,188A1,つじ田,ラーメン滑走路(福岡空港)店,
SUGOCA,C8,188B2,まるうまうどん,熊本店,
SUGOCA,C8,188EA,#担々麺#一路撥,,
SUGOCA,C8,188EC,博多一幸舎,博多一番街店,
SUGOCA,C8,188FC,大名ソフトクリーム,博多店,
SUGOCA,C8,18901,松屋,福岡箱崎店,(マイカリー食堂併設)
SUGOCA,C8,18932,松屋,博多駅南店,(マイカリー食堂併設)
SUGOCA,C8,18991,豚そば月や,福岡空港店,
SUGOCA,C8,18994,#ヌードルラボラトリー#金斗雲,福岡空港店,
SUGOCA,C8,18998,松屋,熊本新市街店,(松のや併設)
SUGOCA,C8,189D6,チャンピオンカレー,博多地下街店,
SUGOCA,C8,189DB,コインロッカー,#JR九州#博多駅,マイング通りヤマト運輸横
SUGOCA,C8,18A4F,まるうまラーメン,ぷらっと博多No.1,
SUGOCA,C8,18A50,博多ホームうどん店,,
SUGOCA,C8,18A51,まるうまラーメン,ぷらっと博多No.3,
SUGOCA,C8,1A5E1,SUGOCAチャージ機,タイトーステーション アミュプラザおおいた店,
SUGOCA,C8,1A9D3,コインロッカー,#JR九州#熊本駅,西口5番
SUGOCA,C8,31003,自動販売機,行橋市役所,1階総合案内(右奥)
SUGOCA,C8,31093,自動販売機,#JR九州#諫早駅,3·4番線ホーム長崎方
SUGOCA,C8,310B6,自動販売機,#JR九州#筑前大分駅,
SUGOCA,C8,310C7,自動販売機,#JR九州#高橋駅,改札外 駅頭
SUGOCA,C8,310C8,自動販売機,#JR九州#北方駅,改札外 駅頭
SUGOCA,C8,310DC,自動販売機,#JR九州#田川後藤寺駅,1番線ホーム改札口すぐ
SUGOCA,C8,3111E,自動販売機,#JR九州#肥前白石駅,改札内 改札口すぐ
SUGOCA,C8,31190,自動販売機,#JR九州#若松駅,改札外 待合室
SUGOCA,C8,31213,自動販売機,アルゴパーク博多駅前1,敷地脇
SUGOCA,C8,312C3,自動販売機,#JR九州#水城駅,構内(改札外) 改札口横待合室
SUGOCA,C8,31300,自動販売機,#JR九州#久留米駅,在来線改札内 1·3番線ホーム中程エレベーター前
SUGOCA,C8,31302,自動販売機,#JR九州#佐世保駅,改札外 中央コンコース観光案内所並び
SUGOCA,C8,3138A,自動販売機,#JR九州#ハウステンボス駅,改札外 待合室内
SUGOCA,C8,3144C,自動販売機,福岡空港,喫煙所
SUGOCA,C8,31457,自動販売機,#JR九州#博多駅,在来線改札内 北のりかえ通路
SUGOCA,C8,31594,自動販売機,#JR九州#重富駅,駅舎内
SUGOCA,C8,315C8,自動販売機,#JR九州#鹿児島中央駅,5·6番のりば(広木寄り)
SUGOCA,C8,3160F,自動販売機,#JR九州#宮崎空港駅,改札口横(改札外)
SUGOCA,C8,31623,自動販売機,#JR九州#八代駅,2·3番線ホーム
SUGOCA,C8,316AA,自動販売機,#JR九州#人吉駅,
SUGOCA,C8,316D1,自動販売機,#JR九州#上熊本駅,
SUGOCA,C8,3177B,自動販売機,脇田コスモタウン,1階 まちの駅宇宿 西側屋外
SUGOCA,C8,31799,自動販売機,#JR九州#佐伯駅,待合室内
SUGOCA,C8,317A2,自動販売機,ソレイユタウン伊集院,1階西側 建物外 (JR伊集院駅北口ロータリー)
SUGOCA,C8,317BB,自動販売機,#JR九州#蓮ヶ池駅,
SUGOCA,C8,317CC,自動販売機,#肥薩おれんじ鉄道#水俣駅,待合室
SUGOCA,C8,317CE,自動販売機,#JR九州#霧島神宮駅,待合室
SUGOCA,C8,317E3,自動販売機,#肥薩おれんじ鉄道#野田郷駅,駅頭
SUGOCA,C8,3184D,自動販売機,#JR九州#財光寺駅,改札外 駅頭
SUGOCA,C8,31877,自動販売機,#JR九州#鹿児島中央駅,11·12番のりば(2·3号車付近)
SUGOCA,C8,31880,自動販売機,#JR九州#鹿児島中央駅,13·14番のりば(2·3号車付近)
SUGOCA,C8,31C1E,自動販売機,南国交通 川内営業所,
SUGOCA,C8,32DAF,自動販売機,#JR九州#吉塚駅,2·3番線ホーム
SUGOCA,C8,32DB0,自動販売機,#JR九州#吉塚駅,4·5番線ホーム
SUGOCA,C8,32E14,自動販売機,#JR九州#桂川駅,2·3番のりば
SUGOCA,C8,32F0D,自動販売機,#島原鉄道#南島原駅,1番線ホーム 諫早方
SUGOCA,C8,33126,自動販売機,#JR九州#小倉駅,3·4番線ホーム中程
SUGOCA,C8,33407,自動販売機,#JR九州#筑後船小屋駅,新幹線 12·13番線ホーム
SUGOCA,C8,33599,自動販売機,金立SA(下り),屋外
SUGOCA,C8,34062,自動販売機,#JR九州#鳥栖駅,1·2番線ホーム最博多寄り
SUGOCA,C8,3418A,自動販売機,佐世保市役所,1階ロビー
SUGOCA,C8,3418C,自動販売機,佐世保市役所,地下1階売店入口
SUGOCA,C8,34D74,自動販売機,パレットくもじ,2階シースルーエレベーター横
SUGOCA,C8,34D77,自動販売機,那覇バスターミナル,到着エリア 自販機コーナー
SUGOCA,C8,35596,自動販売機,ふれ愛ランドリー 串木野2号店,店舗外
SUGOCA,C8,355A5,自動販売機,鹿児島空港,国内線ターミナル1階 ANAカウンター前
SUGOCA,C8,357C2,自動販売機,鹿児島中央ターミナルビル,2階
SUGOCA,C8,358C7,自動販売機,#JR九州#川内駅,ホーム 12番のりば 5号車付近
SUGOCA,C8,35A91,自動販売機,#JR九州#東市来駅,駅前広場
SUGOCA,C8,35A93,自動販売機,#JR九州#湯之元駅,駅舎外 入口脇
SUGOCA,C8,35A95,自動販売機,#JR九州#伊集院駅,1·2番のりば
SUGOCA,C8,35A96,自動販売機,#JR九州#伊集院駅,駅舎外 南口ロータリー
SUGOCA,C8,35A9B,自動販売機,#JR九州#上伊集院駅,駅舎外
SUGOCA,C8,35B4D,自動販売機,#JR九州#南宮崎駅,屋外 階段下
SUGOCA,C8,35BBF,自動販売機,伊集院調剤薬局,店舗外
SUGOCA,C8,35CD8,自動販売機,串木野市漁協冷凍冷蔵庫,
SUGOCA,C8,35D55,自動販売機,ヤマザキショップ はりまや,店舗外
SUGOCA,C8,365E3,コインロッカー,福岡空港,1階 南到着口横
SUGOCA,C8,3666B,自動販売機,#JR九州#串木野駅,ホーム
SUGOCA,C8,36670,自動販売機,#JR九州#隈之城駅,駅舎外 北側
SUGOCA,C8,36727,自動販売機,#JR九州#市来駅,駅前軒下左側
SUGOCA,C8,36728,自動販売機,#JR九州#串木野駅,駅舎外
SUGOCA,C8,3672C,自動販売機,#JR九州#神村学園前駅,ホーム(市来寄り)
SUGOCA,C8,36769,自動販売機,#JR九州#鹿児島中央駅,2階コンコース(在来線改札内)
SUGOCA,C8,36828,自動販売機,山形屋ストア 西皇徳寺店,屋外
SUGOCA,C8,36878,自動販売機,エクセルBLD.,玄関前 路上
SUGOCA,C8,3687D,自動販売機,美山入口バス停付近,国道3号
SUGOCA,C8,3687E,自動販売機,美山入口バス停付近,国道3号
SUGOCA,C8,36B76,自動販売機,有限会社エフアンドエム,店舗外
SUGOCA,C8,37035,自動販売機,北九州市小倉北区役所,
SUGOCA,C8,376AB,ファミリーマート,リースビル店,
SUGOCA,C8,376AC,ファミリーマート,国際通り入口店,
SUGOCA,C8,376C7,ファミリーマート,熊本銀座通り店,
SUGOCA,C8,376EC,ファミリーマート,メトロ博多筑紫口店,
SUGOCA,C8,376FB,ファミリーマート,博多上牟田一丁目店,
SUGOCA,C8,376FC,ファミリーマート,ワシントン通り店,
SUGOCA,C8,3770F,ファミリーマート,長崎出島店,
SUGOCA,C8,37715,ファミリーマート,佐賀駅南口店,
SUGOCA,C8,37717,ファミリーマート,福岡天神四丁目店,
SUGOCA,C8,37759,ファミリーマート,清水三丁目店,
SUGOCA,C8,37780,ファミリーマート,サクラマチ店,
SUGOCA,C8,3778D,ファミリーマート,那覇新都心メディアビル店,
SUGOCA,C8,37796,ファミリーマート,JR吉塚駅店,
SUGOCA,C8,37798,ファミリーマート,JR戸畑駅店,
SUGOCA,C8,37799,ファミリーマート,JR中津駅店,
SUGOCA,C8,3779A,ファミリーマート,アミュプラザ長崎店,
SUGOCA,C8,3779C,ファミリーマート,博多駅前住吉通店,
SUGOCA,C8,377A0,ファミリーマート,JR博多シティ店,
SUGOCA,C8,377A1,ファミリーマート,JR大分駅店,
SUGOCA,C8,377A2,ファミリーマート,JR大分駅店,
SUGOCA,C8,377E2,ファミリーマート,博多駅前3丁目店,
SUGOCA,C8,3780D,TSUTAYA,串木野店,
SUGOCA,C8,3780E,TSUTAYA,串木野店,
SUGOCA,C8,3781D,サニー,赤坂店,
SUGOCA,C8,378B6,ファミリーマート,長崎元船店,
SUGOCA,C8,378D3,ファミリーマート,JR折尾駅店,
SUGOCA,C8,37950,ファミリーマート,宮崎橘通東三丁目店,
SUGOCA,C8,37951,ファミリーマート,JR宮崎駅店,
SUGOCA,C8,37970,ファミリーマート,佐賀駅北店,
SUGOCA,C8,379A2,ファミリーマート,那覇第2地方合同庁舎/S店,
SUGOCA,C8,379B0,ファミリーマート,天神一丁目店,
SUGOCA,C8,37E5D,自動販売機,キャンセビル,6階 エレベーターホール
SUGOCA,C8,380C2,自動販売機,#JR九州#川内駅,ホーム 1·2番のりば(隈之城寄り)
SUGOCA,C8,3823E,ファミリーマート,博多駅前店,
SUGOCA,C8,38C49,セブン‐イレブン,博多駅中央街店,
SUGOCA,C8,38D32,セブン‐イレブン,博多駅中央街店,
SUGOCA,C8,38D33,セブン‐イレブン,博多駅中央街店,
SUGOCA,C8,38D34,セブン‐イレブン,博多駅中央街店,
SUGOCA,C8,39521,ファミリーマート,JR行橋駅店,
SUGOCA,C8,39587,マクドナルド,アミュプラザ鹿児島店,
SUGOCA,C8,39588,マクドナルド,アミュプラザ鹿児島店,
SUGOCA,C8,39589,マクドナルド,アミュプラザ鹿児島店,
SUGOCA,C8,395AD,ファミリーマート,福岡市地下鉄天神南駅店,
SUGOCA,C8,395D5,ファミリーマート,博多キャナル前店,
SUGOCA,C8,395EE,ファミリーマート,JR久留米駅店,
SUGOCA,C8,39605,ファミリーマート,JR博多駅店,
SUGOCA,C8,39606,ファミリーマート,JR博多駅店,
SUGOCA,C8,39607,ファミリーマート,JR博多駅店,
SUGOCA,C8,39613,ファミリーマート,壺川駅前店,
SUGOCA,C8,39614,ファミリーマート,壺川駅前店,
SUGOCA,C8,39619,マクドナルド,アミュプラザ博多店,
SUGOCA,C8,3961A,マクドナルド,アミュプラザ博多店,
SUGOCA,C8,3961B,マクドナルド,アミュプラザ博多店,
SUGOCA,C8,39641,マクドナルド,JR長崎駅店,
SUGOCA,C8,39642,マクドナルド,JR長崎駅店,
SUGOCA,C8,39665,マクドナルド,国際通り牧志店,
SUGOCA,C8,39666,マクドナルド,国際通り牧志店,
SUGOCA,C8,39667,マクドナルド,国際通り牧志店,
SUGOCA,C8,396A0,ファミリーマート,国際通り入口店,
SUGOCA,C8,396A1,ファミリーマート,国際通り入口店,
SUGOCA,C8,396A2,ファミリーマート,宮古西里大通り店,
SUGOCA,C8,396A7,ファミリーマート,那覇小禄本通り店,
SUGOCA,C8,39E91,ファミリーマート,鹿児島市役所前店,
SUGOCA,C8,39E92,ファミリーマート,鹿児島市役所前店,
SUGOCA,C8,39EEA,ファミリーマート,那覇新都心メディアビル店,
SUGOCA,C8,3A25D,自動販売機,#JR九州#桂川駅,2·3番のりば エレベーター裏
SUGOCA,C8,3A6D5,ファミリーマート,JR佐世保駅店,
SUGOCA,C8,3AF31,ファミリーマート,那覇市役所前店,
SUGOCA,C8,3B01B,マクドナルド,小禄店,
SUGOCA,C8,3B01C,マクドナルド,小禄店,
SUGOCA,C8,3B045,ファミリーマート,モノレール小倉駅店,
SUGOCA,C8,3B046,ファミリーマート,JR長崎駅店,
SUGOCA,C8,3B0F8,マクドナルド,499浪の平店,
SUGOCA,C8,3B0F9,マクドナルド,499浪の平店,
SUGOCA,C8,3B2A6,ファミリーマート,新幹線博多駅店,
SUGOCA,C8,3B401,ファミリーマート,アルモントホテル那覇おもろまち店,
SUGOCA,C8,3B402,ファミリーマート,アルモントホテル那覇おもろまち店,
SUGOCA,C8,AB100,福岡第一交通,福岡南営業所,
SUGOCA,C8,AB754,セブン銀行,セブン‐イレブン 千鳥橋店 共同出張所,
SUGOCA,C8,AB775,セブン銀行,セブン‐イレブン 博多駅東店 共同出張所,
SUGOCA,C8,AB7B6,セブン銀行,セブン‐イレブン 博多千代1丁目店 共同出張所,
SUGOCA,C8,AB7E9,セブン銀行,セブン‐イレブン えびのインター店 共同出張所,
SUGOCA,C8,AB805,セブン銀行,セブン‐イレブン 福岡渡辺通5丁目店 共同出張所,
SUGOCA,C8,AB806,セブン銀行,セブン‐イレブン 福岡渡辺通5丁目店 共同出張所,
SUGOCA,C8,AB811,セブン銀行,セブン‐イレブン 相知長部田店 共同出張所,
SUGOCA,C8,AB842,セブン銀行,セブン‐イレブン 福岡大濠公園駅前店 共同出張所,
SUGOCA,C8,AB857,セブン銀行,セブン‐イレブン 都城北原町店 共同出張所,
SUGOCA,C8,AB85B,セブン銀行,セブン‐イレブン 宮崎橘通東4丁目店 共同出張所,
SUGOCA,C8,AB860,セブン銀行,セブン‐イレブン 小倉香春口店 共同出張所,
SUGOCA,C8,AB862,セブン銀行,セブン‐イレブン 福岡薬院1丁目店 共同出張所,
SUGOCA,C8,AB879,セブン銀行,セブン‐イレブン 博多駅南店 共同出張所,
SUGOCA,C8,AB87A,セブン銀行,セブン‐イレブン 佐世保権常寺店 共同出張所,
SUGOCA,C8,AB87D,セブン銀行,セブン‐イレブン 福岡高砂1丁目店 共同出張所,
SUGOCA,C8,AB892,セブン銀行,セブン‐イレブン 小倉米町店 共同出張所,
SUGOCA,C8,AB89A,セブン銀行,セブン‐イレブン 博多駅前朝日ビル店 共同出張所,
SUGOCA,C8,AB89B,セブン銀行,セブン‐イレブン 博多駅前朝日ビル店 共同出張所,
SUGOCA,C8,AB89E,セブン銀行,セブン‐イレブン 八幡木屋瀬店 共同出張所,
SUGOCA,C8,AB8B4,セブン銀行,セブン‐イレブン 佐世保上京町店 共同出張所,
SUGOCA,C8,AB8B5,セブン銀行,セブン‐イレブン 佐世保上京町店 共同出張所,
SUGOCA,C8,AB8C0,セブン銀行,セブン‐イレブン 熊本新市街店 共同出張所,
SUGOCA,C8,AB8C1,セブン銀行,セブン‐イレブン 熊本新市街店 共同出張所,
SUGOCA,C8,AB8DC,セブン銀行,セブン‐イレブン 西小倉駅前店 共同出張所,
SUGOCA,C8,AB8DD,セブン銀行,セブン‐イレブン 西小倉駅前店 共同出張所,
SUGOCA,C8,AB8DF,セブン銀行,セブン‐イレブン 博多駅東2丁目店 共同出張所,
SUGOCA,C8,AB8E0,セブン銀行,セブン‐イレブン 博多駅東2丁目店 共同出張所,
SUGOCA,C8,AB8FA,セブン銀行,セブン‐イレブン 博多相生町2丁目店 共同出張所,
SUGOCA,C8,AB8FC,セブン銀行,セブン‐イレブン 八幡引野店 共同出張所,
SUGOCA,C8,AB909,セブン銀行,セブン‐イレブン 福岡天神3丁目店 共同出張所,
SUGOCA,C8,AB90A,セブン銀行,セブン‐イレブン 福岡天神3丁目店 共同出張所,
SUGOCA,C8,AB913,セブン銀行,セブン‐イレブン 博多駅前管絃ビル店 共同出張所,
SUGOCA,C8,AB940,セブン銀行,セブン‐イレブン 長崎大浦町店 共同出張所,
SUGOCA,C8,AB986,セブン銀行,セブン‐イレブン 肥前鹿島駅前店 共同出張所,
SUGOCA,C8,AB9AA,セブン銀行,セブン‐イレブン 鳥栖本鳥栖町店 共同出張所,
SUGOCA,C8,AB9AB,セブン銀行,セブン‐イレブン 福岡薬院駅前店 共同出張所,
SUGOCA,C8,AB9AC,セブン銀行,セブン‐イレブン 福岡薬院駅前店 共同出張所,
SUGOCA,C8,AB9C9,セブン銀行,セブン‐イレブン 八幡東田1丁目店 共同出張所,
SUGOCA,C8,AB9CE,セブン銀行,セブン‐イレブン 別府タワー店 共同出張所,
SUGOCA,C8,ABA0C,セブン銀行,セブン‐イレブン 福岡大名1丁目店 共同出張所,
SUGOCA,C8,ABA18,セブン銀行,セブン‐イレブン 大分賀来西店 共同出張所,
SUGOCA,C8,ABA29,セブン銀行,セブン‐イレブン 熊本下通2丁目店 共同出張所,
SUGOCA,C8,ABA2A,セブン銀行,セブン‐イレブン 熊本下通2丁目店 共同出張所,
SUGOCA,C8,ABA2B,セブン銀行,セブン‐イレブン 福岡天神2丁目店 共同出張所,
SUGOCA,C8,ABA2C,セブン銀行,セブン‐イレブン 福岡天神2丁目店 共同出張所,
SUGOCA,C8,ABA32,セブン銀行,セブン‐イレブン 由布挾間店 共同出張所,
SUGOCA,C8,ABA65,セブン銀行,セブン‐イレブン 唐津浜玉店 共同出張所,
SUGOCA,C8,ABA6A,セブン銀行,セブン‐イレブン 佐世保山祇町店 共同出張所,
SUGOCA,C8,ABA70,セブン銀行,セブン‐イレブン 佐伯蟹田店 共同出張所,
SUGOCA,C8,ABA88,セブン銀行,セブン‐イレブン 佐賀駅前中央2丁目店 共同出張所,
SUGOCA,C8,ABA89,セブン銀行,セブン‐イレブン 別府田の湯町店 共同出張所,
SUGOCA,C8,ABAC1,セブン銀行,セブン‐イレブン 宮崎旭1丁目店 共同出張所,
SUGOCA,C8,ABAD8,セブン銀行,セブン‐イレブン 肥前大町店 共同出張所,
SUGOCA,C8,ABB18,セブン銀行,セブン‐イレブン 北九州空港店 共同出張所,
SUGOCA,C8,ABB27,セブン銀行,セブン‐イレブン 長崎おらんだ橋店 共同出張所,
SUGOCA,C8,ABB2D,セブン銀行,セブン‐イレブン 大村植松3丁目店 共同出張所,
SUGOCA,C8,ABB32,セブン銀行,セブン‐イレブン 唐津山本店 共同出張所,
SUGOCA,C8,ABB46,セブン銀行,セブン‐イレブン 博多中洲3丁目店 共同出張所,
SUGOCA,C8,ABB49,セブン銀行,セブン‐イレブン 大分荏隈店 共同出張所,
SUGOCA,C8,ABB5E,セブン銀行,セブン‐イレブン 博多東光2丁目店 共同出張所,
SUGOCA,C8,ABB66,セブン銀行,セブン‐イレブン 西鉄久留米駅西口店 共同出張所,
SUGOCA,C8,ABB9C,セブン銀行,セブン‐イレブン 鹿児島天文館通り店 共同出張所,
SUGOCA,C8,ABB9D,セブン銀行,セブン‐イレブン 鹿児島天文館通り店 共同出張所,
SUGOCA,C8,ABBA2,セブン銀行,セブン‐イレブン 博多竹下駅前店 共同出張所,
SUGOCA,C8,ABBA7,セブン銀行,セブン‐イレブン 福岡春吉大通り店 共同出張所,
SUGOCA,C8,ABBAB,セブン銀行,セブン‐イレブン 博多東光寺町店 共同出張所,
SUGOCA,C8,ABBB5,セブン銀行,セブン‐イレブン 日置伊集院麦生田店 共同出張所,
SUGOCA,C8,ABBE0,セブン銀行,セブン‐イレブン 唐津二タ子3丁目店 共同出張所,
SUGOCA,C8,ABBF0,セブン銀行,セブン‐イレブン 博多住吉神社前店 共同出張所,
SUGOCA,C8,ABBF2,セブン銀行,セブン‐イレブン 志布志香月店 共同出張所,
SUGOCA,C8,ABC00,セブン銀行,セブン‐イレブン 串木野浜ケ城店 共同出張所,
SUGOCA,C8,ABC03,セブン銀行,セブン‐イレブン 薩摩川内大小路町店 共同出張所,
SUGOCA,C8,ABC0E,セブン銀行,セブン‐イレブン いちき大里店 共同出張所,
SUGOCA,C8,ABC16,セブン銀行,セブン‐イレブン 福岡中央区役所前店 共同出張所,
SUGOCA,C8,ABC19,セブン銀行,セブン‐イレブン 鹿児島護国神社前店 共同出張所,
SUGOCA,C8,ABC23,セブン銀行,セブン‐イレブン 博多土居通り店 共同出張所,
SUGOCA,C8,ABC37,セブン銀行,セブン‐イレブン 日置東市来駅前店 共同出張所,
SUGOCA,C8,ABC46,セブン銀行,セブン‐イレブン 博多吉塚1丁目店 共同出張所,
SUGOCA,C8,ABC7B,セブン銀行,セブン‐イレブン いちき庁舎前店 共同出張所,
SUGOCA,C8,ABC85,セブン銀行,セブン‐イレブン 串木野インター店 共同出張所,
SUGOCA,C8,ABC8D,セブン銀行,セブン‐イレブン 博多蔵本店 共同出張所,
SUGOCA,C8,ABC9C,セブン銀行,セブン‐イレブン 博多那珂1丁目店 共同出張所,
SUGOCA,C8,ABCAB,セブン銀行,セブン‐イレブン 鹿児島西田2丁目店 共同出張所,
SUGOCA,C8,ABCB2,セブン銀行,セブン‐イレブン 黒崎コムシティ店 共同出張所,
SUGOCA,C8,ABCC9,セブン銀行,セブン‐イレブン 鹿児島東千石町店 共同出張所,
SUGOCA,C8,ABCE8,セブン銀行,セブン‐イレブン 博多中洲中島町店 共同出張所,
SUGOCA,C8,ABCEB,セブン銀行,セブン‐イレブン 小倉鍛冶1丁目店 共同出張所,
SUGOCA,C8,ABCED,セブン銀行,セブン‐イレブン 川内尾白江町店 共同出張所,
SUGOCA,C8,ABCF7,セブン銀行,セブン‐イレブン 長崎万才町店 共同出張所,
SUGOCA,C8,ABD02,セブン銀行,セブン‐イレブン 博多筑紫通り店 共同出張所,
SUGOCA,C8,ABD20,セブン銀行,セブン‐イレブン 博多出来町通り店 共同出張所,
SUGOCA,C8,ABD21,セブン銀行,セブン‐イレブン 宮崎駅東2丁目店 共同出張所,
SUGOCA,C8,ABD55,セブン銀行,セブン‐イレブン 西鉄薬院駅北口店 共同出張所,
SUGOCA,C8,ABD5A,セブン銀行,セブン‐イレブン 福岡市地下鉄藤崎駅店 共同出張所,
SUGOCA,C8,ABD6E,セブン銀行,セブン‐イレブン 福岡那の津通り店 共同出張所,
SUGOCA,C8,ABD8A,セブン銀行,セブン‐イレブン 大分金池町2丁目店 共同出張所,
SUGOCA,C8,ABDAA,セブン銀行,セブン‐イレブン 別府新港店 共同出張所,
SUGOCA,C8,ABDAE,セブン銀行,セブン‐イレブン 福岡長浜2丁目店 共同出張所,
SUGOCA,C8,ABDC2,セブン銀行,セブン‐イレブン 博多祇園町店 共同出張所,
SUGOCA,C8,ABDC5,セブン銀行,セブン‐イレブン 鹿児島山下町店 共同出張所,
SUGOCA,C8,ABDCA,セブン銀行,セブン‐イレブン 博多上牟田2丁目店 共同出張所,
SUGOCA,C8,ABDED,セブン銀行,セブン‐イレブン 長崎古河町店 共同出張所,
SUGOCA,C8,ABDEF,セブン銀行,セブン‐イレブン 大村放虎原店 共同出張所,
SUGOCA,C8,ABDFD,セブン銀行,セブン‐イレブン 長崎銅座町店 共同出張所,
SUGOCA,C8,ABDFF,セブン銀行,セブン‐イレブン 福岡高校前店 共同出張所,
SUGOCA,C8,ABE0E,セブン銀行,セブン‐イレブン 博多人参通り店 共同出張所,
SUGOCA,C8,ABE0F,セブン銀行,セブン‐イレブン 博多吉塚4丁目店 共同出張所,
SUGOCA,C8,ABE2D,セブン銀行,セブン‐イレブン 諫早馬渡町店 共同出張所,
SUGOCA,C8,ABE3A,セブン銀行,セブン‐イレブン 博多堅粕3丁目店 共同出張所,
SUGOCA,C8,ABE5A,セブン銀行,セブン‐イレブン 大村池田2丁目店 共同出張所,
SUGOCA,C8,ABE5C,セブン銀行,セブン‐イレブン 博多南八幡町店 共同出張所,
SUGOCA,C8,ABE5E,セブン銀行,セブン‐イレブン 福岡渡辺通西店 共同出張所,
SUGOCA,C8,ABE65,セブン銀行,セブン‐イレブン 鹿児島いづろ中央店 共同出張所,
SUGOCA,C8,ABEA1,セブン銀行,セブン‐イレブン 博多新中洲ビル店 共同出張所,
SUGOCA,C8,ABEBD,セブン銀行,セブン‐イレブン 佐世保島地町店 共同出張所,
SUGOCA,C8,ABEC0,セブン銀行,セブン‐イレブン 博多東比恵1丁目店 共同出張所,
SUGOCA,C8,ABEC6,セブン銀行,セブン‐イレブン 博多東比恵2丁目店 共同出張所,
SUGOCA,C8,ABEE8,セブン銀行,セブン‐イレブン 博多銀天町3丁目店 共同出張所,
SUGOCA,C8,ABEF1,セブン銀行,セブン‐イレブン 博多竹下1丁目店 共同出張所,
SUGOCA,C8,ABEF2,セブン銀行,セブン‐イレブン 博多東那珂1丁目店 共同出張所,
SUGOCA,C8,ABEFD,セブン銀行,セブン‐イレブン 東九州道今川PA下り店 共同出張所,
SUGOCA,C8,ABF25,セブン銀行,セブン‐イレブン 佐世保駅前店 共同出張所,
SUGOCA,C8,ABF2C,セブン銀行,セブン‐イレブン 大分鶴崎工業入口店 共同出張所,
SUGOCA,C8,ABF50,セブン銀行,セブン‐イレブン 博多三井ビル店 共同出張所,
SUGOCA,C8,ABF7D,セブン銀行,セブン‐イレブン 博多駅中央街店 共同出張所,
SUGOCA,C8,ABF7E,セブン銀行,セブン‐イレブン 博多駅中央街店 共同出張所,
SUGOCA,C8,ABF7F,セブン銀行,セブン‐イレブン 博多住吉4丁目店 共同出張所,
SUGOCA,C8,ABF9F,セブン銀行,セブン‐イレブン 福岡春吉寺町通店 共同出張所,
SUGOCA,C8,ABFAE,セブン銀行,セブン‐イレブン 宮崎南バイパス店 共同出張所,
SUGOCA,C8,ABFBE,セブン銀行,セブン‐イレブン 鹿児島呉服町店 共同出張所,
SUGOCA,C8,ABFBF,セブン銀行,セブン‐イレブン 伊集院徳重店 共同出張所,
SUGOCA,C8,ABFC1,セブン銀行,セブン‐イレブン 長崎梅香崎町店 共同出張所,
SUGOCA,C8,ABFC4,セブン銀行,セブン‐イレブン 小倉京町2丁目店 共同出張所,
SUGOCA,C8,ABFC5,セブン銀行,セブン‐イレブン 小倉京町2丁目店 共同出張所,
SUGOCA,C8,ABFC8,セブン銀行,セブン‐イレブン 福岡笹丘1丁目店 共同出張所,
SUGOCA,C8,ABFD2,セブン銀行,セブン‐イレブン 国分シビックセンター前店 共同出張所,
SUGOCA,C8,ABFD8,セブン銀行,セブン‐イレブン 博多住吉橋店 共同出張所,
SUGOCA,C8,ABFDE,セブン銀行,セブン‐イレブン DR福岡西中洲ダイワロイネット店 共同出張所,
SUGOCA,C8,ABFE2,セブン銀行,セブン‐イレブン 博多中比恵公園前店 共同出張所,
SUGOCA,C8,ABFE6,セブン銀行,セブン‐イレブン 大分松原町2丁目店 共同出張所,
SUGOCA,C8,ABFED,セブン銀行,セブン‐イレブン 博多区役所前店 共同出張所,
SUGOCA,C8,ABFFD,セブン銀行,セブン‐イレブン 宮崎神宮東3丁目店 共同出張所,
SUGOCA,C8,AC006,セブン銀行,セブン‐イレブン 博多山王1丁目店 共同出張所,
SUGOCA,C8,AC011,セブン銀行,セブン‐イレブン 小倉魚町2丁目店 共同出張所,
SUGOCA,C8,AC012,セブン銀行,セブン‐イレブン 小倉魚町2丁目店 共同出張所,
SUGOCA,C8,AC014,セブン銀行,セブン‐イレブン 博多竹下2丁目店 共同出張所,
SUGOCA,C8,AC02B,セブン銀行,セブン‐イレブン 福岡舞鶴店 共同出張所,
SUGOCA,C8,AC02C,セブン銀行,セブン‐イレブン 福岡舞鶴店 共同出張所,
SUGOCA,C8,AC039,セブン銀行,セブン‐イレブン 福岡舞鶴1丁目店 共同出張所,
SUGOCA,C8,AC03A,セブン銀行,セブン‐イレブン 戸畑中本町店 共同出張所,
SUGOCA,C8,AC042,セブン銀行,セブン‐イレブン 宮崎月見ケ丘2丁目店 共同出張所,
SUGOCA,C8,AC08A,セブン銀行,福岡空港 国際線旅客ターミナルビル 共同出張所,
SUGOCA,C8,AC08B,セブン銀行,長崎空港 共同出張所,
SUGOCA,C8,AC08E,セブン銀行,那覇空港 国内線ターミナル 共同出張所,
SUGOCA,C8,AC08F,セブン銀行,那覇空港 国際線ターミナル 共同出張所,
SUGOCA,C8,AC091,セブン銀行,福岡空港 国内線旅客ターミナルビル 共同出張所,
SUGOCA,C8,AC092,セブン銀行,福岡空港 国内線旅客ターミナルビル 共同出張所,
SUGOCA,C8,AC09A,セブン銀行,ヨドバシカメラ マルチメディア博多 共同出張所,
SUGOCA,C8,AC09B,セブン銀行,博多バスターミナル 共同出張所,
SUGOCA,C8,AC09D,セブン銀行,コマーシャルモール博多 共同出張所,
SUGOCA,C8,AC09E,セブン銀行,アミュエスト 共同出張所,
SUGOCA,C8,AC0A2,セブン銀行,福岡パルコ 共同出張所,
SUGOCA,C8,AC0A9,セブン銀行,博多バスターミナル 共同出張所,
SUGOCA,C8,AC0AE,セブン銀行,アミュプラザ鹿児島 共同出張所,
SUGOCA,C8,AC0B1,セブン銀行,天神地下街 共同出張所,
SUGOCA,C8,AC0B2,セブン銀行,天神地下街 共同出張所,
SUGOCA,C8,AC0B3,セブン銀行,gate's 共同出張所,
SUGOCA,C8,AC0C7,セブン銀行,させぼ五番街 共同出張所,
SUGOCA,C8,AC0C9,セブン銀行,DFSギャラリア沖縄 共同出張所,
SUGOCA,C8,AC0D4,セブン銀行,マイング 共同出張所,
SUGOCA,C8,AC0DA,セブン銀行,マルミヤストア 別府駅店 共同出張所,
SUGOCA,C8,AC0DB,セブン銀行,えきマチ1丁目姪浜 共同出張所,
SUGOCA,C8,AC104,セブン銀行,アミュプラザ長崎 共同出張所,
SUGOCA,C8,AC115,セブン銀行,トキハわさだタウン 共同出張所,
SUGOCA,C8,AC116,セブン銀行,えきマチ1丁目上熊本 共同出張所,
SUGOCA,C8,AC117,セブン銀行,フォレオ博多 共同出張所,
SUGOCA,C8,AC118,セブン銀行,肥後よかモン市場 共同出張所,
SUGOCA,C8,AC11B,セブン銀行,さつまち鹿児島中央駅 共同出張所,
SUGOCA,C8,AC11C,セブン銀行,福岡市地下鉄 天神駅 共同出張所,
SUGOCA,C8,AC11D,セブン銀行,沖縄都市モノレール ゆいレール 那覇空港駅 共同出張所,
SUGOCA,C8,AC11E,セブン銀行,沖縄都市モノレール ゆいレール 旭橋駅 共同出張所,
SUGOCA,C8,AC11F,セブン銀行,沖縄都市モノレール ゆいレール 県庁前駅 共同出張所,
SUGOCA,C8,AC121,セブン銀行,沖縄都市モノレール ゆいレール 首里駅 共同出張所,
SUGOCA,C8,AC122,セブン銀行,アミュプラザおおいた 共同出張所,
SUGOCA,C8,AC125,セブン銀行,西日本鉄道 天神大牟田線 薬院駅 共同出張所,
SUGOCA,C8,AC126,セブン銀行,沖縄都市モノレール ゆいレール 美栄橋駅 共同出張所,
SUGOCA,C8,AC132,セブン銀行,SBI新生銀行 福岡フィナンシャルセンター 共同出張所,
SUGOCA,C8,AC133,セブン銀行,SBI新生銀行 福岡フィナンシャルセンター 共同出張所,
SUGOCA,C8,AC143,セブン銀行,佐賀空港(九州佐賀国際空港) 共同出張所,
SUGOCA,C8,AC15A,セブン銀行,福岡空港 国内線旅客ターミナルビル 共同出張所,
SUGOCA,C8,AC16A,セブン銀行,マークイズ福岡ももち 共同出張所,
SUGOCA,C8,AC16B,セブン銀行,マークイズ福岡ももち 共同出張所,
SUGOCA,C8,AC16F,セブン銀行,セブン‐イレブン 博多冷泉町店 共同出張所,
SUGOCA,C8,AC17A,セブン銀行,セブン‐イレブン 別府石垣東3丁目店 共同出張所,
SUGOCA,C8,AC182,セブン銀行,マイング 共同出張所,
SUGOCA,C8,AC189,セブン銀行,セブン‐イレブン 小倉太陽の橋東店 共同出張所,
SUGOCA,C8,AC199,セブン銀行,セブン‐イレブン 湯之元駅前店 共同出張所,
SUGOCA,C8,AC19C,セブン銀行,セブン‐イレブン 福岡天神地下街店 共同出張所,
SUGOCA,C8,AC1A1,セブン銀行,福岡空港 国内線旅客ターミナルビル 共同出張所,
SUGOCA,C8,AC1A3,セブン銀行,福岡市地下鉄 東比恵駅 共同出張所,
SUGOCA,C8,AC1A5,セブン銀行,博多バスターミナル 共同出張所,
SUGOCA,C8,AC1A8,セブン銀行,セブン‐イレブン 延岡幸町2丁目店 共同出張所,
SUGOCA,C8,AC1B6,セブン銀行,セブン‐イレブン ホテルモントレラ・スール福岡店 共同出張所,
SUGOCA,C8,AC1B9,セブン銀行,セブン‐イレブン 小倉京町3丁目店 共同出張所,
SUGOCA,C8,AC1BC,セブン銀行,福岡市地下鉄 博多駅 共同出張所,
SUGOCA,C8,AC1BE,セブン銀行,セブン‐イレブン 薩摩川内泰平寺前店 共同出張所,
SUGOCA,C8,AC1C2,セブン銀行,セブン‐イレブン 那覇松山1丁目店 共同出張所,
SUGOCA,C8,AC1C8,セブン銀行,セブン‐イレブン 那覇小禄1丁目店 共同出張所,
SUGOCA,C8,AC1CA,セブン銀行,セブン‐イレブン 新天地浮島店 共同出張所,
SUGOCA,C8,AC1CB,セブン銀行,セブン‐イレブン 国際通松尾1丁目店 共同出張所,
SUGOCA,C8,AC1CC,セブン銀行,鹿児島空港 共同出張所,
SUGOCA,C8,AC1CD,セブン銀行,セブン‐イレブン 那覇新都心公園前店 共同出張所,
SUGOCA,C8,AC1F0,セブン銀行,サクラマチクマモト 共同出張所,
SUGOCA,C8,AC1F6,セブン銀行,セブン‐イレブン 福岡赤坂1丁目店 共同出張所,
SUGOCA,C8,AC1F7,セブン銀行,セブン‐イレブン 桜町バスターミナル前店 共同出張所,
SUGOCA,C8,AC1F8,セブン銀行,セブン‐イレブン 桜町バスターミナル前店 共同出張所,
SUGOCA,C8,AC202,セブン銀行,セブン‐イレブン 浦添宮城2丁目店 共同出張所,
SUGOCA,C8,AC203,セブン銀行,セブン‐イレブン 那覇松山2丁目店 共同出張所,
SUGOCA,C8,AC204,セブン銀行,セブン‐イレブン 国際通牧志2丁目店 共同出張所,
SUGOCA,C8,AC206,セブン銀行,セブン‐イレブン 中津豊田町店 共同出張所,
SUGOCA,C8,AC208,セブン銀行,セブン‐イレブン 佐世保中央病院前店 共同出張所,
SUGOCA,C8,AC210,セブン銀行,セブン‐イレブン 那覇西2丁目店 共同出張所,
SUGOCA,C8,AC216,セブン銀行,セブン‐イレブン 小倉浅野2丁目店 共同出張所,
SUGOCA,C8,AC217,セブン銀行,セブン‐イレブン 琉球大学東口店 共同出張所,
SUGOCA,C8,AC21A,セブン銀行,セブン‐イレブン うるま宮里店 共同出張所,
SUGOCA,C8,AC220,セブン銀行,セブン‐イレブン 琉球大学北口店 共同出張所,
SUGOCA,C8,AC221,セブン銀行,セブン‐イレブン 那覇久茂地3丁目店 共同出張所,
SUGOCA,C8,AC222,セブン銀行,セブン‐イレブン 壺川駅前店 共同出張所,
SUGOCA,C8,AC223,セブン銀行,セブン‐イレブン 宮崎ブーゲンビリア空港店 共同出張所,
SUGOCA,C8,AC22B,セブン銀行,豊後にわさき市場 共同出張所,
SUGOCA,C8,AC22E,セブン銀行,セブン‐イレブン 名護宮里5丁目店 共同出張所,
SUGOCA,C8,AC230,セブン銀行,ブランチ博多パピヨンガーデン 共同出張所,
SUGOCA,C8,AC235,セブン銀行,セブン‐イレブン 宮崎高千穂通り店 共同出張所,
SUGOCA,C8,AC239,セブン銀行,セブン‐イレブン 博多住吉3丁目店 共同出張所,
SUGOCA,C8,AC243,セブン銀行,セブン‐イレブン 博多駅前1丁目店 共同出張所,
SUGOCA,C8,AC244,セブン銀行,セブン‐イレブン 博多駅東3丁目店 共同出張所,
SUGOCA,C8,AC24B,セブン銀行,セブン‐イレブン 那覇楚辺店 共同出張所,
SUGOCA,C8,AC24C,セブン銀行,セブン‐イレブン 武雄バイパス店 共同出張所,
SUGOCA,C8,AC24F,セブン銀行,セブン‐イレブン 佐世保吉岡店 共同出張所,
SUGOCA,C8,AC256,セブン銀行,セブン‐イレブン 中城村南上原店 共同出張所,
SUGOCA,C8,AC257,セブン銀行,セブン‐イレブン 那覇首里大名町3丁目店 共同出張所,
SUGOCA,C8,AC25C,セブン銀行,セブン‐イレブン 長崎西浜通り店 共同出張所,
SUGOCA,C8,AC260,セブン銀行,アミュプラザ小倉 共同出張所,
SUGOCA,C8,AC261,セブン銀行,セブン‐イレブン 博多綱場町店 共同出張所,
SUGOCA,C8,AC262,セブン銀行,JR九州 八幡駅 共同出張所,
SUGOCA,C8,AC26F,セブン銀行,セブン‐イレブン 名護東江4丁目店 共同出張所,
SUGOCA,C8,AC274,セブン銀行,セブン‐イレブン DR沖縄県庁前ロイネット店 共同出張所,
SUGOCA,C8,AC275,セブン銀行,セブン‐イレブン 国立劇場おきなわ前店 共同出張所,
SUGOCA,C8,AC27B,セブン銀行,セブン‐イレブン 那覇旭町金秀ビル前店 共同出張所,
SUGOCA,C8,AC27D,セブン銀行,セブン‐イレブン 那覇新都心天久店 共同出張所,
SUGOCA,C8,AC283,セブン銀行,セブン‐イレブン 浦添内間5丁目店 共同出張所,
SUGOCA,C8,AC288,セブン銀行,セブン‐イレブン 豊見城名嘉地北店 共同出張所,
SUGOCA,C8,AC28B,セブン銀行,セブン‐イレブン 福岡大名中央通り店 共同出張所,
SUGOCA,C8,AC28C,セブン銀行,セブン‐イレブン 宜野湾我如古4丁目店 共同出張所,
SUGOCA,C8,AC29A,セブン銀行,セブン‐イレブン 福岡春吉2丁目店 共同出張所,
SUGOCA,C8,AC29D,セブン銀行,セブン‐イレブン 那覇前島店 共同出張所,
SUGOCA,C8,AC2A0,セブン銀行,セブン‐イレブン 佐世保市役所前店 共同出張所,
SUGOCA,C8,AC2AA,セブン銀行,セブン‐イレブン 鹿児島中央駅前店 共同出張所,
SUGOCA,C8,AC2AB,セブン銀行,セブン‐イレブン 鹿児島中央駅前店 共同出張所,
SUGOCA,C8,AC2AD,セブン銀行,セブン‐イレブン 那覇小禄駅前店 共同出張所,
SUGOCA,C8,AC2AF,セブン銀行,セブン‐イレブン 玖珠帆足店 共同出張所,
SUGOCA,C8,AC2B1,セブン銀行,セブン‐イレブン 首里城下町JAおきなわ店 共同出張所,
SUGOCA,C8,AC2B4,セブン銀行,アミュプラザくまもと 共同出張所,
SUGOCA,C8,AC2B8,セブン銀行,ゆめタウン 別府 共同出張所,
SUGOCA,C8,AC2B9,セブン銀行,セブン‐イレブン 那覇泊2丁目店 共同出張所,
SUGOCA,C8,AC2BA,セブン銀行,セブン‐イレブン 博多上川端町店 共同出張所,
SUGOCA,C8,AC2C0,セブン銀行,セブン‐イレブン 那覇リッチモンドホテル店 共同出張所,
SUGOCA,C8,AC2C1,セブン銀行,セブン‐イレブン 鹿児島空港前店 共同出張所,
SUGOCA,C8,AC2C7,セブン銀行,セブン‐イレブン 浦添パイプライン伊祖店 共同出張所,
SUGOCA,C8,AC2C8,セブン銀行,セブン‐イレブン 宜野湾神山1丁目店 共同出張所,
SUGOCA,C8,AC2E8,セブン銀行,セブン‐イレブン 浦添牧港5丁目店 共同出張所,
SUGOCA,C8,AC2EE,セブン銀行,にしてつストアレガネット天神店 共同出張所,
SUGOCA,C8,AC2F3,セブン銀行,セブン‐イレブン 名護世冨慶店 共同出張所,
SUGOCA,C8,AC2F4,セブン銀行,セブン‐イレブン 宜野湾長田1丁目店 共同出張所,
SUGOCA,C8,AC2F5,セブン銀行,セブン‐イレブン 福岡長浜1丁目店 共同出張所,
SUGOCA,C8,AC2F6,セブン銀行,セブン‐イレブン 奥武山公園前店 共同出張所,
SUGOCA,C8,AC2FA,セブン銀行,チャチャタウン小倉 共同出張所,
SUGOCA,C8,AC30E,セブン銀行,セブン‐イレブン 那覇崇元寺通り店 共同出張所,
SUGOCA,C8,AC313,セブン銀行,セブン‐イレブン 那覇牧志店 共同出張所,
SUGOCA,C8,AC31A,セブン銀行,セブン‐イレブン 宜野湾真栄原2丁目店 共同出張所,
SUGOCA,C8,AC327,セブン銀行,セブン‐イレブン 那覇楚辺1丁目店 共同出張所,
SUGOCA,C8,AC334,セブン銀行,長崎街道かもめ市場 共同出張所,
SUGOCA,C8,AC33F,セブン銀行,博多リバレイン 共同出張所,
SUGOCA,C8,AC355,セブン銀行,セブン‐イレブン 名護大東1丁目店 共同出張所,
SUGOCA,C8,AC35D,セブン銀行,セブン‐イレブン 浦添牧港4丁目店 共同出張所,
SUGOCA,C8,AC367,セブン銀行,セブン‐イレブン 那覇開南店 共同出張所,
SUGOCA,C8,AC36F,セブン銀行,セブン‐イレブン 宜野湾真志喜店 共同出張所,
SUGOCA,C8,AC376,セブン銀行,タウンプラザかねひでパイプライン内間市場 共同出張所,
SUGOCA,C8,AC388,セブン銀行,タウンプラザかねひで与儀公園市場 共同出張所,
SUGOCA,C8,AC38D,セブン銀行,サンリブ木屋瀬 共同出張所,
SUGOCA,C8,AC390,セブン銀行,セブン‐イレブン 小倉魚町中央店 共同出張所,
SUGOCA,C8,AC391,セブン銀行,セブン‐イレブン 小倉魚町中央店 共同出張所,
SUGOCA,C8,AC392,セブン銀行,セブン‐イレブン 名護大南2丁目店 共同出張所,
SUGOCA,C8,AC39D,セブン銀行,セブン‐イレブン 隼人日当山店 共同出張所,
SUGOCA,C8,AC3A0,セブン銀行,セブン‐イレブン AIM長崎空港店 共同出張所,
SUGOCA,C8,AC3A6,セブン銀行,福岡パルコ 共同出張所,
SUGOCA,C8,AC3A7,セブン銀行,コープあっぷるタウン 共同出張所,
SUGOCA,C8,AC3AC,セブン銀行,沖縄銀行 本店営業部 共同出張所,
SUGOCA,C8,AC3B9,セブン銀行,セブン‐イレブン 宜野湾真栄原3丁目店 共同出張所,
SUGOCA,C8,AC3BA,セブン銀行,セブン‐イレブン 浦添当山2丁目店 共同出張所,
SUGOCA,C8,AC3BE,セブン銀行,セブン‐イレブン 那覇久美橋店 共同出張所,
SUGOCA,C8,AC3C6,セブン銀行,セブン‐イレブン 那覇前島2丁目店 共同出張所,
SUGOCA,C8,AC3CD,セブン銀行,セブン‐イレブン 那覇サンシャイン通り店 共同出張所,
SUGOCA,C8,AC3DD,セブン銀行,セブン‐イレブン 中津中殿町3丁目店 共同出張所,
SUGOCA,C8,AC3DE,セブン銀行,セブン‐イレブン 沖縄ハーバービューホテル店 共同出張所,
SUGOCA,C8,AC3E0,セブン銀行,セブン‐イレブン 福岡天神1丁目店 共同出張所,
SUGOCA,C8,AC3F1,セブン銀行,宮交シティ 共同出張所,
SUGOCA,C8,AC3F2,セブン銀行,セントシティ北九州 共同出張所,
SUGOCA,C8,AC3F4,セブン銀行,セブン‐イレブン 沖縄県庁店 共同出張所,
SUGOCA,C8,AC3FD,セブン銀行,沖縄アウトレットモールあしびなー 共同出張所,
SUGOCA,C8,AC402,セブン銀行,ミーナ天神 共同出張所,
SUGOCA,C8,AC406,セブン銀行,セブン‐イレブン 宜野湾2丁目店 共同出張所,
SUGOCA,C8,AC40B,セブン銀行,セブン‐イレブン 博多末広通り店 共同出張所,
SUGOCA,C8,AC412,セブン銀行,セブン‐イレブン 福岡大名ガーデンシティ店 共同出張所,
SUGOCA,C8,AC426,セブン銀行,セブン‐イレブン 那覇壺屋2丁目店 共同出張所,
SUGOCA,C8,AC433,セブン銀行,セブン‐イレブン 国際通牧志1丁目店 共同出張所,
SUGOCA,C8,AC439,セブン銀行,トキハ別府店 共同出張所,
SUGOCA,C8,AC441,セブン銀行,セブン‐イレブン DR那覇おもろまちプレミア店 共同出張所,
SUGOCA,C8,AC446,セブン銀行,セブン‐イレブン 博多東雲町3丁目店 共同出張所,
SUGOCA,C8,AC447,セブン銀行,セブン‐イレブン 福岡天神南店 共同出張所,
SUGOCA,C8,AC44C,セブン銀行,ロピア北九州リバーウォーク店 共同出張所,
SUGOCA,C8,AC480,セブン銀行,セブン‐イレブン 明治安田生命沖縄ビル店 共同出張所,
SUGOCA,C8,AC4AD,セブン銀行,北九州モノレール小倉駅 共同出張所,
SUGOCA,C8,AC4B2,セブン銀行,えきマチ1丁目折尾 共同出張所,
SUGOCA,C8,AC4E5,セブン銀行,セブン‐イレブン 那覇高校前店 共同出張所,
SUGOCA,C8,AC4EE,セブン銀行,セブン‐イレブン 那覇若狭1丁目店 共同出張所,
SUGOCA,C8,AC50E,セブン銀行,セブン‐イレブン 福岡空港国内線店 共同出張所,
SUGOCA,C8,AC516,セブン銀行,セブン‐イレブン 国際通OTSビル店 共同出張所,
SUGOCA,C8,AC544,セブン銀行,セブン‐イレブン 那覇沖映通り店 共同出張所,
SUGOCA,C8,AC576,セブン銀行,セブン‐イレブン 国際通安里1丁目店 共同出張所,
SUGOCA,C8,AD0FB,セブン銀行,セブン‐イレブン ハートインJR小倉駅新幹線口東店 共同出張所,
SUGOCA,C8,AE349,ポプラ,ペラボート福岡店,
SUGOCA,C8,AE34A,ポプラ,ペラボート福岡店,
SUGOCA,C8,AE7C1,ローソン,熊本辛島町店,
SUGOCA,C8,AE7D5,ローソン,那覇空港国内線搭乗口前店,
SUGOCA,C8,AE7D6,ローソン,那覇空港国内線搭乗口前店,
SUGOCA,C8,AE7E9,ローソン,那覇ハーバービュー通店,
SUGOCA,C8,AE7EA,ローソン,那覇ハーバービュー通店,
SUGOCA,C8,AE7F0,ローソン,日南春日町店,
SUGOCA,C8,AE7F3,ローソン,延岡日の出町店,
SUGOCA,C8,AE7F4,ローソン,延岡日の出町店,
SUGOCA,C8,AE7F5,ローソン,那覇西一丁目店,
SUGOCA,C8,AE7F6,ローソン,那覇西一丁目店,
SUGOCA,C8,AE808,ローソン,大村古賀島町店,
SUGOCA,C8,AE809,ローソン,大村古賀島町店,
SUGOCA,C8,AE817,ローソン,名護宮里店,
SUGOCA,C8,AE818,ローソン,名護宮里店,
SUGOCA,C8,AE837,ローソン,国際通牧志店,
SUGOCA,C8,AE838,ローソン,国際通牧志店,
SUGOCA,C8,AE845,ローソン,大村植松三丁目店,
SUGOCA,C8,AE846,ローソン,大村植松三丁目店,
SUGOCA,C8,AE857,ローソン,おもろまち駅前店,
SUGOCA,C8,AE858,ローソン,おもろまち駅前店,
SUGOCA,C8,AE861,ローソン,国際通松尾店,
SUGOCA,C8,AE862,ローソン,国際通松尾店,
SUGOCA,C8,AE867,ローソン,肥後大津駅南店,
SUGOCA,C8,AE874,ローソン,中城南上原店,
SUGOCA,C8,AE875,ローソン,中城南上原店,
SUGOCA,C8,AE878,ローソン,中部商業高校前店,
SUGOCA,C8,AE879,ローソン,中部商業高校前店,
SUGOCA,C8,AE87A,ローソン,中部商業高校前店,
SUGOCA,C8,AE899,ローソン,とまりん店,
SUGOCA,C8,AE89A,ローソン,とまりん店,
SUGOCA,C8,AE89B,ローソン,とまりん店,
SUGOCA,C8,AE89C,ローソン,とまりん店,
SUGOCA,C8,AE89E,ローソン,タイムスビル店,
SUGOCA,C8,AE89F,ローソン,タイムスビル店,
SUGOCA,C8,AE8A0,ローソン,タイムスビル店,
SUGOCA,C8,AE8CB,ローソン,えびの松原店,
SUGOCA,C8,AE8CC,ローソン,えびの松原店,
SUGOCA,C8,AE8E3,ローソン,佐世保花高団地店,
SUGOCA,C8,AE8E4,ローソン,佐世保花高団地店,
SUGOCA,C8,AE908,ローソン,海洋博公園前店,
SUGOCA,C8,AE909,ローソン,海洋博公園前店,
SUGOCA,C8,AE90A,ローソン,海洋博公園前店,
SUGOCA,C8,AE918,ローソン,大宜味塩屋店,
SUGOCA,C8,AE919,ローソン,大宜味塩屋店,
SUGOCA,C8,AE91A,ローソン,大宜味塩屋店,
SUGOCA,C8,AE92F,ローソン,南城富里店,
SUGOCA,C8,AE930,ローソン,南城富里店,
SUGOCA,C8,AE931,ローソン,南城富里店,
SUGOCA,C8,AE95C,ローソン,糸満南近隣公園前店,
SUGOCA,C8,AE95D,ローソン,糸満南近隣公園前店,
SUGOCA,C8,AE95E,ローソン,糸満南近隣公園前店,
SUGOCA,C8,AE980,ローソン,鹿児島アミュプラザ前店,
SUGOCA,C8,AE981,ローソン,鹿児島アミュプラザ前店,
SUGOCA,C8,AE982,ローソン,鹿児島小山田店,
SUGOCA,C8,AE983,ローソン,鹿児島小山田店,
SUGOCA,C8,AE989,ローソン,国分駅前店,
SUGOCA,C8,AE98A,ローソン,国分駅前店,
SUGOCA,C8,AE9A1,ローソン,佐世保大塔店,
SUGOCA,C8,AE9A2,ローソン,佐世保大塔店,
SUGOCA,C8,AE9C1,ローソン,鹿児島山下町店,
SUGOCA,C8,AE9C2,ローソン,鹿児島山下町店,
SUGOCA,C8,AE9C3,ローソン,鹿児島山下町店,
SUGOCA,C8,AE9D5,ローソン,浦添前田駅前店,
SUGOCA,C8,AE9D6,ローソン,浦添前田駅前店,
SUGOCA,C8,AE9D7,ローソン,浦添前田駅前店,
SUGOCA,C8,AE9F3,ローソン,鹿児島中央バスターミナル店,
SUGOCA,C8,AE9F4,ローソン,鹿児島中央バスターミナル店,
SUGOCA,C8,AEA29,ローソン,佐世保日野町店,
SUGOCA,C8,AEA6A,JPローソン,屋富祖郵便局店,
SUGOCA,C8,AEA6F,ローソン,名護呉我店,
SUGOCA,C8,AEAB3,ローソン,熊本新市街パーキング店,
SUGOCA,C8,AEAC2,ローソン,琉大北口前店,
SUGOCA,C8,AEAC3,ローソン,琉大北口前店,
SUGOCA,C8,AEACD,ローソン,新都心センタービル店,
SUGOCA,C8,AEACE,ローソン,新都心センタービル店,
SUGOCA,C8,AEACF,ローソン,新都心センタービル店,
SUGOCA,C8,AEAD5,ローソン,旭橋駅前店,
SUGOCA,C8,AEAD6,ローソン,旭橋駅前店,
SUGOCA,C8,AEAD7,ローソン,旭橋駅前店,
SUGOCA,C8,AEADA,ローソン,那覇東町店,
SUGOCA,C8,AEADB,ローソン,那覇東町店,
SUGOCA,C8,AEADC,ローソン,那覇東町店,
SUGOCA,C8,AEAEA,ローソン,那覇真嘉比入口店,
SUGOCA,C8,AEAEB,ローソン,本部港前店,
SUGOCA,C8,AEAEC,ローソン,本部港前店,
SUGOCA,C8,AEB0B,ローソン,宮崎大淀四丁目店,
SUGOCA,C8,AEB0C,ローソン,宮崎大淀四丁目店,
SUGOCA,C8,AEB40,ローソン,桜島フェリーターミナル店,
SUGOCA,C8,AEB68,ローソン,金武ベースボールスタジアム入口店,
SUGOCA,C8,AEB69,ローソン,金武ベースボールスタジアム入口店,
SUGOCA,C8,AEB7E,ローソン,長崎桜町店,
SUGOCA,C8,AEB81,ローソン,西原インター前店,
SUGOCA,C8,AEB82,ローソン,西原インター前店,
SUGOCA,C8,AEB87,ローソン,那覇三原一丁目店,
SUGOCA,C8,AEB88,ローソン,那覇三原一丁目店,
SUGOCA,C8,AEB89,ローソン,那覇三原一丁目店,
SUGOCA,C8,AEBA7,ローソン,宜野湾新城二丁目店,
SUGOCA,C8,AEBA8,ローソン,宜野湾新城二丁目店,
SUGOCA,C8,AEBAB,ローソン,鹿児島金生町店,
SUGOCA,C8,AEBAC,ローソン,鹿児島金生町店,
SUGOCA,C8,AEBB2,ローソン,諫早貝津工業団地店,
SUGOCA,C8,AEBB3,ローソン,諫早貝津工業団地店,
SUGOCA,C8,AEBC9,ローソン,宮崎高千穂通店,
SUGOCA,C8,AEBEC,ローソン,那覇前島一丁目店,
SUGOCA,C8,AEBED,ローソン,那覇前島一丁目店,
SUGOCA,C8,AEBF4,ローソン,那覇商業高校前店,
SUGOCA,C8,AEBF5,ローソン,那覇商業高校前店,
SUGOCA,C8,AEBFA,ローソン,那覇若狭二丁目店,
SUGOCA,C8,AEC2A,ローソン,目覚町店,
SUGOCA,C8,AEC34,ローソン,川内大小路店,
SUGOCA,C8,AEC35,ローソン,川内大小路店,
SUGOCA,C8,AEC54,ローソン,佐賀江北店,
SUGOCA,C8,AEC6F,ローソン,浦添西原店,
SUGOCA,C8,AEC70,ローソン,浦添西原店,
SUGOCA,C8,AEC73,ローソン,那覇久茂地二丁目店,
SUGOCA,C8,AEC74,ローソン,那覇久茂地二丁目店,
SUGOCA,C8,AEC8E,ローソン,長崎駅前通店,
SUGOCA,C8,AEC8F,ローソン,長崎駅前通店,
SUGOCA,C8,AEC98,ローソン,長崎湊公園前店,
SUGOCA,C8,AEC99,ローソン,長崎湊公園前店,
SUGOCA,C8,AEC9D,ローソン,熊本阿蘇坊中店,
SUGOCA,C8,AECA4,ローソン,那覇上之屋店,
SUGOCA,C8,AECA5,ローソン,那覇上之屋店,
SUGOCA,C8,AECAA,ローソン,都城牟田町店,
SUGOCA,C8,AECAB,ローソン,都城牟田町店,
SUGOCA,C8,AECC3,ローソン,宜野湾二丁目店,
SUGOCA,C8,AECC4,ローソン,宜野湾二丁目店,
SUGOCA,C8,AECC5,ローソン,宜野湾二丁目店,
SUGOCA,C8,AECDD,ローソン,八代袋町店,
SUGOCA,C8,AECDE,ローソン,八代袋町店,
SUGOCA,C8,AED01,ローソン,かりゆしLCH.泉崎店,
SUGOCA,C8,AED02,ローソン,かりゆしLCH.泉崎店,
SUGOCA,C8,AED03,ローソン,かりゆしLCH.泉崎店,
SUGOCA,C8,AED08,ローソン,名護辺野古店,
SUGOCA,C8,AED09,ローソン,S那覇空港国際線ターミナル店,
SUGOCA,C8,AED0A,ローソン,S那覇空港国際線ターミナル店,
SUGOCA,C8,AED11,ローソン,中城南小学校前店,
SUGOCA,C8,AED12,ローソン,中城南小学校前店,
SUGOCA,C8,AED26,ローソン,佐世保天満町店,
SUGOCA,C8,AED27,ローソン,佐世保天満町店,
SUGOCA,C8,AED36,ローソン,宜野湾真栄原一丁目店,
SUGOCA,C8,AED37,ローソン,宜野湾真栄原一丁目店,
SUGOCA,C8,AED3C,ローソン,首里末吉一丁目店,
SUGOCA,C8,AED3D,ローソン,首里末吉一丁目店,
SUGOCA,C8,AED46,ローソン,琉大前店,
SUGOCA,C8,AED47,ローソン,琉大前店,
SUGOCA,C8,AED48,ローソン,琉大前店,
SUGOCA,C8,AED4B,ローソン,鹿児島西千石町店,
SUGOCA,C8,AED4C,ローソン,鹿児島西千石町店,
SUGOCA,C8,AED52,ローソン,那覇高良二丁目店,
SUGOCA,C8,AED53,ローソン,那覇高良二丁目店,
SUGOCA,C8,AED59,ローソン,宜野湾大山七丁目店,
SUGOCA,C8,AED5A,ローソン,宜野湾大山七丁目店,
SUGOCA,C8,AED5B,ローソン,大村東三城町店,
SUGOCA,C8,AED6A,ローソン,長崎大波止店,
SUGOCA,C8,AED7B,ローソン,川内上川内町店,
SUGOCA,C8,AED7C,ローソン,川内上川内町店,
SUGOCA,C8,AED8C,ローソン,名護大東一丁目店,
SUGOCA,C8,AEDAB,ローソン,佐賀伊万里駅前店,
SUGOCA,C8,AEDAC,ローソン,佐賀伊万里駅前店,
SUGOCA,C8,AEDC1,ローソン,長崎中央郵便局前店,
SUGOCA,C8,AEDC2,ローソン,長崎中央郵便局前店,
SUGOCA,C8,AEDD8,ローソン,天文館アーケード店,
SUGOCA,C8,AEDD9,ローソン,天文館アーケード店,
SUGOCA,C8,AEDFA,ローソン,那覇崇元寺通店,
SUGOCA,C8,AEDFB,ローソン,那覇崇元寺通店,
SUGOCA,C8,AEDFC,ローソン,那覇崇元寺通店,
SUGOCA,C8,AEE03,ローソン,宜野湾我如古店,
SUGOCA,C8,AEE04,ローソン,宜野湾我如古店,
SUGOCA,C8,AEE05,ローソン,宜野湾我如古店,
SUGOCA,C8,AEE06,ローソン,うるま与那城照間店,
SUGOCA,C8,AEE07,ローソン,うるま与那城照間店,
SUGOCA,C8,AEE08,ローソン,うるま与那城照間店,
SUGOCA,C8,AEE11,ローソン,江戸町商店街店,
SUGOCA,C8,AEE2A,ローソン,宜野湾宇地泊店,
SUGOCA,C8,AEE2B,ローソン,宜野湾宇地泊店,
SUGOCA,C8,AEE30,ローソン,熊本水前寺二丁目店,
SUGOCA,C8,AEE31,ローソン,熊本水前寺二丁目店,
SUGOCA,C8,AEE42,ローソン,長崎茂木港前店,
SUGOCA,C8,AEE5B,ローソン,八代旭中央通店,
SUGOCA,C8,AEE5C,ローソン,八代旭中央通店,
SUGOCA,C8,AEE70,ローソン,佐世保吉岡団地店,
SUGOCA,C8,AEE71,ローソン,佐世保吉岡団地店,
SUGOCA,C8,AEE88,ローソン,糸満照屋店,
SUGOCA,C8,AEE8F,ローソン,南国センタービル店,
SUGOCA,C8,AEE90,ローソン,南国センタービル店,
SUGOCA,C8,AEE91,ローソン,南国センタービル店,
SUGOCA,C8,AEE92,ローソン,南国センタービル店,
SUGOCA,C8,AEEA5,ローソン,串木野大原店,
SUGOCA,C8,AEEA6,ローソン,串木野大原店,
SUGOCA,C8,AEEE7,ローソン,宮崎橘通西三丁目店,
SUGOCA,C8,AEEE8,ローソン,宮崎橘通西三丁目店,
SUGOCA,C8,AEEEB,ローソン,甲佐豊内店,
SUGOCA,C8,AEEFF,ローソン,那覇久茂地三丁目店,
SUGOCA,C8,AEF00,ローソン,那覇久茂地三丁目店,
SUGOCA,C8,AEF18,ローソン,西原棚原店,
SUGOCA,C8,AEF19,ローソン,西原棚原店,
SUGOCA,C8,AEF26,ローソン,浦添内間四丁目店,
SUGOCA,C8,AEF27,ローソン,浦添内間四丁目店,
SUGOCA,C8,AEF28,ローソン,浦添内間四丁目店,
SUGOCA,C8,AEF2F,ローソン,那覇旭町店,
SUGOCA,C8,AEF3B,ローソン,熊本菊陽バイパス店,
SUGOCA,C8,AEF5F,ローソン,那覇松山店,
SUGOCA,C8,AEF60,ローソン,那覇松山店,
SUGOCA,C8,AEF74,ローソン,鹿児島中央駅前店,
SUGOCA,C8,AEF75,ローソン,鹿児島中央駅前店,
SUGOCA,C8,AEFA9,ローソン,玉城親慶原店,
SUGOCA,C8,AEFAA,ローソン,玉城親慶原店,
SUGOCA,C8,AEFB0,ローソン,鹿児島北ふ頭店,
SUGOCA,C8,AEFC0,ローソン,菊陽光の森店,
SUGOCA,C8,AEFC1,ローソン,菊陽光の森店,
SUGOCA,C8,AEFE0,ローソン,宜野湾記念病院前店,
SUGOCA,C8,AEFE1,ローソン,宜野湾記念病院前店,
SUGOCA,C8,AEFE2,ローソン,宜野湾記念病院前店,
SUGOCA,C8,AF016,ローソン,JRJP博多ビル店,
SUGOCA,C8,AF017,ローソン,JRJP博多ビル店,
SUGOCA,C8,AF018,ローソン,JRJP博多ビル店,
SUGOCA,C8,AF03C,ローソン,那覇空港店,
SUGOCA,C8,AF03D,ローソン,那覇空港店,
SUGOCA,C8,AF040,ローソン,県立芸術大学前店,
SUGOCA,C8,AF041,ローソン,県立芸術大学前店,
SUGOCA,C8,AF042,ローソン,県立芸術大学前店,
SUGOCA,C8,AF04A,ローソン,串木野神村学園前店,
SUGOCA,C8,AF04B,ローソン,串木野神村学園前店,
SUGOCA,C8,AF0CE,ローソン,与那城海中道路前店,
SUGOCA,C8,AF0CF,ローソン,与那城海中道路前店,
SUGOCA,C8,AF0D0,ローソン,与那城海中道路前店,
SUGOCA,C8,AF0D6,ローソン,石川バイパス店,
SUGOCA,C8,AF0DD,ローソン,那覇宇栄原三丁目店,
SUGOCA,C8,AF0DE,ローソン,那覇宇栄原三丁目店,
SUGOCA,C8,AF0E2,ローソン,宜野湾市役所前店,
SUGOCA,C8,AF0E3,ローソン,宜野湾市役所前店,
SUGOCA,C8,AF0E4,ローソン,宜野湾市役所前店,
SUGOCA,C8,AF0EE,ローソン,鹿児島唐湊新川店,
SUGOCA,C8,AF0EF,ローソン,鹿児島唐湊新川店,
SUGOCA,C8,AF0F1,ローソン,鹿児島下荒田四丁目店,
SUGOCA,C8,AF0F2,ローソン,鹿児島下荒田四丁目店,
SUGOCA,C8,AF0FA,ローソン,隼人姫城店,
SUGOCA,C8,AF0FB,ローソン,隼人姫城店,
SUGOCA,C8,AF162,ローソン,自衛隊那覇駐屯地店,
SUGOCA,C8,AF167,ローソン,都城平江町店,
SUGOCA,C8,AF1E7,ローソン,恩納万座毛入口店,
SUGOCA,C8,AF1E8,ローソン,恩納万座毛入口店,
SUGOCA,C8,AF1E9,ローソン,恩納万座毛入口店,
SUGOCA,C8,AF2D8,ローソン,向陽高校前店,
SUGOCA,C8,AF2D9,ローソン,向陽高校前店,
SUGOCA,C8,AF2DA,ローソン,向陽高校前店,
SUGOCA,C8,AF2F7,ローソン,東市来駅前店,
SUGOCA,C8,AF2F8,ローソン,東市来駅前店,
SUGOCA,C8,AF33E,ローソン,名護宮里五丁目店,
SUGOCA,C8,AF33F,ローソン,名護宮里五丁目店,
SUGOCA,C8,AF340,ローソン,名護宮里五丁目店,
SUGOCA,C8,AF342,モスバーガー,大濠公園前店,
SUGOCA,C8,AF343,モスバーガー,大濠公園前店,
SUGOCA,C8,AF34E,ローソン,首里駅前店,
SUGOCA,C8,AF34F,ローソン,首里駅前店,
SUGOCA,C8,AF350,ローソン,首里駅前店,
SUGOCA,C8,AF3B1,ローソン,てだこ浦西駅前店,
SUGOCA,C8,AF466,ANA FESTA,佐賀ロビー店,
SUGOCA,C8,AF470,ANA FESTA,長崎ロビー店,
SUGOCA,C8,AF50D,ダイレックス,浦添店,
SUGOCA,C8,AF50E,ダイレックス,浦添店,
SUGOCA,C8,AF50F,ダイレックス,浦添店,
SUGOCA,C8,AF551,ローソン,パイプライン通伊祖店,
SUGOCA,C8,AF552,ローソン,パイプライン通伊祖店,
SUGOCA,C8,AF553,ローソン,パイプライン通伊祖店,
SUGOCA,C8,AF5DC,モスバーガー,奄美大島店,
SUGOCA,C8,AF5DD,モスバーガー,奄美大島店,
SUGOCA,C8,AF615,ローソン,鹿児島浜町店,
SUGOCA,C8,AF616,ローソン,鹿児島浜町店,
SUGOCA,C8,AF777,ローソン,那覇鏡原町店,
SUGOCA,C8,AF778,ローソン,那覇鏡原町店,
SUGOCA,C8,AF779,ローソン,那覇鏡原町店,
SUGOCA,C8,AF77D,ローソン,おもろまち四丁目店,
SUGOCA,C8,AF77E,ローソン,おもろまち四丁目店,
SUGOCA,C8,AF77F,ローソン,おもろまち四丁目店,
SUGOCA,C8,AF9B6,ローソン,南城知念店,
SUGOCA,C8,AF9B7,ローソン,南城知念店,
SUGOCA,C8,AF9B8,ローソン,南城知念店,
SUGOCA,C8,AFADE,ローソン,うるま前原店,
SUGOCA,C8,AFADF,ローソン,うるま前原店,
SUGOCA,C8,AFAE0,ローソン,うるま前原店,
SUGOCA,C8,AFB46,ローソン,西原東中学校前店,
SUGOCA,C8,AFB47,ローソン,西原東中学校前店,
SUGOCA,C8,AFB48,ローソン,西原東中学校前店,
SUGOCA,C8,B0070,ローソン,中城登又店,
SUGOCA,C8,B0071,ローソン,中城登又店,
SUGOCA,C8,B0072,ローソン,中城登又店,
SUGOCA,C8,B019B,ローソン銀行ATM,長崎駅前通共同出張所,
SUGOCA,C8,B019D,ローソン銀行ATM,諫早貝津工業団地共同出張所,
SUGOCA,C8,B01C8,ローソン銀行ATM,国際通牧志共同出張所,
SUGOCA,C8,B027D,ローソン銀行ATM,えびの松原共同出張所,
SUGOCA,C8,B038E,ローソン銀行ATM,佐世保天満町共同出張所,
SUGOCA,C8,B03A5,ローソン銀行ATM,JRJP博多ビル共同出張所,
SUGOCA,C8,B03F7,ローソン銀行ATM,那覇旭町共同出張所,
SUGOCA,C8,B0424,ローソン銀行ATM,サンエー 経塚シティ共同出張所,
SUGOCA,C8,B045F,ローソン銀行ATM,サンエー 那覇メインプレイス共同出張所,
SUGOCA,C8,B048C,ローソン,那覇沖映通り店,
SUGOCA,C8,B048D,ローソン,那覇沖映通り店,
SUGOCA,C8,B04A5,ローソン銀行ATM,新都心センタービル共同出張所,
SUGOCA,C8,B04AC,ローソン銀行ATM,大村植松三丁目共同出張所,
SUGOCA,C8,B04E8,ローソン銀行ATM,那覇沖映通り共同出張所,
SUGOCA,C8,B0534,ローソン銀行ATM,那覇西一丁目共同出張所,
SUGOCA,C8,B0538,ローソン銀行ATM,旭橋駅前共同出張所,
SUGOCA,C8,B0565,ローソン,モノレール浦西駅前店,
SUGOCA,C8,B0566,ローソン,モノレール浦西駅前店,
SUGOCA,C8,B056C,ローソン銀行ATM,とまりん共同出張所,
SUGOCA,C8,B0574,ローソン銀行ATM,那覇東町共同出張所,
SUGOCA,C8,B05B0,ローソン銀行ATM,那覇空港共同出張所,
SUGOCA,C8,B05B1,ローソン銀行ATM,那覇空港国内線搭乗口前共同出張所,
SUGOCA,C8,B05B8,ローソン銀行ATM,モノレール浦西駅前共同出張所,
SUGOCA,C8,B069F,ローソン銀行ATM,首里駅前共同出張所,
SUGOCA,C8,B06B8,ローソン,つかざん通店,
SUGOCA,C8,B06B9,ローソン,つかざん通店,
SUGOCA,C8,B06C2,ローソン銀行ATM,つかざん通共同出張所,
SUGOCA,C8,B06E9,ローソン銀行ATM,ユニオンスカラ 国際通り店共同出張所,
SUGOCA,C8,B0A83,セブン銀行,京急電鉄 穴守稲荷駅 共同出張所,
SUGOCA,C8,C3EDF,自動販売機,#JR九州#鹿児島中央駅,5·6番のりば(広木寄り)
SUGOCA,C8,C3EE6,自動販売機,#JR九州#鹿児島中央駅,2階コンコース(在来線改札内)
SUGOCA,C8,C439B,ミニストップ,博多吉塚3丁目店,
SUGOCA,C8,C4584,ミニストップ,博多板付4丁目店,
SUGOCA,C8,C46A4,自動販売機,#JR九州#新水前寺駅,待合室
SUGOCA,C8,C46E3,自動販売機,#JR九州#宇宿駅,階段下
SUGOCA,C8,C46E4,自動販売機,#JR九州#郡元駅,駐輪場 入口脇
SUGOCA,C8,C471D,自動販売機,#JR九州#串木野駅,駅舎外
SUGOCA,C8,C4721,自動販売機,#JR九州#川内駅,ホーム 1·2番のりば エレベーター横
SUGOCA,C8,C4726,自動販売機,#JR九州#伊集院駅,1·2番のりば
SUGOCA,C8,C4728,自動販売機,#JR九州#神村学園前駅,ホーム(串木野寄り)
SUGOCA,C8,C4729,自動販売機,#JR九州#串木野駅,改札口付近(改札内)
SUGOCA,C8,C4788,ミニストップ,大野城山田店,
SUGOCA,C8,C4789,ミニストップ,大野城山田店,
SUGOCA,C8,F5353,自動販売機,#JR九州#鹿児島中央駅,13·14番のりば(2·3号車付近)
SUGOCA,C8,F5354,自動販売機,#JR九州#鹿児島中央駅,11·12番のりば(6号車付近)
SUGOCA,C8,F5355,自動販売機,#JR九州#鹿児島中央駅,11·12番のりば(2·3号車付近)
SUGOCA,C8,F5356,自動販売機,#JR九州#鹿児島中央駅,1·2番のりば(郡元寄り)
SUGOCA,C8,F690B,なか卯,福岡半道橋店,
SUGOCA,C8,F6E65,やよい軒,呉服町店,
SUGOCA,C8,F790A,やよい軒,福岡空港通り店,
SUGOCA,C8,F790B,やよい軒,福岡空港通り店,
SUGOCA,C8,F7981,スーパーヤマグチ,,
SUGOCA,C8,F7BE0,やよい軒,箱崎店,
SUGOCA,C8,F7BE1,やよい軒,箱崎店,
SUGOCA,C8,F98BD,やよい軒,筑紫口店,
SUGOCA,C8,F9AA8,ダイソー,博多パピヨンガーデン店,
SUGOCA,C8,F9E7F,やよい軒,高砂店,
SUGOCA,C8,FA776,ダイソー,博多バスターミナル店,
SUGOCA,C8,FA77B,ダイソー,博多バスターミナル店,
SUGOCA,C8,FAB7D,ダイソー,D-naha店,
SUGOCA,C8,FAB7E,ダイソー,D-naha店,
SUGOCA,C8,FAB7F,ダイソー,D-naha店,
SUGOCA,C8,FADAF,#筑豊ラーメン#山小屋,新北九州空港店,
SUGOCA,C8,FAED8,ダイソー,博多バスターミナル店,
SUGOCA,C8,FB02C,ドン・キホーテ,鹿児島中央一番街店,
SUGOCA,C8,FB02D,ドン・キホーテ,鹿児島中央一番街店,
SUGOCA,C8,FB02E,ドン・キホーテ,鹿児島中央一番街店,
SUGOCA,C8,FB02F,ドン・キホーテ,鹿児島中央一番街店,
SUGOCA,C8,FB281,セリア,ソレイユタウン伊集院店,
SUGOCA,C8,FB697,セリア,タイヨー串木野店,
SUGOCA,C8,FB746,ダイソー,博多パピヨンガーデン店,
SUGOCA,C8,FBA9E,イオン,タップホスピタリティラボ沖縄店,
SUGOCA,C8,FBB41,ダイソー,鹿児島中央Li-Ka1920店,
SUGOCA,C8,FBBA3,ダイソー,リバーウォーク北九州店,
SUGOCA,C8,FBBD1,ダイソー,鹿児島串木野店,
SUGOCA,C8,FBBD2,ダイソー,鹿児島串木野店,
SUGOCA,C8,FBBD3,ダイソー,鹿児島串木野店,
SUGOCA,C8,FC253,石垣港離島ターミナル,第二駐車場,
SUGOCA,C8,FC2E4,#まんぷく食堂#ぎおん亭,博多バスターミナル店,
SUGOCA,C8,FC934,自動販売機,#JR九州#小倉駅,1階在来線改札内通路
SUGOCA,C8,FD5BF,てだこ浦西駅パークアンドライド駐車場,,
SUGOCA,C8,FD5C0,てだこ浦西駅パークアンドライド駐車場,,
SUGOCA,C8,FD5C3,てだこ浦西駅パークアンドライド駐車場,,
SUGOCA,C8,FDB75,Coralway,那覇空港ゲートラウンジスナックコート,
SUGOCA,C8,FDB76,Coralway,那覇空港ゲートラウンジスナックコート,
Suica,C7,008BB,ビゲスト,,
Suica,C7,02014,すき家,気仙沼幸町店,
Suica,C7,02015,すき家,気仙沼幸町店,
Suica,C7,0254B,タリーズコーヒー,神保町店,
Suica,C7,0254C,タリーズコーヒー,神保町店,
Suica,C7,02553,タリーズコーヒー,渋谷東急本店前店,
Suica,C7,02554,タリーズコーヒー,渋谷東急本店前店,
Suica,C7,0255B,タリーズコーヒー,六本木一丁目店,
Suica,C7,02572,タリーズコーヒー,新横浜店,
Suica,C7,02573,タリーズコーヒー,新横浜店,
Suica,C7,02597,タリーズコーヒー,砧世田谷通り店,
Suica,C7,025B4,タリーズコーヒー,歌舞伎座店,
Suica,C7,025CF,タリーズコーヒー,渋谷ファイヤー通り店,
Suica,C7,025D0,タリーズコーヒー,渋谷ファイヤー通り店,
Suica,C7,025D8,タリーズコーヒー,鉄鋼ビル店,
Suica,C7,025E6,タリーズコーヒー,六本木三丁目 ナナナリア店,
Suica,C7,02600,タリーズコーヒー,東京ドームシティラクーア店,
Suica,C7,0260E,タリーズコーヒー,町田モディ店,
Suica,C7,02628,タリーズコーヒー,淡路町靖国通り店,
Suica,C7,02635,タリーズコーヒー,浜松町駅北口店,
Suica,C7,0264B,タリーズコーヒー,東銀座店,
Suica,C7,02655,タリーズコーヒー,秋葉原UDX店,
Suica,C7,0266C,タリーズコーヒー,MINANO分倍河原店,
Suica,C7,026C8,タリーズコーヒー,Otemachi One店,
Suica,C7,026C9,タリーズコーヒー,Otemachi One店,
Suica,C7,026DC,タリーズコーヒー,羽田イノベーションシティ店,
Suica,C7,026E5,タリーズコーヒー,羽田空港第1ターミナル9番ゲート店,
Suica,C7,026F2,タリーズコーヒー,九段会館テラス店,
Suica,C7,026F3,タリーズコーヒー,九段会館テラス店,
Suica,C7,02A0D,#横浜#くりこ庵,大森ララ店,
Suica,C7,02A23,はま寿司,気仙沼店,
Suica,C7,02A24,はま寿司,気仙沼店,
Suica,C7,02D52,らーめん鐵匠,タカシマヤフードメゾン新横浜店,
Suica,C7,03108,#本場さぬきうどん#親父の製麺所,上野店,
Suica,C7,0313C,道の駅常総,,
Suica,C7,037B4,駅弁屋,郡山弁当売店,
Suica,C7,03C3E,ドトールコーヒーショップ,仙台駅店,
Suica,C7,03C41,もちべぇ,古川駅ピボット店,
Suica,C7,03C6D,喜久水庵,ずんだ茶屋,
Suica,C7,03CCC,カルディコーヒーファーム,東京ミッドタウン日比谷店,
Suica,C7,03E24,ドトールコーヒーショップ,渋谷井の頭通り店,
Suica,C7,03E67,ずんだ茶寮,仙台エスパル店,
Suica,C7,03E6E,#郷土料理#みやぎ乃,,
Suica,C7,04148,ドトールコーヒーショップ,神保町駅前店,
Suica,C7,041AC,珈琲館,立川南口店,
Suica,C7,04B56,靴下屋,ルミネ大宮2店,
Suica,C7,04D33,成城石井,ルミネ新宿ルミネ1店,
Suica,C7,04DC3,紀ノ国屋アントレ,ルミネ新宿店,
Suica,C7,04F6F,RF1,ルミネ新宿店,
Suica,C7,04F75,成城石井,ルミネ新宿ルミネ2店,
Suica,C7,05000,#新潟ゆのたに#心亭,ルミネ 藤沢店,
Suica,C7,05002,クイーンズ伊勢丹,藤沢店,
Suica,C7,05007,クイーンズ伊勢丹,藤沢店,
Suica,C7,05D36,#鎌倉#豊島屋,大船ルミネウィング店,
Suica,C7,05DE9,ユニクロ,大船ルミネウィング店,
Suica,C7,0612B,JR白河研修センター売店,,
Suica,C7,0612D,EKIBENYA,八王子店,
Suica,C7,06361,ラ・メゾン,ルミネ藤沢,
Suica,C7,07A11,駅弁屋,新宿5号売店,
Suica,C7,07E4C,大地館,JR盛岡駅,
Suica,C7,07E56,ぐるっと遊,八戸駅店,
Suica,C7,07E58,Kobiru Cafe'平泉,,
Suica,C7,0800B,湖穂里,,
Suica,C7,0800E,とんかつ和幸,和幸エキナカ郡山駅店,
Suica,C7,0800F,ドトールコーヒーショップ,郡山駅店,
Suica,C7,08011,美味餐庁,,
Suica,C7,08016,#喜多方の味#蔵小町,,
Suica,C7,0892F,ドトールコーヒーショップ,エスパル福島店,
Suica,C7,08976,ヴィ・ド・フランス,郡山店,
Suica,C7,08C48,#ナポリタン ハンバーグ#ハチ,仙台駅店,
Suica,C7,08C54,ピボット,古川店,
Suica,C7,08C55,ピボット,古川店,
Suica,C7,08C56,ピボット,古川店,
Suica,C7,08C57,ピボット,古川店,
Suica,C7,08C58,ピボット,古川店,
Suica,C7,08C67,福豆屋,郡山駅店,
Suica,C7,08C6A,ドンクエディテ,JR仙台駅店,
Suica,C7,08C94,売店,甲府駅ホーム,
Suica,C7,08FAD,膳まい,上野中央連絡通路店,
Suica,C7,08FB7,HANAGATAYA,水戸,
Suica,C7,09214,マネケン,JR秋葉原駅店,
Suica,C7,092C9,アズリーフ,東京店,
Suica,C7,093A6,Soup Stock Tokyo,Dila大崎店,
Suica,C7,0946B,横浜ブルク13,,
Suica,C7,0947C,崎陽軒,JR戸塚駅店,
Suica,C7,09535,サンマルクカフェ,千葉C-one店,
Suica,C7,09568,サンマルクカフェ,新宿御苑前店,
Suica,C7,09683,ぐるっと遊,八戸駅店,
Suica,C7,099CF,JR東日本リテールネット,千葉支店,催事販売
Suica,C7,099E0,BOOK EXPRESS,大崎店,
Suica,C7,09B08,小山せんべい,JR新青森駅,
Suica,C7,09C9E,ブーランジェリー ラ・テール,ecute品川south店,
Suica,C7,09CAB,キッチンうおすけ,,
Suica,C7,09F73,フェザン,,
Suica,C7,0A016,駅弁屋 匠,エキュート上野店,
Suica,C7,0A017,駅弁屋 匠,エキュート上野店,
Suica,C7,0A1C4,マツモトキヨシ,弘前駅ビルアプリーズ店,
Suica,C7,0A1D3,キャンドゥ,弘前駅ビル店,
Suica,C7,0A237,サンマルクカフェ,春日駅前店,
Suica,C7,0A4F2,タニタカフェ,有楽町店,
Suica,C7,0A7E9,湘南 野の実,,
Suica,C7,0A9CE,崎陽軒,新橋駅店,
Suica,C7,0A9E1,くすりSTATION,大崎,
Suica,C7,0AB25,TO THE HERBS,市ヶ谷店,
Suica,C7,0AB3D,ごまそば高田屋,リエール藤沢店,
Suica,C7,0AB43,比沙家,JR新宿店,
Suica,C7,0AB46,フレッシュベーカリー神戸屋,市ヶ谷駅店,
Suica,C7,0AB78,Eki RESQ,新宿南口,
Suica,C7,0ABD8,ヤマザキショップ,豊栄駅店,
Suica,C7,0ABE7,ヴィ・ド・フランス,茂原店,
Suica,C7,0AC4C,サンマルクカフェ,浅草橋東口店,
Suica,C7,0AC4D,サンマルクカフェ,両国西口店,
Suica,C7,0ACA3,ギフトガーデン,東京駅中央口,
Suica,C7,0ACC1,鉄道博物館,,
Suica,C7,0AE57,築地竹若,東京駅GRANSTA店,
Suica,C7,0AE7D,京橋千疋屋,東京駅グランスタ店,
Suica,C7,0AEC6,成城石井,グランゲート東京駅店,
Suica,C7,0AF5F,銘品館,,
Suica,C7,0B0F7,桂新堂,東京駅グランスタ,
Suica,C7,0B176,JR東日本千葉支社,社員食堂,
Suica,C7,0B239,横濱フランセ,シァル鶴見店,
Suica,C7,0B327,ギフトガーデン,品川南店,
Suica,C7,0B3BD,佐渡汽船,両津港自動改札機,
Suica,C7,0B3C0,餃子 照井,福島駅東口店,
Suica,C7,0B436,ヴィ・ド・フランス,山形店,
Suica,C7,0B517,築地玉寿司,錦糸町テルミナ店,
Suica,C7,0B54F,#江戸前回転寿司#もり一,錦糸町テルミナⅡ店,
Suica,C7,0B588,特産館,佐渡汽船新潟売店,
Suica,C7,0B5E6,吉野家,秋田駅ビルトピコ店,
Suica,C7,0B5E7,ドトールコーヒーショップ,秋田トピコ店,
Suica,C7,0B5ED,金萬,トピコ店,
Suica,C7,0B5FB,みんなのやさい畑,秋田ステーションビル・トピコ,
Suica,C7,0B64D,両津待合室売店,,
Suica,C7,0B6AB,東大生協,カフェテリア若葉,
Suica,C7,0B6AC,東大生協,カフェテリア若葉,
Suica,C7,0B6AD,東大生協,カフェテリア若葉,
Suica,C7,0B6AE,東大生協,カフェテリア若葉,
Suica,C7,0B6AF,東大生協,カフェテリア若葉,
Suica,C7,0B6B0,東大生協,カフェテリア若葉,
Suica,C7,0B716,おみやげ処もりおか,,
Suica,C7,0B7C1,東大生協,本郷中央食堂,
Suica,C7,0B7E3,東大生協,駒場1号館前フードショップ,
Suica,C7,0B859,ときわ丸,船内売店,
Suica,C7,0B861,東大生協,銀杏・メトロ食堂,
Suica,C7,0B870,東大生協,駒場書籍部,
Suica,C7,0B875,東大生協,駒場購買部,
Suica,C7,0B876,東大生協,駒場購買部,
Suica,C7,0B8F0,iwate tetoteto,,
Suica,C7,0B9E2,成城石井,ペリエ海浜幕張店,
Suica,C7,0BABD,築地寿司清,グランスタ店,
Suica,C7,0BAF6,東京都立大学生活協同組合,食堂部,
Suica,C7,0BB19,おみやげ処あさか野,,
Suica,C7,0BB1B,おみやげ処新白河,,
Suica,C7,0BB1C,おみやげ処新白河,,
Suica,C7,0BB2E,#しもつけ銘品館#サクラミチ,,
Suica,C7,0BB7E,フロ プレステージュ,秋葉原駅店,
Suica,C7,0BC7E,ウェンディーズ・ファーストキッチン,nonowa西国分寺店,
Suica,C7,0BCE5,RINGO,立川駅店,
Suica,C7,0EA63,セブン‐イレブン,三沢大町店,
Suica,C7,0EA64,セブン‐イレブン,三沢大町店,
Suica,C7,0EA82,ファミリーマート,セレオ甲府店,
Suica,C7,0F7D9,ファミリーマート,田名豊原店,
Suica,C7,0F7DA,ファミリーマート,田名豊原店,
Suica,C7,0FB16,GiGOのたい焼き,総本店,
Suica,C7,0FCD9,ビナキッチン,,
Suica,C7,0FCDA,ビナキッチン,,
Suica,C7,0FD15,ファミリーマート,外神田四丁目蔵前橋通り店,
Suica,C7,0FD16,ファミリーマート,外神田四丁目蔵前橋通り店,
Suica,C7,1660F,はま寿司,金町駅前店,
Suica,C7,16610,はま寿司,金町駅前店,
Suica,C7,17971,サブウェイ,渋谷マークシティ店,
Suica,C7,17E65,すき家,渋谷南平台店,
Suica,C7,17E66,すき家,渋谷南平台店,
Suica,C7,18334,ゼッテリア,渋谷道玄坂店,
Suica,C7,18719,亜麺坊,新潟店,
Suica,C7,18724,マルエツ,柏駅東口店,
Suica,C7,18725,ヤスダヨーグルトショップ,新潟駅ビルCoCoLo南館店,
Suica,C7,18726,明神そば きやり,新潟店,
Suica,C7,18727,魚沼ごはん 天地豊作,,
Suica,C7,1872A,モスバーガー,新潟駅店,
Suica,C7,1872D,ケンタッキーフライドチキン,CoCoLo新潟店,
Suica,C7,18738,肉まんだらけの店,新潟駅CoCoLo本館店,
Suica,C7,1873A,ぽんしゅ館,新潟驛店,
Suica,C7,1873D,ぽんしゅ館,新潟驛店,
Suica,C7,1873E,ぽんしゅ館,新潟驛店,唎酒番所
Suica,C7,18743,#酔い処・食事処#魚沼釜蔵,,
Suica,C7,18747,新潟森林農園,新潟駅売店,
Suica,C7,1875E,キャンドゥ,CoCoLo新潟店,
Suica,C7,187A0,スターバックスコーヒー,CoCoLo長岡店,
Suica,C7,187AC,ジュピター,長岡店,
Suica,C7,187AD,ジュピター,長岡店,
Suica,C7,187B7,フレンド,CoCoLo長岡店,
Suica,C7,18833,モスバーガー,川崎アゼリア店,
Suica,C7,1885F,キャンドゥ,CoCoLo新潟店,
Suica,C7,189D2,一風堂,ラスカ茅ヶ崎店,
Suica,C7,18AD9,ユニクロ,市ケ谷駅店,
Suica,C7,18B46,#大衆食堂#半田屋,いわき駅ビル店,
Suica,C7,18BBB,鉄道博物館,ミュージアムショップTRAINIART,
Suica,C7,18BD1,タリーズコーヒー,nonowa武蔵境店,
Suica,C7,18CF5,ヴィ・ド・フランス,古河店,
Suica,C7,18DA4,KINOKUNIYA Bakery,中野駅店,
Suica,C7,18DB1,のもの,秋葉原店,
Suica,C7,18DCE,MASAICHI,本店,
Suica,C7,18E4F,スターバックスコーヒー,シャポー市川店,
Suica,C7,18E55,丸亀製麺,ビーンズキッチン武蔵浦和店,
Suica,C7,18ED0,売店 しなの,,
Suica,C7,18F50,おみやげ処やまがた,,
Suica,C7,18F61,THE 3RD CAFE by Standard Coffee,,
Suica,C7,18FA5,カフェ レクセル,CIAL桜木町店,
Suica,C7,18FB2,スターバックスコーヒー,CIAL桜木町店,
Suica,C7,18FCC,エクセル本館,1階 生鮮食品売場,
Suica,C7,18FCD,エクセル本館,1階 生鮮食品売場,
Suica,C7,18FCE,エクセル本館,1階 生鮮食品売場,
Suica,C7,18FCF,エクセル本館,1階 生鮮食品売場,
Suica,C7,18FD0,エクセル本館,1階 生鮮食品売場,
Suica,C7,18FDB,エクセルシオール カフェ BARISTA,水戸エクセル店,
Suica,C7,18FDD,神戸屋キッチン,水戸店,
Suica,C7,18FDF,神戸屋キッチン,水戸店,
Suica,C7,18FED,吉野家,水戸駅店,
Suica,C7,18FF2,ミスタードーナツ,##水戸エクセル#ショップ,
Suica,C7,1901F,紀ノ国屋アントレ,恵比寿駅店,
Suica,C7,19070,トモズエクスプレス,グランゲート新橋店,
Suica,C7,190DD,軽井沢メープルストック,,
Suica,C7,190EF,モスバーガー,松本駅ビルミドリ店,
Suica,C7,19111,ヴィ・ド・フランス,松本店,
Suica,C7,1912C,ユニクロ,大船ルミネウィング店,
Suica,C7,19167,成城石井,ビーンズ武蔵浦和店,
Suica,C7,19197,ベックスコーヒーショップ,ビーンズ武蔵浦和店,
Suica,C7,191A6,おむすび権米衛,ファーマーズキッチンアトレ四谷店,
Suica,C7,191A9,成城石井,アトレ四谷店,
Suica,C7,191AE,Soup Stock Tokyo,アトレ四谷店,
Suica,C7,191B0,ラ・プレシューズ,四谷店,
Suica,C7,191B5,#目黒地蔵通り#御門屋,アトレ四谷店,
Suica,C7,191C3,スターバックスコーヒー,アトレ四谷店,
Suica,C7,1924F,デリフランス,巣鴨店,
Suica,C7,19296,ファス,大塚駅店,
Suica,C7,19390,紀ノ国屋アントレ,日本橋高島屋S.C.店,
Suica,C7,194BF,#あづみ野菓子工房#彩香,MIDORI長野店,
Suica,C7,194D1,#果汁工房#果琳,MIDORI長野店,
Suica,C7,19524,ベックスコーヒーショップ,長野店,
Suica,C7,19532,サンエトワール,一ノ関駅店,
Suica,C7,19548,#駅弁#山崎屋,,
Suica,C7,19602,グリーンリーブス,新潟市民病院内売店,
Suica,C7,19603,グリーンリーブス,新潟市民病院内売店,
Suica,C7,19604,グリーンリーブス,新潟市民病院内売店,
Suica,C7,19605,#秋葉原駅東側広場内公衆便所#オアシス@akiba,,
Suica,C7,1966F,猿田彦珈琲,アトレ秋葉原1店,
Suica,C7,19671,ドンクエディテ,アトレ秋葉原1店,
Suica,C7,19674,キャトル,秋葉原店,
Suica,C7,19675,パティスリー ア・ラ・カンパーニュ,秋葉原店,
Suica,C7,19676,シーキューブ,アトレ秋葉原店,
Suica,C7,1967A,東京ミルクチーズ工場「Cow Cow Kitchen」,アトレ秋葉原1店,
Suica,C7,1967B,日本橋屋長兵衛,アトレ秋葉原1店,
Suica,C7,1967C,餃子の王将Express,アトレ秋葉原店,
Suica,C7,1967D,#立喰い寿司#魚がし日本一,アトレ秋葉原店,
Suica,C7,196A7,エチオピア カリーキッチン,秋葉原店,
Suica,C7,19717,ベックスコーヒーショップ,池袋メトロポリタン口店,
Suica,C7,19718,新杵屋,本社工場直売店,
Suica,C7,19744,スターバックスコーヒー,アトレ恵比寿店(2F),
Suica,C7,197AA,スターバックスコーヒー,アトレ恵比寿店(5F),
Suica,C7,197F1,Sakuraプラザ,上越妙高駅,
Suica,C7,19857,成城石井,アトレ目黒2店,
Suica,C7,19895,カフェ・マレット,,
Suica,C7,198BC,クイーンズ伊勢丹,品川店,
Suica,C7,198C4,AP by AMERICAN PHARMACY,品川店,
Suica,C7,19969,デリフランス,大井町店,
Suica,C7,19A8D,BREADCAST,,
Suica,C7,19A9F,アンデルセン,エキュート品川サウス店,
Suica,C7,19BD2,スターバックスコーヒー,アトレ吉祥寺店,
Suica,C7,19CDD,デイジイ,大塚店,
Suica,C7,19E71,ブルーミングブルーミー,ららぽーと立川立飛店,
Suica,C7,19E75,ブルーミングブルーミー,ららぽーと立川立飛店,
Suica,C7,19EEA,#サンドイッチカフェ#おいしいメルヘン。,エキュート大宮店,
Suica,C7,19F07,ほんのり屋,池袋東口店,
Suica,C7,19F54,ブランジェ浅野屋,池袋西口店,
Suica,C7,19F62,ベックスコーヒーショップ,リエール藤沢店,
Suica,C7,1A18C,JINS,グランデュオ立川店,
Suica,C7,1A1A5,陳建一麻婆豆腐店,グランデュオ立川店,
Suica,C7,1A24B,仙臺たんや利久,NEWoMan新宿店,
Suica,C7,1A291,ベックスコーヒーショップ,御徒町店,
Suica,C7,1A370,はなまるうどん,水戸エクセル店,
Suica,C7,1A458,ベックスコーヒーショップ,蘇我店,
Suica,C7,1A485,BAKE CHEESE TART,仙台店,
Suica,C7,1A494,リトルマーメイド,蘇我店,
Suica,C7,1A4AA,#フードコート&ビアー#Eat iT!,東京ビッグサイト店,
Suica,C7,1A4B0,カフェテリア マーメイド,,
Suica,C7,1A554,ベックスコーヒーショップ,四ッ谷店,
Suica,C7,1A560,ベックスコーヒーショップ,宇都宮店,
Suica,C7,1A573,ベックスコーヒーショップ,大崎店,
Suica,C7,1A576,ベックスコーヒーショップ,大宮新幹線店,
Suica,C7,1A579,ベックスコーヒーショップ,さいたま新都心店,
Suica,C7,1A57E,ベックスコーヒーショップ,横浜北口店,
Suica,C7,1A57F,ベックスコーヒーショップ,高円寺店,
Suica,C7,1A581,レストランクラウン,,
Suica,C7,1A5D6,commoncafe,千葉駅店,
Suica,C7,1A5DC,ベックスコーヒーショップ,亀有店,
Suica,C7,1A5DD,ベックスコーヒーショップ,中野店,
Suica,C7,1A616,ベルズクレープ,舞浜店,
Suica,C7,1A61D,ベックスコーヒーショップ,舞浜店,
Suica,C7,1A625,エディーズ・ブレッドカフェ,池袋店,
Suica,C7,1A65D,はなまるうどん,渋谷公園通り店,
Suica,C7,1A67A,はなまるうどん,新宿東口モア街店,
Suica,C7,1A67F,はなまるうどん,渋谷駅西口店,
Suica,C7,1A683,はなまるうどん,水道橋西口店,
Suica,C7,1A684,はなまるうどん,神保町店,
Suica,C7,1A69D,サブウェイ,青山一丁目ツインビル店,
Suica,C7,1A6A0,ベックスコーヒーショップ,信濃町店,
Suica,C7,1A6B1,FOUNDRY,エキュート品川店,
Suica,C7,1A6D9,なだ万 厨房 スタティオ,,
Suica,C7,1A6F4,ミルクスタンド酪,御徒町店,
Suica,C7,1A71F,ドトールコーヒーショップ,千葉駅東口店,
Suica,C7,1A7E1,丸善雄松堂,DNPプラザ,カフェコーナー
Suica,C7,1A88E,スターバックスコーヒー,さいたま新都心店,
Suica,C7,1A8C4,ニッポンスタンダード,大船店,
Suica,C7,1A8E0,マツモトキヨシ,青森駅ビルラビナ店,
Suica,C7,1A8E9,#上方鮨#吉野洛匠,青森ラビナ店,
Suica,C7,1A8EA,日本一,青森ラビナ店,
Suica,C7,1A926,ドトールコーヒーショップ,弘前駅ビル店,
Suica,C7,1A939,A-FACTORY,,
Suica,C7,1A945,あおもり路,新青森駅店,
Suica,C7,1A95B,#純鶏名古屋コーチン#鶏三和,アトレ大船店,
Suica,C7,1A98A,#菓匠#松栄堂,盛岡駅ビルフェザン店,
Suica,C7,1A98D,菓匠三全,盛岡フェザン店,
Suica,C7,1A9D5,京樽,盛岡駅 ビル(フェザン),
Suica,C7,1A9DA,いわちくキッチン,盛岡駅フェザン店,
Suica,C7,1A9E3,#茶Café#ちゃちゃちゃ,フェザン店,
Suica,C7,1AA0B,#盛岡冷麺#寿々苑,,
Suica,C7,1AA0D,銀河堂1890 Sweets&Bakery,フェザン店,
Suica,C7,1AA1B,#十割蕎麦#丸松,盛岡フェザン店,
Suica,C7,1AA1C,みのるダイニング,フェザン,
Suica,C7,1AA29,こぶしのはな,,
Suica,C7,1AA47,小田原吉匠,ラスカ熱海店,
Suica,C7,1AA4C,成城石井,ラスカ熱海店,
Suica,C7,1AA56,ウエルシア,ラスカ熱海店,
Suica,C7,1AA64,キャンドゥ,ラスカ熱海店,
Suica,C7,1AAC4,とんかつまい泉,ペリエ千葉エキナカ店,
Suica,C7,1AAC8,サルテリア,,
Suica,C7,1AACC,カワシマパン,,
Suica,C7,1AAD5,惣菜暖簾 山正,ペリエ千葉店,
Suica,C7,1AAE7,こめらく ニッポンのお茶漬け日和。,ペリエ千葉エキナカ店,
Suica,C7,1AAE8,一得餃子房,ペリエ千葉エキナカ店,
Suica,C7,1AAEA,unau cafe&kitchen,ペリエ千葉エキナカ店,
Suica,C7,1AC0C,八天堂,JR恵比寿店,
Suica,C7,1AC4E,TRAINIART TOKYO,グランスタ店,
Suica,C7,1AC76,ダイソー,盛岡フェザン店,
Suica,C7,1AC8A,成城石井,エスパル仙台店,
Suica,C7,1AD41,洋菓子のヒロタ,シャポー本八幡店,
Suica,C7,1AD6A,群馬いろは,,
Suica,C7,1AD7F,登利平,イーサイト高崎店,
Suica,C7,1AE78,紀ノ国屋アントレ,グランスタ丸ノ内店 のもの,
Suica,C7,1AED6,JR東日本クロスステーション フーズカンパニー,パラダイスカフェ,
Suica,C7,1AF71,デリフランス,川崎店,
Suica,C7,1AF73,成城石井,アトレ川崎北側改札内店,
Suica,C7,1AF7E,COFFEE MILK,アトレ川崎店,
Suica,C7,1AF8E,美味山海,盛岡駅店,
Suica,C7,1B077,ぽんしゅ館 コンプレックス,,
Suica,C7,1B07A,ぽんしゅ館 コンプレックス,爆弾おにぎり屋,
Suica,C7,1B07F,MOYORe:,,
Suica,C7,1B0A0,ワイズマート,ペリエ西船橋店,
Suica,C7,1B0A7,フロ プレステージュ,西船橋ペリエ店,
Suica,C7,1B0AB,カルディコーヒーファーム,ペリエ西船橋店,
Suica,C7,1B0AD,つきじ千鮨,ペリエ西船橋店,
Suica,C7,1B0B9,ドンクエディテ,ペリエ西船橋店,
Suica,C7,1B2CD,シレトコドーナツ,,
Suica,C7,1B364,スターバックスコーヒー,市ヶ谷駅前店,
Suica,C7,1B381,ビアードパパ,池袋西口店,
Suica,C7,1B42F,水山,エキュート品川サウス店,
Suica,C7,1B4FB,吉野家,Dila小山店,
Suica,C7,1B4FC,吉野家,Dila小山店,
Suica,C7,1B4FD,吉野家,Dila小山店,
Suica,C7,1B4FF,一言堂,高尾店,
Suica,C7,1B53E,5 CROSSTIES COFFEE,渋谷スクランブルスクエア店,
Suica,C7,1B540,ロッド,目白店,
Suica,C7,1B557,#牛乳とパンの店#ミルクスタンド,秋葉原駅,
Suica,C7,1B558,ミルクショップ酪,,
Suica,C7,1B55A,フロ プレステージュ,秋葉原リテールネット店,
Suica,C7,1B5D6,崎陽軒,横浜駅中央店,
Suica,C7,1B602,スターバックスコーヒー,高輪ゲートウェイ駅店,
Suica,C7,1B634,猿田彦珈琲 The Bridge,原宿駅店,
Suica,C7,1B696,すし三陸前,仙台駅店,
Suica,C7,1B69C,スターバックスコーヒー,新大久保駅店,
Suica,C7,1B6F4,Zepp,DiverCity(TOKYO),
Suica,C7,1B6F5,Zepp,DiverCity(TOKYO),
Suica,C7,1B6F6,Zepp,DiverCity(TOKYO),
Suica,C7,1B6F7,Zepp,DiverCity(TOKYO),
Suica,C7,1B6FD,Zepp,Haneda(TOKYO),
Suica,C7,1B6FE,Zepp,Haneda(TOKYO),
Suica,C7,1B6FF,Zepp,Haneda(TOKYO),
Suica,C7,1C94D,ドトールコーヒーショップ,羽田空港店,
Suica,C7,1DBEF,すき家,本厚木駅南口店,
Suica,C7,1E501,すき家,大森駅西口店,
Suica,C7,1E502,すき家,大森駅西口店,
Suica,C7,1E503,すき家,大森駅西口店,
Suica,C7,1E504,すき家,大森駅西口店,
Suica,C7,25608,サンドラッグ,CVS四谷三丁目店,
Suica,C7,2F828,ドトールコーヒーショップ,タイムズステーション川崎店,
Suica,C7,31029,ドトールコーヒーショップ,相模原駅前店,
Suica,C7,3102B,ドトールコーヒーショップ,藤沢南口店,
Suica,C7,3108C,BaB レストラン8,,
Suica,C7,31179,セブン‐イレブン,大田区南蒲田1丁目店,
Suica,C7,312C4,セブン‐イレブン,小田急新松田店,
Suica,C7,313C8,イオン,茅ヶ崎中央店,
Suica,C7,314BE,セブン‐イレブン,京王新宿3丁目ビル店,
Suica,C7,314BF,セブン‐イレブン,京王新宿3丁目ビル店,
Suica,C7,3165D,セブン‐イレブン,鎌倉七里ガ浜店,
Suica,C7,3165E,セブン‐イレブン,鎌倉七里ガ浜店,
Suica,C7,3165F,セブン‐イレブン,鎌倉七里ガ浜店,
Suica,C7,316C1,セブン‐イレブン,グランドプリンスホテル新高輪店,
Suica,C7,316D0,セブン‐イレブン,品川プリンスホテル店,
Suica,C7,317E3,徳島・香川トモニ市場,,
Suica,C7,319A9,イオン,みぶ店,
Suica,C7,31B20,イオン,与野店,
Suica,C7,31B25,イオン,与野店,
Suica,C7,31B2E,イオン,与野店,
Suica,C7,31E55,CAPTAINS' MARKET,,
Suica,C7,31F37,マクドナルド,横浜クイーンズスクエア店,
Suica,C7,32088,イオンスタイル,ラブラ万代,
Suica,C7,32507,東京シェフズキッチン,焼きそば,
Suica,C7,32509,#洋食 浅草#ヨシカミ,東京シェフズキッチン,
Suica,C7,3250A,とんかつ 銀座梅林,羽田空港フードコート,
Suica,C7,3250D,東京シェフズキッチン,中華食堂,
Suica,C7,325A2,ドトールコーヒーショップ,新羽駅店,
Suica,C7,33444,ポーラ,社食,
Suica,C7,33709,セブン‐イレブン,蒲田駅前店,
Suica,C7,33766,セブン‐イレブン,横浜太田町3丁目店,
Suica,C7,337B7,ダイソー,イオン市川妙典店,
Suica,C7,337DD,ダイソー,イオン市川妙典店,
Suica,C7,33812,セブン‐イレブン,横浜三ツ沢上町店,
Suica,C7,33816,セブン‐イレブン,横浜山手駅前店,
Suica,C7,33817,セブン‐イレブン,横浜山手駅前店,
Suica,C7,33818,セブン‐イレブン,横浜山手駅前店,
Suica,C7,33889,セブン‐イレブン,大田区羽田店,
Suica,C7,3388A,セブン‐イレブン,大田区羽田店,
Suica,C7,338FF,セブン‐イレブン,川崎駅前本町店,
Suica,C7,33946,セブン‐イレブン,横浜ランドマークプラザ店,
Suica,C7,3394A,セブン‐イレブン,横浜ランドマークプラザ店,
Suica,C7,33961,セブン‐イレブン,京急蒲田駅前店,
Suica,C7,33962,セブン‐イレブン,京急蒲田駅前店,
Suica,C7,339C8,セブン‐イレブン,横浜桜木町駅前店,
Suica,C7,339C9,セブン‐イレブン,横浜桜木町駅前店,
Suica,C7,339F8,セブン‐イレブン,大田区西蒲田8丁目店,
Suica,C7,33A1D,セブン‐イレブン,大田区美原通り店,
Suica,C7,33A1E,セブン‐イレブン,大田区美原通り店,
Suica,C7,33A1F,セブン‐イレブン,大田区美原通り店,
Suica,C7,33A23,セブン‐イレブン,横浜南幸2丁目店,
Suica,C7,33A24,セブン‐イレブン,横浜南幸2丁目店,
Suica,C7,33A25,セブン‐イレブン,横浜南幸2丁目店,
Suica,C7,33A50,セブン‐イレブン,川崎砂子1丁目店,
Suica,C7,33A51,セブン‐イレブン,川崎砂子1丁目店,
Suica,C7,33A52,セブン‐イレブン,川崎砂子1丁目店,
Suica,C7,33A61,セブン‐イレブン,川崎小田栄1丁目店,
Suica,C7,33A62,セブン‐イレブン,川崎小田栄1丁目店,
Suica,C7,33A63,セブン‐イレブン,川崎小田栄1丁目店,
Suica,C7,33A66,セブン‐イレブン,大田区仲六郷2丁目店,
Suica,C7,33A67,セブン‐イレブン,大田区仲六郷2丁目店,
Suica,C7,33A68,セブン‐イレブン,大田区仲六郷2丁目店,
Suica,C7,33A75,セブン‐イレブン,大田区大森北4丁目店,
Suica,C7,33A76,セブン‐イレブン,大田区大森北4丁目店,
Suica,C7,33A77,セブン‐イレブン,大田区大森北4丁目店,
Suica,C7,33B44,セブン‐イレブン,川崎浅田4丁目店,
Suica,C7,33B45,セブン‐イレブン,川崎浅田4丁目店,
Suica,C7,33B6E,セブン‐イレブン,大田区東糀谷店,
Suica,C7,33B8F,セブン‐イレブン,横浜大久保1丁目店,
Suica,C7,33BB4,セブン‐イレブン,川崎八丁畷駅前店,
Suica,C7,33C47,セブン‐イレブン,大田区大森駅南店,
Suica,C7,33C48,セブン‐イレブン,大田区大森駅南店,
Suica,C7,33C49,セブン‐イレブン,大田区大森駅南店,
Suica,C7,33C4F,セブン‐イレブン,大田区南蒲田2丁目店,
Suica,C7,33C8E,セブン‐イレブン,横浜鳥浜町南店,
Suica,C7,33C8F,セブン‐イレブン,横浜鳥浜町南店,
Suica,C7,33D2C,セブン‐イレブン,新馬場駅前店,
Suica,C7,33D5C,セブン‐イレブン,川崎浮島通り店,
Suica,C7,33D5D,セブン‐イレブン,川崎浮島通り店,
Suica,C7,33D75,セブン‐イレブン,逗子5丁目店,
Suica,C7,33D76,セブン‐イレブン,逗子5丁目店,
Suica,C7,33D7C,セブン‐イレブン,横浜福浦1丁目店,
Suica,C7,33D7D,セブン‐イレブン,横浜福浦1丁目店,
Suica,C7,33D7E,セブン‐イレブン,横浜福浦1丁目店,
Suica,C7,33D8E,セブン‐イレブン,横浜太田町6丁目店,
Suica,C7,33D8F,セブン‐イレブン,横浜太田町6丁目店,
Suica,C7,33D94,セブン‐イレブン,横浜日ノ出町駅前店,
Suica,C7,33D95,セブン‐イレブン,横浜日ノ出町駅前店,
Suica,C7,33DB2,セブン‐イレブン,大田区羽田1丁目店,
Suica,C7,33DB3,セブン‐イレブン,大田区羽田1丁目店,
Suica,C7,33E68,セブン‐イレブン,横浜中華街朱雀門店,
Suica,C7,33F17,セブン‐イレブン,大田区蒲田あやめ橋店,
Suica,C7,33F18,セブン‐イレブン,大田区蒲田あやめ橋店,
Suica,C7,33F20,セブン‐イレブン,横浜子安通2丁目店,
Suica,C7,33F21,セブン‐イレブン,横浜子安通2丁目店,
Suica,C7,33F2B,セブン‐イレブン,横浜クロスゲート店,
Suica,C7,33F2C,セブン‐イレブン,横浜クロスゲート店,
Suica,C7,33F2D,セブン‐イレブン,横浜クロスゲート店,
Suica,C7,33F2E,セブン‐イレブン,横浜クロスゲート店,
Suica,C7,33F58,セブン‐イレブン,川崎駅北店,
Suica,C7,33F59,セブン‐イレブン,川崎駅北店,
Suica,C7,33FC0,セブン‐イレブン,7FSパシフィコ横浜店,
Suica,C7,33FC7,セブン‐イレブン,川崎駅前南店,
Suica,C7,33FC8,セブン‐イレブン,川崎駅前南店,
Suica,C7,33FC9,セブン‐イレブン,川崎駅前南店,
Suica,C7,33FCE,セブン‐イレブン,横浜鶴見中央5丁目店,
Suica,C7,33FCF,セブン‐イレブン,横浜鶴見中央5丁目店,
Suica,C7,33FD8,セブン‐イレブン,川崎殿町3丁目店,
Suica,C7,33FD9,セブン‐イレブン,川崎殿町3丁目店,
Suica,C7,33FDA,セブン‐イレブン,川崎殿町3丁目店,
Suica,C7,33FF1,セブン‐イレブン,横浜真砂町4丁目店,
Suica,C7,33FF2,セブン‐イレブン,横浜真砂町4丁目店,
Suica,C7,33FF3,セブン‐イレブン,横浜真砂町4丁目店,
Suica,C7,3400B,セブン‐イレブン,大森駅西口店,
Suica,C7,34044,セブン‐イレブン,横浜鶴見中央4丁目店,
Suica,C7,34045,セブン‐イレブン,横浜鶴見中央4丁目店,
Suica,C7,34049,セブン‐イレブン,横浜中華街東門店,
Suica,C7,34094,セブン‐イレブン,東急プラザ蒲田店,
Suica,C7,342F2,セブン‐イレブン,横浜みなとみらい3丁目店,
Suica,C7,34704,セブン‐イレブン,川崎キングスカイフロント店,
Suica,C7,34705,セブン‐イレブン,川崎キングスカイフロント店,
Suica,C7,34706,セブン‐イレブン,川崎キングスカイフロント店,
Suica,C7,3470E,セブン‐イレブン,横浜山下町本町通り店,
Suica,C7,348BE,ドトールコーヒーショップ,雑色店,
Suica,C7,348D2,イオンスタイル,ラブラ万代,
Suica,C7,348D3,イオンスタイル,ラブラ万代,
Suica,C7,348D4,イオンスタイル,ラブラ万代,
Suica,C7,348FC,MMCオーガニックカフェ,羽田空港 北店,
Suica,C7,34B05,来来亭,新潟松崎店,
Suica,C7,35327,未来屋書店,守山店,
Suica,C7,35343,イオン,高橋店,
Suica,C7,35A28,セブン‐イレブン,羽田空港第1ターミナル店,
Suica,C7,35A29,セブン‐イレブン,羽田空港第1ターミナル店,
Suica,C7,35A2A,セブン‐イレブン,羽田空港第1ターミナル店,
Suica,C7,35BD2,ダイソー,マックスバリュ徳川明倫店,
Suica,C7,360BB,イオン,春日井店,
Suica,C7,36155,セブン‐イレブン,大森駅北口店,
Suica,C7,36156,セブン‐イレブン,大森駅北口店,
Suica,C7,36157,セブン‐イレブン,大森駅北口店,
Suica,C7,362DE,リンガーハット,イオンモール東浦店,
Suica,C7,36306,パルメナーラ,イオンモール東浦店,
Suica,C7,366BF,セブン‐イレブン,鶴見駅東口中央通り店,
Suica,C7,366C0,セブン‐イレブン,鶴見駅東口中央通り店,
Suica,C7,366C1,セブン‐イレブン,鶴見駅東口中央通り店,
Suica,C7,3680C,セブン‐イレブン,横須賀内川新田店,
Suica,C7,3680D,セブン‐イレブン,横須賀内川新田店,
Suica,C7,368E3,セブン‐イレブン,大森本町2丁目店,
Suica,C7,368E4,セブン‐イレブン,大森本町2丁目店,
Suica,C7,36996,セブン‐イレブン,羽田空港T1出発ゲート店,
Suica,C7,36997,セブン‐イレブン,羽田空港T1出発ゲート店,
Suica,C7,369C7,セブン‐イレブン,横浜尾上町2丁目店,
Suica,C7,369C8,セブン‐イレブン,横浜尾上町2丁目店,
Suica,C7,369C9,セブン‐イレブン,横浜尾上町2丁目店,
Suica,C7,36BE0,セブン‐イレブン,Luz大森店,
Suica,C7,36BE1,セブン‐イレブン,Luz大森店,
Suica,C7,36BE2,セブン‐イレブン,Luz大森店,
Suica,C7,37318,セブン‐イレブン,いわき泉薬師前店,
Suica,C7,379CA,マックスバリュ,小坂店,
Suica,C7,37F75,吉野家,明大前店,
Suica,C7,37F99,イオン,浜松西店,
Suica,C7,38C96,マックスバリュ,山形駅西口店,
Suica,C7,38C97,マックスバリュ,山形駅西口店,
Suica,C7,38C99,マックスバリュ,山形駅西口店,
Suica,C7,38C9C,マックスバリュ,山形駅西口店,
Suica,C7,392F0,イオン,白子店,
Suica,C7,3938B,#ラップドクレープ#コロット,JR東京駅八重洲口店,
Suica,C7,393D3,NHKキャラクターショップ,八重洲店,
Suica,C7,39E1B,築地銀だこ,イオンいわき店,
Suica,C7,3A114,イオン,市川妙典店,
Suica,C7,3A414,イオン,茅ヶ崎中央店,
Suica,C7,3ACAC,モスバーガー,大崎店,
Suica,C7,3AEC9,日本交通,千住営業所,
Suica,C7,3C130,ミスタードーナツ,##イオン横須賀久里浜#ショップ,
Suica,C7,3C96E,クア・アイナ,越谷レイクタウン店,
Suica,C7,3E0F8,セブン‐イレブン,千代田一番町店,
Suica,C7,3F4F8,マックスバリュ,浜松助信店,
Suica,C7,3F708,イオン,新潟東店,
Suica,C7,3F709,イオン,新潟東店,
Suica,C7,3F70A,イオン,新潟東店,
Suica,C7,3F70B,イオン,新潟東店,
Suica,C7,403D2,JR東日本クロスステーション フーズカンパニー,東京弁当営業支店,
Suica,C7,403F8,駅弁屋,品川店,
Suica,C7,40420,駅弁屋,東京22号売店,
Suica,C7,4047B,駅弁屋,大宮新幹線ホーム北店,
Suica,C7,4047F,駅弁屋,大宮新幹線ホーム北店,
Suica,C7,407D1,Looking Glass Gifts,,
Suica,C7,40B13,ANA FESTA,高松ゲート店,
Suica,C7,41283,マクドナルド,川越U_PLACE店,
Suica,C7,4BCDA,セブン‐イレブン,鹿沼奈佐原店,
Suica,C7,4BCDB,セブン‐イレブン,鹿沼奈佐原店,
Suica,C7,4C52A,セブン‐イレブン,滝根神俣店,
Suica,C7,4EBA3,ガスト,銀座インズ,
Suica,C7,4EBD8,ガスト,鴨居店,
Suica,C7,4EC4D,バーミヤン,神宮前店,
Suica,C7,4ECCB,ガスト,明大前北口店,
Suica,C7,4ED4F,バーミヤン,藤沢駅南店,
Suica,C7,4ED6C,ガスト,中野駅南口店,
Suica,C7,4EDD0,ガスト,東所沢駅前店,
Suica,C7,4EDF4,ガスト,亀田店,
Suica,C7,4EE60,バーミヤン,東所沢店,
Suica,C7,4EE67,ガスト,新潟上王瀬店,
Suica,C7,4EE9C,ガスト,新潟八千代店,
Suica,C7,4EEE7,ガスト,新潟山田店,
Suica,C7,4EF35,ガスト,新潟五十嵐店,
Suica,C7,4EF49,バーミヤン,鴨居店,
Suica,C7,4EF71,夢庵,小田原駅前店,
Suica,C7,4EFC2,ガスト,新潟関屋店,
Suica,C7,4EFDD,ガスト,新潟紫竹山店,
Suica,C7,4F097,バーミヤン,茅ヶ崎駅前,
Suica,C7,4F0C5,夢庵,横浜片倉店,
Suica,C7,4F13E,#から揚げ専門#から好し,門前仲町店,
Suica,C7,4F154,ガスト,藤沢駅北口店,
Suica,C7,4F16B,ガスト,平塚駅前店,
Suica,C7,4F267,ジョナサン,台場デックス東京ビーチ店,
Suica,C7,4F282,ジョナサン,豊洲店,
Suica,C7,4F352,しゃぶ葉,新横浜店,
Suica,C7,5160E,デイリーヤマザキ,秋田南バイパス店,
Suica,C7,52970,セイコーマート,まちだ店,
Suica,C7,53F79,セブン‐イレブン,鴻巣南1丁目店,
Suica,C7,545C7,イトーヨーカドー,武蔵境店,
Suica,C7,5478A,イトーヨーカドー,能見台店,
Suica,C7,54825,イトーヨーカドー,立場店,
Suica,C7,54864,イトーヨーカドー,国領店,
Suica,C7,5513D,リンガーハット,千葉海浜幕張店,
Suica,C7,56807,金のとりから,渋谷センター街店,
Suica,C7,56E50,イトーヨーカドー,大船店,
Suica,C7,56E51,セブン‐イレブン,アリコベール上尾店,
Suica,C7,587C8,一越観光,世田谷営業所,
Suica,C7,59527,ロフト,千葉ロフト店,
Suica,C7,59784,ファミリーマート,サンシャインシティ店,
Suica,C7,5983A,イオン,新潟青山店,
Suica,C7,5983B,イオン,新潟青山店,
Suica,C7,5983C,イオン,新潟青山店,
Suica,C7,5983D,イオン,新潟青山店,
Suica,C7,5983E,イオン,新潟青山店,
Suica,C7,5983F,イオン,新潟青山店,
Suica,C7,59840,イオン,新潟青山店,
Suica,C7,59841,イオン,新潟青山店,
Suica,C7,59842,イオン,新潟青山店,
Suica,C7,59843,イオン,新潟青山店,
Suica,C7,59844,イオン,新潟青山店,
Suica,C7,59845,イオン,新潟青山店,
Suica,C7,59B2D,セブン‐イレブン,世界貿易センタービル南館店,
Suica,C7,59B57,佐渡のすし弁慶,イオン新潟青山店,
Suica,C7,59E4C,マクドナルド,イオン気仙沼店,
Suica,C7,59E4D,マクドナルド,イオン気仙沼店,
Suica,C7,59E4E,マクドナルド,イオン気仙沼店,
Suica,C7,5A04E,セブン‐イレブン,ホテルメトロポリタン秋田店,
Suica,C7,5A050,セブン‐イレブン,ホテルメトロポリタン秋田店,
Suica,C7,5A051,セブン‐イレブン,ホテルメトロポリタン秋田店,
Suica,C7,5A26C,ANA FESTA,羽田61番ゲート店,
Suica,C7,5A274,ANA FESTA,53番ゲートギフトショップ,
Suica,C7,5A3B5,ANA FESTA,成田1ビル国内ゲート店,
Suica,C7,5A43C,イトーヨーカドー,若葉台店,
Suica,C7,5A555,イオン,東久留米店,
Suica,C7,5A558,イオン,東久留米店,
Suica,C7,5A571,イオンリカー,千歳船橋店,
Suica,C7,5AAED,セブン‐イレブン,山形七日町2丁目店,
Suica,C7,5AD37,miniピアゴ,九段南4丁目店,
Suica,C7,5AEE4,ファミリーマート,大宮吉敷町店,
Suica,C7,5AEE5,ファミリーマート,大宮吉敷町店,
Suica,C7,5B293,セブン‐イレブン,三条西裏館店,
Suica,C7,5B7C1,明治パーラー,,
Suica,C7,5B9F2,セブン‐イレブン,秋田土崎港店,
Suica,C7,5B9F3,セブン‐イレブン,秋田土崎港店,
Suica,C7,5BAA2,セブン‐イレブン,新潟競馬場インター南店,
Suica,C7,5BAA3,セブン‐イレブン,新潟競馬場インター南店,
Suica,C7,5BAA4,セブン‐イレブン,新潟競馬場インター南店,
Suica,C7,5BD3B,ハンズ,ららぽーと横浜店,
Suica,C7,5BF5D,セブン‐イレブン,山田町中央店,
Suica,C7,5BF5E,セブン‐イレブン,山田町中央店,
Suica,C7,5BFBE,セブン‐イレブン,DR山形ダイワロイネットホテル店,
Suica,C7,5BFBF,セブン‐イレブン,DR山形ダイワロイネットホテル店,
Suica,C7,5C0BE,Boulangerie NOLAN,トレアージュ白旗店,
Suica,C7,5C188,セブン‐イレブン,藤沢駅北口店,
Suica,C7,5C189,セブン‐イレブン,藤沢駅北口店,
Suica,C7,5C1A0,セブン‐イレブン,気仙沼潮見町店,
Suica,C7,5C1A1,セブン‐イレブン,気仙沼潮見町店,
Suica,C7,5C1C2,セブン‐イレブン,立川北駅改札前店,
Suica,C7,5C1F5,ファミリーマート,野田宮崎店,
Suica,C7,5C1F6,ファミリーマート,野田宮崎店,
Suica,C7,5C254,セブン‐イレブン,渋谷円山町店,
Suica,C7,5C2A8,セブン‐イレブン,秋葉原電気街口店,
Suica,C7,5C2D0,セブン‐イレブン,塩沢石打SA下り店,
Suica,C7,5C4D3,セブン‐イレブン,会津大町1丁目店,
Suica,C7,5C4D4,セブン‐イレブン,会津大町1丁目店,
Suica,C7,5C51D,セブン‐イレブン,葛飾金町駅南口店,
Suica,C7,5C541,セブン‐イレブン,由利本荘井戸尻店,
Suica,C7,5C54D,セブン‐イレブン,AIMスフィアタワー天王洲店,
Suica,C7,5C7A0,セブン‐イレブン,盛岡駅前通店,
Suica,C7,5C7A1,セブン‐イレブン,盛岡駅前通店,
Suica,C7,5C7A2,セブン‐イレブン,盛岡駅前通店,
Suica,C7,5C7AE,ファミリーマート,大仙幸町店,
Suica,C7,5CC7E,セブン‐イレブン,上田下之郷店,
Suica,C7,5CC7F,セブン‐イレブン,上田下之郷店,
Suica,C7,5CC92,セブン‐イレブン,川西町西大塚店,
Suica,C7,5CC93,セブン‐イレブン,川西町西大塚店,
Suica,C7,5CCB8,ファミリーマート,M・Y堀ノ内駅前店,
Suica,C7,5CCB9,ファミリーマート,M・Y堀ノ内駅前店,
Suica,C7,5CCDD,ファミリーマート,弘前アプリーズ店,
Suica,C7,5CE5C,ファミリーマート,渋谷フィンガーアベニュー店,
Suica,C7,5CE69,セブン‐イレブン,伊奈羽貫駅前店,
Suica,C7,5CE6A,セブン‐イレブン,伊奈羽貫駅前店,
Suica,C7,5CE74,セブン‐イレブン,大船渡野々田店,
Suica,C7,5CE75,セブン‐イレブン,大船渡野々田店,
Suica,C7,5D007,セブン‐イレブン,常盤橋タワーB1F店,
Suica,C7,5D034,セブン‐イレブン,土浦真鍋店,
Suica,C7,5D035,セブン‐イレブン,土浦真鍋店,
Suica,C7,5D03E,セブン‐イレブン,渋谷神泉町店,
Suica,C7,5D072,セブン‐イレブン,ラビスタ東京ベイ店,
Suica,C7,5D073,セブン‐イレブン,ラビスタ東京ベイ店,
Suica,C7,5D074,セブン‐イレブン,ラビスタ東京ベイ店,
Suica,C7,5D157,ドトールコーヒーショップ,地下鉄関内駅店,
Suica,C7,5D269,セブン‐イレブン,青森新町2丁目店,
Suica,C7,5D26A,セブン‐イレブン,青森新町2丁目店,
Suica,C7,5D2C1,ファミリーマート,新宿歌舞伎町一番街店,
Suica,C7,5D3A5,セブン‐イレブン,新潟白山浦2丁目店,
Suica,C7,5D3A6,セブン‐イレブン,新潟白山浦2丁目店,
Suica,C7,5D3FD,セブン‐イレブン,大積PA上り店,
Suica,C7,5D62D,セブン‐イレブン,陸前高田竹駒町店,
Suica,C7,5D62E,セブン‐イレブン,陸前高田竹駒町店,
Suica,C7,5D66A,セブン‐イレブン,八戸ゆりの木通り店,
Suica,C7,5D66B,セブン‐イレブン,八戸ゆりの木通り店,
Suica,C7,5D744,ファミリーマート,中野駅南店,
Suica,C7,5D809,マクドナルド,105本荘店,
Suica,C7,5D84B,ファミリーマート,秋田能代大瀬店,
Suica,C7,5D84C,ファミリーマート,秋田能代大瀬店,
Suica,C7,5D870,ファミリーマート,古川大江向店,
Suica,C7,5D871,ファミリーマート,古川大江向店,
Suica,C7,5D935,ロフト,千葉ロフト店,
Suica,C7,5DE22,ファミリーマート,野田警察署前店,
Suica,C7,5DE23,ファミリーマート,野田警察署前店,
Suica,C7,5DEB3,ファミリーマート,南新宿駅前店,
Suica,C7,5DF1B,セブン‐イレブン,陸前高田高田高校前店,
Suica,C7,5DF1C,セブン‐イレブン,陸前高田高田高校前店,
Suica,C7,5DF38,セブン‐イレブン,世田谷祖師谷1丁目店,
Suica,C7,5E1B7,セブン‐イレブン,村山楯岡新町店,
Suica,C7,5E1B8,セブン‐イレブン,村山楯岡新町店,
Suica,C7,5E208,ファミリーマート,上田塩田店,
Suica,C7,5E209,ファミリーマート,上田塩田店,
Suica,C7,5E2A4,ファミリーマート,桶川駅西口店,
Suica,C7,5E2A5,ファミリーマート,桶川駅西口店,
Suica,C7,5E360,ファミリーマート,宇都宮駅東口店,
Suica,C7,5E361,ファミリーマート,宇都宮駅東口店,
Suica,C7,5E362,ファミリーマート,宇都宮駅東口店,
Suica,C7,5E377,スターバックスコーヒー,東京ミッドタウン八重洲店,
Suica,C7,5E56D,マクドナルド,イオン天王町ショッピングセンター店,
Suica,C7,5E854,ファミリーマート,九段会館テラス店,
Suica,C7,5E855,ファミリーマート,九段会館テラス店,
Suica,C7,5E856,ファミリーマート,九段会館テラス店,
Suica,C7,5E900,セブン‐イレブン,東京ミッドタウン八重洲店,
Suica,C7,5E901,セブン‐イレブン,東京ミッドタウン八重洲店,
Suica,C7,5E902,セブン‐イレブン,東京ミッドタウン八重洲店,
Suica,C7,5EAAE,セブン‐イレブン,気仙沼南町店,
Suica,C7,5EAAF,セブン‐イレブン,気仙沼南町店,
Suica,C7,5EC05,ファミリーマート,宇都宮駅前店,
Suica,C7,5EC06,ファミリーマート,宇都宮駅前店,
Suica,C7,5F1CF,セブン‐イレブン,ヴィアイン赤坂店,
Suica,C7,5F429,イトーヨーカドー,松戸店,
Suica,C7,5F42A,ヤマザキショップ,うちやま酒店,
Suica,C7,5F628,ファミリーマート,喜多方稲荷橋通り店,
Suica,C7,5F629,ファミリーマート,喜多方稲荷橋通り店,
Suica,C7,5F658,ファミリーマート,専大通り店,
Suica,C7,5F659,ファミリーマート,専大通り店,
Suica,C7,5F8E5,ツルハドラッグ,富田店,
Suica,C7,5F976,ツルハドラッグ,水戸赤塚店,
Suica,C7,5F977,ツルハドラッグ,水戸赤塚店,
Suica,C7,5F9F1,ツルハドラッグ,甲府朝気店,
Suica,C7,5FA3E,ツルハドラッグ,南陽三間通店,
Suica,C7,5FB7D,ツルハドラッグ,イーアスつくば店,
Suica,C7,5FC19,ツルハドラッグ,石巻中里店,
Suica,C7,5FC72,ツルハドラッグ,神田神保町店,
Suica,C7,5FC95,ツルハドラッグ,横手寿町店,
Suica,C7,5FD43,ツルハドラッグ,岩沼中央店,
Suica,C7,5FE32,ツルハドラッグ,淵野辺駅前店,
Suica,C7,6001C,くすりの福太郎,市ヶ谷店,
Suica,C7,60074,MOVIX,つくば,
Suica,C7,600BA,同仁会,3階売店,
Suica,C7,601D6,新宿ピカデリー,,
Suica,C7,601D8,新宿ピカデリー,,
Suica,C7,60346,ツルハドラッグ,上水戸店,
Suica,C7,60347,ツルハドラッグ,上水戸店,
Suica,C7,60BF9,MIHAMA亭,,
Suica,C7,610C5,サンマルクカフェ,ららぽーと新三郷店,
Suica,C7,6112B,ファーストキッチン,豊洲センタービル店,
Suica,C7,6116B,西池薬局,,
Suica,C7,61678,ニューヤマザキデイリーストア,元町中華街駅店,
Suica,C7,61E06,アピタ,足利店,
Suica,C7,61E07,アピタ,足利店,
Suica,C7,61E08,アピタ,足利店,
Suica,C7,61E09,アピタ,足利店,
Suica,C7,61E0A,アピタ,足利店,
Suica,C7,622D8,セブン‐イレブン,墨田両国4丁目店,
Suica,C7,622D9,セブン‐イレブン,墨田両国4丁目店,
Suica,C7,6233B,ファミリーマート,上田三好町店,
Suica,C7,6233C,ファミリーマート,上田三好町店,
Suica,C7,62342,ファミリーマート,山形霞城セントラル店,
Suica,C7,62343,ファミリーマート,山形霞城セントラル店,
Suica,C7,62435,ANA SKY SHOP,国内線機内販売,
Suica,C7,62443,ANA SKY SHOP,国内線機内販売,
Suica,C7,62451,ANA SKY SHOP,国内線機内販売,
Suica,C7,62452,ANA SKY SHOP,国内線機内販売,
Suica,C7,6245E,ANA SKY SHOP,国内線機内販売,
Suica,C7,62474,ANA SKY SHOP,国内線機内販売,
Suica,C7,624C0,ANA SKY SHOP,国内線機内販売,
Suica,C7,62500,ANA SKY SHOP,国内線機内販売,
Suica,C7,62501,ANA SKY SHOP,国内線機内販売,
Suica,C7,62502,ANA SKY SHOP,国内線機内販売,
Suica,C7,62503,ANA SKY SHOP,国内線機内販売,
Suica,C7,62504,ANA SKY SHOP,国内線機内販売,
Suica,C7,62505,ANA SKY SHOP,国内線機内販売,
Suica,C7,62506,ANA SKY SHOP,国内線機内販売,
Suica,C7,62507,ANA SKY SHOP,国内線機内販売,
Suica,C7,62508,ANA SKY SHOP,国内線機内販売,
Suica,C7,62509,ANA SKY SHOP,国内線機内販売,
Suica,C7,6250A,ANA SKY SHOP,国内線機内販売,
Suica,C7,6250B,ANA SKY SHOP,国内線機内販売,
Suica,C7,6250C,ANA SKY SHOP,国内線機内販売,
Suica,C7,6250D,ANA SKY SHOP,国内線機内販売,
Suica,C7,6250E,ANA SKY SHOP,国内線機内販売,
Suica,C7,6250F,ANA SKY SHOP,国内線機内販売,
Suica,C7,62510,ANA SKY SHOP,国内線機内販売,
Suica,C7,62511,ANA SKY SHOP,国内線機内販売,
Suica,C7,62512,ANA SKY SHOP,国内線機内販売,
Suica,C7,62513,ANA SKY SHOP,国内線機内販売,
Suica,C7,62514,ANA SKY SHOP,国内線機内販売,
Suica,C7,62515,ANA SKY SHOP,国内線機内販売,
Suica,C7,62516,ANA SKY SHOP,国内線機内販売,
Suica,C7,62517,ANA SKY SHOP,国内線機内販売,
Suica,C7,62518,ANA SKY SHOP,国内線機内販売,
Suica,C7,62519,ANA SKY SHOP,国内線機内販売,
Suica,C7,6251A,ANA SKY SHOP,国内線機内販売,
Suica,C7,6251B,ANA SKY SHOP,国内線機内販売,
Suica,C7,6251C,ANA SKY SHOP,国内線機内販売,
Suica,C7,6251D,ANA SKY SHOP,国内線機内販売,
Suica,C7,6251E,ANA SKY SHOP,国内線機内販売,
Suica,C7,6251F,ANA SKY SHOP,国内線機内販売,
Suica,C7,62520,ANA SKY SHOP,国内線機内販売,
Suica,C7,62521,ANA SKY SHOP,国内線機内販売,
Suica,C7,62522,ANA SKY SHOP,国内線機内販売,
Suica,C7,62523,ANA SKY SHOP,国内線機内販売,
Suica,C7,62524,ANA SKY SHOP,国内線機内販売,
Suica,C7,62525,ANA SKY SHOP,国内線機内販売,
Suica,C7,62526,ANA SKY SHOP,国内線機内販売,
Suica,C7,62527,ANA SKY SHOP,国内線機内販売,
Suica,C7,62528,ANA SKY SHOP,国内線機内販売,
Suica,C7,62529,ANA SKY SHOP,国内線機内販売,
Suica,C7,6252A,ANA SKY SHOP,国内線機内販売,
Suica,C7,6252B,ANA SKY SHOP,国内線機内販売,
Suica,C7,6252C,ANA SKY SHOP,国内線機内販売,
Suica,C7,6252D,ANA SKY SHOP,国内線機内販売,
Suica,C7,6252E,ANA SKY SHOP,国内線機内販売,
Suica,C7,6252F,ANA SKY SHOP,国内線機内販売,
Suica,C7,62530,ANA SKY SHOP,国内線機内販売,
Suica,C7,62531,ANA SKY SHOP,国内線機内販売,
Suica,C7,62532,ANA SKY SHOP,国内線機内販売,
Suica,C7,62533,ANA SKY SHOP,国内線機内販売,
Suica,C7,62534,ANA SKY SHOP,国内線機内販売,
Suica,C7,62535,ANA SKY SHOP,国内線機内販売,
Suica,C7,62536,ANA SKY SHOP,国内線機内販売,
Suica,C7,62537,ANA SKY SHOP,国内線機内販売,
Suica,C7,62538,ANA SKY SHOP,国内線機内販売,
Suica,C7,62539,ANA SKY SHOP,国内線機内販売,
Suica,C7,6253A,ANA SKY SHOP,国内線機内販売,
Suica,C7,6253B,ANA SKY SHOP,国内線機内販売,
Suica,C7,6253C,ANA SKY SHOP,国内線機内販売,
Suica,C7,6253D,ANA SKY SHOP,国内線機内販売,
Suica,C7,6253E,ANA SKY SHOP,国内線機内販売,
Suica,C7,6253F,ANA SKY SHOP,国内線機内販売,
Suica,C7,62540,ANA SKY SHOP,国内線機内販売,
Suica,C7,62541,ANA SKY SHOP,国内線機内販売,
Suica,C7,62542,ANA SKY SHOP,国内線機内販売,
Suica,C7,62543,ANA SKY SHOP,国内線機内販売,
Suica,C7,62544,ANA SKY SHOP,国内線機内販売,
Suica,C7,62545,ANA SKY SHOP,国内線機内販売,
Suica,C7,62546,ANA SKY SHOP,国内線機内販売,
Suica,C7,62547,ANA SKY SHOP,国内線機内販売,
Suica,C7,62548,ANA SKY SHOP,国内線機内販売,
Suica,C7,62549,ANA SKY SHOP,国内線機内販売,
Suica,C7,6254A,ANA SKY SHOP,国内線機内販売,
Suica,C7,6254B,ANA SKY SHOP,国内線機内販売,
Suica,C7,6254C,ANA SKY SHOP,国内線機内販売,
Suica,C7,6254D,ANA SKY SHOP,国内線機内販売,
Suica,C7,6254E,ANA SKY SHOP,国内線機内販売,
Suica,C7,6254F,ANA SKY SHOP,国内線機内販売,
Suica,C7,62550,ANA SKY SHOP,国内線機内販売,
Suica,C7,62551,ANA SKY SHOP,国内線機内販売,
Suica,C7,62552,ANA SKY SHOP,国内線機内販売,
Suica,C7,62553,ANA SKY SHOP,国内線機内販売,
Suica,C7,62554,ANA SKY SHOP,国内線機内販売,
Suica,C7,62555,ANA SKY SHOP,国内線機内販売,
Suica,C7,62556,ANA SKY SHOP,国内線機内販売,
Suica,C7,62557,ANA SKY SHOP,国内線機内販売,
Suica,C7,62558,ANA SKY SHOP,国内線機内販売,
Suica,C7,62559,ANA SKY SHOP,国内線機内販売,
Suica,C7,6255A,ANA SKY SHOP,国内線機内販売,
Suica,C7,6255B,ANA SKY SHOP,国内線機内販売,
Suica,C7,6255C,ANA SKY SHOP,国内線機内販売,
Suica,C7,6255D,ANA SKY SHOP,国内線機内販売,
Suica,C7,6255E,ANA SKY SHOP,国内線機内販売,
Suica,C7,6255F,ANA SKY SHOP,国内線機内販売,
Suica,C7,62560,ANA SKY SHOP,国内線機内販売,
Suica,C7,62561,ANA SKY SHOP,国内線機内販売,
Suica,C7,62562,ANA SKY SHOP,国内線機内販売,
Suica,C7,62563,ANA SKY SHOP,国内線機内販売,
Suica,C7,62564,ANA SKY SHOP,国内線機内販売,
Suica,C7,62565,ANA SKY SHOP,国内線機内販売,
Suica,C7,62566,ANA SKY SHOP,国内線機内販売,
Suica,C7,62567,ANA SKY SHOP,国内線機内販売,
Suica,C7,62568,ANA SKY SHOP,国内線機内販売,
Suica,C7,62569,ANA SKY SHOP,国内線機内販売,
Suica,C7,6256A,ANA SKY SHOP,国内線機内販売,
Suica,C7,6256B,ANA SKY SHOP,国内線機内販売,
Suica,C7,6256C,ANA SKY SHOP,国内線機内販売,
Suica,C7,6256D,ANA SKY SHOP,国内線機内販売,
Suica,C7,6256E,ANA SKY SHOP,国内線機内販売,
Suica,C7,6256F,ANA SKY SHOP,国内線機内販売,
Suica,C7,62570,ANA SKY SHOP,国内線機内販売,
Suica,C7,62571,ANA SKY SHOP,国内線機内販売,
Suica,C7,62572,ANA SKY SHOP,国内線機内販売,
Suica,C7,62573,ANA SKY SHOP,国内線機内販売,
Suica,C7,62574,ANA SKY SHOP,国内線機内販売,
Suica,C7,62575,ANA SKY SHOP,国内線機内販売,
Suica,C7,62576,ANA SKY SHOP,国内線機内販売,
Suica,C7,62577,ANA SKY SHOP,国内線機内販売,
Suica,C7,62578,ANA SKY SHOP,国内線機内販売,
Suica,C7,62579,ANA SKY SHOP,国内線機内販売,
Suica,C7,6257A,ANA SKY SHOP,国内線機内販売,
Suica,C7,6257B,ANA SKY SHOP,国内線機内販売,
Suica,C7,6257C,ANA SKY SHOP,国内線機内販売,
Suica,C7,6257D,ANA SKY SHOP,国内線機内販売,
Suica,C7,6257E,ANA SKY SHOP,国内線機内販売,
Suica,C7,6257F,ANA SKY SHOP,国内線機内販売,
Suica,C7,62580,ANA SKY SHOP,国内線機内販売,
Suica,C7,62581,ANA SKY SHOP,国内線機内販売,
Suica,C7,62582,ANA SKY SHOP,国内線機内販売,
Suica,C7,62583,ANA SKY SHOP,国内線機内販売,
Suica,C7,62584,ANA SKY SHOP,国内線機内販売,
Suica,C7,62585,ANA SKY SHOP,国内線機内販売,
Suica,C7,62586,ANA SKY SHOP,国内線機内販売,
Suica,C7,62587,ANA SKY SHOP,国内線機内販売,
Suica,C7,62588,ANA SKY SHOP,国内線機内販売,
Suica,C7,62589,ANA SKY SHOP,国内線機内販売,
Suica,C7,6258A,ANA SKY SHOP,国内線機内販売,
Suica,C7,6258B,ANA SKY SHOP,国内線機内販売,
Suica,C7,6258C,ANA SKY SHOP,国内線機内販売,
Suica,C7,6258D,ANA SKY SHOP,国内線機内販売,
Suica,C7,6258E,ANA SKY SHOP,国内線機内販売,
Suica,C7,6258F,ANA SKY SHOP,国内線機内販売,
Suica,C7,62590,ANA SKY SHOP,国内線機内販売,
Suica,C7,62591,ANA SKY SHOP,国内線機内販売,
Suica,C7,62592,ANA SKY SHOP,国内線機内販売,
Suica,C7,62593,ANA SKY SHOP,国内線機内販売,
Suica,C7,62594,ANA SKY SHOP,国内線機内販売,
Suica,C7,62595,ANA SKY SHOP,国内線機内販売,
Suica,C7,62596,ANA SKY SHOP,国内線機内販売,
Suica,C7,62597,ANA SKY SHOP,国内線機内販売,
Suica,C7,62598,ANA SKY SHOP,国内線機内販売,
Suica,C7,62599,ANA SKY SHOP,国内線機内販売,
Suica,C7,6259A,ANA SKY SHOP,国内線機内販売,
Suica,C7,6259B,ANA SKY SHOP,国内線機内販売,
Suica,C7,6259C,ANA SKY SHOP,国内線機内販売,
Suica,C7,6259D,ANA SKY SHOP,国内線機内販売,
Suica,C7,6259E,ANA SKY SHOP,国内線機内販売,
Suica,C7,6259F,ANA SKY SHOP,国内線機内販売,
Suica,C7,625A0,ANA SKY SHOP,国内線機内販売,
Suica,C7,625A1,ANA SKY SHOP,国内線機内販売,
Suica,C7,625A2,ANA SKY SHOP,国内線機内販売,
Suica,C7,625A3,ANA SKY SHOP,国内線機内販売,
Suica,C7,625A4,ANA SKY SHOP,国内線機内販売,
Suica,C7,625A5,ANA SKY SHOP,国内線機内販売,
Suica,C7,625A6,ANA SKY SHOP,国内線機内販売,
Suica,C7,625A7,ANA SKY SHOP,国内線機内販売,
Suica,C7,625A8,ANA SKY SHOP,国内線機内販売,
Suica,C7,625A9,ANA SKY SHOP,国内線機内販売,
Suica,C7,625AA,ANA SKY SHOP,国内線機内販売,
Suica,C7,625AB,ANA SKY SHOP,国内線機内販売,
Suica,C7,625AC,ANA SKY SHOP,国内線機内販売,
Suica,C7,625AD,ANA SKY SHOP,国内線機内販売,
Suica,C7,625AE,ANA SKY SHOP,国内線機内販売,
Suica,C7,625AF,ANA SKY SHOP,国内線機内販売,
Suica,C7,625B0,ANA SKY SHOP,国内線機内販売,
Suica,C7,625B1,ANA SKY SHOP,国内線機内販売,
Suica,C7,625B2,ANA SKY SHOP,国内線機内販売,
Suica,C7,625B3,ANA SKY SHOP,国内線機内販売,
Suica,C7,625B4,ANA SKY SHOP,国内線機内販売,
Suica,C7,625B5,ANA SKY SHOP,国内線機内販売,
Suica,C7,625B6,ANA SKY SHOP,国内線機内販売,
Suica,C7,625B7,ANA SKY SHOP,国内線機内販売,
Suica,C7,625B8,ANA SKY SHOP,国内線機内販売,
Suica,C7,625B9,ANA SKY SHOP,国内線機内販売,
Suica,C7,625BA,ANA SKY SHOP,国内線機内販売,
Suica,C7,625BB,ANA SKY SHOP,国内線機内販売,
Suica,C7,625BC,ANA SKY SHOP,国内線機内販売,
Suica,C7,625BD,ANA SKY SHOP,国内線機内販売,
Suica,C7,625BE,ANA SKY SHOP,国内線機内販売,
Suica,C7,625BF,ANA SKY SHOP,国内線機内販売,
Suica,C7,625C0,ANA SKY SHOP,国内線機内販売,
Suica,C7,625C1,ANA SKY SHOP,国内線機内販売,
Suica,C7,625C2,ANA SKY SHOP,国内線機内販売,
Suica,C7,625C3,ANA SKY SHOP,国内線機内販売,
Suica,C7,625C4,ANA SKY SHOP,国内線機内販売,
Suica,C7,625C5,ANA SKY SHOP,国内線機内販売,
Suica,C7,625C6,ANA SKY SHOP,国内線機内販売,
Suica,C7,625C7,ANA SKY SHOP,国内線機内販売,
Suica,C7,625C8,ANA SKY SHOP,国内線機内販売,
Suica,C7,625C9,ANA SKY SHOP,国内線機内販売,
Suica,C7,625CA,ANA SKY SHOP,国内線機内販売,
Suica,C7,625CB,ANA SKY SHOP,国内線機内販売,
Suica,C7,625CC,ANA SKY SHOP,国内線機内販売,
Suica,C7,625CD,ANA SKY SHOP,国内線機内販売,
Suica,C7,625CE,ANA SKY SHOP,国内線機内販売,
Suica,C7,625CF,ANA SKY SHOP,国内線機内販売,
Suica,C7,625D0,ANA SKY SHOP,国内線機内販売,
Suica,C7,625D1,ANA SKY SHOP,国内線機内販売,
Suica,C7,625D2,ANA SKY SHOP,国内線機内販売,
Suica,C7,625D3,ANA SKY SHOP,国内線機内販売,
Suica,C7,625D4,ANA SKY SHOP,国内線機内販売,
Suica,C7,625D5,ANA SKY SHOP,国内線機内販売,
Suica,C7,625D6,ANA SKY SHOP,国内線機内販売,
Suica,C7,625D7,ANA SKY SHOP,国内線機内販売,
Suica,C7,625D8,ANA SKY SHOP,国内線機内販売,
Suica,C7,625D9,ANA SKY SHOP,国内線機内販売,
Suica,C7,625DA,ANA SKY SHOP,国内線機内販売,
Suica,C7,625DB,ANA SKY SHOP,国内線機内販売,
Suica,C7,625DC,ANA SKY SHOP,国内線機内販売,
Suica,C7,625DD,ANA SKY SHOP,国内線機内販売,
Suica,C7,625DE,ANA SKY SHOP,国内線機内販売,
Suica,C7,625DF,ANA SKY SHOP,国内線機内販売,
Suica,C7,625E0,ANA SKY SHOP,国内線機内販売,
Suica,C7,625E1,ANA SKY SHOP,国内線機内販売,
Suica,C7,625E2,ANA SKY SHOP,国内線機内販売,
Suica,C7,625E3,ANA SKY SHOP,国内線機内販売,
Suica,C7,625E4,ANA SKY SHOP,国内線機内販売,
Suica,C7,625E5,ANA SKY SHOP,国内線機内販売,
Suica,C7,625E6,ANA SKY SHOP,国内線機内販売,
Suica,C7,625E7,ANA SKY SHOP,国内線機内販売,
Suica,C7,625E8,ANA SKY SHOP,国内線機内販売,
Suica,C7,625E9,ANA SKY SHOP,国内線機内販売,
Suica,C7,625EA,ANA SKY SHOP,国内線機内販売,
Suica,C7,625EB,ANA SKY SHOP,国内線機内販売,
Suica,C7,625EC,ANA SKY SHOP,国内線機内販売,
Suica,C7,625ED,ANA SKY SHOP,国内線機内販売,
Suica,C7,625EE,ANA SKY SHOP,国内線機内販売,
Suica,C7,625EF,ANA SKY SHOP,国内線機内販売,
Suica,C7,625F0,ANA SKY SHOP,国内線機内販売,
Suica,C7,625F1,ANA SKY SHOP,国内線機内販売,
Suica,C7,625F2,ANA SKY SHOP,国内線機内販売,
Suica,C7,625F3,ANA SKY SHOP,国内線機内販売,
Suica,C7,625F4,ANA SKY SHOP,国内線機内販売,
Suica,C7,625F5,ANA SKY SHOP,国内線機内販売,
Suica,C7,625F6,ANA SKY SHOP,国内線機内販売,
Suica,C7,625F7,ANA SKY SHOP,国内線機内販売,
Suica,C7,625F8,ANA SKY SHOP,国内線機内販売,
Suica,C7,625F9,ANA SKY SHOP,国内線機内販売,
Suica,C7,625FA,ANA SKY SHOP,国内線機内販売,
Suica,C7,625FB,ANA SKY SHOP,国内線機内販売,
Suica,C7,625FC,ANA SKY SHOP,国内線機内販売,
Suica,C7,625FD,ANA SKY SHOP,国内線機内販売,
Suica,C7,625FE,ANA SKY SHOP,国内線機内販売,
Suica,C7,625FF,ANA SKY SHOP,国内線機内販売,
Suica,C7,62600,ANA SKY SHOP,国内線機内販売,
Suica,C7,62601,ANA SKY SHOP,国内線機内販売,
Suica,C7,62602,ANA SKY SHOP,国内線機内販売,
Suica,C7,62603,ANA SKY SHOP,国内線機内販売,
Suica,C7,62604,ANA SKY SHOP,国内線機内販売,
Suica,C7,62605,ANA SKY SHOP,国内線機内販売,
Suica,C7,62606,ANA SKY SHOP,国内線機内販売,
Suica,C7,62607,ANA SKY SHOP,国内線機内販売,
Suica,C7,62608,ANA SKY SHOP,国内線機内販売,
Suica,C7,62609,ANA SKY SHOP,国内線機内販売,
Suica,C7,6260A,ANA SKY SHOP,国内線機内販売,
Suica,C7,6260B,ANA SKY SHOP,国内線機内販売,
Suica,C7,6260C,ANA SKY SHOP,国内線機内販売,
Suica,C7,6260D,ANA SKY SHOP,国内線機内販売,
Suica,C7,6260E,ANA SKY SHOP,国内線機内販売,
Suica,C7,6260F,ANA SKY SHOP,国内線機内販売,
Suica,C7,62610,ANA SKY SHOP,国内線機内販売,
Suica,C7,62611,ANA SKY SHOP,国内線機内販売,
Suica,C7,62612,ANA SKY SHOP,国内線機内販売,
Suica,C7,62613,ANA SKY SHOP,国内線機内販売,
Suica,C7,62614,ANA SKY SHOP,国内線機内販売,
Suica,C7,62615,ANA SKY SHOP,国内線機内販売,
Suica,C7,62616,ANA SKY SHOP,国内線機内販売,
Suica,C7,62617,ANA SKY SHOP,国内線機内販売,
Suica,C7,62618,ANA SKY SHOP,国内線機内販売,
Suica,C7,62619,ANA SKY SHOP,国内線機内販売,
Suica,C7,6261A,ANA SKY SHOP,国内線機内販売,
Suica,C7,6261B,ANA SKY SHOP,国内線機内販売,
Suica,C7,6261C,ANA SKY SHOP,国内線機内販売,
Suica,C7,6261D,ANA SKY SHOP,国内線機内販売,
Suica,C7,6261E,ANA SKY SHOP,国内線機内販売,
Suica,C7,6261F,ANA SKY SHOP,国内線機内販売,
Suica,C7,62620,ANA SKY SHOP,国内線機内販売,
Suica,C7,62621,ANA SKY SHOP,国内線機内販売,
Suica,C7,62622,ANA SKY SHOP,国内線機内販売,
Suica,C7,62623,ANA SKY SHOP,国内線機内販売,
Suica,C7,62624,ANA SKY SHOP,国内線機内販売,
Suica,C7,62625,ANA SKY SHOP,国内線機内販売,
Suica,C7,62626,ANA SKY SHOP,国内線機内販売,
Suica,C7,62627,ANA SKY SHOP,国内線機内販売,
Suica,C7,62628,ANA SKY SHOP,国内線機内販売,
Suica,C7,62629,ANA SKY SHOP,国内線機内販売,
Suica,C7,6262A,ANA SKY SHOP,国内線機内販売,
Suica,C7,6262B,ANA SKY SHOP,国内線機内販売,
Suica,C7,6262C,ANA SKY SHOP,国内線機内販売,
Suica,C7,6262D,ANA SKY SHOP,国内線機内販売,
Suica,C7,6262E,ANA SKY SHOP,国内線機内販売,
Suica,C7,6262F,ANA SKY SHOP,国内線機内販売,
Suica,C7,62630,ANA SKY SHOP,国内線機内販売,
Suica,C7,62631,ANA SKY SHOP,国内線機内販売,
Suica,C7,62632,ANA SKY SHOP,国内線機内販売,
Suica,C7,62633,ANA SKY SHOP,国内線機内販売,
Suica,C7,62634,ANA SKY SHOP,国内線機内販売,
Suica,C7,62635,ANA SKY SHOP,国内線機内販売,
Suica,C7,62636,ANA SKY SHOP,国内線機内販売,
Suica,C7,62637,ANA SKY SHOP,国内線機内販売,
Suica,C7,62638,ANA SKY SHOP,国内線機内販売,
Suica,C7,62639,ANA SKY SHOP,国内線機内販売,
Suica,C7,6263A,ANA SKY SHOP,国内線機内販売,
Suica,C7,6263B,ANA SKY SHOP,国内線機内販売,
Suica,C7,6263C,ANA SKY SHOP,国内線機内販売,
Suica,C7,6263D,ANA SKY SHOP,国内線機内販売,
Suica,C7,6263E,ANA SKY SHOP,国内線機内販売,
Suica,C7,6263F,ANA SKY SHOP,国内線機内販売,
Suica,C7,62640,ANA SKY SHOP,国内線機内販売,
Suica,C7,62641,ANA SKY SHOP,国内線機内販売,
Suica,C7,62642,ANA SKY SHOP,国内線機内販売,
Suica,C7,62643,ANA SKY SHOP,国内線機内販売,
Suica,C7,62644,ANA SKY SHOP,国内線機内販売,
Suica,C7,62645,ANA SKY SHOP,国内線機内販売,
Suica,C7,62646,ANA SKY SHOP,国内線機内販売,
Suica,C7,62647,ANA SKY SHOP,国内線機内販売,
Suica,C7,62648,ANA SKY SHOP,国内線機内販売,
Suica,C7,62649,ANA SKY SHOP,国内線機内販売,
Suica,C7,6264A,ANA SKY SHOP,国内線機内販売,
Suica,C7,6264B,ANA SKY SHOP,国内線機内販売,
Suica,C7,6264C,ANA SKY SHOP,国内線機内販売,
Suica,C7,6264D,ANA SKY SHOP,国内線機内販売,
Suica,C7,6264E,ANA SKY SHOP,国内線機内販売,
Suica,C7,6264F,ANA SKY SHOP,国内線機内販売,
Suica,C7,62650,ANA SKY SHOP,国内線機内販売,
Suica,C7,62651,ANA SKY SHOP,国内線機内販売,
Suica,C7,62652,ANA SKY SHOP,国内線機内販売,
Suica,C7,62653,ANA SKY SHOP,国内線機内販売,
Suica,C7,62654,ANA SKY SHOP,国内線機内販売,
Suica,C7,62655,ANA SKY SHOP,国内線機内販売,
Suica,C7,62656,ANA SKY SHOP,国内線機内販売,
Suica,C7,62657,ANA SKY SHOP,国内線機内販売,
Suica,C7,62658,ANA SKY SHOP,国内線機内販売,
Suica,C7,62659,ANA SKY SHOP,国内線機内販売,
Suica,C7,6265A,ANA SKY SHOP,国内線機内販売,
Suica,C7,6265B,ANA SKY SHOP,国内線機内販売,
Suica,C7,6265C,ANA SKY SHOP,国内線機内販売,
Suica,C7,6265D,ANA SKY SHOP,国内線機内販売,
Suica,C7,6265E,ANA SKY SHOP,国内線機内販売,
Suica,C7,6265F,ANA SKY SHOP,国内線機内販売,
Suica,C7,62660,ANA SKY SHOP,国内線機内販売,
Suica,C7,62661,ANA SKY SHOP,国内線機内販売,
Suica,C7,62662,ANA SKY SHOP,国内線機内販売,
Suica,C7,62663,ANA SKY SHOP,国内線機内販売,
Suica,C7,62664,ANA SKY SHOP,国内線機内販売,
Suica,C7,62665,ANA SKY SHOP,国内線機内販売,
Suica,C7,62666,ANA SKY SHOP,国内線機内販売,
Suica,C7,62667,ANA SKY SHOP,国内線機内販売,
Suica,C7,62668,ANA SKY SHOP,国内線機内販売,
Suica,C7,62669,ANA SKY SHOP,国内線機内販売,
Suica,C7,6266A,ANA SKY SHOP,国内線機内販売,
Suica,C7,6266B,ANA SKY SHOP,国内線機内販売,
Suica,C7,6266C,ANA SKY SHOP,国内線機内販売,
Suica,C7,6266D,ANA SKY SHOP,国内線機内販売,
Suica,C7,6266E,ANA SKY SHOP,国内線機内販売,
Suica,C7,6266F,ANA SKY SHOP,国内線機内販売,
Suica,C7,62670,ANA SKY SHOP,国内線機内販売,
Suica,C7,62671,ANA SKY SHOP,国内線機内販売,
Suica,C7,62672,ANA SKY SHOP,国内線機内販売,
Suica,C7,62673,ANA SKY SHOP,国内線機内販売,
Suica,C7,62674,ANA SKY SHOP,国内線機内販売,
Suica,C7,62675,ANA SKY SHOP,国内線機内販売,
Suica,C7,62676,ANA SKY SHOP,国内線機内販売,
Suica,C7,62677,ANA SKY SHOP,国内線機内販売,
Suica,C7,62678,ANA SKY SHOP,国内線機内販売,
Suica,C7,62679,ANA SKY SHOP,国内線機内販売,
Suica,C7,6267A,ANA SKY SHOP,国内線機内販売,
Suica,C7,6267B,ANA SKY SHOP,国内線機内販売,
Suica,C7,6267C,ANA SKY SHOP,国内線機内販売,
Suica,C7,6267D,ANA SKY SHOP,国内線機内販売,
Suica,C7,6267E,ANA SKY SHOP,国内線機内販売,
Suica,C7,6267F,ANA SKY SHOP,国内線機内販売,
Suica,C7,62680,ANA SKY SHOP,国内線機内販売,
Suica,C7,62681,ANA SKY SHOP,国内線機内販売,
Suica,C7,62682,ANA SKY SHOP,国内線機内販売,
Suica,C7,62683,ANA SKY SHOP,国内線機内販売,
Suica,C7,62684,ANA SKY SHOP,国内線機内販売,
Suica,C7,62685,ANA SKY SHOP,国内線機内販売,
Suica,C7,62686,ANA SKY SHOP,国内線機内販売,
Suica,C7,62687,ANA SKY SHOP,国内線機内販売,
Suica,C7,62688,ANA SKY SHOP,国内線機内販売,
Suica,C7,62689,ANA SKY SHOP,国内線機内販売,
Suica,C7,6268A,ANA SKY SHOP,国内線機内販売,
Suica,C7,6268B,ANA SKY SHOP,国内線機内販売,
Suica,C7,6268C,ANA SKY SHOP,国内線機内販売,
Suica,C7,6268D,ANA SKY SHOP,国内線機内販売,
Suica,C7,6268E,ANA SKY SHOP,国内線機内販売,
Suica,C7,6268F,ANA SKY SHOP,国内線機内販売,
Suica,C7,62690,ANA SKY SHOP,国内線機内販売,
Suica,C7,62691,ANA SKY SHOP,国内線機内販売,
Suica,C7,62692,ANA SKY SHOP,国内線機内販売,
Suica,C7,62693,ANA SKY SHOP,国内線機内販売,
Suica,C7,62694,ANA SKY SHOP,国内線機内販売,
Suica,C7,62695,ANA SKY SHOP,国内線機内販売,
Suica,C7,62696,ANA SKY SHOP,国内線機内販売,
Suica,C7,62697,ANA SKY SHOP,国内線機内販売,
Suica,C7,62698,ANA SKY SHOP,国内線機内販売,
Suica,C7,62699,ANA SKY SHOP,国内線機内販売,
Suica,C7,6269A,ANA SKY SHOP,国内線機内販売,
Suica,C7,6269B,ANA SKY SHOP,国内線機内販売,
Suica,C7,6269C,ANA SKY SHOP,国内線機内販売,
Suica,C7,6269D,ANA SKY SHOP,国内線機内販売,
Suica,C7,6269E,ANA SKY SHOP,国内線機内販売,
Suica,C7,6269F,ANA SKY SHOP,国内線機内販売,
Suica,C7,626A0,ANA SKY SHOP,国内線機内販売,
Suica,C7,626A1,ANA SKY SHOP,国内線機内販売,
Suica,C7,626A2,ANA SKY SHOP,国内線機内販売,
Suica,C7,626A3,ANA SKY SHOP,国内線機内販売,
Suica,C7,626A4,ANA SKY SHOP,国内線機内販売,
Suica,C7,626A5,ANA SKY SHOP,国内線機内販売,
Suica,C7,626A6,ANA SKY SHOP,国内線機内販売,
Suica,C7,626A7,ANA SKY SHOP,国内線機内販売,
Suica,C7,626A8,ANA SKY SHOP,国内線機内販売,
Suica,C7,626A9,ANA SKY SHOP,国内線機内販売,
Suica,C7,626AA,ANA SKY SHOP,国内線機内販売,
Suica,C7,626AB,ANA SKY SHOP,国内線機内販売,
Suica,C7,626AC,ANA SKY SHOP,国内線機内販売,
Suica,C7,626AD,ANA SKY SHOP,国内線機内販売,
Suica,C7,626AE,ANA SKY SHOP,国内線機内販売,
Suica,C7,626AF,ANA SKY SHOP,国内線機内販売,
Suica,C7,626B0,ANA SKY SHOP,国内線機内販売,
Suica,C7,626B1,ANA SKY SHOP,国内線機内販売,
Suica,C7,626B2,ANA SKY SHOP,国内線機内販売,
Suica,C7,626B3,ANA SKY SHOP,国内線機内販売,
Suica,C7,626B4,ANA SKY SHOP,国内線機内販売,
Suica,C7,626B5,ANA SKY SHOP,国内線機内販売,
Suica,C7,626B6,ANA SKY SHOP,国内線機内販売,
Suica,C7,626B7,ANA SKY SHOP,国内線機内販売,
Suica,C7,626B8,ANA SKY SHOP,国内線機内販売,
Suica,C7,626B9,ANA SKY SHOP,国内線機内販売,
Suica,C7,626BA,ANA SKY SHOP,国内線機内販売,
Suica,C7,626BB,ANA SKY SHOP,国内線機内販売,
Suica,C7,626BC,ANA SKY SHOP,国内線機内販売,
Suica,C7,626BD,ANA SKY SHOP,国内線機内販売,
Suica,C7,626BE,ANA SKY SHOP,国内線機内販売,
Suica,C7,626BF,ANA SKY SHOP,国内線機内販売,
Suica,C7,626C0,ANA SKY SHOP,国内線機内販売,
Suica,C7,626C1,ANA SKY SHOP,国内線機内販売,
Suica,C7,626C2,ANA SKY SHOP,国内線機内販売,
Suica,C7,626C3,ANA SKY SHOP,国内線機内販売,
Suica,C7,626C4,ANA SKY SHOP,国内線機内販売,
Suica,C7,626C5,ANA SKY SHOP,国内線機内販売,
Suica,C7,626C6,ANA SKY SHOP,国内線機内販売,
Suica,C7,626C7,ANA SKY SHOP,国内線機内販売,
Suica,C7,626C8,ANA SKY SHOP,国内線機内販売,
Suica,C7,626C9,ANA SKY SHOP,国内線機内販売,
Suica,C7,626CA,ANA SKY SHOP,国内線機内販売,
Suica,C7,626CB,ANA SKY SHOP,国内線機内販売,
Suica,C7,626CC,ANA SKY SHOP,国内線機内販売,
Suica,C7,626CD,ANA SKY SHOP,国内線機内販売,
Suica,C7,626CE,ANA SKY SHOP,国内線機内販売,
Suica,C7,626CF,ANA SKY SHOP,国内線機内販売,
Suica,C7,626D0,ANA SKY SHOP,国内線機内販売,
Suica,C7,626D1,ANA SKY SHOP,国内線機内販売,
Suica,C7,626D2,ANA SKY SHOP,国内線機内販売,
Suica,C7,626D3,ANA SKY SHOP,国内線機内販売,
Suica,C7,626D4,ANA SKY SHOP,国内線機内販売,
Suica,C7,626D5,ANA SKY SHOP,国内線機内販売,
Suica,C7,626D6,ANA SKY SHOP,国内線機内販売,
Suica,C7,626D7,ANA SKY SHOP,国内線機内販売,
Suica,C7,626D8,ANA SKY SHOP,国内線機内販売,
Suica,C7,626D9,ANA SKY SHOP,国内線機内販売,
Suica,C7,626DA,ANA SKY SHOP,国内線機内販売,
Suica,C7,626DB,ANA SKY SHOP,国内線機内販売,
Suica,C7,626DC,ANA SKY SHOP,国内線機内販売,
Suica,C7,626DD,ANA SKY SHOP,国内線機内販売,
Suica,C7,626DE,ANA SKY SHOP,国内線機内販売,
Suica,C7,626DF,ANA SKY SHOP,国内線機内販売,
Suica,C7,626E0,ANA SKY SHOP,国内線機内販売,
Suica,C7,626E1,ANA SKY SHOP,国内線機内販売,
Suica,C7,626E2,ANA SKY SHOP,国内線機内販売,
Suica,C7,630E7,とんとん市場,深谷店,
Suica,C7,6330F,セブン‐イレブン,新潟新津本町3丁目店,
Suica,C7,63314,セブン‐イレブン,新潟新津本町3丁目店,
Suica,C7,6331E,セブン‐イレブン,三沢平畑1丁目店,
Suica,C7,6331F,セブン‐イレブン,三沢平畑1丁目店,
Suica,C7,633F2,珈琲館,イーアスつくば店,
Suica,C7,63408,サンマルクカフェ,イーアスつくばSC店,
Suica,C7,6342C,スターバックスコーヒー,イーアスつくば店,
Suica,C7,63431,神戸元町ドリア,イーアスつくば店,
Suica,C7,6343B,おかしのまちおか,イーアスつくば店,
Suica,C7,6344C,ベーカリー&カフェ ブルーノ,イーアスつくば店,
Suica,C7,63458,フロ プレステージュ,つくばイーアス店,
Suica,C7,6346D,ラケル,イーアスつくば店,
Suica,C7,63540,イオンスタイル,多摩平の森,
Suica,C7,63583,イオンスタイル,多摩平の森,
Suica,C7,636A4,ツルハドラッグ,渋谷センター街店,
Suica,C7,637AD,すき家,荻窪駅西口店,
Suica,C7,637B8,すき家,池袋サンシャイン前店,
Suica,C7,637BE,すき家,代々木一丁目店,
Suica,C7,637F1,すき家,新宿御苑前駅店(旧 新宿一丁目店),
Suica,C7,63D95,パティスリーシュシュクリエ,武蔵小杉店,
Suica,C7,648B5,すき家,花小金井駅北口店,
Suica,C7,648B6,すき家,花小金井駅北口店,
Suica,C7,648C4,すき家,溜池山王店,
Suica,C7,648E1,すき家,馬込沢駅前店,
Suica,C7,64952,すき家,幕張本郷店,
Suica,C7,64964,すき家,錦糸公園前店,
Suica,C7,649BD,すき家,木場店,
Suica,C7,64A0E,すき家,大船駅前店,
Suica,C7,64A3F,すき家,木更津店,
Suica,C7,64A8C,すき家,さいたま本郷町店,
Suica,C7,64AEB,すき家,新潟中央店,
Suica,C7,64B59,すき家,上大岡カミオ店,
Suica,C7,64B84,すき家,鶴岡西新斎店,
Suica,C7,64C28,すき家,新潟東店,
Suica,C7,64D02,すき家,新潟河渡店,
Suica,C7,652B6,ファミリーマート,バスターミナル東京八重洲/S店,
Suica,C7,652B7,ファミリーマート,バスターミナル東京八重洲/S店,
Suica,C7,652F4,ヤマザキショップ,八木山あだち店,
Suica,C7,65347,そばえもん,大崎店,
Suica,C7,659BF,モスバーガー,湘南モールフィル店,
Suica,C7,65AEB,すき家,新木場駅南店,
Suica,C7,65B5A,すき家,千歳船橋駅前店,
Suica,C7,65B5E,すき家,二子玉川駅前店,
Suica,C7,65D19,東栄興業,世田谷営業所,
Suica,C7,65E19,ケンタッキーフライドチキン,恵比寿駅前店,
Suica,C7,65E30,ケンタッキーフライドチキン,中野店,
Suica,C7,65E59,ケンタッキーフライドチキン,四谷駅前店,
Suica,C7,65ED0,ケンタッキーフライドチキン,銀座INZ店,
Suica,C7,65ED1,ケンタッキーフライドチキン,銀座INZ店,
Suica,C7,65F3E,ケンタッキーフライドチキン,王子店,
Suica,C7,66093,ケンタッキーフライドチキン,船橋駅前店,
Suica,C7,66109,ロフト,武蔵境ロフト店,
Suica,C7,66277,PRONTO,有楽町電気ビル店,
Suica,C7,662E0,PRONTO,有楽町店,
Suica,C7,6632B,PRONTO,渋谷店,
Suica,C7,66330,PRONTO,東京ビッグサイト店,
Suica,C7,6638A,espressamente illy,赤坂Bizタワー店,
Suica,C7,663DA,プロント イル バール,UDXアキバ・イチ店,
Suica,C7,66446,ヤマザキショップ,沼田駅駅前店 想いで,
Suica,C7,6648C,ファミリーマート,水戸河和田店,
Suica,C7,6648D,ファミリーマート,水戸河和田店,
Suica,C7,665F7,ドトールコーヒーショップ,国際展示場駅店,
Suica,C7,66672,すき家,新習志野店,
Suica,C7,666FD,すき家,ワンザ有明店,
Suica,C7,66756,すき家,池袋西店,
Suica,C7,669F6,千葉つくたべキッチン,,
Suica,C7,66E58,ケンタッキーフライドチキン,むつ店,
Suica,C7,66E59,ケンタッキーフライドチキン,むつ店,
Suica,C7,6735E,ドトールコーヒーショップ,渋谷1丁目店,
Suica,C7,67360,ドトールコーヒーショップ,新橋銀座口店,
Suica,C7,67368,ドトールコーヒーショップ,代々木店,
Suica,C7,6736A,ドトールコーヒーショップ,浜松町1丁目店,
Suica,C7,67370,ドトールコーヒーショップ,千葉銀座通り店,
Suica,C7,67372,ドトールコーヒーショップ,市ヶ谷プラザ店,
Suica,C7,67373,ドトールコーヒーショップ,横浜東口店,
Suica,C7,6737A,ドトールコーヒーショップ,渋谷神南1丁目店,
Suica,C7,6738A,ドトールコーヒーショップ,渋谷新南口店,
Suica,C7,6738E,ドトールコーヒーショップ,千駄ヶ谷1丁目店,
Suica,C7,67394,ドトールコーヒーショップ,虎ノ門2丁目店,
Suica,C7,67395,ドトールコーヒーショップ,渋谷センター街店,
Suica,C7,673A1,ドトールコーヒーショップ,五反田桜田通り店,
Suica,C7,673A4,ドトールコーヒーショップ,アレア品川店,
Suica,C7,673A8,ドトールコーヒーショップ,浜松町2丁目店,
Suica,C7,673A9,ドトールコーヒーショップ,大宮ラクーン店,
Suica,C7,673AA,ドトールコーヒーショップ,恵比寿一丁目店,
Suica,C7,673AE,ドトールコーヒーショップ,麹町4丁目店,
Suica,C7,6762E,セブン‐イレブン,宮古栄町店,
Suica,C7,6762F,セブン‐イレブン,宮古栄町店,
Suica,C7,67648,ドトールコーヒーショップ,水道橋東口店,
Suica,C7,67656,ドトールコーヒーショップ,新宿サブナード店,
Suica,C7,6765D,ドトールコーヒーショップ,銀座4丁目店,
Suica,C7,67660,ドトールコーヒーショップ,神田松永町店,
Suica,C7,67666,ドトールコーヒーショップ,外神田1丁目店,
Suica,C7,67681,ドトールコーヒーショップ,市ヶ谷駅前店,
Suica,C7,67683,ドトールコーヒーショップ,西池袋1丁目メトロポリタン通り店,
Suica,C7,6769F,ドトールコーヒーショップ,新宿3丁目東店,
Suica,C7,676B8,ドトールコーヒーショップ,半蔵門店,
Suica,C7,676C0,ドトールコーヒーショップ,新宿1丁目南店,
Suica,C7,676C8,ドトールコーヒーショップ,飯田橋富士見店,
Suica,C7,676D3,ドトールコーヒーショップ,衣笠店,
Suica,C7,676DA,ドトールコーヒーショップ,西日暮里店,
Suica,C7,6770C,ドトールコーヒーショップ,平塚ユーユー駅前館店,
Suica,C7,67719,ドトールコーヒーショップ,八戸駅店,
Suica,C7,6771D,ドトールコーヒーショップ,新潟古町通り七番町店,
Suica,C7,67722,ドトールコーヒーショップ,麹町2丁目店,
Suica,C7,6772C,ドトールコーヒーショップ,蒲田西口店,
Suica,C7,6772D,ドトールコーヒーショップ,京成成田店,
Suica,C7,67733,ドトールコーヒーショップ,神田和泉町店,
Suica,C7,6773B,ドトールコーヒーショップ,立川駅南口駅前店,
Suica,C7,6774A,ドトールコーヒーショップ,新潟万代シティ店,
Suica,C7,6776B,ドトールコーヒーショップ,麹町四番町店,
Suica,C7,6778A,ドトールコーヒーショップ,長岡東口店,
Suica,C7,6778D,ドトールコーヒーショップ,神保町すずらん通り店,
Suica,C7,677A7,ドトールコーヒーショップ,人形町1丁目店,
Suica,C7,677AC,ドトールコーヒーショップ,金町北口店,
Suica,C7,677AD,ドトールコーヒーショップ,災害医療センター店,
Suica,C7,677B2,ドトールコーヒーショップ,有楽町日比谷口店,
Suica,C7,677BE,ドトールコーヒーショップ,産業貿易センター店,
Suica,C7,677E6,エクセルシオール カフェ,さいたま新都心ランド・アクシス・タワー店,
Suica,C7,681AB,ドトールコーヒーショップ,いわき駅ビル店,
Suica,C7,681BB,エクセルシオール カフェ,新宿三丁目店,
Suica,C7,681BF,エクセルシオール カフェ,渋谷道玄坂店,
Suica,C7,681C2,エクセルシオール カフェ,渋谷宇田川町店,
Suica,C7,681C4,エクセルシオール カフェ,池袋二丁目店,
Suica,C7,681CC,エクセルシオール カフェ,中野サンモール店,
Suica,C7,681CD,エクセルシオール カフェ,中野サンモール店,
Suica,C7,681D0,エクセルシオール カフェ バリスタ,渋谷公園通り店,
Suica,C7,681D6,エクセルシオール カフェ,市ヶ谷駅前店,
Suica,C7,681D8,エクセルシオール カフェ,九段下店,
Suica,C7,681E2,エクセルシオール カフェ,アルカキット錦糸町店,
Suica,C7,681E3,エクセルシオール カフェ,御成門駅前店,
Suica,C7,681E4,エクセルシオール カフェ,御成門駅前店,
Suica,C7,681EB,エクセルシオール カフェ,立川北口駅前店,
Suica,C7,681ED,エクセルシオール カフェ,ホテルザ・ビー赤坂見附店,
Suica,C7,681F0,エクセルシオール カフェ,麹町店,
Suica,C7,68214,エクセルシオール カフェ,コクーンシティさいたま新都心店,
Suica,C7,68215,エクセルシオール カフェ,秋葉原中央通り店,
Suica,C7,6821E,エクセルシオール カフェ,東京オペラシティ店,
Suica,C7,68232,エクセルシオール カフェ,千駄ヶ谷駅前店,
Suica,C7,68235,エクセルシオール カフェ,新橋2丁目店,
Suica,C7,68237,エクセルシオール カフェ,渋谷宮益坂店,
Suica,C7,6823B,エクセルシオール カフェ,麹町3丁目店,
Suica,C7,68515,セブン‐イレブン,厚木中町4丁目店,
Suica,C7,68516,セブン‐イレブン,厚木中町4丁目店,
Suica,C7,68517,セブン‐イレブン,厚木中町4丁目店,
Suica,C7,687D5,miniピアゴ,布田駅前店,
Suica,C7,687D6,miniピアゴ,布田駅前店,
Suica,C7,6884C,ドトールコーヒーショップ,武蔵中原店,
Suica,C7,68ACD,エクセルシオール カフェ,品川イーストワンタワー店,
Suica,C7,68AD0,エクセルシオール カフェ,Think Park店,
Suica,C7,68AD4,イオン,金山店,
Suica,C7,691D9,ファミリーマート,石巻南中里店,
Suica,C7,691DA,ファミリーマート,石巻南中里店,
Suica,C7,6A276,ロフト,さいたま新都心ロフト店,
Suica,C7,6A928,セブン‐イレブン,田町駅前店,
Suica,C7,6A9A1,ドトールコーヒーショップ,恵比寿駅前店,
Suica,C7,6B37A,セブン‐イレブン,石巻大街道南店,
Suica,C7,6B37B,セブン‐イレブン,石巻大街道南店,
Suica,C7,6B455,ファミリーマート,平川平賀駅前店,
Suica,C7,6B456,ファミリーマート,平川平賀駅前店,
Suica,C7,6B794,ツルハドラッグ,若柳川北店,
Suica,C7,6B7CC,ファミリーマート,箱根小涌園ユネッサン/S店,
Suica,C7,6B7CD,ファミリーマート,箱根小涌園ユネッサン/S店,
Suica,C7,6BAF8,千客万来,,
Suica,C7,6BB26,ポプリ,済生会川口総合病院売店,
Suica,C7,6BB4D,セブン‐イレブン,新潟有明大橋町店,
Suica,C7,6BB4E,セブン‐イレブン,新潟有明大橋町店,
Suica,C7,6C092,ドトールコーヒーショップ,神保町白山通り店,
Suica,C7,6C4AF,ファミリーマート,大船渡中央通り店,
Suica,C7,6C4B0,ファミリーマート,大船渡中央通り店,
Suica,C7,6C52C,ヤマザキショップ,幕張国際研修センター店,
Suica,C7,6CF8C,ファミリーマート,石巻千石町店,
Suica,C7,6CF8D,ファミリーマート,石巻千石町店,
Suica,C7,6D49C,モノレールエージェンシー,浜松町駅売店,
Suica,C7,6D4A3,#フレッシュストア#ヤオミネ,,
Suica,C7,6D5A7,駅弁屋,品川店,
Suica,C7,6D5C9,駅弁屋,品川店,
Suica,C7,6D5DB,駅弁屋,東京2号売店,
Suica,C7,6D609,JR東日本クロスステーション フーズカンパニー,東京弁当営業支店 上野営業所,
Suica,C7,6D646,駅弁屋,大宮新幹線ホーム南店,
Suica,C7,6D657,駅弁屋,大宮新幹線ホーム北店,
Suica,C7,6D65C,株式会社JR東日本クロスステーション フーズカンパニー,新宿弁当営業支店 大宮営業所,
Suica,C7,6D690,駅弁屋,新幹線南改札口店,
Suica,C7,6D698,駅弁屋 祭,仙台駅店,
Suica,C7,6EF7B,ドトールコーヒーショップ,永福町店,
Suica,C7,6F327,ツルハドラッグ,弘前駅前店,
Suica,C7,6FA4F,ファミリーマート,南仙台駅西口店,
Suica,C7,6FA50,ファミリーマート,南仙台駅西口店,
Suica,C7,6FF70,セブン‐イレブン,藤沢駅南口店,
Suica,C7,6FF9D,セブン‐イレブン,藤沢駅南口店,
Suica,C7,6FF9E,セブン‐イレブン,藤沢駅南口店,
Suica,C7,6FF9F,セブン‐イレブン,藤沢駅南口店,
Suica,C7,700A9,#個人#宇都タクシー,,
Suica,C7,700C0,セブン‐イレブン,晴海店,
Suica,C7,700C1,セブン‐イレブン,晴海店,
Suica,C7,7038F,マクドナルド,鹿島田駅店,
Suica,C7,70462,マクドナルド,神田末広町店,
Suica,C7,704C7,マクドナルド,羽村店,
Suica,C7,70501,マクドナルド,明治通り尾久店,
Suica,C7,70515,マクドナルド,初台店,
Suica,C7,70594,マクドナルド,池袋LABI前店,
Suica,C7,70595,マクドナルド,池袋LABI前店,
Suica,C7,70596,マクドナルド,池袋LABI前店,
Suica,C7,705A1,マクドナルド,ビックカメラAKIBA店,
Suica,C7,705CA,マクドナルド,荻窪西口店,
Suica,C7,705D4,マクドナルド,目黒駅前店,
Suica,C7,705F0,マクドナルド,九段下店,
Suica,C7,7062E,マクドナルド,新宿西口店,
Suica,C7,70641,マクドナルド,池袋北口店,
Suica,C7,70642,マクドナルド,池袋北口店,
Suica,C7,70643,マクドナルド,池袋北口店,
Suica,C7,70669,マクドナルド,東陽町駅前店,
Suica,C7,706F6,マクドナルド,大崎ゲートシティ店,
Suica,C7,70731,マクドナルド,お台場デックス店,
Suica,C7,7075B,マクドナルド,JR新宿南口店,
Suica,C7,707B5,マクドナルド,仙台駅東口店,
Suica,C7,70803,マクドナルド,月島駅前店,
Suica,C7,70804,マクドナルド,月島駅前店,
Suica,C7,7084B,マクドナルド,東神奈川駅店,
Suica,C7,7089B,マクドナルド,15号鶴見店,
Suica,C7,7094D,マクドナルド,春日駅前店,
Suica,C7,7094E,マクドナルド,春日駅前店,
Suica,C7,7094F,マクドナルド,春日駅前店,
Suica,C7,7097F,マクドナルド,中野南口店,
Suica,C7,70993,マクドナルド,市ケ谷店,
Suica,C7,70A57,マクドナルド,福島駅西口ショッピングセンター店,
Suica,C7,70A58,マクドナルド,福島駅西口ショッピングセンター店,
Suica,C7,70A59,マクドナルド,福島駅西口ショッピングセンター店,
Suica,C7,70AE6,マクドナルド,江戸崎パンプ店,
Suica,C7,70AE7,マクドナルド,江戸崎パンプ店,
Suica,C7,70AE8,マクドナルド,江戸崎パンプ店,
Suica,C7,70B90,マクドナルド,4号線古川店,
Suica,C7,70B91,マクドナルド,4号線古川店,
Suica,C7,70BE1,マクドナルド,ユーカリプラザ店,
Suica,C7,70C6B,マクドナルド,久里浜駅前店,
Suica,C7,70C6C,マクドナルド,久里浜駅前店,
Suica,C7,70C8A,マクドナルド,綱島駅前店,
Suica,C7,70D7A,ライフ,京急蒲田駅前店,
Suica,C7,70DE7,マクドナルド,コクーンシティ店,
Suica,C7,70DE8,マクドナルド,コクーンシティ店,
Suica,C7,70DE9,マクドナルド,コクーンシティ店,
Suica,C7,70E74,マクドナルド,北千住西口店,
Suica,C7,70E9C,マクドナルド,大門店,
Suica,C7,70EC4,マクドナルド,東新宿駅前店,
Suica,C7,70EC5,マクドナルド,東新宿駅前店,
Suica,C7,70F8C,マクドナルド,八戸ピアドゥ店,
Suica,C7,70FDB,マクドナルド,千葉富士見町店,
Suica,C7,70FDC,マクドナルド,千葉富士見町店,
Suica,C7,70FDD,マクドナルド,千葉富士見町店,
Suica,C7,70FDE,マクドナルド,千葉富士見町店,
Suica,C7,710B9,マクドナルド,板橋駅前店,
Suica,C7,711A7,マクドナルド,むつ中央店,
Suica,C7,711A8,マクドナルド,むつ中央店,
Suica,C7,711E5,マクドナルド,四つ木イトーヨーカドー店,
Suica,C7,7123E,マクドナルド,51号酒々井店,
Suica,C7,71247,マクドナルド,成田駅前店,
Suica,C7,71266,マクドナルド,有明パークビル店,
Suica,C7,712B2,マクドナルド,298花巻店,
Suica,C7,712B3,マクドナルド,298花巻店,
Suica,C7,712CF,マクドナルド,郡山駅西口店,
Suica,C7,712D1,マクドナルド,郡山駅西口店,
Suica,C7,7133B,マクドナルド,イオンモール盛岡店,
Suica,C7,7133C,マクドナルド,イオンモール盛岡店,
Suica,C7,7133D,マクドナルド,イオンモール盛岡店,
Suica,C7,7133E,マクドナルド,イオンモール盛岡店,
Suica,C7,7148A,マクドナルド,幕張テクノガーデン店,
Suica,C7,714B0,マクドナルド,代々木店,
Suica,C7,71603,マクドナルド,佐貫駅前店,
Suica,C7,71622,マクドナルド,東長崎駅前店,
Suica,C7,71623,マクドナルド,東長崎駅前店,
Suica,C7,71624,マクドナルド,東長崎駅前店,
Suica,C7,71656,マクドナルド,新田東ヨークタウン店,
Suica,C7,7167C,マクドナルド,仙台長町店,
Suica,C7,716AB,マクドナルド,西代パルナ店,
Suica,C7,716AC,マクドナルド,西代パルナ店,
Suica,C7,716AD,マクドナルド,西代パルナ店,
Suica,C7,71713,マクドナルド,荒川沖東店,
Suica,C7,71714,マクドナルド,荒川沖東店,
Suica,C7,71715,マクドナルド,荒川沖東店,
Suica,C7,71716,マクドナルド,荒川沖東店,
Suica,C7,71775,マクドナルド,50号水戸大塚店,
Suica,C7,71776,マクドナルド,50号水戸大塚店,
Suica,C7,71803,マクドナルド,289新白河店,
Suica,C7,7180C,マクドナルド,赤羽アピレ店,
Suica,C7,718DF,マクドナルド,佐原店,
Suica,C7,71943,マクドナルド,ダイバーシティ東京プラザ店,
Suica,C7,71958,マクドナルド,50号水戸赤塚店,
Suica,C7,71ABF,マクドナルド,六本木ヒルズ店,
Suica,C7,71AC0,マクドナルド,六本木ヒルズ店,
Suica,C7,71AC1,マクドナルド,六本木ヒルズ店,
Suica,C7,71C0F,マクドナルド,北松戸店,
Suica,C7,71D3B,マクドナルド,飛田給駅前店,
Suica,C7,71D3C,マクドナルド,飛田給駅前店,
Suica,C7,71D98,マクドナルド,八戸城下店,
Suica,C7,71DCB,マクドナルド,中野セントラルパーク店,
Suica,C7,71E7C,マクドナルド,イオンモール天童店,
Suica,C7,71E7D,マクドナルド,イオンモール天童店,
Suica,C7,71E7E,マクドナルド,イオンモール天童店,
Suica,C7,71E7F,マクドナルド,イオンモール天童店,
Suica,C7,71F75,マクドナルド,花小金井駅前店,
Suica,C7,71FBB,マクドナルド,飯泉店,
Suica,C7,72037,マクドナルド,会津若松店,
Suica,C7,72107,マクドナルド,106宮古店,
Suica,C7,72127,マクドナルド,郡山安積店,
Suica,C7,72192,マクドナルド,107北上店,
Suica,C7,72193,マクドナルド,107北上店,
Suica,C7,72266,マクドナルド,喜多方店,
Suica,C7,72267,マクドナルド,喜多方店,
Suica,C7,722D3,マクドナルド,伊勢原エムアイプラザ店,
Suica,C7,72336,マクドナルド,盛岡フェザン店,
Suica,C7,72337,マクドナルド,盛岡フェザン店,
Suica,C7,723B8,マクドナルド,藤沢南口店,
Suica,C7,72413,マクドナルド,上総牛久店,
Suica,C7,72489,マクドナルド,那珂町店,
Suica,C7,7248A,マクドナルド,那珂町店,
Suica,C7,7248B,マクドナルド,那珂町店,
Suica,C7,724A8,マクドナルド,木更津マックスバリュー店,
Suica,C7,725BA,マクドナルド,小田急読売ランド駅前店,
Suica,C7,72897,マクドナルド,鶴岡IZMO店,
Suica,C7,72986,マクドナルド,新潟駅南店,
Suica,C7,729B0,マクドナルド,信州中野店,
Suica,C7,72A44,マクドナルド,新潟万代店,
Suica,C7,72A46,マクドナルド,新潟万代店,
Suica,C7,72A49,マクドナルド,新潟万代店,
Suica,C7,72A6F,マクドナルド,中野北口サンモール店,
Suica,C7,72A78,マクドナルド,明大前店,
Suica,C7,72A83,マクドナルド,下北沢店,
Suica,C7,72C08,マクドナルド,大間々ベイシア店,
Suica,C7,72C88,マクドナルド,松本店,
Suica,C7,72C96,マクドナルド,豊栄ベイシア店,
Suica,C7,72CA7,マクドナルド,館林アゼリアモール店,
Suica,C7,72DAD,マクドナルド,前橋ガーデン店,
Suica,C7,72E0E,マクドナルド,高森MEGAドン・キホーテUNY店,
Suica,C7,72EBA,マクドナルド,宮内原信店,
Suica,C7,72EC4,マクドナルド,松本高宮店,
Suica,C7,72F3B,マクドナルド,宇都宮西口店,
Suica,C7,72FED,マクドナルド,和田町店,
Suica,C7,73107,マクドナルド,大宮宮原イトーヨーカドー店,
Suica,C7,73111,マクドナルド,久喜駅前店,
Suica,C7,7314B,マクドナルド,鳩ケ谷駅前店,
Suica,C7,731C3,マクドナルド,本厚木店,
Suica,C7,731C4,マクドナルド,本厚木店,
Suica,C7,731C5,マクドナルド,本厚木店,
Suica,C7,732B4,マクドナルド,川口東口店,
Suica,C7,73368,マクドナルド,熊谷佐谷田店,
Suica,C7,73408,マクドナルド,中小河原店,
Suica,C7,73554,マクドナルド,八王子イトーヨーカドー店,
Suica,C7,735CE,マクドナルド,140熊谷広瀬店,
Suica,C7,7366A,マクドナルド,熊谷駅前店,
Suica,C7,767F7,ドトールコーヒーショップ,イオンモール松本店,
Suica,C7,767F8,セブン‐イレブン,豊洲店,
Suica,C7,7682F,セブン‐イレブン,善光寺下店,
Suica,C7,768B5,セブン‐イレブン,本宮店,
Suica,C7,7690B,セブン‐イレブン,いわき平二町目店,
Suica,C7,7699B,セブン‐イレブン,福生西口店,
Suica,C7,7699C,セブン‐イレブン,福生西口店,
Suica,C7,769CF,セブン‐イレブン,千駄ケ谷店,
Suica,C7,76A00,セブン‐イレブン,平塚西口店,
Suica,C7,76A01,セブン‐イレブン,平塚西口店,
Suica,C7,76A4B,セブン‐イレブン,城前店,
Suica,C7,76A65,セブン‐イレブン,西池袋二又店,
Suica,C7,76A87,セブン‐イレブン,宇都宮駅前店,
Suica,C7,76A88,セブン‐イレブン,宇都宮駅前店,
Suica,C7,76A89,セブン‐イレブン,宇都宮駅前店,
Suica,C7,76B35,セブン‐イレブン,新本宮店,
Suica,C7,76B41,セブン‐イレブン,いわき草野店,
Suica,C7,76DEE,セブン‐イレブン,仙台名取大橋店,
Suica,C7,76DEF,セブン‐イレブン,仙台名取大橋店,
Suica,C7,76E36,セブン‐イレブン,弥彦大鳥居店,
Suica,C7,76E37,セブン‐イレブン,弥彦大鳥居店,
Suica,C7,76E81,セブン‐イレブン,本庄南口店,
Suica,C7,77130,セブン‐イレブン,郡山喜久田店,
Suica,C7,77131,セブン‐イレブン,郡山喜久田店,
Suica,C7,7714A,セブン‐イレブン,新宿神楽坂駅西店,
Suica,C7,771DE,セブン‐イレブン,鎌倉稲村が崎店,
Suica,C7,771DF,セブン‐イレブン,鎌倉稲村が崎店,
Suica,C7,77221,セブン‐イレブン,船橋海神一丁目店,
Suica,C7,77222,セブン‐イレブン,船橋海神一丁目店,
Suica,C7,77226,セブン‐イレブン,杉並大宮店,
Suica,C7,772A1,セブン‐イレブン,水戸河和田店,
Suica,C7,772A2,セブン‐イレブン,水戸河和田店,
Suica,C7,77413,セブン‐イレブン,相模原橋本駅東店,
Suica,C7,77414,セブン‐イレブン,相模原橋本駅東店,
Suica,C7,77427,セブン‐イレブン,品川天王洲店,
Suica,C7,7742A,セブン‐イレブン,品川天王洲店,
Suica,C7,7750F,セブン‐イレブン,東所沢駅前店,
Suica,C7,7754E,セブン‐イレブン,鎌倉深沢店,
Suica,C7,7754F,セブン‐イレブン,鎌倉深沢店,
Suica,C7,77574,セブン‐イレブン,鴻巣赤見台店,
Suica,C7,77575,セブン‐イレブン,鴻巣赤見台店,
Suica,C7,775B1,セブン‐イレブン,福島玉川店,
Suica,C7,7772C,セブン‐イレブン,西桐生駅前店,
Suica,C7,77742,セブン‐イレブン,塩尻大門店,
Suica,C7,77743,セブン‐イレブン,塩尻大門店,
Suica,C7,7776E,セブン‐イレブン,渋谷笹塚駅前店,
Suica,C7,777B6,セブン‐イレブン,永福北口店,
Suica,C7,777BE,セブン‐イレブン,足利東武駅前店,
Suica,C7,777D4,セブン‐イレブン,越後湯沢西口店,
Suica,C7,777D5,セブン‐イレブン,越後湯沢西口店,
Suica,C7,77808,セブン‐イレブン,新潟中野山店,
Suica,C7,77839,セブン‐イレブン,新潟有明店,
Suica,C7,7783A,セブン‐イレブン,新潟有明店,
Suica,C7,77873,セブン‐イレブン,会津米代店,
Suica,C7,778C7,セブン‐イレブン,会津田島店,
Suica,C7,77963,セブン‐イレブン,下野自治医大店,
Suica,C7,7798A,セブン‐イレブン,郡山谷田川店,
Suica,C7,779A5,セブン‐イレブン,西会津野沢店,
Suica,C7,779A6,セブン‐イレブン,西会津野沢店,
Suica,C7,779A7,セブン‐イレブン,西会津野沢店,
Suica,C7,77A04,セブン‐イレブン,葛飾高砂2丁目店,
Suica,C7,77A05,セブン‐イレブン,葛飾高砂2丁目店,
Suica,C7,77A41,セブン‐イレブン,磐梯インター店,
Suica,C7,77AC5,セブン‐イレブン,会津田島新町店,
Suica,C7,77ADE,セブン‐イレブン,秩父皆野店,
Suica,C7,77B5A,セブン‐イレブン,十日町高田店,
Suica,C7,77B5B,セブン‐イレブン,十日町高田店,
Suica,C7,77BA6,セブン‐イレブン,王子1丁目店,
Suica,C7,77C6C,セブン‐イレブン,瀬峰藤沢下田店,
Suica,C7,77CAC,セブン‐イレブン,鬼怒川立岩店,
Suica,C7,77CBC,セブン‐イレブン,下郷湯野上店,
Suica,C7,77CD5,セブン‐イレブン,十日町下条店,
Suica,C7,77CE7,セブン‐イレブン,藤沢駅前店,
Suica,C7,77CE8,セブン‐イレブン,藤沢駅前店,
Suica,C7,77D07,セブン‐イレブン,中越来迎寺店,
Suica,C7,77D08,セブン‐イレブン,中越来迎寺店,
Suica,C7,77D98,セブン‐イレブン,十日町西店,
Suica,C7,77D99,セブン‐イレブン,十日町西店,
Suica,C7,77F0A,セブン‐イレブン,塩川町店,
Suica,C7,77F0B,セブン‐イレブン,塩川町店,
Suica,C7,77F12,セブン‐イレブン,千葉栄町店,
Suica,C7,77F13,セブン‐イレブン,千葉栄町店,
Suica,C7,77F98,セブン‐イレブン,気仙沼神山店,
Suica,C7,77F99,セブン‐イレブン,気仙沼神山店,
Suica,C7,77FA6,セブン‐イレブン,郡山大町1丁目店,
Suica,C7,78018,セブン‐イレブン,東部田中店,
Suica,C7,7806B,セブン‐イレブン,郡山安積町店,
Suica,C7,780D6,セブン‐イレブン,河南前谷地店,
Suica,C7,780D7,セブン‐イレブン,河南前谷地店,
Suica,C7,780DE,セブン‐イレブン,結城小田林北店,
Suica,C7,780E8,セブン‐イレブン,水戸西原店,
Suica,C7,780E9,セブン‐イレブン,水戸西原店,
Suica,C7,78150,セブン‐イレブン,銚子笠上町店,
Suica,C7,78151,セブン‐イレブン,銚子笠上町店,
Suica,C7,78180,セブン‐イレブン,青梅駅前店,
Suica,C7,78181,セブン‐イレブン,青梅駅前店,
Suica,C7,78182,セブン‐イレブン,青梅駅前店,
Suica,C7,78183,セブン‐イレブン,青梅駅前店,
Suica,C7,781C6,セブン‐イレブン,豊島西池袋1丁目店,
Suica,C7,781CA,セブン‐イレブン,信州中野店,
Suica,C7,781FE,セブン‐イレブン,栃木駅南店,
Suica,C7,781FF,セブン‐イレブン,栃木駅南店,
Suica,C7,78207,セブン‐イレブン,白根大通黄金店,
Suica,C7,78208,セブン‐イレブン,白根大通黄金店,
Suica,C7,78259,セブン‐イレブン,糸魚川中央店,
Suica,C7,7825A,セブン‐イレブン,糸魚川中央店,
Suica,C7,78312,セブン‐イレブン,南浦和駅西口店,
Suica,C7,78329,セブン‐イレブン,北品川3丁目店,
Suica,C7,78366,セブン‐イレブン,新潟泰平橋店,
Suica,C7,78390,セブン‐イレブン,会津広田店,
Suica,C7,78391,セブン‐イレブン,会津広田店,
Suica,C7,78399,セブン‐イレブン,下館外塚店,
Suica,C7,783D5,セブン‐イレブン,文京神田明神下店,
Suica,C7,783D6,セブン‐イレブン,文京神田明神下店,
Suica,C7,783F2,セブン‐イレブン,新潟幸栄店,
Suica,C7,78432,セブン‐イレブン,会津山見町店,
Suica,C7,78433,セブン‐イレブン,会津山見町店,
Suica,C7,78462,セブン‐イレブン,鹿島神宮駅北店,
Suica,C7,78463,セブン‐イレブン,鹿島神宮駅北店,
Suica,C7,7847E,セブン‐イレブン,下目黒1丁目店,
Suica,C7,78494,セブン‐イレブン,中野市吉田店,
Suica,C7,784E8,セブン‐イレブン,池袋西一番街店,
Suica,C7,784EF,セブン‐イレブン,品川駅前店,
Suica,C7,78540,セブン‐イレブン,川崎京王稲田堤北口店,
Suica,C7,78541,セブン‐イレブン,川崎京王稲田堤北口店,
Suica,C7,78542,セブン‐イレブン,川崎京王稲田堤北口店,
Suica,C7,78554,セブン‐イレブン,宇都宮平出工業団地店,
Suica,C7,78599,セブン‐イレブン,台東浅草橋3丁目店,
Suica,C7,7865D,セブン‐イレブン,小作駅東口店,
Suica,C7,7865E,セブン‐イレブン,小作駅東口店,
Suica,C7,7865F,セブン‐イレブン,小作駅東口店,
Suica,C7,78675,セブン‐イレブン,新宿2丁目店,
Suica,C7,7867D,セブン‐イレブン,水戸城東店,
Suica,C7,7867E,セブン‐イレブン,水戸城東店,
Suica,C7,786CD,セブン‐イレブン,五泉論瀬店,
Suica,C7,786FA,セブン‐イレブン,南浦和文化通り店,
Suica,C7,787DD,セブン‐イレブン,上目黒2丁目店,
Suica,C7,78833,セブン‐イレブン,浦佐駅前店,
Suica,C7,78834,セブン‐イレブン,浦佐駅前店,
Suica,C7,7884A,セブン‐イレブン,品川南大井3丁目店,
Suica,C7,7884B,セブン‐イレブン,品川南大井3丁目店,
Suica,C7,7884C,セブン‐イレブン,品川南大井3丁目店,
Suica,C7,78903,セブン‐イレブン,水戸南町3丁目店,
Suica,C7,78904,セブン‐イレブン,水戸南町3丁目店,
Suica,C7,78905,セブン‐イレブン,水戸南町3丁目店,
Suica,C7,78922,セブン‐イレブン,仙台榴ヶ岡5丁目店,
Suica,C7,78923,セブン‐イレブン,仙台榴ヶ岡5丁目店,
Suica,C7,78924,セブン‐イレブン,仙台榴ヶ岡5丁目店,
Suica,C7,78998,セブン‐イレブン,豊栄駅北店,
Suica,C7,78999,セブン‐イレブン,豊栄駅北店,
Suica,C7,78A03,セブン‐イレブン,郡山奥羽大学前店,
Suica,C7,78A33,セブン‐イレブン,川口駅東口店,
Suica,C7,78A55,セブン‐イレブン,藤島バイパス店,
Suica,C7,78A56,セブン‐イレブン,藤島バイパス店,
Suica,C7,78A62,セブン‐イレブン,下越津川店,
Suica,C7,78A7F,セブン‐イレブン,郡山駅前店,
Suica,C7,78AA5,セブン‐イレブン,中野駅北口店,
Suica,C7,78AB9,セブン‐イレブン,鶴岡西新斎町店,
Suica,C7,78ABA,セブン‐イレブン,鶴岡西新斎町店,
Suica,C7,78AD7,セブン‐イレブン,神田須田町1丁目店,
Suica,C7,78AD8,セブン‐イレブン,神田須田町1丁目店,
Suica,C7,78AD9,セブン‐イレブン,神田須田町1丁目店,
Suica,C7,78AF5,セブン‐イレブン,最上向町店,
Suica,C7,78B4A,セブン‐イレブン,最上大堀店,
Suica,C7,78BB0,セブン‐イレブン,いわき赤井店,
Suica,C7,78BF4,セブン‐イレブン,目黒駒場1丁目店,
Suica,C7,78BF5,セブン‐イレブン,目黒駒場1丁目店,
Suica,C7,78BFC,セブン‐イレブン,渋谷セルリアンタワー店,
Suica,C7,78BFD,セブン‐イレブン,渋谷セルリアンタワー店,
Suica,C7,78BFE,セブン‐イレブン,渋谷セルリアンタワー店,
Suica,C7,78BFF,セブン‐イレブン,渋谷セルリアンタワー店,
Suica,C7,78C50,セブン‐イレブン,木更津駅東口店,
Suica,C7,78C5A,セブン‐イレブン,真室川新橋店,
Suica,C7,78CDE,セブン‐イレブン,南陽島貫店,
Suica,C7,78CDF,セブン‐イレブン,南陽島貫店,
Suica,C7,78D57,セブン‐イレブン,聖籠諏訪山店,
Suica,C7,78D63,セブン‐イレブン,渋谷オペラ通り店,
Suica,C7,78D88,セブン‐イレブン,日本橋人形町3丁目店,
Suica,C7,78D89,セブン‐イレブン,日本橋人形町3丁目店,
Suica,C7,78D8A,セブン‐イレブン,日本橋人形町3丁目店,
Suica,C7,78D8B,セブン‐イレブン,日本橋人形町3丁目店,
Suica,C7,78D94,セブン‐イレブン,天童駅西4丁目店,
Suica,C7,78D95,セブン‐イレブン,天童駅西4丁目店,
Suica,C7,78D98,セブン‐イレブン,水戸河和田町中道店,
Suica,C7,78D99,セブン‐イレブン,水戸河和田町中道店,
Suica,C7,78DBE,セブン‐イレブン,世田谷桜新町駅前店,
Suica,C7,78DF7,セブン‐イレブン,三郷早稲田4丁目店,
Suica,C7,78DF8,セブン‐イレブン,三郷早稲田4丁目店,
Suica,C7,78DF9,セブン‐イレブン,三郷早稲田4丁目店,
Suica,C7,78E28,セブン‐イレブン,西新宿7丁目店,
Suica,C7,78E69,セブン‐イレブン,飯田橋4丁目店,
Suica,C7,78EE6,セブン‐イレブン,立川町狩川店,
Suica,C7,78F15,ツルハドラッグ,新潟関屋店,
Suica,C7,78F16,ツルハドラッグ,新潟関屋店,
Suica,C7,79002,セブン‐イレブン,木更津清見台3丁目店,
Suica,C7,7906A,セブン‐イレブン,秩父宮側町店,
Suica,C7,790C8,セブン‐イレブン,水戸見和2丁目店,
Suica,C7,790C9,セブン‐イレブン,水戸見和2丁目店,
Suica,C7,790CA,セブン‐イレブン,水戸見和2丁目店,
Suica,C7,790FB,セブン‐イレブン,山形小国町町原店,
Suica,C7,79140,セブン‐イレブン,新宿揚場町店,
Suica,C7,79163,セブン‐イレブン,中越塩沢中央店,
Suica,C7,79164,セブン‐イレブン,中越塩沢中央店,
Suica,C7,791D3,セブン‐イレブン,東根蟹沢店,
Suica,C7,791D4,セブン‐イレブン,東根蟹沢店,
Suica,C7,791E6,セブン‐イレブン,水戸赤塚1丁目店,
Suica,C7,791E7,セブン‐イレブン,水戸赤塚1丁目店,
Suica,C7,79216,セブン‐イレブン,中央区佃2丁目店,
Suica,C7,79217,セブン‐イレブン,中央区佃2丁目店,
Suica,C7,79218,セブン‐イレブン,中央区佃2丁目店,
Suica,C7,79219,セブン‐イレブン,中央区佃2丁目店,
Suica,C7,79221,セブン‐イレブン,下越吉田下粟生津店,
Suica,C7,7928A,セブン‐イレブン,新潟曽川店,
Suica,C7,792A6,セブン‐イレブン,古川駅南3丁目店,
Suica,C7,792A7,セブン‐イレブン,古川駅南3丁目店,
Suica,C7,792CE,セブン‐イレブン,鎌倉手広西店,
Suica,C7,7935B,セブン‐イレブン,大町九日町店,
Suica,C7,7938E,セブン‐イレブン,新潟弁天1丁目店,
Suica,C7,79401,セブン‐イレブン,中越松代店,
Suica,C7,7941E,セブン‐イレブン,柏加賀3丁目店,
Suica,C7,7941F,セブン‐イレブン,柏加賀3丁目店,
Suica,C7,79435,セブン‐イレブン,丸の内センタービル店,
Suica,C7,7943C,セブン‐イレブン,会津坂下松ノ目店,
Suica,C7,7943D,セブン‐イレブン,会津坂下松ノ目店,
Suica,C7,7944F,セブン‐イレブン,品川イーストワンタワー店,
Suica,C7,79495,セブン‐イレブン,新潟濁川インター店,
Suica,C7,795DB,セブン‐イレブン,渋谷代々木1丁目店,
Suica,C7,795DC,セブン‐イレブン,渋谷代々木1丁目店,
Suica,C7,7960D,セブン‐イレブン,北八王子駅西口店,
Suica,C7,7960E,セブン‐イレブン,北八王子駅西口店,
Suica,C7,7960F,セブン‐イレブン,北八王子駅西口店,
Suica,C7,7961C,セブン‐イレブン,青梅河辺駅南口店,
Suica,C7,7961D,セブン‐イレブン,青梅河辺駅南口店,
Suica,C7,7969A,セブン‐イレブン,九段南大妻通り店,
Suica,C7,7969B,セブン‐イレブン,九段南大妻通り店,
Suica,C7,796CE,セブン‐イレブン,新横浜駅南口店,
Suica,C7,796E1,セブン‐イレブン,燕三条駅前店,
Suica,C7,79776,セブン‐イレブン,水戸堀十文字店,
Suica,C7,79777,セブン‐イレブン,水戸堀十文字店,
Suica,C7,797C6,セブン‐イレブン,赤坂2丁目店,
Suica,C7,797D0,セブン‐イレブン,神田神保町1丁目店,
Suica,C7,7980F,セブン‐イレブン,飯田橋アイガーデンテラス店,
Suica,C7,79897,セブン‐イレブン,石巻貞山1丁目店,
Suica,C7,79898,セブン‐イレブン,石巻貞山1丁目店,
Suica,C7,7990F,セブン‐イレブン,中野桃園店,
Suica,C7,79910,セブン‐イレブン,中野桃園店,
Suica,C7,79911,セブン‐イレブン,中野桃園店,
Suica,C7,799A3,セブン‐イレブン,木更津下郡店,
Suica,C7,799A4,セブン‐イレブン,木更津下郡店,
Suica,C7,799C2,セブン‐イレブン,新潟松崎店,
Suica,C7,799C3,セブン‐イレブン,新潟松崎店,
Suica,C7,799C6,セブン‐イレブン,熊谷駅東通り店,
Suica,C7,799C7,セブン‐イレブン,熊谷駅東通り店,
Suica,C7,799E1,セブン‐イレブン,飯山日赤前店,
Suica,C7,799F2,セブン‐イレブン,大和中央林間駅前店,
Suica,C7,799FB,セブン‐イレブン,世田谷キャロットタワー前店,
Suica,C7,799FE,セブン‐イレブン,世田谷キャロットタワー前店,
Suica,C7,79A4F,セブン‐イレブン,浅草国際通り店,
Suica,C7,79A6D,セブン‐イレブン,利府中央3丁目店,
Suica,C7,79ABF,セブン‐イレブン,大町上橋店,
Suica,C7,79AC0,セブン‐イレブン,大町上橋店,
Suica,C7,79B1C,セブン‐イレブン,河辺駅北口店,
Suica,C7,79B1D,セブン‐イレブン,河辺駅北口店,
Suica,C7,79B1E,セブン‐イレブン,河辺駅北口店,
Suica,C7,79B81,セブン‐イレブン,秩父黒谷店,
Suica,C7,79B82,セブン‐イレブン,秩父黒谷店,
Suica,C7,79BF1,セブン‐イレブン,新潟河渡店,
Suica,C7,79BF2,セブン‐イレブン,新潟河渡店,
Suica,C7,79D3B,セブン‐イレブン,神田神保町2丁目店,
Suica,C7,79D82,セブン‐イレブン,小田原東通り店,
Suica,C7,79D83,セブン‐イレブン,小田原東通り店,
Suica,C7,79DF9,セブン‐イレブン,品川東五反田1丁目店,
Suica,C7,79E04,セブン‐イレブン,会津石堂町店,
Suica,C7,79E2B,セブン‐イレブン,山形飯田5丁目店,
Suica,C7,79E6C,セブン‐イレブン,下館駅南口店,
Suica,C7,79E6D,セブン‐イレブン,下館駅南口店,
Suica,C7,79E74,セブン‐イレブン,熊谷宮前町2丁目店,
Suica,C7,79E75,セブン‐イレブン,熊谷宮前町2丁目店,
Suica,C7,79EB6,セブン‐イレブン,長野桐原店,
Suica,C7,79EE2,セブン‐イレブン,立川駅南口店,
Suica,C7,79F49,セブン‐イレブン,鶴岡宝田1丁目店,
Suica,C7,79F4A,セブン‐イレブン,鶴岡宝田1丁目店,
Suica,C7,79F68,セブン‐イレブン,仙台福田町1丁目店,
Suica,C7,79FFF,セブン‐イレブン,奥多摩古里店,
Suica,C7,7A019,セブン‐イレブン,岩沼梶橋店,
Suica,C7,7A01A,セブン‐イレブン,岩沼梶橋店,
Suica,C7,7A031,セブン‐イレブン,銀座3丁目店,
Suica,C7,7A03A,セブン‐イレブン,仙台五橋駅前店,
Suica,C7,7A0C0,セブン‐イレブン,千代田区麹町4丁目店,
Suica,C7,7A0C1,セブン‐イレブン,千代田区麹町4丁目店,
Suica,C7,7A0C2,セブン‐イレブン,千代田区麹町4丁目店,
Suica,C7,7A0E0,セブン‐イレブン,水戸白梅4丁目店,
Suica,C7,7A0E1,セブン‐イレブン,水戸白梅4丁目店,
Suica,C7,7A125,セブン‐イレブン,原ノ町駅前店,
Suica,C7,7A1BD,セブン‐イレブン,渋谷代々木1丁目南店,
Suica,C7,7A1E5,セブン‐イレブン,新潟小新4丁目店,
Suica,C7,7A1F6,セブン‐イレブン,那珂菅谷店,
Suica,C7,7A240,セブン‐イレブン,豊洲3丁目店,
Suica,C7,7A242,セブン‐イレブン,豊洲3丁目店,
Suica,C7,7A29C,セブン‐イレブン,新潟鯵潟店,
Suica,C7,7A29D,セブン‐イレブン,新潟鯵潟店,
Suica,C7,7A2BE,セブン‐イレブン,友部八雲店,
Suica,C7,7A2BF,セブン‐イレブン,友部八雲店,
Suica,C7,7A2EA,セブン‐イレブン,河内下岡本店,
Suica,C7,7A37A,セブン‐イレブン,会津馬場町店,
Suica,C7,7A3F5,セブン‐イレブン,仙台郡山5丁目店,
Suica,C7,7A3F6,セブン‐イレブン,仙台郡山5丁目店,
Suica,C7,7A482,セブン‐イレブン,台東浅草橋3丁目東店,
Suica,C7,7A4CC,セブン‐イレブン,港区海岸1丁目店,
Suica,C7,7A512,セブン‐イレブン,会津白虎町店,
Suica,C7,7A513,セブン‐イレブン,会津白虎町店,
Suica,C7,7A57C,セブン‐イレブン,虎ノ門駅前店,
Suica,C7,7A595,セブン‐イレブン,巣鴨駅北口店,
Suica,C7,7A596,セブン‐イレブン,巣鴨駅北口店,
Suica,C7,7A62A,セブン‐イレブン,外神田4丁目店,
Suica,C7,7A66C,セブン‐イレブン,北の丸スクエア店,
Suica,C7,7A66D,セブン‐イレブン,北の丸スクエア店,
Suica,C7,7A7CC,セブン‐イレブン,渋谷桜丘店,
Suica,C7,7A93E,セブン‐イレブン,燕南7丁目店,
Suica,C7,7A93F,セブン‐イレブン,燕南7丁目店,
Suica,C7,7A947,セブン‐イレブン,台東柳橋2丁目店,
Suica,C7,7A948,セブン‐イレブン,台東柳橋2丁目店,
Suica,C7,7A955,セブン‐イレブン,TOC有明店,
Suica,C7,7A9DE,セブン‐イレブン,栃木駅前通り店,
Suica,C7,7A9DF,セブン‐イレブン,栃木駅前通り店,
Suica,C7,7A9E5,PRONTO CAFFE,調布店,
Suica,C7,7AA12,セブン‐イレブン,大桑須原店,
Suica,C7,7AA2C,セブン‐イレブン,品川駅港南口店,
Suica,C7,7AA2D,セブン‐イレブン,品川駅港南口店,
Suica,C7,7AA2E,セブン‐イレブン,品川駅港南口店,
Suica,C7,7AA2F,セブン‐イレブン,品川駅港南口店,
Suica,C7,7AA30,セブン‐イレブン,新木場1丁目店,
Suica,C7,7AA31,セブン‐イレブン,新木場1丁目店,
Suica,C7,7AA32,セブン‐イレブン,新木場1丁目店,
Suica,C7,7AA9E,セブン‐イレブン,水戸駅南口店,
Suica,C7,7AA9F,セブン‐イレブン,水戸駅南口店,
Suica,C7,7AAA0,セブン‐イレブン,水戸駅南口店,
Suica,C7,7AAA3,セブン‐イレブン,潮来宮前店,
Suica,C7,7AAA4,セブン‐イレブン,潮来宮前店,
Suica,C7,7AAC6,セブン‐イレブン,藤沢鵠沼石上1丁目店,
Suica,C7,7AB12,セブン‐イレブン,新潟黒埼インター店,
Suica,C7,7AB30,セブン‐イレブン,日本橋本町1丁目店,
Suica,C7,7AB31,セブン‐イレブン,日本橋本町1丁目店,
Suica,C7,7AB32,セブン‐イレブン,日本橋本町1丁目店,
Suica,C7,7AB33,セブン‐イレブン,日本橋本町1丁目店,
Suica,C7,7AB55,セブン‐イレブン,九段北4丁目店,
Suica,C7,7AD02,セブン‐イレブン,目黒大橋2丁目店,
Suica,C7,7AD31,セブン‐イレブン,寒河江島店,
Suica,C7,7AD32,セブン‐イレブン,寒河江島店,
Suica,C7,7ADBD,セブン‐イレブン,新潟駅前店,
Suica,C7,7ADBE,セブン‐イレブン,新潟駅前店,
Suica,C7,7ADE7,セブン‐イレブン,豊島劇場通り東店,
Suica,C7,7AE06,セブン‐イレブン,目黒行人坂店,
Suica,C7,7AE07,セブン‐イレブン,目黒行人坂店,
Suica,C7,7AE08,セブン‐イレブン,目黒行人坂店,
Suica,C7,7AE3B,セブン‐イレブン,船橋本町1丁目店,
Suica,C7,7AE3C,セブン‐イレブン,船橋本町1丁目店,
Suica,C7,7AE4B,セブン‐イレブン,平塚駅北口店,
Suica,C7,7AE4C,セブン‐イレブン,平塚駅北口店,
Suica,C7,7AE4D,セブン‐イレブン,平塚駅北口店,
Suica,C7,7AE5A,セブン‐イレブン,渋谷宇田川町北店,
Suica,C7,7AE5B,セブン‐イレブン,渋谷宇田川町北店,
Suica,C7,7AE5C,セブン‐イレブン,渋谷宇田川町北店,
Suica,C7,7AEC4,サブウェイ,渋谷桜丘店,
Suica,C7,7AF10,セブン‐イレブン,聖籠蓮野インター店,
Suica,C7,7AF11,セブン‐イレブン,聖籠蓮野インター店,
Suica,C7,7AF12,セブン‐イレブン,聖籠蓮野インター店,
Suica,C7,7AF26,セブン‐イレブン,藤沢朝日町店,
Suica,C7,7AF87,セブン‐イレブン,いわき平下の町店,
Suica,C7,7AFD4,セブン‐イレブン,東京ドームシティミーツポート店,
Suica,C7,7B09E,セブン‐イレブン,天童鎌田本町2丁目店,
Suica,C7,7B09F,セブン‐イレブン,天童鎌田本町2丁目店,
Suica,C7,7B120,セブン‐イレブン,新潟水島町店,
Suica,C7,7B121,セブン‐イレブン,新潟水島町店,
Suica,C7,7B14B,セブン‐イレブン,鎌ヶ谷総合病院前店,
Suica,C7,7B14C,セブン‐イレブン,鎌ヶ谷総合病院前店,
Suica,C7,7B151,セブン‐イレブン,豊島南大塚1丁目店,
Suica,C7,7B152,セブン‐イレブン,豊島南大塚1丁目店,
Suica,C7,7B1D0,セブン‐イレブン,あきる野市役所前店,
Suica,C7,7B1ED,セブン‐イレブン,ヤエチカ店,
Suica,C7,7B1F2,セブン‐イレブン,7FS公立昭和病院店,
Suica,C7,7B1F3,おかしのまちおか,日本橋店,
Suica,C7,7B256,セブン‐イレブン,赤坂Bizタワー店,
Suica,C7,7B2FA,セブン‐イレブン,調布飛田給駅北口店,
Suica,C7,7B2FB,セブン‐イレブン,調布飛田給駅北口店,
Suica,C7,7B321,セブン‐イレブン,熊谷佐谷田店,
Suica,C7,7B322,セブン‐イレブン,熊谷佐谷田店,
Suica,C7,7B390,セブン‐イレブン,長瀞中野上店,
Suica,C7,7B391,セブン‐イレブン,長瀞中野上店,
Suica,C7,7B3D3,セブン‐イレブン,渋谷代々木2丁目店,
Suica,C7,7B3D7,セブン‐イレブン,新宿駅靖国通り店,
Suica,C7,7B3ED,セブン‐イレブン,上目黒3丁目店,
Suica,C7,7B409,すき家,アキバ田代通り店,
Suica,C7,7B423,セブン‐イレブン,香取津宮店,
Suica,C7,7B47A,セブン‐イレブン,北上江釣子五条丸店,
Suica,C7,7B47B,セブン‐イレブン,北上江釣子五条丸店,
Suica,C7,7B513,セブン‐イレブン,新潟小針藤山店,
Suica,C7,7B54D,セブン‐イレブン,東池袋1丁目店,
Suica,C7,7B54E,セブン‐イレブン,東池袋1丁目店,
Suica,C7,7B54F,セブン‐イレブン,東池袋1丁目店,
Suica,C7,7B550,セブン‐イレブン,東池袋1丁目店,
Suica,C7,7B551,セブン‐イレブン,東池袋1丁目店,
Suica,C7,7B5B1,セブン‐イレブン,大手町カンファレンスセンター店,
Suica,C7,7B5F2,セブン‐イレブン,亀戸十三間通り店,
Suica,C7,7B5F3,セブン‐イレブン,亀戸十三間通り店,
Suica,C7,7B5F4,セブン‐イレブン,亀戸十三間通り店,
Suica,C7,7B683,セブン‐イレブン,松本双葉店,
Suica,C7,7B75E,セブン‐イレブン,水戸水高スクエア店,
Suica,C7,7B75F,セブン‐イレブン,水戸水高スクエア店,
Suica,C7,7B7B4,セブン‐イレブン,久喜駅西口店,
Suica,C7,7B84A,セブン‐イレブン,新潟向陽2丁目店,
Suica,C7,7B84D,セブン‐イレブン,妙高関川町店,
Suica,C7,7B84E,セブン‐イレブン,妙高関川町店,
Suica,C7,7B87C,セブン‐イレブン,代々木イースト店,
Suica,C7,7B8D3,セブン‐イレブン,新潟滝谷町店,
Suica,C7,7B8D4,セブン‐イレブン,新潟滝谷町店,
Suica,C7,7B935,セブン‐イレブン,石岡貝地店,
Suica,C7,7B936,セブン‐イレブン,石岡貝地店,
Suica,C7,7B94D,セブン‐イレブン,新潟城所インター店,
Suica,C7,7B94E,セブン‐イレブン,新潟城所インター店,
Suica,C7,7B959,セブン‐イレブン,北志賀夜間瀬店,
Suica,C7,7B997,セブン‐イレブン,渋谷区渋谷2の南店,
Suica,C7,7BA12,セブン‐イレブン,北上諏訪町2丁目店,
Suica,C7,7BA13,セブン‐イレブン,北上諏訪町2丁目店,
Suica,C7,7BA58,セブン‐イレブン,茅場町駅前店,
Suica,C7,7BA62,セブン‐イレブン,新潟神道寺店,
Suica,C7,7BA63,セブン‐イレブン,新潟神道寺店,
Suica,C7,7BA67,セブン‐イレブン,会津東栄町店,
Suica,C7,7BA68,セブン‐イレブン,会津東栄町店,
Suica,C7,7BB0B,セブン‐イレブン,阿賀野保田店,
Suica,C7,7BB0C,セブン‐イレブン,阿賀野保田店,
Suica,C7,7BB13,セブン‐イレブン,気仙沼バイパス店,
Suica,C7,7BB14,セブン‐イレブン,気仙沼バイパス店,
Suica,C7,7BB2D,セブン‐イレブン,目黒柳通り店,
Suica,C7,7BB2E,セブン‐イレブン,目黒柳通り店,
Suica,C7,7BB82,セブン‐イレブン,四谷3丁目店,
Suica,C7,7BBA0,セブン‐イレブン,山形錦町店,
Suica,C7,7BC1C,セブン‐イレブン,茂原駅前店,
Suica,C7,7BC1D,セブン‐イレブン,茂原駅前店,
Suica,C7,7BC1E,セブン‐イレブン,茂原駅前店,
Suica,C7,7BC28,セブン‐イレブン,中目黒アトラスタワー店,
Suica,C7,7BC5E,セブン‐イレブン,新潟競馬場前店,
Suica,C7,7BC5F,セブン‐イレブン,新潟競馬場前店,
Suica,C7,7BC92,セブン‐イレブン,ひたちなか武田店,
Suica,C7,7BC93,セブン‐イレブン,ひたちなか武田店,
Suica,C7,7BC9A,セブン‐イレブン,上総大多喜駅前店,
Suica,C7,7BC9B,セブン‐イレブン,上総大多喜駅前店,
Suica,C7,7BCA8,セブン‐イレブン,六本木駅北店,
Suica,C7,7BCDA,セブン‐イレブン,篠ノ井布施高田店,
Suica,C7,7BCF0,セブン‐イレブン,新潟女池西店,
Suica,C7,7BCF1,セブン‐イレブン,新潟女池西店,
Suica,C7,7BD4D,すき家,飛田給店,
Suica,C7,7BD89,セブン‐イレブン,盛岡永井店,
Suica,C7,7BD8A,セブン‐イレブン,盛岡永井店,
Suica,C7,7BD8B,セブン‐イレブン,盛岡永井店,
Suica,C7,7BDB4,セブン‐イレブン,熊谷伊勢町店,
Suica,C7,7BDD0,セブン‐イレブン,足利伊勢町店,
Suica,C7,7BE21,セブン‐イレブン,神田小川町2丁目店,
Suica,C7,7BE22,セブン‐イレブン,神田小川町2丁目店,
Suica,C7,7BE23,セブン‐イレブン,神田小川町2丁目店,
Suica,C7,7BE6E,セブン‐イレブン,加茂大郷町店,
Suica,C7,7BE89,駅弁屋,熱海中央売店,
Suica,C7,7BE92,セブン‐イレブン,郡山守山店,
Suica,C7,7BEF0,はま寿司,あきる野秋川店,
Suica,C7,7BEF1,はま寿司,あきる野秋川店,
Suica,C7,7BEFE,セブン‐イレブン,池袋2丁目劇場通り店,
Suica,C7,7BFB5,セブン‐イレブン,渋谷金王坂上店,
Suica,C7,7BFED,すき家,新宿南店,
Suica,C7,7BFEE,すき家,新宿南店,
Suica,C7,7BFFB,すき家,関内店,
Suica,C7,7C020,すき家,豊洲四丁目店,
Suica,C7,7C021,すき家,豊洲四丁目店,
Suica,C7,7C04D,すき家,新潟東大通店,
Suica,C7,7C04E,すき家,新潟東大通店,
Suica,C7,7C056,すき家,新潟笹口店,
Suica,C7,7C057,すき家,新潟笹口店,
Suica,C7,7C060,すき家,むつ中央店,
Suica,C7,7C078,セブン‐イレブン,糸魚川押上店,
Suica,C7,7C079,セブン‐イレブン,糸魚川押上店,
Suica,C7,7C08C,すき家,築地四丁目店,
Suica,C7,7C0A7,セブン‐イレブン,新潟太夫浜店,
Suica,C7,7C106,はま寿司,新潟新津店,
Suica,C7,7C121,すき家,竹芝店,
Suica,C7,7C141,セブン‐イレブン,天王洲シーフォートスクエア店,
Suica,C7,7C169,セブン‐イレブン,原宿竹下通り店,
Suica,C7,7C170,セブン‐イレブン,日比谷駅前店,
Suica,C7,7C186,セブン‐イレブン,藤沢弥勒寺2丁目店,
Suica,C7,7C19E,セブン‐イレブン,会津門田日吉店,
Suica,C7,7C19F,セブン‐イレブン,会津門田日吉店,
Suica,C7,7C1DD,セブン‐イレブン,上田塩田店,
Suica,C7,7C1DE,セブン‐イレブン,上田塩田店,
Suica,C7,7C1E2,セブン‐イレブン,新潟上新栄町店,
Suica,C7,7C1F0,セブン‐イレブン,パレスサイドビル店,
Suica,C7,7C264,セブン‐イレブン,港区溜池山王店,
Suica,C7,7C28C,セブン‐イレブン,花巻城内店,
Suica,C7,7C28D,セブン‐イレブン,花巻城内店,
Suica,C7,7C294,セブン‐イレブン,仙台熊ヶ根店,
Suica,C7,7C295,セブン‐イレブン,仙台熊ヶ根店,
Suica,C7,7C2E2,セブン‐イレブン,豊洲5丁目店,
Suica,C7,7C344,セブン‐イレブン,新潟東港店,
Suica,C7,7C345,セブン‐イレブン,新潟東港店,
Suica,C7,7C346,セブン‐イレブン,新潟東港店,
Suica,C7,7C3C9,セブン‐イレブン,長岡宮内駅前通り店,
Suica,C7,7C3EC,セブン‐イレブン,燕井土巻店,
Suica,C7,7C3ED,セブン‐イレブン,燕井土巻店,
Suica,C7,7C422,セブン‐イレブン,新発田城北町店,
Suica,C7,7C485,セブン‐イレブン,岩手医科大学西店,
Suica,C7,7C486,セブン‐イレブン,岩手医科大学西店,
Suica,C7,7C487,セブン‐イレブン,岩手医科大学西店,
Suica,C7,7C4EC,すき家,赤坂六丁目店,
Suica,C7,7C51A,セブン‐イレブン,気仙沼長磯店,
Suica,C7,7C51B,セブン‐イレブン,気仙沼長磯店,
Suica,C7,7C560,すき家,渋谷円山町店,
Suica,C7,7C561,すき家,渋谷円山町店,
Suica,C7,7C572,すき家,戸塚駅西口店,
Suica,C7,7C583,すき家,渋谷南平台店,
Suica,C7,7C584,すき家,渋谷南平台店,
Suica,C7,7C587,すき家,立場店,
Suica,C7,7C588,すき家,立場店,
Suica,C7,7C5E2,セブン‐イレブン,宇都宮岡本中央店,
Suica,C7,7C629,セブン‐イレブン,東武曳舟駅前店,
Suica,C7,7C62A,セブン‐イレブン,東武曳舟駅前店,
Suica,C7,7C62B,セブン‐イレブン,東武曳舟駅前店,
Suica,C7,7C633,セブン‐イレブン,世田谷三軒茶屋2丁目店,
Suica,C7,7C641,セブン‐イレブン,塩釜駅前通店,
Suica,C7,7C642,セブン‐イレブン,塩釜駅前通店,
Suica,C7,7C662,セブン‐イレブン,新潟下木戸2丁目店,
Suica,C7,7C663,セブン‐イレブン,新潟下木戸2丁目店,
Suica,C7,7C670,セブン‐イレブン,北上江釣子インター店,
Suica,C7,7C671,セブン‐イレブン,北上江釣子インター店,
Suica,C7,7C6B9,セブン‐イレブン,会津西七日町店,
Suica,C7,7C722,セブン‐イレブン,一関東口店,
Suica,C7,7C75C,セブン‐イレブン,新潟東出来島店,
Suica,C7,7C76F,セブン‐イレブン,山形駅西口店,
Suica,C7,7C770,セブン‐イレブン,山形駅西口店,
Suica,C7,7C7A6,セブン‐イレブン,世田谷桜新町1丁目店,
Suica,C7,7C7BD,すき家,盛岡西店,
Suica,C7,7C7BE,すき家,盛岡西店,
Suica,C7,7C7C6,セブン‐イレブン,米沢城西3丁目店,
Suica,C7,7C7C7,セブン‐イレブン,米沢城西3丁目店,
Suica,C7,7C7C8,セブン‐イレブン,米沢城西3丁目店,
Suica,C7,7C806,すき家,渋谷二丁目店,
Suica,C7,7C810,すき家,渋谷桜丘店,
Suica,C7,7C811,すき家,渋谷桜丘店,
Suica,C7,7C82D,セブン‐イレブン,丸の内永楽ビル店,
Suica,C7,7C839,セブン‐イレブン,新橋SL広場前店,
Suica,C7,7C843,セブン‐イレブン,恵比寿駅東口店,
Suica,C7,7C846,セブン‐イレブン,目黒青葉台3丁目店,
Suica,C7,7C847,セブン‐イレブン,目黒青葉台3丁目店,
Suica,C7,7C863,セブン‐イレブン,南仙台駅前店,
Suica,C7,7C864,セブン‐イレブン,南仙台駅前店,
Suica,C7,7C868,セブン‐イレブン,村山楯岡中町店,
Suica,C7,7C986,セブン‐イレブン,潮来あやめ1丁目店,
Suica,C7,7C987,セブン‐イレブン,潮来あやめ1丁目店,
Suica,C7,7C9D3,セブン‐イレブン,新潟竹尾3丁目店,
Suica,C7,7CA22,セブン‐イレブン,北区王子1丁目北店,
Suica,C7,7CA79,セブン‐イレブン,相模原上溝6丁目店,
Suica,C7,7CA7A,セブン‐イレブン,相模原上溝6丁目店,
Suica,C7,7CAA3,セブン‐イレブン,長津田駅西口店,
Suica,C7,7CAA4,セブン‐イレブン,長津田駅西口店,
Suica,C7,7CABC,セブン‐イレブン,新潟山木戸店,
Suica,C7,7CABD,セブン‐イレブン,新潟山木戸店,
Suica,C7,7CBB9,セブン‐イレブン,さいたま大門町1丁目店,
Suica,C7,7CBBE,セブン‐イレブン,長岡旭町店,
Suica,C7,7CBBF,セブン‐イレブン,長岡旭町店,
Suica,C7,7CBDB,セブン‐イレブン,池袋2丁目東店,
Suica,C7,7CC4F,セブン‐イレブン,渋川辰巳町店,
Suica,C7,7CC6A,セブン‐イレブン,大和中央林間3丁目店,
Suica,C7,7CC6E,セブン‐イレブン,新潟弁天橋店,
Suica,C7,7CC6F,セブン‐イレブン,新潟弁天橋店,
Suica,C7,7CCD3,セブン‐イレブン,東根若木店,
Suica,C7,7CD34,セブン‐イレブン,豊島南池袋1丁目店,
Suica,C7,7CD35,セブン‐イレブン,豊島南池袋1丁目店,
Suica,C7,7CD36,セブン‐イレブン,豊島南池袋1丁目店,
Suica,C7,7CDB3,セブン‐イレブン,厚木旭町5丁目店,
Suica,C7,7CDB4,セブン‐イレブン,厚木旭町5丁目店,
Suica,C7,7CE0F,セブン‐イレブン,高崎鶴見町店,
Suica,C7,7CE70,セブン‐イレブン,新潟神谷内店,
Suica,C7,7CE71,セブン‐イレブン,新潟神谷内店,
Suica,C7,7CF0C,セブン‐イレブン,水戸緑岡店,
Suica,C7,7CF0D,セブン‐イレブン,水戸緑岡店,
Suica,C7,7CF30,セブン‐イレブン,新潟上大川前通4番町店,
Suica,C7,7CF31,セブン‐イレブン,新潟上大川前通4番町店,
Suica,C7,7CFB7,セブン‐イレブン,目黒東が丘2丁目店,
Suica,C7,7D048,セブン‐イレブン,渋谷3丁目六本木通り店,
Suica,C7,7D049,セブン‐イレブン,渋谷3丁目六本木通り店,
Suica,C7,7D059,セブン‐イレブン,上目黒1丁目店,
Suica,C7,7D05A,セブン‐イレブン,上目黒1丁目店,
Suica,C7,7D05B,セブン‐イレブン,上目黒1丁目店,
Suica,C7,7D0D0,セブン‐イレブン,茨城県庁西店,
Suica,C7,7D0D1,セブン‐イレブン,茨城県庁西店,
Suica,C7,7D0D2,セブン‐イレブン,茨城県庁西店,
Suica,C7,7D1B1,セブン‐イレブン,糸魚川能生インター店,
Suica,C7,7D1B2,セブン‐イレブン,糸魚川能生インター店,
Suica,C7,7D24E,セブン‐イレブン,水戸東赤塚店,
Suica,C7,7D24F,セブン‐イレブン,水戸東赤塚店,
Suica,C7,7D2A0,セブン‐イレブン,仙台一番町3丁目店,
Suica,C7,7D2CF,セブン‐イレブン,新潟寄居町店,
Suica,C7,7D2D0,セブン‐イレブン,新潟寄居町店,
Suica,C7,7D2D4,セブン‐イレブン,五泉東本町店,
Suica,C7,7D2FE,セブン‐イレブン,足利朝倉町店,
Suica,C7,7D331,セブン‐イレブン,小田原曽我店,
Suica,C7,7D3C8,セブン‐イレブン,聖籠網代浜店,
Suica,C7,7D3FA,いろり庵きらく,上野店,
Suica,C7,7D402,#本場さぬきうどん#親父の製麺所,大崎店,
Suica,C7,7D47D,セブン‐イレブン,水戸東桜川店,
Suica,C7,7D47E,セブン‐イレブン,水戸東桜川店,
Suica,C7,7D516,セブン‐イレブン,いわき泉滝尻店,
Suica,C7,7D51E,セブン‐イレブン,日本橋茅場町2丁目店,
Suica,C7,7D51F,セブン‐イレブン,日本橋茅場町2丁目店,
Suica,C7,7D520,セブン‐イレブン,日本橋茅場町2丁目店,
Suica,C7,7D521,セブン‐イレブン,日本橋茅場町2丁目店,
Suica,C7,7D56A,セブン‐イレブン,平塚八重咲町店,
Suica,C7,7D56B,セブン‐イレブン,平塚八重咲町店,
Suica,C7,7D585,セブン‐イレブン,有楽町イトシア店,
Suica,C7,7D5BD,セブン‐イレブン,小諸南町店,
Suica,C7,7D5CA,セブン‐イレブン,江東潮見2丁目店,
Suica,C7,7D5CB,セブン‐イレブン,江東潮見2丁目店,
Suica,C7,7D631,セブン‐イレブン,新宿駅西店,
Suica,C7,7D63A,セブン‐イレブン,千代田大神宮通り店,
Suica,C7,7D63B,セブン‐イレブン,千代田大神宮通り店,
Suica,C7,7D63C,セブン‐イレブン,千代田大神宮通り店,
Suica,C7,7D640,セブン‐イレブン,上越川原町店,
Suica,C7,7D644,セブン‐イレブン,飯田橋升本ビル店,
Suica,C7,7D65A,セブン‐イレブン,江東亀戸駅北店,
Suica,C7,7D65B,セブン‐イレブン,江東亀戸駅北店,
Suica,C7,7D65C,セブン‐イレブン,江東亀戸駅北店,
Suica,C7,7D66E,セブン‐イレブン,鴻巣南1丁目店,
Suica,C7,7D66F,セブン‐イレブン,鴻巣南1丁目店,
Suica,C7,7D6CA,セブン‐イレブン,関川土沢店,
Suica,C7,7D714,セブン‐イレブン,銀座地下街店,
Suica,C7,7D74D,セブン‐イレブン,神田神保町3丁目店,
Suica,C7,7D74E,セブン‐イレブン,神田神保町3丁目店,
Suica,C7,7D74F,セブン‐イレブン,神田神保町3丁目店,
Suica,C7,7D78C,セブン‐イレブン,伊勢原1丁目店,
Suica,C7,7D78D,セブン‐イレブン,伊勢原1丁目店,
Suica,C7,7D7A0,セブン‐イレブン,福島栄町店,
Suica,C7,7D7A1,セブン‐イレブン,福島栄町店,
Suica,C7,7D7A2,セブン‐イレブン,福島栄町店,
Suica,C7,7D7DE,セブン‐イレブン,新潟幸西店,
Suica,C7,7D7E2,セブン‐イレブン,鶴岡大宝寺町店,
Suica,C7,7D7E3,セブン‐イレブン,鶴岡大宝寺町店,
Suica,C7,7D868,セブン‐イレブン,横浜泉桂坂店,
Suica,C7,7D869,セブン‐イレブン,横浜泉桂坂店,
Suica,C7,7D894,セブン‐イレブン,長岡石動町店,
Suica,C7,7D895,セブン‐イレブン,長岡石動町店,
Suica,C7,7D8E4,セブン‐イレブン,武蔵野台駅南口店,
Suica,C7,7D8E5,セブン‐イレブン,武蔵野台駅南口店,
Suica,C7,7D8E6,セブン‐イレブン,武蔵野台駅南口店,
Suica,C7,7D8FE,セブン‐イレブン,大仙福田町店,
Suica,C7,7D904,セブン‐イレブン,花巻東和町店,
Suica,C7,7D93A,セブン‐イレブン,足利寺岡店,
Suica,C7,7D96A,セブン‐イレブン,新潟駅CoCoLo西館店,
Suica,C7,7D96B,セブン‐イレブン,新潟駅CoCoLo西館店,
Suica,C7,7D9D3,セブン‐イレブン,小田原鴨宮駅南店,
Suica,C7,7D9D4,セブン‐イレブン,小田原鴨宮駅南店,
Suica,C7,7DAAD,セブン‐イレブン,世田谷下北沢駅前店,
Suica,C7,7DAAE,セブン‐イレブン,世田谷下北沢駅前店,
Suica,C7,7DAB1,セブン‐イレブン,武蔵五日市駅前店,
Suica,C7,7DAB2,セブン‐イレブン,武蔵五日市駅前店,
Suica,C7,7DAE0,セブン‐イレブン,小平駅南店,
Suica,C7,7DAE1,セブン‐イレブン,小平駅南店,
Suica,C7,7DAE5,セブン‐イレブン,香取市佐原駅前店,
Suica,C7,7DB28,セブン‐イレブン,トモス水戸大工町1丁目店,
Suica,C7,7DB29,セブン‐イレブン,トモス水戸大工町1丁目店,
Suica,C7,7DBA7,セブン‐イレブン,小山駅西口店,
Suica,C7,7DBA8,セブン‐イレブン,小山駅西口店,
Suica,C7,7DBA9,セブン‐イレブン,小山駅西口店,
Suica,C7,7DC26,セブン‐イレブン,秋川駅東店,
Suica,C7,7DC27,セブン‐イレブン,秋川駅東店,
Suica,C7,7DC98,セブン‐イレブン,渋谷神南1丁目店,
Suica,C7,7DCC6,セブン‐イレブン,潮来洲崎店,
Suica,C7,7DCCA,セブン‐イレブン,新潟浜谷町店,
Suica,C7,7DCE7,セブン‐イレブン,伊勢原工業団地店,
Suica,C7,7DCE8,セブン‐イレブン,伊勢原工業団地店,
Suica,C7,7DD09,セブン‐イレブン,芝大門2丁目店,
Suica,C7,7DD1E,セブン‐イレブン,郡山八木橋店,
Suica,C7,7DD1F,セブン‐イレブン,郡山八木橋店,
Suica,C7,7DD41,セブン‐イレブン,月島駅前店,
Suica,C7,7DD42,セブン‐イレブン,月島駅前店,
Suica,C7,7DD75,セブン‐イレブン,新潟和合町店,
Suica,C7,7DDE3,セブン‐イレブン,歌舞伎座店,
Suica,C7,7DDE4,セブン‐イレブン,歌舞伎座店,
Suica,C7,7DDE5,セブン‐イレブン,歌舞伎座店,
Suica,C7,7DED0,セブン‐イレブン,気仙沼東新城3丁目店,
Suica,C7,7DED1,セブン‐イレブン,気仙沼東新城3丁目店,
Suica,C7,7DF02,セブン‐イレブン,飯田川路駅前店,
Suica,C7,7DF07,セブン‐イレブン,北須坂駅前店,
Suica,C7,7DF48,セブン‐イレブン,仙台あおば通店,
Suica,C7,7DF49,セブン‐イレブン,仙台あおば通店,
Suica,C7,7DF4A,セブン‐イレブン,仙台あおば通店,
Suica,C7,7DF4B,セブン‐イレブン,仙台あおば通店,
Suica,C7,7E018,セブン‐イレブン,ゆりかもめ豊洲駅店,
Suica,C7,7E019,セブン‐イレブン,ゆりかもめ豊洲駅店,
Suica,C7,7E020,セブン‐イレブン,ゆりかもめ豊洲駅店,
Suica,C7,7E075,セブン‐イレブン,東池袋明治通り店,
Suica,C7,7E0D5,セブン‐イレブン,渋谷3丁目明治通り店,
Suica,C7,7E162,セブン‐イレブン,大崎広小路駅西店,
Suica,C7,7E18F,セブン‐イレブン,赤坂3丁目一ツ木通り店,
Suica,C7,7E19E,セブン‐イレブン,豊洲駅前店,
Suica,C7,7E1EA,セブン‐イレブン,水戸河和田3丁目店,
Suica,C7,7E1EB,セブン‐イレブン,水戸河和田3丁目店,
Suica,C7,7E20E,セブン‐イレブン,長野川中島駅前店,
Suica,C7,7E232,セブン‐イレブン,歌舞伎座タワー店,
Suica,C7,7E240,セブン‐イレブン,魚沼広神下田店,
Suica,C7,7E241,セブン‐イレブン,魚沼広神下田店,
Suica,C7,7E259,セブン‐イレブン,山形宮町2丁目店,
Suica,C7,7E25A,セブン‐イレブン,山形宮町2丁目店,
Suica,C7,7E27D,セブン‐イレブン,池袋2丁目店,
Suica,C7,7E2A4,セブン‐イレブン,本庄早稲田中央通り店,
Suica,C7,7E3CA,セブン‐イレブン,赤坂3丁目みすじ通り店,
Suica,C7,7E47E,セブン‐イレブン,一関城内店,
Suica,C7,7E47F,セブン‐イレブン,一関城内店,
Suica,C7,7E4B5,セブン‐イレブン,長岡中島7丁目店,
Suica,C7,7E4B6,セブン‐イレブン,長岡中島7丁目店,
Suica,C7,7E5BC,セブン‐イレブン,新潟木崎店,
Suica,C7,7E6AE,セブン‐イレブン,新橋2丁目店,
Suica,C7,7E712,セブン‐イレブン,米沢駅前3丁目店,
Suica,C7,7E795,セブン‐イレブン,郡山駅前南通り店,
Suica,C7,7E7C1,セブン‐イレブン,北参道駅前店,
Suica,C7,7E7C2,セブン‐イレブン,北参道駅前店,
Suica,C7,7E86B,セブン‐イレブン,秋田土崎港北7丁目店,
Suica,C7,7E86C,セブン‐イレブン,秋田土崎港北7丁目店,
Suica,C7,7E87B,セブン‐イレブン,村上南町店,
Suica,C7,7E87C,セブン‐イレブン,村上南町店,
Suica,C7,7E880,セブン‐イレブン,村上山居町店,
Suica,C7,7E881,セブン‐イレブン,村上山居町店,
Suica,C7,7E8A2,セブン‐イレブン,北上インター東店,
Suica,C7,7E8A3,セブン‐イレブン,北上インター東店,
Suica,C7,7E8B6,セブン‐イレブン,新宿市谷田町2丁目店,
Suica,C7,7E8DA,セブン‐イレブン,豊洲晴海通り店,
Suica,C7,7E9AB,セブン‐イレブン,いわき駅前通り西店,
Suica,C7,7E9F6,セブン‐イレブン,佐久中込中央店,
Suica,C7,7EA6E,セブン‐イレブン,古川李埣店,
Suica,C7,7EA6F,セブン‐イレブン,古川李埣店,
Suica,C7,7EA8D,セブン‐イレブン,秋田泉北3丁目店,
Suica,C7,7EA8E,セブン‐イレブン,秋田泉北3丁目店,
Suica,C7,7EAB1,セブン‐イレブン,渋川駅前店,
Suica,C7,7EBBD,セブン‐イレブン,八王子サザンスカイタワー店,
Suica,C7,7EC52,セブン‐イレブン,渋谷道玄坂店,
Suica,C7,7EC53,セブン‐イレブン,渋谷道玄坂店,
Suica,C7,7EC76,セブン‐イレブン,酒田東町店,
Suica,C7,7ECD5,セブン‐イレブン,八幡平野駄店,
Suica,C7,7ECD6,セブン‐イレブン,八幡平野駄店,
Suica,C7,7ED4F,セブン‐イレブン,勝どき5丁目店,
Suica,C7,7ED50,セブン‐イレブン,勝どき5丁目店,
Suica,C7,7ED51,セブン‐イレブン,勝どき5丁目店,
Suica,C7,7ED52,セブン‐イレブン,勝どき5丁目店,
Suica,C7,7ED58,セブン‐イレブン,今市中央店,
Suica,C7,7ED66,セブン‐イレブン,代々木駅北口店,
Suica,C7,7ED67,セブン‐イレブン,代々木駅北口店,
Suica,C7,7ED68,セブン‐イレブン,代々木駅北口店,
Suica,C7,7ED76,セブン‐イレブン,川崎よみうりランド前店,
Suica,C7,7ED84,セブン‐イレブン,神田須田町中央通り店,
Suica,C7,7EDA0,セブン‐イレブン,横浜戸塚旭町通り店,
Suica,C7,7EE3F,セブン‐イレブン,気仙沼松崎店,
Suica,C7,7EE40,セブン‐イレブン,気仙沼松崎店,
Suica,C7,7EE6B,セブン‐イレブン,いわて花巻空港前店,
Suica,C7,7EE6C,セブン‐イレブン,いわて花巻空港前店,
Suica,C7,7EEC4,セブン‐イレブン,新宿東宝ビル店,
Suica,C7,7EECE,セブン‐イレブン,長野二線路通り店,
Suica,C7,7EEEA,セブン‐イレブン,郡山日出山1丁目店,
Suica,C7,7EF16,セブン‐イレブン,西池袋立教通り前店,
Suica,C7,7EF34,セブン‐イレブン,佐久中込駅前店,
Suica,C7,7EF9F,セブン‐イレブン,熊谷宮本町店,
Suica,C7,7EFC5,セブン‐イレブン,浅草橋駅東口店,
Suica,C7,7EFC6,セブン‐イレブン,浅草橋駅東口店,
Suica,C7,7EFC7,セブン‐イレブン,浅草橋駅東口店,
Suica,C7,7F01E,セブン‐イレブン,しながわ水族館西店,
Suica,C7,7F01F,セブン‐イレブン,しながわ水族館西店,
Suica,C7,7F032,セブン‐イレブン,渋川大正橋店,
Suica,C7,7F047,セブン‐イレブン,大和いちょう団地店,
Suica,C7,7F048,セブン‐イレブン,大和いちょう団地店,
Suica,C7,7F070,セブン‐イレブン,陸前高田アップルロード店,
Suica,C7,7F071,セブン‐イレブン,陸前高田アップルロード店,
Suica,C7,7F093,セブン‐イレブン,飯田橋駅北店,
Suica,C7,7F094,セブン‐イレブン,飯田橋駅北店,
Suica,C7,7F095,セブン‐イレブン,飯田橋駅北店,
Suica,C7,7F096,セブン‐イレブン,飯田橋駅北店,
Suica,C7,7F0CE,セブン‐イレブン,四谷1丁目店,
Suica,C7,7F1E5,セブン‐イレブン,パークタワー新川崎店,
Suica,C7,7F1F2,セブン‐イレブン,笠間美原3丁目店,
Suica,C7,7F1F3,セブン‐イレブン,笠間美原3丁目店,
Suica,C7,7F219,セブン‐イレブン,柏崎新花町店,
Suica,C7,7F2A5,セブン‐イレブン,いわき久之浜店,
Suica,C7,7F2CB,セブン‐イレブン,新潟秋葉通店,
Suica,C7,7F2CC,セブン‐イレブン,新潟秋葉通店,
Suica,C7,7F320,セブン‐イレブン,長野駅東口店,
Suica,C7,7F321,セブン‐イレブン,長野駅東口店,
Suica,C7,7F32E,セブン‐イレブン,相模原上溝3丁目店,
Suica,C7,7F32F,セブン‐イレブン,相模原上溝3丁目店,
Suica,C7,7F360,セブン‐イレブン,北区赤羽1丁目北店,
Suica,C7,7F361,セブン‐イレブン,北区赤羽1丁目北店,
Suica,C7,7F380,セブン‐イレブン,福島広野町店,
Suica,C7,7F3CB,セブン‐イレブン,千代田一ツ橋2丁目店,
Suica,C7,7F3CC,セブン‐イレブン,千代田一ツ橋2丁目店,
Suica,C7,7F3CD,セブン‐イレブン,千代田一ツ橋2丁目店,
Suica,C7,7F3E0,セブン‐イレブン,神田駅南口店,
Suica,C7,7F3F6,セブン‐イレブン,柏崎四谷3丁目店,
Suica,C7,7F3F7,セブン‐イレブン,柏崎四谷3丁目店,
Suica,C7,7F41C,セブン‐イレブン,麹町5丁目店,
Suica,C7,7F46B,セブン‐イレブン,ホクト文化ホール入口店,
Suica,C7,7F4A7,セブン‐イレブン,渋谷南平台町店,
Suica,C7,7F4A8,セブン‐イレブン,渋谷南平台町店,
Suica,C7,7F4A9,セブン‐イレブン,渋谷南平台町店,
Suica,C7,7F4AD,セブン‐イレブン,新宿4丁目明治通り店,
Suica,C7,7F4E3,すき家,小田原駅東口店,
Suica,C7,7F543,セブン‐イレブン,鎌倉湘南町屋駅前店,
Suica,C7,7F544,セブン‐イレブン,鎌倉湘南町屋駅前店,
Suica,C7,7F545,セブン‐イレブン,鎌倉湘南町屋駅前店,
Suica,C7,7F55A,セブン‐イレブン,いわき泉滝尻中央店,
Suica,C7,7F586,セブン‐イレブン,福島棚倉流店,
Suica,C7,7F58B,セブン‐イレブン,男鹿船越店,
Suica,C7,7F58C,セブン‐イレブン,男鹿船越店,
Suica,C7,7F600,セブン‐イレブン,前橋西片貝1丁目店,
Suica,C7,7F60A,セブン‐イレブン,桐生天沼店,
Suica,C7,7F60F,セブン‐イレブン,新潟平島2丁目店,
Suica,C7,7F610,セブン‐イレブン,新潟平島2丁目店,
Suica,C7,7F6C8,セブン‐イレブン,池袋西口公園前店,
Suica,C7,7F6C9,セブン‐イレブン,池袋西口公園前店,
Suica,C7,7F6CA,セブン‐イレブン,池袋西口公園前店,
Suica,C7,7F752,#Mt.#石井スポーツ,大宮店,
Suica,C7,7F7C6,セブン‐イレブン,三沢中央町4丁目店,
Suica,C7,7F7C7,セブン‐イレブン,三沢中央町4丁目店,
Suica,C7,7F832,セブン‐イレブン,同潤会松江店,
Suica,C7,7F833,セブン‐イレブン,同潤会松江店,
Suica,C7,7F83B,セブン‐イレブン,浅草橋駅西口店,
Suica,C7,7F83C,セブン‐イレブン,浅草橋駅西口店,
Suica,C7,7F83D,セブン‐イレブン,浅草橋駅西口店,
Suica,C7,7F886,セブン‐イレブン,山形十日町4丁目店,
Suica,C7,7F887,セブン‐イレブン,山形十日町4丁目店,
Suica,C7,7F8EA,セブン‐イレブン,燕中央通店,
Suica,C7,7F906,はなまるうどん,中野通り店,
Suica,C7,7F97E,セブン‐イレブン,花泉堺田店,
Suica,C7,7F97F,セブン‐イレブン,花泉堺田店,
Suica,C7,7F9A0,セブン‐イレブン,鹿角八幡平店,
Suica,C7,7F9A1,セブン‐イレブン,鹿角八幡平店,
Suica,C7,7F9CD,セブン‐イレブン,八王子ユーロード店,
Suica,C7,7F9CE,セブン‐イレブン,八王子ユーロード店,
Suica,C7,7F9CF,セブン‐イレブン,八王子ユーロード店,
Suica,C7,7F9D9,セブン‐イレブン,内原駅北店,
Suica,C7,7F9DA,セブン‐イレブン,内原駅北店,
Suica,C7,7F9F2,セブン‐イレブン,新潟高校前店,
Suica,C7,7F9F3,セブン‐イレブン,新潟高校前店,
Suica,C7,7F9F7,セブン‐イレブン,新潟若葉町店,
Suica,C7,7F9F8,セブン‐イレブン,新潟若葉町店,
Suica,C7,7FA34,セブン‐イレブン,渋谷1丁目店,
Suica,C7,7FA92,セブン‐イレブン,潟上天王二田店,
Suica,C7,7FA93,セブン‐イレブン,潟上天王二田店,
Suica,C7,7FAB0,セブン‐イレブン,水戸西原2丁目店,
Suica,C7,7FAB1,セブン‐イレブン,水戸西原2丁目店,
Suica,C7,7FAE2,セブン‐イレブン,新宿御苑前本通り店,
Suica,C7,7FAE3,セブン‐イレブン,新宿御苑前本通り店,
Suica,C7,7FAE4,セブン‐イレブン,新宿御苑前本通り店,
Suica,C7,7FBF1,セブン‐イレブン,大宮駅銀座通り店,
Suica,C7,7FC00,セブン‐イレブン,北本駅西口店,
Suica,C7,7FC01,セブン‐イレブン,北本駅西口店,
Suica,C7,7FC2C,セブン‐イレブン,厚木旭町西店,
Suica,C7,7FC2D,セブン‐イレブン,厚木旭町西店,
Suica,C7,7FC36,セブン‐イレブン,身延下山店,
Suica,C7,7FC49,セブン‐イレブン,青森浜田2丁目店,
Suica,C7,7FC51,セブン‐イレブン,仙台六丁の目駅前店,
Suica,C7,7FC80,すき家,花巻上小舟渡店,
Suica,C7,7FC81,すき家,花巻上小舟渡店,
Suica,C7,7FC93,セブン‐イレブン,小出インター店,
Suica,C7,7FC94,セブン‐イレブン,小出インター店,
Suica,C7,7FCBB,セブン‐イレブン,神田錦町千代田通り店,
Suica,C7,7FCBC,セブン‐イレブン,神田錦町千代田通り店,
Suica,C7,7FD4D,セブン‐イレブン,甲府万才橋店,
Suica,C7,7FD72,セブン‐イレブン,東根神町中央2丁目店,
Suica,C7,7FD73,セブン‐イレブン,東根神町中央2丁目店,
Suica,C7,7FD77,セブン‐イレブン,大館御成町店,
Suica,C7,7FD78,セブン‐イレブン,大館御成町店,
Suica,C7,7FDAC,セブン‐イレブン,TFT有明店,
Suica,C7,7FDDA,セブン‐イレブン,伊那西町店,
Suica,C7,7FE02,セブン‐イレブン,新潟小針1丁目店,
Suica,C7,7FE03,セブン‐イレブン,新潟小針1丁目店,
Suica,C7,7FE33,セブン‐イレブン,大多喜船子店,
Suica,C7,7FE34,セブン‐イレブン,大多喜船子店,
Suica,C7,7FF99,セブン‐イレブン,弘前ショッピングプラザシティ店,
Suica,C7,7FF9A,セブン‐イレブン,弘前ショッピングプラザシティ店,
Suica,C7,7FFD4,セブン‐イレブン,福島五月町店,
Suica,C7,80044,セブン‐イレブン,本庄文化会館前店,
Suica,C7,8007E,セブン‐イレブン,KOYO埼玉小児医療センター店,
Suica,C7,800A0,セブン‐イレブン,上越大和店,
Suica,C7,800A1,セブン‐イレブン,上越大和店,
Suica,C7,800AC,セブン‐イレブン,中越栄善久寺店,
Suica,C7,800B1,セブン‐イレブン,新宿3丁目店,
Suica,C7,8016A,セブン‐イレブン,KOYOさいたま赤十字病院店,
Suica,C7,80183,セブン‐イレブン,新潟卸新町1丁目店,
Suica,C7,80188,セブン‐イレブン,新潟鳥屋野2丁目店,
Suica,C7,80189,セブン‐イレブン,新潟鳥屋野2丁目店,
Suica,C7,801AD,セブン‐イレブン,豊洲1丁目店,
Suica,C7,801AE,セブン‐イレブン,豊洲1丁目店,
Suica,C7,801E4,セブン‐イレブン,おおつち御社地店,
Suica,C7,801E5,セブン‐イレブン,おおつち御社地店,
Suica,C7,80264,セブン‐イレブン,神田和泉町店,
Suica,C7,8027E,セブン‐イレブン,有楽町駅前店,
Suica,C7,802A6,セブン‐イレブン,東福生駅南店,
Suica,C7,802A7,セブン‐イレブン,東福生駅南店,
Suica,C7,802B4,セブン‐イレブン,新潟入船店,
Suica,C7,802B5,セブン‐イレブン,新潟入船店,
Suica,C7,8038F,セブン‐イレブン,新潟和合町1丁目店,
Suica,C7,803C8,セブン‐イレブン,品川大井1丁目店,
Suica,C7,803E4,セブン‐イレブン,池袋東京芸術劇場前店,
Suica,C7,8043C,セブン‐イレブン,青森古川1丁目店,
Suica,C7,8043D,セブン‐イレブン,青森古川1丁目店,
Suica,C7,804A1,セブン‐イレブン,板橋1丁目店,
Suica,C7,804A7,セブン‐イレブン,杉並永福町駅前店,
Suica,C7,80514,セブン‐イレブン,大崎市役所前店,
Suica,C7,80515,セブン‐イレブン,大崎市役所前店,
Suica,C7,80591,セブン‐イレブン,気仙沼鹿折店,
Suica,C7,80592,セブン‐イレブン,気仙沼鹿折店,
Suica,C7,805CD,セブン‐イレブン,行田忍1丁目店,
Suica,C7,805EA,セブン‐イレブン,原宿外苑店,
Suica,C7,8064E,セブン‐イレブン,富士川鰍沢口店,
Suica,C7,8064F,セブン‐イレブン,富士川鰍沢口店,
Suica,C7,806C9,セブン‐イレブン,八戸高岩店,
Suica,C7,806CA,セブン‐イレブン,八戸高岩店,
Suica,C7,806DE,セブン‐イレブン,奥州水沢大町店,
Suica,C7,806DF,セブン‐イレブン,奥州水沢大町店,
Suica,C7,8071E,セブン‐イレブン,新潟明石店,
Suica,C7,807A5,セブン‐イレブン,三沢下久保1丁目店,
Suica,C7,807A6,セブン‐イレブン,三沢下久保1丁目店,
Suica,C7,807AA,セブン‐イレブン,喜多方前田店,
Suica,C7,807AB,セブン‐イレブン,喜多方前田店,
Suica,C7,807B7,セブン‐イレブン,西新宿甲州街道店,
Suica,C7,807B8,セブン‐イレブン,西新宿甲州街道店,
Suica,C7,807B9,セブン‐イレブン,西新宿甲州街道店,
Suica,C7,807BE,セブン‐イレブン,港区虎ノ門駅南店,
Suica,C7,807D2,セブン‐イレブン,池袋西一番街中央通り店,
Suica,C7,807D3,セブン‐イレブン,池袋西一番街中央通り店,
Suica,C7,807D4,セブン‐イレブン,池袋西一番街中央通り店,
Suica,C7,80809,セブン‐イレブン,小田原鴨宮北店,
Suica,C7,8080A,セブン‐イレブン,小田原鴨宮北店,
Suica,C7,80850,セブン‐イレブン,渋谷並木橋店,
Suica,C7,80851,セブン‐イレブン,渋谷並木橋店,
Suica,C7,80852,セブン‐イレブン,渋谷並木橋店,
Suica,C7,8086A,セブン‐イレブン,新潟田家1丁目店,
Suica,C7,8086B,セブン‐イレブン,新潟田家1丁目店,
Suica,C7,80875,セブン‐イレブン,大宮駅南銀座通り店,
Suica,C7,8089D,セブン‐イレブン,中野5丁目店,
Suica,C7,80901,セブン‐イレブン,上田国分店,
Suica,C7,80906,セブン‐イレブン,八戸城下4丁目店,
Suica,C7,80924,セブン‐イレブン,本宮万世店,
Suica,C7,8092C,セブン‐イレブン,五所川原布屋町店,
Suica,C7,8092D,セブン‐イレブン,五所川原布屋町店,
Suica,C7,8093C,セブン‐イレブン,仙台卸町駅前店,
Suica,C7,80947,セブン‐イレブン,会津城北町店,
Suica,C7,80950,セブン‐イレブン,郡山駅前1丁目店,
Suica,C7,80969,セブン‐イレブン,前橋城東町店,
Suica,C7,80988,セブン‐イレブン,浜松町1丁目中央店,
Suica,C7,80A5C,セブン‐イレブン,青い森公園店,
Suica,C7,80A5D,セブン‐イレブン,青い森公園店,
Suica,C7,80A5E,セブン‐イレブン,青い森公園店,
Suica,C7,80A9D,セブン‐イレブン,前橋表町2丁目店,
Suica,C7,80B22,セブン‐イレブン,酒田東大町3丁目店,
Suica,C7,80BE4,セブン‐イレブン,仙台広瀬通駅前店,
Suica,C7,80C32,セブン‐イレブン,甲府丸の内2丁目店,
Suica,C7,80C33,セブン‐イレブン,甲府丸の内2丁目店,
Suica,C7,80C34,セブン‐イレブン,甲府丸の内2丁目店,
Suica,C7,80CD4,セブン‐イレブン,江戸川本一色2丁目店,
Suica,C7,80CEC,セブン‐イレブン,八戸市庁前店,
Suica,C7,80CED,セブン‐イレブン,八戸市庁前店,
Suica,C7,80CFC,セブン‐イレブン,大船渡盛町店,
Suica,C7,80CFD,セブン‐イレブン,大船渡盛町店,
Suica,C7,80D5F,セブン‐イレブン,新発田カルチャーセンター前店,
Suica,C7,80E09,セブン‐イレブン,花巻西大通り1丁目店,
Suica,C7,80E58,セブン‐イレブン,神田駅北口店,
Suica,C7,80EAE,セブン‐イレブン,市谷砂土原町店,
Suica,C7,80F1E,セブン‐イレブン,金ケ崎バイパス店,
Suica,C7,80F1F,セブン‐イレブン,金ケ崎バイパス店,
Suica,C7,80F2E,セブン‐イレブン,尾花沢南原店,
Suica,C7,80F8C,セブン‐イレブン,門前仲町駅西店,
Suica,C7,80F8D,セブン‐イレブン,門前仲町駅西店,
Suica,C7,80FA2,セブン‐イレブン,福島浅川店,
Suica,C7,80FC9,セブン‐イレブン,塩川御殿場店,
Suica,C7,80FCA,セブン‐イレブン,塩川御殿場店,
Suica,C7,80FF4,すき家,久慈店,
Suica,C7,80FF5,すき家,久慈店,
Suica,C7,81036,セブン‐イレブン,水戸笠原町店,
Suica,C7,81037,セブン‐イレブン,水戸笠原町店,
Suica,C7,81053,セブン‐イレブン,福生武蔵野台1丁目店,
Suica,C7,81054,セブン‐イレブン,福生武蔵野台1丁目店,
Suica,C7,810B6,セブン‐イレブン,上越北城店,
Suica,C7,810EA,セブン‐イレブン,台東浅草橋1丁目店,
Suica,C7,8113B,すき家,7号秋田土崎店,
Suica,C7,8113C,すき家,7号秋田土崎店,
Suica,C7,8118F,セブン‐イレブン,松本駅前店,
Suica,C7,811FB,セブン‐イレブン,北茨城中郷店,
Suica,C7,811FC,セブン‐イレブン,北茨城中郷店,
Suica,C7,8124D,セブン‐イレブン,東池袋エアライズタワー店,
Suica,C7,8125C,セブン‐イレブン,気仙沼松崎片浜店,
Suica,C7,8125D,セブン‐イレブン,気仙沼松崎片浜店,
Suica,C7,8125F,すき家,環七平和島店,
Suica,C7,81260,すき家,環七平和島店,
Suica,C7,8126A,セブン‐イレブン,北松戸駅南店,
Suica,C7,81270,すき家,大鳥居店,
Suica,C7,81271,すき家,目黒三丁目店,
Suica,C7,8129A,セブン‐イレブン,新潟山木戸7丁目店,
Suica,C7,812E7,セブン‐イレブン,明大前すずらん通り店,
Suica,C7,81342,セブン‐イレブン,渋谷駅西店,
Suica,C7,81343,セブン‐イレブン,渋谷駅西店,
Suica,C7,81344,セブン‐イレブン,渋谷駅西店,
Suica,C7,8136B,セブン‐イレブン,下北沢駅南口店,
Suica,C7,8137A,ココス,海浜幕張駅前店,
Suica,C7,81383,ココス,秋葉原店,
Suica,C7,81389,セブン‐イレブン,新潟女池店,
Suica,C7,8138A,セブン‐イレブン,新潟女池店,
Suica,C7,813B0,セブン‐イレブン,新潟鐘木店,
Suica,C7,813B1,セブン‐イレブン,新潟鐘木店,
Suica,C7,813BA,セブン‐イレブン,いわき平月見町店,
Suica,C7,813BB,セブン‐イレブン,いわき平月見町店,
Suica,C7,813F9,セブン‐イレブン,野田宮崎店,
Suica,C7,813FA,セブン‐イレブン,野田宮崎店,
Suica,C7,8142C,セブン‐イレブン,下越加治川店,
Suica,C7,8142D,セブン‐イレブン,下越加治川店,
Suica,C7,814C6,セブン‐イレブン,東池袋4丁目店,
Suica,C7,8152B,セブン‐イレブン,西五反田1丁目店,
Suica,C7,8152C,セブン‐イレブン,西五反田1丁目店,
Suica,C7,81580,セブン‐イレブン,八王子マルベリーブリッジ店,
Suica,C7,81581,セブン‐イレブン,八王子マルベリーブリッジ店,
Suica,C7,81582,セブン‐イレブン,八王子マルベリーブリッジ店,
Suica,C7,815CE,セブン‐イレブン,十日町高山店,
Suica,C7,815CF,はま寿司,会津若松門田店,
Suica,C7,815F8,セブン‐イレブン,さいたま宮原2丁目店,
Suica,C7,815F9,セブン‐イレブン,さいたま宮原2丁目店,
Suica,C7,815FC,セブン‐イレブン,新宿神楽坂3丁目店,
Suica,C7,8160C,セブン‐イレブン,男鹿船川港店,
Suica,C7,8160D,セブン‐イレブン,男鹿船川港店,
Suica,C7,816E7,セブン‐イレブン,弘前城東中央4丁目店,
Suica,C7,816E8,セブン‐イレブン,弘前城東中央4丁目店,
Suica,C7,816F0,ワイワイショップ,,
Suica,C7,816F1,セブン‐イレブン,横手大屋新町店,
Suica,C7,81722,セブン‐イレブン,市ヶ谷駅前店,
Suica,C7,81748,セブン‐イレブン,魚沼小出病院前店,
Suica,C7,81749,セブン‐イレブン,魚沼小出病院前店,
Suica,C7,81765,セブン‐イレブン,渋谷初台1丁目店,
Suica,C7,8179D,セブン‐イレブン,会津山鹿町店,
Suica,C7,817C5,セブン‐イレブン,真岡市役所前店,
Suica,C7,817D9,せいの屋,,
Suica,C7,81800,セブン‐イレブン,弘前外崎店,
Suica,C7,81801,セブン‐イレブン,弘前外崎店,
Suica,C7,8188A,セブン‐イレブン,相模大野駅北店,
Suica,C7,8188B,セブン‐イレブン,相模大野駅北店,
Suica,C7,8188C,セブン‐イレブン,相模大野駅北店,
Suica,C7,818CD,セブン‐イレブン,新潟NEXT21店,
Suica,C7,818CE,セブン‐イレブン,新潟NEXT21店,
Suica,C7,818D2,セブン‐イレブン,中野市七瀬店,
Suica,C7,8207E,#ファッションセンター#しまむら,立川駅前店,
Suica,C7,820CC,すき家,川崎駅前大通り店,
Suica,C7,820CD,すき家,川崎駅前大通り店,
Suica,C7,820E7,すき家,仙台広瀬通一番町店,
Suica,C7,82131,すき家,4号仙台郡山店,
Suica,C7,82132,すき家,4号仙台郡山店,
Suica,C7,8229F,はま寿司,新潟宝町店,
Suica,C7,822A0,はま寿司,新潟宝町店,
Suica,C7,822A2,はま寿司,新潟寺尾台店,
Suica,C7,82372,はま寿司,新発田店,
Suica,C7,823AA,はま寿司,新潟女池店,
Suica,C7,824B5,セブン‐イレブン,ラスカ平塚店,
Suica,C7,824B6,セブン‐イレブン,ラスカ平塚店,
Suica,C7,824B7,セブン‐イレブン,ラスカ平塚店,
Suica,C7,82500,セブン‐イレブン,千代田平河町1丁目店,
Suica,C7,8251B,セブン‐イレブン,九段南3丁目店,
Suica,C7,82523,セブン‐イレブン,伊勢原桜台1丁目店,
Suica,C7,82524,セブン‐イレブン,伊勢原桜台1丁目店,
Suica,C7,8253C,セブン‐イレブン,磐城石川駅前店,
Suica,C7,82588,セブン‐イレブン,三沢南町1丁目店,
Suica,C7,82589,セブン‐イレブン,三沢南町1丁目店,
Suica,C7,825DC,セブン‐イレブン,北松戸駅東口店,
Suica,C7,825E0,セブン‐イレブン,越谷瓦曽根店,
Suica,C7,825E1,セブン‐イレブン,越谷瓦曽根店,
Suica,C7,82679,セブン‐イレブン,由利本荘西目町店,
Suica,C7,8267A,セブン‐イレブン,由利本荘西目町店,
Suica,C7,82734,セブン‐イレブン,北坂戸駅東口店,
Suica,C7,82735,セブン‐イレブン,北坂戸駅東口店,
Suica,C7,829AB,セブン‐イレブン,長瀞岩畳店,
Suica,C7,829AC,セブン‐イレブン,長瀞岩畳店,
Suica,C7,82A15,くすりの福太郎,市谷田町店,
Suica,C7,82BDF,セブン‐イレブン,多賀城浮島店,
Suica,C7,82BF0,セブン‐イレブン,新潟住吉町店,
Suica,C7,82C00,セブン‐イレブン,気仙沼大橋店,
Suica,C7,82C01,セブン‐イレブン,気仙沼大橋店,
Suica,C7,82C05,セブン‐イレブン,LAタワー店,
Suica,C7,82C2E,くすりの福太郎,九段北店,
Suica,C7,82C79,セブン‐イレブン,桐生相生店,
Suica,C7,82CB3,セブン‐イレブン,渋谷サクラテラス店,
Suica,C7,82CB4,セブン‐イレブン,渋谷サクラテラス店,
Suica,C7,82CB5,セブン‐イレブン,渋谷サクラテラス店,
Suica,C7,831AA,セブン‐イレブン,目黒セントラルスクエア店,
Suica,C7,8327A,セブン‐イレブン,新潟スタジアム前店,
Suica,C7,83288,セブン‐イレブン,おおつち吉里吉里店,
Suica,C7,83289,セブン‐イレブン,おおつち吉里吉里店,
Suica,C7,83297,セブン‐イレブン,広神押切店,
Suica,C7,83298,セブン‐イレブン,広神押切店,
Suica,C7,832D5,セブン‐イレブン,中野サンモール店,
Suica,C7,832D6,セブン‐イレブン,中野サンモール店,
Suica,C7,83784,すき家,京急久里浜駅前店,
Suica,C7,837BE,セブン‐イレブン,秋田セリオンタワー前店,
Suica,C7,837BF,セブン‐イレブン,秋田セリオンタワー前店,
Suica,C7,837E1,すき家,御徒町駅南口店,
Suica,C7,837E4,すき家,1国横浜久保店,
Suica,C7,8395A,セブン‐イレブン,市谷左内町店,
Suica,C7,83CC2,ブーランジェリー ボヌール,東京ミッドタウン日比谷店,
Suica,C7,83CC5,ブーランジェリー ボヌール,東京ミッドタウン日比谷店,
Suica,C7,83CD5,スターバックスコーヒー,東京ミッドタウン日比谷店,
Suica,C7,83CDA,すき家,尻手駅前店,
Suica,C7,83DD7,すき家,新潟西店,
Suica,C7,83E5F,セブン‐イレブン,汐留ビルディング店,
Suica,C7,83E67,セブン‐イレブン,南相馬小高店,
Suica,C7,83F8E,セブン‐イレブン,道の駅マリンドリーム能生店,
Suica,C7,83FC8,セブン‐イレブン,八戸一番町店,
Suica,C7,83FC9,セブン‐イレブン,八戸一番町店,
Suica,C7,8439E,セブン‐イレブン,柏崎穂波町店,
Suica,C7,8439F,セブン‐イレブン,柏崎穂波町店,
Suica,C7,843F4,セブン‐イレブン,青森浜館1丁目店,
Suica,C7,843F5,セブン‐イレブン,青森浜館1丁目店,
Suica,C7,84419,セブン‐イレブン,山梨六郷店,
Suica,C7,84438,セブン‐イレブン,仙台マーブルロード店,
Suica,C7,84439,セブン‐イレブン,仙台マーブルロード店,
Suica,C7,8443A,セブン‐イレブン,仙台マーブルロード店,
Suica,C7,84857,セブン‐イレブン,渋谷笹塚駅北店,
Suica,C7,848C2,ケンタッキーフライドチキン,御徒町南口店,
Suica,C7,84A3B,セブン‐イレブン,東京ミッドタウン日比谷店,
Suica,C7,84A71,セブン‐イレブン,田原町駅前店,
Suica,C7,84B2A,ヤマザキショップ,下館スピカ店,
Suica,C7,84B91,マクドナルド,大井町イトーヨーカドー店,
Suica,C7,85E5F,ピカリ産直市場 お冨さん,,
Suica,C7,85E60,ピカリ産直市場 お冨さん,,
Suica,C7,8675B,ドラッグセイムス,中山店,
Suica,C7,869C6,ドラッグセイムス,蔵前3丁目店,
Suica,C7,872A9,セブン‐イレブン,道の駅米沢店,
Suica,C7,872AA,セブン‐イレブン,道の駅米沢店,
Suica,C7,8734C,セブン‐イレブン,相模湖インター店,
Suica,C7,8734D,セブン‐イレブン,相模湖インター店,
Suica,C7,87359,セブン‐イレブン,和田河原駅前店,
Suica,C7,8735A,セブン‐イレブン,和田河原駅前店,
Suica,C7,87366,セブン‐イレブン,熊谷駅南口店,
Suica,C7,87367,セブン‐イレブン,熊谷駅南口店,
Suica,C7,87368,セブン‐イレブン,熊谷駅南口店,
Suica,C7,87379,セブン‐イレブン,糸魚川上刈店,
Suica,C7,8737A,セブン‐イレブン,糸魚川上刈店,
Suica,C7,87557,セブン‐イレブン,浦和駅北口店,
Suica,C7,875A6,セブン‐イレブン,さいたま吉敷町4丁目店,
Suica,C7,875A7,セブン‐イレブン,さいたま吉敷町4丁目店,
Suica,C7,876A8,セブン‐イレブン,新潟寺尾台2丁目店,
Suica,C7,876A9,セブン‐イレブン,新潟寺尾台2丁目店,
Suica,C7,876B4,セブン‐イレブン,台東蔵前2丁目店,
Suica,C7,876E1,セブン‐イレブン,三軒茶屋駅東店,
Suica,C7,87C7E,セブン‐イレブン,青森新町1丁目店,
Suica,C7,87C7F,セブン‐イレブン,青森新町1丁目店,
Suica,C7,87CB8,吉野家,13号線横手店,
Suica,C7,87CC2,吉野家,7号線能代店,
Suica,C7,87CC3,吉野家,7号線能代店,
Suica,C7,87CC8,吉野家,大館清水店,
Suica,C7,87CF0,吉野家,青森駅前店,
Suica,C7,87CF1,吉野家,青森駅前店,
Suica,C7,87D2D,吉野家,秋葉原中央通り店,
Suica,C7,87D2E,吉野家,秋葉原中央通り店,
Suica,C7,87D2F,吉野家,秋葉原中央通り店,
Suica,C7,87D65,吉野家,市ヶ谷駅前店,
Suica,C7,87D9E,吉野家,東銀座店,
Suica,C7,87DAF,吉野家,虎ノ門店,
Suica,C7,87DCC,吉野家,芝大門店,
Suica,C7,87DD3,吉野家,浜松町店,
Suica,C7,87EE0,吉野家,豊洲店,
Suica,C7,87EFC,吉野家,新木場駅前店,
Suica,C7,87F3B,吉野家,原宿竹下口店,
Suica,C7,87F86,吉野家,四ツ谷駅前店,
Suica,C7,87FB4,吉野家,中野北口店,
Suica,C7,87FE2,吉野家,池袋北口店,
Suica,C7,881F6,吉野家,藤沢南口店,
Suica,C7,882CB,すき家,会津若松店,
Suica,C7,882CC,すき家,会津若松店,
Suica,C7,8832E,すき家,栃木駅北店,
Suica,C7,8832F,すき家,栃木駅北店,
Suica,C7,8836E,すき家,盛岡青山店,
Suica,C7,8836F,すき家,盛岡青山店,
Suica,C7,88374,すき家,横浜北幸店,
Suica,C7,88375,すき家,横浜北幸店,
Suica,C7,88376,すき家,横浜北幸店,
Suica,C7,88377,すき家,横浜北幸店,
Suica,C7,88384,吉野家,294号線下館店,
Suica,C7,88451,吉野家,大宮西口店,
Suica,C7,88634,吉野家,8号線黒埼店,
Suica,C7,88639,吉野家,新潟本町通店,
Suica,C7,8863A,吉野家,新潟本町通店,
Suica,C7,8866B,吉野家,49号線郡山安積店,
Suica,C7,8867F,吉野家,118号線会津若松南店,
Suica,C7,88726,吉野家,石巻大街道店,
Suica,C7,88727,吉野家,石巻大街道店,
Suica,C7,88730,吉野家,気仙沼店,
Suica,C7,88731,吉野家,気仙沼店,
Suica,C7,88767,吉野家,7号線酒田東町店,
Suica,C7,88790,セブン‐イレブン,新潟本町通店,
Suica,C7,88791,セブン‐イレブン,新潟本町通店,
Suica,C7,887B2,セブン‐イレブン,けやき広場前店,
Suica,C7,887F5,ドトールコーヒーショップ,渋谷3丁目北店,
Suica,C7,8880C,セブン‐イレブン,渋谷道玄坂1丁目店,
Suica,C7,8880E,セブン‐イレブン,渋谷駅東口店,
Suica,C7,88923,セブン‐イレブン,北秋田鷹巣店,
Suica,C7,88924,セブン‐イレブン,北秋田鷹巣店,
Suica,C7,88A85,セブン‐イレブン,神田三崎町2丁目店,
Suica,C7,88A86,セブン‐イレブン,神田三崎町2丁目店,
Suica,C7,88A87,セブン‐イレブン,神田三崎町2丁目店,
Suica,C7,88AE4,スターバックスコーヒー,ダイバーシティ東京 プラザ店,
Suica,C7,88AE7,スターバックスコーヒー,ダイバーシティ東京 プラザ店,
Suica,C7,88BFE,セブン‐イレブン,石巻鋳銭場店,
Suica,C7,88BFF,セブン‐イレブン,石巻鋳銭場店,
Suica,C7,88C05,セブン‐イレブン,陸前高田馬場前店,
Suica,C7,88C06,セブン‐イレブン,陸前高田馬場前店,
Suica,C7,88C9B,セブン‐イレブン,三郷駅北口店,
Suica,C7,88C9C,セブン‐イレブン,三郷駅北口店,
Suica,C7,88CC2,セブン‐イレブン,盛岡厨川3丁目店,
Suica,C7,88CC3,セブン‐イレブン,盛岡厨川3丁目店,
Suica,C7,88CED,セブン‐イレブン,郡山駅前アーケード店,
Suica,C7,88D81,サブウェイ,芝大門ファミリーマート店,
Suica,C7,88DBC,セブン‐イレブン,十日町本町店,
Suica,C7,88DBD,セブン‐イレブン,十日町本町店,
Suica,C7,88F7D,ドトールコーヒーショップ,幕張テクノガーデン店,
Suica,C7,88FDC,セブン‐イレブン,木更津畑沢南5丁目店,
Suica,C7,88FDD,セブン‐イレブン,木更津畑沢南5丁目店,
Suica,C7,89005,セブン‐イレブン,DR国際展示場駅前店,
Suica,C7,89006,セブン‐イレブン,DR国際展示場駅前店,
Suica,C7,89007,セブン‐イレブン,DR国際展示場駅前店,
Suica,C7,89008,セブン‐イレブン,DR国際展示場駅前店,
Suica,C7,89029,セブン‐イレブン,志津川十日町店,
Suica,C7,8902A,セブン‐イレブン,志津川十日町店,
Suica,C7,8910E,セブン‐イレブン,一関千厩構井田店,
Suica,C7,89112,セブン‐イレブン,西新宿3丁目店,
Suica,C7,8913C,セブン‐イレブン,つくば国松店,
Suica,C7,89382,駅の駅なんよう,,
Suica,C7,89530,セブン‐イレブン,二戸石切所店,
Suica,C7,89531,セブン‐イレブン,二戸石切所店,
Suica,C7,895FC,セブン‐イレブン,新潟古町通4番町店,
Suica,C7,8964B,セブン‐イレブン,新庄泉田店,
Suica,C7,8964C,セブン‐イレブン,新庄泉田店,
Suica,C7,8977D,テラスモール湘南,,
Suica,C7,89935,石垣島で生まれたキャンプカレー・マリン唐揚げ,,
Suica,C7,899A9,セブン‐イレブン,渋谷区役所店,
Suica,C7,899AA,セブン‐イレブン,渋谷区役所店,
Suica,C7,899F8,セブン‐イレブン,二戸福岡田町店,
Suica,C7,899F9,セブン‐イレブン,二戸福岡田町店,
Suica,C7,89A0A,セブン‐イレブン,人形町駅西店,
Suica,C7,89A0B,セブン‐イレブン,人形町駅西店,
Suica,C7,89A0C,セブン‐イレブン,人形町駅西店,
Suica,C7,89A31,セブン‐イレブン,品川南大井6丁目店,
Suica,C7,89A9A,セブン‐イレブン,船橋二和東5丁目店,
Suica,C7,89A9B,セブン‐イレブン,船橋二和東5丁目店,
Suica,C7,89AB9,セブン‐イレブン,福島駅前吾妻通店,
Suica,C7,89ABA,セブン‐イレブン,福島駅前吾妻通店,
Suica,C7,89ABB,セブン‐イレブン,福島駅前吾妻通店,
Suica,C7,89B6C,セブン‐イレブン,千代田三番町店,
Suica,C7,89CA3,セブン‐イレブン,フォンテ秋田店,
Suica,C7,89CA4,セブン‐イレブン,フォンテ秋田店,
Suica,C7,89CE6,セブン‐イレブン,中央市布施店,
Suica,C7,89D74,セブン‐イレブン,須賀川小塩江店,
Suica,C7,89D78,セブン‐イレブン,さいたま宮原3丁目店,
Suica,C7,89D79,セブン‐イレブン,さいたま宮原3丁目店,
Suica,C7,89D7A,セブン‐イレブン,さいたま宮原3丁目店,
Suica,C7,89DA8,セブン‐イレブン,水戸渡里町西店,
Suica,C7,89DA9,セブン‐イレブン,水戸渡里町西店,
Suica,C7,89DF2,セブン‐イレブン,恵比寿駅前店,
Suica,C7,89E06,セブン‐イレブン,鹿角花輪駅前店,
Suica,C7,89E07,セブン‐イレブン,鹿角花輪駅前店,
Suica,C7,89E0B,セブン‐イレブン,しなの鉄道上田駅店,
Suica,C7,89E26,セブン‐イレブン,渋川赤城津久田店,
Suica,C7,89E4F,セブン‐イレブン,西武秩父駅前店,
Suica,C7,89E89,セブン‐イレブン,中野もみじ山通り店,
Suica,C7,89F97,ファミリーマート,立川サザン店,
Suica,C7,89FFC,セブン‐イレブン,前橋本町2丁目店,
Suica,C7,8A040,セブン‐イレブン,羽生駅西口店,
Suica,C7,8A042,セブン‐イレブン,ひたちなか勝田中原町店,
Suica,C7,8A043,セブン‐イレブン,ひたちなか勝田中原町店,
Suica,C7,8A053,セブン‐イレブン,鹿嶋厨2丁目店,
Suica,C7,8A06A,セブン‐イレブン,台東浅草2丁目店,
Suica,C7,8A1BF,セブン‐イレブン,赤坂氷川坂下店,
Suica,C7,8A1C6,セブン‐イレブン,新潟上所2丁目店,
Suica,C7,8A1C8,セブン‐イレブン,新潟上所2丁目店,
Suica,C7,8A1D9,セブン‐イレブン,横浜西が岡店,
Suica,C7,8A1DA,セブン‐イレブン,横浜西が岡店,
Suica,C7,8A273,セブン‐イレブン,三軒茶屋玉川通り店,
Suica,C7,8A491,セブン‐イレブン,グランツリー武蔵小杉前店,
Suica,C7,8A4EF,セブン‐イレブン,仙台中央3丁目店,
Suica,C7,8A516,セブン‐イレブン,相模原田名豊原店,
Suica,C7,8A517,セブン‐イレブン,相模原田名豊原店,
Suica,C7,8A56C,セブン‐イレブン,調布駅東口店,
Suica,C7,8ACCA,セブン‐イレブン,横浜明治学院大学正門前店,
Suica,C7,8AE2B,セブン‐イレブン,グランドスケープ池袋店,
Suica,C7,8AE2C,セブン‐イレブン,グランドスケープ池袋店,
Suica,C7,8AE2D,セブン‐イレブン,グランドスケープ池袋店,
Suica,C7,8B27C,セブン‐イレブン,石巻駅南店,
Suica,C7,8B27D,セブン‐イレブン,石巻駅南店,
Suica,C7,8B3B5,セブン‐イレブン,三条北三条駅入口店,
Suica,C7,8B4E0,セブン‐イレブン,aune海浜幕張店,
Suica,C7,8B500,セブン‐イレブン,小諸三岡店,
Suica,C7,8B68F,ファミリーマート,阿智PA下り店,
Suica,C7,8B6ED,ファミリーマート,熊谷万平町店,
Suica,C7,8B6EE,ファミリーマート,熊谷万平町店,
Suica,C7,8B761,ファミリーマート,道の駅まつだい店,
Suica,C7,8B766,ファミリーマート,目黒駅東口店,
Suica,C7,8B777,セブン‐イレブン,神田錦町1丁目店,
Suica,C7,8B778,セブン‐イレブン,神田錦町1丁目店,
Suica,C7,8B779,セブン‐イレブン,神田錦町1丁目店,
Suica,C7,8B77A,セブン‐イレブン,神田錦町1丁目店,
Suica,C7,8B96C,ファミリーマート,JA小野たのめ店,
Suica,C7,8B9A7,ファミリーマート,新橋仲通り南店,
Suica,C7,8B9B1,ファミリーマート,平和島旧東海道店,
Suica,C7,8B9B2,ファミリーマート,平和島旧東海道店,
Suica,C7,8B9B3,ファミリーマート,平和島旧東海道店,
Suica,C7,8B9D8,ファミリーマート,横浜長者町九丁目店,
Suica,C7,8B9D9,ファミリーマート,横浜長者町九丁目店,
Suica,C7,8B9FA,ファミリーマート,明大前店,
Suica,C7,8BA81,太陽交通,本社営業所,
Suica,C7,8BAA7,ファミリーマート,平川大光寺店,
Suica,C7,8BAA8,ファミリーマート,平川大光寺店,
Suica,C7,8BAB0,ファミリーマート,JAL PLAZA青森空港到着店,
Suica,C7,8BAB1,ファミリーマート,JAL PLAZA青森空港到着店,
Suica,C7,8BAC6,ファミリーマート,久慈湊町店,
Suica,C7,8BAC7,ファミリーマート,久慈湊町店,
Suica,C7,8BAC8,ファミリーマート,遠野中央店,
Suica,C7,8BAC9,ファミリーマート,宮守インター店,
Suica,C7,8BACA,ファミリーマート,宮守インター店,
Suica,C7,8BACB,ファミリーマート,久慈旭町店,
Suica,C7,8BACC,ファミリーマート,久慈旭町店,
Suica,C7,8BAD0,ファミリーマート,大館常盤木町店,
Suica,C7,8BAD1,ファミリーマート,大館常盤木町店,
Suica,C7,8BAD4,ファミリーマート,北秋田住吉町店,
Suica,C7,8BAD5,ファミリーマート,北秋田住吉町店,
Suica,C7,8BAD9,太陽交通新潟,本社営業所,
Suica,C7,8BADA,ファミリーマート,能代上町店,
Suica,C7,8BADB,ファミリーマート,能代上町店,
Suica,C7,8BBD8,ファミリーマート,長岡来迎寺店,
Suica,C7,8BBD9,ファミリーマート,長岡来迎寺店,
Suica,C7,8BBF2,ファミリーマート,小牛田素山町店,
Suica,C7,8BBF3,ファミリーマート,小牛田素山町店,
Suica,C7,8BBF4,ファミリーマート,宮古そけい店,
Suica,C7,8BBF6,ファミリーマート,宮古津軽石店,
Suica,C7,8BBF7,ファミリーマート,宮古津軽石店,
Suica,C7,8BBF9,ファミリーマート,岩手新里店,
Suica,C7,8BC05,ファミリーマート,石巻大街道西店,
Suica,C7,8BC06,ファミリーマート,石巻大街道西店,
Suica,C7,8BC1B,ファミリーマート,高田米崎町店,
Suica,C7,8BC1C,ファミリーマート,高田米崎町店,
Suica,C7,8BC30,ファミリーマート,二戸米沢店,
Suica,C7,8BC31,ファミリーマート,二戸米沢店,
Suica,C7,8BC39,ファミリーマート,一関東山店,
Suica,C7,8BC40,ファミリーマート,岩手千厩店,
Suica,C7,8BC41,ファミリーマート,岩手千厩店,
Suica,C7,8BC53,ファミリーマート,佳景山店,
Suica,C7,8BC7B,ファミリーマート,世田谷松原一丁目店,
Suica,C7,8BC87,ファミリーマート,道玄坂センタービル店,
Suica,C7,8BC88,ファミリーマート,道玄坂センタービル店,
Suica,C7,8BC89,ファミリーマート,道玄坂センタービル店,
Suica,C7,8BCB3,ファミリーマート,アパホテル横浜ベイEAST店,
Suica,C7,8BD1F,ファミリーマート,東山三丁目店,
Suica,C7,8BD2B,ファミリーマート,冨士屋子安通店,
Suica,C7,8BD2C,ファミリーマート,冨士屋子安通店,
Suica,C7,8BD2D,ファミリーマート,冨士屋子安通店,
Suica,C7,8BD46,ファミリーマート,衣屋読売ランド駅前店,
Suica,C7,8BD74,ファミリーマート,羽村駅東口店,
Suica,C7,8BD75,ファミリーマート,羽村駅東口店,
Suica,C7,8BD76,ファミリーマート,羽村駅東口店,
Suica,C7,8BD96,ファミリーマート,アネックス豊洲店,
Suica,C7,8BDA6,ファミリーマート,六本木七丁目店,
Suica,C7,8BDA7,ファミリーマート,六本木七丁目店,
Suica,C7,8BDA8,ファミリーマート,六本木七丁目店,
Suica,C7,8BFA1,ファミリーマート,六本木駅前店,
Suica,C7,8C031,ファミリーマート,中野東吉田店,
Suica,C7,8C084,ファミリーマート,中野一本木公園南店,
Suica,C7,8C177,ファミリーマート,日枝神社前店,
Suica,C7,8C178,ファミリーマート,日枝神社前店,
Suica,C7,8C179,ファミリーマート,日枝神社前店,
Suica,C7,8C184,ファミリーマート+南山堂,竹芝駅前店,
Suica,C7,8C1AF,ファミリーマート,下北沢駅前店,
Suica,C7,8C1B0,ファミリーマート,下北沢駅前店,
Suica,C7,8C1B1,ファミリーマート,下北沢駅前店,
Suica,C7,8C1E7,ファミリーマート,外崎五丁目店,
Suica,C7,8C1E8,ファミリーマート,外崎五丁目店,
Suica,C7,8C1EB,ファミリーマート,今別町店,
Suica,C7,8C1F3,ファミリーマート,外ヶ浜三厩店,
Suica,C7,8C210,ファミリーマート,岩手一関相去店,
Suica,C7,8C211,ファミリーマート,岩手一関相去店,
Suica,C7,8C225,ファミリーマート,秋田能代明治町店,
Suica,C7,8C226,ファミリーマート,秋田能代明治町店,
Suica,C7,8C2C8,ファミリーマート,萩中三丁目店,
Suica,C7,8C2C9,ファミリーマート,萩中三丁目店,
Suica,C7,8C2D5,ファミリーマート,大森山王店,
Suica,C7,8C2D6,ファミリーマート,大森山王店,
Suica,C7,8C2D7,ファミリーマート,大森山王店,
Suica,C7,8C2F9,ファミリーマート,中目黒駅西口店,
Suica,C7,8C301,ファミリーマート,渋谷NHK前店,
Suica,C7,8C3AB,ファミリーマート,甲府中小河原店,
Suica,C7,8C3B7,ファミリーマート,タカシン矢祭店,
Suica,C7,8C3F7,ファミリーマート,巻駅前店,
Suica,C7,8C3FB,ファミリーマート,北上江釣子インター店,
Suica,C7,8C3FC,ファミリーマート,北上江釣子インター店,
Suica,C7,8C40C,ファミリーマート,岩出山池月店,
Suica,C7,8C410,ファミリーマート,青森駅前店,
Suica,C7,8C411,ファミリーマート,青森駅前店,
Suica,C7,8C412,ファミリーマート,弘前城東中央三丁目店,
Suica,C7,8C413,ファミリーマート,弘前城東中央三丁目店,
Suica,C7,8C421,ファミリーマート,酒田末広町店,
Suica,C7,8C42B,ファミリーマート,矢巾中央店,
Suica,C7,8C42C,ファミリーマート,矢巾中央店,
Suica,C7,8C44A,ファミリーマート,北上大通り店,
Suica,C7,8C44B,ファミリーマート,高田竹駒十日市場店,
Suica,C7,8C44C,ファミリーマート,高田竹駒十日市場店,
Suica,C7,8C45C,ファミリーマート,天王持谷地店,
Suica,C7,8C45D,ファミリーマート,天王持谷地店,
Suica,C7,8C45E,ファミリーマート,秋田土崎港相染町店,
Suica,C7,8C45F,ファミリーマート,秋田土崎港相染町店,
Suica,C7,8C485,ファミリーマート,宮古田老三丁目店,
Suica,C7,8C486,ファミリーマート,宮古田老三丁目店,
Suica,C7,8C4C4,ファミリーマート,代々木駅前店,
Suica,C7,8C508,ファミリーマート,東池袋一丁目店,
Suica,C7,8C66B,ファミリーマート,上田東高校前店,
Suica,C7,8C66C,ファミリーマート,上田東高校前店,
Suica,C7,8C680,ファミリーマート,上田神畑南店,
Suica,C7,8C681,ファミリーマート,上田神畑南店,
Suica,C7,8C79A,ファミリーマート,水道橋駅西口店,
Suica,C7,8C816,ファミリーマート,三沢基地前店,
Suica,C7,8C817,ファミリーマート,三沢基地前店,
Suica,C7,8C818,ファミリーマート,三沢基地前店,
Suica,C7,8C8CF,ファミリーマート,大塚空蝉橋店,
Suica,C7,8C8D0,ファミリーマート,大塚空蝉橋店,
Suica,C7,8C925,ファミリーマート,上田長野大学前店,
Suica,C7,8C926,ファミリーマート,上田長野大学前店,
Suica,C7,8C929,ファミリーマート,佐久平駅前店,
Suica,C7,8C92A,ファミリーマート,佐久平駅前店,
Suica,C7,8C95F,ファミリーマート,新津朝日店,
Suica,C7,8C960,ファミリーマート,新津朝日店,
Suica,C7,8C969,ファミリーマート,いわき泉町店,
Suica,C7,8C984,ファミリーマート,気仙沼田中前店,
Suica,C7,8C985,ファミリーマート,気仙沼田中前店,
Suica,C7,8C99A,ファミリーマート,気仙沼松岩店,
Suica,C7,8C99B,ファミリーマート,気仙沼松岩店,
Suica,C7,8C9AE,ファミリーマート,花巻大通り店,
Suica,C7,8C9AF,ファミリーマート,花巻大通り店,
Suica,C7,8C9C6,ファミリーマート,古川中央店,
Suica,C7,8C9C7,ファミリーマート,古川中央店,
Suica,C7,8C9D7,ファミリーマート,オガール紫波店,
Suica,C7,8CA80,ファミリーマート,調布天文台通り店,
Suica,C7,8CAD5,ファミリーマート,後楽店,
Suica,C7,8CADD,ファミリーマート,中野駅北店,
Suica,C7,8CADE,ファミリーマート,中野駅北店,
Suica,C7,8CB09,ファミリーマート,新宿東宝ビル前店,
Suica,C7,8CB6C,ファミリーマート,渋谷109前店,
Suica,C7,8CDA2,ファミリーマート,清水坂下店,
Suica,C7,8CDFA,ファミリーマート,大塚駅前店,
Suica,C7,8CDFB,ファミリーマート,大塚駅前店,
Suica,C7,8CE2F,ファミリーマート,京成成田駅前店,
Suica,C7,8CE30,ファミリーマート,京成成田駅前店,
Suica,C7,8CE31,ファミリーマート,京成成田駅前店,
Suica,C7,8CEEE,ファミリーマート,北仙台駅前店,
Suica,C7,8CF59,ファミリーマート,秩父野坂町店,
Suica,C7,8CF9C,ファミリーマート,下板橋駅前店,
Suica,C7,8D016,ファミリーマート,長野アップルライン店,
Suica,C7,8D017,ファミリーマート,長野アップルライン店,
Suica,C7,8D065,ファミリーマート,新発田駅前店,
Suica,C7,8D066,ファミリーマート,新発田駅前店,
Suica,C7,8D06F,ファミリーマート,新潟関新店,
Suica,C7,8D093,ファミリーマート,さくらんぼ東根駅前店,
Suica,C7,8D094,ファミリーマート,さくらんぼ東根駅前店,
Suica,C7,8D0A1,ファミリーマート,八幡平中央店,
Suica,C7,8D0A2,ファミリーマート,八幡平中央店,
Suica,C7,8D0CA,ファミリーマート,中山町長崎店,
Suica,C7,8D0CB,ファミリーマート,中山町長崎店,
Suica,C7,8D0FB,ファミリーマート,気仙沼鹿折店,
Suica,C7,8D0FC,ファミリーマート,気仙沼鹿折店,
Suica,C7,8D128,ファミリーマート,北上柳原店,
Suica,C7,8D129,ファミリーマート,北上柳原店,
Suica,C7,8D12C,ファミリーマート,むつ大湊店,
Suica,C7,8D130,ファミリーマート,横手三牧橋店,
Suica,C7,8D179,ファミリーマート,王子明治通り店,
Suica,C7,8D17A,ファミリーマート,王子明治通り店,
Suica,C7,8D17B,ファミリーマート,王子明治通り店,
Suica,C7,8D211,ファミリーマート,八千代大和田店,
Suica,C7,8D212,ファミリーマート,八千代大和田店,
Suica,C7,8D2A5,ファミリーマート,ひたちなか湊本町店,
Suica,C7,8D2A6,ファミリーマート,ひたちなか湊本町店,
Suica,C7,8D2DC,ファミリーマート,浅草雷門前店,
Suica,C7,8D2DD,ファミリーマート,浅草雷門前店,
Suica,C7,8D2DE,ファミリーマート,浅草雷門前店,
Suica,C7,8D300,ファミリーマート,さいたま宮原町二丁目店,
Suica,C7,8D301,ファミリーマート,さいたま宮原町二丁目店,
Suica,C7,8D312,ファミリーマート,サンズ京急蒲田駅西口店,
Suica,C7,8D334,ファミリーマート,道玄坂二丁目店,
Suica,C7,8D381,ファミリーマート,蒲田西口工学院通り店,
Suica,C7,8D382,ファミリーマート,蒲田西口工学院通り店,
Suica,C7,8D383,ファミリーマート,蒲田西口工学院通り店,
Suica,C7,8D388,ファミリーマート,水戸堀町店,
Suica,C7,8D389,ファミリーマート,水戸堀町店,
Suica,C7,8D3CA,ファミリーマート,赤羽駅東口店,
Suica,C7,8D3CB,ファミリーマート,赤羽駅東口店,
Suica,C7,8D3FB,#横浜#くりこ庵,横浜西口店,
Suica,C7,8D42E,ファミリーマート,半蔵門駅南店,
Suica,C7,8D44A,ファミリーマート,久里浜二丁目店,
Suica,C7,8D44B,ファミリーマート,久里浜二丁目店,
Suica,C7,8D49A,ファミリーマート,山形駅東口店,
Suica,C7,8D4CB,ファミリーマート,長井中道店,
Suica,C7,8D4CC,ファミリーマート,長井中道店,
Suica,C7,8D4D7,ファミリーマート,盛岡フェザン店,
Suica,C7,8D4DB,ファミリーマート,山形駅前通り店,
Suica,C7,8D4DC,ファミリーマート,山形駅前通り店,
Suica,C7,8D4EC,ファミリーマート,秋田空港店,
Suica,C7,8D4ED,ファミリーマート,秋田空港店,
Suica,C7,8D4F1,ファミリーマート,郡山小原田中学校前店,
Suica,C7,8D51B,ファミリーマート,浅草雷門通り店,
Suica,C7,8D5FC,マクドナルド,JR水戸駅店,
Suica,C7,8D623,ファミリーマート,新潟明石通店,
Suica,C7,8D624,ファミリーマート,新潟明石通店,
Suica,C7,8D74B,ファミリーマート,昭和国母店,
Suica,C7,8D754,ファミリーマート,スバル渋谷センター街店,
Suica,C7,8D781,ファミリーマート,歌舞伎町セントラルロード店,
Suica,C7,8D782,ファミリーマート,歌舞伎町セントラルロード店,
Suica,C7,8D783,ファミリーマート,歌舞伎町セントラルロード店,
Suica,C7,8D785,ファミリーマート,K2新宿駅西店,
Suica,C7,8D7C1,ファミリーマート,京急川崎駅前店,
Suica,C7,8D7C2,ファミリーマート,京急川崎駅前店,
Suica,C7,8D7C3,ファミリーマート,京急川崎駅前店,
Suica,C7,8D7D9,ファミリーマート,御苑大通り店,
Suica,C7,8D8A3,ファミリーマート,三崎神社通り店,
Suica,C7,8D8A4,ファミリーマート,三崎神社通り店,
Suica,C7,8D8A5,ファミリーマート,三崎神社通り店,
Suica,C7,8D8A9,ファミリーマート,甲府酒折店,
Suica,C7,8D935,ファミリーマート,国際親善総合病院店,
Suica,C7,8D936,ファミリーマート,国際親善総合病院店,
Suica,C7,8D99B,ファミリーマート,栗橋間鎌店,
Suica,C7,8D9B1,ファミリーマート,中池袋公園前店,
Suica,C7,8D9F3,すき家,128号茂原小林店,
Suica,C7,8DA71,ファミリーマート,五所川原金木店,
Suica,C7,8DA72,ファミリーマート,五所川原金木店,
Suica,C7,8DA85,ファミリーマート,川西時田店,
Suica,C7,8DAA3,ファミリーマート,和光南口店,
Suica,C7,8DAD8,ファミリーマート,京成船橋店,
Suica,C7,8DAE8,ファミリーマート,羽村市役所通店,
Suica,C7,8DAE9,ファミリーマート,羽村市役所通店,
Suica,C7,8DB0C,ファミリーマート,代々木東口店,
Suica,C7,8DB13,ファミリーマート,歌舞伎町さくら通り店,
Suica,C7,8DB83,ファミリーマート,大竹喜多方豊川店,
Suica,C7,8DB84,ファミリーマート,大竹喜多方豊川店,
Suica,C7,8DBA6,ファミリーマート,会津若松七日町店,
Suica,C7,8DBAA,ファミリーマート,豊栄木崎店,
Suica,C7,8DBAB,ファミリーマート,豊栄木崎店,
Suica,C7,8DBB3,ファミリーマート,会津白虎店,
Suica,C7,8DBB4,ファミリーマート,会津白虎店,
Suica,C7,8DBCB,ファミリーマート,長町六丁目店,
Suica,C7,8DBCC,ファミリーマート,小国小坂町店,
Suica,C7,8DC0E,ファミリーマート,米沢御廟二丁目店,
Suica,C7,8DC0F,ファミリーマート,米沢御廟二丁目店,
Suica,C7,8DC14,ファミリーマート,鶴田境店,
Suica,C7,8DC15,ファミリーマート,鶴田境店,
Suica,C7,8DC21,ファミリーマート,酒々井駅前店,
Suica,C7,8DC3C,ファミリーマート,東池袋セイコービル店,
Suica,C7,8DC43,ファミリーマート,渋谷宇田川交番前店,
Suica,C7,8DD65,ファミリーマート,野口大鳥居店,
Suica,C7,8DD66,ファミリーマート,野口大鳥居店,
Suica,C7,8DD6A,ファミリーマート,大船駅前店,
Suica,C7,8DD6B,ファミリーマート,大船駅前店,
Suica,C7,8DD6C,ファミリーマート,大船駅前店,
Suica,C7,8DD95,ファミリーマート,よろづや相模大野北口店,
Suica,C7,8DDC5,ファミリーマート,高砂五丁目店,
Suica,C7,8DDC6,ファミリーマート,高砂五丁目店,
Suica,C7,8DDEF,ファミリーマート,鎌倉駅西口店,
Suica,C7,8DDF0,ファミリーマート,鎌倉駅西口店,
Suica,C7,8DDF1,ファミリーマート,鎌倉駅西口店,
Suica,C7,8DF37,ファミリーマート,水戸駅北口店,
Suica,C7,8DF38,ファミリーマート,水戸駅北口店,
Suica,C7,8DF3B,ファミリーマート,蒲田駅前店,
Suica,C7,8DFC3,ファミリーマート,山都三津合店,
Suica,C7,8DFC4,ファミリーマート,山都三津合店,
Suica,C7,8DFD0,ファミリーマート,郡山安積町長久保店,
Suica,C7,8DFD1,ファミリーマート,郡山安積町長久保店,
Suica,C7,8E003,ファミリーマート,神田淡路町二丁目店,
Suica,C7,8E1FB,セブン‐イレブン,飯田毛賀店,
Suica,C7,8E288,セブン‐イレブン,弘前撫牛子店,
Suica,C7,8E289,セブン‐イレブン,弘前撫牛子店,
Suica,C7,8E502,ムラサキスポーツ,ららぽーと東京ベイ船橋店,
Suica,C7,8E504,ムラサキスポーツ,ららぽーと東京ベイ船橋店,
Suica,C7,8E63D,セブン‐イレブン,大和駅西店,
Suica,C7,8E63E,セブン‐イレブン,大和駅西店,
Suica,C7,8EA10,ファミリーマート,三郷早稲田一丁目店,
Suica,C7,8EA11,ファミリーマート,三郷早稲田一丁目店,
Suica,C7,8EA7E,ファミリーマート,長野栗田店,
Suica,C7,8EA7F,ファミリーマート,長野栗田店,
Suica,C7,8EA82,ファミリーマート,上田下之郷店,
Suica,C7,8EA83,ファミリーマート,上田下之郷店,
Suica,C7,8EA9C,ファミリーマート,長野芹田店,
Suica,C7,8EA9D,ファミリーマート,長野芹田店,
Suica,C7,8EAB3,ファミリーマート,青森野内店,
Suica,C7,8EAB4,ファミリーマート,青森野内店,
Suica,C7,8EAC9,ファミリーマート,蓬田バイパス店,
Suica,C7,8EADC,ファミリーマート,大曲白金町店,
Suica,C7,8EADD,ファミリーマート,大曲白金町店,
Suica,C7,8EAE3,ファミリーマート,秋田土崎中央店,
Suica,C7,8EAE4,ファミリーマート,秋田土崎中央店,
Suica,C7,8EAF2,ファミリーマート,大仙大花町店,
Suica,C7,8EB11,ファミリーマート,山形飯田西店,
Suica,C7,8EB23,ファミリーマート,弥彦温泉前店,
Suica,C7,8EB24,ファミリーマート,弥彦温泉前店,
Suica,C7,8EB47,ファミリーマート,三郷駅前店,
Suica,C7,8EB48,ファミリーマート,三郷駅前店,
Suica,C7,8EBA2,ファミリーマート,いわき駅前店,
Suica,C7,8EBC8,ファミリーマート,南会津田島店,
Suica,C7,8EBD1,ファミリーマート,女池上山一丁目店,
Suica,C7,8EBD2,ファミリーマート,女池上山一丁目店,
Suica,C7,8EC00,ヒノヤタクシー,,
Suica,C7,8EC04,ファミリーマート,山形瀬波店,
Suica,C7,8EC05,ファミリーマート,山形瀬波店,
Suica,C7,8EC07,ファミリーマート,大館清水四丁目店,
Suica,C7,8EC0B,ファミリーマート,大館中道店,
Suica,C7,8EC11,ファミリーマート,天童駅前店,
Suica,C7,8EC12,ファミリーマート,天童駅前店,
Suica,C7,8EC4A,ファミリーマート,東根神町店,
Suica,C7,8EC4B,ファミリーマート,東根神町店,
Suica,C7,8EC5A,ファミリーマート,鶴岡錦町店,
Suica,C7,8EC5B,ファミリーマート,鶴岡錦町店,
Suica,C7,8ECB5,マクドナルド,13号横手店,
Suica,C7,8ECEF,セブン‐イレブン,長岡北中学校前店,
Suica,C7,8EDA4,ファミリーマート,新潟河渡本町店,
Suica,C7,8EDA5,ファミリーマート,新潟河渡本町店,
Suica,C7,8EDCE,ファミリーマート,伊那西町店,
Suica,C7,8EE03,ファミリーマート,新潟小針南店,
Suica,C7,8EE04,ファミリーマート,新潟小針南店,
Suica,C7,8EE41,ファミリーマート,八戸城下一丁目店,
Suica,C7,8EE4A,ファミリーマート,新庄若葉町店,
Suica,C7,8EE50,ファミリーマート,舟形町中央店,
Suica,C7,8EE51,ファミリーマート,舟形町中央店,
Suica,C7,8EE9C,セブン‐イレブン,潟上昭和大久保店,
Suica,C7,8EE9D,セブン‐イレブン,潟上昭和大久保店,
Suica,C7,8EEB2,ファミリーマート,北与野駅前店,
Suica,C7,8EEF6,セブン‐イレブン,四谷店,
Suica,C7,8EF50,アーバン・ファミマ!!,虎ノ門ヒルズビジネスタワー店,
Suica,C7,8F0EC,ファミリーマート,稲田堤駅前店,
Suica,C7,8F0ED,ファミリーマート,稲田堤駅前店,
Suica,C7,8F0EE,ファミリーマート,稲田堤駅前店,
Suica,C7,8F0F1,ファミリーマート,お茶の水店,
Suica,C7,8F0F2,ファミリーマート,お茶の水店,
Suica,C7,8F0F3,ファミリーマート,お茶の水店,
Suica,C7,8F0FB,ファミリーマート,初台駅北口店,
Suica,C7,8F139,ファミリーマート,船橋法典駅前店,
Suica,C7,8F13A,ファミリーマート,船橋法典駅前店,
Suica,C7,8F13B,ファミリーマート,船橋法典駅前店,
Suica,C7,8F167,ファミリーマート,宮益坂上店,
Suica,C7,8F176,ファミリーマート,有楽町駅前店,
Suica,C7,8F1C7,ファミリーマート,道玄坂中央店,
Suica,C7,8F1D1,ファミリーマート,渋谷ガーデンフロント店,
Suica,C7,8F1D2,ファミリーマート,渋谷ガーデンフロント店,
Suica,C7,8F1D3,ファミリーマート,渋谷ガーデンフロント店,
Suica,C7,8F1D4,ファミリーマート,渋谷ガーデンフロント店,
Suica,C7,8F1D5,ファミリーマート,渋谷ガーデンフロント店,
Suica,C7,8F214,ファミリーマート,池尻大橋店,
Suica,C7,8F218,ファミリーマート,渋谷松濤一丁目店,
Suica,C7,8F23F,ファミマ!!,代官山店,
Suica,C7,8F2A5,ファミリーマート,サクマ新木場駅店,
Suica,C7,8F2A6,ファミリーマート,サクマ新木場駅店,
Suica,C7,8F2A7,ファミリーマート,サクマ新木場駅店,
Suica,C7,8F2A8,ファミリーマート,サクマ新木場駅店,
Suica,C7,8F2D2,ファミリーマート,本千葉駅東口店,
Suica,C7,8F30E,ダイソー,新宿サブナード店,
Suica,C7,8F33F,ファミリーマート,港北篠原町店,
Suica,C7,8F340,ファミリーマート,港北篠原町店,
Suica,C7,8F341,ファミリーマート,港北篠原町店,
Suica,C7,8F350,ファミリーマート,目黒神泉町店,
Suica,C7,8F35B,ファミリーマート,JA上片桐店,
Suica,C7,8F35C,ファミリーマート,JA上片桐店,
Suica,C7,8F390,ファミリーマート,長野駅東口店,
Suica,C7,8F391,ファミリーマート,長野駅東口店,
Suica,C7,8F3A2,ファミリーマート+ファーマライズ薬局,末広町店,
Suica,C7,8F588,ファミリーマート,渋谷神南北谷公園前店,
Suica,C7,8F5C5,ファミリーマート,神楽坂下店,
Suica,C7,8F608,ファミリーマート,パレスサイドビル店,
Suica,C7,8F625,ファミリーマート,桜木町弁天橋店,
Suica,C7,8F660,ファミリーマート,西神田二丁目店,
Suica,C7,8F6A7,ファミリーマート,上田踏入二丁目店,
Suica,C7,8F6A8,ファミリーマート,上田踏入二丁目店,
Suica,C7,8F703,ファミリーマート,虎ノ門一丁目店,
Suica,C7,8F704,ファミリーマート,虎ノ門一丁目店,
Suica,C7,8F705,ファミリーマート,虎ノ門一丁目店,
Suica,C7,8F76F,ファミリーマート,長野駅前店,
Suica,C7,8F77A,ファミリーマート,大森駅東口店,
Suica,C7,8F77B,ファミリーマート,大森駅東口店,
Suica,C7,8F77C,ファミリーマート,大森駅東口店,
Suica,C7,8F7D1,ファミリーマート,オペラシティサンクンガーデン店,
Suica,C7,8F805,ファミリーマート,神宮前店,
Suica,C7,8F87D,ファミリーマート,三戸中央病院通店,
Suica,C7,8F87E,ファミリーマート,三戸中央病院通店,
Suica,C7,8F88D,ファミリーマート,青森柳町店,
Suica,C7,8F8A2,ファミリーマート,北上村崎野店,
Suica,C7,8F8A3,ファミリーマート,北上村崎野店,
Suica,C7,8F8AE,ファミリーマート,洋野種市店,
Suica,C7,8F8AF,ファミリーマート,洋野種市店,
Suica,C7,8F8E8,ファミリーマート,あすと長町店,
Suica,C7,8F8E9,ファミリーマート,あすと長町店,
Suica,C7,8F8F6,ファミリーマート,山形七日町二丁目店,
Suica,C7,8F8FC,ファミリーマート,福島駅西店,
Suica,C7,8F907,ファミリーマート,新潟東大通店,
Suica,C7,8F91E,ファミリーマート,水戸駅南口店,
Suica,C7,8F91F,ファミリーマート,水戸駅南口店,
Suica,C7,8F923,ファミリーマート,水戸駅前店,
Suica,C7,8F92F,ファミリーマート,和光北口店,
Suica,C7,8F951,ファミリーマート,東所沢駅南店,
Suica,C7,8F9BB,ファミリーマート,中目黒駅前店,
Suica,C7,8F9CD,ファミリーマート,東京オペラシティ店,
Suica,C7,8F9E2,ファミリーマート,池尻大橋駅北店,
Suica,C7,8F9F3,ファミリーマート,蔵前店,
Suica,C7,8FA05,ファミリーマート,渋谷マークシティ店,
Suica,C7,8FA06,ファミリーマート,渋谷マークシティ店,
Suica,C7,8FA07,ファミリーマート,渋谷マークシティ店,
Suica,C7,8FA09,ファミリーマート,渋谷マークシティ店,
Suica,C7,8FAA5,ファミリーマート,浅草橋三丁目店,
Suica,C7,8FB03,ファミリーマート,ブルースカイ羽田アライバル店,
Suica,C7,8FB04,ファミリーマート,ブルースカイ羽田アライバル店,
Suica,C7,8FB89,ファミリーマート,横浜万国橋店,
Suica,C7,8FBA4,ファミリーマート,飯田東和町店,
Suica,C7,8FBA9,ファミリーマート,塩尻桔梗町店,
Suica,C7,8FBEC,ファミリーマート,渋谷道玄坂店,
Suica,C7,8FBED,ファミリーマート,渋谷道玄坂店,
Suica,C7,8FBFB,ファミリーマート,鹿島田駅前店,
Suica,C7,8FC9A,ファミリーマート,いわき平菱川町店,
Suica,C7,8FCAB,ファミリーマート,郡山中町店,
Suica,C7,8FCB4,ファミリーマート,福島駅西口店,
Suica,C7,8FCB5,ファミリーマート,福島駅西口店,
Suica,C7,8FCBB,ファミリーマート,長岡赤十字病院店,
Suica,C7,8FCC4,ファミリーマート,福島なかまち店,
Suica,C7,8FCC5,ファミリーマート,福島なかまち店,
Suica,C7,8FCD8,ファミリーマート,山形大学工学部店,
Suica,C7,8FCD9,ファミリーマート,山形大学工学部店,
Suica,C7,8FCDA,ファミリーマート,山形大学工学部店,
Suica,C7,8FCED,ファミリーマート,仙台アパホテル店,
Suica,C7,8FD06,ファミリーマート,仙台ワシントンホテル店,
Suica,C7,8FD58,ファミリーマート,久慈長内町店,
Suica,C7,8FD59,ファミリーマート,久慈長内町店,
Suica,C7,8FD5E,ファミリーマート,盛岡日影門店,
Suica,C7,8FD89,ファミリーマート,白石蔵王駅前店,
Suica,C7,8FD8B,ファミリーマート,天童中里店,
Suica,C7,8FD8C,ファミリーマート,天童中里店,
Suica,C7,8FDEB,ファミリーマート,ニューピア竹芝店,
Suica,C7,8FE09,ファミリーマート,新川崎ツインタワー店,
Suica,C7,8FE1B,ファミリーマート,外神田四丁目店,
Suica,C7,8FED2,ファミリーマート,小浦蒲田サンライズ通り店,
Suica,C7,8FED3,ファミリーマート,小浦蒲田サンライズ通り店,
Suica,C7,8FF83,ファミマ!!,サンシャイン店,
Suica,C7,8FF94,ファミリーマート,京王プレッソイン茅場町店,
Suica,C7,8FFB6,ファミリーマート,新宿信濃町店,
Suica,C7,8FFD8,ファミリーマート,スバル桜丘246店,
Suica,C7,8FFD9,ファミリーマート,スバル桜丘246店,
Suica,C7,8FFDA,ファミリーマート,スバル桜丘246店,
Suica,C7,8FFE6,ファミリーマート,新宿要通り店,
Suica,C7,90029,ファミリーマート,日本橋茅場町店,
Suica,C7,90048,ファミリーマート,渋谷公園通り店,
Suica,C7,90051,ファミリーマート,地下鉄新横浜駅店,
Suica,C7,90052,ファミリーマート,地下鉄新横浜駅店,
Suica,C7,90053,ファミリーマート,地下鉄新横浜駅店,
Suica,C7,9006A,ファミリーマート,新宿マインズタワー店,
Suica,C7,90084,ファミリーマート,日本橋本町二丁目店,
Suica,C7,90085,ファミリーマート,日本橋本町二丁目店,
Suica,C7,90086,ファミリーマート,日本橋本町二丁目店,
Suica,C7,9008A,ファミリーマート,渋谷明治通り店,
Suica,C7,900BC,ファミリーマート,道玄坂上店,
Suica,C7,900D9,ファミマ!!,秋葉原UDX店,
Suica,C7,900E1,ファミリーマート,パークタワー新川崎店,
Suica,C7,90155,ファミリーマート,神楽坂三丁目店,
Suica,C7,901A7,ファミリーマート,田端駅前店,
Suica,C7,9021E,ファミリーマート,水道橋駅東口店,
Suica,C7,9025A,ファミリーマート,天王洲ファーストタワー店,
Suica,C7,90319,ファミリーマート,渋谷キャットストリート店,
Suica,C7,904A8,ファミリーマート,大塚駅南口店,
Suica,C7,904A9,ファミリーマート,大塚駅南口店,
Suica,C7,90571,ファミリーマート,南蒲田店,
Suica,C7,90593,セブン‐イレブン,江東佐賀1丁目店,
Suica,C7,90594,セブン‐イレブン,江東佐賀1丁目店,
Suica,C7,90595,セブン‐イレブン,江東佐賀1丁目店,
Suica,C7,9059F,セブン‐イレブン,高崎八島町店,
Suica,C7,905F9,セブン‐イレブン,新潟曽野木団地店,
Suica,C7,90614,セブン‐イレブン,相模大野3丁目西店,
Suica,C7,90615,セブン‐イレブン,相模大野3丁目西店,
Suica,C7,90654,セブン‐イレブン,京王新宿3丁目ビル店,
Suica,C7,909FD,ファミリーマート,羽田空港第2T国際線エリア店,
Suica,C7,909FE,ファミリーマート,羽田空港第2T国際線エリア店,
Suica,C7,909FF,ファミリーマート,羽田空港第2T国際線エリア店,
Suica,C7,90AA9,マクドナルド,渋谷センター街店,
Suica,C7,90AD2,マクドナルド,池尻大橋店,
Suica,C7,90AF9,マクドナルド,南新宿店,
Suica,C7,90B03,マクドナルド,梅ヶ丘駅前店,
Suica,C7,90CA9,ファミリーマート,渋谷道玄坂プラザ通り店,
Suica,C7,90CD1,ファミリーマート,八戸廿六日町店,
Suica,C7,90CD2,ファミリーマート,八戸廿六日町店,
Suica,C7,90D00,ファミリーマート,白鷹さくらの店,
Suica,C7,90D01,ファミリーマート,白鷹さくらの店,
Suica,C7,90D07,セブン‐イレブン,麹町5丁目店,
Suica,C7,90D15,マクドナルド,高崎モントレー店,
Suica,C7,90D54,セブン‐イレブン,南藤沢店,
Suica,C7,91054,マクドナルド,渋谷MIYASHITAPARK店,
Suica,C7,9106D,セブン‐イレブン,東京サンケイビル店,
Suica,C7,910A6,ファミリーマート,新津本町四丁目店,
Suica,C7,910A7,ファミリーマート,新津本町四丁目店,
Suica,C7,911D0,ファミリーマート,第一イン池袋店,
Suica,C7,912EA,セブン‐イレブン,石巻門脇二番谷地店,
Suica,C7,912EB,セブン‐イレブン,石巻門脇二番谷地店,
Suica,C7,9134D,ファミリーマート,奥州水沢大手町店,
Suica,C7,9134E,ファミリーマート,奥州水沢大手町店,
Suica,C7,91448,ファミリーマート,酒田東町一丁目店,
Suica,C7,9144F,ファミリーマート,日光中央町店,
Suica,C7,9145B,セブン‐イレブン,青森筒井3丁目店,
Suica,C7,9145C,セブン‐イレブン,青森筒井3丁目店,
Suica,C7,9146B,ファミリーマート,小田急町田駅前店,
Suica,C7,914B4,ファミリーマート,石巻市役所前店,
Suica,C7,914B5,ファミリーマート,石巻市役所前店,
Suica,C7,914E6,セブン‐イレブン,上尾駅西口店,
Suica,C7,914E7,セブン‐イレブン,上尾駅西口店,
Suica,C7,91516,セブン‐イレブン,代官山鎗ヶ崎店,
Suica,C7,91524,セブン‐イレブン,水戸笠原卸売センター店,
Suica,C7,91525,セブン‐イレブン,水戸笠原卸売センター店,
Suica,C7,91526,セブン‐イレブン,水戸笠原卸売センター店,
Suica,C7,9153C,セブン‐イレブン,両国駅東口店,
Suica,C7,9153D,セブン‐イレブン,両国駅東口店,
Suica,C7,91540,セブン‐イレブン,ひたちなか大成町店,
Suica,C7,91541,セブン‐イレブン,ひたちなか大成町店,
Suica,C7,915E3,ファミリーマート,神宮前五丁目店,
Suica,C7,915EE,ファミリーマート,野辺地橋店,
Suica,C7,9160E,セブン‐イレブン,東京ポートシティ竹芝店,
Suica,C7,918B7,セブン‐イレブン,台東柳橋1丁目店,
Suica,C7,91912,セブン‐イレブン,川越駅西口ユープレイス店,
Suica,C7,91C3B,ファミリーマート,B.Sガレリア店,
Suica,C7,91C69,マクドナルド,北千住東口店,
Suica,C7,91CD3,ファミリーマート,渋谷駅北店,
Suica,C7,91D15,セブン‐イレブン,東所沢和田3丁目店,
Suica,C7,91F36,PRONTO,さいたま新都心ビル店,
Suica,C7,91FB8,PRONTO,仙台国際空港店,
Suica,C7,920F3,PRONTO,渋谷フクラス店,
Suica,C7,9210E,ファミリーマート,大塚駅北口店,
Suica,C7,9210F,ファミリーマート,大塚駅北口店,
Suica,C7,924D1,セブン‐イレブン,渋谷鶯谷町店,
Suica,C7,924E4,セブン‐イレブン,中野駅北口一番街店,
Suica,C7,92547,ファミリーマート,新潟バスセンター/S店,
Suica,C7,92548,ファミリーマート,新潟バスセンター/S店,
Suica,C7,9260D,ファミリーマート,大倉山一丁目店,
Suica,C7,9260E,ファミリーマート,大倉山一丁目店,
Suica,C7,926E2,セブン‐イレブン,本宮みずいろ公園前店,
Suica,C7,9273E,セブン‐イレブン,品川シーサイドフォレスト店,
Suica,C7,9273F,セブン‐イレブン,品川シーサイドフォレスト店,
Suica,C7,92740,セブン‐イレブン,品川シーサイドフォレスト店,
Suica,C7,92741,セブン‐イレブン,品川シーサイドフォレスト店,
Suica,C7,92742,セブン‐イレブン,品川シーサイドフォレスト店,
Suica,C7,92768,セブン‐イレブン,喜多方米室店,
Suica,C7,92769,セブン‐イレブン,喜多方米室店,
Suica,C7,927A0,セブン‐イレブン,目黒3丁目店,
Suica,C7,927A1,セブン‐イレブン,目黒3丁目店,
Suica,C7,927A2,セブン‐イレブン,北区赤羽1番街店,
Suica,C7,927A3,セブン‐イレブン,北区赤羽1番街店,
Suica,C7,9493E,#博多ラーメン#由丸,芝大門店,
Suica,C7,94A88,ヤマト運輸,新津営業所,
Suica,C7,94A92,ヤマト運輸,新潟木工団地営業所(新潟木工団地),
Suica,C7,95DFB,リアル脱出ゲーム,浅草店,
Suica,C7,970F2,全日食チェーン,石岡6号バイパス店,
Suica,C7,97AF8,ラーメン渓流,山形駅前店,
Suica,C7,99051,ダイソー,友部東平店,
Suica,C7,9B38D,中条駅観光交流室,,
Suica,C7,A3C12,はま寿司,ゲートシティ大崎店,
Suica,C7,A3C13,はま寿司,ゲートシティ大崎店,
Suica,C7,A4D46,すき家,神保町駅前店(旧 神田神保町一丁目店),
Suica,C7,A4D47,すき家,神保町駅前店(旧 神田神保町一丁目店),
Suica,C7,A7F9E,はま寿司,弘前高田店,
Suica,C7,A7F9F,はま寿司,弘前高田店,
Suica,C7,A8710,サブウェイ,日本大学法学部神田三崎町キャンパス店,
Suica,C7,A9D8F,ドン・キホーテ,伊勢佐木町店,
Suica,C7,A9F73,ドン・キホーテ,お菓子ドンキ・お酒ドンキ,
Suica,C7,AAE6C,ビック酒販,AKIBA,
Suica,C7,AAFC2,フィットケアデポ,菅田店,
Suica,C7,AB255,中川コロナシネマワールド,,
Suica,C7,AB396,スターバックスコーヒー,渋谷パルコ店,
Suica,C7,AB3B3,ポケモンセンター,シブヤ,
Suica,C7,AB3C0,Nintendo TOKYO,,
Suica,C7,AB3D0,Tokyo Otaku Mode TOKYO,渋谷パルコ店,
Suica,C7,AB3D3,CAPCOM STORE TOKYO,,
Suica,C7,AB3D5,JUMP SHOP,渋谷店,
Suica,C7,AB52F,セブン‐イレブン,渋谷千駄ヶ谷1丁目店,
Suica,C7,AB652,成城石井,御茶ノ水ソラシティ店,
Suica,C7,AB6C6,太陽のトマト麺,錦糸町本店,
Suica,C7,AB98E,フィットケアデポ,東名川崎店,
Suica,C7,ABAB2,たいらや,足利店,
Suica,C7,ABAB3,たいらや,足利店,
Suica,C7,ABAB4,たいらや,足利店,
Suica,C7,ABAB5,たいらや,足利店,
Suica,C7,ABAB6,たいらや,足利店,
Suica,C7,ABAB7,たいらや,足利店,
Suica,C7,ABB28,新日本海フェリー,新潟支店 新潟ターミナル 売店,
Suica,C7,ABD01,上島珈琲店,大門店,
Suica,C7,ABD05,上島珈琲店,横浜北幸店,
Suica,C7,ABE2C,大阪王将,末広町店,
Suica,C7,ABECA,ビックカメラ,新潟店,
Suica,C7,AC220,上島珈琲店,八重洲地下街店,
Suica,C7,AC41B,佐渡 廻転寿司 弁慶,別館 立ち食い 弁慶,
Suica,C7,AC42F,ホテルルートイン,糸魚川,
Suica,C7,AC430,ホテルルートイン,結城,
Suica,C7,AC440,ホテルルートイン,長岡駅前,
Suica,C7,AC44C,ホテルルートイン,中野,
Suica,C7,AC44F,ホテルルートイン,鶴岡インター,
Suica,C7,AC463,ホテルルートイン,青森中央インター,
Suica,C7,AC49D,ホテルルートイン,横手インター,
Suica,C7,AC49F,ホテルルートイン,深谷駅前,
Suica,C7,AC4A0,ホテルルートイン,新庄駅前,
Suica,C7,AC4A5,ホテルルートイン,下館,
Suica,C7,AC4A7,ホテルルートイン,第2足利,
Suica,C7,AC4A8,ホテルルートイン,水海道駅前,
Suica,C7,AC4AC,ホテルルートイン,古河駅前,
Suica,C7,AC4B5,ホテルルートイン,本庄駅南,
Suica,C7,AC50D,ホテルルートイン,いわき駅前,
Suica,C7,AC512,ホテルルートイン,足利駅前,
Suica,C7,AC63D,ロイヤルホスト,目黒店,
Suica,C7,AC642,ロイヤルホスト,新宿店,
Suica,C7,AC662,ロイヤルホスト,新潟県庁前店,
Suica,C7,AC664,ロイヤルホスト,西堀通店,
Suica,C7,AC665,ロイヤルホスト,新潟駅前店,
Suica,C7,AC81E,スギ薬局,六本木店,
Suica,C7,ACAA6,ドン・キホーテ,秋葉原店,
Suica,C7,ACDD5,そうごう薬局,千歳烏山店,
Suica,C7,ACF0F,ドン・キホーテ,行徳駅前店,
Suica,C7,ACF10,ドン・キホーテ,行徳駅前店,
Suica,C7,ACF11,ドン・キホーテ,行徳駅前店,
Suica,C7,AD03C,オーケー,藤沢店,
Suica,C7,AD03E,オーケー,藤沢店,
Suica,C7,AD041,オーケー,藤沢店,
Suica,C7,AD047,オーケー,藤沢店,
Suica,C7,AD17B,オーケー,調布店,
Suica,C7,AD426,なんでもバザール・あっでば,,
Suica,C7,AD48C,ヒューマントラストシネマ渋谷,グッズショップ,
Suica,C7,AD833,イタリアン・トマト CafeJr.,池袋西口店,
Suica,C7,AD840,ドン・キホーテ,大宮東口店,
Suica,C7,ADD32,ヤックスドラッグ,柏光ヶ丘店,
Suica,C7,ADE0C,カレーハウスCoCo壱番屋,豊洲センタービル店,
Suica,C7,ADE5E,GIFT SHOP The Akiba,,
Suica,C7,AE0FF,ヤックスドラッグ,椿森薬局2号店,
Suica,C7,AE19C,ブックオフ,SUPER BAZAAR Luz湘南辻堂,
Suica,C7,AE1AD,ブックオフ,上野広小路店,
Suica,C7,AE1BA,ブックオフ,SUPER BAZAAR 町田中央通り店(本・ソフト館),
Suica,C7,AE262,TOHOシネマズ,日本橋,
Suica,C7,AE2D3,ブックオフ,SUPER BAZAAR 鎌倉大船店,
Suica,C7,AE2D4,ブックオフ,SUPER BAZAAR 鎌倉大船店,
Suica,C7,AE2DE,ブックオフ,秋葉原駅前店,
Suica,C7,AE34D,ブックオフ,花小金井店,
Suica,C7,AE391,有隣堂,藤沢店,
Suica,C7,AE392,有隣堂,藤沢店,
Suica,C7,AE397,有隣堂,藤沢店,
Suica,C7,AE44C,Bonna,新宿中村屋,
Suica,C7,AE4F6,ブックオフ,横浜ビブレ店,
Suica,C7,AE503,ブックオフプラス,大宮ラクーン,
Suica,C7,AE5F2,KYリカー,湘南台駅前店,
Suica,C7,AE5F3,KYリカー,湘南台駅前店,
Suica,C7,AE68D,ブックオフ,横浜東戸塚店,
Suica,C7,AE977,ブックオフ,藤沢駅北口店,
Suica,C7,AEBF2,ブックオフ,茅ヶ崎駅北口店,
Suica,C7,AEBF3,ブックオフ,茅ヶ崎駅北口店,
Suica,C7,AEC99,ブックオフ,平塚四之宮店,
Suica,C7,AEC9A,ブックオフ,平塚四之宮店,
Suica,C7,AECA9,ブックオフ,寒川大曲店,
Suica,C7,AECAD,ブックオフ,平塚豊田店,
Suica,C7,AED00,アマンド,六本木店,
Suica,C7,AEE08,#秋田空港おみやげ広場#あ・えーる,,
Suica,C7,AF38D,ダイソー,渋谷センター街店,
Suica,C7,AF38E,ダイソー,渋谷センター街店,
Suica,C7,AF3B5,ダイソー,吉祥寺サンロード店,
Suica,C7,AF40B,ダイソー,横浜駅前西口店,
Suica,C7,AF40D,ダイソー,横浜駅前西口店,
Suica,C7,AF411,ダイソー,アクロス東神奈川店,
Suica,C7,AF601,クリスピー・クリーム・ドーナツ,有楽町イトシア店,
Suica,C7,AF603,クリスピー・クリーム・ドーナツ,渋谷シネタワー店,
Suica,C7,AF658,コトブキヤ,秋葉原館,
Suica,C7,AF659,コトブキヤ,秋葉原館,
Suica,C7,AF8AC,ウエルシア,新潟新和店,
Suica,C7,AF8CA,ウエルシア,五泉店,
Suica,C7,AF96A,ウエルシア,新潟横七番町店,
Suica,C7,AFE77,ウエルシア,宇都宮花房店,
Suica,C7,AFEC9,ウエルシア,宇都宮双葉店,
Suica,C7,AFF18,ウエルシア,町田境川店,
Suica,C7,B019A,ウエルシア,新友部店,
Suica,C7,B019B,ウエルシア,新友部店,
Suica,C7,B03D6,ウエルシア,袋井諸井店,
Suica,C7,B03D7,ウエルシア,袋井諸井店,
Suica,C7,B0598,ウエルシア,新潟上木戸店,
Suica,C7,B05E5,ウエルシア,新潟秋葉通店,
Suica,C7,B05E6,ウエルシア,新潟秋葉通店,
Suica,C7,B05E7,ウエルシア,新潟秋葉通店,
Suica,C7,B05F9,ウエルシア,新潟亀田駅前店,
Suica,C7,B0709,えちご食処 7つのおもてなし,,
Suica,C7,B070A,山田うどん,蒲田店,
Suica,C7,B07FD,マツモトキヨシ,本町通店,
Suica,C7,B0A02,マルマンストア,日本橋馬喰町店,
Suica,C7,B0A2E,ラケル,新宿西口店,
Suica,C7,B0A9E,ホテルルートイン,伊勢原,
Suica,C7,B0AB9,塩尻観光センター物販店,,
Suica,C7,B0CD7,ウェンディーズ・ファーストキッチン,六本木店,
Suica,C7,B0CE3,ブックオフプラス,横浜伊勢佐木モール,
Suica,C7,B1477,ポポンデッタ,秋葉原店,
Suica,C7,B1479,ポポンデッタ,秋葉原店,
Suica,C7,B1519,天然温泉 テルマー湯,,
Suica,C7,B1616,ドトールコーヒーショップ,Enejet郡山美術館通り店,
Suica,C7,B16B0,ブックオフ,平塚駅西口店,
Suica,C7,B1786,カフェクロワッサン,WBG店,
Suica,C7,B17A9,かっぱ寿司,平塚店,
Suica,C7,B18E7,オリオン書房,アレア店,
Suica,C7,B18EB,オリオン書房,ノルテ店,
Suica,C7,B1988,アルビレックス新潟,売店場外,
Suica,C7,B198A,アルビレックス新潟売店E1,,
Suica,C7,B198B,アルビレックス新潟売店W1,,
Suica,C7,B198C,アルビレックス新潟売店N1,,
Suica,C7,B19AC,#珈琲所#コメダ珈琲店,丸井中野店,
Suica,C7,B1AAA,DiCE,大森店,
Suica,C7,B1DBD,こだわりや,三鷹店,
Suica,C7,B1FE3,道の駅いまべつ(半島プラザ アスクル),,
Suica,C7,B2020,カレーハウスCoCo壱番屋,JR大船駅笠間口店,
Suica,C7,B205B,ブックオフ,新潟駅南口店,
Suica,C7,B2089,#岩手県産品の店#らら・いわて,平泉店,
Suica,C7,B20AE,カレーハウスCoCo壱番屋,深谷駅前店,
Suica,C7,B20B0,カレーハウスCoCo壱番屋,ラウンドワン秋田店,
Suica,C7,B20C4,MEGAドン・キホーテ,立川店,
Suica,C7,B20C9,MEGAドン・キホーテ,立川店,
Suica,C7,B20CA,MEGAドン・キホーテ,立川店,
Suica,C7,B20CB,MEGAドン・キホーテ,立川店,
Suica,C7,B20CC,MEGAドン・キホーテ,立川店,
Suica,C7,B20CD,MEGAドン・キホーテ,立川店,
Suica,C7,B20E4,釈迦堂PA(下り),ハイウェイショップ,
Suica,C7,B20E5,境川PA(上り),ハイウェイショップ,
Suica,C7,B2171,トモズ,赤坂店,
Suica,C7,B2195,トモズ,ゲートシティ大崎店,
Suica,C7,B2196,トモズ,ThinkPark店,
Suica,C7,B21A8,トモズ,渋谷並木橋店,
Suica,C7,B21A9,トモズ,渋谷並木橋店,
Suica,C7,B21AC,トモズ,恵比寿ガーデンプレイス店,
Suica,C7,B2255,トモズ,東京オペラシティ店,
Suica,C7,B24C7,ハックドラッグ,中田店,
Suica,C7,B254C,ウエルシア,池袋店,
Suica,C7,B25F0,ウエルシア,京王高幡SC店,
Suica,C7,B274B,ハックドラッグ,戸塚上倉田店,
Suica,C7,B274C,ハックドラッグ,戸塚上倉田店,
Suica,C7,B2780,ウエルシア,茅野本町店,
Suica,C7,B290B,カレーハウスCoCo壱番屋,茨城結城店,
Suica,C7,B2940,快活CLUB,水戸笠原店,
Suica,C7,B2941,快活CLUB,水戸笠原店,
Suica,C7,B296A,快活CLUB,水戸渡里店,
Suica,C7,B296B,快活CLUB,水戸渡里店,
Suica,C7,B2AA4,ジュンク堂書店,立川高島屋店,
Suica,C7,B2B25,やまや,新潟大学前店,
Suica,C7,B2B26,やまや,新潟大学前店,
Suica,C7,B2B8B,やまや,赤坂店,
Suica,C7,B2B91,やまや,麹町店,
Suica,C7,B2B93,やまや,青山1丁目店,
Suica,C7,B2B94,やまや,青山1丁目店,
Suica,C7,B2B9B,やまや,道玄坂上店,
Suica,C7,B2B9C,やまや,道玄坂上店,
Suica,C7,B2B9D,やまや,道玄坂上店,
Suica,C7,B2B9E,やまや,道玄坂上店,
Suica,C7,B2BA0,やまや,芝大門店,
Suica,C7,B2C50,イタリアン・トマト CafeJr.,東大駒場店,
Suica,C7,B2C95,カレーハウスCoCo壱番屋,JR蒲田駅東口店,
Suica,C7,B2D80,やまや,紫竹山店,
Suica,C7,B2D82,やまや,海老ヶ瀬店,
Suica,C7,B2D84,やまや,新潟大学前店,
Suica,C7,B2D8C,やまや,新潟河渡店,
Suica,C7,B2F2A,ドン・キホーテ,藤沢駅南口店,
Suica,C7,B2F97,#回転寿司#海鮮三崎港,大船店,
Suica,C7,B2FF1,銀座ライオン,渋谷マークシティ店,
Suica,C7,B30B0,#ハンバーグレストラン#びっくりドンキー,小平大沼店,
Suica,C7,B312F,道の駅よこはま「菜の花プラザ」,,
Suica,C7,B3130,道の駅よこはま「菜の花プラザ」,,
Suica,C7,B31CD,Pie face,舞浜イクスピアリショップ,
Suica,C7,B34DA,やまや,北浦和店,
Suica,C7,B3594,クスリのアオキ,北方中央店,
Suica,C7,B35B6,アックス フーズマート,横手駅前店,
Suica,C7,B37CC,いきなり!ステーキ,渋谷センター街店,
Suica,C7,B6B73,丸善雄松堂,DNPプラザ,物販コーナー
Suica,C7,B6D7E,リンツ ショコラ ブティック,渋谷マークシティ店,
Suica,C7,B6E93,#香港飲茶楼#ル・パルク,,
Suica,C7,B6EB0,ウエルシア,さいたま新都心けやきひろば店,
Suica,C7,B6EEB,TOKYO TOWER OFFICIAL SHOP,THE SKY,
Suica,C7,B6F37,佐久平PA(上り),ショッピングコーナー,
Suica,C7,B768E,築地食堂源ちゃん,東京ビッグサイト店,
Suica,C7,B768F,築地食堂源ちゃん,東京ビッグサイト店,
Suica,C7,B7692,#フードコート&ビアー#Eat iT!,東京ビッグサイト店,
Suica,C7,B7774,クスリのアオキ,館林栄町店,
Suica,C7,B789D,やまなみ,,
Suica,C7,B7979,八丈エアポート逸品会,,
Suica,C7,B7A88,ウェンディーズ・ファーストキッチン,赤坂見附店,
Suica,C7,B7AC9,鉄道博物館,,
Suica,C7,B7C7D,ウェンディーズ・ファーストキッチン,日比谷シャンテ前店,
Suica,C7,B807D,オーケー,西寺尾店,
Suica,C7,B8188,ムーラン,AKIBA中央通り店,
Suica,C7,B819C,東部湯の丸SA(下り),ショッピングコーナー,
Suica,C7,B81A1,阿賀野川SA(下り),ショッピングコーナー,
Suica,C7,B826F,海洋堂,ホビーロビー東京,
Suica,C7,B840E,那須高原SA(上り),ショッピングコーナー,
Suica,C7,B8505,米山SA(下り),ショッピングコーナー,
Suica,C7,B86FF,マルエドラッグ,新里店,
Suica,C7,B87BA,水沢グリーンホテル,,
Suica,C7,B8853,66cafe 六本木六丁目食堂,飯田橋店,
Suica,C7,B8877,さかなや道場,新潟駅前1号店,
Suica,C7,B888C,スカイマート・ビードル,,
Suica,C7,B8991,高坂SA(上り),ショッピングコーナー,
Suica,C7,B89AD,蓮田SA(下り),ショッピングコーナー,
Suica,C7,B89AE,蓮田SA(下り),ショッピングコーナー,
Suica,C7,B89AF,蓮田SA(下り),ショッピングコーナー,
Suica,C7,B8A8F,越後川口SA(上り),ショッピングコーナー,
Suica,C7,B8A90,越後川口SA(上り),ショッピングコーナー,
Suica,C7,B8A91,越後川口SA(上り),ショッピングコーナー,
Suica,C7,B8C7D,Panini KITCHEN ロイヤルベーカリー,,
Suica,C7,B8C7F,上里SA(上り),ショッピングコーナー,
Suica,C7,B8EF8,ウェンディーズ・ファーストキッチン,横浜パルナード店,
Suica,C7,B8EFB,ウェンディーズ・ファーストキッチン,飯田橋ラムラ店,
Suica,C7,B8F29,和同会,医療売店,
Suica,C7,B9086,chano-ma,秋葉原,
Suica,C7,B916E,サミットストア,テラスモール湘南店,
Suica,C7,B9348,ホテルルートイン,熊谷,
Suica,C7,B936A,道の駅 川のみなと長井,,
Suica,C7,B936B,道の駅 川のみなと長井,,
Suica,C7,B9388,道の駅 風穴の里,,
Suica,C7,B97C5,MEGAドン・キホーテ,渋谷本店,
Suica,C7,B9CAE,トモズ,三軒茶屋店,
Suica,C7,B9CC7,越後川口SA(下り),ショッピングコーナー,
Suica,C7,B9DA8,友部SA(下り),ショッピングコーナー,
Suica,C7,B9F3E,カフェ・アート,,
Suica,C7,B9F40,レストラン ミューズ,,
Suica,C7,BA01A,ブックオフ,SUPER BAZAAR 西友大森店,
Suica,C7,BA421,マザー牧場,山の上売店,
Suica,C7,BA73A,IDEBOK,海老名サービスエリア(上り線),
Suica,C7,BA784,糸魚川観光物産センター,,
Suica,C7,BAA2B,つるおか食文化市場FOODEVER,,
Suica,C7,BAB47,安積PA(上り),ショッピングコーナー,
Suica,C7,BAB4A,安積PA(下り),ショッピングコーナー,
Suica,C7,BAB65,小布施PA(上り),ショッピングコーナー,
Suica,C7,BAB6D,黒埼PA(下り),ショッピングコーナー,
Suica,C7,BAB6E,黒埼PA(下り),ショッピングコーナー,
Suica,C7,BAB6F,栄PA(上り),ショッピングコーナー,
Suica,C7,BAB70,栄PA(上り),ショッピングコーナー,
Suica,C7,BAB72,栄PA(下り),ショッピングコーナー,
Suica,C7,BAB7E,寄居PA(下り),ショッピングコーナー,
Suica,C7,BAC07,モスバーガー,真岡店,
Suica,C7,BAC2F,モスバーガー,三条店,
Suica,C7,BAC30,モスバーガー,三条店,
Suica,C7,BAC61,モスバーガー,秋田大館中道店,
Suica,C7,BAC92,モスバーガー,深谷駅前店,
Suica,C7,BACA0,モスバーガー,神楽坂下店,
Suica,C7,BACA2,モスバーガー,六本木店,
Suica,C7,BACA6,モスバーガー,秋葉原末広町店,
Suica,C7,BACB3,モスバーガー,芝大門店,
Suica,C7,BACB7,モスカフェ,西銀座店,
Suica,C7,BACB8,モスカフェ,西銀座店,
Suica,C7,BACBD,モスバーガー,渋谷公園通り店,
Suica,C7,BACBE,モスバーガー,渋谷公園通り店,
Suica,C7,BACCE,モスバーガー,恵比寿東店,
Suica,C7,BAD02,モスバーガー,熊谷駅店,
Suica,C7,BAD0F,モスバーガー,下館店,
Suica,C7,BAD12,モスバーガー,石岡店,
Suica,C7,BAD24,モスバーガー,会津千石店,
Suica,C7,BADC4,モスバーガー,青森柳川店,
Suica,C7,BADC8,モスバーガー,本郷三丁目店,
Suica,C7,BADF1,モスバーガー,東所沢駅前店,
Suica,C7,BADF4,モスバーガー,立川南口店,
Suica,C7,BADF6,モスバーガー,橋本3丁目店,
Suica,C7,BADF8,モスバーガー,中野南口店,
Suica,C7,BAE22,モスバーガー,秋田横手インター店,
Suica,C7,BAE5E,モスバーガー,荒川遊園前店,
Suica,C7,BB1B0,サンドラッグ,渋谷店,
Suica,C7,BB2C1,あまるめホッとホーム,,
Suica,C7,BB593,ドムドムハンバーガー,マルエツ大泉学園店,
Suica,C7,BB5A9,サミットストア,東中野店,
Suica,C7,BB5AC,サミットストア,東中野店,
Suica,C7,BB820,サンドラッグ,中野ブロードウェイ店,
Suica,C7,BB8C2,長野原・草津・六合ステーション,,
Suica,C7,BBDA3,米山SA(上り),ショッピングコーナー,
Suica,C7,BBF7D,関山 中尊寺,,
Suica,C7,BC053,ウエルシア,名古屋代官町店,
Suica,C7,BC054,ウエルシア,名古屋代官町店,
Suica,C7,BC055,ウエルシア,名古屋代官町店,
Suica,C7,BC0D0,JA東京中央,ファーマーズマーケット 千歳烏山,
Suica,C7,BC1FA,#珈琲所#コメダ珈琲店,渋谷宮益坂上店,
Suica,C7,BC24E,食品館あおば,聖蹟桜ヶ丘店,
Suica,C7,BC255,食品館あおば,自由が丘店,
Suica,C7,BC256,食品館あおば,自由が丘店,
Suica,C7,BC257,食品館あおば,自由が丘店,
Suica,C7,BC258,食品館あおば,自由が丘店,
Suica,C7,BC259,食品館あおば,自由が丘店,
Suica,C7,BC566,マツモトキヨシ,プラーレ松戸店,
Suica,C7,BC625,サンドラッグ,新宿東口店,
Suica,C7,BC82D,業務スーパー,会津日新店,
Suica,C7,BC891,TRAIN HOSTEL 北斗星,,
Suica,C7,BC965,サミットストア,藤沢駅北口店,
Suica,C7,BC9C4,ほっかほっか亭,松戸本町店,
Suica,C7,BCA60,スターバックスコーヒー,六本木ヒルズ ウエストウォーク ラウンジ店,
Suica,C7,BCA69,スターバックスコーヒー,六本木ヒルズ ウエストウォーク店,
Suica,C7,BCBB6,TOKYO CITY VIEW,,
Suica,C7,BCC8F,紀伊國屋書店,さいたま新都心店,
Suica,C7,BCCD0,紀伊國屋書店,新潟店,
Suica,C7,BCDB2,カフェ ノータノーヴァ,中野店,
Suica,C7,BCE9A,エブリーワン,,
Suica,C7,BCE9B,エブリーワン,,
Suica,C7,BCF2F,銀座コージーコーナー,調布店,
Suica,C7,BCFA0,カルディコーヒーファーム,仙川店,
Suica,C7,BCFA5,カルディコーヒーファーム,中目黒店,
Suica,C7,BD16B,サンドラッグ,中野北口店,
Suica,C7,BD1A0,ウエルシア,新潟太夫浜店,
Suica,C7,BD354,ヤマザキショップ,喜多方駅前店,
Suica,C7,BD464,ベーカリー&カフェ ヤマザキ,田原町店,
Suica,C7,BD516,ディズニーストア,新潟万代BP店,
Suica,C7,BD517,ディズニーストア,新潟万代BP店,
Suica,C7,BD518,ディズニーストア,新潟万代BP店,
Suica,C7,BD519,ディズニーストア,新潟万代BP店,
Suica,C7,BD51A,ディズニーストア,新潟万代BP店,
Suica,C7,BD67F,サンドラッグ,中野店,
Suica,C7,BD7BF,BOOKSルーエ,,
Suica,C7,BD893,マツモトキヨシ,西船橋店,
Suica,C7,BD8F3,マツモトキヨシ,天王台店,
Suica,C7,BD8F4,マツモトキヨシ,天王台店,
Suica,C7,BDBAA,文教堂,大崎店,
Suica,C7,BDF12,文教堂,市ヶ谷店,
Suica,C7,BE0E7,頂マーラータン,渋谷店,
Suica,C7,BE3AA,クスリのアオキ,空港通り店,
Suica,C7,BE3AB,クスリのアオキ,空港通り店,
Suica,C7,BE3AC,クスリのアオキ,空港通り店,
Suica,C7,BE3AD,クスリのアオキ,空港通り店,
Suica,C7,BE3AE,クスリのアオキ,空港通り店,
Suica,C7,BE3B0,クスリのアオキ,女池店,
Suica,C7,BE3B1,クスリのアオキ,女池店,
Suica,C7,BE3B2,クスリのアオキ,女池店,
Suica,C7,BE3B3,クスリのアオキ,女池店,
Suica,C7,BE3CE,クスリのアオキ,青山店,
Suica,C7,BE418,クスリのアオキ,豊店,
Suica,C7,BE578,クスリのアオキ,新津店,
Suica,C7,BE579,クスリのアオキ,新津店,
Suica,C7,BE57A,クスリのアオキ,新津店,
Suica,C7,BE596,クスリのアオキ,寺尾台店,
Suica,C7,BE741,ジャン・フランソワ,渋谷マークシティ,
Suica,C7,BE8EB,スギ薬局,一番町店,
Suica,C7,BE93D,スギ薬局,東所沢駅前店,
Suica,C7,BEAB4,スギ薬局,中野南口店,
Suica,C7,BEC63,カレーうどん 千吉,新宿甲州街道店,
Suica,C7,BECE8,HYBRID MIND MARKET,,
Suica,C7,BEE6E,餃子の王将,浅草橋駅前店,
Suica,C7,BEFFB,ナチュレ片山,ピア万代店,
Suica,C7,BEFFC,ナチュレ片山,ピア万代店,
Suica,C7,BEFFD,ナチュレ片山,ピア万代店,
Suica,C7,BF130,マツモトキヨシ,永福町店,
Suica,C7,BF492,ホテルルートインGrand,東京浅草橋,
Suica,C7,BF5B2,ブックオフ,新潟関屋店,
Suica,C7,BF788,業務スーパー,高円寺店,
Suica,C7,BF901,マツモトキヨシ,池袋東口店,
Suica,C7,BF902,マツモトキヨシ,池袋東口店,
Suica,C7,BF903,マツモトキヨシ,池袋東口店,
Suica,C7,BF904,マツモトキヨシ,池袋東口店,
Suica,C7,BF905,マツモトキヨシ,池袋東口店,
Suica,C7,BF906,マツモトキヨシ,池袋東口店,
Suica,C7,BF926,マツモトキヨシ,渋谷Part1店,
Suica,C7,BF927,マツモトキヨシ,渋谷Part1店,
Suica,C7,BF930,マツモトキヨシ,六本木店,
Suica,C7,BF934,マツモトキヨシ,新宿東口店,
Suica,C7,BF945,マツモトキヨシ,有楽町二丁目店,
Suica,C7,BF98E,マツモトキヨシ,中野Part2店,
Suica,C7,BF9FC,マツモトキヨシ,matsukiyoLAB 赤羽東口駅前店,
Suica,C7,BFA70,マツモトキヨシ,大崎ニューシティ店,
Suica,C7,BFA91,マツモトキヨシ,北与野駅前店,
Suica,C7,BFACD,マツモトキヨシ,有楽町イトシアプラザ店,
Suica,C7,BFAD3,マツモトキヨシ,コクーンシティ店,
Suica,C7,BFAD4,マツモトキヨシ,コクーンシティ店,
Suica,C7,BFAD7,マツモトキヨシ,中野通り店,
Suica,C7,BFAD8,マツモトキヨシ,中野通り店,
Suica,C7,BFB10,マツモトキヨシ,末広町店,
Suica,C7,BFB1F,マツモトキヨシ,王子店,
Suica,C7,BFB8E,マツモトキヨシ,新宿南口店,
Suica,C7,BFC55,マツモトキヨシ,越谷レイクタウン駅店,
Suica,C7,BFC64,餃子の王将,渋谷ハチ公口店,
Suica,C7,BFC97,タワーレコード,渋谷店,
Suica,C7,BFD51,ドラッグトップス,空港通り店,
Suica,C7,BFE3A,スターバックスコーヒー,アークヒルズ店,
Suica,C7,BFE7E,スターバックスコーヒー,虎ノ門ヒルズ ビジネスタワー店,
Suica,C7,BFECC,ウエルシア,世田谷千歳台二丁目店,
Suica,C7,BFFF9,ミネドラッグ,新宿東口店,
Suica,C7,C0003,ミネドラッグ,中野駅前店,
Suica,C7,C0017,ミネドラッグ,幡ヶ谷店,
Suica,C7,C0238,AOKI,秋葉原店,
Suica,C7,C0537,有隣堂,戸塚モディ店,
Suica,C7,C0538,有隣堂,戸塚モディ店,
Suica,C7,C0539,有隣堂,戸塚モディ店,
Suica,C7,C053A,有隣堂,戸塚モディ店,
Suica,C7,C05EE,ホテルルートイン,木更津,
Suica,C7,C05F1,ホテルルートイン,仙台東,
Suica,C7,C0E20,業務スーパー,笠間友部店,
Suica,C7,C0E91,栄華楼,品川グランドセントラルタワー店,
Suica,C7,C101E,どらっぐぱぱす,麹町店,
Suica,C7,C106D,どらっぐぱぱす,豊洲フォレシア店,
Suica,C7,C11DE,Cafe Miyama,渋谷センター街店,
Suica,C7,C11E4,喫茶室ルノアール,東池袋1丁目店,
Suica,C7,C11EC,Cafe Miyama,渋谷東口駅前店,
Suica,C7,C11F7,喫茶室ルノアール,渋谷東急ハンズ前店,
Suica,C7,C11FB,NEW YORKER'S Cafe,高田馬場1丁目店,
Suica,C7,C1280,マツモトキヨシ,アキバ店,
Suica,C7,C13C5,マツモトキヨシ,空港通店,
Suica,C7,C13D5,マツモトキヨシ,亀田店,
Suica,C7,C13E0,マツモトキヨシ,白山駅前店,
Suica,C7,C13E3,マツモトキヨシ,山木戸店,
Suica,C7,C1943,ロフトプラスワン,,
Suica,C7,C1945,LOFT9 Shibuya,,
Suica,C7,C194F,ピカソ,目黒駅前店,1F
Suica,C7,C1B95,#お食事処・甘味処#こころ音,,
Suica,C7,C1C46,コープみらい,コープ薬園台店,
Suica,C7,C1E7A,いなげや,飯田橋店,
Suica,C7,C1EC0,ポポラマーマ,ユニモちはら台店,
Suica,C7,C1F9D,マツモトキヨシ,いわき泉町店,
Suica,C7,C20C2,ホテルルートイン,東京東陽町,
Suica,C7,C22A6,#廻鮮#丸寿司,関屋店,
Suica,C7,C22A7,#廻鮮#丸寿司,小針店,
Suica,C7,C22A8,#廻鮮#丸寿司,石山店,
Suica,C7,C27E7,麺場 田所商店,WBG店,
Suica,C7,C2854,マツモトキヨシ,渋谷Part2店,
Suica,C7,C2EE2,KYリカー,東八野崎店,
Suica,C7,C309D,丸亀製麺,渋谷道玄坂,
Suica,C7,C313C,スターバックスコーヒー,ニッケコルトンプラザ ツムグテラス店,
Suica,C7,C320B,餃子の王将,荻窪駅西口店,
Suica,C7,C320D,餃子の王将,新潟駅前店,
Suica,C7,C3229,談合坂SA(上り),ショッピングコーナー,
Suica,C7,C326B,京樽,麻布十番店,
Suica,C7,C32AC,吉平,,
Suica,C7,C3358,ウエルシア,都庁第1庁舎店,
Suica,C7,C341C,花美濃,本店,
Suica,C7,C35A6,ビックカメラ,赤坂見附駅店,
Suica,C7,C35A7,ビックカメラ,赤坂見附駅店,
Suica,C7,C35A8,ビックカメラ,赤坂見附駅店,
Suica,C7,C35A9,ビックカメラ,赤坂見附駅店,
Suica,C7,C35AA,ビックカメラ,赤坂見附駅店,
Suica,C7,C371B,売店,弁当,
Suica,C7,C3A53,じゃんぱら,D-Style秋葉原店,
Suica,C7,C3E92,shopping kis A,,
Suica,C7,C44AC,上島珈琲店,MARK IS みなとみらい店,
Suica,C7,C48A0,茶屋亜希子,,
Suica,C7,C48A5,キリンファクトリーショップ,キリンビール 仙台工場,
Suica,C7,C4974,ビックカメラ,池袋本店,
Suica,C7,C498B,ビックカメラ,池袋本店,
Suica,C7,C4A2A,ビックカメラ,新宿西口店,
Suica,C7,C4AC7,ビックカメラ,浜松店,
Suica,C7,C4B9C,ビックカメラ,立川店,
Suica,C7,C4C7F,ビックカメラ,藤沢店,
Suica,C7,C4C81,ビックドラッグ,藤沢店,
Suica,C7,C4C96,ビックカメラ,藤沢店,
Suica,C7,C4CA1,ビックカメラ,藤沢店,
Suica,C7,C4DE6,ビックカメラ,池袋東口カメラ館,
Suica,C7,C4E1C,ビックカメラ,浜松店,
Suica,C7,C4E1E,ビックカメラ,浜松店,
Suica,C7,C4E20,ビック酒販,ビックカメラ浜松店,
Suica,C7,C4E23,ビック酒販,新潟店,
Suica,C7,C4E26,ビックカメラ,新潟店,
Suica,C7,C4E33,ビックカメラ,新潟店,
Suica,C7,C4E71,ソフマップ,AKIBA1号店 サブカル・モバイル館,
Suica,C7,C53F7,ドスパラ,横浜駅前店,
Suica,C7,C53FA,ドスパラ,横浜駅前店,
Suica,C7,C5408,ドスパラ,パーツ館,
Suica,C7,C5E0D,ヒルママーケットプレイス,本牧店,
Suica,C7,C601F,大戸屋,新宿東口中央通り店,
Suica,C7,C6026,ピーシーデポ,スマートライフ港北本店,
Suica,C7,C7300,カラオケ館,新橋外堀通り店,
Suica,C7,C74BD,セブン‐イレブン,盛岡中ノ橋通1丁目店,
Suica,C7,C78CD,不二家,イオンモール四日市北店,
Suica,C7,C78D8,丸亀製麺,イオンモール四日市北店,
Suica,C7,C7923,築地銀だこ,イオンモール四日市北店,
Suica,C7,C7935,ミスタードーナツ,##イオンモール四日市北#ショップ,
Suica,C7,C7B2E,#果汁工房#果琳,イオンモールナゴヤドーム前店,
Suica,C7,C7B33,スターバックスコーヒー,イオンモールナゴヤドーム前フードコート店,
Suica,C7,C7CD0,カルディコーヒーファーム,イオンモール新潟亀田インター店,
Suica,C7,C7CD4,カルディコーヒーファーム,イオンモール新潟亀田インター店,
Suica,C7,C7CD6,カルディコーヒーファーム,イオンモール新潟亀田インター店,
Suica,C7,C802B,#珈琲所#コメダ珈琲店,イオン名古屋東店,
Suica,C7,C8078,イオン,名古屋東店,
Suica,C7,C8184,ミニストップ,イオンタワーアネックス店,
Suica,C7,C82C8,ミニストップ,島田中央店,
Suica,C7,C82C9,ミニストップ,島田中央店,
Suica,C7,C8333,ミニストップ,豊田石飛店,
Suica,C7,C8334,ミニストップ,豊田石飛店,
Suica,C7,C833F,ミニストップ,浜松鹿谷町店,
Suica,C7,C8375,ミニストップ,足利堀込店,
Suica,C7,C83FD,ミニストップ,山之手店,
Suica,C7,C83FE,ミニストップ,山之手店,
Suica,C7,C8453,ミニストップ,九段南1丁目店,
Suica,C7,C848F,ミニストップ,金谷町店,
Suica,C7,C8490,ミニストップ,金谷町店,
Suica,C7,C8498,ミニストップ,塙大町店,
Suica,C7,C8499,ミニストップ,塙大町店,
Suica,C7,C84FF,ミニストップ,イオンレイクタウン店,
Suica,C7,C8501,ミニストップ,イオンレイクタウン店,
Suica,C7,C8571,ミニストップ,千葉長洲店,
Suica,C7,C85BA,ミニストップ,勝田駅西口店,
Suica,C7,C85BB,ミニストップ,勝田駅西口店,
Suica,C7,C85D0,ミニストップ,道玄坂2丁目店,
Suica,C7,C85D1,ミニストップ,道玄坂2丁目店,
Suica,C7,C85EB,ミニストップ,谷塚駅前店,
Suica,C7,C8638,ミニストップ,屏風山PA上り店,
Suica,C7,C8642,ミニストップ,鈴鹿野町店,
Suica,C7,C8670,ミニストップ,プレナ幕張店,
Suica,C7,C8698,ミニストップ,春日井西本町店,
Suica,C7,C86A4,ミニストップ,鈴鹿平田店,
Suica,C7,C86C6,ミニストップ,ペリエ海浜幕張店,
Suica,C7,C86C7,ミニストップ,ペリエ海浜幕張店,
Suica,C7,C86C8,ミニストップ,ペリエ海浜幕張店,
Suica,C7,C874D,ミニストップ,NEOPASA駿河湾沼津上り店,
Suica,C7,C878C,ミニストップ,松阪上ノ庄店,
Suica,C7,C878D,ミニストップ,松阪上ノ庄店,
Suica,C7,C87B7,ミニストップ,QVCスクエア店,
Suica,C7,C87DE,ミニストップ,越中島通り店,
Suica,C7,C87E4,ミニストップ,NEOPASA浜松下り店,
Suica,C7,C883E,ミニストップ,市原潤井戸店,
Suica,C7,C887B,ミニストップ,関SA上り店,
Suica,C7,C892C,ミニストップ,壬生おもちゃのまち店,
Suica,C7,C89AF,ミニストップ,弘前土手町店,
Suica,C7,C8A29,ミニストップ,弘前高田店,
Suica,C7,C8A2A,ミニストップ,弘前高田店,
Suica,C7,C8AAC,ミニストップ,信濃町駅南口店,
Suica,C7,C8AE6,ミニストップ,いわき駅前店,
Suica,C7,C8B34,ミニストップ,岐阜西荘店,
Suica,C7,C8B95,ミニストップ,宇都宮御幸本町店,
Suica,C7,C8BEA,ミニストップ,福島梁川店,
Suica,C7,C8BEB,ミニストップ,福島梁川店,
Suica,C7,C8C83,ミニストップ,新宿花園通り店,
Suica,C7,C8C84,ミニストップ,新宿花園通り店,
Suica,C7,C8C85,ミニストップ,新宿花園通り店,
Suica,C7,C8C96,ミニストップ,調布駅前店,
Suica,C7,C8CAC,ミニストップ,千駄ヶ谷3丁目店,
Suica,C7,C8CC8,ミニストップ,四日市泊小柳店,
Suica,C7,C8CC9,ミニストップ,四日市泊小柳店,
Suica,C7,C8D79,ミニストップ,名取せきのした店,
Suica,C7,C8E45,ミニストップ,名古屋廿軒家店,
Suica,C7,C8E4E,ミニストップ,名阪関インター店,
Suica,C7,C8E4F,ミニストップ,名阪関インター店,
Suica,C7,C8E82,ミニストップ,亀山井田川店,
Suica,C7,C8E83,ミニストップ,亀山井田川店,
Suica,C7,C8E8F,ミニストップ,吉根店,
Suica,C7,C8ECA,ミニストップ,信濃町駅北口店,
Suica,C7,C8F5B,ミニストップ,久慈田屋町店,
Suica,C7,C8F5C,ミニストップ,久慈田屋町店,
Suica,C7,C900B,ミニストップ,フレスポ郡山店,
Suica,C7,C900C,ミニストップ,フレスポ郡山店,
Suica,C7,C900E,ミニストップ,いわき泉町5丁目店,
Suica,C7,C9019,ミニストップ,多摩センター駅前店,
Suica,C7,C9035,ミニストップ,渋谷桜丘店,
Suica,C7,C9036,ミニストップ,渋谷桜丘店,
Suica,C7,C905B,ミニストップ,鉄道博物館前店,
Suica,C7,C905C,ミニストップ,鉄道博物館前店,
Suica,C7,C9060,ミニストップ,浅草橋1丁目店,
Suica,C7,C9061,ミニストップ,浅草橋1丁目店,
Suica,C7,C9062,ミニストップ,浅草橋1丁目店,
Suica,C7,C9084,ミニストップ,歌舞伎町2丁目店,
Suica,C7,C9085,ミニストップ,歌舞伎町2丁目店,
Suica,C7,C90BF,ミニストップ,いなべ大泉店,
Suica,C7,C90C0,ミニストップ,いなべ大泉店,
Suica,C7,C90EC,ミニストップ,千葉新港店,
Suica,C7,C910B,ミニストップ,麻生田店,
Suica,C7,C910C,ミニストップ,麻生田店,
Suica,C7,C92E7,口福堂,イオンモール富士宮店,
Suica,C7,C92EC,スターバックスコーヒー,イオンモール富士宮店,
Suica,C7,C931D,ケンタッキーフライドチキン,イオンモール富士宮店,
Suica,C7,C94CE,イオンスタイル,常滑店,
Suica,C7,C9530,マックスバリュ,成田富里店,
Suica,C7,C95B1,不二家,イオンタウン成田富里店,
Suica,C7,C9720,イオンスタイル,御嶽山駅前店,
Suica,C7,C9CBD,まいばすけっと,松原2丁目店,
Suica,C7,CA1E6,まいばすけっと,明大前店,
Suica,C7,CA45A,まいばすけっと,下目黒2丁目店,
Suica,C7,CA48D,まいばすけっと,神泉駅前店,
Suica,C7,CA48E,まいばすけっと,神泉駅前店,
Suica,C7,CA8E2,まいばすけっと,飯田橋駅北店,
Suica,C7,CAC08,まいばすけっと,目黒太鼓橋店,
Suica,C7,CAC0D,まいばすけっと,九段南3丁目店,
Suica,C7,CACBF,カフェランテ,イオン新潟東店,
Suica,C7,CACD7,まいばすけっと,大崎駅前店,
Suica,C7,CACD8,まいばすけっと,大崎駅前店,
Suica,C7,CACD9,まいばすけっと,大崎駅前店,
Suica,C7,CBC0E,ミニストップ,伊勢小俣町本町店,
Suica,C7,CBC0F,ミニストップ,伊勢小俣町本町店,
Suica,C7,CBCD2,イオンスタイル,水戸内原,
Suica,C7,CBF71,ミニストップ,イオンタワー店,
Suica,C7,CCEA8,築地食堂源ちゃん,両国江戸NOREN店,
Suica,C7,CCFD7,イオンスタイル,碑文谷,
Suica,C7,CD230,丸広百貨店,川越店,
Suica,C7,CE2E9,まいばすけっと,駒場東大前駅前店,
Suica,C7,CE391,万代バル,イオンスタイル ラブラ万代,
Suica,C7,CE88D,#隠れ家中華#味鮮餃子坊,渋谷・神泉店,
Suica,C7,D01FC,ビックカメラ,AKIBA,
Suica,C7,D01FF,ビックカメラ,AKIBA,
Suica,C7,D0347,まいばすけっと,築地2丁目店,
Suica,C7,D043C,ミニストップ,むつ旭町店,
Suica,C7,D043D,ミニストップ,むつ旭町店,
Suica,C7,D095E,ミニストップ,三鷹駅北口店,
Suica,C7,D1600,イオンスタイル,豊田,
Suica,C7,D1601,イオンスタイル,豊田,
Suica,C7,D1602,イオンスタイル,豊田,
Suica,C7,D1603,イオンスタイル,豊田,
Suica,C7,D1604,イオンスタイル,豊田,
Suica,C7,D1605,イオンスタイル,豊田,
Suica,C7,D1606,イオンスタイル,豊田,
Suica,C7,D1607,イオンスタイル,豊田,
Suica,C7,D160F,イオンスタイル,豊田,
Suica,C7,D1615,イオンスタイル,豊田,
Suica,C7,D1655,イオンスタイル,豊田,
Suica,C7,D1656,イオンスタイル,豊田,
Suica,C7,D1657,イオンスタイル,豊田,
Suica,C7,D1658,イオンスタイル,豊田,
Suica,C7,D1659,イオンスタイル,豊田,
Suica,C7,D165A,イオンスタイル,豊田,
Suica,C7,D165B,イオンスタイル,豊田,
Suica,C7,D18EC,ミスタードーナツ,##イオンモール松本#ショップ,
Suica,C7,D195E,ビアードパパ,イオンモール松本店,
Suica,C7,D2275,イオン,鳥羽店,
Suica,C7,D29C9,スターバックスコーヒー,高崎オーパ店,
Suica,C7,D29D8,いきなり!ステーキ,イオンモール盛岡店,
Suica,C7,D3646,イオンスタイル,ワンダーシティ店,
Suica,C7,D3647,イオンスタイル,ラブラ万代,
Suica,C7,D364B,イオンスタイル,ラブラ万代,
Suica,C7,D3651,イオンスタイル,ラブラ万代,
Suica,C7,D3655,イオンスタイル,ラブラ万代,
Suica,C7,D3657,イオンスタイル,ラブラ万代,
Suica,C7,D3659,イオンスタイル,ラブラ万代,
Suica,C7,D365B,イオンスタイル,ラブラ万代,
Suica,C7,D365D,イオンスタイル,ラブラ万代,
Suica,C7,D42D3,イオン,小千谷店,
Suica,C7,D42D4,イオン,小千谷店,
Suica,C7,D4919,スターバックスコーヒー,イオンモール天童店,
Suica,C7,D491A,スターバックスコーヒー,イオンモール天童店,
Suica,C7,D5165,ダイソー,イオンモール水戸内原店,
Suica,C7,D54DA,ミニストップ,神田錦町3丁目店,
Suica,C7,D658C,イオン,名古屋東店,
Suica,C7,D71CD,十日町市総合観光案内所 Tocco -とっこ-,,
Suica,C7,D7FCC,まいばすけっと,渋谷神山町店,
Suica,C7,D8B76,ミニストップ,南気仙沼店,
Suica,C7,D8B77,ミニストップ,南気仙沼店,
Suica,C7,D9236,イオンスタイル,水戸内原,
Suica,C7,DA6A6,イオン,新潟青山店,
Suica,C7,DA6CE,Air BIC CAMERA,ダイバーシティ東京プラザ店,
Suica,C7,DB81B,まいばすけっと,千歳船橋駅西店,
Suica,C7,DC8A8,イオンスタイル,亀田インター,
Suica,C7,DC8A9,イオンスタイル,亀田インター,
Suica,C7,DC8AA,イオンスタイル,亀田インター,
Suica,C7,DC8AB,イオンスタイル,亀田インター,
Suica,C7,DC8AC,イオンスタイル,亀田インター,
Suica,C7,DC8AD,イオンスタイル,亀田インター,
Suica,C7,DC8AE,イオンスタイル,亀田インター,
Suica,C7,DC8AF,イオンスタイル,亀田インター,
Suica,C7,DC8B0,イオンスタイル,亀田インター,
Suica,C7,DC8B1,イオンスタイル,亀田インター,
Suica,C7,DC8B2,イオンスタイル,亀田インター,
Suica,C7,DC8B3,イオンスタイル,亀田インター,
Suica,C7,DE96D,ザ・ビッグ エクスプレス,花ノ木店,
Suica,C7,DE96E,ザ・ビッグ エクスプレス,花ノ木店,
Suica,C7,DE96F,ザ・ビッグ エクスプレス,花ノ木店,
Suica,C7,DE970,ザ・ビッグ エクスプレス,花ノ木店,
Suica,C7,DE971,ザ・ビッグ エクスプレス,花ノ木店,
Suica,C7,DE972,ザ・ビッグ エクスプレス,花ノ木店,
Suica,C7,DF871,MUJIcom,武蔵野美術大学市ヶ谷キャンパス,カフェコーナー
Suica,C7,DFC67,ミニストップ,幕張スカイウェイ店,
Suica,C7,E0B9C,すき家,イオン海浜幕張店,
Suica,C7,E0BA7,スターバックスコーヒー,イオン海浜幕張店,
Suica,C7,E4419,国際自動車,羽田営業所,
Suica,C7,E4B7F,四葉タクシー,,
Suica,C7,E4B8A,四葉タクシー,,
Suica,C7,E4E8F,万代タクシー,,
Suica,C7,E4E90,万代タクシー,,
Suica,C7,E4E91,万代タクシー,,
Suica,C7,E4E92,万代タクシー,,
Suica,C7,E4E93,万代タクシー,,
Suica,C7,E4E94,万代タクシー,,
Suica,C7,E4E95,万代タクシー,,
Suica,C7,E4E97,万代タクシー,,
Suica,C7,E4E9A,万代タクシー,,
Suica,C7,E4E9B,万代タクシー,,
Suica,C7,E4E9E,万代タクシー,,
Suica,C7,E4E9F,万代タクシー,,
Suica,C7,E4EA1,万代タクシー,,
Suica,C7,E4EA3,万代タクシー,,
Suica,C7,E4EA5,万代タクシー,,
Suica,C7,E4EA6,万代タクシー,,
Suica,C7,E4EAF,万代タクシー,,
Suica,C7,E4EB0,万代タクシー,,
Suica,C7,E4EB1,万代タクシー,,
Suica,C7,E4EB5,万代タクシー,,
Suica,C7,E4EB8,万代タクシー,,
Suica,C7,E4EBE,万代タクシー,,
Suica,C7,E4EBF,万代タクシー,,
Suica,C7,E4EC0,万代タクシー,,
Suica,C7,E4EC2,万代タクシー,,
Suica,C7,E4EC5,万代タクシー,,
Suica,C7,E4EC7,万代タクシー,,
Suica,C7,E4EC8,万代タクシー,,
Suica,C7,E7528,ミスタードーナツ,##千葉ニュータウン中央#ショップ,
Suica,C7,E83BE,大衆食堂 安べゑ,市ヶ谷店,
Suica,C7,E83D7,トモズ,浜松町店,
Suica,C7,E83DC,ホテルルートイン,石岡,
Suica,C7,E84A6,上州屋,新潟赤道店,
Suica,C7,E88C6,ドン・キホーテ,秋葉原店,
Suica,C7,E8A50,EDOCCO CAFÉ MASU MASU,,
Suica,C7,E8B52,バーガーキング,大崎店,
Suica,C7,E8C64,いきなり!ステーキ,青森駅前店,
Suica,C7,E8D05,MEGAドン・キホーテ,渋谷本店,
Suica,C7,E8D80,ドン・キホーテ,小山駅前店,
Suica,C7,E9268,MyStyle,六本木店,
Suica,C7,E926F,まんがランド,柏店,
Suica,C7,E92F1,MEGAドン・キホーテ,日立店,
Suica,C7,E932B,ピカソ,三軒茶屋店,
Suica,C7,E933F,ピカソ,赤坂店,
Suica,C7,E93BC,成城石井,ゲートシティ大崎店,
Suica,C7,E95CF,MEGAドン・キホーテ,上水戸店,
Suica,C7,E9808,丸亀製麺,渋谷メトロプラザ店,
Suica,C7,E9BAA,スーパーチェーンカワグチ,志津店,
Suica,C7,E9BDA,#珈琲所#コメダ珈琲店,上越妙高駅前店,
Suica,C7,E9C53,らくスパ1010,神田,
Suica,C7,E9F4A,ベルク,さいたま南与野店,
Suica,C7,EA4AB,#ディスカウントドラッグ#コスモス,西葛西駅前店,
Suica,C7,EA580,ロヂャース,戸田店,
Suica,C7,EA5F1,ロヂャース,吉祥寺店,
Suica,C7,EA778,ロボットロボット,秋葉原ラジオ会館店,
Suica,C7,EA885,サンドラッグ,調布富士見町店,
Suica,C7,EAFA2,ファリナモーレ ドルチェ,,
Suica,C7,EB73E,つばさ,,
Suica,C7,EBAAD,イタリアンダイニングDoNA,有楽町店,
Suica,C7,EBB9B,ムラサキスポーツ,池袋P'パルコ店,
Suica,C7,EBB9C,ムラサキスポーツ,池袋P'パルコ店,
Suica,C7,EBBF6,スギ薬局,赤坂見附店,
Suica,C7,EBBF7,スギ薬局,赤坂見附店,
Suica,C7,EBBF8,スギ薬局,赤坂見附店,
Suica,C7,EBDD6,ジェーソン,笠間店,
Suica,C7,EC669,キッチンジロー&ほろよいジロー,九段下店,
Suica,C7,ECABD,無印良品,東京ドームシティ ラクーア,
Suica,C7,ECB00,デニーズ,二番町店,
Suica,C7,ECD91,#横浜#くりこ庵,町田店,
Suica,C7,ED176,ぎょうざの満洲,東大宮東口店,
Suica,C7,ED17C,ぎょうざの満洲,熊谷駅店,
Suica,C7,ED412,デニーズ,西新宿店,
Suica,C7,ED451,デニーズ,南平台店,
Suica,C7,ED472,デニーズ,世田谷公園店,
Suica,C7,ED4AB,デニーズ,新宿中央公園店,
Suica,C7,ED4C6,デニーズ,渋谷公園通り店,
Suica,C7,ED4D8,デニーズ,東所沢店,
Suica,C7,ED4F7,デニーズ,浜松町店,
Suica,C7,ED8C4,キューピット,石山店,
Suica,C7,ED8CA,キューピット,石山店,
Suica,C7,ED8CE,キューピット,中山店,
Suica,C7,ED8D0,キューピット,中山店,
Suica,C7,ED8D4,キューピット,下本町店,
Suica,C7,ED8D6,キューピット,下本町店,
Suica,C7,ED8D8,キューピット,松浜店,
Suica,C7,ED8D9,キューピット,松浜店,
Suica,C7,ED8DA,キューピット,松浜店,
Suica,C7,ED8DB,キューピット,松浜店,
Suica,C7,ED8E5,キューピット,粟山店,
Suica,C7,ED8F6,キューピット,五泉店,
Suica,C7,ED8F8,キューピット,五泉店,
Suica,C7,ED8F9,キューピット,五泉店,
Suica,C7,ED8FA,キューピット,五泉店,
Suica,C7,ED8FB,キューピット,五泉店,
Suica,C7,ED8FC,キューピット,五泉店,
Suica,C7,EE0DB,さくら百嘉店,上越妙高駅店,
Suica,C7,EE295,マツモトキヨシ,APA HOTEL東京ベイ幕張店,
Suica,C7,EE2CC,ミスタードーナツ,##弘前ステーション#ショップ,
Suica,C7,EE2E2,ミスタードーナツ,##新宿靖国通り#ショップ,
Suica,C7,EE2F3,ミスタードーナツ,##川崎駅前#ショップ,
Suica,C7,EE2F4,ミスタードーナツ,##川崎駅前#ショップ,
Suica,C7,EE30D,ミスタードーナツ,##戸塚西口#ショップ,
Suica,C7,EE30F,ミスタードーナツ,##戸塚西口#ショップ,
Suica,C7,EE311,ミスタードーナツ,##ららぽーとTOKYO-BAY#ショップ,
Suica,C7,EE323,ミスタードーナツ,##福島駅前#ショップ,
Suica,C7,EE324,ミスタードーナツ,##福島駅前#ショップ,
Suica,C7,EE337,ミスタードーナツ,##西川口駅前#ショップ,
Suica,C7,EE445,#珈琲所#コメダ珈琲店,会津若松白虎通り店,
Suica,C7,EEAAD,餃子の王将,新潟弁天橋店,
Suica,C7,EEAAE,餃子の王将,新潟近江店,
Suica,C7,EEAF1,ココカラファイン,小国店,
Suica,C7,EEAF2,ココカラファイン,小国店,
Suica,C7,EEC7A,ニューヤマザキデイリーストア,船橋宮本店,
Suica,C7,EEC7B,ニューヤマザキデイリーストア,船橋宮本店,
Suica,C7,EECA1,デイリーヤマザキ,柏駅東口店,
Suica,C7,EECA2,デイリーヤマザキ,柏駅東口店,
Suica,C7,EF0DA,成城石井,麻布十番店,
Suica,C7,EF0E3,成城石井,飯田橋サクラテラス店,
Suica,C7,EF4B7,ホテルルートイン,香取佐原駅前,
Suica,C7,EF7D7,デイリーヤマザキ,豊洲5丁目店,
Suica,C7,EF7DE,デイリーヤマザキ,パシフィコ横浜店,
Suica,C7,EF7DF,デイリーヤマザキ,パシフィコ横浜店,
Suica,C7,EF7E0,デイリーヤマザキ,パシフィコ横浜店,
Suica,C7,EF7E1,デイリーヤマザキ,パシフィコ横浜店,
Suica,C7,EF7E2,デイリーヤマザキ,パシフィコ横浜店,
Suica,C7,EF7F1,デイリーヤマザキ,神田岩本町店,
Suica,C7,EF824,ニューヤマザキデイリーストア,東葉東海神駅店,
Suica,C7,EF825,ニューヤマザキデイリーストア,東葉東海神駅店,
Suica,C7,EF82D,ニューヤマザキデイリーストア,幕張メッセ,
Suica,C7,EF82E,ニューヤマザキデイリーストア,幕張メッセ,
Suica,C7,EF82F,ニューヤマザキデイリーストア,幕張メッセ,
Suica,C7,EF830,ニューヤマザキデイリーストア,幕張メッセ,
Suica,C7,EF846,ニューヤマザキデイリーストア,室根中央店,
Suica,C7,EF86A,デイリーヤマザキ,本千葉店,
Suica,C7,EF870,デイリーヤマザキ,越中境PA(下り)店,
Suica,C7,EF89D,デイリーヤマザキ,幕張メッセⅡ店,
Suica,C7,EF8B0,デイリーヤマザキ,越中境PA(上り)店,
Suica,C7,EF8B3,デイリーヤマザキ,関内仲通り店,
Suica,C7,EF8DA,デイリーヤマザキ,浜松町クレアタワー店,
Suica,C7,EF8E6,ニューヤマザキデイリーストア,JR白山駅前店,
Suica,C7,EF8E7,ニューヤマザキデイリーストア,JR白山駅前店,
Suica,C7,EF8EA,デイリーヤマザキ,クレアタワーB3店,
Suica,C7,EF8F3,デイリーヤマザキ,横浜馬車道店,
Suica,C7,EF91A,デイリーヤマザキ,竹芝店,
Suica,C7,EF969,デイリーヤマザキ,久喜駅西口店,
Suica,C7,EF97C,デイリーヤマザキ,盛岡開運橋店,
Suica,C7,EF97E,デイリーヤマザキ,聖籠東港4丁目店,
Suica,C7,EF99B,デイリーヤマザキ,籠原駅前店,
Suica,C7,EF99C,デイリーヤマザキ,籠原駅前店,
Suica,C7,EF9B1,デイリーヤマザキ,水戸笠原店,
Suica,C7,EF9B2,デイリーヤマザキ,水戸笠原店,
Suica,C7,EF9E5,デイリーヤマザキ,山谷PA(下り),
Suica,C7,EFA3B,デイリーヤマザキ,中央道駒ヶ岳SA下り店,
Suica,C7,EFA3C,デイリーヤマザキ,中央道駒ヶ岳SA下り店,
Suica,C7,EFA3D,デイリーヤマザキ,中央道駒ヶ岳SA下り店,
Suica,C7,EFAD3,#函館 グルメ回転寿司#函太郎,新潟紫竹山店,
Suica,C7,EFCA7,ミスタードーナツ,##モノレール千葉駅#ショップ,
Suica,C7,EFFD5,なんじゃ村,関屋店,
Suica,C7,F00DE,山交バス,案内センター,
Suica,C7,F0147,スギ薬局,虎ノ門ヒルズ駅前店,
Suica,C7,F0615,デイリーヤマザキ,赤坂見附店,
Suica,C7,F0616,デイリーヤマザキ,赤坂見附店,
Suica,C7,F0617,デイリーヤマザキ,赤坂見附店,
Suica,C7,F0618,デイリーヤマザキ,赤坂見附駅前店,
Suica,C7,F0619,デイリーヤマザキ,赤坂見附駅前店,
Suica,C7,F061A,デイリーヤマザキ,赤坂見附駅前店,
Suica,C7,F0625,ニューヤマザキデイリーストア,道の駅たろう店,
Suica,C7,F0626,ニューヤマザキデイリーストア,道の駅たろう店,
Suica,C7,F0633,デイリーヤマザキ,コレド室町店,
Suica,C7,F063D,ニューヤマザキデイリーストア,山北駅前店,
Suica,C7,F0645,デイリーヤマザキ,神代店,
Suica,C7,F0682,デイリーヤマザキ,新津駅前店,
Suica,C7,F0683,デイリーヤマザキ,新津駅前店,
Suica,C7,F0684,デイリーヤマザキ,新津駅前店,
Suica,C7,F06A7,ニューヤマザキデイリーストア,茨城県立中央病院店,
Suica,C7,F06A8,ニューヤマザキデイリーストア,茨城県立中央病院店,
Suica,C7,F06B5,デイリーヤマザキ,新潟美咲町店,
Suica,C7,F06B6,デイリーヤマザキ,新潟美咲町店,
Suica,C7,F07A5,デイリーヤマザキ,渋谷区神南店,
Suica,C7,F07A6,デイリーヤマザキ,渋谷区神南店,
Suica,C7,F07AB,デイリーヤマザキ,新潟本町通店,
Suica,C7,F07AC,デイリーヤマザキ,新潟本町通店,
Suica,C7,F07C6,デイリーヤマザキ,JR新発田駅店,
Suica,C7,F07C7,デイリーヤマザキ,JR新発田駅店,
Suica,C7,F07CF,デイリーヤマザキ,横浜マリナード地下街店,
Suica,C7,F07DC,デイリーヤマザキ,三条西裏館店,
Suica,C7,F091B,わくわくマルシェ,古町店,
Suica,C7,F0D25,とくとく,新潟阿賀野川SA店,ショッピングコーナー
Suica,C7,F16B5,スギ薬局,九段下店,
Suica,C7,F17CA,アニメイト,横浜ビブレ店,
Suica,C7,F17ED,アニメイト,ロブレ小山,
Suica,C7,F1805,アニメイト,新宿店,
Suica,C7,F1876,AKIHABARAゲーマーズ,本店,
Suica,C7,F18A5,グリーンリーブスモール,調布東山病院売店,
Suica,C7,F1972,デイリーヤマザキ,赤坂2丁目店,
Suica,C7,F19A2,デイリーヤマザキ,高崎文化センター店,
Suica,C7,F19A7,デイリーヤマザキ,渋谷宇田川町店,
Suica,C7,F19BA,デイリーヤマザキ,長岡悠久山店,
Suica,C7,F19BB,デイリーヤマザキ,長岡悠久山店,
Suica,C7,F19C3,デイリーヤマザキ,センター北駅店,
Suica,C7,F19C8,デイリーヤマザキ,蟹田店,
Suica,C7,F1A0B,デイリーヤマザキ,水戸梅香店,
Suica,C7,F1A0C,デイリーヤマザキ,水戸梅香店,
Suica,C7,F1A21,デイリーヤマザキ,六本木交差点店,
Suica,C7,F1A2D,デイリーヤマザキ,仙台空港店,
Suica,C7,F1A99,デイリーヤマザキ,JR亀田駅店,
Suica,C7,F1A9A,デイリーヤマザキ,JR亀田駅店,
Suica,C7,F1AB8,デイリーヤマザキ,赤坂三丁目店,
Suica,C7,F1AB9,デイリーヤマザキ,赤坂三丁目店,
Suica,C7,F1ABA,デイリーヤマザキ,赤坂三丁目店,
Suica,C7,F1ADD,デイリーヤマザキ,関川大島店,
Suica,C7,F1AE1,デイリーヤマザキ,江東豊洲駅前店,
Suica,C7,F1AE2,デイリーヤマザキ,江東豊洲駅前店,
Suica,C7,F1AE6,デイリーヤマザキ,江東有明3丁目店,
Suica,C7,F1B28,GiGOのたい焼き,秋葉原,
Suica,C7,F1B7A,フレッシュネスバーガー,ビルボードプレイス店,
Suica,C7,F1B7B,フレッシュネスバーガー,メディアシップ店,
Suica,C7,F218D,アミカ,赤羽西口店,
Suica,C7,F21C7,花善,,
Suica,C7,F23A0,魚べい,新潟近江店,
Suica,C7,F23A2,魚べい,亀貝店,
Suica,C7,F23A3,魚べい,亀貝店,
Suica,C7,F25DD,ジェーソン,府中若松店,
Suica,C7,F2720,HOW,新津医療センター病院店,
Suica,C7,F2723,HOW,末広橋病院店,
Suica,C7,F2726,HOW,桑名病院売店,
Suica,C7,F2893,ヤマザキショップ,新潟臨港病院店,
Suica,C7,F290E,道の駅 奥会津かねやま,,
Suica,C7,F2999,PLAZA,八重洲地下街店,
Suica,C7,F2B1F,hana AIRPORT SHOP&CAFE,,
Suica,C7,F2C7A,マツモトキヨシ,渋谷スペイン坂店,
Suica,C7,F36FF,マルホンマート,本楯店,
Suica,C7,F3B74,しなの薬局,新大前店,
Suica,C7,F3BD5,安田屋,,
Suica,C7,F3EF8,JOYSOUND,水道橋店,
Suica,C7,F3EF9,JOYSOUND,水道橋店,
Suica,C7,F41C9,ビックカメラ,渋谷東口店,別館
Suica,C7,F471C,ヨドバシカメラ,新宿西口本店,マルチメディア館北館
Suica,C7,F4749,ヨドバシカメラ,新宿西口本店,携帯スマートフォン館
Suica,C7,F4754,ヨドバシカメラ,新宿西口本店,携帯スマートフォン館
Suica,C7,F47FB,ヨドバシカメラ,マルチメディアAkiba,
Suica,C7,F4811,ヨドバシカメラ,マルチメディアAkiba,
Suica,C7,F484E,ヨドバシカメラ,マルチメディアAkiba,
Suica,C7,F4A53,ヨドバシカメラ,マルチメディア横浜,
Suica,C7,F4B39,ヨドバシカメラ,千葉店,
Suica,C7,F4BEA,ヨドバシカメラ,マルチメディア郡山,
Suica,C7,F4C2D,ヨドバシカメラ,マルチメディア仙台店,
Suica,C7,F4D4C,#インド定食#ターリー屋,新宿西口店,
Suica,C7,F52CE,スポーツ居酒屋KITEN!,,
Suica,C7,F55BF,SHIROBACO,,
Suica,C7,F69D2,池袋HUMAXシネマズ,,
Suica,C7,F749A,アキバ特区,,
Suica,C7,F7A78,バースデイ,サニーモール西葛西店,
Suica,C7,F813E,サブウェイ,秋葉原タイムズタワー店,
Suica,C7,F85C7,#CASUAL & SHOES#アベイル,サニーモール西葛西店,
Suica,C7,F8B85,#CASUAL & SHOES#アベイル,西新発田店,
Suica,C7,F98B6,フレスコ ベンガベンガ,登戸店,
Suica,C7,F9E9C,サブウェイ,松戸駅西口店,
Suica,C7,FAD46,#ファッションセンター#しまむら,エクセルみなみ店,
Suica,C7,FB597,#ファッションセンター#しまむら,松崎店,
Suica,C7,FB5F0,#ファッションセンター#しまむら,新津店,
Suica,C7,FBD58,サンマルクカフェ,神保町すずらん通り店,
Suica,C7,FBD5E,サンマルクカフェ,丸の内新東京ビル,
Suica,C7,FBD60,サンマルクカフェ,品川インターシティ店,
Suica,C7,FBE01,サンマルクカフェ,新宿新南口店,
Suica,C7,FBE08,サンマルクカフェ,四ツ谷駅前店,
Suica,C7,FBE11,サンマルクカフェ,御徒町南口店,
Suica,C7,FBE12,サンマルクカフェ,東京上野アブアブ前店,
Suica,C7,FBE56,サンマルクカフェ,恵比寿東口店,
Suica,C7,FBE57,サンマルクカフェ,渋谷道玄坂店,
Suica,C7,FC684,吉池,,
Suica,C7,FDA73,#ファッションセンター#しまむら,仙川店,
Suica,C7,FE1B9,サブウェイ,新宿東口店,
Suica,C7,FECA9,サンマルクカフェ,MEGAドン・キホーテ港山下ナナイロ店,
Suica,C7,FED2B,駿河屋,秋葉原本館,
Suica,C7,FEE50,おかしのまちおか,吉祥寺店,
Suica,C8,02834,そば処,ブナの森店,
Suica,C8,029AB,そば処あさか,郡山店,
Suica,C8,029F3,やなぎ庵,,
Suica,C8,02DA0,リンガーハット,中野サンモール店,
Suica,C8,032CC,エキュート立川,駐輪場,
Suica,C8,0332F,自動販売機,#JR東日本#茅ケ崎駅,1·2番線ホーム 東寄り
Suica,C8,03415,自動販売機,#JR東日本#久留里駅,駅舎入口左側
Suica,C8,03920,自動販売機,#JR東日本#成田空港駅,改札内
Suica,C8,039F8,コインロッカー,#JR東日本#秋葉原駅,総武線中二階
Suica,C8,03A37,自動販売機,#JR東日本#黒磯駅,改札外待合室
Suica,C8,03C1B,#麺処#新白河,,
Suica,C8,03C22,自動販売機,#JR東日本#成東駅,改札内 1番線ホーム改札口横
Suica,C8,03D9D,コインロッカー,#JR東日本#立川駅,立川東口改札内 5·6番線側 壁ぎわ
Suica,C8,03EFC,自動販売機,#JR東日本#日光駅,正面右 ポスト裏
Suica,C8,03F43,#パーク&ライド#湯本駅駐車場,,
Suica,C8,04072,コインロッカー,#JR東日本#仙台駅,2階
Suica,C8,04253,コインロッカー,#JR東日本#郡山駅,1F 195 St.
Suica,C8,04292,自動販売機,#JR東日本#新津駅,改札横待合室(改札内)
Suica,C8,042AA,一蘭,アトレ上野山下口店,
Suica,C8,04323,菜のはな,,
Suica,C8,04363,#そば処#新田毎,秋葉原店,
Suica,C8,0436A,瑞巌寺,,
Suica,C8,04390,コインロッカー,横浜駅東口,ロッカーF群
Suica,C8,043EC,コインロッカー,#JR東日本#大船駅,北改札脇
Suica,C8,04481,#立ちそば処#鷹,,
Suica,C8,0452E,コインロッカー,#JR東日本#舞浜駅,E-2
Suica,C8,045C0,コインロッカー,#JR東日本#蘇我駅,改札外 券売機前
Suica,C8,04607,爽亭,JR上野駅7·8番線ホーム,
Suica,C8,0460B,爽亭,JR熱海駅伊東線ホーム,
Suica,C8,04645,タイムズ,アルカード茂原,
Suica,C8,047E3,コインロッカー,#JR東日本#秋葉原駅,1F中央改札内 3·4番線エスカレーター付近
Suica,C8,04974,コインロッカー,#JR東日本#東京駅,
Suica,C8,0497E,コインロッカー,#JR東日本#東京駅,南のりかえ広場 中洲 6号機
Suica,C8,0498C,Suicaチャージ機,佐渡汽船 新潟港ターミナル,3階待合室
Suica,C8,0498D,Suicaチャージ機,佐渡汽船 両津港ターミナル,2階
Suica,C8,0499D,コインロッカー,#JR東日本#新宿駅,甲州街道改札内 新南Bエリア35号機
Suica,C8,049E7,Suicaチャージ機,ガーラ湯沢スキー場,
Suica,C8,049E8,Suicaチャージ機,越後湯沢駅 改札外,
Suica,C8,049E9,Suicaチャージ機,テルミナ,5階 西側エレベーター付近
Suica,C8,04AB8,コインロッカー,長野駅ビル,1階A
Suica,C8,04AE2,やよい軒,千葉シーワン店,
Suica,C8,04B09,チャージ機,タイトーステーション 秋葉原店,
Suica,C8,04B0A,チャージ機,Hey(HIROSE ENTERTAINMENT YARD),
Suica,C8,186F4,常盤軒,品川22号そば店,
Suica,C8,186F6,常盤軒,品川26号そば店,
Suica,C8,1877D,そば処,JR北千住駅1番線ホーム店,
Suica,C8,187D5,松屋,朝霞台店,
Suica,C8,1889A,そばいち,神田,
Suica,C8,188F7,そばいち,エキュート赤羽,
Suica,C8,188F8,そばいち,エキュート赤羽,
Suica,C8,188F9,そばいち,ペリエ海浜幕張,
Suica,C8,188FC,いろり庵きらく,秋葉原店,
Suica,C8,188FD,いろり庵きらく,秋葉原店,
Suica,C8,18906,いろり庵きらく,東京京葉店,
Suica,C8,18907,いろり庵きらく,東京京葉店,
Suica,C8,18908,TOKYO豚骨BASE#MADE by 博多一風堂,ecute品川サウス店,
Suica,C8,1891E,#そば処#湯沢庵,,
Suica,C8,1891F,#そば処#燕三条庵,,
Suica,C8,18921,長岡庵,,
Suica,C8,18922,やなぎ庵,,
Suica,C8,18932,いろり庵きらく,シャポー船橋店,
Suica,C8,18935,いろり庵きらく,Dila拝島店,
Suica,C8,18936,いろり庵きらく,Dila拝島店,
Suica,C8,18939,いろり庵きらく,田町店,
Suica,C8,1893A,いろり庵きらく,田町店,
Suica,C8,1893D,いろり庵きらく,横浜北口店,
Suica,C8,18944,横浜労災病院駐車場,,
Suica,C8,1895B,いろり庵きらく,上野店,
Suica,C8,1896D,八起家,高崎店,
Suica,C8,18972,富山白えび亭,東京駅店,
Suica,C8,189DF,かのや,新橋駅構内店,
Suica,C8,189E0,かのや,新橋駅構内店,
Suica,C8,18A01,いろり庵きらく,平塚店,
Suica,C8,18A09,#駅そば#大江戸そば,池袋店,
Suica,C8,18A5E,松屋,巣鴨店,(マイカリー食堂併設)
Suica,C8,18A64,松屋,渋谷センター街店,
Suica,C8,18A70,松屋,新宿南口店,
Suica,C8,18A74,松屋,新宿靖国通り店,
Suica,C8,18A86,松屋,市ヶ谷店,
Suica,C8,18A9C,松屋,中野通り店,
Suica,C8,18AA7,松屋,立川店,(マイカリー食堂併設)
Suica,C8,18ABB,松屋,中野駅前店,
Suica,C8,18ACC,松屋,豊田店,
Suica,C8,18ACE,マイカリー食堂,豊田店,
Suica,C8,18AE5,松屋,船橋南口店,
Suica,C8,18AE6,松屋,船橋南口店,
Suica,C8,18AE7,松屋,飯田橋駅前店,
Suica,C8,18B26,松屋,代々木上原店,
Suica,C8,18B27,松屋,代々木八幡店,
Suica,C8,18B29,松屋,池尻大橋店,
Suica,C8,18B37,松屋,芝大門店,
Suica,C8,18B48,松屋,西蒲田店,
Suica,C8,18B62,松屋,秋葉原店,
Suica,C8,18B64,松屋,上野店,
Suica,C8,18B7A,松屋,青砥店,
Suica,C8,18B94,松屋,亀戸店,
Suica,C8,18B95,松屋,錦糸町北口店,
Suica,C8,18BC8,松屋,横浜店,
Suica,C8,18BCB,松屋,新杉田店,
Suica,C8,18BD0,松屋,二俣川店,
Suica,C8,18BD9,松屋,中山店,
Suica,C8,18BDA,松屋,鴨居店,
Suica,C8,18BDB,松屋,あざみ野店,
Suica,C8,18BDE,松屋,日吉店,
Suica,C8,18BEE,松屋,大船店,
Suica,C8,18BF3,松屋,踊場店,
Suica,C8,18BF4,松屋,戸塚店,
Suica,C8,18BF5,松屋,大船駅前店,
Suica,C8,18BF6,松屋,藤沢南口店,
Suica,C8,18BFD,松屋,小田原店,
Suica,C8,18BFF,松屋,茅ヶ崎店,
Suica,C8,18C0E,松屋,千葉店,
Suica,C8,18C0F,松屋,東船橋店,
Suica,C8,18C1D,松屋,蘇我店,
Suica,C8,18C22,松屋,木更津店,
Suica,C8,18C43,松屋,東中野店,
Suica,C8,18C54,松屋,麻布台1丁目店,
Suica,C8,18C6A,いろり庵きらく,戸塚店,
Suica,C8,18C6B,そば処中山道,エキュート大宮ノース店,
Suica,C8,18C6C,そば処中山道,エキュート大宮ノース店,
Suica,C8,18C6F,いろり庵きらく,両国店,
Suica,C8,18C70,そばいち,恵比寿,
Suica,C8,18C71,そばいち,恵比寿,
Suica,C8,18C84,NPC24H,浦和美園第2パーキング,出口精算機
Suica,C8,18C86,#駅そば#道中そば,五反田店,
Suica,C8,18C89,#駅そば#あじさい茶屋,相模原店,
Suica,C8,18C8B,いろり庵きらく,川越,
Suica,C8,18CCF,いろり庵きらく,豊田店,
Suica,C8,18CE4,大江戸そば,市ヶ谷店,
Suica,C8,18CE9,大江戸そば,浜松町店,
Suica,C8,18CEB,そばいち,新宿,
Suica,C8,18CEC,そばいち,新宿,
Suica,C8,18CEE,いろり庵きらく,御徒町店,
Suica,C8,18CF1,#駅そば#大江戸そば,上野9·10番ホーム店,
Suica,C8,18CFD,いろり庵きらく,宇都宮店,
Suica,C8,18D55,いろり庵きらく,南船橋店,
Suica,C8,18D59,#熱烈中華食堂#日高屋,JR橋本駅店,
Suica,C8,18D61,松屋,盛岡駅前通店,
Suica,C8,18D68,松屋,新潟駅前店,
Suica,C8,18D69,松屋,新潟米山店,
Suica,C8,18D6B,松屋,松本駅前店,
Suica,C8,18D7A,松のや,方南町店,
Suica,C8,18D7B,松のや,西新宿店,
Suica,C8,18D7C,松のや,中野店,
Suica,C8,18D8E,松のや,錦糸町店,
Suica,C8,18DA1,松のや,江戸川橋店,(マイカリー食堂併設)
Suica,C8,18DBE,松屋,亀田インター店,
Suica,C8,18DC2,松屋,郡山駅前店,
Suica,C8,18DC7,松屋,山形駅前店,
Suica,C8,18DD2,松のや,勝どき店,
Suica,C8,18DDB,松のや,千歳船橋店,
Suica,C8,18DE3,松のや,茅ヶ崎店,(マイカリー食堂併設)
Suica,C8,18DE5,松のや,行徳店,(マイカリー食堂併設)
Suica,C8,18DE9,松屋,東戸塚東口店,
Suica,C8,18DEA,天丼てんや,秋葉原店,
Suica,C8,18E23,野州そば,宇都宮4号店,
Suica,C8,18E27,そば処中山道,大宮8·9番線ホーム店,
Suica,C8,18E2B,#駅そば#清流そば,立川5・6番線ホーム店,
Suica,C8,18E73,TOKYO豚骨BASE#MADE by 一風堂,ペリエ海浜幕張店,
Suica,C8,18EAF,いろり庵きらく,甲府店,
Suica,C8,18EB0,いろり庵きらく,蘇我店,
Suica,C8,18EB1,#駅そば#奥多摩そば,南武ホーム店,
Suica,C8,18EC0,駅そば,大宮,
Suica,C8,18ED2,天丼てんや,羽田空港第2ターミナル店,
Suica,C8,18F16,いろり庵きらく,nonowa武蔵境店,
Suica,C8,18F28,武蔵野うどん こぶし,エキュート立川店,
Suica,C8,18F2C,いろり庵きらく,西日暮里店,
Suica,C8,18F4E,大江戸そば,錦糸町東店,
Suica,C8,18F53,大江戸そば,錦糸町西店,
Suica,C8,18F8C,いろり庵きらく,川崎店,
Suica,C8,18F99,#駅そば#木更津駅そば,,
Suica,C8,18FB3,そばいち,ペリエ千葉,
Suica,C8,19013,いろり庵きらく,アトレ大船,
Suica,C8,19017,いろり庵きらく,信濃町店,
Suica,C8,19022,源太郎そば,春日店,
Suica,C8,1902C,#駅そば#しらかみ庵,秋田駅,
Suica,C8,1909E,自動販売機,#JR東日本#三鷹駅,1·2番線ホーム8号車付近
Suica,C8,1909F,自動販売機,#JR東日本#新潟駅,在来線1・2番線ホーム エスカレーター正面
Suica,C8,190AA,#かき揚げ蕎麦#吉利庵,,
Suica,C8,190B5,松屋,代々木店,
Suica,C8,190B8,松屋,新橋3丁目店,
Suica,C8,190B9,松屋,新橋3丁目店,
Suica,C8,190D4,松屋,市ヶ谷店,
Suica,C8,190EC,弥生軒,8号店,
Suica,C8,19105,#そば処#はやて,南口店,
Suica,C8,19120,いろり庵きらく,北松戸店,
Suica,C8,19133,そば処,北上店,
Suica,C8,191E4,#立ちそば処#杜,,
Suica,C8,19205,TOKYO豚骨BASE#MADE by 博多一風堂,ecute品川サウス店,
Suica,C8,1923B,弥生軒,6号店,
Suica,C8,19241,ちゃーしゅうや武蔵,長岡駅店,
Suica,C8,19245,自動販売機,#JR東日本#水戸駅,3・4番線ホーム 6号車停車位置
Suica,C8,192AD,#中華そば専門#田中そば店,九段下店,
Suica,C8,192B0,そば処,水沢江刺駅店,
Suica,C8,1939D,弥生軒,5号店,
Suica,C8,193DA,爽亭,熱海店,
Suica,C8,193F1,#名代#宇奈とと,浅草店,
Suica,C8,1949D,爽亭,JR池袋駅中央口(改札内),
Suica,C8,1949E,爽亭,JR池袋駅中央口(改札内),
Suica,C8,1949F,なの花,一ノ関駅店,
Suica,C8,194A0,そば処ブナの森,,
Suica,C8,194AA,松屋,飯田橋東口店,
Suica,C8,194D4,つじ田,渋谷フクラス店,
Suica,C8,194E2,カレーショップ アルプス,,
Suica,C8,1959A,自動販売機,#JR東日本#秋葉原駅,6番線ホーム 大沢牛乳
Suica,C8,195BF,そばの花,,
Suica,C8,19601,生そば玉川,錦糸町駅前プラザビル店,
Suica,C8,1965D,#沖縄料理#やんばる,新宿総本店,
Suica,C8,1965E,#沖縄料理#やんばる,新宿総本店,
Suica,C8,1984F,つじ田,御茶ノ水店,
Suica,C8,198BF,#油そば専門#武蔵野アブラ學会,代々木店,
Suica,C8,19909,Dining九段,,
Suica,C8,1990A,Dining九段,,
Suica,C8,1996D,TOKYO豚骨BASE#MADE by 一風堂,大崎,
Suica,C8,199CC,つじ田,水道橋店,
Suica,C8,199CF,コインロッカー,#JR東日本#水戸駅,1号機
Suica,C8,19A49,いろり庵きらくそば,錦糸町店,
Suica,C8,19AF6,コインロッカー,#JR東日本#燕三条駅,2階改札外 コインロッカーコーナー
Suica,C8,19B6E,松屋,平和島店,
Suica,C8,19B87,蒲田 松家カレー,,
Suica,C8,19C04,ゆで太郎,横浜中田東店,(もつ次郎 併設店)
Suica,C8,19C13,#立ちそば処#杜,,
Suica,C8,19C4D,SL中華つけ麺,木更津西口店,
Suica,C8,19D9A,#日本工学院専門学校 蒲田キャンパス#FOODS FUU 2,,
Suica,C8,19DAE,#十割蕎麦#さがたに#(嵯峨谷),神保町店,
Suica,C8,19DB2,#十割蕎麦#さがたに#(嵯峨谷),田町店,
Suica,C8,1A5EB,Suicaチャージ機,タイトーステーション 神田店,
Suica,C8,1A5ED,Suicaチャージ機,タイトーステーション柏店,
Suica,C8,1A5F0,チャージ機,Hey(HIROSE ENTERTAINMENT YARD),
Suica,C8,1A6E6,Suicaチャージ機,NewDays 新宿新南口,
Suica,C8,1AA08,コインロッカー,#JR東日本#有楽町駅,銀座口改札外 ルミネストリート
Suica,C8,1AA0C,コインロッカー,#JR東日本#上野駅,不忍池口(改札内)コンコース
Suica,C8,1AA2C,コインロッカー,#JR東日本#仙台駅,2階交番脇【A】
Suica,C8,1AA2D,コインロッカー,#JR東日本#仙台駅,
Suica,C8,1AA3D,コインロッカー,#JR東日本#盛岡駅,1F 南口
Suica,C8,1AA56,コインロッカー,#JR東日本#盛岡駅,わんこロード(改札外2F)
Suica,C8,1AA59,コインロッカー,#東急#蒲田駅,南口改札外
Suica,C8,1AA66,コインロッカー,#JR東日本#秋葉原駅,中層階
Suica,C8,1AAA4,コインロッカー,#JR東日本#秋田駅,2階1
Suica,C8,1AAF5,やよい軒,錦糸町北口店,
Suica,C8,1AC85,コインロッカー,#JR東日本#土浦駅,
Suica,C8,30DFD,自動販売機,浜松駅バスターミナル,第二待合室
Suica,C8,3123D,ファミリーマート,Pasar幕張上り店,
Suica,C8,3123E,ファミリーマート,Pasar幕張上り店,
Suica,C8,31350,ファミリーマート,関内駅前店,
Suica,C8,31C8D,自動販売機,道の駅 おおがた,産直センター潟の店 入口
Suica,C8,321D7,自動販売機,COMG! 東新潟店,敷地内
Suica,C8,32209,自動販売機,堀之内PA(下り),トイレ入口左側
Suica,C8,3226C,自動販売機,名立谷浜SA(下り),屋外
Suica,C8,32A99,#お食事処#あだたら亭,,
Suica,C8,32A9A,#お食事処#あだたら亭,,
Suica,C8,32A9D,上河内SA(上り),フードコート,
Suica,C8,32A9E,上河内SA(上り),フードコート,
Suica,C8,32CE1,自動販売機,朝日新聞サービスアンカー ASA戸塚中田・いずみ野・いずみ中央,屋外 かまくらみち
Suica,C8,3362D,ファミリーマート,サンシャインCPH店,
Suica,C8,346F1,伝説のすた丼屋,立川店,
Suica,C8,36120,自動販売機,#JR東日本#館山駅,2·3番線ホーム1号車付近(蘇我方)
Suica,C8,36173,自動販売機,#JR東日本#上野駅,新幹線ホーム
Suica,C8,3619A,自動販売機,#JR東日本#岩井駅,改札外
Suica,C8,361A1,自動販売機,#JR東日本#池袋駅,構内 NEWDAYS池袋中央南口脇
Suica,C8,361B1,自動販売機,#JR東日本#荻窪駅,改札内 3·4番線ホーム 5号車付近
Suica,C8,3626E,自動販売機,#JR東日本#千葉みなと駅,改札内コンコース
Suica,C8,3629E,自動販売機,#JR東日本#勝浦駅,南口ロータリー 動輪モニュメント横
Suica,C8,362EB,自動販売機,成田保線技術センター,1階
Suica,C8,362F3,自動販売機,#JR東日本#東京駅,京葉地下3階コンコース
Suica,C8,36331,自動販売機,幕張車両センター,1階
Suica,C8,3635B,自動販売機,#JR東日本#舞浜駅,1·2番線ホーム待合室横
Suica,C8,363B7,自動販売機,東京電車区丸の内地区,乗務員詰所1
Suica,C8,3641B,自動販売機,#JR東日本#錦糸町駅,1·2番線ホーム 新宿方階段裏 北側
Suica,C8,364DD,自動販売機,#JR東日本#舞浜駅,舞浜駅1·2番線ホーム東京寄
Suica,C8,3659A,自動販売機,仙台空港駅,改札外 自販機コーナー
Suica,C8,37516,自動販売機,#JR東日本#勝浦駅,コンコース改札口横(改札外)
Suica,C8,3752D,自動販売機,#JR東日本#中野駅,1·2番線ホーム三鷹寄り
Suica,C8,37535,自動販売機,#JR東日本#東京駅,横須賀・総武快速線 3·4番線ホーム
Suica,C8,37537,自動販売機,#JR東日本#盛岡駅,11·12番線ホーム9号車付近
Suica,C8,375C4,自動販売機,#JR東日本#久喜駅,
Suica,C8,3793C,自動販売機,恵比寿ネオナート,
Suica,C8,379A0,自動販売機,三井のリパーク 研究学園駅前第5駐車場,出入口脇
Suica,C8,37CE0,自動販売機,#真岡鐵道#真岡駅,1番線ホーム
Suica,C8,37E52,自動販売機,ジェイアールバス関東 土浦支店,
Suica,C8,387D6,自動販売機,#JR東日本#亀有駅,ホーム上 NewDays裏
Suica,C8,38CEB,自動販売機,焼肉海鮮ふぁーすと,入口横
Suica,C8,392A3,自動販売機,#JR東日本#上総一ノ宮駅,本屋入口(改札外)
Suica,C8,392FC,自動販売機,#JR東日本#土気駅,改札階コンコース
Suica,C8,39304,自動販売機,#JR東日本#鶴見駅,改札内 改札階 エスカレーター近く
Suica,C8,3ACF9,自動販売機,#JR東日本#成東駅,改札内 改札口横
Suica,C8,3ACFA,自動販売機,#JR東日本#五井駅,1·2番線ホーム 中央階段南側
Suica,C8,3ACFC,自動販売機,#JR東日本#上総一ノ宮駅,上総一ノ宮駅(改札外)駅舎入口横
Suica,C8,3AD28,自動販売機,丸の内車掌区,丸の内車掌区内入口横
Suica,C8,3B467,自動販売機,#いいで添川温泉#しらさぎ荘,休憩所(コモンスペース)
Suica,C8,3C145,自動販売機,東京港フェリー埠頭ターミナルビル,2階
Suica,C8,3C442,自動販売機,舞浜アンフィシアター,ロビー GATE4方面
Suica,C8,3C950,自動販売機,#JR東日本#平塚駅,1·2番線ホーム熱海方(15両編成3号車付近)
Suica,C8,3C969,自動販売機,#JR東日本#平塚駅,2·3番線ホーム15号車付近
Suica,C8,3C9C3,自動販売機,#JR東日本#藤沢駅,東京寄り
Suica,C8,3C9F0,自動販売機,#JR東日本#久里浜駅,1·2番線ホーム 大船方
Suica,C8,3CA02,自動販売機,#JR東日本#衣笠駅,ホーム
Suica,C8,3CA8E,自動販売機,#JR東日本#戸塚駅,1·2番ホーム(東京方面) 大船寄り
Suica,C8,3CB62,自動販売機,蘇我運輸区,2階
Suica,C8,3CB93,自動販売機,#JR東日本#成田駅,2·3番線ホーム酒々井側
Suica,C8,3CD0E,自動販売機,#JR東日本#大船駅,3·4番線ホーム 12号車付近
Suica,C8,3CD49,自動販売機,#JR東日本#十日市場駅,ホーム3号車付近
Suica,C8,3CD91,自動販売機,#JR東日本#秋葉原駅,5番線ホーム 4号車付近 エレベーター脇
Suica,C8,3CDD9,自動販売機,#JR東日本#上野駅,9·10番線ホーム
Suica,C8,3CE27,自動販売機,#JR東日本#中野駅,新宿方面列車入線ホーム
Suica,C8,3CE69,自動販売機,#JR東日本#西大井駅,2番線ホーム
Suica,C8,3DC0B,自動販売機,#JR東日本#勝浦駅,2·3番線ホーム
Suica,C8,3DC10,自動販売機,#JR東日本#千葉駅,3·4番線ホーム 本千葉寄り
Suica,C8,3DC52,自動販売機,鉄道博物館,3階ビューデッキ
Suica,C8,3DD71,自動販売機,#JR東日本#大久保駅,ホーム5号車付近
Suica,C8,3DDE1,自動販売機,#JR東日本#大宮駅,新幹線 13·14番線ホーム盛岡側
Suica,C8,3DF5B,自動販売機,#JR東日本#大原駅,1番線ホーム跨線橋下
Suica,C8,3E2AA,自動販売機,センチュリー21 三巧商事,建物脇
Suica,C8,3E442,ファミリーマート,北白川店,
Suica,C8,3E66E,自動販売機,万代シテイバスセンター,1F バスターミナル 3番乗り場前
Suica,C8,3EADC,自動販売機,#JR東日本#郡山駅,2·4番線ホームエスカレーター前
Suica,C8,3EB46,自動販売機,#JR東日本#新小岩駅,緩行線ホーム東京側
Suica,C8,3EDAC,自動販売機,Y.PLACE,入口前
Suica,C8,3F691,自動販売機,秋葉原UDX,地下1階駐車場 ショップ側エレベーター前
Suica,C8,3F779,自動販売機,JR東日本総合研修センター,研修棟5階
Suica,C8,3FA63,自動販売機,TOKYO FM HALL,4F 給湯室前
Suica,C8,40D1A,自動販売機,JR東日本川崎発電所,事務棟内
Suica,C8,40F65,自動販売機,JR千葉総合研修センター1階,(屋外)
Suica,C8,40F66,自動販売機,JR東日本千葉支社2階,
Suica,C8,40F9C,自動販売機,#JR東日本#西国立駅,1番線ホーム
Suica,C8,4104D,自動販売機,#JR東日本#八日市場駅,(改札内)跨線橋横
Suica,C8,4104F,自動販売機,#JR東日本#本納駅,改札外
Suica,C8,41054,自動販売機,鴨川運輸区,
Suica,C8,4105B,自動販売機,#JR東日本#大網駅,3·4番線ホーム
Suica,C8,410AE,自動販売機,#JR東日本#秋葉原駅,6番線ホーム
Suica,C8,42119,自動販売機,アライアンスビル渋谷壱番館,
Suica,C8,426CF,自動販売機,#JR東日本#千葉駅,西改札正面(改札外)
Suica,C8,426DF,自動販売機,館山乗務員宿泊所,1階
Suica,C8,4272C,自動販売機,京葉車両センター庁舎,1階
Suica,C8,42756,自動販売機,木更津運輸区,1階
Suica,C8,4286C,自動販売機,#JR東日本#竹沢駅,屋外
Suica,C8,42ECB,自動販売機,#JR東日本#弘前駅,1番線ホーム
Suica,C8,42F20,自動販売機,#JR東日本#東能代駅,2·3番線ホーム
Suica,C8,42F56,自動販売機,#JR東日本#福島駅,1番線ホーム改札そば
Suica,C8,42FA9,自動販売機,#JR東日本#矢代田駅,改札外 コンコース
Suica,C8,42FD1,自動販売機,幕張車両センター,2階
Suica,C8,42FD5,自動販売機,#JR東日本#本納駅,改札内3番線ホーム
Suica,C8,42FDD,自動販売機,#JR東日本#安房鴨川駅,駅舎外
Suica,C8,455D6,自動販売機,千葉印刷,
Suica,C8,45B58,自動販売機,#JR東日本#利府駅,利府駅(改札外)コンコース
Suica,C8,45C1C,自動販売機,#JR東日本#秋葉原駅,6番線ホーム 3号車付近
Suica,C8,45C59,自動販売機,#JR東日本#松本駅,2·3番線ホーム 篠ノ井方 喫煙所南
Suica,C8,45CD9,自動販売機,#JR東日本#東京駅,1·2番線ホーム
Suica,C8,45E43,自動販売機,WonderREX茂原店,店外駐車場
Suica,C8,47437,QBハウス,荻窪駅店,
Suica,C8,4743F,QBハウス,大宮西口店,
Suica,C8,47EE8,自動販売機,オリナス錦糸町,オリナスモール1階 トイレ付近
Suica,C8,4839A,自動販売機,蘇我運輸区京葉派出所,
Suica,C8,4839B,自動販売機,蘇我運輸区京葉派出所,
Suica,C8,483A7,自動販売機,#JR東日本#川原湯温泉駅,入口前
Suica,C8,4A4DF,自動販売機,#JR東日本#吉祥寺駅,3·4番線ホーム 3号車付近
Suica,C8,4A529,自動販売機,#JR東日本#東中野駅,ホーム 8号車付近 9号車寄り
Suica,C8,4A533,自動販売機,#JR東日本#東京駅,新幹線 20·21番線ホーム南端付近
Suica,C8,4A537,自動販売機,#JR東日本#東京駅,新幹線 20·21番線ホーム
Suica,C8,4A543,自動販売機,#JR東日本#東中野駅,ホーム 5号車付近
Suica,C8,4A57B,自動販売機,#JR東日本#品井沼駅,改札外待合室内
Suica,C8,4A58D,自動販売機,#JR東日本#野蒜駅,改札外
Suica,C8,4A5BA,自動販売機,千葉現業ビル,1階ロビー
Suica,C8,4A5D3,自動販売機,#JR東日本#熱海駅,1番線ホーム待合室付近
Suica,C8,4A5F1,自動販売機,#JR東日本#立川駅,7·8番線ホーム 西寄り
Suica,C8,4A5F2,自動販売機,#JR東日本#東京駅,新幹線 20·21番線ホーム 11号車付近
Suica,C8,4A606,自動販売機,#JR東日本#八王子駅,1·2番線ホーム 東端
Suica,C8,4A63B,自動販売機,フクダ電子アリーナ(千葉市蘇我球技場),Iゲート
Suica,C8,4A647,自動販売機,#JR東日本#新宿駅,5·6番線ホーム池袋寄り階段下
Suica,C8,4A64A,自動販売機,#JR東日本#東京駅,京葉地下3階コンコース
Suica,C8,4A6A0,自動販売機,#JR東日本#桜木町駅,改札内 南改札口付近
Suica,C8,4A6AA,自動販売機,#JR東日本#長岡駅,新幹線改札内待合室内
Suica,C8,4A6B4,自動販売機,#JR東日本#新潟駅,在来線3・4番線ホーム
Suica,C8,4A6C1,自動販売機,#JR東日本#布佐駅,1番線ホーム 新木方階段前
Suica,C8,4A701,自動販売機,#JR東日本#新習志野駅,2·3番線ホーム南船橋側
Suica,C8,4A72D,自動販売機,#JR東日本#出雲崎駅,出入口横
Suica,C8,4A736,自動販売機,#JR東日本#中野駅,1·2番ホーム8号車付近
Suica,C8,4A753,自動販売機,#JR東日本#両国駅,いろり庵きらく前
Suica,C8,4A758,自動販売機,#JR東日本#新宿駅,7·8番線ホーム東京方
Suica,C8,4A77C,自動販売機,#JR東日本#大宮駅,新幹線 17·18番線ホーム盛岡側
Suica,C8,4A796,自動販売機,#JR東日本#長野駅,新幹線 13·14番線ホーム 8号車付近
Suica,C8,4A7BC,自動販売機,#JR東日本#日光駅,1番線ホーム
Suica,C8,4A822,自動販売機,#JR東日本#品川駅,1·2番線ホーム上大崎寄り
Suica,C8,4A83B,自動販売機,#JR東日本#川崎駅,ホーム
Suica,C8,4A844,自動販売機,#JR東日本#新花巻駅,指定席券売機前
Suica,C8,4A86D,自動販売機,#JR東日本#松本駅,2·3番線ホーム 篠ノ井方
Suica,C8,4A885,自動販売機,#JR東日本#一ノ関駅,東口改札内
Suica,C8,4A892,自動販売機,#JR東日本#新橋駅,1·2番線下通路
Suica,C8,4A8A2,自動販売機,#JR東日本#亀田駅,ホーム上
Suica,C8,4B1F5,自動販売機,北の丸公園,北の丸休憩所 屋外 北側
Suica,C8,4B3DE,自動販売機,三井のリパーク 渋谷桜丘町第3,出入口脇
Suica,C8,4B648,自動販売機,木屋町ジャンクションビル,屋外 入口横 木屋町通
Suica,C8,4B8F0,自動販売機,晴和病院,1階
Suica,C8,4BD16,自動販売機,シャトレー松濤,屋外 コインランドリー入口前
Suica,C8,4BFDC,自動販売機,石島ビル,
Suica,C8,4D584,自動販売機,浜松駅バスターミナル,4のりば前(第一待合室横)
Suica,C8,4D585,自動販売機,浜松駅バスターミナル,13のりば前(第二待合室横)
Suica,C8,4D590,自動販売機,浜松駅バスターミナル,第一待合室
Suica,C8,4D619,自動販売機,横浜市泉スポーツセンター,敷地外 横浜市道岡津第418号線
Suica,C8,4D82B,自動販売機,浜松駅バスターミナル,13のりば前(第二待合室横)
Suica,C8,4D82C,自動販売機,浜松駅バスターミナル,3のりば前(第一待合室横)
Suica,C8,4DB53,自動販売機,#JR東日本#恵比寿駅,3·4番線ホーム中央付近
Suica,C8,4DB68,自動販売機,#JR東日本#武蔵五日市駅,ホーム
Suica,C8,4DB89,自動販売機,#JR東日本#渋谷駅,山手線外回りホーム6号車付近
Suica,C8,4DBA9,自動販売機,#JR東日本#横浜駅,5·6番線ホーム中央付近
Suica,C8,4DBB6,自動販売機,#JR東日本#三鷹駅,1·2番線ホーム高尾方
Suica,C8,4DBD8,自動販売機,#JR東日本#前橋駅,2·3番線ホーム高崎側
Suica,C8,4DBFF,自動販売機,#JR東日本#三鷹駅,1·2番線ホーム10号車付近
Suica,C8,4DC34,自動販売機,木更津統合庁舎,1階
Suica,C8,4DC46,自動販売機,#JR東日本#大網駅,2番線ホーム エレベーター付近
Suica,C8,4DC47,自動販売機,#JR東日本#大原駅,1番線スロープ横
Suica,C8,4DC9E,自動販売機,#JR東日本#寄居駅,5·6番線ホーム
Suica,C8,4DF85,自動販売機,第2カスヤビル,北東端
Suica,C8,4DF8F,自動販売機,第2カスヤビル,北東端
Suica,C8,4EB75,自動販売機,万代シテイバスセンター,"1F バスターミナル ""おにぎりの寿屋"" 斜め向かい"
Suica,C8,4F241,自動販売機,#JR東日本#根府川駅,2·3番線ホーム
Suica,C8,4F29B,自動販売機,東京モノレール昭和島総合センター,社員食堂内
Suica,C8,4F37A,自動販売機,#JR東日本#武蔵浦和駅,2F改札内 6番線階段脇
Suica,C8,4F394,自動販売機,#JR東日本#横浜駅,7·8番線ホーム 15両編成9号車/10両編成5号車付近
Suica,C8,4F3FF,自動販売機,#JR東日本#戸塚駅,JR橋上改札内 1·2番線階段上
Suica,C8,4F414,自動販売機,名取駅,2·3番線ホーム北側
Suica,C8,4F71E,自動販売機,よみうりランド,プレイパーク 左側入口脇
Suica,C8,4F7A1,自動販売機,酒井屋,
Suica,C8,4FA2B,自動販売機,ビジネスヴィップ渋谷道玄坂坂本ビル,
Suica,C8,506A1,自動販売機,#JR東日本#佐野駅,ホーム高崎方1番線側
Suica,C8,506BF,自動販売機,#JR東日本#千葉駅,乗務員統合詰所
Suica,C8,506EE,自動販売機,#JR東日本#東京駅,1·2番線ホーム エスカレーター上り口付近
Suica,C8,506F5,自動販売機,#JR東日本#新宿駅,9·10番線ホーム 9号車付近
Suica,C8,506F7,自動販売機,#JR東日本#天王台駅,1·2番線ホーム
Suica,C8,5076D,自動販売機,#JR東日本#熱海駅,4・5番線ホーム
Suica,C8,50772,自動販売機,#JR東日本#牛浜駅,ホーム上8号車付近
Suica,C8,507BB,自動販売機,#JR東日本#中野駅,7·8番線ホーム高尾方
Suica,C8,507EE,自動販売機,#JR東海#下諏訪駅,待合室
Suica,C8,50875,自動販売機,自販機レストラン グルメ24,
Suica,C8,510D2,自動販売機,桝屋酒店,
Suica,C8,510F9,自動販売機,桝屋酒店,
Suica,C8,516F5,自動販売機,全電通労働会館,2Fロビー
Suica,C8,51908,自動販売機,渋谷橋本ビル,とらふぐ亭裏
Suica,C8,52164,自動販売機,新潟県自治会館本館,1階
Suica,C8,5286F,自動販売機,Etoileriche,屋外 入口横 旧東海道
Suica,C8,52C3F,自動販売機,#JR東日本#八日市場駅,(改札外)本屋入口横
Suica,C8,52C4B,自動販売機,#JR東日本#成田駅,5·6番線ホーム 階段下
Suica,C8,52C83,自動販売機,#JR東日本#杉田駅,入口外
Suica,C8,52CC4,自動販売機,#JR東日本#高崎駅,2·4番線ホーム 上野方3号車付近
Suica,C8,52D00,自動販売機,#JR東日本#東三条駅,1番線ホーム 改札口向かって左側
Suica,C8,52D03,自動販売機,#JR東日本#青山駅,駅舎外
Suica,C8,52D59,自動販売機,#JR東日本#小山駅,6·8番線ホーム上新前橋寄り
Suica,C8,52DAC,自動販売機,#JR東日本#小出駅,出入口横
Suica,C8,52DB2,自動販売機,#JR東日本#矢代田駅,改札内 待合室脇
Suica,C8,52DF7,自動販売機,#JR東日本#茅ケ崎駅,1·2番線ホーム 東寄り
Suica,C8,52EA8,自動販売機,#JR東日本#東中野駅,ホーム 8号車付近 9号車寄り
Suica,C8,52EDF,自動販売機,#JR東日本#新青森駅,11·12番線ホーム4号車付近
Suica,C8,52F0B,自動販売機,#JR東日本#品川駅,1·2番線ホーム上大崎寄り
Suica,C8,52F1A,自動販売機,#JR東日本#中之条駅,1番線ホーム
Suica,C8,52F6E,自動販売機,#JR東日本#吉田駅,2·3番線ホーム
Suica,C8,52F74,自動販売機,#JR東日本#新津駅,西口 駅建物外
Suica,C8,52F9A,自動販売機,#JR東日本#上野駅,
Suica,C8,52FA1,自動販売機,#JR東日本#小淵沢駅,改札外 待合室内
Suica,C8,52FAE,自動販売機,#JR東日本#相模湖駅,改札口前待合所
Suica,C8,532EF,自動販売機,農場協会会館,スナック和(やわらぎ)横
Suica,C8,548ED,自動販売機,#JR東日本#竜田駅,屋外
Suica,C8,54A2B,自動販売機,#JR東日本#大形駅,1番ホーム
Suica,C8,550FC,自動販売機,幕張イベントホール,2F南ロビー
Suica,C8,552A9,自動販売機,千葉印刷,
Suica,C8,57552,自動販売機,#JR東日本#中野駅,3·4番線ホーム三鷹方階段裏
Suica,C8,57573,自動販売機,#JR東日本#千葉駅,3·4番線ホーム 東京方
Suica,C8,5757A,自動販売機,#JR東日本#千葉駅,1·2番線ホーム 7号車付近
Suica,C8,5759F,自動販売機,#JR東日本#成田駅,改札内 待合室向かい
Suica,C8,575A2,自動販売機,#JR東日本#幕張駅,1·2番線ホーム3号車付近
Suica,C8,575A4,自動販売機,#JR東日本#錦糸町駅,1·2番線ホーム 3号車付近
Suica,C8,575E3,自動販売機,#JR東日本#新宿駅,9·10番線ホーム
Suica,C8,576AE,自動販売機,#JR東日本#新宿駅,15·16番線ホーム池袋・中野方
Suica,C8,5770E,自動販売機,#JR東日本#亀田駅,ホーム上
Suica,C8,57727,自動販売機,#JR東日本#中野駅,1·2番線ホーム三鷹方
Suica,C8,57731,自動販売機,#JR東日本#中野駅,3·4番線ホーム上
Suica,C8,578D1,自動販売機,三井のリパーク 渋谷桜丘町第3,出入口脇
Suica,C8,5793C,自動販売機,新岩崎ビル,
Suica,C8,58880,自動販売機,#JR東日本#新習志野駅,4番線ホーム 待合室隣
Suica,C8,588B6,自動販売機,#JR東日本#東三条駅,1番線ホーム 改札口向かって右側
Suica,C8,588B9,自動販売機,#JR東日本#長岡駅,12番線ホーム 待合室横
Suica,C8,588C0,自動販売機,#JR東日本#弥彦駅,建物外
Suica,C8,58929,自動販売機,#JR東日本#籠原駅,1·2番線ホーム上 6号車付近
Suica,C8,58934,自動販売機,#JR東日本#橋本駅,2·3番線ホーム 6号車付近 待合室そば八王子方
Suica,C8,58949,自動販売機,#JR東日本#東京駅,横須賀・総武快速線 1·2番線ホーム
Suica,C8,589D5,自動販売機,#JR東日本#我孫子駅,6·7番線ホーム
Suica,C8,589E2,自動販売機,#JR東日本#東京駅,1·2番線ホーム
Suica,C8,589E9,自動販売機,#JR東日本#平塚駅,1·2番線ホーム5号車付近
Suica,C8,58A14,自動販売機,#JR東日本#東京駅,新幹線 22·23番線ホーム
Suica,C8,58AC7,自動販売機,オペラハウス渋谷,
Suica,C8,58B51,自動販売機,やなぎやビル,
Suica,C8,58B8B,自動販売機,渋谷後藤ビル,JUNK CAFE TOKYO前
Suica,C8,58EB8,自動販売機,#JR東日本#大曲駅,中央改札口外
Suica,C8,58EE7,自動販売機,#JR東日本#山形駅,橋上駅舎5·6·7番線ホーム行きエレベーター前
Suica,C8,58EF1,自動販売機,#JR東日本#新潟駅,CoCoLo新潟 南館 宝くじ売り場横
Suica,C8,58F0C,自動販売機,#JR東日本#新宿駅,13·14番線ホーム三鷹・池袋方
Suica,C8,58F19,自動販売機,#JR東日本#千葉駅,3·4番線ホーム 5号車付近
Suica,C8,58F1D,自動販売機,#JR東日本#新潟駅,改札外コンコース 西自由通路
Suica,C8,58F2C,自動販売機,#JR東日本#東京駅,7·8番線ホーム 3号車付近
Suica,C8,58F6A,自動販売機,#JR東日本#東京駅,1·2番線ホーム
Suica,C8,59019,自動販売機,#JR東日本#中野駅,1·2番ホーム8号車付近
Suica,C8,59461,自動販売機,ピットデザイン道玄坂第2駐車場,ホテルLa'i横
Suica,C8,59C81,自動販売機,#JR東日本#松本駅,0·1番線ホーム 塩尻方
Suica,C8,59CA7,自動販売機,#JR東日本#東京駅,新幹線 20·21番線ホーム
Suica,C8,59D16,自動販売機,#JR東日本#仙台駅,新幹線 13·14番線ホーム4号車付近
Suica,C8,59D50,自動販売機,#JR東日本#盛岡駅,13·14番線ホーム
Suica,C8,59D8C,自動販売機,#JR東日本#蘇我駅,5·6番線ホーム グリーン車4号車付近
Suica,C8,59DB5,自動販売機,#JR東日本#小田原駅,5·6番線ホーム 4号車付近
Suica,C8,59DCC,自動販売機,#JR東日本#松本駅,2·3番線ホーム 篠ノ井方 喫煙所北
Suica,C8,59E97,自動販売機,#JR東日本#有楽町駅,3・4番線 4号車1番ドア
Suica,C8,59EC3,自動販売機,#JR東日本#東京駅,9·10番線ホーム 6号車付近
Suica,C8,59F26,自動販売機,#JR東日本#東京駅,1·2番線ホーム
Suica,C8,59F9B,自動販売機,#JR東日本#新松戸駅,常磐線ホーム8号車付近
Suica,C8,5A2B7,自動販売機,道の駅 釜石仙人峠,トイレ前
Suica,C8,5B690,自動販売機,科学技術館,B2F サイエンスホール
Suica,C8,5BAA3,自動販売機,渋谷橋本ビル,駐車場左
Suica,C8,5C3D5,自動販売機,渋谷南平台ビル,屋外 入口横 玉川通り
Suica,C8,5C3DB,自動販売機,渋谷ギャラクシー,屋外
Suica,C8,5C407,自動販売機,MAC渋谷ビル,入口
Suica,C8,5C435,自動販売機,日興パレス南平台アズマ,1F通路 柱横
Suica,C8,5C967,ファミリーマート,東京区政会館店,
Suica,C8,5E020,自動販売機,酒井屋,
Suica,C8,5E07C,自動販売機,専門学校ビジョナリーアーツ,屋外 路上
Suica,C8,5E28C,自動販売機,#ドラッグ#ヨシダ,
Suica,C8,5E63C,自動販売機,さいたまスーパーアリーナ,2F 213扉付近
Suica,C8,5E642,自動販売機,さいたまスーパーアリーナ,2F 213扉付近
Suica,C8,5F9D2,自動販売機,#JR東日本#会津若松駅,4·5番線ホーム
Suica,C8,60053,自動販売機,塗装会館,屋外
Suica,C8,6071B,自動販売機,塗装会館,屋外
Suica,C8,608FE,自動販売機,#JR東日本#山形駅,新幹線ホーム14号車付近
Suica,C8,608FF,自動販売機,#JR東日本#山形駅,新幹線ホーム14号車付近
Suica,C8,609EE,自動販売機,#JR東日本#水上駅,2・3番線ホーム高崎方
Suica,C8,60A3D,自動販売機,#JR東日本#小田原駅,5·6番線ホーム 熱海寄り
Suica,C8,60C97,三井のリパーク,横芝駅前駐輪場,
Suica,C8,63528,自動販売機,#JR東日本#中野駅,5·6番線ホーム 4号車付近
Suica,C8,63733,ファミリーマート,日野多摩平一丁目店,
Suica,C8,64125,自動販売機,にこにこパーキング長津田第2,敷地隅 横浜市道長津田第393号線
Suica,C8,66BFF,ファミリーマート,浮間舟渡駅前店,
Suica,C8,66C00,ファミリーマート,池袋駅東店,
Suica,C8,66C05,ファミリーマート,門前仲町一丁目店,
Suica,C8,66C06,ファミリーマート,門前仲町一丁目店,
Suica,C8,66C07,ファミリーマート,門前仲町一丁目店,
Suica,C8,66C1B,ファミリーマート,藤沢駅北口店,
Suica,C8,66C1D,ファミリーマート,サンシャイン通り南店,
Suica,C8,66C2D,ファミリーマート,秋川駅前店,
Suica,C8,66C2E,ファミリーマート,秋川駅前店,
Suica,C8,66C65,ファミリーマート,北朝霞駅東店,
Suica,C8,66C66,ファミリーマート,初台駅北口店,
Suica,C8,66C85,ファミマ!!,サンシャイン店,
Suica,C8,66C86,ファミマ!!,サンシャイン店,
Suica,C8,66C8E,ファミリーマート,神田神保町二丁目店,
Suica,C8,66C97,ファミマ!!,Thinkpark店,
Suica,C8,66C9C,ファミリーマート,京王プレッソイン茅場町店,
Suica,C8,66C9D,ファミリーマート,京王プレッソイン茅場町店,
Suica,C8,66C9E,ファミマ!!,芝パーク店,
Suica,C8,66CA0,ファミマ!!,芝パーク店,
Suica,C8,66CA5,ファミリーマート,大森ベルポート前店,
Suica,C8,66CA6,ファミリーマート,大森ベルポート前店,
Suica,C8,66CA7,ファミリーマート,大森ベルポート前店,
Suica,C8,66CB7,ファミリーマート,渋谷一丁目店,
Suica,C8,66CBF,ファミリーマート,宮益坂上店,
Suica,C8,66CCA,ファミリーマート,有楽町駅前店,
Suica,C8,66CDE,ファミリーマート,新宿信濃町店,
Suica,C8,66CF1,ファミリーマート,京急久里浜駅前店,
Suica,C8,66CF3,ファミリーマート,セレオ八王子店,
Suica,C8,66CF8,ファミリーマート,道玄坂中央店,
Suica,C8,66D02,ファミリーマート,渋谷ガーデンフロント店,
Suica,C8,66D16,ファミリーマート,スバル桜丘246店,
Suica,C8,66D17,ファミリーマート,スバル桜丘246店,
Suica,C8,66D2D,ファミリーマート,池尻大橋店,
Suica,C8,66D49,ファミマ!!,代官山店,
Suica,C8,66D65,ファミリーマート,御茶ノ水駅南店,
Suica,C8,66D72,ファミリーマート,横浜馬車道店,
Suica,C8,66D85,ファミリーマート,水道橋西通り店,
Suica,C8,66DD5,ファミリーマート,日本橋茅場町店,
Suica,C8,66DD9,ファミリーマート,目黒神泉町店,
Suica,C8,66E09,ファミリーマート+ファーマライズ薬局,末広町店,
Suica,C8,66E0A,ファミリーマート,渋谷キャットストリート店,
Suica,C8,66E17,ファミリーマート,飯田橋三丁目店,
Suica,C8,66E18,ファミリーマート,飯田橋三丁目店,
Suica,C8,66E1B,ファミリーマート,幕張テクノガーデン店,
Suica,C8,66E1C,ファミリーマート,幕張テクノガーデン店,
Suica,C8,66E3B,ファミリーマート,渋谷公園通り店,
Suica,C8,66E85,ファミリーマート,新宿マインズタワー店,
Suica,C8,66E86,ファミリーマート,新宿マインズタワー店,
Suica,C8,66E87,ファミリーマート,新宿マインズタワー店,
Suica,C8,66E97,ファミリーマート,祖師ヶ谷大蔵駅前店,
Suica,C8,66EB3,ファミリーマート,渋谷警察東店,
Suica,C8,66EB4,ファミリーマート,飯田橋駅北店,
Suica,C8,66EB5,ファミリーマート,飯田橋駅北店,
Suica,C8,66EC0,ファミリーマート,渋谷オーチャードロード店,
Suica,C8,66EC1,ファミリーマート,中野三丁目店,
Suica,C8,66EC3,ファミリーマート,原宿竹下口店,
Suica,C8,66EC4,ファミリーマート,原宿竹下口店,
Suica,C8,66EC9,ファミリーマート,本厚木駅南口店,
Suica,C8,66ECA,ファミリーマート,本厚木駅南口店,
Suica,C8,66ECF,ファミリーマート,渋谷明治通り店,
Suica,C8,66F04,ファミリーマート,三軒茶屋駅北口店,
Suica,C8,66F29,ファミリーマート,渋谷神南北谷公園前店,
Suica,C8,66F39,ファミリーマート,飯田橋プラーノ店,
Suica,C8,66F3D,ファミリーマート,道玄坂上店,
Suica,C8,66F4B,ファミリーマート,神楽坂下店,
Suica,C8,66F61,ファミリーマート,大崎ニューシティ店,
Suica,C8,66F62,ファミリーマート,大崎ニューシティ店,
Suica,C8,66F63,ファミリーマート,市谷田町店,
Suica,C8,66F74,ファミリーマート,パレスサイドビル店,
Suica,C8,66F7C,ファミリーマート,平塚紅谷町店,
Suica,C8,66F82,ファミリーマート,原宿駅東店,
Suica,C8,66F86,ファミリーマート,パークタワー新川崎店,
Suica,C8,66FA8,ファミリーマート,西神田二丁目店,
Suica,C8,66FAB,ファミリーマート,大田区雑色駅前店,
Suica,C8,66FAD,ファミリーマート,中野五丁目店,
Suica,C8,66FB7,ファミリーマート,冨士屋オルトヨコハマ店,
Suica,C8,66FB8,ファミリーマート,冨士屋オルトヨコハマ店,
Suica,C8,66FBF,ファミリーマート,羽田空港第2ターミナル店,
Suica,C8,66FE1,ファミリーマート,築地六丁目店,
Suica,C8,67002,ファミリーマート,虎ノ門一丁目店,
Suica,C8,67003,ファミリーマート,虎ノ門一丁目店,
Suica,C8,67009,ファミリーマート,水天宮前店,
Suica,C8,6700A,ファミリーマート,水天宮前店,
Suica,C8,6700B,ファミリーマート,水天宮前店,
Suica,C8,6700C,ファミリーマート,水天宮前店,
Suica,C8,67019,ファミリーマート,中野駅南口本通り店,
Suica,C8,6702D,ファミリーマート,渋谷消防署南店,
Suica,C8,6702E,ファミリーマート,渋谷消防署南店,
Suica,C8,67033,ファミリーマート,千代田富士見二丁目店,
Suica,C8,67034,ファミリーマート,千代田富士見二丁目店,
Suica,C8,67041,ファミリーマート,横須賀汐入駅前店,
Suica,C8,67048,ファミリーマート,渋谷本町店,
Suica,C8,67066,ファミリーマート,新宿市谷見附店,
Suica,C8,67068,ファミリーマート+南山堂,竹芝駅前店,
Suica,C8,6706F,ファミリーマート,北参道駅前店,
Suica,C8,67072,ファミリーマート,明大前北店,
Suica,C8,67084,ファミマ!!,青山ビル店,
Suica,C8,67086,ファミリーマート,オペラシティサンクンガーデン店,
Suica,C8,670A0,ファミリーマート,厚木旭町一丁目店,
Suica,C8,670A8,ファミリーマート,神宮前店,
Suica,C8,670C7,ファミマ!!,御茶ノ水ソラシティ店,
Suica,C8,670CC,ファミリーマート,ファーストスクエアEAST店,
Suica,C8,670CD,ファミリーマート,ファーストスクエアEAST店,
Suica,C8,670CF,ファミリーマート,渋谷桜丘町店,
Suica,C8,670D2,ファミリーマート,赤羽一番街店,
Suica,C8,670D3,ファミリーマート,赤羽一番街店,
Suica,C8,670DD,ファミリーマート,サンプラザ北店,
Suica,C8,670FC,ファミリーマート,北上村崎野店,
Suica,C8,67100,ファミリーマート,盛岡クロステラス店,
Suica,C8,6713B,ファミリーマート,水戸駅南口店,
Suica,C8,6713D,ファミリーマート,水戸駅前店,
Suica,C8,67144,ファミリーマート,和光北口店,
Suica,C8,67153,ファミリーマート,東所沢駅南店,
Suica,C8,6716C,ファミリーマート,神楽坂三丁目店,
Suica,C8,6718B,ファミリーマート,中目黒駅前店,
Suica,C8,6718E,ファミリーマート,世田谷新町三丁目店,
Suica,C8,67190,ファミリーマート,新宿四丁目交差点前店,
Suica,C8,67191,ファミリーマート,歌舞伎町店,
Suica,C8,67196,ファミリーマート,東京オペラシティ店,
Suica,C8,671A1,ファミリーマート,池尻大橋駅北店,
Suica,C8,671AC,ファミリーマート,ゲートシティ大崎店,
Suica,C8,671AE,ファミリーマート,ゲートシティ大崎店,
Suica,C8,671AF,ファミリーマート,ゲートシティ大崎店,
Suica,C8,671B8,ファミリーマート,渋谷マークシティ店,
Suica,C8,671BA,ファミリーマート,渋谷マークシティ店,
Suica,C8,671BB,ファミリーマート,渋谷マークシティ店,
Suica,C8,671C7,ファミリーマート,中野南口店,
Suica,C8,671CF,ファミリーマート,代々木東口店,
Suica,C8,671D0,ファミリーマート,代々木東口店,
Suica,C8,671DC,ファミリーマート,小浦大森駅前店,
Suica,C8,671E0,ファミリーマート,エスプラナード赤坂店,
Suica,C8,671EA,ファミリーマート,中野桃園店,
Suica,C8,67208,ファミリーマート,渋谷三丁目店,
Suica,C8,6720F,ファミリーマート,秋葉原ラジオ会館店,
Suica,C8,6721D,ファミリーマート,初台交差点前店,
Suica,C8,67224,ファミリーマート,墨田両国東口店,
Suica,C8,67233,ファミリーマート,飯田橋駅前店,
Suica,C8,67235,ファミリーマート,田端駅前店,
Suica,C8,67241,ファミリーマート,羽田四丁目店,
Suica,C8,672A1,ファミリーマート,横浜駅西口店,
Suica,C8,672B6,ファミリーマート,横浜子安通三丁目店,
Suica,C8,672DB,ファミリーマート,豊洲五丁目店,
Suica,C8,672F5,ファミリーマート,渋谷道玄坂店,
Suica,C8,672FB,ファミリーマート,川崎殿町三丁目店,
Suica,C8,672FC,ファミリーマート,鹿島田駅前店,
Suica,C8,67300,ファミリーマート,藤沢駅南口店,
Suica,C8,67303,ファミリーマート,新宿三丁目南店,
Suica,C8,6731F,アーバン・ファミマ!!,虎ノ門ヒルズビジネスタワー店,
Suica,C8,67327,ファミリーマート,ファーストスクエア店,
Suica,C8,67328,ファミリーマート,ファーストスクエア店,
Suica,C8,6732F,ファミリーマート,赤坂見附駅前店,
Suica,C8,67343,ファミリーマート,赤坂駅前店,
Suica,C8,6734B,ファミリーマート,新整備場駅前店,
Suica,C8,6735A,ファミリーマート,芝大門店,
Suica,C8,6735F,ファミリーマート,豊島要町店,
Suica,C8,67383,ファミリーマート,長岡赤十字病院店,
Suica,C8,67392,ファミリーマート,秋田上飯島店,
Suica,C8,67393,ファミリーマート,秋田上飯島店,
Suica,C8,67429,ファミリーマート,水道橋駅東口店,
Suica,C8,6742A,ファミリーマート,水道橋駅東口店,
Suica,C8,6742B,ファミリーマート,水道橋駅東口店,
Suica,C8,6742F,ファミリーマート,ニューピア竹芝店,
Suica,C8,67440,ファミリーマート,新川崎ツインタワー店,
Suica,C8,67446,ファミリーマート,青山ツインビル店,
Suica,C8,67449,ファミリーマート,外神田四丁目店,
Suica,C8,6744F,ファミリーマート,浜松町駅前店,
Suica,C8,67450,ファミリーマート,浜松町駅前店,
Suica,C8,6746B,ファミリーマート,新宿四丁目店,
Suica,C8,67474,ファミリーマート,和田屋松影町店,
Suica,C8,67482,ファミリーマート,渋谷クロスタワー店,
Suica,C8,674AD,ファミリーマート,さいたま宮原駅東口店,
Suica,C8,674B5,ファミリーマート,東京区政会館店,
Suica,C8,674D0,ファミリーマート,蒲田東口中央通り店,
Suica,C8,674D3,ファミリーマート,大宮駅前店,
Suica,C8,674DC,ファミリーマート,東品川四丁目店,
Suica,C8,674F5,自動販売機,#JR東日本#八王子駅,1·2番線ホーム 9号車付近
Suica,C8,676E2,ファミリーマート,蒲田駅東店,
Suica,C8,676F5,ファミリーマート,飯田橋店,
Suica,C8,676FA,ファミリーマート,新宿信濃町店,
Suica,C8,676FD,ファミリーマート,目黒神泉町店,
Suica,C8,676FE,ファミリーマート,渋谷公園通り店,
Suica,C8,676FF,ファミリーマート,渋谷公園通り店,
Suica,C8,67706,ファミリーマート,芝大門店,
Suica,C8,67708,ファミリーマート,羽田空港第2T国際線エリア店,
Suica,C8,67709,ファミリーマート,羽田空港第2T国際線エリア店,
Suica,C8,67716,ファミリーマート,三崎町三丁目店,
Suica,C8,67735,ファミリーマート,立川グリーンスプリングス店,
Suica,C8,67736,ファミリーマート,渋谷道玄坂プラザ通り店,
Suica,C8,67737,ファミリーマート,渋谷道玄坂プラザ通り店,
Suica,C8,6773B,ファミマ!!,豊洲ベイサイドクロス店,
Suica,C8,67751,ファミリーマート,恵比寿駅東口店,
Suica,C8,6879C,ファミリーマート,渋谷ガーデンフロント店,
Suica,C8,6879D,ファミリーマート,渋谷ガーデンフロント店,
Suica,C8,687B2,ファミリーマート,恵比寿駅東口店,
Suica,C8,6888E,ファミリーマート,池袋グリーン大通り店,
Suica,C8,69069,ファミリーマート,新宿三丁目中央通り店,
Suica,C8,6907C,ファミマ!!,青山ビル店,
Suica,C8,69367,ファミリーマート,中野駅南口本通り店,
Suica,C8,693CD,ファミリーマート,中野駅北店,
Suica,C8,6944A,ファミリーマート,雨宮音楽通り店,
Suica,C8,6949F,ファミリーマート,横須賀中央駅前店,
Suica,C8,6951C,ファミリーマート,中野三丁目店,
Suica,C8,69523,ファミリーマート,羽田六丁目店,
Suica,C8,69531,ファミリーマート,逗子・葉山駅前店,
Suica,C8,6954C,ファミリーマート,小平駅北口店,
Suica,C8,69561,ファミリーマート,水道橋駅西口店,
Suica,C8,6958A,ファミリーマート,潮見駅南店,
Suica,C8,6958B,ファミリーマート,潮見駅南店,
Suica,C8,6958D,ファミリーマート,東秋留店,
Suica,C8,69613,ファミリーマート,福島太田町店,
Suica,C8,6962C,ファミリーマート,多賀城山王店,
Suica,C8,6963F,ファミリーマート,神田須田町一丁目店,
Suica,C8,69649,ファミリーマート,渋谷駅北店,
Suica,C8,69EB9,ファミリーマート,新宿三丁目東店,
Suica,C8,69F13,ファミマ!!,サンシャイン店,
Suica,C8,69F16,ファミマ!!,芝パーク店,
Suica,C8,69F20,ファミリーマート,有楽町駅前店,
Suica,C8,69F38,ファミリーマート,御茶ノ水駅南店,
Suica,C8,69F3F,ファミリーマート,水道橋西通り店,
Suica,C8,69F7B,ファミリーマート,三軒茶屋駅南口店,
Suica,C8,69F9C,ファミリーマート,市谷田町店,
Suica,C8,69F9D,ファミリーマート,明大前店,
Suica,C8,69FA1,ファミマ!!,秋葉原UDX店,
Suica,C8,69FA4,ファミリーマート,雑色駅広場前店,
Suica,C8,69FAD,ファミリーマート,大宮駅西口店,
Suica,C8,6A027,ファミリーマート,東京オペラシティ店,
Suica,C8,6A02D,ファミリーマート,新橋ゆりかもめ店,
Suica,C8,6A02E,ファミリーマート,中野桃園店,
Suica,C8,6A044,ファミリーマート,クイーンズスクエア横浜店,
Suica,C8,6A05F,ファミリーマート,桜新町駅前店,
Suica,C8,6A06F,ファミリーマート,神宮前五丁目店,
Suica,C8,6A0A4,ファミリーマート,関内大通り店,
Suica,C8,6A19E,ファミリーマート,サクマ新木場駅店,
Suica,C8,6A1D9,ファミリーマート,赤坂見附駅前店,
Suica,C8,6A215,ファミリーマート,新潟バスセンター/S店,
Suica,C8,6A379,ファミリーマート,セレオ甲府店,
Suica,C8,6A427,ファミリーマート,鶴見駅東口店,
Suica,C8,6A428,ファミリーマート,鶴見駅東口店,
Suica,C8,6A43E,ファミリーマート,サンシャインシティ店,
Suica,C8,6A43F,ファミリーマート,サンシャインシティ店,
Suica,C8,6A440,ファミリーマート,サンシャインシティ店,
Suica,C8,6C6EE,マクドナルド,大森駅北口店,
Suica,C8,6C6EF,マクドナルド,大森駅北口店,
Suica,C8,6C6F0,マクドナルド,大森駅北口店,
Suica,C8,6C74E,ファミマ!!,豊洲ベイサイドクロス店,
Suica,C8,6C76D,ファミリーマート,梅ヶ丘駅前店,
Suica,C8,6C855,ファミリーマート,京急川崎駅前店,
Suica,C8,6C856,ファミリーマート,京急川崎駅前店,
Suica,C8,6CE46,自動販売機,三井のリパーク 研究学園駅前第5駐車場,出入口脇
Suica,C8,6D0C1,アーバン・ファミマ!!,虎ノ門ヒルズビジネスタワー店,
Suica,C8,6D12B,ファミリーマート,山辺町店,
Suica,C8,6D8F5,自動販売機,加藤ビル,屋外 入口前 玉川通り
Suica,C8,6DA51,ファミリーマート,渋谷フィンガーアベニュー店,
Suica,C8,6DA71,ファミリーマート,川崎殿町店,
Suica,C8,6DA82,ファミマ!!,御茶ノ水ソラシティ店,
Suica,C8,6DA83,ファミリーマート,県立大学駅前店,
Suica,C8,6DA97,ファミリーマート,豊洲四丁目店,
Suica,C8,6DA98,ファミリーマート,豊洲四丁目店,
Suica,C8,6DA99,ファミリーマート,豊洲四丁目店,
Suica,C8,6DAC5,ファミリーマート,九段下駅西店,
Suica,C8,6E45C,セブン‐イレブン,千代田二番町店,
Suica,C8,6E57B,セブン‐イレブン,南品川3丁目店,
Suica,C8,6EB68,セブン‐イレブン,神田専大通り店,
Suica,C8,6FE4C,セブン‐イレブン,Otemachi One店,
Suica,C8,70260,セブン‐イレブン,ROYAL東京ビッグサイト店,
Suica,C8,7030D,セブン‐イレブン,麹町5丁目店,
Suica,C8,7032A,セブン‐イレブン,KDDI大手町ビル店,
Suica,C8,7046D,ファミリーマート,川崎砂子店,
Suica,C8,70CBB,ファミリーマート,九段南二丁目店,
Suica,C8,714BF,ファミリーマート,新宿市谷見附店,
Suica,C8,725E5,ファミリーマート,横浜南幸店,
Suica,C8,725E6,ファミリーマート,横浜南幸店,
Suica,C8,72646,ファミリーマート,渋谷桜丘町店,
Suica,C8,7265F,ファミリーマート,京急鶴見駅前店,
Suica,C8,72661,ファミリーマート,鶴見東口店,
Suica,C8,7269E,ファミリーマート,中野郵便局西店,
Suica,C8,726AA,ファミリーマート,中池袋公園北店,
Suica,C8,726B2,ファミリーマート,九段会館テラス店,
Suica,C8,726B3,ファミリーマート,九段会館テラス店,
Suica,C8,726B7,ファミリーマート,浜松町駅北口店,
Suica,C8,726DA,ファミリーマート,道玄坂上店,
Suica,C8,726FC,ファミリーマート,渋谷消防署南店,
Suica,C8,726FD,ファミリーマート,渋谷消防署南店,
Suica,C8,72725,ファミリーマート,神保町さくら通り店,
Suica,C8,72727,ファミリーマート,立川曙町店,
Suica,C8,72733,ファミリーマート,宇都宮駅前店,
Suica,C8,72739,ファミリーマート,鶴見中央店,
Suica,C8,7378F,マクドナルド,雑色駅前店,
Suica,C8,73790,マクドナルド,雑色駅前店,
Suica,C8,737B7,ファミリーマート,九段会館テラス店,
Suica,C8,738DE,ファミリーマート,専大通り店,
Suica,C8,738DF,ファミリーマート,専大通り店,
Suica,C8,73914,ファミリーマート,九段北一丁目店,
Suica,C8,73942,ファミリーマート,三田ステーションビル店,
Suica,C8,74372,自動販売機,#JR東日本#小淵沢駅,1・2番線ホーム跨線橋塩尻方階段付近
Suica,C8,74823,自動販売機,コンフォールメゾン,屋外 南端
Suica,C8,7663B,セブン‐イレブン,東雲店,
Suica,C8,7663C,セブン‐イレブン,東雲店,
Suica,C8,7663D,セブン‐イレブン,東雲店,
Suica,C8,7664D,セブン‐イレブン,虎ノ門1丁目店,
Suica,C8,768B0,セブン‐イレブン,神田専大通り店,
Suica,C8,768B2,セブン‐イレブン,神田専大通り店,
Suica,C8,7698D,マクドナルド,金町北口店,
Suica,C8,7698E,マクドナルド,金町北口店,
Suica,C8,76A85,セブン‐イレブン,赤羽岩淵駅前店,
Suica,C8,76A9B,ファミリーマート,水戸駅北口店,
Suica,C8,76AC6,ファミリーマート,スバル桜丘246店,
Suica,C8,773DB,ファミリーマート,地下鉄戸塚駅店,
Suica,C8,773DC,ファミリーマート,地下鉄戸塚駅店,
Suica,C8,773DD,ファミリーマート,地下鉄戸塚駅店,
Suica,C8,77531,ファミリーマート,サクマ新木場駅店,
Suica,C8,77D3A,ファミリーマート,新日本橋駅前店,
Suica,C8,77D3B,ファミリーマート,新日本橋駅前店,
Suica,C8,785AD,ファミリーマート,鎌倉駅西口店,
Suica,C8,78DE9,ファミリーマート,京急川崎駅東店,
Suica,C8,78DEA,ファミリーマート,京急川崎駅東店,
Suica,C8,78E2F,マクドナルド,一之江東口店,
Suica,C8,79653,ファミリーマート,大森駅西口店,
Suica,C8,79664,ファミリーマート,藤が丘駅南口店,
Suica,C8,79670,ファミリーマート,HARUMI FLAG店,
Suica,C8,79671,ファミリーマート,HARUMI FLAG店,
Suica,C8,797A9,ファミリーマート,小作駅前店,
Suica,C8,797AA,ファミリーマート,小作駅前店,
Suica,C8,79867,ファミリーマート,横浜南幸二丁目店,
Suica,C8,7A1B8,ファミリーマート,JR羽村駅/S店,
Suica,C8,7A1B9,ファミリーマート,JR羽村駅/S店,
Suica,C8,7A1BA,ファミリーマート,JR羽村駅/S店,
Suica,C8,7A2A1,ファミリーマート,JR浮間舟渡駅/S店,
Suica,C8,7A2A2,ファミリーマート,JR浮間舟渡駅/S店,
Suica,C8,7A2A3,ファミリーマート,JR浮間舟渡駅/S店,
Suica,C8,7B608,マクドナルド,小作駅前店,
Suica,C8,7B609,マクドナルド,小作駅前店,
Suica,C8,7B89F,自動販売機,和み家 心天狗,屋外 入口横 鞍馬街道
Suica,C8,7B8A2,自動販売機,貴船神社 観光トイレ,屋外
Suica,C8,7B8A7,自動販売機,京都大学医学部附属病院,外来棟 3階 B(小児科)・C(産婦人科)間授乳室前待合室脇
Suica,C8,7B8A8,自動販売機,名物みたらしだんご,屋外 銀閣寺参道
Suica,C8,7B8AB,自動販売機,影近メンテ 本社,屋外 今出川通
Suica,C8,7B8B3,自動販売機,ビデオインアメリカ大徳寺店,屋外 北大路通
Suica,C8,7B8B5,自動販売機,#嵐電#嵐山駅,1番のりば降車ホーム 西端
Suica,C8,7B8C1,自動販売機,Hi-Park 西院六反田町,精算機横 五条通
Suica,C8,7BEF3,快活CLUB,上野御徒町店,
Suica,C8,7BEF4,快活CLUB,上野御徒町店,
Suica,C8,7C16B,マクドナルド,15号新子安店,
Suica,C8,7C16C,マクドナルド,15号新子安店,
Suica,C8,7C16D,マクドナルド,15号新子安店,
Suica,C8,7D852,自動販売機,銀閣寺前パーキング,精算機横 今出川通
Suica,C8,7D873,ファミリーマート,赤羽駅前店,
Suica,C8,7D981,ファミリーマート,あきる野滝山街道店,
Suica,C8,7E2C3,快活CLUB,柏駅西口店,
Suica,C8,7E4A6,POCKET CHANGE,タイトーステーション 秋葉原東西自由通路店,
Suica,C8,7EBD6,ファミリーマート,九段会館テラス店,
Suica,C8,7EFE8,マクドナルド,神保町店,
Suica,C8,7EFE9,マクドナルド,神保町店,
Suica,C8,7F24D,ファミリーマート,地下鉄上大岡駅店,
Suica,C8,7F24E,ファミリーマート,地下鉄上大岡駅店,
Suica,C8,7F469,自動販売機,イオンモールKYOTO,Sakura館·Kaede館間連絡通路(Miyako橋) 2F ベンチ横
Suica,C8,7F480,自動販売機,#叡電#鞍馬駅,改札外 出口通路
Suica,C8,7F490,自動販売機,イオンモール京都桂川,屋外 Ⓔ3入口前
Suica,C8,81794,なか卯,飯田橋東口店,
Suica,C8,817A5,なか卯,調布北口店,
Suica,C8,817A6,なか卯,調布北口店,
Suica,C8,822A1,自動販売機,KYOTO PLEASANT HOTEL,屋外 階段下通路
Suica,C8,831D6,なか卯,潮見店,
Suica,C8,831D7,なか卯,潮見店,
Suica,C8,831D8,なか卯,潮見店,
Suica,C8,831E6,なか卯,豊洲店,
Suica,C8,8321A,なか卯,天童店,
Suica,C8,8328E,なか卯,郡山大町店,
Suica,C8,8329E,なか卯,渋谷宇田川町店,
Suica,C8,832BE,なか卯,新潟小針台店,
Suica,C8,832BF,なか卯,新潟小針台店,
Suica,C8,832DE,なか卯,新潟新和店,
Suica,C8,832DF,なか卯,新潟新和店,
Suica,C8,84773,T's たんたん,池袋店,
Suica,C8,84774,蕎麦29東京,,
Suica,C8,85E42,自動販売機,第2四寅ビル,屋外
Suica,C8,86BD6,自動販売機,#京都市営#京都市役所前駅,券売機向かい コインロッカー付近 壁面 公衆電話横
Suica,C8,874CE,自動販売機,ダルマ薬局,屋外 伏見稲荷駅 東口
Suica,C8,87A7C,ウェンディーズ・ファーストキッチン,新宿南口店,
Suica,C8,89030,POCKET CHANGE,アトレヴィ三鷹,3階改札外
Suica,C8,89112,福島屋,虎ノ門店,
Suica,C8,8919A,自動販売機,NTT西日本 京都支店,屋外 路上 南東端
Suica,C8,891B4,自動販売機,やすこ鍼灸整骨院,屋外 入口横
Suica,C8,891D9,自動販売機,リノパーキング 河原町三条パーキング,敷地内
Suica,C8,891DA,自動販売機,右源太専用駐車場,お稲荷様横
Suica,C8,891DB,自動販売機,左源太,店外
Suica,C8,891DC,自動販売機,右源太専用駐車場,お稲荷様横
Suica,C8,8A235,なか卯,橋本店,
Suica,C8,8A236,なか卯,橋本店,
Suica,C8,8A261,#ラーメン#雷,東京本丸店,
Suica,C8,8A266,東京グリーンシステムズ,豊洲店,
Suica,C8,8AD89,POCKET CHANGE,NewDays エキュートエディション有楽町京橋口,
Suica,C8,8B431,コミック・バスター,水戸駅前店,
Suica,C8,8B436,POCKET CHANGE,ペリエ千葉,
Suica,C8,8BF34,自動販売機,河鹿専用駐車場 跡地,
Suica,C8,8C49F,POCKET CHANGE,イトーヨーカドー 赤羽店,
Suica,C8,8D997,ラーメン山岡家,新潟藤見店,
Suica,C8,93E4D,ダイソー,ヨドバシAKIBA店,
Suica,C8,93E65,ダイソー,ギガ船橋店,
Suica,C8,94E70,全国ご当地グルメコート 大宮横丁,,
Suica,C8,94E71,全国ご当地グルメコート 大宮横丁,,
Suica,C8,95066,ダイソー,新津程島SC店,
Suica,C8,95067,ダイソー,新津程島SC店,
Suica,C8,95068,ダイソー,新津程島SC店,
Suica,C8,954E2,ダイソー,渋谷マークシティ店,
Suica,C8,955BF,SPICE FACTORY,大崎,
Suica,C8,95957,ダイソー,ユアエルム八千代台店,
Suica,C8,95A24,カメクロマルシェ,,
Suica,C8,95BBB,快活CLUB,水戸笠原店,
Suica,C8,96B48,ダイソー,ヨークタウン水戸元吉田店,
Suica,C8,96BE4,ダイソー,牧の原モア店,
Suica,C8,96BE5,ダイソー,牧の原モア店,
Suica,C8,96BE6,ダイソー,牧の原モア店,
Suica,C8,96BE7,ダイソー,牧の原モア店,
Suica,C8,96BE8,ダイソー,牧の原モア店,
Suica,C8,96BE9,ダイソー,牧の原モア店,
Suica,C8,96BEA,ダイソー,牧の原モア店,
Suica,C8,96EA8,ダイソー,新津程島SC店,
Suica,C8,985A8,ビジネスエアポートカフェ,,
Suica,C8,99150,MEGAドン・キホーテ,上水戸店,
Suica,C8,998C5,MEGAドン・キホーテ,勝田店,
Suica,C8,9995F,MEGAドン・キホーテ,ラパーク宇都宮店,
Suica,C8,99AF3,ミニストップポケット,千代田ファーストビル南館,
Suica,C8,99AFC,ミニストップポケット,九段会館テラス,
Suica,C8,99B00,ミニストップポケット,九段会館テラス,
Suica,C8,9A6BF,セリア,豊洲店,
Suica,C8,9C263,感動の肉と米,本厚木店,
Suica,C8,9C802,バーガーキング,トナリエクレオつくば店,
Suica,C8,9C803,バーガーキング,トナリエクレオつくば店,
Suica,C8,9C811,バーガーキング,神保町店,
Suica,C8,9C812,バーガーキング,神保町店,
Suica,C8,9F4B0,マルチ電子マネーチャージ機,GiGO総本店,
Suica,C8,9F4B1,マルチ電子マネーチャージ機,GiGO総本店,
Suica,C8,9F963,POCKET CHANGE,東京モノレール 羽田空港第3ターミナル駅,
Suica,C8,9FBBB,ミニストップポケット,九段会館テラス,
Suica,C8,A0189,ダイソー,トナリエ宇都宮店,
Suica,C8,A018A,ダイソー,トナリエ宇都宮店,
Suica,C8,A018B,ダイソー,トナリエ宇都宮店,
Suica,C8,A018C,ダイソー,トナリエ宇都宮店,
Suica,C8,A113C,Seria生活良品,古町店,
Suica,C8,A1F0B,ダイソー,アルカキット錦糸町店,
Suica,C8,A235E,どうとんぼり神座,アトレ川崎店,
Suica,C8,A786B,セリア,コモタウン新津店,
Suica,C8,A786C,セリア,コモタウン新津店,
Suica,C8,A831C,バーガーキング,アピタ宇都宮店,
Suica,C8,A831D,バーガーキング,アピタ宇都宮店,
Suica,C8,AAE85,セブン銀行,セブン‐イレブン 小田急マルシェ大和店 共同出張所,
Suica,C8,AAE8F,セブン銀行,セブン‐イレブン 品川プリンスホテル店 共同出張所,
Suica,C8,AAE90,セブン銀行,セブン‐イレブン 品川プリンスホテル店 共同出張所,
Suica,C8,AAE9E,セブン銀行,セブン‐イレブン 小田急マルシェ大和店 共同出張所,
Suica,C8,AAED8,セブン銀行,セブン‐イレブン 川崎駅前本町店 共同出張所,
Suica,C8,AAED9,セブン銀行,セブン‐イレブン 川崎駅前本町店 共同出張所,
Suica,C8,AAEDA,セブン銀行,セブン‐イレブン 川崎駅前本町店 共同出張所,
Suica,C8,AAF6A,ローソン,H初台一丁目店,
Suica,C8,AAF80,セブン銀行,セブン‐イレブン 京急ST羽田空港第3ターミナル店 共同出張所,
Suica,C8,AAF83,セブン銀行,セブン‐イレブン 京急STYRP野比店 共同出張所,
Suica,C8,AAF84,セブン銀行,セブン‐イレブン 京急ST川崎中央店 共同出張所,
Suica,C8,AAF98,セブン銀行,セブン‐イレブン 大田区大森駅南店 共同出張所,
Suica,C8,AAFD2,セブン銀行,セブン‐イレブン 川崎浮島通り店 共同出張所,
Suica,C8,AAFD7,セブン銀行,セブン‐イレブン 逗子5丁目店 共同出張所,
Suica,C8,AAFDD,セブン銀行,セブン‐イレブン 横浜日ノ出町駅前店 共同出張所,
Suica,C8,AAFDE,セブン銀行,セブン‐イレブン 横浜日ノ出町駅前店 共同出張所,
Suica,C8,AB059,セブン銀行,セブン‐イレブン 横浜真砂町4丁目店 共同出張所,
Suica,C8,AB05A,セブン銀行,セブン‐イレブン 横浜真砂町4丁目店 共同出張所,
Suica,C8,AB06A,セブン銀行,セブン‐イレブン 横浜鶴見中央4丁目店 共同出張所,
Suica,C8,AB06B,セブン銀行,セブン‐イレブン 川崎キングスカイフロント店 共同出張所,
Suica,C8,AB089,セブン銀行,セブン‐イレブン 京急ST鶴見店 共同出張所,
Suica,C8,AB0C0,セブン銀行,セブン‐イレブン 大森駅北口店 共同出張所,
Suica,C8,AB0C1,セブン銀行,セブン‐イレブン 大森駅北口店 共同出張所,
Suica,C8,AB0D9,セブン銀行,セブン‐イレブン 鶴見駅東口中央通り店 共同出張所,
Suica,C8,AB0DA,セブン銀行,セブン‐イレブン 京急ST青物横丁店 共同出張所,
Suica,C8,AB0DB,セブン銀行,セブン‐イレブン 京急ST青物横丁店 共同出張所,
Suica,C8,AB0E2,セブン銀行,セブン‐イレブン 横須賀内川新田店 共同出張所,
Suica,C8,AB0E7,セブン銀行,セブン‐イレブン 京急ST大森海岸店 共同出張所,
Suica,C8,AB101,セブン銀行,セブン‐イレブン Luz大森店 共同出張所,
Suica,C8,AB102,セブン銀行,セブン‐イレブン Luz大森店 共同出張所,
Suica,C8,AB9AB,ENEOS EneJet,中野山SS,
Suica,C8,AB9AC,ENEOS EneJet,中野山SS,
Suica,C8,AB9AD,ENEOS EneJet,中野山SS,
Suica,C8,AB9AE,ENEOS EneJet,中野山SS,
Suica,C8,AB9AF,ENEOS EneJet,中野山SS,
Suica,C8,AB9B0,ENEOS EneJet,中野山SS,
Suica,C8,AB9B1,ENEOS EneJet,中野山SS,
Suica,C8,AB9B2,ENEOS EneJet,中野山SS,
Suica,C8,AB9B3,ENEOS EneJet,中野山SS,
Suica,C8,AB9B4,ENEOS EneJet,中野山SS,
Suica,C8,AB9B7,ENEOS EneJet,新潟小新SS,
Suica,C8,AB9B8,ENEOS EneJet,新潟小新SS,
Suica,C8,AB9B9,ENEOS EneJet,新潟小新SS,
Suica,C8,AB9BA,ENEOS EneJet,新潟小新SS,
Suica,C8,AB9BB,ENEOS EneJet,新潟小新SS,
Suica,C8,AB9BC,ENEOS EneJet,新潟小新SS,
Suica,C8,AB9BD,ENEOS EneJet,新潟小新SS,
Suica,C8,AB9BE,ENEOS EneJet,新潟小新SS,
Suica,C8,AB9BF,ENEOS EneJet,新潟小新SS,
Suica,C8,AB9C0,ENEOS EneJet,新潟小新SS,
Suica,C8,ABEA6,ENEOS EneJet,シンエネ八幡山SS,
Suica,C8,ABEA7,ENEOS EneJet,シンエネ八幡山SS,
Suica,C8,ABEA8,ENEOS EneJet,シンエネ八幡山SS,
Suica,C8,ABEA9,ENEOS EneJet,シンエネ八幡山SS,
Suica,C8,ABEAA,ENEOS EneJet,シンエネ八幡山SS,
Suica,C8,ABEAB,ENEOS EneJet,シンエネ八幡山SS,
Suica,C8,ABEAC,ENEOS EneJet,シンエネ八幡山SS,
Suica,C8,ABEAD,ENEOS EneJet,シンエネ八幡山SS,
Suica,C8,ABEAE,ENEOS EneJet,シンエネ八幡山SS,
Suica,C8,ABEAF,ENEOS EneJet,シンエネ八幡山SS,
Suica,C8,ABEB0,ENEOS EneJet,シンエネ八幡山SS,
Suica,C8,ABEB1,ENEOS EneJet,シンエネ八幡山SS,
Suica,C8,ABEB2,ENEOS EneJet,シンエネ八幡山SS,
Suica,C8,ABEB3,ENEOS EneJet,シンエネ八幡山SS,
Suica,C8,ABF0A,ENEOS EneJet,白根SS,
Suica,C8,ABF0B,ENEOS EneJet,白根SS,
Suica,C8,ABF0C,ENEOS EneJet,白根SS,
Suica,C8,ABF0D,ENEOS EneJet,白根SS,
Suica,C8,ABF0E,ENEOS EneJet,白根SS,
Suica,C8,ABF0F,ENEOS EneJet,白根SS,
Suica,C8,ABF10,ENEOS EneJet,白根SS,
Suica,C8,ABF11,ENEOS EneJet,白根SS,
Suica,C8,AC083,セブン銀行,田子重 清里店 共同出張所,
Suica,C8,AC579,ENEOS EneJet,新津インターSS,
Suica,C8,AC57A,ENEOS EneJet,新津インターSS,
Suica,C8,AC57B,ENEOS EneJet,新津インターSS,
Suica,C8,AC57C,ENEOS EneJet,新津インターSS,
Suica,C8,AC57D,ENEOS EneJet,新津インターSS,
Suica,C8,AC57E,ENEOS EneJet,新津インターSS,
Suica,C8,AC57F,ENEOS EneJet,新津インターSS,
Suica,C8,AC580,ENEOS EneJet,新津インターSS,
Suica,C8,AC581,ENEOS EneJet,新津インターSS,
Suica,C8,AC582,ENEOS EneJet,新津インターSS,
Suica,C8,AC857,ローソン,H溜池山王店,
Suica,C8,AC858,ローソン,H溜池山王店,
Suica,C8,ACD72,セブン銀行,セブン‐イレブン 福生西口店 共同出張所,
Suica,C8,ACD83,セブン銀行,セブン‐イレブン 平塚西口店 共同出張所,
Suica,C8,ACD84,セブン銀行,セブン‐イレブン 平塚西口店 共同出張所,
Suica,C8,ACD91,セブン銀行,セブン‐イレブン 城前店 共同出張所,
Suica,C8,ACF75,セブン銀行,セブン‐イレブン 鎌倉深沢店 共同出張所,
Suica,C8,AD020,セブン銀行,セブン‐イレブン 新潟有明店 共同出張所,
Suica,C8,AD02B,セブン銀行,セブン‐イレブン 会津米代店 共同出張所,
Suica,C8,AD086,セブン銀行,セブン‐イレブン 葛飾高砂2丁目店 共同出張所,
Suica,C8,AD1DB,セブン銀行,セブン‐イレブン 気仙沼神山店 共同出張所,
Suica,C8,AD20E,セブン銀行,セブン‐イレブン 郡山安積町店 共同出張所,
Suica,C8,AD241,セブン銀行,セブン‐イレブン 河南前谷地店 共同出張所,
Suica,C8,AD275,セブン銀行,セブン‐イレブン 青梅駅前店 共同出張所,
Suica,C8,AD28E,セブン銀行,セブン‐イレブン 白根大通黄金店 共同出張所,
Suica,C8,AD28F,セブン銀行,セブン‐イレブン 白根大通黄金店 共同出張所,
Suica,C8,AD2A3,セブン銀行,セブン‐イレブン 糸魚川中央店 共同出張所,
Suica,C8,AD2E3,セブン銀行,セブン‐イレブン 新潟泰平橋店 共同出張所,
Suica,C8,AD2E4,セブン銀行,セブン‐イレブン 新潟泰平橋店 共同出張所,
Suica,C8,AD303,セブン銀行,セブン‐イレブン 会津山見町店 共同出張所,
Suica,C8,AD389,セブン銀行,セブン‐イレブン 会津広田店 共同出張所,
Suica,C8,AD394,セブン銀行,セブン‐イレブン 小作駅東口店 共同出張所,
Suica,C8,AD395,セブン銀行,セブン‐イレブン 小作駅東口店 共同出張所,
Suica,C8,AD3AF,セブン銀行,セブン‐イレブン 五泉論瀬店 共同出張所,
Suica,C8,AD466,セブン銀行,セブン‐イレブン 品川南大井3丁目店 共同出張所,
Suica,C8,AD490,セブン銀行,セブン‐イレブン 郡山駅前店 共同出張所,
Suica,C8,AD491,セブン銀行,セブン‐イレブン 郡山駅前店 共同出張所,
Suica,C8,AD4D6,セブン銀行,セブン‐イレブン 豊栄駅北店 共同出張所,
Suica,C8,AD4D7,セブン銀行,セブン‐イレブン 豊栄駅北店 共同出張所,
Suica,C8,AD555,セブン銀行,セブン‐イレブン 日本橋人形町3丁目店 共同出張所,
Suica,C8,AD55E,セブン銀行,セブン‐イレブン 天童駅西4丁目店 共同出張所,
Suica,C8,AD597,セブン銀行,セブン‐イレブン 新潟新通店 共同出張所,
Suica,C8,AD598,セブン銀行,セブン‐イレブン 新潟新通店 共同出張所,
Suica,C8,AD63B,セブン銀行,セブン‐イレブン いわき郷ヶ丘2丁目店 共同出張所,
Suica,C8,AD654,セブン銀行,セブン‐イレブン 中央区佃2丁目店 共同出張所,
Suica,C8,AD672,セブン銀行,セブン‐イレブン 新潟曽川店 共同出張所,
Suica,C8,AD676,セブン銀行,セブン‐イレブン 聖籠諏訪山店 共同出張所,
Suica,C8,AD677,セブン銀行,セブン‐イレブン 聖籠諏訪山店 共同出張所,
Suica,C8,AD67D,セブン銀行,セブン‐イレブン 古川駅南3丁目店 共同出張所,
Suica,C8,AD6BC,セブン銀行,セブン‐イレブン 新潟弁天1丁目店 共同出張所,
Suica,C8,AD6D4,セブン銀行,セブン‐イレブン 会津坂下松ノ目店 共同出張所,
Suica,C8,AD701,セブン銀行,セブン‐イレブン 東根蟹沢店 共同出張所,
Suica,C8,AD74F,セブン銀行,セブン‐イレブン 青梅河辺駅南口店 共同出張所,
Suica,C8,AD7D1,セブン銀行,セブン‐イレブン 新潟濁川インター店 共同出張所,
Suica,C8,AD7D2,セブン銀行,セブン‐イレブン 新潟濁川インター店 共同出張所,
Suica,C8,AD85E,セブン銀行,セブン‐イレブン 新潟松崎店 共同出張所,
Suica,C8,AD85F,セブン銀行,セブン‐イレブン 新潟松崎店 共同出張所,
Suica,C8,AD862,セブン銀行,セブン‐イレブン 熊谷駅東通り店 共同出張所,
Suica,C8,AD890,セブン銀行,セブン‐イレブン 長岡堤町店 共同出張所,
Suica,C8,AD8B7,セブン銀行,セブン‐イレブン 河辺駅北口店 共同出張所,
Suica,C8,AD8B8,セブン銀行,セブン‐イレブン 河辺駅北口店 共同出張所,
Suica,C8,AD8E8,セブン銀行,セブン‐イレブン 石巻貞山1丁目店 共同出張所,
Suica,C8,AD910,セブン銀行,セブン‐イレブン 燕三条駅前店 共同出張所,
Suica,C8,AD911,セブン銀行,セブン‐イレブン 燕三条駅前店 共同出張所,
Suica,C8,AD945,セブン銀行,セブン‐イレブン 横浜泉上飯田店 共同出張所,
Suica,C8,AD946,セブン銀行,セブン‐イレブン 横浜泉上飯田店 共同出張所,
Suica,C8,AD982,セブン銀行,セブン‐イレブン 新潟東堀通6番町店 共同出張所,
Suica,C8,AD983,セブン銀行,セブン‐イレブン 新潟東堀通6番町店 共同出張所,
Suica,C8,AD9AC,セブン銀行,セブン‐イレブン 熊谷宮前町2丁目店 共同出張所,
Suica,C8,AD9F5,セブン銀行,セブン‐イレブン 新潟天神店 共同出張所,
Suica,C8,ADA21,セブン銀行,セブン‐イレブン 岩沼梶橋店 共同出張所,
Suica,C8,ADA90,セブン銀行,セブン‐イレブン 新潟小新4丁目店 共同出張所,
Suica,C8,ADA91,セブン銀行,セブン‐イレブン 新潟小新4丁目店 共同出張所,
Suica,C8,ADAAB,セブン銀行,セブン‐イレブン 南品川3丁目店 共同出張所,
Suica,C8,ADAC4,セブン銀行,セブン‐イレブン 新潟鯵潟店 共同出張所,
Suica,C8,ADAC5,セブン銀行,セブン‐イレブン 新潟鯵潟店 共同出張所,
Suica,C8,ADAF5,セブン銀行,セブン‐イレブン 会津馬場町店 共同出張所,
Suica,C8,ADB69,セブン銀行,セブン‐イレブン 会津白虎町店 共同出張所,
Suica,C8,ADB8B,セブン銀行,セブン‐イレブン 巣鴨駅北口店 共同出張所,
Suica,C8,ADC76,セブン銀行,セブン‐イレブン 燕南7丁目店 共同出張所,
Suica,C8,ADC77,セブン銀行,セブン‐イレブン 燕南7丁目店 共同出張所,
Suica,C8,ADCC8,セブン銀行,セブン‐イレブン 新潟竜が島1丁目店 共同出張所,
Suica,C8,ADCED,セブン銀行,セブン‐イレブン 新潟黒埼インター店 共同出張所,
Suica,C8,ADCF5,セブン銀行,セブン‐イレブン 日本橋本町1丁目店 共同出張所,
Suica,C8,ADD73,セブン銀行,セブン‐イレブン 寒河江島店 共同出張所,
Suica,C8,ADD91,セブン銀行,セブン‐イレブン 新潟駅前店 共同出張所,
Suica,C8,ADD92,セブン銀行,セブン‐イレブン 新潟駅前店 共同出張所,
Suica,C8,ADDB3,セブン銀行,セブン‐イレブン 平塚駅北口店 共同出張所,
Suica,C8,ADDB4,セブン銀行,セブン‐イレブン 平塚駅北口店 共同出張所,
Suica,C8,ADDE8,セブン銀行,セブン‐イレブン 聖籠蓮野インター店 共同出張所,
Suica,C8,ADE4C,セブン銀行,セブン‐イレブン 天童鎌田本町2丁目店 共同出張所,
Suica,C8,ADE6C,セブン銀行,セブン‐イレブン 新潟水島町店 共同出張所,
Suica,C8,ADE6D,セブン銀行,セブン‐イレブン 新潟水島町店 共同出張所,
Suica,C8,ADE78,セブン銀行,セブン‐イレブン 豊島南大塚1丁目店 共同出張所,
Suica,C8,ADE79,セブン銀行,セブン‐イレブン 豊島南大塚1丁目店 共同出張所,
Suica,C8,ADE98,セブン銀行,セブン‐イレブン あきる野市役所前店 共同出張所,
Suica,C8,ADF5F,セブン銀行,セブン‐イレブン 新潟小針藤山店 共同出張所,
Suica,C8,AE027,セブン銀行,セブン‐イレブン 新潟向陽2丁目店 共同出張所,
Suica,C8,AE028,セブン銀行,セブン‐イレブン 新潟向陽2丁目店 共同出張所,
Suica,C8,AE029,セブン銀行,セブン‐イレブン 妙高関川町店 共同出張所,
Suica,C8,AE04C,セブン銀行,セブン‐イレブン 新潟滝谷町店 共同出張所,
Suica,C8,AE04D,セブン銀行,セブン‐イレブン 新潟滝谷町店 共同出張所,
Suica,C8,AE05A,セブン銀行,セブン‐イレブン 盛岡大通3丁目店 共同出張所,
Suica,C8,AE05B,セブン銀行,セブン‐イレブン 盛岡大通3丁目店 共同出張所,
Suica,C8,AE06A,セブン銀行,セブン‐イレブン 新潟城所インター店 共同出張所,
Suica,C8,AE098,セブン銀行,セブン‐イレブン 北上諏訪町2丁目店 共同出張所,
Suica,C8,AE0AB,セブン銀行,セブン‐イレブン 新潟神道寺店 共同出張所,
Suica,C8,AE0AC,セブン銀行,セブン‐イレブン 新潟神道寺店 共同出張所,
Suica,C8,AE0AD,セブン銀行,セブン‐イレブン 会津東栄町店 共同出張所,
Suica,C8,AE0D9,セブン銀行,セブン‐イレブン 気仙沼バイパス店 共同出張所,
Suica,C8,AE125,セブン銀行,セブン‐イレブン 新潟競馬場前店 共同出張所,
Suica,C8,AE126,セブン銀行,セブン‐イレブン 新潟競馬場前店 共同出張所,
Suica,C8,AE229,セブン銀行,セブン‐イレブン 新潟太夫浜店 共同出張所,
Suica,C8,AE267,セブン銀行,セブン‐イレブン 会津門田日吉店 共同出張所,
Suica,C8,AE277,セブン銀行,セブン‐イレブン 新潟上新栄町店 共同出張所,
Suica,C8,AE2A2,セブン銀行,セブン‐イレブン 仙台熊ヶ根店 共同出張所,
Suica,C8,AE2CA,セブン銀行,セブン‐イレブン 新潟東港店 共同出張所,
Suica,C8,AE2F2,セブン銀行,セブン‐イレブン 燕井土巻店 共同出張所,
Suica,C8,AE2F3,セブン銀行,セブン‐イレブン 燕井土巻店 共同出張所,
Suica,C8,AE33E,セブン銀行,セブン‐イレブン 気仙沼長磯店 共同出張所,
Suica,C8,AE37C,セブン銀行,セブン‐イレブン 塩釜駅前通店 共同出張所,
Suica,C8,AE383,セブン銀行,セブン‐イレブン 新潟下木戸2丁目店 共同出張所,
Suica,C8,AE384,セブン銀行,セブン‐イレブン 新潟下木戸2丁目店 共同出張所,
Suica,C8,AE398,セブン銀行,セブン‐イレブン 会津西七日町店 共同出張所,
Suica,C8,AE3BB,セブン銀行,セブン‐イレブン 新潟東出来島店 共同出張所,
Suica,C8,AE3BC,セブン銀行,セブン‐イレブン 新潟東出来島店 共同出張所,
Suica,C8,AE3C2,セブン銀行,セブン‐イレブン 山形駅西口店 共同出張所,
Suica,C8,AE3F5,セブン銀行,セブン‐イレブン 南仙台駅前店 共同出張所,
Suica,C8,AE432,セブン銀行,セブン‐イレブン 新潟竹尾3丁目店 共同出張所,
Suica,C8,AE462,セブン銀行,セブン‐イレブン 新潟山木戸店 共同出張所,
Suica,C8,AE4B9,セブン銀行,セブン‐イレブン 新潟弁天橋店 共同出張所,
Suica,C8,AE4BA,セブン銀行,セブン‐イレブン 新潟弁天橋店 共同出張所,
Suica,C8,AE4D1,セブン銀行,セブン‐イレブン 東根若木店 共同出張所,
Suica,C8,AE4F5,セブン銀行,セブン‐イレブン 高崎九蔵町店 共同出張所,
Suica,C8,AE4FC,セブン銀行,セブン‐イレブン 厚木旭町5丁目店 共同出張所,
Suica,C8,AE524,セブン銀行,セブン‐イレブン 新潟神谷内店 共同出張所,
Suica,C8,AE609,セブン銀行,セブン‐イレブン 新潟寄居町店 共同出張所,
Suica,C8,AE60A,セブン銀行,セブン‐イレブン 五泉東本町店 共同出張所,
Suica,C8,AE60B,セブン銀行,セブン‐イレブン 五泉東本町店 共同出張所,
Suica,C8,AE63E,セブン銀行,セブン‐イレブン 聖籠網代浜店 共同出張所,
Suica,C8,AE648,セブン銀行,セブン‐イレブン 長岡表町店 共同出張所,
Suica,C8,AE649,セブン銀行,セブン‐イレブン 長岡表町店 共同出張所,
Suica,C8,AE690,セブン銀行,セブン‐イレブン 平塚八重咲町店 共同出張所,
Suica,C8,AE6BB,セブン銀行,セブン‐イレブン 上越川原町店 共同出張所,
Suica,C8,AE6C6,セブン銀行,セブン‐イレブン 鴻巣南1丁目店 共同出張所,
Suica,C8,AE6FF,セブン銀行,セブン‐イレブン 福島栄町店 共同出張所,
Suica,C8,AE700,セブン銀行,セブン‐イレブン 福島栄町店 共同出張所,
Suica,C8,AE70C,セブン銀行,セブン‐イレブン 新潟幸西店 共同出張所,
Suica,C8,AE70D,セブン銀行,セブン‐イレブン 新潟幸西店 共同出張所,
Suica,C8,AE728,セブン銀行,セブン‐イレブン 横浜泉桂坂店 共同出張所,
Suica,C8,AE75C,セブン銀行,セブン‐イレブン 新潟駅CoCoLo西館店 共同出張所,
Suica,C8,AE75D,セブン銀行,セブン‐イレブン 新潟駅CoCoLo西館店 共同出張所,
Suica,C8,AE7E6,セブン銀行,セブン‐イレブン 秋川駅東店 共同出張所,
Suica,C8,AE7FC,セブン銀行,セブン‐イレブン 新潟浜谷町店 共同出張所,
Suica,C8,AE7FD,セブン銀行,セブン‐イレブン 新潟浜谷町店 共同出張所,
Suica,C8,AE80E,セブン銀行,セブン‐イレブン 郡山八木橋店 共同出張所,
Suica,C8,AE815,セブン銀行,セブン‐イレブン 月島駅前店 共同出張所,
Suica,C8,AE816,セブン銀行,セブン‐イレブン 月島駅前店 共同出張所,
Suica,C8,AE864,セブン銀行,セブン‐イレブン 気仙沼東新城3丁目店 共同出張所,
Suica,C8,AE879,セブン銀行,セブン‐イレブン 仙台あおば通店 共同出張所,
Suica,C8,AE87A,セブン銀行,セブン‐イレブン 仙台あおば通店 共同出張所,
Suica,C8,AE8A3,セブン銀行,セブン‐イレブン ゆりかもめ豊洲駅店 共同出張所,
Suica,C8,AE915,セブン銀行,セブン‐イレブン 山形宮町2丁目店 共同出張所,
Suica,C8,AE982,セブン銀行,セブン‐イレブン 一関城内店 共同出張所,
Suica,C8,AE9BF,セブン銀行,セブン‐イレブン 新潟木崎店 共同出張所,
Suica,C8,AEA44,セブン銀行,セブン‐イレブン 秋田土崎港北7丁目店 共同出張所,
Suica,C8,AEA47,セブン銀行,セブン‐イレブン 村上南町店 共同出張所,
Suica,C8,AEA48,セブン銀行,セブン‐イレブン 村上山居町店 共同出張所,
Suica,C8,AEAA9,セブン銀行,セブン‐イレブン 古川李埣店 共同出張所,
Suica,C8,AEB26,セブン銀行,セブン‐イレブン 八幡平野駄店 共同出張所,
Suica,C8,AEB3E,セブン銀行,セブン‐イレブン 勝どき5丁目店 共同出張所,
Suica,C8,AEB6D,セブン銀行,セブン‐イレブン 気仙沼松崎店 共同出張所,
Suica,C8,AEB90,セブン銀行,セブン‐イレブン 郡山日出山1丁目店 共同出張所,
Suica,C8,AEBCA,セブン銀行,セブン‐イレブン しながわ水族館西店 共同出張所,
Suica,C8,AEBDB,セブン銀行,セブン‐イレブン 陸前高田アップルロード店 共同出張所,
Suica,C8,AEC4B,セブン銀行,セブン‐イレブン いわき久之浜店 共同出張所,
Suica,C8,AEC53,セブン銀行,セブン‐イレブン 新潟秋葉通店 共同出張所,
Suica,C8,AEC67,セブン銀行,セブン‐イレブン 相模原上溝3丁目店 共同出張所,
Suica,C8,AEC70,セブン銀行,セブン‐イレブン 北区赤羽1丁目北店 共同出張所,
Suica,C8,AEC8E,セブン銀行,セブン‐イレブン 柏崎四谷3丁目店 共同出張所,
Suica,C8,AECFB,セブン銀行,セブン‐イレブン 新潟平島2丁目店 共同出張所,
Suica,C8,AED55,セブン銀行,セブン‐イレブン 三沢中央町4丁目店 共同出張所,
Suica,C8,AEDAE,セブン銀行,セブン‐イレブン 花泉堺田店 共同出張所,
Suica,C8,AEE2F,セブン銀行,セブン‐イレブン 北本駅西口店 共同出張所,
Suica,C8,AEE38,セブン銀行,セブン‐イレブン 厚木旭町西店 共同出張所,
Suica,C8,AEE78,セブン銀行,セブン‐イレブン 東根神町中央2丁目店 共同出張所,
Suica,C8,AEE94,セブン銀行,セブン‐イレブン 新潟小針1丁目店 共同出張所,
Suica,C8,AEEE7,セブン銀行,セブン‐イレブン 弘前ショッピングプラザシティ店 共同出張所,
Suica,C8,AEF1C,セブン銀行,セブン‐イレブン 上越大和店 共同出張所,
Suica,C8,AEF1E,セブン銀行,セブン‐イレブン 中越栄善久寺店 共同出張所,
Suica,C8,AEF4B,セブン銀行,セブン‐イレブン 新潟卸新町1丁目店 共同出張所,
Suica,C8,AEF4C,セブン銀行,セブン‐イレブン 新潟卸新町1丁目店 共同出張所,
Suica,C8,AEF4D,セブン銀行,セブン‐イレブン 新潟鳥屋野2丁目店 共同出張所,
Suica,C8,AEF4E,セブン銀行,セブン‐イレブン 新潟鳥屋野2丁目店 共同出張所,
Suica,C8,AEF61,セブン銀行,セブン‐イレブン おおつち御社地店 共同出張所,
Suica,C8,AEF80,セブン銀行,セブン‐イレブン 有楽町駅前店 共同出張所,
Suica,C8,AEFCD,セブン銀行,セブン‐イレブン 青森古川1丁目店 共同出張所,
Suica,C8,AEFFB,セブン銀行,セブン‐イレブン 大崎市役所前店 共同出張所,
Suica,C8,AF016,セブン銀行,セブン‐イレブン 気仙沼鹿折店 共同出張所,
Suica,C8,AF03C,セブン銀行,セブン‐イレブン 富士川鰍沢口店 共同出張所,
Suica,C8,AF055,セブン銀行,セブン‐イレブン 八戸高岩店 共同出張所,
Suica,C8,AF059,セブン銀行,セブン‐イレブン 奥州水沢大町店 共同出張所,
Suica,C8,AF086,セブン銀行,セブン‐イレブン 三沢下久保1丁目店 共同出張所,
Suica,C8,AF087,セブン銀行,セブン‐イレブン 喜多方前田店 共同出張所,
Suica,C8,AF0EB,セブン銀行,セブン‐イレブン 新潟信濃町店 共同出張所,
Suica,C8,AF11B,セブン銀行,セブン‐イレブン 青い森公園店 共同出張所,
Suica,C8,AF1A6,セブン銀行,セブン‐イレブン 八戸市庁前店 共同出張所,
Suica,C8,AF1A9,セブン銀行,セブン‐イレブン 大船渡盛町店 共同出張所,
Suica,C8,AF1C1,セブン銀行,セブン‐イレブン 新発田カルチャーセンター前店 共同出張所,
Suica,C8,AF1C2,セブン銀行,セブン‐イレブン 新発田カルチャーセンター前店 共同出張所,
Suica,C8,AF1D7,セブン銀行,セブン‐イレブン 新潟新和1丁目店 共同出張所,
Suica,C8,AF1D8,セブン銀行,セブン‐イレブン 新潟新和1丁目店 共同出張所,
Suica,C8,AF225,セブン銀行,セブン‐イレブン 金ケ崎バイパス店 共同出張所,
Suica,C8,AF2E7,セブン銀行,セブン‐イレブン 気仙沼松崎片浜店 共同出張所,
Suica,C8,AF2F9,セブン銀行,セブン‐イレブン 新潟山木戸7丁目店 共同出張所,
Suica,C8,AF33A,セブン銀行,セブン‐イレブン 新潟女池店 共同出張所,
Suica,C8,AF33B,セブン銀行,セブン‐イレブン 新潟女池店 共同出張所,
Suica,C8,AF345,セブン銀行,セブン‐イレブン 新潟鐘木店 共同出張所,
Suica,C8,AF39B,セブン銀行,セブン‐イレブン 道の駅米沢店 共同出張所,
Suica,C8,AF3E0,セブン銀行,セブン‐イレブン 十日町高山店 共同出張所,
Suica,C8,AF3E5,セブン銀行,セブン‐イレブン 新潟スタジアム前店 共同出張所,
Suica,C8,AF3EA,セブン銀行,セブン‐イレブン さいたま宮原2丁目店 共同出張所,
Suica,C8,AF429,セブン銀行,セブン‐イレブン 弘前城東中央4丁目店 共同出張所,
Suica,C8,AF43F,セブン銀行,セブン‐イレブン 新潟浜町店 共同出張所,
Suica,C8,AF447,セブン銀行,セブン‐イレブン 魚沼小出病院前店 共同出張所,
Suica,C8,AF466,セブン銀行,セブン‐イレブン 会津山鹿町店 共同出張所,
Suica,C8,AF487,セブン銀行,セブン‐イレブン 弘前外崎店 共同出張所,
Suica,C8,AF497,セブン銀行,セブン‐イレブン 新潟曽和インター店 共同出張所,
Suica,C8,AF498,セブン銀行,セブン‐イレブン 新潟曽和インター店 共同出張所,
Suica,C8,AF4B5,セブン銀行,セブン‐イレブン おおつち吉里吉里店 共同出張所,
Suica,C8,AF4FC,セブン銀行,セブン‐イレブン 新潟住吉町店 共同出張所,
Suica,C8,AF4FD,セブン銀行,セブン‐イレブン 小千谷平沢店 共同出張所,
Suica,C8,AF504,セブン銀行,セブン‐イレブン 石岡杉並4丁目店 共同出張所,
Suica,C8,AF50A,セブン銀行,セブン‐イレブン 越谷瓦曽根店 共同出張所,
Suica,C8,AF50F,セブン銀行,セブン‐イレブン 気仙沼大橋店 共同出張所,
Suica,C8,AF51F,セブン銀行,セブン‐イレブン 秋田セリオンタワー前店 共同出張所,
Suica,C8,AF524,セブン銀行,セブン‐イレブン 新潟NEXT21店 共同出張所,
Suica,C8,AF565,セブン銀行,セブン‐イレブン 八戸一番町店 共同出張所,
Suica,C8,AF580,セブン銀行,セブン‐イレブン 糸魚川上刈店 共同出張所,
Suica,C8,AF588,セブン銀行,セブン‐イレブン 青森浜館1丁目店 共同出張所,
Suica,C8,AF5A2,セブン銀行,セブン‐イレブン さいたま吉敷町4丁目店 共同出張所,
Suica,C8,AF5BE,セブン銀行,セブン‐イレブン 仙台マーブルロード店 共同出張所,
Suica,C8,AF5BF,セブン銀行,セブン‐イレブン 仙台マーブルロード店 共同出張所,
Suica,C8,AF5D9,セブン銀行,セブン‐イレブン 新潟寺尾台2丁目店 共同出張所,
Suica,C8,AF5DA,セブン銀行,セブン‐イレブン 新潟寺尾台2丁目店 共同出張所,
Suica,C8,AF628,セブン銀行,セブン‐イレブン 陸前高田馬場前店 共同出張所,
Suica,C8,AF635,セブン銀行,セブン‐イレブン 熊谷駅南口店 共同出張所,
Suica,C8,AF636,セブン銀行,セブン‐イレブン 熊谷駅南口店 共同出張所,
Suica,C8,AF63C,セブン銀行,セブン‐イレブン 新潟本町通店 共同出張所,
Suica,C8,AF64E,セブン銀行,セブン‐イレブン 北秋田鷹巣店 共同出張所,
Suica,C8,AF64F,セブン銀行,セブン‐イレブン 青森新町1丁目店 共同出張所,
Suica,C8,AF65C,セブン銀行,セブン‐イレブン 石巻鋳銭場店 共同出張所,
Suica,C8,AF796,セブン銀行,BILLBOARD PLACE 共同出張所,
Suica,C8,AF7BA,セブン銀行,スーパーセンタープラント 聖籠店 共同出張所,
Suica,C8,AF80D,セブン銀行,コメリ パワー河渡店 共同出張所,
Suica,C8,AF80F,セブン銀行,コメリ パワー新津店 共同出張所,
Suica,C8,AF82D,セブン銀行,仙台パルコ 共同出張所,
Suica,C8,AF838,セブン銀行,チャレンジャー 赤道店 共同出張所,
Suica,C8,AF83E,セブン銀行,CoCoLo長岡 共同出張所,
Suica,C8,AF83F,セブン銀行,CoCoLo長岡 共同出張所,
Suica,C8,AF87B,セブン銀行,ラブラ2 共同出張所,
Suica,C8,AF8D6,セブン銀行,タイトーステーション 新宿東口店 共同出張所,
Suica,C8,AF8FE,セブン銀行,CoCoLo新潟 共同出張所,
Suica,C8,AF8FF,セブン銀行,CoCoLo新潟 共同出張所,
Suica,C8,AF976,セブン銀行,エスパル仙台 共同出張所,
Suica,C8,AF991,セブン銀行,万代シテイバスセンター 共同出張所,
Suica,C8,AF9C5,セブン銀行,東京メトロ 半蔵門線 大手町駅 共同出張所,
Suica,C8,AFA31,セブン銀行,東京臨海高速鉄道 りんかい線 新木場駅 共同出張所,
Suica,C8,AFA54,セブン銀行,仙台市地下鉄 南北線 広瀬通駅 共同出張所,
Suica,C8,AFA90,セブン銀行,都営地下鉄 大江戸線 門前仲町駅 共同出張所,
Suica,C8,AFAB9,セブン銀行,関越自動車道 高坂サービスエリア 下り 共同出張所,
Suica,C8,AFAC6,セブン銀行,東北自動車道 安達太良サービスエリア 下り 共同出張所,
Suica,C8,AFB25,セブン銀行,AER 共同出張所,
Suica,C8,AFBC8,セブン銀行,セブン‐イレブン 加茂本町店 共同出張所,
Suica,C8,AFBC9,セブン銀行,セブン‐イレブン 加茂本町店 共同出張所,
Suica,C8,AFC14,セブン銀行,セブン‐イレブン 郡山駅前アーケード店 共同出張所,
Suica,C8,AFC1D,セブン銀行,エスパル山形 共同出張所,
Suica,C8,AFC33,セブン銀行,セブン‐イレブン 木更津畑沢南5丁目店 共同出張所,
Suica,C8,AFC37,セブン銀行,セブン‐イレブン 志津川十日町店 共同出張所,
Suica,C8,AFC3B,セブン銀行,セブン‐イレブン DR国際展示場駅前店 共同出張所,
Suica,C8,AFC43,セブン銀行,セブン‐イレブン 新潟神谷内店 共同出張所,
Suica,C8,AFC7A,セブン銀行,セブン‐イレブン 新潟上新栄町店 共同出張所,
Suica,C8,AFC88,セブン銀行,セブン‐イレブン 二戸石切所店 共同出張所,
Suica,C8,AFCA3,セブン銀行,セブン‐イレブン 新潟古町通4番町店 共同出張所,
Suica,C8,AFCA4,セブン銀行,セブン‐イレブン 新潟古町通4番町店 共同出張所,
Suica,C8,AFCBE,セブン銀行,セブン‐イレブン 新庄泉田店 共同出張所,
Suica,C8,AFCCC,セブン銀行,アプリーズ 共同出張所,
Suica,C8,AFCF2,セブン銀行,セブン‐イレブン 二戸福岡田町店 共同出張所,
Suica,C8,AFCFB,セブン銀行,セブン‐イレブン 人形町駅西店 共同出張所,
Suica,C8,AFD15,セブン銀行,セブン‐イレブン 福島駅前吾妻通店 共同出張所,
Suica,C8,AFD45,セブン銀行,セブン‐イレブン フォンテ秋田店 共同出張所,
Suica,C8,AFD70,セブン銀行,セブン‐イレブン さいたま宮原3丁目店 共同出張所,
Suica,C8,AFD80,セブン銀行,セブン‐イレブン 渋川赤城津久田店 共同出張所,
Suica,C8,AFDF9,セブン銀行,セブン‐イレブン 新潟上所2丁目店 共同出張所,
Suica,C8,AFDFF,セブン銀行,プレイアトレ土浦 共同出張所,
Suica,C8,AFE1C,セブン銀行,セブン‐イレブン 勝どき5丁目店 共同出張所,
Suica,C8,AFE77,セブン銀行,セブン‐イレブン 石巻駅南店 共同出張所,
Suica,C8,AFE89,セブン銀行,アトレヴィ大塚 共同出張所,
Suica,C8,AFF38,セブン銀行,新潟空港 共同出張所,
Suica,C8,AFF3A,セブン銀行,セブン‐イレブン 大和駅西店 共同出張所,
Suica,C8,AFF57,セブン銀行,セブン‐イレブン 長岡北中学校前店 共同出張所,
Suica,C8,AFF60,セブン銀行,セブン‐イレブン 潟上昭和大久保店 共同出張所,
Suica,C8,AFF6F,セブン銀行,セブン‐イレブン 四谷店 共同出張所,
Suica,C8,AFF70,セブン銀行,セブン‐イレブン 四谷店 共同出張所,
Suica,C8,AFFA3,セブン銀行,セブン‐イレブン 新潟曽野木団地店 共同出張所,
Suica,C8,B0053,セブン銀行,セブン‐イレブン 大塚駅北口店 共同出張所,
Suica,C8,B0054,セブン銀行,セブン‐イレブン 大塚駅北口店 共同出張所,
Suica,C8,B0073,セブン銀行,セブン‐イレブン 石巻門脇二番谷地店 共同出張所,
Suica,C8,B0085,セブン銀行,セブン‐イレブン 青森筒井3丁目店 共同出張所,
Suica,C8,B00C5,セブン銀行,セブン‐イレブン 上尾駅西口店 共同出張所,
Suica,C8,B01B9,セブン銀行,セブン‐イレブン 品川シーサイドフォレスト店 共同出張所,
Suica,C8,B01BB,セブン銀行,セブン‐イレブン 北区赤羽1番街店 共同出張所,
Suica,C8,B01F4,セブン銀行,セブン‐イレブン 三沢大町店 共同出張所,
Suica,C8,B022A,セブン銀行,セブン‐イレブン ホテルメトロポリタン秋田店 共同出張所,
Suica,C8,B0260,セブン銀行,セブン‐イレブン 秋田土崎港店 共同出張所,
Suica,C8,B0267,セブン銀行,セブン‐イレブン 新潟競馬場インター南店 共同出張所,
Suica,C8,B0286,セブン銀行,セブン‐イレブン DR山形ダイワロイネットホテル店 共同出張所,
Suica,C8,B02A0,セブン銀行,セブン‐イレブン 気仙沼潮見町店 共同出張所,
Suica,C8,B02B2,セブン銀行,セブン‐イレブン 塩沢石打SA下り店 共同出張所,
Suica,C8,B02CE,セブン銀行,セブン‐イレブン 会津大町1丁目店 共同出張所,
Suica,C8,B02F4,セブン銀行,セブン‐イレブン 大和駅西店 共同出張所,
Suica,C8,B0318,セブン銀行,セブン‐イレブン ROYAL東京ビッグサイト店 共同出張所,
Suica,C8,B0319,セブン銀行,セブン‐イレブン ROYAL東京ビッグサイト店 共同出張所,
Suica,C8,B0324,セブン銀行,セブン‐イレブン 盛岡駅前通店 共同出張所,
Suica,C8,B0361,セブン銀行,セブン‐イレブン 川西町西大塚店 共同出張所,
Suica,C8,B038B,セブン銀行,セブン‐イレブン 伊奈羽貫駅前店 共同出張所,
Suica,C8,B0392,セブン銀行,セブン‐イレブン 大船渡野々田店 共同出張所,
Suica,C8,B03DD,セブン銀行,セブン‐イレブン 青森新町2丁目店 共同出張所,
Suica,C8,B0410,セブン銀行,セブン‐イレブン 大積PA上り店 共同出張所,
Suica,C8,B0411,セブン銀行,セブン‐イレブン 大積PA下り店 共同出張所,
Suica,C8,B041D,セブン銀行,セブン‐イレブン 新潟白山浦2丁目店 共同出張所,
Suica,C8,B0452,セブン銀行,セブン‐イレブン 八戸ゆりの木通り店 共同出張所,
Suica,C8,B0455,セブン銀行,セブン‐イレブン 陸前高田竹駒町店 共同出張所,
Suica,C8,B0463,セブン銀行,セブン‐イレブン 上尾駅西口店 共同出張所,
Suica,C8,B0487,セブン銀行,セブン‐イレブン 有楽町駅前店 共同出張所,
Suica,C8,B04EA,セブン銀行,セブン‐イレブン 陸前高田高田高校前店 共同出張所,
Suica,C8,B0516,セブン銀行,セブン‐イレブン 村山楯岡新町店 共同出張所,
Suica,C8,B05C1,セブン銀行,セブン‐イレブン 気仙沼南町店 共同出張所,
Suica,C8,B05FC,セブン銀行,セブン‐イレブン ヴィアイン赤坂店 共同出張所,
Suica,C8,B0687,セブン銀行,エポスカード ATMコーナー郡山駅前 共同出張所,
Suica,C8,B06C2,セブン銀行,セブン‐イレブン ラビスタ東京ベイ店 共同出張所,
Suica,C8,B06E4,セブン銀行,セブン‐イレブン 新潟新津本町3丁目店 共同出張所,
Suica,C8,B06FF,セブン銀行,セブン‐イレブン 三沢平畑1丁目店 共同出張所,
Suica,C8,B0754,セブン銀行,あおもり旬味館 共同出張所,
Suica,C8,B07AA,セブン銀行,セブン‐イレブン 新潟寺山2丁目店 共同出張所,
Suica,C8,B07AF,セブン銀行,セブン‐イレブン 宮古栄町店 共同出張所,
Suica,C8,B07C8,セブン銀行,セブン‐イレブン 厚木中町4丁目店 共同出張所,
Suica,C8,B07EA,セブン銀行,セブン‐イレブン 田町駅前店 共同出張所,
Suica,C8,B0806,セブン銀行,セブン‐イレブン 石巻大街道南店 共同出張所,
Suica,C8,B0807,セブン銀行,セブン‐イレブン 石巻大街道南店 共同出張所,
Suica,C8,B082F,セブン銀行,セブン‐イレブン 新潟有明大橋町店 共同出張所,
Suica,C8,B084E,セブン銀行,セブン‐イレブン 赤羽岩淵駅前店 共同出張所,
Suica,C8,B0908,セブン銀行,ヨークベニマル 塩釜店 共同出張所,
Suica,C8,B094E,セブン銀行,セブン‐イレブン 藤沢駅南口店 共同出張所,
Suica,C8,B0956,セブン銀行,セブン‐イレブン 晴海店 共同出張所,
Suica,C8,B0A6F,セブン銀行,セブン‐イレブン 三沢南町1丁目店 共同出張所,
Suica,C8,B0A70,セブン銀行,セブン‐イレブン ラスカ平塚店 共同出張所,
Suica,C8,B0AEF,セブン銀行,セブン‐イレブン 藤沢駅南口店 共同出張所,
Suica,C8,B2124,ローソン,新潟万代テレコムビル店,
Suica,C8,B2125,ローソン,新潟万代テレコムビル店,
Suica,C8,B32F1,ローソン,御徒町駅北口店,
Suica,C8,B424C,ローソンストア100,永福町店,
Suica,C8,B44A1,ローソン,新潟東万代町店,
Suica,C8,B44A2,ローソン,新潟東万代町店,
Suica,C8,B49AD,ローソン,太田駅南口店,
Suica,C8,B49AE,ローソン,太田駅南口店,
Suica,C8,B49AF,ローソン,太田駅南口店,
Suica,C8,B4FD9,ローソン,長岡駅大手口店,
Suica,C8,B5101,ローソン・スリーエフ,中野五丁目店,
Suica,C8,B5C7F,ユニクロ,イオンモール水戸内原店,
Suica,C8,B5C80,ユニクロ,イオンモール水戸内原店,
Suica,C8,B5C81,ユニクロ,イオンモール水戸内原店,
Suica,C8,B5C82,ユニクロ,イオンモール水戸内原店,
Suica,C8,B5C83,ユニクロ,イオンモール水戸内原店,
Suica,C8,B5D8D,スギ薬局,赤坂見附店,
Suica,C8,B5EF9,ENEOS EneJet,セルフ白岡店,
Suica,C8,B61AA,ENEOS,Dr.Driveセルフ物見山SS,
Suica,C8,B61AB,ENEOS,Dr.Driveセルフ物見山SS,
Suica,C8,B61AC,ENEOS,Dr.Driveセルフ物見山SS,
Suica,C8,B61AD,ENEOS,Dr.Driveセルフ物見山SS,
Suica,C8,B61AE,ENEOS,Dr.Driveセルフ物見山SS,
Suica,C8,B61AF,ENEOS,Dr.Driveセルフ物見山SS,
Suica,C8,B61D5,ENEOS,セルフ松崎SS,
Suica,C8,B61D6,ENEOS,セルフ松崎SS,
Suica,C8,B61D7,ENEOS,セルフ松崎SS,
Suica,C8,B61D8,ENEOS,セルフ松崎SS,
Suica,C8,B61D9,ENEOS,セルフ松崎SS,
Suica,C8,B61DA,ENEOS,セルフ松崎SS,
Suica,C8,B61DB,ENEOS,セルフ松崎SS,
Suica,C8,B61DC,ENEOS,セルフ松崎SS,
Suica,C8,B718A,ENEOS EneJet,Dr.Drive オブリステーション調布,
Suica,C8,B718B,ENEOS EneJet,Dr.Drive オブリステーション調布,
Suica,C8,B718C,ENEOS EneJet,Dr.Drive オブリステーション調布,
Suica,C8,B718D,ENEOS EneJet,Dr.Drive オブリステーション調布,
Suica,C8,B718E,ENEOS EneJet,Dr.Drive オブリステーション調布,
Suica,C8,B718F,ENEOS EneJet,Dr.Drive オブリステーション調布,
Suica,C8,B7190,ENEOS EneJet,Dr.Drive オブリステーション調布,
Suica,C8,B7191,ENEOS EneJet,Dr.Drive オブリステーション調布,
Suica,C8,B7562,ENEOS,Dr.Driveセルフロードスワン店,
Suica,C8,B7563,ENEOS,Dr.Driveセルフロードスワン店,
Suica,C8,B7564,ENEOS,Dr.Driveセルフロードスワン店,
Suica,C8,B7565,ENEOS,Dr.Driveセルフロードスワン店,
Suica,C8,B7566,ENEOS,Dr.Driveセルフロードスワン店,
Suica,C8,B7567,ENEOS,Dr.Driveセルフロードスワン店,
Suica,C8,B7568,ENEOS,Dr.Driveセルフロードスワン店,
Suica,C8,B7569,ENEOS,Dr.Driveセルフロードスワン店,
Suica,C8,B8B9A,ENEOS,Dr.Driveセルフ女池店,
Suica,C8,B8B9B,ENEOS,Dr.Driveセルフ女池店,
Suica,C8,B8B9C,ENEOS,Dr.Driveセルフ女池店,
Suica,C8,B8B9D,ENEOS,Dr.Driveセルフ女池店,
Suica,C8,B8C4B,ENEOS EneJet,Dr.drive 新通セルフステーションKiss,
Suica,C8,B8C4C,ENEOS EneJet,Dr.drive 新通セルフステーションKiss,
Suica,C8,B8C4D,ENEOS EneJet,Dr.drive 新通セルフステーションKiss,
Suica,C8,B8C4E,ENEOS EneJet,Dr.drive 新通セルフステーションKiss,
Suica,C8,B8C4F,ENEOS EneJet,Dr.drive 新通セルフステーションKiss,
Suica,C8,B8C50,ENEOS EneJet,Dr.drive 新通セルフステーションKiss,
Suica,C8,B8C9C,ENEOS EneJet,Dr.Driveセルフ青山店,
Suica,C8,B8C9D,ENEOS EneJet,Dr.Driveセルフ青山店,
Suica,C8,B8C9E,ENEOS EneJet,Dr.Driveセルフ青山店,
Suica,C8,B8C9F,ENEOS EneJet,Dr.Driveセルフ青山店,
Suica,C8,B8CA0,ENEOS EneJet,Dr.Driveセルフ青山店,
Suica,C8,B8CA1,ENEOS EneJet,Dr.Driveセルフ青山店,
Suica,C8,B8CA2,ENEOS EneJet,Dr.Driveセルフ青山店,
Suica,C8,B8CA3,ENEOS EneJet,Dr.Driveセルフ青山店,
Suica,C8,B8CA4,ENEOS EneJet,Dr.Driveセルフ青山店,
Suica,C8,B8CA5,ENEOS EneJet,Dr.Driveセルフ青山店,
Suica,C8,B8CCC,ENEOS,Dr.Driveセルフ岡山店,
Suica,C8,B8CCD,ENEOS,Dr.Driveセルフ岡山店,
Suica,C8,B8CCE,ENEOS,Dr.Driveセルフ岡山店,
Suica,C8,B8CCF,ENEOS,Dr.Driveセルフ岡山店,
Suica,C8,B8CD0,ENEOS,Dr.Driveセルフ岡山店,
Suica,C8,B8CD1,ENEOS,Dr.Driveセルフ岡山店,
Suica,C8,B8CD2,ENEOS,Dr.Driveセルフ岡山店,
Suica,C8,B8CD3,ENEOS,Dr.Driveセルフ岡山店,
Suica,C8,B8CD4,ENEOS,Dr.Driveセルフ岡山店,
Suica,C8,B8CD5,ENEOS,Dr.Driveセルフ岡山店,
Suica,C8,B91EA,ENEOS,7号線豊栄インターSS,
Suica,C8,B972E,スギ薬局,九段下店,
Suica,C8,BA01E,モスバーガー,山形七日町店,
Suica,C8,BA04E,モスバーガー,山形駅前大通り店,
Suica,C8,BA2AF,タイムズ,千歳烏山駅前第3,
Suica,C8,BA633,モスバーガー,目黒大鳥神社前店,
Suica,C8,BA63D,モスバーガー,さくらんぼ東根駅前店,
Suica,C8,BA6C4,ユニクロ,水戸元吉田店,
Suica,C8,BA7F1,ナチュラルローソン,渋谷神泉町店,
Suica,C8,BA919,ローソン,虎ノ門一丁目店,
Suica,C8,BA91A,ローソン,虎ノ門一丁目店,
Suica,C8,BA95A,ローソン,川崎アゼリア店,
Suica,C8,BA95B,ローソン,川崎アゼリア店,
Suica,C8,BA95C,ローソン,川崎アゼリア店,
Suica,C8,BA95D,ローソン,川崎アゼリア店,
Suica,C8,BA9D8,ローソン,新白河二丁目店,
Suica,C8,BA9E0,ローソン,酒田若浜町店,
Suica,C8,BAA01,ローソン,南藤沢店,
Suica,C8,BAA02,ローソン,南藤沢店,
Suica,C8,BAA03,ローソン,南藤沢店,
Suica,C8,BAA0F,ローソン,渋川下郷店,
Suica,C8,BAA10,ローソン,渋川下郷店,
Suica,C8,BAA3B,ローソン,横浜住吉町二丁目店,
Suica,C8,BAA3C,ローソン,横浜住吉町二丁目店,
Suica,C8,BAA3D,ローソン,横浜住吉町二丁目店,
Suica,C8,BAB34,ローソン,南陽市役所前店,
Suica,C8,BAB35,ローソン,南陽市役所前店,
Suica,C8,BAB39,ローソン,青森安方二丁目店,
Suica,C8,BAB3A,ローソン,青森安方二丁目店,
Suica,C8,BABB1,ローソン,大船渡末崎町店,
Suica,C8,BABB2,ローソン,大船渡末崎町店,
Suica,C8,BABB8,ローソン,坂元駅前店,
Suica,C8,BABD9,ローソン,神田神保町白山通り店,
Suica,C8,BABEE,ローソン,小田原北ノ窪店,
Suica,C8,BABEF,ローソン,小田原北ノ窪店,
Suica,C8,BAC55,ローソン,H大森駅北口店,
Suica,C8,BAC56,ローソン,H大森駅北口店,
Suica,C8,BAC57,ローソン,H大森駅北口店,
Suica,C8,BAC58,ローソン,H大森駅北口店,
Suica,C8,BAC62,ローソン,大手町フィナンシャルシティグランキューブ店,
Suica,C8,BAC66,ローソン,青森浪岡店,
Suica,C8,BAC67,ローソン,青森浪岡店,
Suica,C8,BAC75,ローソン,二戸福岡店,
Suica,C8,BAC76,ローソン,二戸福岡店,
Suica,C8,BACBE,ローソン,JRさいたま新都心ビル店,
Suica,C8,BAD1B,ローソン,村山楯岡五日町店,
Suica,C8,BAD1C,ローソン,村山楯岡五日町店,
Suica,C8,BAD1F,ローソン,三沢緑町一丁目店,
Suica,C8,BAD20,ローソン,三沢緑町一丁目店,
Suica,C8,BAD27,ローソン,気仙沼みなと町店,
Suica,C8,BAD28,ローソン,気仙沼みなと町店,
Suica,C8,BAD2B,ローソン,北上大通り二丁目店,
Suica,C8,BADA8,ローソンストア100,雑色店,
Suica,C8,BADA9,ローソンストア100,雑色店,
Suica,C8,BAE28,ローソン,立川相互病院店,
Suica,C8,BAE3E,ローソン,藤沢駅南口店,
Suica,C8,BAE3F,ローソン,藤沢駅南口店,
Suica,C8,BAE40,ローソン,藤沢駅南口店,
Suica,C8,BAEB7,ローソン,金沢八景駅前店,
Suica,C8,BAEB8,ローソン,金沢八景駅前店,
Suica,C8,BAECC,ローソン,泪橋店,
Suica,C8,BAECD,ローソン,泪橋店,
Suica,C8,BAF26,ローソン,尾花沢芦沢店,
Suica,C8,BAF27,ローソン,尾花沢芦沢店,
Suica,C8,BAF35,ローソン,蔵王成沢店,
Suica,C8,BAF36,ローソン,蔵王成沢店,
Suica,C8,BAF4D,ローソン,青森新町通り店,
Suica,C8,BAF4E,ローソン,青森新町通り店,
Suica,C8,BAF54,ローソン,久慈二十八日町店,
Suica,C8,BAF5C,ローソン,横浜南幸二丁目店,
Suica,C8,BAF5D,ローソン,横浜南幸二丁目店,
Suica,C8,BB052,ローソン,岩手野田店,
Suica,C8,BB053,ローソン,岩手野田店,
Suica,C8,BB0AE,ローソン,西新橋愛宕下通店,
Suica,C8,BB137,ローソン,仙台六丁の目西町店,
Suica,C8,BB138,ローソン,仙台六丁の目西町店,
Suica,C8,BB14A,ローソン,箱根湯本店,
Suica,C8,BB14B,ローソン,箱根湯本店,
Suica,C8,BB19B,ローソン,西山和田店,
Suica,C8,BB1C5,ローソン・スリーエフ,浅草橋店,
Suica,C8,BB1C6,ローソン・スリーエフ,浅草橋店,
Suica,C8,BB1C7,ローソン・スリーエフ,浅草橋店,
Suica,C8,BB1FE,ローソン・スリーエフ,大森東一丁目店,
Suica,C8,BB1FF,ローソン・スリーエフ,大森東一丁目店,
Suica,C8,BB30A,ローソン,岩手医大病院店,
Suica,C8,BB30B,ローソン,岩手医大病院店,
Suica,C8,BB30C,ローソン,岩手医大病院店,
Suica,C8,BB30D,ローソン,岩手医大病院店,
Suica,C8,BB30E,ローソン,江東潮見一丁目店,
Suica,C8,BB30F,ローソン,江東潮見一丁目店,
Suica,C8,BB314,JPローソン,大手町プレイス2F店,
Suica,C8,BB32B,ローソン,平塚駅北口店,
Suica,C8,BB32C,ローソン,平塚駅北口店,
Suica,C8,BB32D,ローソン,平塚駅北口店,
Suica,C8,BB32E,ローソン,平塚駅北口店,
Suica,C8,BB3B4,ローソン,鬼怒川温泉さくら通り店,
Suica,C8,BB3E0,ローソンストア100,福生加美平店,
Suica,C8,BB3E1,ローソンストア100,福生加美平店,
Suica,C8,BB3EA,ローソン+クオール薬局,代々木駅前店,
Suica,C8,BB4BD,ローソン,穴守稲荷店,
Suica,C8,BB4BE,ローソン,穴守稲荷店,
Suica,C8,BB4BF,ローソン,穴守稲荷店,
Suica,C8,BB4DE,ローソン,渋谷鶯谷町店,
Suica,C8,BB4E8,ローソン,上小田中店,
Suica,C8,BB4E9,ローソン,上小田中店,
Suica,C8,BB4EA,ローソン,上小田中店,
Suica,C8,BB4F5,ローソン,天童駅西三丁目店,
Suica,C8,BB4F6,ローソン,天童駅西三丁目店,
Suica,C8,BB513,ローソン,松本井川城店,
Suica,C8,BB546,ローソン,宇都宮東宿郷四丁目店,
Suica,C8,BB548,ローソン,宇都宮東宿郷四丁目店,
Suica,C8,BB56F,ローソン,一関大町店,
Suica,C8,BB570,ローソン,一関大町店,
Suica,C8,BB57B,ローソン,土浦駅東口店,
Suica,C8,BB57C,ローソン,土浦駅東口店,
Suica,C8,BB58D,ローソン,大森海岸駅前店,
Suica,C8,BB58E,ローソン,大森海岸駅前店,
Suica,C8,BB5BE,ローソン,南平台店,
Suica,C8,BB5BF,ローソン,南平台店,
Suica,C8,BB5C0,ローソン,南平台店,
Suica,C8,BB5C1,ローソン,川崎田町店,
Suica,C8,BB5C2,ローソン,川崎田町店,
Suica,C8,BB683,ローソン,千曲桜堂店,
Suica,C8,BB69B,ローソン,羽田空港第一ターミナルノース店,
Suica,C8,BB69C,ローソン,羽田空港第一ターミナルノース店,
Suica,C8,BB69D,ローソン,羽田空港第一ターミナルノース店,
Suica,C8,BB6C1,ローソン,井川さくら駅前店,
Suica,C8,BB6C2,ローソン,井川さくら駅前店,
Suica,C8,BB6CB,ローソン,高田竹駒店,
Suica,C8,BB6CC,ローソン,高田竹駒店,
Suica,C8,BB6D1,ローソン,八戸工業高校通店,
Suica,C8,BB6F8,ローソン,茨城県立中央病院店,
Suica,C8,BB6F9,ローソン,茨城県立中央病院店,
Suica,C8,BB703,ローソン,アパホテル京成成田駅前店,
Suica,C8,BB710,ローソン,盛岡大通店,
Suica,C8,BB711,ローソン,盛岡大通店,
Suica,C8,BB78D,ローソン,気仙沼東八幡前店,
Suica,C8,BB78E,ローソン,気仙沼東八幡前店,
Suica,C8,BB799,ローソン,郡山駅前店,
Suica,C8,BB79A,ローソン,郡山駅前店,
Suica,C8,BB7C9,ローソン,村山駅西口店,
Suica,C8,BB7D3,ローソン,釜石駅前店,
Suica,C8,BB7D4,ローソン,三沢下久保店,
Suica,C8,BB7D5,ローソン,三沢下久保店,
Suica,C8,BB81E,ローソン,新宿センタービル店,
Suica,C8,BB82C,ローソン,大塚駅南口店,
Suica,C8,BB82D,ローソン,大塚駅南口店,
Suica,C8,BB830,ローソン,大森本町一丁目店,
Suica,C8,BB831,ローソン,大森本町一丁目店,
Suica,C8,BB83B,ローソン,岩手千厩店,
Suica,C8,BB83C,ローソン,岩手千厩店,
Suica,C8,BB848,ローソン,宮古神林店,
Suica,C8,BB8B1,ローソン,荻窪駅西南店,
Suica,C8,BB8C0,ローソン,港南中央通り店,
Suica,C8,BB8DE,ナチュラルローソン,渋谷道玄坂一丁目店,
Suica,C8,BB8DF,ナチュラルローソン,渋谷道玄坂一丁目店,
Suica,C8,BB8E0,ナチュラルローソン,渋谷道玄坂一丁目店,
Suica,C8,BB8E2,ナチュラルローソン,渋谷道玄坂一丁目店,
Suica,C8,BB912,ローソン,おいらせ住吉四丁目店,
Suica,C8,BB913,ローソン,おいらせ住吉四丁目店,
Suica,C8,BB928,ナチュラルローソン,大手町フィナンシャルシティノース店,
Suica,C8,BB957,ローソン,本厚木駅北口店,
Suica,C8,BB958,ローソン,本厚木駅北口店,
Suica,C8,BB992,ローソン,秩父上町三丁目店,
Suica,C8,BB993,ローソン,秩父上町三丁目店,
Suica,C8,BB9BA,ナチュラルローソン,千代田三番町店,
Suica,C8,BB9C0,ローソン,羽田空港第3ターミナル店,
Suica,C8,BB9D0,ローソン,秋田仁井田緑町店,
Suica,C8,BB9D1,ローソン,秋田仁井田緑町店,
Suica,C8,BB9D5,ローソン,大館御成町二丁目店,
Suica,C8,BB9D6,ローソン,大館御成町二丁目店,
Suica,C8,BB9D8,ローソン,野辺地町店,
Suica,C8,BBA12,ローソンストア100,川崎砂子一丁目店,
Suica,C8,BBA13,ローソンストア100,川崎砂子一丁目店,
Suica,C8,BBA14,ローソンストア100,川崎砂子一丁目店,
Suica,C8,BBA3A,ローソン,大船渡茶屋前店,
Suica,C8,BBA3B,ローソン,大船渡茶屋前店,
Suica,C8,BBA48,ローソン,立川曙橋店,
Suica,C8,BBA56,ローソン,渋谷ランブリングストリート店,
Suica,C8,BBA57,ローソン,渋谷ランブリングストリート店,
Suica,C8,BBA58,ローソン,渋谷ランブリングストリート店,
Suica,C8,BBA5D,ローソン,H浅草観音店,
Suica,C8,BBAA9,ローソン,宇都宮駅西口店,
Suica,C8,BBAAA,ローソン,宇都宮駅西口店,
Suica,C8,BBAB5,ローソン,勝田駅東口店,
Suica,C8,BBAB6,ローソン,勝田駅東口店,
Suica,C8,BBADB,ローソン,気仙沼田谷店,
Suica,C8,BBADC,ローソン,気仙沼田谷店,
Suica,C8,BBADE,ローソン,五所川原旭町店,
Suica,C8,BBADF,ローソン,五所川原旭町店,
Suica,C8,BBAE4,ローソン,石巻青葉店,
Suica,C8,BBAE5,ローソン,石巻青葉店,
Suica,C8,BBB0E,ローソンストア100,朝霞東弁財一丁目店,
Suica,C8,BBB26,ローソンストア100,船橋大神宮店,
Suica,C8,BBB31,ローソンストア100,松江七丁目店,
Suica,C8,BBB32,ローソンストア100,松江七丁目店,
Suica,C8,BBC63,ローソン,S籠原駅北口店,
Suica,C8,BBCF0,ローソン,郡山熱海店,
Suica,C8,BBCF1,ローソン,郡山熱海店,
Suica,C8,BBD5B,ローソン,渋谷一丁目店,
Suica,C8,BBD65,ローソン・スリーエフ,和光市駅前店,
Suica,C8,BBDE8,ローソン,横浜生麦五丁目店,
Suica,C8,BBDE9,ローソン,横浜生麦五丁目店,
Suica,C8,BBE10,ローソン,むつ下北駅前店,
Suica,C8,BBE91,ローソン,台東浅草一丁目店,
Suica,C8,BBEBD,ローソン,川越西ロータリー前店,
Suica,C8,BBF06,ローソン,笹塚テラス店,
Suica,C8,BBF10,ローソン,金沢幸浦一丁目店,
Suica,C8,BBF11,ローソン,金沢幸浦一丁目店,
Suica,C8,BBF71,ローソン・スリーエフ,京急鶴見駅前店,
Suica,C8,BBF72,ローソン・スリーエフ,京急鶴見駅前店,
Suica,C8,BBF73,ローソン・スリーエフ,京急鶴見駅前店,
Suica,C8,BBF75,ローソン,大和駅前店,
Suica,C8,BBF76,ローソン,大和駅前店,
Suica,C8,BBF7E,ローソン・スリーエフ,川崎尻手駅前店,
Suica,C8,BBF7F,ローソン・スリーエフ,川崎尻手駅前店,
Suica,C8,BBF80,ローソン・スリーエフ,川崎尻手駅前店,
Suica,C8,BBF9B,ローソン・スリーエフ,日ノ出町駅前店,
Suica,C8,BBF9C,ローソン・スリーエフ,日ノ出町駅前店,
Suica,C8,BBF9D,ローソン・スリーエフ,日ノ出町駅前店,
Suica,C8,BC015,ローソン・スリーエフ,北鎌倉店,
Suica,C8,BC016,ローソン・スリーエフ,北鎌倉店,
Suica,C8,BC0A8,ローソン,能代大瀬店,
Suica,C8,BC0A9,ローソン,能代大瀬店,
Suica,C8,BC0D5,ローソン,S中野区役所店,
Suica,C8,BC0D6,ローソン,S中野区役所店,
Suica,C8,BC11F,ローソン,三沢松園町二丁目店,
Suica,C8,BC120,ローソン,三沢松園町二丁目店,
Suica,C8,BC12B,ローソン,釜石大町二丁目店,
Suica,C8,BC186,ローソン,末広町駅前店,
Suica,C8,BC1DE,ナチュラルローソン,渋谷一丁目店,
Suica,C8,BC21B,ローソン,H目黒二丁目店,
Suica,C8,BC21C,ローソン,H目黒二丁目店,
Suica,C8,BC22E,ローソン,渋谷道玄坂上店,
Suica,C8,BC22F,ローソン,渋谷道玄坂上店,
Suica,C8,BC230,ローソン,渋谷道玄坂上店,
Suica,C8,BC291,JPローソン,渋谷郵便局店,
Suica,C8,BC2B3,ローソン,板柳辻福岡店,
Suica,C8,BC2B4,ローソン,板柳辻福岡店,
Suica,C8,BC2C9,ローソン,淵野辺駅前店,
Suica,C8,BC2CA,ローソン,淵野辺駅前店,
Suica,C8,BC2CB,ローソン,淵野辺駅前店,
Suica,C8,BC322,ローソン,能代西赤沼店,
Suica,C8,BC323,ローソン,能代西赤沼店,
Suica,C8,BC344,ローソン,茅場町駅前店,
Suica,C8,BC375,ローソン,鴻巣中井店,
Suica,C8,BC376,ローソン,鴻巣中井店,
Suica,C8,BC3C9,ローソン,中野セントラルパークイースト店,
Suica,C8,BC3CA,ローソン,中野セントラルパークイースト店,
Suica,C8,BC3CB,ローソン,中野セントラルパークイースト店,
Suica,C8,BC3CC,ローソン,中野セントラルパークイースト店,
Suica,C8,BC3CD,ローソン,中野セントラルパークイースト店,
Suica,C8,BC3CE,ローソン,中野セントラルパークイースト店,
Suica,C8,BC3DD,ローソン,飛田給駅南口店,
Suica,C8,BC3E9,ローソン,二戸市立図書館前店,
Suica,C8,BC3EA,ローソン,二戸市立図書館前店,
Suica,C8,BC3F8,ローソン,酒田東大町一丁目店,
Suica,C8,BC3FA,ローソン,しののめ店,
Suica,C8,BC3FB,ローソン,しののめ店,
Suica,C8,BC3FC,ローソン,しののめ店,
Suica,C8,BC410,ローソン,月島駅前店,
Suica,C8,BC411,ローソン,月島駅前店,
Suica,C8,BC418,ローソン,永代橋店,
Suica,C8,BC419,ローソン,永代橋店,
Suica,C8,BC47D,ローソン,上尾柏座一丁目店,
Suica,C8,BC47E,ローソン,上尾柏座一丁目店,
Suica,C8,BC551,ローソン,大手町二丁目店,
Suica,C8,BC561,ローソン,宇都宮4号御幸店,
Suica,C8,BC56F,ローソン,目黒大鳥神社前店,
Suica,C8,BC579,ローソン,上越木田店,
Suica,C8,BC590,ローソン,新潟駅西口店,
Suica,C8,BC604,ローソン,仙台あすと長町店,
Suica,C8,BC605,ローソン,仙台あすと長町店,
Suica,C8,BC608,ローソン,郡山安積三丁目店,
Suica,C8,BC60B,ローソン,村山中央一丁目店,
Suica,C8,BC617,ローソン,弘前城東北一丁目店,
Suica,C8,BC618,ローソン,弘前城東北一丁目店,
Suica,C8,BC620,JPローソン,万代シテイ郵便局店,
Suica,C8,BC622,JPローソン,万代シテイ郵便局店,
Suica,C8,BC685,ローソン,和田河原駅前店,
Suica,C8,BC686,ローソン,和田河原駅前店,
Suica,C8,BC6AB,ローソン,秋田駅西店,
Suica,C8,BC70E,ローソン,秋葉原中央通店,
Suica,C8,BC72B,ローソン,北本駅西口店,
Suica,C8,BC72C,ローソン,北本駅西口店,
Suica,C8,BC76C,ローソン,鎌倉由比ガ浜大通り店,
Suica,C8,BC76D,ローソン,鎌倉由比ガ浜大通り店,
Suica,C8,BC778,ローソン,人形町駅前店,
Suica,C8,BC779,ローソン,人形町駅前店,
Suica,C8,BC77A,ローソン,人形町駅前店,
Suica,C8,BC77D,ローソン,横浜相生町三丁目店,
Suica,C8,BC790,ローソン,北秋田住吉町店,
Suica,C8,BC791,ローソン,北秋田住吉町店,
Suica,C8,BC799,ローソン,宮古田老店,
Suica,C8,BC79A,ローソン,宮古田老店,
Suica,C8,BC79C,ローソン,天童南駅前店,
Suica,C8,BC79D,ローソン,天童南駅前店,
Suica,C8,BC79F,ローソン,大崎田尻店,
Suica,C8,BC7A0,ローソン,大崎田尻店,
Suica,C8,BC7A5,ローソン,大館一心院店,
Suica,C8,BC7A6,ローソン,大館一心院店,
Suica,C8,BC809,ローソン,千代田富士見二丁目店,
Suica,C8,BC80A,ローソン,千代田富士見二丁目店,
Suica,C8,BC85D,ローソン,新宿下宮比町店,
Suica,C8,BC888,ローソン,仙台八本松一丁目店,
Suica,C8,BC889,ローソン,仙台八本松一丁目店,
Suica,C8,BC88A,ローソン,仙台郡山七丁目店,
Suica,C8,BC88B,ローソン,仙台郡山七丁目店,
Suica,C8,BC899,ローソン,横浜町道の駅前店,
Suica,C8,BC8C9,ローソン,盛岡山岸一丁目店,
Suica,C8,BC8FA,ローソン,渋谷桜丘町南店,
Suica,C8,BC8FB,ローソン,渋谷桜丘町南店,
Suica,C8,BC8FC,ローソン,渋谷桜丘町南店,
Suica,C8,BC91B,ローソン,新発田佐々木店,
Suica,C8,BC91C,ローソン,新発田佐々木店,
Suica,C8,BC964,ローソン,アパホテル東京潮見駅前店,
Suica,C8,BC965,ローソン,アパホテル東京潮見駅前店,
Suica,C8,BC993,ローソン,平塚紅谷町店,
Suica,C8,BC994,ローソン,平塚紅谷町店,
Suica,C8,BC9AA,ローソン,長井成田店,
Suica,C8,BC9AB,ローソン,長井成田店,
Suica,C8,BC9D9,ローソン,川越駅前西店,
Suica,C8,BCA0E,ローソン,秋田土崎港西三丁目店,
Suica,C8,BCA0F,ローソン,秋田土崎港西三丁目店,
Suica,C8,BCA22,ローソン,峰浜沼田店,
Suica,C8,BCA23,ローソン,峰浜沼田店,
Suica,C8,BCA87,ローソン,羽田一丁目店,
Suica,C8,BCA88,ローソン,羽田一丁目店,
Suica,C8,BCAAD,ナチュラルローソン,渋谷神泉町店,
Suica,C8,BCAAE,ナチュラルローソン,渋谷神泉町店,
Suica,C8,BCAAF,ナチュラルローソン,渋谷神泉町店,
Suica,C8,BCAB1,ナチュラルローソン,豊洲三丁目店,
Suica,C8,BCB02,ローソン,東品川三丁目店,
Suica,C8,BCB03,ローソン,東品川三丁目店,
Suica,C8,BCB34,ローソン,湯田中駅前店,
Suica,C8,BCB40,ローソン,鎌倉坂ノ下店,
Suica,C8,BCB41,ローソン,鎌倉坂ノ下店,
Suica,C8,BCB4E,ローソン,東糀谷三丁目店,
Suica,C8,BCB4F,ローソン,東糀谷三丁目店,
Suica,C8,BCBB3,ローソン,安比高原店,
Suica,C8,BCBB4,ローソン,安比高原店,
Suica,C8,BCBEB,ローソン,盛岡本宮店,
Suica,C8,BCBEC,ローソン,盛岡本宮店,
Suica,C8,BCC4A,ローソン,品川駅港南口店,
Suica,C8,BCC5F,ローソン,二ツ井町店,
Suica,C8,BCC60,ローソン,二ツ井町店,
Suica,C8,BCC75,ローソン,円山町店,
Suica,C8,BCC77,ローソン,山形七日町一丁目店,
Suica,C8,BCC92,ローソン,川越脇田本町店,
Suica,C8,BCC9E,ローソン,男鹿船越店,
Suica,C8,BCC9F,ローソン,男鹿船越店,
Suica,C8,BCCA0,ローソン,男鹿船川海岸通店,
Suica,C8,BCCA1,ローソン,男鹿船川海岸通店,
Suica,C8,BCCB4,ローソン,笹塚駅前店,
Suica,C8,BCCB7,ローソン,小田原風祭店,
Suica,C8,BCCB8,ローソン,小田原風祭店,
Suica,C8,BCCD4,ローソン,勝田中央店,
Suica,C8,BCCD5,ローソン,勝田中央店,
Suica,C8,BCD3E,ローソン,潟上天王棒沼台店,
Suica,C8,BCD3F,ローソン,潟上天王棒沼台店,
Suica,C8,BCD71,ローソン,小田原駅前店,
Suica,C8,BCD72,ローソン,小田原駅前店,
Suica,C8,BCDDB,ローソン,新田町ビル店,
Suica,C8,BCDE5,ローソン,虎ノ門琴平店,
Suica,C8,BCDE6,ローソン,虎ノ門琴平店,
Suica,C8,BCDE7,ローソン,虎ノ門琴平店,
Suica,C8,BCE00,ローソン,むつ仲町店,
Suica,C8,BCE4C,ローソン,本厚木駅前店,
Suica,C8,BCE4D,ローソン,本厚木駅前店,
Suica,C8,BCE4E,ローソン,本厚木駅前店,
Suica,C8,BCE9D,ローソン,九段北一丁目店,
Suica,C8,BCF03,ローソン,久慈長内橋南店,
Suica,C8,BCF06,ナチュラルローソン,S大手町フィナンシャルシティサウス店,
Suica,C8,BCF07,ローソン,岩手県営体育館前店,
Suica,C8,BCF08,ローソン,岩手県営体育館前店,
Suica,C8,BCF09,ナチュラルローソン,大宮駅西口店,
Suica,C8,BCF8B,ローソン,滝沢駅前店,
Suica,C8,BCF8C,ローソン,滝沢駅前店,
Suica,C8,BCF9F,ローソン,甲府駅前通店,
Suica,C8,BCFA0,ローソン,甲府駅前通店,
Suica,C8,BCFAE,ローソン,羽田四丁目店,
Suica,C8,BCFAF,ローソン,羽田四丁目店,
Suica,C8,BCFBE,ローソン,長野富竹店,
Suica,C8,BD06C,ローソン,相模原橋本三丁目店,
Suica,C8,BD06D,ローソン,相模原橋本三丁目店,
Suica,C8,BD098,ローソン,鹿角花輪店,
Suica,C8,BD099,ローソン,鹿角花輪店,
Suica,C8,BD0A7,ローソン,いわき平堂根町店,
Suica,C8,BD0FE,ローソン,石川町店,
Suica,C8,BD0FF,ローソン,石川町店,
Suica,C8,BD13D,ローソン,日本橋茅場町店,
Suica,C8,BD176,ローソン,北上駅東口店,
Suica,C8,BD18D,ローソン,八郎潟大道店,
Suica,C8,BD18E,ローソン,八郎潟大道店,
Suica,C8,BD333,ローソン,岩泉町小本店,
Suica,C8,BD334,ローソン,岩泉町小本店,
Suica,C8,BD430,ローソン,京急田浦駅前店,
Suica,C8,BD431,ローソン,京急田浦駅前店,
Suica,C8,BD4A2,ローソン,石巻大街道店,
Suica,C8,BD4A3,ローソン,石巻大街道店,
Suica,C8,BD4BD,ローソン,二戸石切所店,
Suica,C8,BD4BE,ローソン,二戸石切所店,
Suica,C8,BD4F2,ローソン,宮古保久田店,
Suica,C8,BD4F3,ローソン,宮古保久田店,
Suica,C8,BD511,ローソン,虎ノ門駅南店,
Suica,C8,BD512,ローソン,虎ノ門駅南店,
Suica,C8,BD513,ローソン,虎ノ門駅南店,
Suica,C8,BD519,ローソン,平和島駅前店,
Suica,C8,BD51A,ローソン,平和島駅前店,
Suica,C8,BD522,ローソン,有明コロシアム前店,
Suica,C8,BD523,ローソン,有明コロシアム前店,
Suica,C8,BD524,ローソン,有明コロシアム前店,
Suica,C8,BD538,ローソン,新潟万代テレコムビル店,
Suica,C8,BD539,ローソン,新潟万代テレコムビル店,
Suica,C8,BD584,ローソン,有楽町一丁目店,
Suica,C8,BD59D,ローソン,水沢江刺駅前店,
Suica,C8,BD5B4,ローソン,中野岩船店,
Suica,C8,BD5BF,ローソン,横浜尾上町三丁目店,
Suica,C8,BD5C0,ローソン,横浜尾上町三丁目店,
Suica,C8,BD5C1,ローソン,横浜尾上町三丁目店,
Suica,C8,BD5D6,ローソン,会津門田日吉店,
Suica,C8,BD5D7,ローソン,会津門田日吉店,
Suica,C8,BD708,ローソン,青森浜館二丁目店,
Suica,C8,BD709,ローソン,青森浜館二丁目店,
Suica,C8,BD7CB,ローソン,渋谷区井の頭通店,
Suica,C8,BD7E8,ローソン,秋田土崎港北七丁目店,
Suica,C8,BD7E9,ローソン,秋田土崎港北七丁目店,
Suica,C8,BD7F4,ローソン,東根大森二丁目店,
Suica,C8,BD7F5,ローソン,宮古栄町店,
Suica,C8,BD7F6,ローソン,宮古栄町店,
Suica,C8,BD817,ローソン,喜多方大道田店,
Suica,C8,BD818,ローソン,喜多方大道田店,
Suica,C8,BD8BB,ローソン,飯田橋サクラテラス店,
Suica,C8,BD8BC,ローソン,飯田橋サクラテラス店,
Suica,C8,BD8BD,ローソン,飯田橋サクラテラス店,
Suica,C8,BD8BE,ローソン,飯田橋サクラテラス店,
Suica,C8,BD8BF,ローソン,飯田橋サクラテラス店,
Suica,C8,BD8C0,ローソン,飯田橋サクラテラス店,
Suica,C8,BD8C1,ローソン,飯田橋サクラテラス店,
Suica,C8,BD8FC,ローソン,矢巾町藤沢店,
Suica,C8,BD8FD,ローソン,矢巾町藤沢店,
Suica,C8,BD99C,ローソン,栗原瀬峰店,
Suica,C8,BD9AB,ローソン,いわき平谷川瀬店,
Suica,C8,BDA7C,ローソン,日本橋茅場町一丁目店,
Suica,C8,BDAA8,ローソン,秋田土崎港中央五丁目店,
Suica,C8,BDAA9,ローソン,秋田土崎港中央五丁目店,
Suica,C8,BDAC4,ローソン,北朝霞駅前店,
Suica,C8,BDB60,ローソン,寒河江元町二丁目店,
Suica,C8,BDB71,ローソン,大崎古川駅南店,
Suica,C8,BDB72,ローソン,大崎古川駅南店,
Suica,C8,BDBE2,ローソン,道の駅あらい店,
Suica,C8,BDC19,ローソン・スリーエフ,ランドマークプラザ店,
Suica,C8,BDC53,ローソン・スリーエフ,こどもの国駅前店,
Suica,C8,BDC54,ローソン・スリーエフ,こどもの国駅前店,
Suica,C8,BDCCF,ローソン,越谷レイクタウン駅南口店,
Suica,C8,BDCD0,ローソン,越谷レイクタウン駅南口店,
Suica,C8,BDCD1,ローソン,越谷レイクタウン駅南口店,
Suica,C8,BDCDB,ローソン,上越日根津店,
Suica,C8,BDCDC,ローソン,上越日根津店,
Suica,C8,BDD2D,ローソン,ゲートシティ大崎アトリウム店,
Suica,C8,BDD2E,ローソン,ゲートシティ大崎アトリウム店,
Suica,C8,BDD2F,ローソン,ゲートシティ大崎アトリウム店,
Suica,C8,BDD30,ローソン,ゲートシティ大崎アトリウム店,
Suica,C8,BDD31,ローソン,ゲートシティ大崎アトリウム店,
Suica,C8,BDD32,ローソン,ゲートシティ大崎アトリウム店,
Suica,C8,BDD33,ローソン,ゲートシティ大崎アトリウム店,
Suica,C8,BDD37,ローソン,神楽坂駅北店,
Suica,C8,BDDD0,ローソン,新潟第一ホテル店,
Suica,C8,BDE42,ローソンストア100,西一之江店,
Suica,C8,BDE43,ローソンストア100,西一之江店,
Suica,C8,BDF0C,ローソン,イーサイト高崎店,
Suica,C8,BDF0D,ローソン,イーサイト高崎店,
Suica,C8,BDF0E,ローソン,イーサイト高崎店,
Suica,C8,BDF55,ローソン,馬車道店,
Suica,C8,BDFE0,ローソン,天童東本町二丁目店,
Suica,C8,BDFE1,ローソン,天童東本町二丁目店,
Suica,C8,BDFF2,ローソン,大森北一丁目店,
Suica,C8,BDFF3,ローソン,大森北一丁目店,
Suica,C8,BE009,ローソン,横浜新橋町店,
Suica,C8,BE00A,ローソン,横浜新橋町店,
Suica,C8,BE0A4,ローソン,いわき泉下谷地店,
Suica,C8,BE0F3,ローソン,国際展示場駅前店,
Suica,C8,BE0F4,ローソン,国際展示場駅前店,
Suica,C8,BE0F5,ローソン,国際展示場駅前店,
Suica,C8,BE0F6,ローソン,国際展示場駅前店,
Suica,C8,BE0F7,ローソン,国際展示場駅前店,
Suica,C8,BE0F8,ローソン,国際展示場駅前店,
Suica,C8,BE11F,ローソン,H幕張テクノガーデン店,
Suica,C8,BE151,ローソン,中軽井沢駅前店,
Suica,C8,BE15F,ローソン,H中野セントラルパークサウス店,
Suica,C8,BE195,ローソン,花巻東和町店,
Suica,C8,BE19D,ローソン,滝沢葉の木店,
Suica,C8,BE19E,ローソン,滝沢葉の木店,
Suica,C8,BE1E3,ローソン,TOC大崎店,
Suica,C8,BE222,ローソン,盛岡大通り二丁目店,
Suica,C8,BE223,ローソン,盛岡大通り二丁目店,
Suica,C8,BE228,ローソン,潟上昭和大久保店,
Suica,C8,BE229,ローソン,潟上昭和大久保店,
Suica,C8,BE23B,ローソン,小諸南町店,
Suica,C8,BE2A1,ローソン,平川碇ヶ関店,
Suica,C8,BE2A2,ローソン,平川碇ヶ関店,
Suica,C8,BE2B2,ローソンストア100,東所沢店,
Suica,C8,BE2B3,ローソンストア100,東所沢店,
Suica,C8,BE32B,ローソン,伊勢原駅南店,
Suica,C8,BE32C,ローソン,伊勢原駅南店,
Suica,C8,BE342,ローソン,東雲駅前店,
Suica,C8,BE343,ローソン,東雲駅前店,
Suica,C8,BE34F,ローソン,青森クロスタワー ア・ベイ店,
Suica,C8,BE350,ローソン,青森クロスタワー ア・ベイ店,
Suica,C8,BE372,ローソン,鹿島田駅東口店,
Suica,C8,BE37C,ローソン,泉西が岡二丁目店,
Suica,C8,BE37D,ローソン,泉西が岡二丁目店,
Suica,C8,BE3F4,ローソン,駒込駅前店,
Suica,C8,BE3F5,ローソン,駒込駅前店,
Suica,C8,BE41F,ローソン,八戸内舟渡店,
Suica,C8,BE420,ローソン,八戸内舟渡店,
Suica,C8,BE530,ローソン,成田駅東口店,
Suica,C8,BE5DD,ローソン,東京ビッグサイトエントランス店,
Suica,C8,BE5F8,ローソン,川西バイパス店,
Suica,C8,BE5F9,ローソン,川西バイパス店,
Suica,C8,BE60B,ローソン,広野下北迫店,
Suica,C8,BE613,ローソン,大船渡新田店,
Suica,C8,BE614,ローソン,大船渡新田店,
Suica,C8,BE617,ローソン,涌谷蔵人沖名店,
Suica,C8,BE622,ローソン,中泊中里ベル店,
Suica,C8,BE623,ローソン,中泊中里ベル店,
Suica,C8,BE75C,ローソン,大崎古川十日町店,
Suica,C8,BE75D,ローソン,大崎古川十日町店,
Suica,C8,BE76C,ローソン,北長野駅前店,
Suica,C8,BE7BB,ローソン,逗子池子二丁目店,
Suica,C8,BE7BC,ローソン,逗子池子二丁目店,
Suica,C8,BE877,ローソンストア100,南大塚店,
Suica,C8,BE878,ローソンストア100,南大塚店,
Suica,C8,BE879,ローソンストア100,南大塚店,
Suica,C8,BE9CD,ローソン,横浜本町四丁目店,
Suica,C8,BE9CE,ローソン,横浜本町四丁目店,
Suica,C8,BE9CF,ローソン,横浜本町四丁目店,
Suica,C8,BE9DC,ローソン,鶴見中央四丁目店,
Suica,C8,BE9DD,ローソン,鶴見中央四丁目店,
Suica,C8,BE9F1,ローソン,秋田ベイパラダイス店,
Suica,C8,BE9F2,ローソン,秋田ベイパラダイス店,
Suica,C8,BE9F3,ローソン,雫石バイパス店,
Suica,C8,BE9F4,ローソン,雫石バイパス店,
Suica,C8,BE9F5,ローソン,大曲福住町店,
Suica,C8,BE9F6,ローソン,大曲福住町店,
Suica,C8,BEA2E,ローソン,新潟花園一丁目店,
Suica,C8,BEA2F,ローソン,新潟花園一丁目店,
Suica,C8,BEA35,ローソン,北参道駅前店,
Suica,C8,BEA44,ローソン,神泉駅前店,
Suica,C8,BEAB7,ローソン,神田神保町二丁目店,
Suica,C8,BEAB8,ローソン,神田神保町二丁目店,
Suica,C8,BEAB9,ローソン,神田神保町二丁目店,
Suica,C8,BEABA,ローソン,文化放送メディアプラス店,
Suica,C8,BEABB,ローソン,文化放送メディアプラス店,
Suica,C8,BEABC,ローソン,文化放送メディアプラス店,
Suica,C8,BEABD,ローソン,文化放送メディアプラス店,
Suica,C8,BEABE,ローソン,文化放送メディアプラス店,
Suica,C8,BEAE8,ローソン,鴻巣吹上本町二丁目店,
Suica,C8,BEAEA,ローソン,鴻巣吹上本町二丁目店,
Suica,C8,BEB14,ナチュラルローソン,川崎フロンティアビル店,
Suica,C8,BEBA5,ローソン,南大井六丁目店,
Suica,C8,BEBA6,ローソン,南大井六丁目店,
Suica,C8,BEBFD,ローソン,千駄ヶ谷一丁目店,
Suica,C8,BEC4D,ローソン,郡山大町店,
Suica,C8,BEC8D,ローソン,鶴見小野店,
Suica,C8,BEC8E,ローソン,鶴見小野店,
Suica,C8,BEC9A,ローソン,中仙町店,
Suica,C8,BECA6,ローソン,神山店,
Suica,C8,BECDF,ローソン,野辺地田名部道店,
Suica,C8,BED3D,ローソン,赤羽西一丁目店,
Suica,C8,BED3E,ローソン,赤羽西一丁目店,
Suica,C8,BED3F,ローソン,産業道路駅前店,
Suica,C8,BED40,ローソン,産業道路駅前店,
Suica,C8,BED5D,ローソン,南大塚三丁目店,
Suica,C8,BED5E,ローソン,南大塚三丁目店,
Suica,C8,BED6F,ローソン,さいたま新都心けやき広場店,
Suica,C8,BEDAC,ローソン,道玄坂二丁目店,
Suica,C8,BEDB5,ローソン,川崎殿町店,
Suica,C8,BEDB6,ローソン,川崎殿町店,
Suica,C8,BEDC8,ローソン,むつ中央店,
Suica,C8,BEDD8,ローソン,岩手室根店,
Suica,C8,BEDEA,ローソン,ラゾーナ川崎店,
Suica,C8,BEDEB,ローソン,ラゾーナ川崎店,
Suica,C8,BEDEC,ローソン,ラゾーナ川崎店,
Suica,C8,BEE01,ローソン,鎌倉富士見町駅前店,
Suica,C8,BEE02,ローソン,鎌倉富士見町駅前店,
Suica,C8,BEE11,ローソン,新宿四丁目店,
Suica,C8,BEE49,ローソン,玉川中店,
Suica,C8,BEE4A,ローソン,玉川中店,
Suica,C8,BEE4F,ローソン,金ヶ崎バイパス店,
Suica,C8,BEE50,ローソン,金ヶ崎バイパス店,
Suica,C8,BEE53,ローソン,野辺地馬門道店,
Suica,C8,BEEFD,ローソン,九段北目白通店,
Suica,C8,BEEFE,ローソン,九段北目白通店,
Suica,C8,BEF0E,ローソン,花巻インター二枚橋店,
Suica,C8,BEF0F,ローソン,花巻インター二枚橋店,
Suica,C8,BEF18,ローソン,男鹿比詰店,
Suica,C8,BEF19,ローソン,男鹿比詰店,
Suica,C8,BEF52,ローソン,久慈本町店,
Suica,C8,BEF53,ローソン,久慈本町店,
Suica,C8,BEF54,ローソン,宮古西町店,
Suica,C8,BEF55,ローソン,宮古西町店,
Suica,C8,BEF56,ローソン,釜石平田店,
Suica,C8,BEF57,ローソン,釜石平田店,
Suica,C8,BEF5C,ローソン,八戸駅前店,
Suica,C8,BEF5D,ローソン,八戸駅前店,
Suica,C8,BEF6A,ローソン,大森駅西口店,
Suica,C8,BEF6B,ローソン,大森駅西口店,
Suica,C8,BEF72,ローソン,ゲートシティ大崎店,
Suica,C8,BEF73,ローソン,ゲートシティ大崎店,
Suica,C8,BEFDD,ローソン,佐倉宮ノ台一丁目店,
Suica,C8,BF04F,ローソン,一関地主町店,
Suica,C8,BF055,ローソン,青森ロイネットホテル店,
Suica,C8,BF056,ローソン,青森ロイネットホテル店,
Suica,C8,BF067,ローソン,宮古磯鶏石崎店,
Suica,C8,BF068,ローソン,宮古磯鶏石崎店,
Suica,C8,BF0E4,ローソン・スリーエフ,東逗子駅前店,
Suica,C8,BF0E5,ローソン・スリーエフ,東逗子駅前店,
Suica,C8,BF0EE,ローソン・スリーエフ,大田区役所前店,
Suica,C8,BF0EF,ローソン・スリーエフ,大田区役所前店,
Suica,C8,BF0F0,ローソン・スリーエフ,大田区役所前店,
Suica,C8,BF0F1,ローソン・スリーエフ,大田区役所前店,
Suica,C8,BF0F8,ローソン・スリーエフ,鶴見駅前店,
Suica,C8,BF0F9,ローソン・スリーエフ,鶴見駅前店,
Suica,C8,BF10E,ローソン・スリーエフ,稲田堤駅前店,
Suica,C8,BF10F,ローソン・スリーエフ,稲田堤駅前店,
Suica,C8,BF17D,ローソン・スリーエフ,横須賀中央駅前店,
Suica,C8,BF17E,ローソン・スリーエフ,横須賀中央駅前店,
Suica,C8,BF1BD,ローソン・スリーエフ,横浜本町店,
Suica,C8,BF1BE,ローソン・スリーエフ,横浜本町店,
Suica,C8,BF22A,ローソン,宮古和見町店,
Suica,C8,BF22B,ローソン,宮古和見町店,
Suica,C8,BF347,ローソン,新田町ビル店,
Suica,C8,BF34B,ローソン,中野二丁目千光前通店,
Suica,C8,BF35D,ローソン,弘前豊田三丁目店,
Suica,C8,BF35E,ローソン,弘前豊田三丁目店,
Suica,C8,BF3A7,ローソン,渋谷区井の頭通店,
Suica,C8,BF46A,ローソン・スリーエフ,酒々井駅前店,
Suica,C8,BF46F,ローソン,平川尾上栄松店,
Suica,C8,BF470,ローソン,平川尾上栄松店,
Suica,C8,BF478,ローソン,上越妙高駅前店,
Suica,C8,BF479,ローソン,上越妙高駅前店,
Suica,C8,BF63E,ローソン,洋野種市店,
Suica,C8,BF63F,ローソン,洋野種市店,
Suica,C8,BF7D9,ローソン,H浅草二丁目店,
Suica,C8,BF85C,ローソン,湯沢岩原店,
Suica,C8,BF8B3,モスバーガー,天童店,
Suica,C8,BF8B6,ローソン,H台東浅草三丁目店,
Suica,C8,BF8E9,ローソン,石和松本店,
Suica,C8,BF907,ローソン,Model T 東京ポートシティ竹芝店,
Suica,C8,BF90A,ローソン,Model T 東京ポートシティ竹芝店,
Suica,C8,BF910,ローソン,羽田空港第一ターミナルサウス店,
Suica,C8,BF911,ローソン,羽田空港第二ターミナル店,
Suica,C8,BFABD,ローソン,道の駅たがみ店,
Suica,C8,C00BC,ローソンストア100,相模原上溝店,
Suica,C8,C00BD,ローソンストア100,相模原上溝店,
Suica,C8,C01A4,ローソン,熊谷万平町一丁目店,
Suica,C8,C01A5,ローソン,熊谷万平町一丁目店,
Suica,C8,C01AD,ローソン,福島駅前通り店,
Suica,C8,C01AE,ローソン,福島駅前通り店,
Suica,C8,C01B0,ローソン,ミナカ小田原店,
Suica,C8,C01B1,ローソン,ミナカ小田原店,
Suica,C8,C01B2,ローソン,ミナカ小田原店,
Suica,C8,C01B7,ローソン,いわき泉町店,
Suica,C8,C01CA,ローソン,盛岡駅前通店,
Suica,C8,C01CB,ローソン,盛岡駅前通店,
Suica,C8,C0267,ローソン,取手駅東店,
Suica,C8,C0268,ローソン,取手駅東店,
Suica,C8,C0381,ローソン,お茶の水サンクレール店,
Suica,C8,C0382,ローソン,お茶の水サンクレール店,
Suica,C8,C0383,ローソン,お茶の水サンクレール店,
Suica,C8,C0384,ローソン,お茶の水サンクレール店,
Suica,C8,C038C,ローソン・ポプラ,池尻大橋店,
Suica,C8,C04D4,ローソン,豊洲センタービル店,
Suica,C8,C0763,ANA FESTA,北バスランギフトショップ,
Suica,C8,C0764,ANA FESTA,北バスランギフトショップ,
Suica,C8,C0766,ANA FESTA,大館能代ロビー店,
Suica,C8,C076C,ANA FESTA,仙台ゲート店,
Suica,C8,C076D,ANA FESTA,仙台ゲート店,
Suica,C8,C0778,ANA FESTA,羽田60番ゲートフードショップ,
Suica,C8,C0785,ANA FESTA,羽田46番ゲート店,
Suica,C8,C0786,COMEL RICE BURGER,羽田63ゲート店,
Suica,C8,C0787,COMEL RICE BURGER,羽田63ゲート店,
Suica,C8,C07D5,YOKOHAMA AIR CABIN,運河パーク駅,乗車券券売機
Suica,C8,C0810,ローソン,秩父皆野駅前店,
Suica,C8,C0AB9,ローソン,会津若松南花畑店,
Suica,C8,C0ABA,ローソン,会津若松南花畑店,
Suica,C8,C0AE3,スギ薬局,芝大門店,
Suica,C8,C0B83,ローソン,金木斜陽館前店,
Suica,C8,C0B84,ローソン,金木斜陽館前店,
Suica,C8,C0B88,ローソン,米沢丸の内二丁目店,
Suica,C8,C0B89,ローソン,米沢丸の内二丁目店,
Suica,C8,C0C01,ユニクロ,ららぽーとTOKYO-BAY店,
Suica,C8,C0D31,ワイズマート,南行徳店,
Suica,C8,C0EA8,ローソン,渋谷旧山手通り店,
Suica,C8,C1073,モスバーガー,泉北光明池店,
Suica,C8,C1074,モスバーガー,泉北光明池店,
Suica,C8,C1093,ローソン,りんかい線東雲駅店,
Suica,C8,C1094,ローソン,りんかい線東雲駅店,
Suica,C8,C1095,ローソン,りんかい線東雲駅店,
Suica,C8,C2227,ローソン,アパリゾート新潟駅前大通店,
Suica,C8,C28B4,ローソン,大船渡盛町内ノ目店,
Suica,C8,C28B5,ローソン,大船渡盛町内ノ目店,
Suica,C8,C28DD,ガスト,新宿靖国通店,
Suica,C8,C2A41,モスバーガー,橋本3丁目店,
Suica,C8,C2A42,モスバーガー,橋本3丁目店,
Suica,C8,C3AD4,自動販売機,葛の湯,休憩所
Suica,C8,C414C,自動販売機,トナリエつくばクレオ,3階
Suica,C8,C414D,自動販売機,トナリエつくばクレオ,2階
Suica,C8,C41CA,新津鉄道資料館,,
Suica,C8,C49C8,自動販売機,イオン新潟西店,正面エントランス 建物外
Suica,C8,C5BD3,MUJIcom,武蔵野美術大学市ヶ谷キャンパス,カフェコーナー
Suica,C8,C5CBA,STATION BOOTH,新宿駅,甲州街道改札内
Suica,C8,C5EA9,自動販売機,茨城交通 茨大前営業所,屋外
Suica,C8,C72C7,自動販売機,#JR東日本#水戸駅,7・8番線ホーム
Suica,C8,C78F2,自動販売機,竹屋町通車屋町パーキング,車屋町通
Suica,C8,C7F51,自動販売機,ブーブーパーク五条御前駐車場,入口
Suica,C8,C84AB,自動販売機,錦東洞院駐車場,入口 錦小路通
Suica,C8,C89F4,ミニストップ,イオンタワー店,
Suica,C8,C8A10,ミニストップ,名古屋駅西店,
Suica,C8,C8A1F,ミニストップ,神田錦町1丁目店,
Suica,C8,C8A20,ミニストップ,神田錦町1丁目店,
Suica,C8,C8A21,ミニストップ,神田錦町1丁目店,
Suica,C8,C8A22,ミニストップ,神田錦町1丁目店,
Suica,C8,C8A23,ミニストップ,神田錦町1丁目店,
Suica,C8,C8A2B,ミニストップ,渋谷桜丘店,
Suica,C8,C8A31,ミニストップ,京急川崎駅西口店,
Suica,C8,C8A34,ミニストップ,潮見駅前店,
Suica,C8,C8A35,ミニストップ,潮見駅前店,
Suica,C8,C8A36,ミニストップ,潮見駅前店,
Suica,C8,C8A3F,ミニストップ,イオンタワー店,
Suica,C8,C8A7B,ミニストップ,神田美土代町店,
Suica,C8,C8A9B,ミニストップ,ベイスターズ通り店,
Suica,C8,C8A9C,ミニストップ,ベイスターズ通り店,
Suica,C8,C8A9D,ミニストップ,ベイスターズ通り店,
Suica,C8,C8AA0,ミニストップ,飯田橋駅西口店,
Suica,C8,C8AB1,ミニストップ,イオンタワー店,
Suica,C8,C9216,ミニストップ,中野駅北口店,
Suica,C8,C9882,ミニストップ,石巻大街道北店,
Suica,C8,C9883,ミニストップ,石巻大街道北店,
Suica,C8,C98B2,ミニストップ,大鳥居駅前店,
Suica,C8,C98B3,ミニストップ,大鳥居駅前店,
Suica,C8,C9A15,ミニストップ,瑞穂只越店,
Suica,C8,C9EB3,自動販売機,自販機レストラン グルメ24,
Suica,C8,CA0DC,自動販売機,株式会社丸産技研,土木事業部 屋外
Suica,C8,CA38A,ミニストップ,古川駅前大通店,
Suica,C8,CA38B,ミニストップ,古川駅前大通店,
Suica,C8,CA610,ミニストップ,横須賀内川店,
Suica,C8,CA611,ミニストップ,横須賀内川店,
Suica,C8,CA832,ミニストップ,NEOPASA浜松下り店,
Suica,C8,DCBDD,MOM'S TOUCH,渋谷店,
Suica,C8,DEB6B,ロマンスカーミュージアム,,
Suica,C8,E52AC,えにし,アークタウン宇都宮,
Suica,C8,E52AD,えにし,アークタウン宇都宮,
Suica,C8,E52AE,えにし,アークタウン宇都宮,
Suica,C8,E52AF,えにし,アークタウン宇都宮,
Suica,C8,E7FC3,#ハンバーグレストラン#びっくりドンキー,中葛西店,
Suica,C8,E7FC4,#ハンバーグレストラン#びっくりドンキー,中葛西店,
Suica,C8,E844A,ガスト,渋谷宇田川町店,
Suica,C8,E8593,ガスト,九段下店,
Suica,C8,E85CF,ジョナサン,神楽坂駅前店,
Suica,C8,E89B4,ガスト,プレナ幕張店,
Suica,C8,E89BA,ローソンストア100,飛田給駅北口店,
Suica,C8,E8B7F,モスバーガー,甲府駅前店,
Suica,C8,E8E5F,ジョナサン,日本橋浜町店,
Suica,C8,E8EF6,モスバーガー,宮原東口店,
Suica,C8,E8F35,ガスト,赤坂見附店,
Suica,C8,E8FA0,ガスト,市ヶ谷駅前店,
Suica,C8,E8FD4,デイリーヤマザキ,浅草花川戸店,
Suica,C8,E8FE7,デイリーヤマザキ,新横浜駅前店,
Suica,C8,E8FE8,デイリーヤマザキ,新横浜駅前店,
Suica,C8,E90C7,モスバーガー,平和島駅前店,
Suica,C8,E90C8,モスバーガー,平和島駅前店,
Suica,C8,E91A0,ガスト,赤坂見附店,
Suica,C8,E926C,ジョナサン,秋葉原駅前店,
Suica,C8,E9545,モスバーガー,渋谷円山町店,
Suica,C8,E9546,モスバーガー,渋谷円山町店,
Suica,C8,E9547,モスバーガー,渋谷円山町店,
Suica,C8,E9A52,マルエツ,一之江駅前店,
Suica,C8,E9A53,マルエツ,一之江駅前店,
Suica,C8,E9A54,マルエツ,一之江駅前店,
Suica,C8,E9A55,マルエツ,一之江駅前店,
Suica,C8,E9A56,マルエツ,一之江駅前店,
Suica,C8,E9C83,マルエツ,一之江駅前店,
Suica,C8,E9C84,マルエツ,一之江駅前店,
Suica,C8,E9C85,マルエツ,一之江駅前店,
Suica,C8,E9FD9,モスバーガー,渋谷道玄坂店,
Suica,C8,E9FDA,モスバーガー,渋谷道玄坂店,
Suica,C8,E9FDB,モスバーガー,渋谷道玄坂店,
Suica,C8,E9FDC,モスバーガー,渋谷公園通り店,
Suica,C8,EAB74,ローソン,ミュージックテラス店,
Suica,C8,EAB75,ローソン,ミュージックテラス店,
Suica,C8,EAB76,ローソン,ミュージックテラス店,
Suica,C8,EAB77,ローソン,ミュージックテラス店,
Suica,C8,EAB78,ローソン,ミュージックテラス店,
Suica,C8,EABFA,ナチュラルローソン,馬車道駅店,
Suica,C8,EABFB,ナチュラルローソン,馬車道駅店,
Suica,C8,EABFC,ナチュラルローソン,馬車道駅店,
Suica,C8,EABFD,ナチュラルローソン,馬車道駅店,
Suica,C8,EAFDD,ローソンストア100,桜木町駅前店,
Suica,C8,EAFDE,ローソンストア100,桜木町駅前店,
Suica,C8,EAFDF,ローソンストア100,桜木町駅前店,
Suica,C8,EB25B,ローソン,Sシーサイドライン新杉田駅店,
Suica,C8,EB25C,ローソン,Sシーサイドライン新杉田駅店,
Suica,C8,EB264,マルエツ プチ,神田神保町二丁目店,
Suica,C8,EB265,マルエツ プチ,神田神保町二丁目店,
Suica,C8,EB266,マルエツ プチ,神田神保町二丁目店,
Suica,C8,EB267,マルエツ プチ,神田神保町二丁目店,
Suica,C8,EB268,マルエツ プチ,神田神保町二丁目店,
Suica,C8,EB3FF,ANA FESTA,羽田61番ゲート店,
Suica,C8,EB5F5,デイリーヤマザキ,神泉駅店,
Suica,C8,EB636,ローソン,豊洲市場千客万来店,
Suica,C8,EB637,ローソン,豊洲市場千客万来店,
Suica,C8,EB638,ローソン,豊洲市場千客万来店,
Suica,C8,EB639,ローソン,豊洲市場千客万来店,
Suica,C8,EB63A,ローソン,豊洲市場千客万来店,
Suica,C8,EB64E,ローソン銀行ATM,ゲートシティ大崎アトリウム共同出張所,
Suica,C8,EB6DF,ローソン銀行ATM,TOC大崎共同出張所,
Suica,C8,EB89E,ローソン銀行ATM,ラゾーナ川崎共同出張所,
Suica,C8,EB8F0,ローソン銀行ATM,NL 渋谷神泉町共同出張所,
Suica,C8,EB8F5,ローソン銀行ATM,円山町共同出張所,
Suica,C8,EB985,ローソン銀行ATM,上小田中共同出張所,
Suica,C8,EB986,ローソン銀行ATM,南平台共同出張所,
Suica,C8,EB987,ローソン銀行ATM,渋谷桜丘町南共同出張所,
Suica,C8,EB993,ローソン銀行ATM,川崎銀柳街共同出張所,
Suica,C8,EB994,ローソン銀行ATM,NL 渋谷道玄坂一丁目共同出張所,
Suica,C8,EB9F9,ローソン銀行ATM,道玄坂二丁目共同出張所,
Suica,C8,EBA59,ローソン銀行ATM,羽田一丁目共同出張所,
Suica,C8,EBA83,ローソン銀行ATM,穴守稲荷共同出張所,
Suica,C8,EBAA6,ローソン銀行ATM,大森駅西口共同出張所,
Suica,C8,EBAA8,ローソン銀行ATM,羽田四丁目共同出張所,
Suica,C8,EBAC0,ローソン銀行ATM,大森本町一丁目共同出張所,
Suica,C8,EBB2D,秋月電子通商,秋葉原店,
Suica,C8,EBB2E,秋月電子通商,秋葉原店,
Suica,C8,EBB2F,秋月電子通商,秋葉原店,
Suica,C8,EBB7E,ローソン銀行ATM,神田駅東口共同出張所,
Suica,C8,EBC1C,ローソン銀行ATM,有明コロシアム前共同出張所,
Suica,C8,EBC95,ローソン銀行ATM,文化放送メディアプラス共同出張所,
Suica,C8,EBD36,ローソン銀行ATM,横浜本町四丁目共同出張所,
Suica,C8,EBD37,ローソン銀行ATM,横浜尾上町三丁目共同出張所,
Suica,C8,EBD9D,ローソン銀行ATM,新宿医大通共同出張所,
Suica,C8,EBDF3,ローソン銀行ATM,九段北目白通共同出張所,
Suica,C8,EBECA,ローソン銀行ATM,相模原橋本三丁目共同出張所,
Suica,C8,EBEE1,ローソン銀行ATM,新宿靖国通共同出張所,
Suica,C8,EBEE3,ローソン銀行ATM,新宿三丁目北共同出張所,
Suica,C8,EBFAE,ローソン銀行ATM,NL新宿駅西共同出張所,
Suica,C8,EBFB1,ローソン銀行ATM,大江戸線新宿駅前共同出張所,
Suica,C8,EBFC4,ローソン銀行ATM,西新宿一丁目共同出張所,
Suica,C8,EBFC8,ローソン銀行ATM,西新宿一丁目共同出張所,
Suica,C8,EBFD1,ローソン銀行ATM,大船渡新田共同出張所,
Suica,C8,EC077,ローソン銀行ATM,高田馬場駅通共同出張所,
Suica,C8,EC078,ローソン銀行ATM,NL西新宿七丁目共同出張所,
Suica,C8,EC094,ローソン銀行ATM,熊谷万平町一丁目共同出張所,
Suica,C8,EC39C,ANA FESTA,羽田65番ゲート店,
Suica,C8,EC41D,ローソン銀行ATM,上尾柏座一丁目共同出張所,
Suica,C8,EC4EE,ローソン銀行ATM,築地四丁目共同出張所,
Suica,C8,EC549,ローソン銀行ATM,板橋駅東口共同出張所,
Suica,C8,EC57C,ローソン銀行ATM,青森クロスタワー ア・ベイ共同出張所,
Suica,C8,EC58E,ローソン銀行ATM,八戸駅前共同出張所,
Suica,C8,EC58F,ローソン銀行ATM,本厚木駅前共同出張所,
Suica,C8,EC5C3,ローソン銀行ATM,平塚紅谷町共同出張所,
Suica,C8,EC5C7,ローソン銀行ATM,青森安方二丁目共同出張所,
Suica,C8,EC6BE,ローソン銀行ATM,駒込駅前共同出張所,
Suica,C8,EC6D9,ローソン,多賀城山王店,
Suica,C8,EC6DA,ローソン,多賀城山王店,
Suica,C8,EC6DC,ローソン,鴨宮駅南口店,
Suica,C8,EC6DD,ローソン,鴨宮駅南口店,
Suica,C8,EC6E2,ローソン銀行ATM,赤羽西一丁目共同出張所,
Suica,C8,EC777,ローソン銀行ATM,人形町駅前共同出張所,
Suica,C8,EC7CA,ローソン銀行ATM,青森新町通り共同出張所,
Suica,C8,EC7F6,ローソン,小田原駅西口店,
Suica,C8,EC7F7,ローソン,小田原駅西口店,
Suica,C8,EC7F8,ローソン,小田原駅西口店,
Suica,C8,EC844,ローソン銀行ATM,築地二丁目共同出張所,
Suica,C8,EC87B,ローソン銀行ATM,鴨宮駅南口共同出張所,
Suica,C8,EC89A,ローソン銀行ATM,鴻巣中井共同出張所,
Suica,C8,EC8A9,ローソン銀行ATM,新潟万代テレコムビル共同出張所,
Suica,C8,EC8E5,ローソン銀行ATM,川崎アゼリア共同出張所,
Suica,C8,EC900,ローソン銀行ATM,小田原駅西口共同出張所,
Suica,C8,ECB34,ローソン銀行ATM,小田原駅前共同出張所,
Suica,C8,ECB62,ローソン銀行ATM,南大井六丁目共同出張所,
Suica,C8,ECB67,ローソン銀行ATM,H大森駅北口共同出張所,
Suica,C8,ECB6C,ローソン銀行ATM,大森海岸駅前共同出張所,
Suica,C8,ECB6E,ローソン銀行ATM,土浦富士崎共同出張所,
Suica,C8,ECB71,ローソン銀行ATM,小田原北ノ窪共同出張所,
Suica,C8,ECCA5,マルエツ プチ,渋谷神泉店,
Suica,C8,ECCA6,マルエツ プチ,渋谷神泉店,
Suica,C8,ECCA7,マルエツ プチ,渋谷神泉店,
Suica,C8,ECCA8,マルエツ プチ,渋谷神泉店,
Suica,C8,ECCA9,マルエツ プチ,渋谷神泉店,
Suica,C8,ECCAA,マルエツ プチ,渋谷神泉店,
Suica,C8,ECCD2,ローソン銀行ATM,気仙沼東八幡前共同出張所,
Suica,C8,ECCD5,ローソン銀行ATM,東銀座駅前共同出張所,
Suica,C8,ECD4E,ローソン銀行ATM,銀座四丁目昭和通共同出張所,
Suica,C8,ECF2B,ローソン銀行ATM,鶴見小野共同出張所,
Suica,C8,ECF51,ローソン銀行ATM,神泉駅前共同出張所,
Suica,C8,ED152,ローソン銀行ATM,平和島駅前共同出張所,
Suica,C8,ED1C3,ローソン銀行ATM,渋谷鶯谷町共同出張所,
Suica,C8,ED31D,ローソン銀行ATM,渋谷区井の頭通共同出張所,
Suica,C8,ED31E,ローソン銀行ATM,渋谷区井の頭通共同出張所,
Suica,C8,ED4C5,ローソン銀行ATM,新橋四丁目共同出張所,
Suica,C8,ED540,ローソン銀行ATM,東品川三丁目共同出張所,
Suica,C8,ED610,ローソン銀行ATM,東雲駅前店共同出張所,
Suica,C8,ED638,ローソン銀行ATM,鶴見中央四丁目共同出張所,
Suica,C8,ED65A,ローソン銀行ATM,和田河原駅前共同出張所,
Suica,C8,ED7D7,ローソン銀行ATM,東糀谷三丁目共同出張所,
Suica,C8,ED7F3,ローソン銀行ATM,神田神保町二丁目共同出張所,
Suica,C8,ED7FD,ローソン銀行ATM,永代橋共同出張所,
Suica,C8,ED872,ローソン銀行ATM,大森北一丁目共同出張所,
Suica,C8,ED92E,ローソン銀行ATM,国際展示場駅前共同出張所,
Suica,C8,ED938,ローソン銀行ATM,鎌倉坂ノ下共同出張所,
Suica,C8,ED969,ローソン銀行ATM,立川相互病院共同出張所,
Suica,C8,ED96B,ローソン銀行ATM,横浜南幸二丁目共同出張所,
Suica,C8,EDA81,ローソン銀行ATM,豊洲市場千客万来共同出張所,
Suica,C8,EDAD4,ローソン銀行ATM,神田神保町白山通り共同出張所,
Suica,C8,EDB13,キッチンオリジン,高津店,
Suica,C8,EDC2F,ローソン銀行ATM,藤沢駅南口共同出張所,
Suica,C8,EE138,ローソン銀行ATM,南藤沢共同出張所,
Suica,C8,EE149,ローソン銀行ATM,金沢幸浦一丁目共同出張所,
Suica,C8,EE14B,ローソン銀行ATM,水戸見和岩間街道共同出張所,
Suica,C8,EE17A,ローソン銀行ATM,鎌倉富士見町駅前共同出張所,
Suica,C8,EE27B,ローソン銀行ATM,川崎殿町共同出張所,
Suica,C8,EE281,ローソン銀行ATM,逗子池子二丁目共同出張所,
Suica,C8,EE527,ローソン銀行ATM,小田原風祭共同出張所,
Suica,C8,EE528,ローソン銀行ATM,産業道路駅前共同出張所,
Suica,C8,EE772,ローソン銀行ATM,淵野辺駅前共同出張所,
Suica,C8,EE7F0,ローソン銀行ATM,富士シティオ デリド武蔵小杉店共同出張所,
Suica,C8,EE966,ワイズマート,平井店,
Suica,C8,EE967,ワイズマート,平井店,
Suica,C8,EE968,ワイズマート,平井店,
Suica,C8,EE969,ワイズマート,平井店,
Suica,C8,EE96A,ワイズマート,平井店,
Suica,C8,EE96B,ワイズマート,平井店,
Suica,C8,EE96C,ワイズマート,平井店,
Suica,C8,EE96D,ワイズマート,平井店,
Suica,C8,EEC05,モスバーガー,水戸駅南口店,
Suica,C8,EEC06,モスバーガー,水戸駅南口店,
Suica,C8,EF2EE,ローソン銀行ATM,川崎田町共同出張所,
Suica,C8,EFAFA,ローソン銀行ATM,横浜住吉町二丁目共同出張所,
Suica,C8,EFB4A,ローソン銀行ATM,ゲートシティ大崎共同出張所,
Suica,C8,EFB97,ヨークベニマル,いわき平店,
Suica,C8,EFCA9,ローソン銀行ATM,金沢八景駅前共同出張所,
Suica,C8,EFF21,モスバーガー,マーヴ北綾瀬リエッタ店,
Suica,C8,EFF22,モスバーガー,マーヴ北綾瀬リエッタ店,
Suica,C8,F019C,ローソン銀行ATM,伊勢原駅南共同出張所,
Suica,C8,F0696,ライフ,錦糸町駅前店,
Suica,C8,F0697,ライフ,錦糸町駅前店,
Suica,C8,F0698,ライフ,錦糸町駅前店,
Suica,C8,F0699,ライフ,錦糸町駅前店,
Suica,C8,F069A,ライフ,錦糸町駅前店,
Suica,C8,F069B,ライフ,錦糸町駅前店,
Suica,C8,F069C,ライフ,錦糸町駅前店,
Suica,C8,F069D,ライフ,錦糸町駅前店,
Suica,C8,F069E,ライフ,錦糸町駅前店,
Suica,C8,F069F,ライフ,錦糸町駅前店,
Suica,C8,F06A0,ライフ,錦糸町駅前店,
Suica,C8,F06A1,ライフ,錦糸町駅前店,
Suica,C8,F0DB9,ローソン銀行ATM,鎌倉由比ガ浜大通り共同出張所,
Suica,C8,F0EA2,ローソン銀行ATM,大森東一丁目共同出張所,
Suica,C8,F11DF,ローソン銀行ATM,LTF北鎌倉共同出張所,
Suica,C8,F1421,ローソン銀行ATM,LTFこどもの国駅前共同出張所,
Suica,C8,F150D,ローソン銀行ATM,LTF稲田堤駅前共同出張所,
Suica,C8,F1687,ローソン銀行ATM,LTF横浜本町共同出張所,
Suica,C8,F17AF,ローソン銀行ATM,LTF川崎尻手駅前共同出張所,
Suica,C8,F1B66,ローソン銀行ATM,箱根湯本共同出張所,
Suica,C8,F2B64,ローソン銀行ATM,水戸駅北口共同出張所,
Suica,C8,F2C06,ローソン銀行ATM,水戸堀町新田共同出張所,
Suica,C8,F4241,Suicaインターネットサービス,,
Suica,C8,F5556,マルチ電子マネーチャージ機,クラブ セガ 新宿西口,
Suica,C8,F5F3C,マルチ電子マネーチャージ機,GiGO 柏,
Suica,C8,F6013,自動販売機,楠本ビル,屋外 南東端
Suica,C8,F6EEC,マルチ電子マネーチャージ機,GiGO八柱,
Suica,C8,F791F,マルチ電子マネーチャージ機,GiGO水戸,
Suica,C8,F8814,自動販売機,南平台今井ビル,屋外
Suica,C8,FA464,POCKET CHANGE,JR仙台駅2階 びゅうプラザ仙台駅前,
Suica,C8,FBED4,キッチンオリジン,三軒茶屋店,
Suica,C8,FBED5,キッチンオリジン,三軒茶屋店,
Suica,C8,FBEEE,キッチンオリジン,王子二丁目店,
Suica,C8,FBF29,らーめん金伝丸,渋谷道玄坂店,
Suica,C8,FC08F,出光,プロントカフェ調布SS,
Suica,C8,FD72B,自動販売機,道玄坂鳴瀬ビル,
Suica,C8,FE43F,自動販売機,蛸薬師通 民家入口横,
Suica,C8,FE485,キッチンオリジン,東所沢店,
Suica,C8,FE4DB,キッチンオリジン,飛田給店,
Suica,C8,FE4E7,自動販売機,ヨドバシカメラ マルチメディア京都,屋外 第1エントランス前
Suica,C8,FE4E9,自動販売機,烏丸七条ビル,屋外 東側
Suica,C8,FE4EA,自動販売機,NPC24H木屋町第3パーキング,
Suica,C8,FE4EB,自動販売機,ホテル秀仙閣,屋外 出入口 木屋町通
Suica,C8,FE4EC,自動販売機,第一小橋会館,屋外
Suica,C8,FE4EE,自動販売機,ニュー京都ビル,1階 入口
Suica,C8,FE4FA,自動販売機,六角通油小路 交差点北西端,
Suica,C8,FE4FB,自動販売機,富小路通 仏光寺下ル 東側,民家前
Suica,C8,FE502,自動販売機,ハイツくすの木,屋外 北野白梅町バス停(北行)前 西大路通
Suica,C8,FE512,自動販売機,ケーブル八瀬駅,改札外 入口横
Suica,C8,FE514,自動販売機,河鹿,屋外
Suica,C8,FE515,自動販売機,貴船神社,奥宮 入口 トイレ前
Suica,C8,FE522,自動販売機,株式会社アールカンパニー 本社,屋外
Suica,C8,FE526,自動販売機,五条通大和大路東入ル北側,
Suica,C8,FE527,自動販売機,祇園饅頭,店頭 四条通
Suica,C8,FE529,自動販売機,京都陶磁器会館,屋外 五条坂バス停前 東大路通
Suica,C8,FE52F,自動販売機,第一土木ビル,屋外 烏丸通
Suica,C8,FE530,自動販売機,シキシマパーキング,入口脇 八条通
Suica,C8,FE531,自動販売機,東寺うどん,店舗外 入口前 大宮通
Suica,C8,FE536,自動販売機,フットサルスクエア京都南,センターコート クラブハウス(更衣室)横 観戦スペース
Suica,C8,FE537,自動販売機,伏見力の湯,店舗入口脇
Suica,C8,FE5FF,自動販売機,京八坂,入口脇 八坂通
Suica,C8,FE670,自動販売機,#嵐電#太秦広隆寺駅,四条大宮方面ホーム入口 うどん京富入口前
Suica,C8,FE6F4,キッチンオリジン,烏山駅前通り店,
Suica,C8,FE876,POCKET CHANGE,タイトーステーション 秋葉原店 2階,
Suica,C8,FE898,自動販売機,#嵐電#北野白梅町駅,ホームスロープ・バス停横 今出川通
Suica,C8,FE8EF,自動販売機,梅小路公園,VIVA SQUARE KYOTO 西側
Suica,C8,FED4D,バラエティーズ,,
Suica,C8,FEFBD,自動販売機,#嵐電#撮影所前駅,帷子ノ辻方向ホーム 入口スロープ横
Suica,C8,FF670,自動販売機,サンシャインビル,屋外 上京年金事務所 駐輪場
Suica,C8,FF69C,自動販売機,楠本ビル,屋外 南東端
Suica,C8,FF6B5,自動販売機,道玄坂センタービル,
TOICA,C7,01AB5,道の駅 伊良湖クリスタルポルト,,
TOICA,C7,01AB6,道の駅 伊良湖クリスタルポルト,,
TOICA,C7,027A8,ギフトキヨスク,名古屋南待合,
TOICA,C7,027D1,キヨスク,名古屋幹線上りホーム(511号),
TOICA,C7,027E3,ベルマートキヨスク,太閤南口,
TOICA,C7,027E5,PLUSTA,名古屋太閤北,
TOICA,C7,027E6,PLUSTA,名古屋太閤北,
TOICA,C7,027E7,PLUSTA,名古屋太閤北,
TOICA,C7,027EB,ギフトキヨスク,名古屋北待合,
TOICA,C7,0280F,ベルマートキヨスク,東海上りホーム,
TOICA,C7,0288C,ジオオーガニックカフェ,東京駅店,
TOICA,C7,0289C,PERK COFFEE,JR名古屋駅新幹線上りホーム,
TOICA,C7,0289F,スターバックスコーヒー,JR東海 品川駅ラチ内店,
TOICA,C7,028E1,ベルマートキヨスク,金山東海道,
TOICA,C7,028F0,ベルマートキヨスク,大曽根,
TOICA,C7,028F2,ベルマートキヨスク,大曽根南口,
TOICA,C7,0292B,キヨスク,沼津北口(2号),
TOICA,C7,0297D,ベルマートキヨスク,蒲郡,
TOICA,C7,02991,キヨスク,稲沢,
TOICA,C7,029A4,スターバックスコーヒー,JR東海 新大阪駅新幹線ラチ内店,
TOICA,C7,02A0F,リニア・鉄道館,ミュージアムショップ,
TOICA,C7,02A10,リニア・鉄道館,ミュージアムショップ,
TOICA,C7,02BCC,みかわの郷,カルミア店,
TOICA,C7,02BD5,エクセルシオール カフェ,豊橋カルミア店,
TOICA,C7,02BD8,ボンとらや,カルミア店,
TOICA,C7,02C6D,谷島屋,エキマチ店,
TOICA,C7,02CAA,#元祖 浜松ぎょうざ#石松,JR浜松駅店,
TOICA,C7,02CAC,スターバックスコーヒー,浜松 メイワン エキマチウエスト店,
TOICA,C7,02D58,フィットケアエクスプレス,新横浜駅ビル店,
TOICA,C7,02D60,丸亀製麺,キュービックプラザ新横浜店,
TOICA,C7,02D82,ユニクロ,キュービックプラザ新横浜店,
TOICA,C7,02D87,三省堂書店,新横浜店,
TOICA,C7,02D89,ロフト,新横浜ロフト店,
TOICA,C7,02D8A,ロフト,新横浜ロフト店,
TOICA,C7,02D8B,ロフト,新横浜ロフト店,
TOICA,C7,02D91,三省堂書店,新横浜店,
TOICA,C7,02DA2,フィットケアエクスプレス,新横浜駅ビル店,
TOICA,C7,02DA4,フィットケアエクスプレス,新横浜駅ビル店,
TOICA,C7,02DA5,フィットケアエクスプレス,新横浜駅ビル店,
TOICA,C7,02DA6,フィットケアエクスプレス,新横浜駅ビル店,
TOICA,C7,03EE4,サブウェイ,浜松遠鉄店,
TOICA,C7,03EE5,サブウェイ,浜松遠鉄店,
TOICA,C7,186DF,吉野家,浜松駅店,
TOICA,C7,18711,キヨスク,新横浜下りホーム3号,
TOICA,C7,18712,キヨスク,新横浜下りホーム3号,
TOICA,C7,1875A,これっしか処,,
TOICA,C7,18762,café de laugh,,
TOICA,C7,18766,桃中軒,三島駅南口駅前売店,
TOICA,C7,1878C,星乃珈琲店,アスティ京都店,
TOICA,C7,18792,マツモトキヨシ,京都駅八条口店,
TOICA,C7,18798,ドンク,京都駅店,
TOICA,C7,18799,ドンク,京都駅店,
TOICA,C7,1879D,らーめん しおじ,,
TOICA,C7,187FB,東華軒,熱海駅売店,
TOICA,C7,18888,本家西尾八ッ橋,八条口店,
TOICA,C7,1888C,#総本家にしんそば#松葉,京都駅店,
TOICA,C7,188A3,#たこ家道頓堀#くくる,JR新大阪駅 新幹線改札内店,
TOICA,C7,188A4,道頓堀 今井,大阪のれんめぐり店,
TOICA,C7,188A5,レストランヨコオ,大阪のれんめぐり店,
TOICA,C7,1893E,スターバックスコーヒー,JR有楽町駅京橋口店,
TOICA,C7,18947,スターバックスコーヒー,JR東海 品川駅ラチ内店,
TOICA,C7,18949,スターバックスコーヒー,JR東海 東京駅新幹線南ラチ内店,
TOICA,C7,1894A,スターバックスコーヒー,JR東海 東京駅新幹線南ラチ内店,
TOICA,C7,1894C,スターバックスコーヒー,JR名古屋駅 広小路口店,
TOICA,C7,1894D,スターバックスコーヒー,JR名古屋駅 広小路口店,
TOICA,C7,1894E,スターバックスコーヒー,JR名古屋駅 新幹線南ラチ内店,
TOICA,C7,18951,スターバックスコーヒー,静岡駅 新幹線ラチ内店,
TOICA,C7,18955,ヴィ・ド・フランス,松阪店,
TOICA,C7,18956,caffe LAT.25°,品川駅店,
TOICA,C7,1895A,パークコーヒー,京都店,
TOICA,C7,1896D,スターバックスコーヒー,JR名古屋駅 新幹線南ラチ内店,
TOICA,C7,316A9,セブン‐イレブン,伊豆箱根鉄道修善寺駅店,
TOICA,C7,34173,ガスト,浜松インター店,
TOICA,C7,34176,ステーキガスト,浜松東田町店,
TOICA,C7,3421F,ガスト,大曽根店,
TOICA,C7,3486E,ファミリーマート,守山川村町店,
TOICA,C7,34923,ファミリーマート,国府広瀬店,
TOICA,C7,34924,ファミリーマート,国府広瀬店,
TOICA,C7,349F5,ファミリーマート,瀬戸福元店,
TOICA,C7,34A44,ファミリーマート,新城名号店,
TOICA,C7,34A6B,ファミリーマート,新城西入船店,
TOICA,C7,34A6C,ファミリーマート,新城西入船店,
TOICA,C7,34ACD,ファミリーマート,上前津店,
TOICA,C7,34B8D,ファミリーマート,多治見駅北店,
TOICA,C7,34B8E,ファミリーマート,多治見駅北店,
TOICA,C7,34C09,ファミリーマート,新城豊栄店,
TOICA,C7,34C0A,ファミリーマート,新城豊栄店,
TOICA,C7,34C38,ファミリーマート,新城有海店,
TOICA,C7,34C39,ファミリーマート,新城有海店,
TOICA,C7,34C3B,ファミリーマート,豊川インター店,
TOICA,C7,34C40,ファミリーマート,新城大野店,
TOICA,C7,34C41,ファミリーマート,新城大野店,
TOICA,C7,34D1F,ファミリーマート,一宮駅南店,
TOICA,C7,34D49,ファミリーマート,飛騨古川新栄町店,
TOICA,C7,34D4A,ファミリーマート,飛騨古川新栄町店,
TOICA,C7,34D8A,ファミリーマート,高山総和町店,
TOICA,C7,34D8B,ファミリーマート,高山総和町店,
TOICA,C7,34E1B,ファミリーマート,豊川城下店,
TOICA,C7,34E1C,ファミリーマート,豊川城下店,
TOICA,C7,34E23,ファミリーマート,豊川馬場店,
TOICA,C7,34E5C,リンガーハット,名古屋小幡店,
TOICA,C7,34E90,ファミリーマート,岡崎大門駅前店,
TOICA,C7,34F1E,ファミリーマート,多治見音羽町店,
TOICA,C7,34F1F,ファミリーマート,多治見音羽町店,
TOICA,C7,34F32,ファミリーマート,東海通駅前店,
TOICA,C7,34F66,ファミリーマート,恵那大井店,
TOICA,C7,34F95,ファミリーマート,豊川中条町店,
TOICA,C7,34F96,ファミリーマート,豊川中条町店,
TOICA,C7,34FFE,ファミリーマート,恵那大崎店,
TOICA,C7,3509D,ファミリーマート,大垣熊野町店,
TOICA,C7,351EE,アピタ,稲沢店,
TOICA,C7,351EF,アピタ,稲沢店,
TOICA,C7,351F0,アピタ,稲沢店,
TOICA,C7,351F1,アピタ,稲沢店,
TOICA,C7,351F2,アピタ,稲沢店,
TOICA,C7,351F3,アピタ,稲沢店,
TOICA,C7,3521E,くまざわ書店,アピタ稲沢店,
TOICA,C7,35224,アピタ,稲沢店,
TOICA,C7,35228,GU,アピタ稲沢店,
TOICA,C7,35241,ファミリーマート,美濃加茂前平店,
TOICA,C7,35242,ファミリーマート,美濃加茂前平店,
TOICA,C7,35328,ファミリーマート,本巣木知原店,
TOICA,C7,353E3,ファミリーマート,関円保通店,
TOICA,C7,353E5,ファミリーマート,ホテルアソシア豊橋店,
TOICA,C7,354B2,ファミリーマート,可児広見田中店,
TOICA,C7,354D0,ファミリーマート,高山西之一色店,
TOICA,C7,354D1,ファミリーマート,高山西之一色店,
TOICA,C7,35520,#名古屋らーめん#なご家,,
TOICA,C7,35530,カフェデンマルク,JR名古屋駅店,
TOICA,C7,3553B,#こころにあまい#あんぱんや,JR名古屋駅店,
TOICA,C7,3553C,一風堂,名古屋驛麺通り店,
TOICA,C7,3553E,マカロニ,名古屋店,
TOICA,C7,3553F,#東京らーめん#いな世,,
TOICA,C7,3557C,ファミリーマート,守山川宮町店,
TOICA,C7,35580,ドトールコーヒーショップ,津駅チャム店,
TOICA,C7,355CE,ファミリーマート,三河豊田駅前店,
TOICA,C7,355E5,ファミリーマート,名古屋東新町店,
TOICA,C7,35676,アピタ,大垣店,
TOICA,C7,35677,アピタ,大垣店,
TOICA,C7,35678,アピタ,大垣店,
TOICA,C7,35679,アピタ,大垣店,
TOICA,C7,3567A,アピタ,大垣店,
TOICA,C7,3567B,アピタ,大垣店,
TOICA,C7,3567C,アピタ,大垣店,
TOICA,C7,3567D,アピタ,大垣店,
TOICA,C7,3567E,アピタ,大垣店,
TOICA,C7,3567F,アピタ,大垣店,
TOICA,C7,35680,アピタ,大垣店,
TOICA,C7,35681,アピタ,大垣店,
TOICA,C7,356A7,アピタ,大垣店,
TOICA,C7,356A8,アピタ,大垣店,
TOICA,C7,356A9,アピタ,大垣店,
TOICA,C7,356AA,アピタ,大垣店,
TOICA,C7,356AB,アピタ,大垣店,
TOICA,C7,356AC,アピタ,大垣店,
TOICA,C7,35715,ファミリーマート,恵那正家店,
TOICA,C7,35731,ファミリーマート,上前津二丁目店,
TOICA,C7,35732,ファミリーマート,上前津二丁目店,
TOICA,C7,35796,ファミリーマート,高山総和三丁目店,
TOICA,C7,35797,ファミリーマート,高山総和三丁目店,
TOICA,C7,35812,ファミリーマート,一宮東口店,
TOICA,C7,35851,ファミリーマート,千種ターミナル店,
TOICA,C7,35886,ファミリーマート,美濃加茂富加店,
TOICA,C7,35887,ファミリーマート,美濃加茂富加店,
TOICA,C7,358EB,ファミリーマート,港北駅前店,
TOICA,C7,35921,ファミリーマート,ナゴヤドーム前店,
TOICA,C7,35B7B,マクドナルド,今池店,
TOICA,C7,35B8E,ファミリーマート,美濃加茂川合店,
TOICA,C7,35B8F,ファミリーマート,美濃加茂川合店,
TOICA,C7,35C25,ファミリーマート,美濃加茂田島一丁目店,
TOICA,C7,35C26,ファミリーマート,美濃加茂田島一丁目店,
TOICA,C7,35C8B,ファミリーマート,上前津店,
TOICA,C7,35D00,ファミリーマート,各務原六軒店,
TOICA,C7,35D01,ファミリーマート,各務原六軒店,
TOICA,C7,3657E,ヴィ・ド・フランス,津店,
TOICA,C7,373B8,吉野家,津駅チャム店,
TOICA,C7,37724,伊勢市駅手荷物預かり所,,
TOICA,C7,37B1C,JR東海リテイリング・プラス,東京列車営業支店,車内サービス
TOICA,C7,37B7D,JR東海リテイリング・プラス,東京列車営業支店,車内サービス
TOICA,C7,37BA9,JR東海リテイリング・プラス,東京列車営業支店,車内サービス
TOICA,C7,37C1F,JR東海リテイリング・プラス,大阪列車営業支店,車内サービス
TOICA,C7,37CD8,JR東海リテイリング・プラス,大阪列車営業支店,車内サービス
TOICA,C7,37DBB,すき家,上前津駅南店,
TOICA,C7,37DCB,すき家,伊賀上野店,
TOICA,C7,37DD4,すき家,守山森宮店,
TOICA,C7,37E05,すき家,豊橋広小路店,
TOICA,C7,37E1F,すき家,中村烏森店,
TOICA,C7,37E97,すき家,42号尾鷲店,
TOICA,C7,37ED1,すき家,伏見通り栄店,
TOICA,C7,37F31,すき家,四日市泊店,
TOICA,C7,37F76,すき家,蒲郡三谷北通店,
TOICA,C7,37FB3,すき家,港区小割通店,
TOICA,C7,38225,すき家,松阪中央MV店,
TOICA,C7,38517,ドトールコーヒーショップ,名古屋広小路御園店,
TOICA,C7,38553,ドトールコーヒーショップ,ラクール飛騨高山店,
TOICA,C7,38569,エクセルシオール カフェ,名古屋国際ホテル店,
TOICA,C7,385A0,ドトールコーヒーショップ,名古屋太閤通り店,
TOICA,C7,385A1,ドトールコーヒーショップ,名古屋タワーズ通り店,
TOICA,C7,385A3,ドトールコーヒーショップ,新幹線新大阪駅店,
TOICA,C7,385A4,ドトールコーヒーショップ,新幹線新大阪駅店,
TOICA,C7,38A08,スターバックスコーヒー,JR名古屋駅 太閤通南口店,
TOICA,C7,38A09,スパゲッティハウス チャオ,JR名古屋駅新幹線口,
TOICA,C7,38A0D,#中国台湾料理#味仙,JR名古屋駅店,
TOICA,C7,390C9,アピタ,岡谷店,
TOICA,C7,391FC,ヤマザキショップ,NTT東日本伊豆病院店,
TOICA,C7,39F0E,マクドナルド,小牧清水屋店,
TOICA,C7,39F1E,マクドナルド,イオンモール四日市北店,
TOICA,C7,39F50,マクドナルド,矢場町店,
TOICA,C7,39F51,マクドナルド,矢場町店,
TOICA,C7,39F52,マクドナルド,矢場町店,
TOICA,C7,39F53,マクドナルド,矢場町店,
TOICA,C7,39F5C,マクドナルド,香貫店,
TOICA,C7,39FA4,マクドナルド,豊川インター店,
TOICA,C7,39FBD,マクドナルド,1号線富士店,
TOICA,C7,39FBE,マクドナルド,1号線富士店,
TOICA,C7,39FBF,マクドナルド,1号線富士店,
TOICA,C7,39FF1,マクドナルド,イオンモール熱田店,
TOICA,C7,3A106,マクドナルド,静岡駅アスティ店,
TOICA,C7,3A1EA,マクドナルド,名古屋エスカ店,
TOICA,C7,3A2B4,マクドナルド,浜松駅メイワン店,
TOICA,C7,3A35D,マクドナルド,イオンモール富士宮店,
TOICA,C7,3A3DD,マクドナルド,大垣アクアウォーク店,
TOICA,C7,3A3F1,マクドナルド,南幹線清水店,
TOICA,C7,3A521,マクドナルド,関大平町店,
TOICA,C7,3A52B,マクドナルド,大垣インター店,
TOICA,C7,3A604,マクドナルド,ラクール飛騨高山店,
TOICA,C7,3A605,マクドナルド,ラクール飛騨高山店,
TOICA,C7,3A624,マクドナルド,JR名古屋駅店,
TOICA,C7,3A6C4,マクドナルド,勝川橋店,
TOICA,C7,3A7BA,マクドナルド,高山駅西店,
TOICA,C7,3A7BB,マクドナルド,高山駅西店,
TOICA,C7,3A7BC,マクドナルド,高山駅西店,
TOICA,C7,3A7BD,マクドナルド,高山駅西店,
TOICA,C7,3A7D9,マクドナルド,新瀬戸バロー店,
TOICA,C7,3A7E5,マクドナルド,大森インター南店,
TOICA,C7,3A7E6,マクドナルド,大森インター南店,
TOICA,C7,3A8E0,マクドナルド,248美濃加茂店,
TOICA,C7,3A8E1,マクドナルド,248美濃加茂店,
TOICA,C7,3A8E2,マクドナルド,248美濃加茂店,
TOICA,C7,3A919,マクドナルド,豊橋広小路店,
TOICA,C7,3A92B,マクドナルド,42号尾鷲店,
TOICA,C7,3A92D,マクドナルド,42号尾鷲店,
TOICA,C7,3A92E,マクドナルド,42号尾鷲店,
TOICA,C7,3A9B6,マクドナルド,419梅坪店,
TOICA,C7,3A9CA,マクドナルド,豊場店,
TOICA,C7,3AA10,マクドナルド,豊田市駅前店,
TOICA,C7,3AA35,マクドナルド,19号恵那店,
TOICA,C7,3AA36,マクドナルド,19号恵那店,
TOICA,C7,3AAE4,マクドナルド,清水店,
TOICA,C7,3AB41,マクドナルド,松阪店,
TOICA,C7,3AC28,マクドナルド,246御殿場店,
TOICA,C7,3ACAC,リンガーハット,名古屋錦店,
TOICA,C7,3AD04,ドトールコーヒーショップ,静岡パルシェ店,
TOICA,C7,3B94C,こまつや,,
TOICA,C7,3B9BA,谷島屋,パルシェ店,
TOICA,C7,3B9FC,蒲菊本店,パルシェ店静岡駅ビル東館1F,
TOICA,C7,3BA24,セブン‐イレブン,長泉店,
TOICA,C7,3BA6C,セブン‐イレブン,熱海咲見町店,
TOICA,C7,3BAA6,セブン‐イレブン,島田大井町店,
TOICA,C7,3BAA7,セブン‐イレブン,島田大井町店,
TOICA,C7,3BB6B,セブン‐イレブン,静岡鷹匠2丁目店,
TOICA,C7,3BC1D,セブン‐イレブン,御殿場駅前店,
TOICA,C7,3BC35,セブン‐イレブン,御殿場ぐみ沢南店,
TOICA,C7,3BC3D,セブン‐イレブン,掛川本郷店,
TOICA,C7,3BD08,セブン‐イレブン,名古屋泉2丁目店,
TOICA,C7,3BDAB,セブン‐イレブン,名古屋瑞穂通8丁目店,
TOICA,C7,3BDDE,セブン‐イレブン,名古屋高社2丁目店,
TOICA,C7,3BDE6,セブン‐イレブン,名古屋栄生駅前店,
TOICA,C7,3BDE7,セブン‐イレブン,名古屋栄生駅前店,
TOICA,C7,3BE10,セブン‐イレブン,掛川インター店,
TOICA,C7,3BE11,セブン‐イレブン,掛川インター店,
TOICA,C7,3BEE3,セブン‐イレブン,新城バイパス店,
TOICA,C7,3BEE4,セブン‐イレブン,新城バイパス店,
TOICA,C7,3BF27,セブン‐イレブン,三ヶ日西天王町店,
TOICA,C7,3BF28,セブン‐イレブン,三ヶ日西天王町店,
TOICA,C7,3C053,セブン‐イレブン,名古屋亀島2丁目店,
TOICA,C7,3C097,セブン‐イレブン,名古屋椿町店,
TOICA,C7,3C208,セブン‐イレブン,瀬戸山口町店,
TOICA,C7,3C384,セブン‐イレブン,豊田市西山町店,
TOICA,C7,3C39C,セブン‐イレブン,名古屋上前津2丁目店,
TOICA,C7,3C39D,セブン‐イレブン,名古屋上前津2丁目店,
TOICA,C7,3C39E,セブン‐イレブン,名古屋上前津2丁目店,
TOICA,C7,3C3EE,セブン‐イレブン,美濃加茂森山町店,
TOICA,C7,3C3EF,セブン‐イレブン,美濃加茂森山町店,
TOICA,C7,3C442,セブン‐イレブン,桑名益生店,
TOICA,C7,3C443,セブン‐イレブン,桑名益生店,
TOICA,C7,3C44E,セブン‐イレブン,豊田市伊保町店,
TOICA,C7,3C44F,セブン‐イレブン,豊田市伊保町店,
TOICA,C7,3C468,セブン‐イレブン,恵那バイパス店,
TOICA,C7,3C489,セブン‐イレブン,日進赤池3丁目店,
TOICA,C7,3C517,セブン‐イレブン,津市大里窪田町店,
TOICA,C7,3C518,セブン‐イレブン,津市大里窪田町店,
TOICA,C7,3C6BC,セブン‐イレブン,関市東新町店,
TOICA,C7,3C6C0,セブン‐イレブン,島田駅南店,
TOICA,C7,3C6C1,セブン‐イレブン,島田駅南店,
TOICA,C7,3C6C9,セブン‐イレブン,可児広見3丁目店,
TOICA,C7,3C739,セブン‐イレブン,名古屋中区役所前店,
TOICA,C7,3C78A,セブン‐イレブン,清水大坪2丁目店,
TOICA,C7,3C798,セブン‐イレブン,静岡葵タワー店,
TOICA,C7,3C799,セブン‐イレブン,静岡葵タワー店,
TOICA,C7,3C79A,セブン‐イレブン,静岡葵タワー店,
TOICA,C7,3C7AA,セブン‐イレブン,豊田市梅坪町店,
TOICA,C7,3C875,セブン‐イレブン,名古屋大須赤門店,
TOICA,C7,3C8A8,セブン‐イレブン,長泉納米里店,
TOICA,C7,3C8E7,セブン‐イレブン,名古屋栄生駅北店,
TOICA,C7,3C91D,セブン‐イレブン,三島南本町店,
TOICA,C7,3C94F,セブン‐イレブン,名古屋地下鉄徳重駅店,
TOICA,C7,3C9DE,セブン‐イレブン,静岡菊川インター店,
TOICA,C7,3CA6E,セブン‐イレブン,清水平川地店,
TOICA,C7,3CA7C,セブン‐イレブン,森町遠州森駅前店,
TOICA,C7,3CA8A,セブン‐イレブン,三島大場駅前店,
TOICA,C7,3CAD2,セブン‐イレブン,新城杉山店,
TOICA,C7,3CBE7,セブン‐イレブン,菊川加茂北店,
TOICA,C7,3CC1C,セブン‐イレブン,豊橋平川本町1丁目店,
TOICA,C7,3CC21,セブン‐イレブン,尾張旭東名西町店,
TOICA,C7,3CC9F,セブン‐イレブン,北名古屋西春駅前店,
TOICA,C7,3CCA0,セブン‐イレブン,北名古屋西春駅前店,
TOICA,C7,3CD61,セブン‐イレブン,豊川東豊町店,
TOICA,C7,3CDC0,セブン‐イレブン,島田金谷河原店,
TOICA,C7,3CDC1,セブン‐イレブン,島田金谷河原店,
TOICA,C7,3CE13,セブン‐イレブン,高山花岡町店,
TOICA,C7,3CE14,セブン‐イレブン,高山花岡町店,
TOICA,C7,3CE40,セブン‐イレブン,豊田市元宮町1丁目店,
TOICA,C7,3CE41,セブン‐イレブン,豊田市元宮町1丁目店,
TOICA,C7,3CE86,セブン‐イレブン,富士宮羽鮒店,
TOICA,C7,3CF0A,セブン‐イレブン,多治見駅北店,
TOICA,C7,3CF0B,セブン‐イレブン,多治見駅北店,
TOICA,C7,3CF7D,セブン‐イレブン,湖西新所原店,
TOICA,C7,3CFDE,セブン‐イレブン,関市平和通8丁目店,
TOICA,C7,3D0D8,セブン‐イレブン,豊川一宮町旭店,
TOICA,C7,3D0D9,セブン‐イレブン,豊川一宮町旭店,
TOICA,C7,3D136,セブン‐イレブン,新城富永南店,
TOICA,C7,3D137,セブン‐イレブン,新城富永南店,
TOICA,C7,3D150,セブン‐イレブン,名古屋廻間店,
TOICA,C7,3D168,セブン‐イレブン,菊川本所店,
TOICA,C7,3D22D,セブン‐イレブン,名古屋富士見町店,
TOICA,C7,3D22E,セブン‐イレブン,名古屋富士見町店,
TOICA,C7,3D26A,セブン‐イレブン,高山国府バイパス店,
TOICA,C7,3D26B,セブン‐イレブン,高山国府バイパス店,
TOICA,C7,3D2EF,セブン‐イレブン,四日市北浜町店,
TOICA,C7,3D2F0,セブン‐イレブン,四日市北浜町店,
TOICA,C7,3D44B,セブン‐イレブン,名古屋小割通2丁目店,
TOICA,C7,3D46C,セブン‐イレブン,四日市城山町店,
TOICA,C7,3D46D,セブン‐イレブン,四日市城山町店,
TOICA,C7,3D4F1,セブン‐イレブン,中津川駅前店,
TOICA,C7,3D526,セブン‐イレブン,名古屋今池西店,
TOICA,C7,3D62D,セブン‐イレブン,津市一志町田尻店,
TOICA,C7,3D62E,セブン‐イレブン,津市一志町田尻店,
TOICA,C7,3D64C,セブン‐イレブン,高山岡本町店,
TOICA,C7,3D64D,セブン‐イレブン,高山岡本町店,
TOICA,C7,3D6D8,セブン‐イレブン,名古屋井深町店,
TOICA,C7,3D6D9,セブン‐イレブン,名古屋井深町店,
TOICA,C7,3D737,セブン‐イレブン,松阪京町一区店,
TOICA,C7,3D738,セブン‐イレブン,松阪京町一区店,
TOICA,C7,3D742,セブン‐イレブン,松阪大黒田町北店,
TOICA,C7,3D743,セブン‐イレブン,松阪大黒田町北店,
TOICA,C7,3D856,セブン‐イレブン,名古屋猪子石原1丁目店,
TOICA,C7,3D857,セブン‐イレブン,名古屋猪子石原1丁目店,
TOICA,C7,3D85A,セブン‐イレブン,豊川牛久保町店,
TOICA,C7,3D85B,セブン‐イレブン,豊川牛久保町店,
TOICA,C7,3D8ED,セブン‐イレブン,松阪垣鼻町店,
TOICA,C7,3D8EE,セブン‐イレブン,松阪垣鼻町店,
TOICA,C7,3D91F,セブン‐イレブン,四日市河原田町店,
TOICA,C7,3DA62,セブン‐イレブン,四日市富田3丁目店,
TOICA,C7,3DA63,セブン‐イレブン,四日市富田3丁目店,
TOICA,C7,3DA66,セブン‐イレブン,松阪駅南店,
TOICA,C7,3DA67,セブン‐イレブン,松阪駅南店,
TOICA,C7,3DAA7,セブン‐イレブン,名古屋椿町南店,
TOICA,C7,3DB1E,セブン‐イレブン,美濃加茂山手町店,
TOICA,C7,3DB1F,セブン‐イレブン,美濃加茂山手町店,
TOICA,C7,3DBD5,セブン‐イレブン,名古屋高針原1丁目店,
TOICA,C7,3DBD6,セブン‐イレブン,名古屋高針原1丁目店,
TOICA,C7,3DC43,セブン‐イレブン,亀山東御幸町店,
TOICA,C7,3DC58,セブン‐イレブン,大垣笠木店,
TOICA,C7,3DE1C,セブン‐イレブン,高山名田町4丁目店,
TOICA,C7,3DE1D,セブン‐イレブン,高山名田町4丁目店,
TOICA,C7,3DE45,セブン‐イレブン,浜松上島3丁目店,
TOICA,C7,3DEB7,セブン‐イレブン,中津川付知町店,
TOICA,C7,3DF22,セブン‐イレブン,四日市日永西3丁目店,
TOICA,C7,3DF2C,セブン‐イレブン,伊賀緑ケ丘東町店,
TOICA,C7,3DF2D,セブン‐イレブン,伊賀緑ケ丘東町店,
TOICA,C7,3DF6D,セブン‐イレブン,海津南濃町松山店,
TOICA,C7,3DF98,セブン‐イレブン,本巣文殊店,
TOICA,C7,3E004,セブン‐イレブン,三河上郷駅前店,
TOICA,C7,3E00D,セブン‐イレブン,いなべ阿下喜駅前店,
TOICA,C7,3E00E,セブン‐イレブン,いなべ阿下喜駅前店,
TOICA,C7,3E014,セブン‐イレブン,伊賀緑ケ丘本町店,
TOICA,C7,3E015,セブン‐イレブン,伊賀緑ケ丘本町店,
TOICA,C7,3E128,ギフトキヨスク,三島,
TOICA,C7,3E12B,ベルマートキヨスク,新横浜在来,
TOICA,C7,3E12F,ベルマートキヨスク,三島新幹線ホーム東(503号),
TOICA,C7,3E134,ベルマートキヨスク,沼津,
TOICA,C7,3E135,ベルマートキヨスク,三島北口,
TOICA,C7,3E136,ベルマートキヨスク,三島南口,
TOICA,C7,3E137,ベルマートキヨスク,沼津,
TOICA,C7,3E13A,ベルマートキヨスク,高山,
TOICA,C7,3E148,グランドキヨスク,京都,
TOICA,C7,3E149,グランドキヨスク,京都,
TOICA,C7,3E14A,グランドキヨスク,京都,
TOICA,C7,3E14B,グランドキヨスク,京都,
TOICA,C7,3E14C,グランドキヨスク,京都,
TOICA,C7,3E14D,グランドキヨスク,京都,
TOICA,C7,3E162,Kiosk,品川幹線南改札内,
TOICA,C7,3E163,PLUSTA,品川幹線北乗換改札内,
TOICA,C7,3E164,PLUSTA,品川幹線北乗換改札内,
TOICA,C7,3E165,Kiosk,品川幹線南改札内,
TOICA,C7,3E168,Kiosk,品川幹線南乗換改札内,
TOICA,C7,3E16A,Kiosk,品川幹線南乗換改札内,
TOICA,C7,3E176,ギフトキヨスク,静岡幹線,
TOICA,C7,3E17E,グランドキヨスク,静岡,
TOICA,C7,3E180,グランドキヨスク,静岡,
TOICA,C7,3E184,ベルマートキヨスク,静岡幹線上りホーム,
TOICA,C7,3E187,グランドキヨスク,静岡,
TOICA,C7,3E188,ベルマートキヨスク,豊橋,
TOICA,C7,3E189,ベルマートキヨスク,豊橋,
TOICA,C7,3E18A,ベルマートキヨスク,豊橋,
TOICA,C7,3E18E,キヨスク,豊橋幹線待合室(552号),
TOICA,C7,3E191,EKINAKA SWEETS,,
TOICA,C7,3E192,ベルマートキヨスク,豊橋幹線口,
TOICA,C7,3E196,グランドキヨスク,名古屋,
TOICA,C7,3E19C,ギフトキヨスク,名古屋,
TOICA,C7,3E1B5,ギフトキヨスク,熱海,
TOICA,C7,3E1BF,キヨスク,新橋,
TOICA,C7,3E1C0,ベルマートキヨスク,清水,
TOICA,C7,3E1C2,ベルマートキヨスク,島田,
TOICA,C7,3E1C5,ベルマートキヨスク,藤枝,
TOICA,C7,3E1CE,ベルマートキヨスク,東海下りホーム,
TOICA,C7,3E1D9,キヨスク,新大阪下りホーム3号,
TOICA,C7,3E1DE,キヨスク,新大阪上りホーム10号,
TOICA,C7,3E1EC,ベルマートキヨスク,新大阪乗換口,
TOICA,C7,3E1ED,ベルマートキヨスク,新大阪乗換口,
TOICA,C7,3E1EE,ベルマートキヨスク,新大阪乗換口,
TOICA,C7,3E1F0,ベルマートキヨスク,新大阪中ホーム,
TOICA,C7,3E1F1,ベルマートキヨスク,新大阪中ホーム,
TOICA,C7,3E201,ベルマートキヨスク,新大阪上りホーム,
TOICA,C7,3E205,ベルマートキヨスク,浜松5号,
TOICA,C7,3E207,ベルマートキヨスク,浜松5号,
TOICA,C7,3E208,ベルマートキヨスク,浜松幹線待合,
TOICA,C7,3E20C,キヨスク,浜松幹線上りホーム西(504号),
TOICA,C7,3E21B,ギフトキヨスク,名古屋南待合,
TOICA,C7,3E22C,キヨスク,名古屋幹線下りホーム(516号),
TOICA,C7,3E237,ベルマートキヨスク,丸の内中央ビル,
TOICA,C7,3E23A,ベルマートキヨスク,丸の内中央ビル,
TOICA,C7,3E23F,キヨスク,東京ホーム7D,
TOICA,C7,3E244,キヨスク,東京ホーム7B,
TOICA,C7,3E245,キヨスク,東京ホーム8B,
TOICA,C7,3E246,キヨスク,東京ホーム8B,
TOICA,C7,3E254,ベルマートキヨスク,御殿場,
TOICA,C7,3E25E,ギフトキヨスク,八重洲中央南口,
TOICA,C7,3E265,ベルマートキヨスク,千種,
TOICA,C7,3E267,ベルマートキヨスク,春日井,
TOICA,C7,3E268,ベルマートキヨスク,桑名,
TOICA,C7,3E26A,ベルマートキヨスク,笠寺,
TOICA,C7,3E26D,ベルマートキヨスク,高蔵寺,
TOICA,C7,3E26F,ベルマートキヨスク,高蔵寺,
TOICA,C7,3E273,ベルマートキヨスク,大垣,
TOICA,C7,3E27A,ベルマートキヨスク,岡崎,
TOICA,C7,3E27B,ギフトキヨスク,名古屋桜通口,
TOICA,C7,3E27C,ギフトキヨスク,名古屋桜通口,
TOICA,C7,3E27D,ギフトキヨスク,名古屋桜通口,
TOICA,C7,3E280,ギフトキヨスク,名古屋幹南,
TOICA,C7,3E284,ギフトキヨスク,名古屋幹南,
TOICA,C7,3E285,ベルマートキヨスク,広小路口,
TOICA,C7,3E286,ベルマートキヨスク,広小路口,
TOICA,C7,3E287,ベルマートキヨスク,広小路口,
TOICA,C7,3E2A7,ベルマートキヨスク,恵那,
TOICA,C7,3E2AC,ベルマートキヨスク,中津川,
TOICA,C7,3E2B1,キヨスク,美濃太田,
TOICA,C7,3E2B7,ベルマートキヨスク,丸の内中央ビル,
TOICA,C7,3E2B9,ベルマートキヨスク,JRゲートタワー,
TOICA,C7,3E697,セブン‐イレブン,富士市本町通り店,
TOICA,C7,3E70E,セブン‐イレブン,新城上平井店,
TOICA,C7,3E713,セブン‐イレブン,伊賀四十九町北店,
TOICA,C7,3E714,セブン‐イレブン,伊賀四十九町北店,
TOICA,C7,3E718,セブン‐イレブン,名古屋東別院駅南店,
TOICA,C7,3E766,マクドナルド,桑名アピタ店,
TOICA,C7,3E7DE,セブン‐イレブン,清水中之郷1丁目店,
TOICA,C7,3E86D,セブン‐イレブン,高山下切町店,
TOICA,C7,3E86E,セブン‐イレブン,高山下切町店,
TOICA,C7,3E899,セブン‐イレブン,津市幸町店,
TOICA,C7,3E89A,セブン‐イレブン,津市幸町店,
TOICA,C7,3E986,セブン‐イレブン,名古屋地下鉄千種駅店,
TOICA,C7,3E9ED,セブン‐イレブン,名古屋地下鉄八事駅店,
TOICA,C7,3EA2A,セブン‐イレブン,名古屋地下鉄黒川駅店,
TOICA,C7,3EB3C,セブン‐イレブン,富士山静岡空港店,
TOICA,C7,3F1C9,ギフトキヨスク,新横浜東,
TOICA,C7,3F1E0,セブン‐イレブン,浜松駅東店,
TOICA,C7,3F292,B&Dドラッグストア,豊が丘店,
TOICA,C7,3F44D,吉野家,名駅太閤通口店,
TOICA,C7,3F493,吉野家,伏見通錦店,
TOICA,C7,3F494,吉野家,伏見通錦店,
TOICA,C7,3F4B2,吉野家,守山店,
TOICA,C7,3F4B3,吉野家,守山店,
TOICA,C7,3F4C2,吉野家,守山松川橋店,
TOICA,C7,3F601,吉野家,19号線恵那店,
TOICA,C7,3F657,セブン‐イレブン,松阪殿町店,
TOICA,C7,3F658,セブン‐イレブン,松阪殿町店,
TOICA,C7,3F8FB,セブン‐イレブン,四日市京町店,
TOICA,C7,3F8FC,セブン‐イレブン,四日市京町店,
TOICA,C7,3F906,セブン‐イレブン,高山グリーンホテル前店,
TOICA,C7,3F907,セブン‐イレブン,高山グリーンホテル前店,
TOICA,C7,3F910,セブン‐イレブン,伊賀平野東町店,
TOICA,C7,3F911,セブン‐イレブン,伊賀平野東町店,
TOICA,C7,3F98D,マクドナルド,モレラ岐阜店,
TOICA,C7,3FC1F,セブン‐イレブン,名古屋地下鉄久屋大通駅店,
TOICA,C7,3FCEB,セブン‐イレブン,新名神鈴鹿PA店,
TOICA,C7,3FCFF,ドトールコーヒーショップ,アスティ大垣店,
TOICA,C7,3FD8F,リトルマーメイド,JR静岡駅店,
TOICA,C7,3FDB3,#駅弁の#東海軒,コンコース売店,
TOICA,C7,3FDBD,#咖喱&カレーパン#天馬,アスティ静岡店,
TOICA,C7,3FDC3,スターバックスコーヒー,ASTY静岡 西館店,
TOICA,C7,3FDCE,吉野家,JR静岡駅店,
TOICA,C7,3FFEA,セブン‐イレブン,名古屋地下鉄本山駅店,
TOICA,C7,40007,セブン‐イレブン,富士宮中央町店,
TOICA,C7,40038,セブン‐イレブン,富士山静岡空港店,
TOICA,C7,400A0,ファミリーマート,新富士駅みなみ店,
TOICA,C7,400A1,ファミリーマート,新富士駅みなみ店,
TOICA,C7,400A7,ファミリーマート,大紀町店,
TOICA,C7,400DB,ファミリーマート,修善寺駅北口店,
TOICA,C7,400DC,ファミリーマート,修善寺駅北口店,
TOICA,C7,40137,ファミリーマート,大台かわぞえ店,
TOICA,C7,4014D,ファミリーマート,大台三瀬谷店,
TOICA,C7,4014E,ファミリーマート,大台三瀬谷店,
TOICA,C7,4039D,ファミリーマート,亀山インター南店,
TOICA,C7,4039E,ファミリーマート,亀山インター南店,
TOICA,C7,403B7,ファミリーマート,松阪本居店,
TOICA,C7,403CE,ファミリーマート,松阪春日町店,
TOICA,C7,403CF,ファミリーマート,松阪春日町店,
TOICA,C7,40502,ファミリーマート,北勢麻生田店,
TOICA,C7,40503,ファミリーマート,北勢麻生田店,
TOICA,C7,40514,ファミリーマート,桑名駅前店,
TOICA,C7,40515,ファミリーマート,桑名駅前店,
TOICA,C7,40522,ファミリーマート,浜北宮口店,
TOICA,C7,40543,ファミリーマート,新清水店,
TOICA,C7,405B4,ファミリーマート,伊賀三田店,
TOICA,C7,405B5,ファミリーマート,伊賀三田店,
TOICA,C7,405D0,ファミリーマート,伊賀市部店,
TOICA,C7,405D1,ファミリーマート,伊賀市部店,
TOICA,C7,405EC,ファミリーマート,おわせ総合病院前店,
TOICA,C7,4060C,ファミリーマート,桑名西別所店,
TOICA,C7,4060D,ファミリーマート,桑名西別所店,
TOICA,C7,40624,ファミリーマート,鈴鹿算所店,
TOICA,C7,40625,ファミリーマート,鈴鹿算所店,
TOICA,C7,4068D,ファミリーマート,鈴鹿平田二丁目店,
TOICA,C7,4068E,ファミリーマート,鈴鹿平田二丁目店,
TOICA,C7,40770,吉野家,浜松駅店,
TOICA,C7,40876,ファミリーマート,近鉄伊勢市駅4番ホーム店,
TOICA,C7,4088A,ファミリーマート,近鉄松阪駅改札内橋上店,
TOICA,C7,408D0,ファミリーマート,熱海平和通り店,
TOICA,C7,408D8,ファミリーマート,掛川長谷店,
TOICA,C7,408F7,ファミリーマート,四日市滝川町店,
TOICA,C7,408F8,ファミリーマート,四日市滝川町店,
TOICA,C7,408FD,ファミリーマート,国1関宿店,
TOICA,C7,408FE,ファミリーマート,国1関宿店,
TOICA,C7,40903,ファミリーマート,桑名増田店,
TOICA,C7,40904,ファミリーマート,桑名増田店,
TOICA,C7,40907,ファミリーマート,鈴鹿神戸三丁目店,
TOICA,C7,40908,ファミリーマート,鈴鹿神戸三丁目店,
TOICA,C7,40932,セブン‐イレブン,浜松自動車街店,
TOICA,C7,40937,セブン‐イレブン,桑名西別所店,
TOICA,C7,40938,セブン‐イレブン,桑名西別所店,
TOICA,C7,409D1,エクセルシオール カフェ,アスティ岐阜店,
TOICA,C7,409E8,あんカフェ養老軒,アスティ岐阜店,
TOICA,C7,409F6,ヴィ・ド・フランス,大垣店,
TOICA,C7,40A44,スターバックスコーヒー,ASTY大曽根店,
TOICA,C7,40A4E,ヴィ・ド・フランス,多治見店,
TOICA,C7,40CB2,ファミリーマート,みやま相賀店,
TOICA,C7,40D22,ファミリーマート,津岩田町店,
TOICA,C7,40D23,ファミリーマート,津岩田町店,
TOICA,C7,40D68,ファミリーマート,熊野井戸店,
TOICA,C7,40DD6,セブン‐イレブン,東員町役場前店,
TOICA,C7,40DD7,セブン‐イレブン,東員町役場前店,
TOICA,C7,417A4,ファミリーマート,アスティ大垣店,
TOICA,C7,41930,セブン‐イレブン,桑名駅西店,
TOICA,C7,42046,ファミリーマート,浜松細江三和店,
TOICA,C7,4257B,セブン‐イレブン,鈴鹿庄野共進1丁目店,
TOICA,C7,4257C,セブン‐イレブン,鈴鹿庄野共進1丁目店,
TOICA,C7,42623,セブン‐イレブン,松阪春日町店,
TOICA,C7,426F0,ファミリーマート,紀伊長島インター店,
TOICA,C7,429E5,セブン‐イレブン,伊賀忍者市駅南店,
TOICA,C7,429E6,セブン‐イレブン,伊賀忍者市駅南店,
TOICA,C7,42A9F,セブン‐イレブン,名古屋則武1丁目店,
TOICA,C7,42B81,マクドナルド,新城バイパス店,
TOICA,C7,42B82,マクドナルド,新城バイパス店,
TOICA,C7,42C78,セブン‐イレブン,郡上市民病院前店,
TOICA,C7,42C79,セブン‐イレブン,郡上市民病院前店,
TOICA,C7,42F2A,PLUSTA Bento,品川幹線南乗換改札内,
TOICA,C7,42F2B,PLUSTA Bento,品川幹線南乗換改札内,
TOICA,C7,42F73,PLUSTA,新大阪幹線下13,
TOICA,C7,42F74,PLUSTA,新大阪幹線下13,
TOICA,C7,42FD8,セブン‐イレブン,新富士SS店,
TOICA,C7,42FD9,セブン‐イレブン,新富士SS店,
TOICA,C7,5E7B7,セブン‐イレブン,飯田座光寺店,
TOICA,C7,5E7B8,セブン‐イレブン,飯田座光寺店,
TOICA,C7,65099,セブン‐イレブン,飯田インター店,
TOICA,C7,6509A,セブン‐イレブン,飯田インター店,
TOICA,C7,6509B,セブン‐イレブン,飯田インター店,
TOICA,C7,7BD07,セブン‐イレブン,飯田切石店,
TOICA,C7,7BD08,セブン‐イレブン,飯田切石店,
TOICA,C7,7E638,セブン‐イレブン,飯田松尾上溝店,
TOICA,C7,7E639,セブン‐イレブン,飯田松尾上溝店,
TOICA,C7,8123D,セブン‐イレブン,飯田大門店,
TOICA,C7,8123E,セブン‐イレブン,飯田大門店,
TOICA,C7,8B752,ファミリーマート,東かなえ店,
TOICA,C7,8B753,ファミリーマート,東かなえ店,
TOICA,C7,8C7AD,ファミリーマート,下市田郵便局前店,
TOICA,C7,8C7AE,ファミリーマート,下市田郵便局前店,
TOICA,C7,8C7B6,ファミリーマート,飯田鼎切石店,
TOICA,C7,8C7B7,ファミリーマート,飯田鼎切石店,
TOICA,C7,91CA4,セブン‐イレブン,飯田北方店,
TOICA,C7,91CA5,セブン‐イレブン,飯田北方店,
TOICA,C7,AB228,ホテルルートイン,津駅南,
TOICA,C7,AB24B,ホテルルートイン,島田駅前,
TOICA,C7,AB251,ホテルルートイン,長泉沼津インター第1,
TOICA,C7,AB252,ホテルルートイン,掛川インター,
TOICA,C7,AB253,ホテルルートイン,浜松駅東,
TOICA,C7,AB256,ホテルルートイン,中津川インター,
TOICA,C7,AB259,ホテルルートイン,可児,
TOICA,C7,AB25B,ホテルルートイン,大垣インター,
TOICA,C7,AB269,ホテルルートイン,豊川インター,
TOICA,C7,AB278,ホテルルートイン,豊田陣中,
TOICA,C7,AB27B,ホテルルートイン,一宮駅前,
TOICA,C7,AB562,ドン・キホーテ,名古屋栄店,
TOICA,C7,AB6DD,ホテルルートイン,南四日市,
TOICA,C7,AB742,ブックオフプラス,浜北店,
TOICA,C7,AB817,#海鮮めし家#牧原鮮魚店,ラグーナテンボス店,
TOICA,C7,AB843,ホテルルートイン,浜松ディーラー通り,
TOICA,C7,AB905,ぎふ大和PA(上り),ショッピングコーナー,
TOICA,C7,AB909,#四季食彩レストラン#おがたま,,
TOICA,C7,ABA8B,喫茶むらやま,エスカ店,
TOICA,C7,ABB54,#みそかつ#矢場とん,名古屋駅エスカ店,
TOICA,C7,ABB55,鳥開総本家,名駅エスカ店,
TOICA,C7,ABC1D,大山田PA(上り),ショッピングコーナー,
TOICA,C7,ABCD0,#珈琲所#コメダ珈琲店,磐田今之浦店,
TOICA,C7,ABD0C,#珈琲所#コメダ珈琲店,白子稲生店,
TOICA,C7,ABE42,カレーハウスCoCo壱番屋,津駅南店,
TOICA,C7,ABF74,上島珈琲店,NEOPASA駿河湾沼津下り店,
TOICA,C7,ABFD5,やまと温泉 やすらぎ館,,
TOICA,C7,ABFD6,山法師,やまと温泉やすらぎ館内,
TOICA,C7,AC0AB,セブン銀行,東名高速道路 足柄サービスエリア 上り 共同出張所,
TOICA,C7,ACACD,ラグーナテンボス,ラグナシア チケットブース,
TOICA,C7,ACBB7,#炭焼きレストラン#さわやか,長泉店,
TOICA,C7,ACBFF,#炭焼きレストラン#さわやか,細江本店,
TOICA,C7,ACC09,#炭焼きレストラン#さわやか,浜松高塚店,
TOICA,C7,ACC14,#炭焼きレストラン#さわやか,浜松鴨江店,
TOICA,C7,ACEC6,デリフランス,浜松店,
TOICA,C7,ACF55,想吃担担面,ユニモール店,
TOICA,C7,ACF8F,まぐろ小屋本店,ユニモール店,
TOICA,C7,ACF90,博多一口ちびまる餃子,ユニモール店,
TOICA,C7,ACFDB,掛川スーパー,浅羽店,
TOICA,C7,ACFDC,掛川スーパー,浅羽店,
TOICA,C7,ACFDD,掛川スーパー,浅羽店,
TOICA,C7,AD0D7,三省堂書店,名古屋本店,
TOICA,C7,AD0ED,青柳総本家,KITTE名古屋店,
TOICA,C7,AD1D4,オアシスMSC,中部労災病院店,
TOICA,C7,AD30C,モスバーガー,一宮妙興寺店,
TOICA,C7,AD317,モスバーガー,豊川インター店,
TOICA,C7,AD3EF,モスバーガー,浜北店,
TOICA,C7,AD5E3,ホテルルートイン,豊橋駅前,
TOICA,C7,AD691,サンドラッグ,プライムツリー赤池店,
TOICA,C7,ADD51,スギ薬局,藤岡店,
TOICA,C7,ADD92,スギ薬局,松河戸店,
TOICA,C7,ADDFD,スギ薬局,伏見店,
TOICA,C7,ADEA5,スギ薬局,藤岡店,
TOICA,C7,ADF1D,スギ薬局,藤岡店,
TOICA,C7,AE1F9,熊野市駅前特産品館,,
TOICA,C7,AE355,TAC-MATE,松屋店,
TOICA,C7,AE406,サンエトワール,浜松上り店,
TOICA,C7,AE439,ドライバーズ・スポット 天神屋,掛川PA上り店,
TOICA,C7,AE43A,ドライバーズ・スポット 天神屋,掛川PA下り店,
TOICA,C7,AE45F,いきなり!ステーキ,名古屋大須店,
TOICA,C7,AE52C,笑たこ,モレラ岐阜店,
TOICA,C7,AE530,#果汁工房#果琳,モレラ岐阜店,
TOICA,C7,AE532,近江ちゃんぽん亭,モレラ岐阜店,
TOICA,C7,AE68F,アマノドラッグ,JR名駅中央店,
TOICA,C7,AE690,アマノドラッグ,JR名駅中央店,
TOICA,C7,AE740,モスバーガー,志段味店,
TOICA,C7,AEAC0,吉見書店,竜南本店,
TOICA,C7,AF759,ジョイフル,豊田福受店,
TOICA,C7,AFD1F,#珈琲所#コメダ珈琲店,美濃加茂店,
TOICA,C7,AFD8D,#珈琲所#コメダ珈琲店,豊橋平川本町店,
TOICA,C7,AFD90,#珈琲所#コメダ珈琲店,しんしろ店,
TOICA,C7,AFD97,#珈琲所#コメダ珈琲店,飯田座光寺店,
TOICA,C7,B0217,#珈琲所#コメダ珈琲店,エスカ店,
TOICA,C7,B0250,デイリーヤマザキ,高山花川店,
TOICA,C7,B0251,デイリーヤマザキ,高山花川店,
TOICA,C7,B0278,デイリーヤマザキ,名古屋駅西店,
TOICA,C7,B0285,デイリーヤマザキ,NEOPASA静岡上店,
TOICA,C7,B029D,デイリーヤマザキ,阿智PA(上り)店,
TOICA,C7,B02B9,デイリーヤマザキ,岐阜恵那峡店,
TOICA,C7,B05D8,ホームセンター アント,守山店,
TOICA,C7,B05DE,ホームセンター アント,藤岡店,
TOICA,C7,B05E1,ホームセンター アント,藤岡店,
TOICA,C7,B05E3,ホームセンター アント,藤岡店,
TOICA,C7,B05FB,ニューヤマザキデイリーストア,足柄駅前店,
TOICA,C7,B0613,デイリーヤマザキ,大桑野尻店,
TOICA,C7,B061C,ニューヤマザキデイリーストア,メルショップなごや1,
TOICA,C7,B061D,ニューヤマザキデイリーストア,メルショップなごや1,
TOICA,C7,B061E,ニューヤマザキデイリーストア,メルショップなごや1,
TOICA,C7,B061F,ニューヤマザキデイリーストア,メルショップなごや1,
TOICA,C7,B064C,デイリーヤマザキ,高山昭和町店,
TOICA,C7,B064D,デイリーヤマザキ,高山昭和町店,
TOICA,C7,B0655,松浦酒店,,
TOICA,C7,B080D,柿安 口福堂,プライムツリー赤池店,
TOICA,C7,B084D,IPPUDO RAMEN EXPRESS,プライムツリー赤池店,
TOICA,C7,B092B,My Marche NEST,,
TOICA,C7,B0955,デイリーヤマザキ,名古屋栄4丁目店,
TOICA,C7,B0968,デイリーヤマザキ,金城ふ頭駅店,
TOICA,C7,B0BDB,白沢書店,,
TOICA,C7,B0ED1,どんどん庵,旭前店,
TOICA,C7,B119D,デイリーヤマザキ,名神伊吹PA(下り)店,
TOICA,C7,B212A,カレーハウスCoCo壱番屋,美濃加茂山手町店,
TOICA,C7,B2311,カレーハウスCoCo壱番屋,豊川インター店,
TOICA,C7,B277D,ほっともっと,伊那西町店,
TOICA,C7,B277E,ほっともっと,伊那西町店,
TOICA,C7,B2784,ほっともっと,一身田町店,
TOICA,C7,B2A19,カレーハウスCoCo壱番屋,飯田座光寺店,
TOICA,C7,B39CE,カフェ・ベローチェ,栄四丁目広小路通店,
TOICA,C7,B45C2,ホテルルートイン,御殿場,
TOICA,C7,B46CD,モスバーガー,アスティ岐阜店,
TOICA,C7,B6266,本草湯,,
TOICA,C7,B68F0,ホテルルートイン,名古屋今池駅前,
TOICA,C7,B69E2,ホテルルートイン,名古屋東別院,
TOICA,C7,B69E9,ホテルルートイン,美濃加茂,
TOICA,C7,B69EB,ホテルルートイン,関,
TOICA,C7,B69ED,ホテルルートイン,多治見インター,
TOICA,C7,B69EF,ホテルルートイン,恵那,
TOICA,C7,B6B1A,ホテルルートイン,各務原,
TOICA,C7,B6B1B,ホテルルートイン,四日市,
TOICA,C7,B6B1C,ホテルルートイン,鈴鹿,
TOICA,C7,B6B20,ホテルルートイン,松阪駅東,
TOICA,C7,B6F15,ホテルルートイン,新城,
TOICA,C7,B7526,ホテルルートイン,菊川インター,
TOICA,C7,B8326,ホテルルートイン,亀山インター,
TOICA,C7,B9198,ぎゅーとら,ラブリー鵜方店,
TOICA,C7,B96EE,かつや,岐阜美濃加茂店,
TOICA,C7,BA7D6,ホテルルートイン,名張,
TOICA,C7,BA7D7,ホテルルートイン,名張,
TOICA,C7,BA7D8,ホテルルートイン,四日市,
TOICA,C7,BAA9C,Sugakiya,モレラ岐阜,
TOICA,C7,BB3E0,ホテルルートイン,美濃加茂,
TOICA,C7,BD61C,土岐よりみち温泉,,
TOICA,C7,C3292,スターバックスコーヒー,キュービックプラザ新横浜3階店,
TOICA,C7,C3293,スターバックスコーヒー,キュービックプラザ新横浜3階店,
TOICA,C7,C3294,スターバックスコーヒー,キュービックプラザ新横浜3階店,
TOICA,C7,C39C0,カラオケBanBan,浜松佐鳴台店,
TOICA,C7,C5A91,Steppin Cafe,千代田店,
TOICA,C7,C834C,BOUL’ANGE,JR名古屋高島屋店,
TOICA,C7,C8C41,ミニストップ,豊田保見町店,
TOICA,C7,CD8AB,ユニクロ,キュービックプラザ新横浜店,
TOICA,C7,E898E,BOUL’ANGE,新静岡セノバ店,
TOICA,C7,F4722,バースデイ,長泉店,
TOICA,C7,F6B3C,すき家,港区小割通店,
TOICA,C7,F7D5D,すき家,152号浜松篠ヶ瀬店,
TOICA,C7,F7EED,はま寿司,亀山店,
TOICA,C7,F7F01,すき家,御殿場店,
TOICA,C7,F8704,すき家,美濃加茂山手店,
TOICA,C7,F8B90,すき家,151号新城店,
TOICA,C7,F8B91,すき家,151号新城店,
TOICA,C7,F9B2A,すき家,42号熊野店,
TOICA,C7,F9FFE,PRONTO,豊橋駅店,
TOICA,C7,FA040,mikawa bonTora,,
TOICA,C8,0278C,自動販売機,#JR東海#名古屋駅,新幹線上り(14·15番線)ホーム 8号車付近
TOICA,C8,027E2,自動販売機,#JR東海#名古屋駅,新幹線下り(16·17番線)ホーム
TOICA,C8,027E6,自動販売機,#JR東海#名古屋駅,新幹線上り(14·15番線)ホーム 13号車付近
TOICA,C8,027F8,自動販売機,#JR東海#静岡駅,新幹線 5番線ホーム 上り
TOICA,C8,02803,自動販売機,#JR東海#静岡駅,在来2Fコンコース パルシェ東館改札口脇
TOICA,C8,02804,自動販売機,#JR東海#静岡駅,在来線 3・4番線(下り)ホーム 東京方 階段付近 駅事務所前
TOICA,C8,02806,自動販売機,#JR東海#浜松駅,新幹線 6番線ホーム
TOICA,C8,02843,自動販売機,#JR東海#新大阪駅,新幹線改札内 20番線ホーム中央
TOICA,C8,0284C,自動販売機,#JR東海#新大阪駅,新幹線ホーム
TOICA,C8,02864,自動販売機,#JR東海#京都駅,八条口入口脇
TOICA,C8,0287C,自動販売機,#JR東海#豊橋駅,2·3番線ホーム 名古屋寄り
TOICA,C8,02882,自動販売機,#JR東海#豊橋駅,
TOICA,C8,02884,自動販売機,#JR東海#豊橋駅,新幹線 東京方面ホーム
TOICA,C8,0288B,自動販売機,#JR東海#豊橋駅,新幹線 大阪方面ホーム
TOICA,C8,02892,自動販売機,#JR東海#枇杷島駅,改札外自由通路
TOICA,C8,0289B,自動販売機,#JR東海#豊橋駅,在来線改札内 自販機コーナー
TOICA,C8,028B7,自動販売機,#JR東海#豊橋駅,7·8番ホーム浜松寄り
TOICA,C8,028DA,自動販売機,#JR東海#三島駅,1·2番線ホーム上
TOICA,C8,028DB,自動販売機,#JR東海#三島駅,新幹線ホーム8号車付近
TOICA,C8,028E5,自動販売機,#JR東海#三河大塚駅,駅舎外 出入口脇
TOICA,C8,028E9,自動販売機,#JR東海#沼津駅,1·2番ホーム熱海寄り
TOICA,C8,02940,自動販売機,#JR東海#岐阜羽島駅,新幹線 0·1番線6号車付近
TOICA,C8,02958,自動販売機,#JR東海#岡崎駅,豊橋方面ホーム
TOICA,C8,0295F,自動販売機,#JR東海#掛川駅,新幹線 5番線ホーム 掛川駅下り10号車右
TOICA,C8,02979,自動販売機,#JR東海#稲沢駅,売店横
TOICA,C8,0297F,自動販売機,#JR東海#稲沢駅,ホーム
TOICA,C8,029B4,自動販売機,#JR東海#三河塩津駅,待合
TOICA,C8,029BD,自動販売機,#JR東海#沼津駅,1·2番線ホーム中央付近
TOICA,C8,029BE,自動販売機,#JR東海#沼津駅,1·2番線ホーム中央付近
TOICA,C8,029DB,自動販売機,デリカステーション リニア鉄道館,
TOICA,C8,029E3,ベルマートキヨスク,中央ホーム,
TOICA,C8,029E7,自動販売機,#JR東海#三島駅,新幹線ホーム東京寄り売店付近
TOICA,C8,02A21,コインロッカー,#JR東海#名古屋駅,広小路口
TOICA,C8,02A23,コインロッカー,#JR東海#名古屋駅,中央北口
TOICA,C8,02A3E,自動販売機,#JR東海#京都駅,八条口 コインロッカーT-2隣 星乃珈琲店向かい
TOICA,C8,02A93,自動販売機,#JR東海#名古屋駅,上り(1·2番)ホーム 金山方
TOICA,C8,02AB1,自動販売機,#JR東海#武豊駅,駅舎出入口脇
TOICA,C8,02ADF,自動販売機,#JR東海#千種駅,ホーム
TOICA,C8,02AE7,勝川駅東自転車駐車場,第4ゲート,
TOICA,C8,02AED,自動販売機,#JR東海#大垣駅,2·3番ホーム 岐阜駅寄り
TOICA,C8,02B39,自動販売機,#JR東海#松阪駅,1番線ホーム
TOICA,C8,02B6A,自動販売機,デリカステーション リニア鉄道館,
TOICA,C8,02B96,自動販売機,#JR東海#名古屋駅,12·13番線ホーム亀山寄り
TOICA,C8,02BF2,#名古屋駅きしめん#住よし,JR名古屋駅 新幹線上りホーム,
TOICA,C8,02BF3,#名古屋駅きしめん#住よし,JR名古屋駅 新幹線下りホーム,
TOICA,C8,02BF4,#名古屋駅きしめん#住よし,JR名古屋駅 新幹線下りホーム,
TOICA,C8,02C21,#名古屋駅きしめん#住よし,JR名古屋駅 1·2番線ホーム,
TOICA,C8,02C24,#麺亭#憩,5·6番線ホーム,
TOICA,C8,02C27,爽亭,JR岐阜羽島駅(改札外),
TOICA,C8,02C9D,#豊橋総合動植物公園#のんほいパーク,きっぷうりば,
TOICA,C8,02C9E,#豊橋総合動植物公園#のんほいパーク,きっぷうりば,
TOICA,C8,02C9F,#豊橋総合動植物公園#のんほいパーク,きっぷうりば,
TOICA,C8,02CE0,#名古屋駅きしめん#住よし,JR名古屋駅 7・8番線ホーム,
TOICA,C8,02CF0,コインロッカー,#JR東海#岐阜駅,1階 岐阜市ステーションプラザ前
TOICA,C8,02CF2,コインロッカー,#JR東海#岐阜駅,
TOICA,C8,0323E,自動販売機,#JR東海#三島駅,新幹線ホーム9号車付近
TOICA,C8,18714,#とんこつらーめん#俺式 純,,
TOICA,C8,187C6,自動販売機,#JR東海#春日井駅,1番線ホーム
TOICA,C8,187D0,自動販売機,#JR東海#大垣駅,5·6番線ホーム
TOICA,C8,18809,自動販売機,#JR東海#古虎渓駅,改札外
TOICA,C8,18845,エコステーション21,アスティ静岡駐輪場 2階エリア,
TOICA,C8,18850,自動販売機,#JR東海#鳥羽駅,駅舎内
TOICA,C8,18862,自動販売機,#JR東海#静岡駅,在来線 3・4番線(下り)ホーム 大阪方 階段付近
TOICA,C8,1887F,松屋,新栄店,
TOICA,C8,18880,松屋,藤が丘店,
TOICA,C8,18881,松屋,広小路本町店,
TOICA,C8,18883,松屋,大津通錦店,
TOICA,C8,18884,松屋,金山店,
TOICA,C8,18886,松屋,納屋橋店,
TOICA,C8,18898,松屋,桑名店,
TOICA,C8,1889A,松屋,四日市日永店,
TOICA,C8,188A6,松屋,豊山店,
TOICA,C8,188B6,松屋,亀島店,
TOICA,C8,188DD,#Curry&Beer Bar#WAVE,,
TOICA,C8,18902,自動販売機,#JR東海#新大阪駅,新幹線改札内 21·22番線ホーム 京都方
TOICA,C8,18978,自動販売機,#JR東海#名古屋駅,10·11番線ホーム「きしめん住よし」前
TOICA,C8,18979,自動販売機,#JR東海#名古屋駅,10·11番線ホーム東京寄り
TOICA,C8,1897C,自動販売機,#JR東海#東京駅,東海道新幹線16·17番線ホーム 16号車付近
TOICA,C8,189E4,味噌麺処 花道庵,東京駅店,
TOICA,C8,189E5,ソラノイロNIPPON,,
TOICA,C8,18A05,鈴鹿市駅第2自転車駐車場,,
TOICA,C8,18A08,自動販売機,#JR東海#東京駅,東海道新幹線18·19番線ホーム
TOICA,C8,18A3B,自動販売機,#愛環#八草駅,2番線ホーム
TOICA,C8,18A3C,本家西尾八ッ橋,そば処 為治郎,
TOICA,C8,18A7F,自動販売機,#JR東海#静岡駅,在来線コンコース パルシェ本館改札口横
TOICA,C8,18ACE,自動販売機,#JR東海#東京駅,東海道新幹線14·15番線ホーム 9·10号車付近
TOICA,C8,18B05,#名古屋駅きしめん#住よし,JR名古屋駅 3·4番線ホーム,
TOICA,C8,18B06,#名古屋駅きしめん#住よし,JR名古屋駅 5·6番線ホーム,
TOICA,C8,18B09,#名古屋駅きしめん#住よし,JR名古屋駅 10·11番線ホーム,
TOICA,C8,18B0E,爽亭,JR三島駅南口(改札外),
TOICA,C8,18B21,自動販売機,#JR東海#三島駅,5·6番線ホーム
TOICA,C8,18B2A,グル麺,名古屋上り,
TOICA,C8,18B4E,自動販売機,#JR東海#浜松駅,在来線 1・2番線(上り)ホーム 大阪方
TOICA,C8,18B50,#そば・うどん#壺屋,豊橋駅,
TOICA,C8,18B72,自動販売機,#JR東海#品川駅,下りホーム3号車付近
TOICA,C8,18BA6,自動販売機,#JR東海#御厨駅,改札外
TOICA,C8,18BBE,松屋,松阪大黒田店,(松のや併設)
TOICA,C8,18BD0,自動販売機,#JR東海#二川駅,改札外322号店舗跡2
TOICA,C8,18BDE,よもだそば,名古屋サンロード店,
TOICA,C8,18C57,#そば・うどん#壺屋,豊橋駅,
TOICA,C8,18C92,よもだそば,名古屋うまいもん通り広小路口店,
TOICA,C8,18C93,よもだそば,名古屋うまいもん通り広小路口店,
TOICA,C8,18CB2,自動販売機,#JR東海#静岡駅,在来線 3・4番線(下り)ホーム 大阪方
TOICA,C8,1A9FD,やよい軒,錦2丁目店,
TOICA,C8,1AA11,コインロッカー,#JR東海#京都駅,ASTY京都前(ゆり)
TOICA,C8,30D84,自動販売機,NEOPASA静岡 下り,小型P側トイレ付近自動販売機コーナー
TOICA,C8,310DE,自動販売機,足柄SA(下り),トイレ前
TOICA,C8,310EA,自動販売機,足柄SA(下り),トイレ前
TOICA,C8,3118A,自動販売機,神坂PA(下り),屋外
TOICA,C8,31378,自動販売機,関SA(上り),建物外 売店・トイレ間
TOICA,C8,314C6,自動販売機,愛知電機株式会社,制御機器工場1F
TOICA,C8,32FFD,自動販売機,岩戸屋 物産展,裏口(内宮A4駐車場側)
TOICA,C8,330BD,焼津駅北口自転車駐車場,,
TOICA,C8,331C2,自動販売機,#JR東海#新大阪駅,新幹線コンコース 27番線ホーム行き階段そば
TOICA,C8,3323F,自動販売機,#JR東海#三島駅,新幹線ホーム東京寄り
TOICA,C8,33249,自動販売機,#JR東海#名古屋駅,新幹線上り(14·15番線)ホーム 13号車付近
TOICA,C8,336C2,自動販売機,遠鉄磐田自動車学校,3F レストコーナー
TOICA,C8,34B0D,ファミリーマート,四日市三ツ谷東町店,
TOICA,C8,34B43,ファミリーマート,EXPASA御在所下り店,
TOICA,C8,34F89,ファミリーマート,アスティ大垣店,
TOICA,C8,34FDF,ファミリーマート,三河安城駅前店,
TOICA,C8,3500E,#肉うどん・肉どうふ#えん,ASTY静岡店,
TOICA,C8,35023,ファミリーマート,春日井西本町店,
TOICA,C8,35223,ファミリーマート,美濃加茂山手店,
TOICA,C8,366BA,マクドナルド,JR名古屋駅店,
TOICA,C8,366D9,ファミリーマート,JR焼津駅/S店,
TOICA,C8,366DA,ファミリーマート,JR焼津駅/S店,
TOICA,C8,371E4,マクドナルド,高山駅西店,
TOICA,C8,371E5,マクドナルド,高山駅西店,
TOICA,C8,371E6,マクドナルド,高山駅西店,
TOICA,C8,37299,マクドナルド,イオン伊賀上野店,
TOICA,C8,3729A,マクドナルド,イオン伊賀上野店,
TOICA,C8,67ED1,自動販売機,森下公園,公衆トイレ横
TOICA,C8,7D826,自動販売機,#JR東海#京都駅,八条口 東コーナー
TOICA,C8,7D8FB,自動販売機,#JR東海#静岡駅,在来線 3・4番線(下り)ホーム 大阪方
TOICA,C8,87CD9,自動販売機,#JR東海#京都駅,新幹線改札内 11・12番線(東京方) エスカレーター下
TOICA,C8,AB617,ENEOS EneJet,さなげ台SS,
TOICA,C8,AB618,ENEOS EneJet,さなげ台SS,
TOICA,C8,AB619,ENEOS EneJet,さなげ台SS,
TOICA,C8,AB61A,ENEOS EneJet,さなげ台SS,
TOICA,C8,AB61B,ENEOS EneJet,さなげ台SS,
TOICA,C8,AB61C,ENEOS EneJet,さなげ台SS,
TOICA,C8,AB61D,ENEOS EneJet,さなげ台SS,
TOICA,C8,AB6D5,セブン銀行,イトーヨーカドー プライムツリー赤池店 共同出張所,
TOICA,C8,AB6D7,セブン銀行,イトーヨーカドー プライムツリー赤池店 共同出張所,
TOICA,C8,AB72B,セブン銀行,セブン‐イレブン 熱海咲見町店 共同出張所,
TOICA,C8,AB830,セブン銀行,セブン‐イレブン 新城バイパス店 共同出張所,
TOICA,C8,AB992,セブン銀行,セブン‐イレブン 桑名益生店 共同出張所,
TOICA,C8,AB995,セブン銀行,セブン‐イレブン 豊田市伊保町店 共同出張所,
TOICA,C8,ABA1F,セブン銀行,セブン‐イレブン 豊田市金谷町店 共同出張所,
TOICA,C8,ABA73,セブン銀行,セブン‐イレブン 静岡葵タワー店 共同出張所,
TOICA,C8,ABA74,セブン銀行,セブン‐イレブン 静岡葵タワー店 共同出張所,
TOICA,C8,ABD1C,セブン銀行,セブン‐イレブン 四日市城山町店 共同出張所,
TOICA,C8,ABE4B,セブン銀行,セブン‐イレブン 四日市富田3丁目店 共同出張所,
TOICA,C8,ABE6F,セブン銀行,セブン‐イレブン 美濃加茂山手町店 共同出張所,
TOICA,C8,ABE70,セブン銀行,セブン‐イレブン 美濃加茂山手町店 共同出張所,
TOICA,C8,ABF0F,セブン銀行,セブン‐イレブン 神戸町役場前店 共同出張所,
TOICA,C8,ABF3C,セブン銀行,セブン‐イレブン NBSプライムツリー赤池店 共同出張所,
TOICA,C8,ABF52,セブン銀行,セブン‐イレブン 伊賀緑ケ丘東町店 共同出張所,
TOICA,C8,ABF94,セブン銀行,セブン‐イレブン 富士山静岡空港店 共同出張所,
TOICA,C8,ABFA6,セブン銀行,セブン‐イレブン 伊賀四十九町北店 共同出張所,
TOICA,C8,ABFBF,セブン銀行,セブン‐イレブン 伊賀緑ケ丘本町店 共同出張所,
TOICA,C8,AC044,セブン銀行,しずてつストア 千代田店 共同出張所,
TOICA,C8,AC0E7,セブン銀行,セブン‐イレブン 伊賀平野東町店 共同出張所,
TOICA,C8,AC0FC,セブン銀行,セブン‐イレブン 四日市京町店 共同出張所,
TOICA,C8,AC111,セブン銀行,セブン‐イレブン 名古屋錦3丁目店 共同出張所,
TOICA,C8,AC19D,セブン銀行,セブン‐イレブン 桑名西別所店 共同出張所,
TOICA,C8,AC1B7,セブン銀行,セブン‐イレブン 東員町役場前店 共同出張所,
TOICA,C8,AC221,セブン銀行,名古屋市営地下鉄 東山線 千種駅 共同出張所,
TOICA,C8,AC28E,セブン銀行,セブン‐イレブン 伊賀忍者市駅南店 共同出張所,
TOICA,C8,AC2B3,セブン銀行,田子重 田沼店 共同出張所,
TOICA,C8,AC2C3,セブン銀行,田子重 小川店 共同出張所,
TOICA,C8,AC2DE,セブン銀行,セブン‐イレブン 郡上市民病院前店 共同出張所,
TOICA,C8,AC32F,セブン銀行,セブン‐イレブン 新富士SS店 共同出張所,
TOICA,C8,AC38B,セブン銀行,田子重 小土店 共同出張所,
TOICA,C8,AE05B,セブン銀行,JR京都駅 新幹線改札内 共同出張所,
TOICA,C8,AE05C,セブン銀行,JR京都駅 新幹線改札内 共同出張所,
TOICA,C8,AE683,ENEOS,中央道諏訪インターTS,
TOICA,C8,AED83,ローソン,熊野木本町店,
TOICA,C8,AEDC7,ローソン,豊橋旭本町店,
TOICA,C8,AEEAD,ローソン,鈴鹿高岡南店,
TOICA,C8,AEF1C,ローソン,桑名駅前店,
TOICA,C8,AEF1D,ローソン,桑名駅前店,
TOICA,C8,AEF3D,ローソン,亀山東御幸店,
TOICA,C8,AEF67,ローソン,津一身田店,
TOICA,C8,AEF68,ローソン,津一身田店,
TOICA,C8,AEFA8,ローソン,一宮駅西店,
TOICA,C8,AEFC4,ローソン,上前津駅南店,
TOICA,C8,AEFDA,ローソン,美濃加茂森山店,
TOICA,C8,AEFDB,ローソン,美濃加茂森山店,
TOICA,C8,AEFF8,ローソン,岡崎六名駅前店,
TOICA,C8,AF033,ローソン,高山名田町店,
TOICA,C8,AF034,ローソン,高山名田町店,
TOICA,C8,AF07B,ローソンストア100,亀島店,
TOICA,C8,AF0F3,ローソン,鈴鹿神戸一丁目店,
TOICA,C8,AF0F4,ローソン,鈴鹿神戸一丁目店,
TOICA,C8,AF1A0,ローソン,員弁町楚原店,
TOICA,C8,AF1BF,ローソン,員弁町楚原店,
TOICA,C8,AF1EC,ローソン,松阪垣鼻町店,
TOICA,C8,AF1ED,ローソン,松阪垣鼻町店,
TOICA,C8,AF1F1,ローソン,松阪本町店,
TOICA,C8,AF1F2,ローソン,松阪本町店,
TOICA,C8,AF259,ローソン,豊川東名店,
TOICA,C8,AF265,ローソン,関西本郷通店,
TOICA,C8,AF285,ローソン,恵那市役所前店,
TOICA,C8,AF316,ローソン,名駅太閤通口店,
TOICA,C8,AF317,ローソン,名駅太閤通口店,
TOICA,C8,AF318,ローソン,名駅太閤通口店,
TOICA,C8,AF390,ローソン,関ヶ原町店,
TOICA,C8,AF448,ローソン,中村則武本通店,
TOICA,C8,AF51C,ローソン,長良川鉄道関口駅店,
TOICA,C8,AF54A,JPローソン,KITTE名古屋1F店,
TOICA,C8,AF657,ローソン,中区下前津店,
TOICA,C8,AF687,ローソン,高山西之一色店,
TOICA,C8,AF688,ローソン,高山西之一色店,
TOICA,C8,AF71D,ローソン,富士宮島店,
TOICA,C8,AF71E,ローソン,富士宮島店,
TOICA,C8,AF76C,ローソン,瀬戸内田町店,
TOICA,C8,AF859,ローソン,新城的場店,
TOICA,C8,AF85A,ローソン,新城的場店,
TOICA,C8,AF8A4,ローソン,上前津店,
TOICA,C8,AF921,ローソン,広小路栄四丁目店,
TOICA,C8,AF9BD,ローソン,四日市日永西二丁目店,
TOICA,C8,AF9C3,ローソン,東区大幸四丁目店,
TOICA,C8,AFA1A,ローソン,JRゲートタワー店,
TOICA,C8,AFA1B,ローソン,JRゲートタワー店,
TOICA,C8,AFA7F,JPローソン,KITTE名古屋2F店,
TOICA,C8,AFA80,JPローソン,KITTE名古屋2F店,
TOICA,C8,AFA81,JPローソン,KITTE名古屋2F店,
TOICA,C8,AFA82,JPローソン,KITTE名古屋2F店,
TOICA,C8,AFAFE,ローソン,名駅納屋橋店,
TOICA,C8,B09AA,セブン銀行,JR新横浜駅 新幹線改札内 共同出張所,
TOICA,C8,B09AB,セブン銀行,JR新横浜駅 新幹線改札内 共同出張所,
TOICA,C8,B775E,ローソン,伊賀佐那具店,
TOICA,C8,BB8A1,ローソン,飯田座光寺店,
TOICA,C8,BB8A2,ローソン,飯田座光寺店,
TOICA,C8,C35AB,セリア,ビックカメラ名古屋西店,
TOICA,C8,CA642,ミニストップ,いなべ大泉店,
TOICA,C8,CA643,ミニストップ,いなべ大泉店,
TOICA,C8,F651E,#めん処#杢屋,#工場直営#浜松入野店,
TOICA,C8,F97DC,なか卯,高岳店,
TOICA,C8,F97DD,なか卯,高岳店,
TOICA,C8,F97E6,なか卯,名古屋伏見店,
TOICA,C8,F97E7,なか卯,名古屋伏見店,
TOICA,C8,F97F0,なか卯,広小路本町店,
TOICA,C8,F97F1,なか卯,広小路本町店,
TOICA,C8,F9A2A,なか卯,東新町店,
TOICA,C8,F9A2B,なか卯,東新町店,
TOICA,C8,F9A2C,なか卯,今池店,
TOICA,C8,F9A2D,なか卯,今池店,
TOICA,C8,F9A2F,なか卯,大須店,
TOICA,C8,FCC59,道の駅 すばしり,,
TOICA,C8,FE73D,リニア・鉄道館,,
manaca,C7,0276E,モスバーガー,池下店,
manaca,C7,02774,スギ薬局,金山駅前店,
manaca,C7,02777,カフェ ローシャ,池下店,
manaca,C7,02795,ビックカメラ,名古屋駅西店,
manaca,C7,0279F,サンコス,小牧店,
manaca,C7,02953,サンマルクカフェ,栄セントラルパーク店,
manaca,C7,02A1A,名鉄病院,,
manaca,C7,02A1B,マツモトキヨシ,ラスパ太田川店,
manaca,C7,02AA7,イタリアン・トマト CafeJr.,名鉄一宮駅店,
manaca,C7,186A5,レトロでんしゃ館,,
manaca,C7,186BD,名古屋城,観覧券正門売場,
manaca,C7,186C5,東山動植物園,,
manaca,C7,186D2,セブン‐イレブン,名古屋地下鉄徳重駅店,
manaca,C7,186D6,セブン‐イレブン,名古屋地下鉄八事駅店,
manaca,C7,186D9,セブン‐イレブン,名古屋地下鉄名古屋駅店,
manaca,C7,186DA,セブン‐イレブン,名古屋地下鉄名古屋駅店,
manaca,C7,186DD,セブン‐イレブン,名古屋地下鉄千種駅店,
manaca,C7,186E0,ヴィ・ド・フランス,上前津店,
manaca,C7,186E5,北陸鉄道,北鉄金沢駅,北鉄駅前センター
manaca,C7,186E7,スターバックスコーヒー,東山線千種駅店,
manaca,C7,186E8,スターバックスコーヒー,東山線千種駅店,
manaca,C7,186EB,セブン‐イレブン,名古屋地下鉄久屋大通駅店,
manaca,C7,186F2,セブン‐イレブン,名古屋地下鉄本山駅店,
manaca,C7,186F9,吉野家,名鉄名古屋駅店,
manaca,C7,186FD,スターバックスコーヒー,ヨリマチFUSHIMI店,
manaca,C7,31098,ピアゴ,ラ フーズコア正保店,
manaca,C7,3120C,ピアゴ,植田店,
manaca,C7,31216,ピアゴ,植田店,
manaca,C7,3131B,アピタ,千代田橋店,
manaca,C7,3134C,アピタ,千代田橋店,
manaca,C7,31390,サイゼリヤ,t-FACE店,
manaca,C7,3155F,ピアゴパワー,西城店,
manaca,C7,319EA,ファミリーマート,ヨリマチFUSHIMI南店,
manaca,C7,32790,ケンタッキーフライドチキン,守山大森店,
manaca,C7,32791,ケンタッキーフライドチキン,守山大森店,
manaca,C7,3292B,ドトールコーヒーショップ,名鉄岐阜店,
manaca,C7,32A2E,ドトールコーヒーショップ,大名古屋ビルヂング店,
manaca,C7,33B32,ファミリーマート,豊田貝津町店,
manaca,C7,3423D,丸善,名古屋セントラルパーク店,
manaca,C7,34256,すき家,セントラルパーク店,
manaca,C7,34868,ファミリーマート,名古屋空港店,
manaca,C7,34869,ファミリーマート,名古屋空港店,
manaca,C7,348AE,ファミリーマート,春日井松河戸町店,
manaca,C7,348AF,ファミリーマート,春日井松河戸町店,
manaca,C7,3495E,ファミリーマート,豊田加納町店,
manaca,C7,3495F,ファミリーマート,豊田加納町店,
manaca,C7,34A18,ファミリーマート,守山小幡南店,
manaca,C7,34A19,ファミリーマート,守山小幡南店,
manaca,C7,34B37,ファミリーマート,恵那岩村店,
manaca,C7,34B38,ファミリーマート,恵那岩村店,
manaca,C7,34BAB,ファミリーマート エスタシオ,西春駅店,
manaca,C7,34BAC,ファミリーマート エスタシオ,西春駅店,
manaca,C7,34BAD,ファミリーマート エスタシオ,西春駅店,
manaca,C7,34CC9,ファミリーマート,広瀬店,
manaca,C7,34D24,ファミリーマート,犬山善師野店,
manaca,C7,34D25,ファミリーマート,犬山善師野店,
manaca,C7,350DC,ファミリーマート エスタシオ,セントレアホテルプラザ店,
manaca,C7,35115,ファミリーマート,守山苗代店,
manaca,C7,35116,ファミリーマート,守山苗代店,
manaca,C7,35268,ファミリーマート,高山駅前店,
manaca,C7,35269,ファミリーマート,高山駅前店,
manaca,C7,3526A,ファミリーマート,高山駅前店,
manaca,C7,3526C,ファミリーマート,千種香流橋店,
manaca,C7,3526D,ファミリーマート,千種香流橋店,
manaca,C7,3529F,ファミリーマート エスタシオ,名鉄岐阜駅ホーム店,
manaca,C7,352B2,ファミリーマート,近鉄名古屋駅地下改札内中央店,
manaca,C7,352B3,ファミリーマート,近鉄名古屋駅地下改札内中央店,
manaca,C7,352B4,ファミリーマート,近鉄名古屋駅地下改札内中央店,
manaca,C7,352B5,ファミリーマート,近鉄名古屋駅地下改札内中央店,
manaca,C7,352B9,ファミリーマート,近鉄名古屋駅1番ホーム前店,
manaca,C7,352E7,ファミリーマート エスタシオ,名鉄名古屋駅下りホーム店,
manaca,C7,353D0,ファミリーマート エスタシオ,名鉄金山駅上りホーム店,
manaca,C7,353D3,ファミリーマート エスタシオ,名鉄金山駅下りホーム店,
manaca,C7,35401,ファミリーマート エスタシオ,小幡駅店,
manaca,C7,35402,ファミリーマート エスタシオ,小幡駅店,
manaca,C7,35610,ファミリーマート,金山正木橋店,
manaca,C7,35616,ファミリーマート,守山向台二丁目店,
manaca,C7,35617,ファミリーマート,守山向台二丁目店,
manaca,C7,3568F,ファミリーマート,東別院駅前店,
manaca,C7,35690,ファミリーマート,東別院駅前店,
manaca,C7,35728,ファミリーマート エスタシオ,名鉄岐阜駅イクト店,
manaca,C7,357BC,ファミリーマート,大森駅南店,
manaca,C7,357BD,ファミリーマート,大森駅南店,
manaca,C7,35872,ファミリーマート,名古屋松坂町店,
manaca,C7,35873,ファミリーマート,名古屋松坂町店,
manaca,C7,359B0,ファミリーマート エスタシオ,名鉄大曽根駅店,
manaca,C7,359B1,ファミリーマート エスタシオ,名鉄大曽根駅店,
manaca,C7,359B2,ファミリーマート エスタシオ,名鉄大曽根駅店,
manaca,C7,35A3C,ファミリーマート,美濃上条店,
manaca,C7,35BD8,ファミリーマート,守山かねなわて店,
manaca,C7,35BD9,ファミリーマート,守山かねなわて店,
manaca,C7,3A9BF,マクドナルド,東海荒尾アピタ店,
manaca,C7,3BF32,セブン‐イレブン,長久手山野田店,
manaca,C7,AAED3,ジュンク堂書店,名古屋栄店,
manaca,C7,AAF79,正文館書店,本店,
manaca,C7,AB059,ダイソー,名古屋栄スカイル店,
manaca,C7,AB05A,ダイソー,名古屋栄スカイル店,
manaca,C7,AB05B,ダイソー,名古屋栄スカイル店,
manaca,C7,AB05C,ダイソー,名古屋栄スカイル店,
manaca,C7,AB05D,ダイソー,名古屋栄スカイル店,
manaca,C7,AB0BB,小牧コロナシネマワールド,,
manaca,C7,AB0C4,カレーハウスCoCo壱番屋,千種区天満通店,
manaca,C7,AB0CE,カレーハウスCoCo壱番屋,守山区大森店,
manaca,C7,AB0D0,カレーハウスCoCo壱番屋,中区伏見通店,
manaca,C7,AB0D3,カレーハウスCoCo壱番屋,中区錦三丁目店,
manaca,C7,AB0DC,カレーハウスCoCo壱番屋,中区広小路本町店,
manaca,C7,AB0F9,カレーハウスCoCo壱番屋,守山大永寺店,
manaca,C7,AB137,MEGAドン・キホーテ,千種香流店,
manaca,C7,AB16B,カレーハウスCoCo壱番屋,守山志段味店,
manaca,C7,AB186,メガケバブ,セントレア店,
manaca,C7,AB19A,カレーハウスCoCo壱番屋,セントレア店,
manaca,C7,AB1E5,鎌倉文庫,アクロス小幡店,
manaca,C7,AB210,モスバーガー,池下店,
manaca,C7,AB263,刈谷PA(下り),売店,
manaca,C7,AB27E,マツモトキヨシ,エスカ店,
manaca,C7,AB28D,青柳ういろう,エスカ直営店,
manaca,C7,AB2A4,餃子の王将,栄店,
manaca,C7,AB310,ヴィ・ド・フランス,サンロード店,
manaca,C7,AB3B0,モスバーガー,新瑞店,
manaca,C7,AB3E2,#珈琲所#コメダ珈琲店,メイフィス名駅店,
manaca,C7,AB43D,カレーハウスCoCo壱番屋,尾張旭店,
manaca,C7,AB44D,musée de peau,自由が丘店,
manaca,C7,AB472,ダイソー,名古屋栄スカイル店,
manaca,C7,AB473,ダイソー,名古屋栄スカイル店,
manaca,C7,AB474,ダイソー,名古屋栄スカイル店,
manaca,C7,AB478,遠鉄マルシェ,ネオパーサ浜松遠鉄マルシェ店,上り線
manaca,C7,AB47D,遠鉄マルシェ,ネオパーサ浜松遠鉄マルシェ店,下り線
manaca,C7,AB48D,養老SA(下り),ショッピングコーナー,
manaca,C7,AB495,マツモトキヨシ,名古屋大須万松寺店,
manaca,C7,AB51E,しょっぴんぐ 花神輿,,
manaca,C7,AB52C,亀山PA(下り),ショッピングコーナー,
manaca,C7,AB689,#純鶏名古屋コーチン#鶏三和,エクスパーサ御在所(下り)店,
manaca,C7,AB6AC,回転でらうま寿司まるちゅう,尾張旭店,
manaca,C7,AB6D3,長浜神田館,#北陸自動車道#神田PA(下り),
manaca,C7,AB6E8,カレーハウスCoCo壱番屋,守山小幡店,
manaca,C7,AB6F9,奥伊勢PA(上り),ショッピングコーナー,
manaca,C7,AB6FA,奥伊勢PA(下り),ショッピングコーナー,
manaca,C7,AB719,#元祖 浜松ぎょうざ#石松,新東名店,
manaca,C7,AB7A2,ステーキの店 黒煉瓦,,
manaca,C7,AB8A7,ドラッグスギヤマ,千代田店,
manaca,C7,AB8A8,ドラッグスギヤマ,千代田店,
manaca,C7,AB8A9,ドラッグスギヤマ,千代田店,
manaca,C7,AB8AA,ドラッグスギヤマ,千代田店,
manaca,C7,AB8AB,ドラッグスギヤマ,千代田店,
manaca,C7,AB9C6,ドラッグスギヤマ,豊田浄水店,
manaca,C7,AB9C7,ドラッグスギヤマ,豊田浄水店,
manaca,C7,AB9C8,ドラッグスギヤマ,豊田浄水店,
manaca,C7,AB9C9,ドラッグスギヤマ,豊田浄水店,
manaca,C7,AB9CA,ドラッグスギヤマ,豊田浄水店,
manaca,C7,AB9E1,ドラッグスギヤマ,名鉄名古屋一番ホーム店,
manaca,C7,ABCD4,守山PA(上り),ショッピングコーナー,
manaca,C7,ABCF5,スターバックスコーヒー,銀座EXITMELSA店,
manaca,C7,ABD78,ドラッグスギヤマ,四郷店,
manaca,C7,ABD79,ドラッグスギヤマ,四郷店,
manaca,C7,ABD7A,ドラッグスギヤマ,四郷店,
manaca,C7,ABE33,サガミ,春日井篠木店,
manaca,C7,ABF4A,餃子の王将,春日井店,
manaca,C7,ABF4B,餃子の王将,春日井店,
manaca,C7,ABF70,遠鉄マルシェ,ネオパーサ浜松遠鉄マルシェ店,下り線
manaca,C7,ABFFB,マツモトキヨシ,ラスパ太田川店,
manaca,C7,AC366,#珈琲所#コメダ珈琲店,名東山の手店,
manaca,C7,AC36A,#珈琲所#コメダ珈琲店,メッツ大曽根店,
manaca,C7,AC383,#珈琲所#コメダ珈琲店,矢場町店,
manaca,C7,AC469,和ごころれすとらん 篝火の郷,,
manaca,C7,AC7A9,カレーハウスCoCo壱番屋,豊田梅坪店,
manaca,C7,AC7C3,カレーハウスCoCo壱番屋,豊田西町店,
manaca,C7,ACA64,にぎわい特産館,,
manaca,C7,ACD03,浜松城,,
manaca,C7,ACED9,スギヤマ調剤薬局,サンクレア池下店,
manaca,C7,AD0C3,ダイソー,ミュープラット大曽根店,
manaca,C7,AD6E2,でり家,多賀SA上り店,
manaca,C7,AD919,一番軒+世界の山ちゃん,浄心店,
manaca,C7,AD91E,道の駅 古今伝授の里やまと,,
manaca,C7,AD91F,道の駅 古今伝授の里やまと,,
manaca,C7,ADF6B,多賀SA(上り),ショッピングコーナー,
manaca,C7,ADF6C,多賀SA(上り),ショッピングコーナー,
manaca,C7,C0E9D,カルディコーヒーファーム,金山店,
manaca,C7,C0ECF,名古屋城,観覧券正門売場,
manaca,C7,C37A3,ラの壱,金山駅店,
manaca,C7,C37E2,名鉄海上観光船,師崎営業所,
manaca,C7,C386C,ヤマザキショップ,高山濃飛バスセンター売店,
manaca,C7,C3A61,Sugakiya,刈谷バロー店,
manaca,C7,C3E80,ビックカメラ,名古屋駅西店,
manaca,C7,C3E81,ビックカメラ,名古屋駅西店,
manaca,C7,C3E82,ビックカメラ,名古屋駅西店,
manaca,C7,C3E83,ビックカメラ,名古屋駅西店,
manaca,C7,C3E84,ビックカメラ,名古屋駅西店,
manaca,C7,F4692,ヨドバシカメラ,マルチメディア名古屋松坂屋店,
manaca,C7,F4696,ヨドバシカメラ,マルチメディア名古屋松坂屋店,
manaca,C8,02719,コインロッカー,#名鉄#名古屋駅,中央出口
manaca,C8,0275A,名鉄協商パーキング,国府宮駅前,
manaca,C8,02760,パーク500,,
manaca,C8,02767,名鉄協商パーキング,藤が丘effe,
manaca,C8,0279B,鶴舞第3自転車駐車場,,
manaca,C8,0279C,鶴舞第3自転車駐車場,,
manaca,C8,0279E,#豊橋総合動植物公園#のんほいパーク,きっぷうりば,
manaca,C8,0279F,#豊橋総合動植物公園#のんほいパーク,きっぷうりば,
manaca,C8,027A1,#豊橋総合動植物公園#のんほいパーク,きっぷうりば,
manaca,C8,027B2,コインロッカー,#JR東海#名古屋駅,西改札外口 付近
manaca,C8,027B7,名鉄協商パーキング,JR清洲駅前,
manaca,C8,027DB,名鉄協商パーキング,小幡駅前第2,
manaca,C8,027E2,名鉄協商パーキング,木田駅前,
manaca,C8,02811,名鉄協商パーキング,上豊田,
manaca,C8,186A9,ミュースターステーション,ファミリーマート セントレアホテルプラザ店,
manaca,C8,186AB,荒畑駅自転車駐車場,荒畑北,
manaca,C8,186AE,ミュースターステーション,栄町駅,
manaca,C8,186AF,MAYパーク,桜通 北 第1,
manaca,C8,186B0,MAYパーク,桜通 南 第1,
manaca,C8,186B1,MAYパーク,桜通 南 第2,
manaca,C8,186B2,MAYパーク,桜通 北 第3,
manaca,C8,186B3,MAYパーク,桜通 北 第4,
manaca,C8,186B4,MAYパーク,桜通 北 第5,
manaca,C8,186B5,MAYパーク,桜通 南 第3,
manaca,C8,186B6,MAYパーク,名駅4 第1,
manaca,C8,186B7,MAYパーク,名駅4 第2,
manaca,C8,186B8,MAYパーク,桜通 北 第6,
manaca,C8,186C2,MAYパーク,錦通 北 第1-A,
manaca,C8,186C3,ミュースターステーション,神宮前駅,
manaca,C8,186C4,ミュースターステーション,μPLAT金山,
manaca,C8,186C5,MAYパーク,錦通 北 第2-B,
manaca,C8,186C6,ミュースターステーション,ファミリーマート エスタシオ 太田川駅店,
manaca,C8,186C7,MAYパーク,錦通 北 第4,
manaca,C8,186C8,MAYパーク,錦通 南 第1,
manaca,C8,186CD,MAYパーク,桜通 北 第2,
manaca,C8,186CE,MAYパーク,笹島 東 第1,
manaca,C8,186D0,MAYパーク,笹島 東 第2,
manaca,C8,186D1,MAYパーク,椿町 中 第1,
manaca,C8,186D3,MAYパーク,椿町 西 第1,
manaca,C8,186D8,MAYパーク,椿町 西 第7,
manaca,C8,186DF,MAYパーク,椿町 東 第6,
manaca,C8,186E0,MAYパーク,椿町 東 第7,
manaca,C8,186E2,ミュースターステーション,知多半田駅,
manaca,C8,186E3,MAYパーク,椿町 東 第10,
manaca,C8,186E4,ミュースターステーション,栄生駅,
manaca,C8,186E5,MAYパーク,名駅4 第3-A,
manaca,C8,186E6,MAYパーク,名駅4 第3-B,
manaca,C8,186E7,MAYパーク,名駅4 第3-C,
manaca,C8,186E8,MAYパーク,泥江通 西 第1,
manaca,C8,186EA,MAYパーク,泥江通 南 第1,
manaca,C8,186F2,ミュースターステーション,知立駅,
manaca,C8,186F4,MAYパーク,笹島 南 第1,
manaca,C8,186F5,MAYパーク,太閤通 北 第1,
manaca,C8,186F6,MAYパーク,太閤通 北 第2,
manaca,C8,186F7,MAYパーク,太閤通 北 第3,
manaca,C8,186F8,MAYパーク,太閤通 北 第4,
manaca,C8,186F9,MAYパーク,太閤通 北 第5-A,
manaca,C8,186FA,MAYパーク,太閤通 北 第5-B,
manaca,C8,186FB,MAYパーク,太閤通 北 第6,
manaca,C8,186FD,MAYパーク,太閤通 南 第1-B,
manaca,C8,186FE,MAYパーク,太閤通 南 第2,
manaca,C8,186FF,MAYパーク,太閤通 南 第3,
manaca,C8,18700,MAYパーク,名駅2 東 第1-A,
manaca,C8,18701,MAYパーク,名駅2 東 第1-B,
manaca,C8,18702,MAYパーク,名駅2 西 第1,
manaca,C8,18703,MAYパーク,名駅2 西 第2,
manaca,C8,18704,MAYパーク,名駅2 西 第3,
manaca,C8,18705,MAYパーク,名駅2 東 第2-A,
manaca,C8,1870A,MAYパーク,名駅2 西 第4-B,
manaca,C8,18719,名鉄協商パーキング,浄水第4,
manaca,C8,18727,北陸鉄道,小松空港,券売機
manaca,C8,18728,北陸鉄道,小松空港,券売機
manaca,C8,18729,北陸鉄道,小松空港,券売機
manaca,C8,18746,つばさ亭,,
manaca,C8,18766,愛知県国際展示場,駐車場,
manaca,C8,1878A,MAYパーク,シンフォニー豊田ビル 自転車専用駐車場,
manaca,C8,18845,MAYパーク,泥江通 北 第1B,
manaca,C8,18848,MAYパーク,椿町 南 第2,
manaca,C8,18849,MAYパーク,椿町 北 第1,
manaca,C8,188AC,MAYパーク,桜通 南 第4,
manaca,C8,188B0,名古屋市池下駐車場,,
manaca,C8,1A5F7,ミュースターステーション,大曽根駅,
manaca,C8,1A5FC,ミュースターステーション,名鉄金山駅,
manaca,C8,1A5FD,ミュースターステーション,名鉄岐阜駅,
manaca,C8,1A602,ミュースターステーション,名鉄名古屋駅,
manaca,C8,1A603,ミュースターステーション,名鉄名古屋駅,
manaca,C8,30D44,自動販売機,#名鉄#小幡駅,1番線ホーム
manaca,C8,30D4B,自動販売機,#名鉄#小幡駅,2番線ホーム
manaca,C8,30DAC,自動販売機,#あおなみ線#名古屋駅,
manaca,C8,30E04,自動販売機,#名鉄#堀田駅,上りホーム
manaca,C8,30E25,自動販売機,#名鉄#犬山駅,1F 改札内側 5·6番線ホーム
manaca,C8,30E53,自動販売機,#名鉄#新可児駅,改札内 2·3番線ホーム
manaca,C8,30E67,自動販売機,#名古屋市営#大曽根駅,東改札口前 改札外
manaca,C8,30EAC,自動販売機,#名古屋市営#東山公園駅,B2F ホーム
manaca,C8,30F19,自動販売機,#名古屋市営#吹上駅,B3F ホーム
manaca,C8,30F2A,自動販売機,#名古屋市営#西高蔵駅,B1F 改札内 改札前
manaca,C8,30F72,自動販売機,#豊橋鉄道#新豊橋駅,ホーム 2号車付近
manaca,C8,30F7F,自動販売機,#豊橋鉄道#新豊橋駅,ホーム 2号車付近
manaca,C8,31912,自動販売機,GEO 名古屋守山店,1F 階段横
manaca,C8,319AC,自動販売機,ケーズデンキ新守山店,2F
manaca,C8,31AF1,自動販売機,#名古屋市営#東別院駅,B1F 北改札口改札外 横
manaca,C8,31F61,自動販売機,#名鉄#豊田本町駅,駅構内
manaca,C8,31FD1,自動販売機,#名鉄#豊田市駅,豊田プラザ内 北東
manaca,C8,320D4,自動販売機,県営名古屋空港,制限エリア内 搭乗口
manaca,C8,32129,自動販売機,フードショップ八百重 谷熊店前,
manaca,C8,3230C,自動販売機,#名鉄#梅坪駅,改札外 改札前
manaca,C8,32411,自動販売機,#名鉄#尾張旭駅,1F 改札内 3·4番線ホーム
manaca,C8,32522,自動販売機,#名鉄#森上駅,改札外
manaca,C8,32692,自動販売機,#名鉄#小幡駅,2番線ホーム 栄町側端
manaca,C8,326B6,自動販売機,野田屋跡地,店舗外
manaca,C8,32721,自動販売機,#名鉄#印場駅,1F 改札内 2番線ホーム
manaca,C8,32725,自動販売機,長篠設楽原PA(上り),建物外 北東角
manaca,C8,3284C,自動販売機,道の駅 立田ふれあいの里,
manaca,C8,32A23,QBハウス,名鉄 金山駅店,
manaca,C8,32A5E,自動販売機,#名鉄#森上駅,改札外
manaca,C8,32A73,自動販売機,#名鉄#佐屋駅,出入口横
manaca,C8,32D47,自動販売機,名鉄協商パーキング すいほう園,北東脇 武平通
manaca,C8,32F5B,自動販売機,虎渓山PA(上り),ハイウェイショッブ虎渓山 客席北側
manaca,C8,32FF3,自動販売機,NEOPASA浜松(下り),
manaca,C8,33065,自動販売機,奥伊勢PA(下り),売店建物内
manaca,C8,330A2,自動販売機,#名鉄#小幡駅,2階 改札外 自動販売機コーナー
manaca,C8,3317F,自動販売機,#名鉄#小幡駅,2番線ホーム
manaca,C8,332E8,自動販売機,名古屋医療センター,病棟 7F食堂
manaca,C8,33353,自動販売機,#名鉄#東大手駅,南側出入口 地上階 前
manaca,C8,333D0,自動販売機,#名鉄#中京競馬場前駅,コンコース階(改札内)
manaca,C8,335C2,自動販売機,飛騨金山ぬく森の里温泉 道の駅 かれん,グランド横トイレ 駐車場側
manaca,C8,33931,自動販売機,#名鉄#豊田市駅,2·3番線ホーム
manaca,C8,33932,自動販売機,名鉄協商パーキング 豊田松ヶ枝町,
manaca,C8,33936,自動販売機,#名鉄#豊田市駅,レストえきまえ外 北側
manaca,C8,3395F,自動販売機,#名鉄#名古屋駅,2·3番ホーム
manaca,C8,339F4,QBハウス,エスカ店,
manaca,C8,33AFD,ファミリーマート,地下鉄伏見駅北店,
manaca,C8,33B8A,ファミリーマート,地下鉄金山店,
manaca,C8,33BA9,ファミリーマート,ループ金山店,
manaca,C8,33BCD,QBハウス,Do!栄店,
manaca,C8,33BEC,ファミリーマート,ヨリマチFUSHIMI改札内店,
manaca,C8,34030,自動販売機,名古屋市東スポーツセンター,1階
manaca,C8,3410B,自動販売機,#名鉄#上小田井駅,
manaca,C8,34124,自動販売機,#名鉄#犬山駅,3·4番線ホーム
manaca,C8,3446E,ファミリーマート,赤池駅前店,
manaca,C8,346A2,自動販売機,ヤマザキマザック工作機械博物館,B2F 休憩室
manaca,C8,34E25,ファミリーマート,小幡中一丁目店,
manaca,C8,34F93,ファミリーマート,葵一丁目店,
manaca,C8,35041,ファミリーマート,名東引山一丁目店,
manaca,C8,35084,ファミリーマート,東別院駅前店,
manaca,C8,35123,ファミリーマート エスタシオ,名鉄名古屋駅上りホーム店,
manaca,C8,35228,ファミリーマート エスタシオ,名鉄大曽根駅店,
manaca,C8,35BB8,ファミリーマート エスタシオ,小幡駅店,
manaca,C8,C0E2A,ローソン,S名古屋地下鉄丸の内駅店,
manaca,C8,C35EA,自動販売機,#名古屋市営#東別院駅,B1F 北改札口改札外 横
manaca,C8,C35EB,自動販売機,#名古屋市営#東別院駅,B1F 北改札口改札外 横
manaca,C8,C368B,自動販売機,#名古屋市営#金山駅,3·4番線ホーム 南端
manaca,C8,C3B1F,自動販売機,#名鉄#御嵩駅,駅舎前
manaca,C8,F4A0F,POCKET CHANGE,中部国際空港旅客ターミナルビル アクセスプラザ 2階,
nimoca,C7,01931,crêpe de SAPIN,,
nimoca,C7,02722,ヤマザキショップ,J-MART,
nimoca,C7,0730F,南国セイブタクシー,,
nimoca,C7,0731D,小笹タクシー,㈲小笹タクシー,
nimoca,C7,07349,小笹タクシー,小笹交通㈱,
nimoca,C7,0734A,小笹タクシー,小笹交通㈱,
nimoca,C7,0734D,小笹タクシー,小笹交通㈱,
nimoca,C7,0BD63,玄洋交通,,
nimoca,C7,1870E,レガネット,千早店,
nimoca,C7,1870F,レガネット,千早店,
nimoca,C7,18710,レガネット,千早店,
nimoca,C7,18711,レガネット,千早店,
nimoca,C7,18712,レガネット,千早店,
nimoca,C7,18713,レガネット,千早店,
nimoca,C7,18714,レガネット,千早店,
nimoca,C7,18715,レガネット,千早店,
nimoca,C7,18716,レガネット,千早店,
nimoca,C7,18770,レガネットマルシェ,四箇田店,
nimoca,C7,187D8,レガネットキュート,ソラリアステージ店,
nimoca,C7,18803,にしてつストア,竹下店,
nimoca,C7,18876,プルネール,天神店,
nimoca,C7,188B3,北野エース,福岡パルコ店,
nimoca,C7,188B7,ベーベの気持ち,福岡パルコ店,
nimoca,C7,188D7,スイーツパラダイス,福岡パルコ店,
nimoca,C7,188D8,三匹の黒豚by南州牧場,,
nimoca,C7,188E5,#羽根つき焼小籠包#鼎's,福岡パルコ店,
nimoca,C7,18943,バンテルン,西鉄久留米駅店,
nimoca,C7,18944,バンテルン,西鉄久留米駅店,
nimoca,C7,1896F,Zepp,Fukuoka,
nimoca,C7,30F15,ソラリアプラザ,,
nimoca,C7,31072,鮨金,エマックス店,
nimoca,C7,31416,にしてつストア,宇美店,
nimoca,C7,31426,雑貨館インキューブ,久留米店,
nimoca,C7,31463,にしてつストア,有田店,
nimoca,C7,31464,にしてつストア,有田店,
nimoca,C7,31A97,CAFÉ FADIE'S,ふくぎん店,
nimoca,C7,31CFC,FLAp Kitchen,7番ゲート店,
nimoca,C7,31D9E,sky café azul,,
nimoca,C7,31DFE,#石窯パンの家#グラティエ,コムシティ黒崎店,
nimoca,C7,31E29,プチ・ミロ,,
nimoca,C7,31E9A,市川ショップ,,
nimoca,C7,31F4F,サンマルクカフェ,福岡天神地下街店,
nimoca,C7,31F55,マツモトキヨシ,天神地下街店,
nimoca,C7,31F7C,クロッカンシュー ザクザク,天神地下街店,
nimoca,C7,31FC5,積文館書店,天神地下街店,
nimoca,C7,320C4,マックスバリュ,くらし館国府店,
nimoca,C7,321E6,#インストアベーカリー#ジョアン,福岡ジョアン店,
nimoca,C7,3221C,#旨いの専門 肉と魚#博多ゆめはな,,
nimoca,C7,32238,杵屋,博多バスターミナル店,
nimoca,C7,3224A,#からあげ専門店#いっぽん,博多店,
nimoca,C7,322CB,雑貨館インキューブ,チャチャタウン小倉店,
nimoca,C7,323A3,岩田屋,本店,
nimoca,C7,32536,黒木記念病院 売店,,
nimoca,C7,32573,ドトールコーヒーショップ,薬院駅店,
nimoca,C7,32578,ドトールコーヒーショップ,福岡天神4丁目店,
nimoca,C7,32583,博多やりうどん,久留米店,
nimoca,C7,325E6,グリーンリーブスモール,新別府病院売店,
nimoca,C7,3265B,Afternoon Tea BAKERY,大丸福岡天神店,
nimoca,C7,3269C,#元気すし#黒ちゃん,,
nimoca,C7,326A4,ヴィ・ド・フランス,博多バスターミナル店,
nimoca,C7,326E1,焼肉の牛太本陣,博多バスターミナル店,
nimoca,C7,32819,親進舎ガレージ,,
nimoca,C7,32A3E,#博多#西通りプリン,西通り店,
nimoca,C7,32C58,マクドナルド,西鉄大橋駅店,
nimoca,C7,32C61,西鉄イン,小倉,
nimoca,C7,32C63,西鉄イン,黒崎,
nimoca,C7,32C64,西鉄リゾートイン別府,,
nimoca,C7,32C67,西鉄ホテル,クルーム博多,
nimoca,C7,32C68,西鉄イン,福岡,
nimoca,C7,32CA3,雑貨館インキューブ,パークプレイス大分店,
nimoca,C7,32CBA,モスバーガー,博多バスターミナル店,
nimoca,C7,32D3B,ヴィ・ド・フランス,天神地下街店,
nimoca,C7,32D77,ふくや,天神地下街店,
nimoca,C7,32DD8,スターバックスコーヒー,天神地下街店,
nimoca,C7,32DE5,シアトルズベストコーヒー,天神地下街店,
nimoca,C7,32E14,an調剤薬局,やまなみ店,
nimoca,C7,32FF2,雑貨館インキューブ,天神店,
nimoca,C7,33060,西鉄久留米タクシー,八軒屋営業所(久留米本社),
nimoca,C7,33203,#たこ焼道楽#わなか,ららぽーと福岡店,
nimoca,C7,33338,#博多#西通りプリン,マイング店,
nimoca,C7,3B83D,RED BROOKLYN,,
nimoca,C7,42AAB,ファミリーマート,福岡清川一丁目店,
nimoca,C7,42AAC,ファミリーマート,福岡清川一丁目店,
nimoca,C7,AB05D,フードウェイ,佐賀大和店,
nimoca,C7,AB0D1,モスバーガー,福岡ヤフオク!ドーム店,
nimoca,C7,AB1DA,城島高原ホテル,フロント,
nimoca,C7,AB25B,カレーハウスCoCo壱番屋,福岡門松店,
nimoca,C7,AB28F,アペティート カフェ,博多駅マイング店,
nimoca,C7,AB290,アペティート カフェ,博多駅マイング店,
nimoca,C7,AB2A6,#珈琲所#コメダ珈琲店,博多バスターミナル店,
nimoca,C7,AB2B2,パーム,,
nimoca,C7,AB2B3,宮崎ラーメン 響,宮崎空港店,
nimoca,C7,AB2B4,カフェカンナ,,
nimoca,C7,AB2BD,ウィング・ウエスト,,
nimoca,C7,AB2BE,ウィング・ウエスト,,
nimoca,C7,AB2BF,ウィング・イースト,,
nimoca,C7,AB2C0,ウィング・イースト,,
nimoca,C7,AB2CD,カレーハウスCoCo壱番屋,コスモタウン佐伯店,
nimoca,C7,AB306,カレーハウスCoCo壱番屋,中央区六本松店,
nimoca,C7,AB342,カレーハウスCoCo壱番屋,中央区今泉店,
nimoca,C7,AB344,カレーハウスCoCo壱番屋,東区二又瀬店,
nimoca,C7,AB353,カレーハウスCoCo壱番屋,博多区中洲店,
nimoca,C7,AB36E,カレーハウスCoCo壱番屋,博多区筑紫通り店,
nimoca,C7,AB373,カレーハウスCoCo壱番屋,飯塚若菜店,
nimoca,C7,AB377,カレーハウスCoCo壱番屋,東区名島店,
nimoca,C7,AB388,カレーハウスCoCo壱番屋,飯塚柏の森店,
nimoca,C7,AB39D,カレーハウスCoCo壱番屋,コスタ行橋店,
nimoca,C7,AB62C,ローソン,大分医科大学前店,
nimoca,C7,AB62D,ローソン,大分医科大学前店,
nimoca,C7,ABA01,九州国立博物館,,
nimoca,C7,ABA5C,フードウェイ,アクロスプラザ大分駅南店,
nimoca,C7,ABA5D,フードウェイ,アクロスプラザ大分駅南店,
nimoca,C7,ABA5F,フードウェイ,アクロスプラザ大分駅南店,
nimoca,C7,ABB7A,#創作オムライス#ポムの樹,キャナルシティ博多店,
nimoca,C7,ABB7D,いきなり!ステーキ,キャナルシティ博多店,
nimoca,C7,ABC09,モスバーガー,久留米大善寺店,
nimoca,C7,ABC0F,モスバーガー,薬院店,
nimoca,C7,ABC14,モスバーガー,天神北店,
nimoca,C7,ABC15,モスバーガー,天神北店,
nimoca,C7,ABC16,モスバーガー,西鉄久留米駅前店,
nimoca,C7,ABC17,モスバーガー,西鉄久留米駅前店,
nimoca,C7,ABC50,むぎむぎcafe&shop,,
nimoca,C7,ABCE9,光華楼,エマックス店,
nimoca,C7,ABCEA,銀のレストラン,,
nimoca,C7,ABCF0,大栄うどん,,
nimoca,C7,ABD2F,THE CITY BAKERY,天神福岡,
nimoca,C7,ABD39,ドトールコーヒーショップ,天神ソラリア店,
nimoca,C7,ABDA9,#博多おだいとこ#まま魚,,
nimoca,C7,ABDC0,#博多とんかつ処#かつ心,,
nimoca,C7,ABDC2,ドトールコーヒーショップ,天神ソラリアステージ店,
nimoca,C7,ABDC3,#博多鶏ソバ#華味鳥,ソラリアステージ店,
nimoca,C7,ABDC6,石蔵,天神店,
nimoca,C7,ABDC9,竹乃屋,ソラリアステージ店,
nimoca,C7,ABDCB,因幡うどん,ソラリアステージ店,
nimoca,C7,ABDCC,牛心食堂,天神店,
nimoca,C7,ABDCD,#名物ちんめん#あま太郎,,
nimoca,C7,ABDCE,#博多海鮮食堂#魚吉,,
nimoca,C7,ABDCF,#菊正宗#おみき茶屋,,
nimoca,C7,ABDD1,センターリバー,ソラリアステージ店,
nimoca,C7,ABDD2,趙乃家,ソラリアステージ店,
nimoca,C7,ABDD6,Brioche Dorée,天神ソラリアステージ店,
nimoca,C7,ABDD7,Brioche Dorée,天神ソラリアステージ店,
nimoca,C7,ABDF6,スターバックスコーヒー,西鉄天神高速バスターミナル店,
nimoca,C7,ABF5A,福岡金文堂,本店,
nimoca,C7,ABFDA,ヴィ・ド・フランス,大橋店,
nimoca,C7,ABFE8,スターバックスコーヒー,西鉄久留米駅店,
nimoca,C7,ABFE9,スターバックスコーヒー,西鉄久留米駅店,
nimoca,C7,ABFEE,サンキュードラッグ,砂津店,
nimoca,C7,AC00B,千鳥屋本家,チャチャタウン小倉店,
nimoca,C7,AC362,#ディスカウントドラッグ#コスモス,駿河台店,
nimoca,C7,AC48B,ヴィ・ド・フランス,大橋店,
nimoca,C7,AC491,スターバックスコーヒー,西鉄大橋駅店,
nimoca,C7,AC495,ビアードパパ+plus,西鉄大橋駅店,
nimoca,C7,AC49D,キャンドゥ,レイリア大橋店,
nimoca,C7,AC4C9,マツモトキヨシ,熊本下通店,
nimoca,C7,AC537,ViTO,太宰府天満宮 表参道店,
nimoca,C7,AC609,博多やりうどん,福岡店,
nimoca,C7,AC60A,PRONTO,西鉄福岡駅店,
nimoca,C7,AC60B,ドトールコーヒーショップ,西鉄福岡駅店,
nimoca,C7,AC60F,#いなりずし#豆狸,西鉄天神ソラリアステージ店,
nimoca,C7,AC612,たらし屋吾助,天神ソラリアステージ店,
nimoca,C7,AC616,Patisserie Libre,福岡天神店,
nimoca,C7,AC618,take a sandwich locavorism,,
nimoca,C7,AC647,タリーズコーヒー,西鉄福岡天神駅店,
nimoca,C7,AC6F3,肉のヒサダヤ,井尻店,
nimoca,C7,AC726,HAKOYA,,
nimoca,C7,AC7CE,ウエスト,うどん屋天神店,
nimoca,C7,AC7E8,ユーハイム,レイリア大橋店,
nimoca,C7,AC7E9,シロヤ,西鉄大橋駅店,
nimoca,C7,AC7EA,スパゲッティーのパンチョ,大橋駅ナカ店,
nimoca,C7,AC7EB,能古うどん,大橋駅店,
nimoca,C7,AC7ED,竹乃屋,大橋駅ナカ店,
nimoca,C7,AC7EF,#筑紫菓匠#如水庵,大橋駅店,
nimoca,C7,AC7F2,Meat up!!,,
nimoca,C7,AC813,サンマルクカフェ,福岡天神駅店,
nimoca,C7,AC8CD,スターバックスコーヒー,天神ソラリアステージ店,
nimoca,C7,AC8EA,#珈琲所#コメダ珈琲店,福岡ももち店,
nimoca,C7,AC8EB,#珈琲所#コメダ珈琲店,福岡東那珂店,
nimoca,C7,AC8F0,#珈琲所#コメダ珈琲店,唐津和多田店,
nimoca,C7,AC903,餃子の王将,下通店,
nimoca,C7,AC9DD,三笠うどん,桜町熊本店,
nimoca,C7,ACA0F,杉養蜂園,SAKURAMACHI Kumamoto店,
nimoca,C7,ACA58,スターバックスコーヒー,サクラマチ 熊本店,
nimoca,C7,ACA59,スターバックスコーヒー,サクラマチ 熊本店,
nimoca,C7,ACA5D,#からあげの店#唐十,SAKURAMACHI Kumamoto店,
nimoca,C7,ACD01,神戸屋ブレッズ,福岡パルコ店,
nimoca,C7,ACD8B,カレーハウスCoCo壱番屋,博多区住吉店,
nimoca,C7,ACD8E,カレーハウスCoCo壱番屋,福岡大橋駅東口店,
nimoca,C7,ACD8F,カレーハウスCoCo壱番屋,福岡那珂川店,
nimoca,C7,ACE05,大名ソフトクリーム,福岡パルコ店,
nimoca,C7,ACE40,カレーハウスCoCo壱番屋,久留米荘島店,
nimoca,C7,ACE42,カレーハウスCoCo壱番屋,黒崎JR駅前店,
nimoca,C7,ACE51,カレーハウスCoCo壱番屋,中央区西中洲店,
nimoca,C7,ACE6E,#珈琲所#コメダ珈琲店,福岡六本松店,
nimoca,C7,ACED5,カレーハウスCoCo壱番屋,小倉京町店,
nimoca,C7,ACEE6,カレーハウスCoCo壱番屋,門司駅前店,
nimoca,C7,ACF81,ツルハドラッグ,けやき通り店,
nimoca,C7,ACF82,ツルハドラッグ,けやき通り店,
nimoca,C7,ACF92,カレーハウスCoCo壱番屋,早岐JR駅前店,
nimoca,C7,ACF98,カレーハウスCoCo壱番屋,別府観光通り店,
nimoca,C7,ACFAE,ハートブレッドアンティーク,福岡天神店,
nimoca,C7,ACFFB,ブルーシール,牧港本店,
nimoca,C7,AD004,ブルーシール,パレットくもじ店,
nimoca,C7,AD1BA,大賀薬局,博多口店(ドラッグストア),
nimoca,C7,AD1BD,大賀薬局,店屋町店(調剤),
nimoca,C7,AD3BB,#珈琲所#コメダ珈琲店,福岡渡辺通5丁目店,
nimoca,C7,AD507,レガネットキュート,博多バスターミナル店,
nimoca,C7,AD508,レガネットキュート,博多バスターミナル店,
nimoca,C7,AD509,レガネットキュート,博多バスターミナル店,
nimoca,C7,AD50A,レガネットキュート,赤坂門店,
nimoca,C7,AD50B,レガネットキュート,赤坂門店,
nimoca,C7,AD50C,レガネットキュート,赤坂門店,
nimoca,C7,AD50D,レガネットキュート,赤坂門店,
nimoca,C7,AD510,レガネットキュート,中洲川端店,
nimoca,C7,AD512,レガネットキュート,リバーウォーク店,
nimoca,C7,AD790,みちのく夢プラザ,,
nimoca,C7,AD797,石蔵,朝日ビル店,
nimoca,C7,AD8B4,口福堂,木の葉モール橋本店,
nimoca,C7,AD8B9,パオクレープ ミルク,木の葉モール橋本店,
nimoca,C7,AD8BC,ミスタードーナツ,##木の葉モール橋本ショップ,
nimoca,C7,AD8C9,#ビフテキ屋#うえすたん,木の葉モール店,
nimoca,C7,AD8CA,モスバーガー,木の葉モール橋本店,
nimoca,C7,AD8EB,スターバックスコーヒー,木の葉モール橋本店,
nimoca,C7,AD924,大濠公園 日本庭園,,
nimoca,C7,AD94F,#おもてなし#夢かぐら,,
nimoca,C7,AD9F4,カレーハウスCoCo壱番屋,博多駅南店,
nimoca,C7,ADA89,ウエスト,天神北店,
nimoca,C7,ADA8C,#珈琲所#コメダ珈琲店,ビエラ小倉店,
nimoca,C7,ADA9C,ハートブレッドアンティーク,VIERRA小倉店,
nimoca,C7,ADFA5,来来亭,福岡空港東店,
nimoca,C7,AE10C,銀のすぷーん,博多店,
nimoca,C7,AE3C7,マップデザインギャラリー,小倉,
nimoca,C7,AE3EF,ペッパーランチ,リバーウォーク北九州店,
nimoca,C7,AE424,カフェファディ,天神店,
nimoca,C7,AE776,餃子の王将,イオンなかま店,
nimoca,C7,AE777,餃子の王将,イオンなかま店,
nimoca,C7,AE834,喜多方ラーメン坂内,天神大名店,
nimoca,C7,AE9C3,カフェ美鈴,函館空港店,
nimoca,C7,AE9C9,JAL PLAZA,函館空港 出発ロビー店,
nimoca,C7,AE9CC,ROYCE',函館空港店,
nimoca,C7,AE9D0,鮨みつや,,
nimoca,C7,AEA36,#珈琲所#コメダ珈琲店,BRANCH博多パピヨンガーデン店,
nimoca,C7,AEA6F,ANA FESTA,福岡8番ゲート店,
nimoca,C7,AEA70,ANA FESTA,福岡8番ゲート店,
nimoca,C7,AEA76,JAL PLAZA,福岡空港 6番ゲートショップ,
nimoca,C7,AEA77,JAL PLAZA,福岡空港 6番ゲートショップ,
nimoca,C7,AEA78,JAL PLAZA,福岡空港 8番ゲートショップ,
nimoca,C7,AEA79,JAL PLAZA,福岡空港 8番ゲートショップ,
nimoca,C7,AEA82,九州銘品蔵,福岡空港国内線11番ゲート店,
nimoca,C7,AEA83,九州銘品蔵,福岡空港国内線11番ゲート店,
nimoca,C7,AEADD,JAL PLAZA,福岡空港 9番ゲートショップ,
nimoca,C7,AEADE,JAL PLAZA,福岡空港 9番ゲートショップ,
nimoca,C7,AEADF,YOSHIMI,福岡空港店,
nimoca,C7,AEB05,伊都きんぐ,福岡空港店,
nimoca,C7,AEB30,玉屋,福岡空港国内線11番ゲート店,
nimoca,C7,AEB31,玉屋,福岡空港国内線11番ゲート店,
nimoca,C7,AEB35,タリーズコーヒー,福岡空港店,
nimoca,C7,AEB36,タリーズコーヒー,福岡空港店,
nimoca,C7,AEB37,タリーズコーヒー,福岡空港出発ゲート店,
nimoca,C7,AEB3D,ドトールコーヒーショップ,福岡空港国内線ゲート内店,
nimoca,C7,AEB63,Roast Beef & Steak ANZU,,
nimoca,C7,AEE4C,大賀薬局,吉塚駅東口店(ドラッグストア),
nimoca,C7,AF0B1,タリーズコーヒー,ワン・フクオカ・ビルディング店,
nimoca,C7,AF0B2,タリーズコーヒー,ワン・フクオカ・ビルディング店,
nimoca,C7,AF1EB,ステーキハウス88,国際通り店,
nimoca,C7,AF1F1,ステーキハウス88,那覇空港店,
nimoca,C7,C91D7,リトルハニー,博多駅前店,
nimoca,C7,F501E,#博多もつ鍋#おおやま,博多1番街店,
nimoca,C7,F5021,REC COFFEE,天神南店,
nimoca,C7,F6954,函館バス,函館駅前案内所,
nimoca,C7,F6AC1,大和自動車,,
nimoca,C7,F6AC9,大和自動車,,
nimoca,C7,F6AE2,大和自動車,,
nimoca,C7,F6AE6,大和自動車,,
nimoca,C7,F6B32,オーケータクシー,,
nimoca,C7,F6B36,オーケータクシー,,
nimoca,C7,F6B37,オーケータクシー,,
nimoca,C7,F6B3E,オーケータクシー,,
nimoca,C7,F6B40,オーケータクシー,,
nimoca,C7,F6B6D,サンマルクカフェ,西鉄イン新宿店,
nimoca,C7,F6B8A,明星タクシー,,
nimoca,C7,F6B9C,明星タクシー,,
nimoca,C7,F790E,天神タクシー,,
nimoca,C7,F7917,天神タクシー,,
nimoca,C7,F7945,大濠タクシー,,
nimoca,C7,F7987,小笹タクシー,㈲小笹タクシー,
nimoca,C7,F798F,小笹タクシー,㈲小笹タクシー,
nimoca,C7,F799F,小笹タクシー,㈲小笹タクシー,
nimoca,C7,F79C1,小笹タクシー,小笹交通㈱,
nimoca,C7,F7A41,丸徳タクシー,,
nimoca,C7,F7A5D,丸徳タクシー,,
nimoca,C7,F7AB3,日新交通,老司営業所,
nimoca,C7,F7AB7,日新交通,老司営業所,
nimoca,C7,F7AC2,日新交通,老司営業所,
nimoca,C7,F7AFD,日新交通,老司営業所,
nimoca,C7,F7B14,日新交通,本社営業所,
nimoca,C7,F7B15,日新交通,老司営業所,
nimoca,C7,F7B19,日新交通,本社営業所,
nimoca,C7,F7B28,千日交通,,
nimoca,C7,F7B2F,千日交通,,
nimoca,C7,F7B3F,千日交通,,
nimoca,C7,F7B40,千日交通,,
nimoca,C7,F7B99,南国セイブタクシー,,
nimoca,C7,F7BA6,南国セイブタクシー,,
nimoca,C7,F7BA9,南国セイブタクシー,,
nimoca,C7,F7BAD,南国セイブタクシー,,
nimoca,C7,F7C2F,東部タクシー,,
nimoca,C7,F7C38,東部タクシー,,
nimoca,C7,F7C3C,東部タクシー,,
nimoca,C7,F7C41,東部タクシー,,
nimoca,C7,F7CBD,高砂タクシー,,
nimoca,C7,F7CC0,高砂タクシー,,
nimoca,C7,F7CC5,高砂タクシー,,
nimoca,C7,F7D06,ハッピータクシー,,
nimoca,C7,F7D0A,ハッピータクシー,,
nimoca,C7,F7D23,藤丸タクシー,,
nimoca,C7,F7D27,藤丸タクシー,,
nimoca,C7,F7D54,藤丸タクシー,,
nimoca,C7,F7D5A,藤丸タクシー,,
nimoca,C7,F7D5B,藤丸タクシー,,
nimoca,C7,F7D5F,藤丸タクシー,,
nimoca,C7,F8946,フードウェイ,熊本サクラマチ,
nimoca,C7,F8955,さくらタクシー,,
nimoca,C7,F8959,さくらタクシー,,
nimoca,C7,F8960,さくらタクシー,,
nimoca,C7,F899C,三愛タクシー,,
nimoca,C7,F899D,三愛タクシー,,
nimoca,C7,F8A15,太宰府タクシー,,
nimoca,C7,F8A73,福岡西鉄タクシー,本社事業所,
nimoca,C7,F8A7B,福岡西鉄タクシー,本社事業所,
nimoca,C7,F8A9B,福岡西鉄タクシー,本社事業所,
nimoca,C7,F8AB9,福岡西鉄タクシー,本社事業所,
nimoca,C7,F8ABA,福岡西鉄タクシー,本社事業所,
nimoca,C7,F8AC3,福岡西鉄タクシー,本社事業所,
nimoca,C7,F8ACA,福岡西鉄タクシー,本社事業所,
nimoca,C7,F8ACE,福岡西鉄タクシー,本社事業所,
nimoca,C7,F8AE5,福岡西鉄タクシー,本社事業所,
nimoca,C7,F8AE8,福岡西鉄タクシー,本社事業所,
nimoca,C7,F8B01,福岡西鉄タクシー,本社事業所,
nimoca,C7,F985A,タリーズコーヒー,天神新天町店,
nimoca,C7,F9861,タリーズコーヒー,TNC放送会館店,
nimoca,C7,F9882,福岡西鉄タクシー,本社事業所,
nimoca,C7,F9B77,日新交通,老司営業所,
nimoca,C7,F9BC2,ドトールコーヒーショップ,福岡天神3丁目店,
nimoca,C7,F9E6B,ドトールコーヒーショップ,天神駅店,
nimoca,C7,F9F6B,小笹タクシー,㈲小笹タクシー,
nimoca,C7,FA984,博多みやざき館 KONNE,,
nimoca,C7,FC5CE,永楽交通,,
nimoca,C7,FC640,天神タクシー,,
nimoca,C7,FC65D,小笹タクシー,㈲小笹自動車,
nimoca,C7,FC668,小笹タクシー,㈲小笹自動車,
nimoca,C7,FC681,平和交通,,
nimoca,C8,02769,自動販売機,#西鉄#下大利駅,上りホーム
nimoca,C8,02776,自動販売機,西鉄久留米駅,
nimoca,C8,028F0,タイムズ,湯布院第2,
nimoca,C8,02967,nimocaチャージ機,福岡銀行本店営業部 天神地下街プラザ出張所,天神地下街1番街・北広場前
nimoca,C8,0296A,nimocaチャージ機,博多バスターミナル,
nimoca,C8,029A6,リンガーハット,コムシティ黒崎店,
nimoca,C8,029DE,nimocaチャージ機,福岡銀行 本店営業部1階,
nimoca,C8,029E1,nimocaチャージ機,レイリア大橋,地下1階北エリア
nimoca,C8,029E7,nimocaチャージ機,Yショップ J-MART,鶴見病院 入院棟1階 YショップJ-MARTレジ付近
nimoca,C8,029EB,nimocaチャージ機,大分バス総合案内所,トキハ本店1階
nimoca,C8,029EC,nimocaチャージ機,チャチャタウン小倉,1F駐車場前
nimoca,C8,02A05,nimocaチャージ機,ソラリアプラザ,
nimoca,C8,02A06,nimocaチャージ機,西鉄グランドホテル,1階フロント近く
nimoca,C8,02A09,nimocaチャージ機,西鉄天神高速バスターミナル,
nimoca,C8,02A0A,nimocaチャージ機,西鉄天神高速バスターミナル,
nimoca,C8,02A0B,nimocaチャージ機,熊本銀行下通ファミリープラザ ATMコーナー,
nimoca,C8,02A0C,nimocaチャージ機,熊本銀行水前寺支店,
nimoca,C8,02A0D,nimocaチャージ機,熊本銀行健軍支店,
nimoca,C8,02A0E,nimocaチャージ機,ソラリアステージ,
nimoca,C8,02A13,nimocaチャージ機,博多バスターミナル,
nimoca,C8,02A14,nimocaチャージ機,エマックス・クルメ,2階 専門店街
nimoca,C8,02A19,nimocaチャージ機,宮崎交通 宮崎駅バスセンター,JR宮崎駅西口
nimoca,C8,02A1F,nimocaチャージ機,nimoca総合カウンター(久留米),
nimoca,C8,02A20,nimocaチャージ機,西鉄ストア レガネット千早店,
nimoca,C8,02A21,nimocaチャージ機,井筒屋 小倉店,本館東口1階
nimoca,C8,02A22,nimocaチャージ機,レガネットマルシェ薬院店,店舗入口
nimoca,C8,187FF,福岡徳洲会病院,駐車場,
nimoca,C8,18886,阿蘇くまもと空港,駐車場,
nimoca,C8,18926,住吉パーキング,,
nimoca,C8,18A46,うどんウエスト,吉塚駅前店,
nimoca,C8,18A50,うどんウエスト,吉塚駅前店,
nimoca,C8,1A5E1,nimocaチャージ機,函館バス 函館駅前バス案内所,
nimoca,C8,1A5ED,nimocaチャージ機,博多バスターミナル,
nimoca,C8,1A5F0,nimocaチャージ機,コープさっぽろ湯川店 店舗内,
nimoca,C8,1A5F1,nimocaチャージ機,福岡パルコ本館,5階 エレベーター横
nimoca,C8,1A5F2,nimocaチャージ機,大丸福岡天神店,東館エルガーラ 地下2階
nimoca,C8,1A5F3,nimocaチャージ機,ソラリアステージ,
nimoca,C8,1A5F7,nimocaチャージ機,レガネット大橋,
nimoca,C8,1A5F9,nimocaチャージ機,ソラリアステージ,
nimoca,C8,1A5FA,nimocaチャージ機,ソラリアプラザ,
nimoca,C8,1A5FB,nimocaチャージ機,西鉄天神高速バスターミナル,
nimoca,C8,1A5FD,nimocaチャージ機,西鉄黒崎バスセンター定期券発売所,
nimoca,C8,1A5FE,nimocaチャージ機,ソラリアステージ,
nimoca,C8,1A5FF,nimocaチャージ機,昭和自動車 唐津大手口バスセンター1階,
nimoca,C8,1A604,nimocaチャージ機,にしてつストア砂津店,
nimoca,C8,1A607,nimocaチャージ機,祐徳自動車 鹿島バスセンター,
nimoca,C8,1A60A,nimocaチャージ機,祐徳自動車 鹿島中川待合所,
nimoca,C8,1A60C,nimocaチャージ機,小倉駅前西鉄定期券発売所,
nimoca,C8,1A60E,nimocaチャージ機,ららぽーと福岡 レガネット,
nimoca,C8,1A615,nimocaチャージ機,ソラリアステージ,
nimoca,C8,1A617,nimocaチャージ機,長崎電気軌道 浦上車庫営業所,
nimoca,C8,1A61A,nimocaチャージ機,長崎県営バス,高速バスターミナル1階
nimoca,C8,1A61E,nimocaチャージ機,西肥バス 佐世保バスセンター,
nimoca,C8,1A631,nimocaチャージ機,福岡銀行天神町支店,1階ATMコーナー
nimoca,C8,32C96,自動販売機,福岡市役所,10階エレベーター横
nimoca,C8,32DDD,自動販売機,#筑鉄#筑豊直方駅,2F のりば
nimoca,C8,32E37,自動販売機,#筑豊電気鉄道#今池駅 上りホーム,
nimoca,C8,32F6F,自動販売機,福岡空港,4番搭乗口前 喫煙所内
nimoca,C8,3402D,自動販売機,那覇バスターミナル,到着エリア 自販機コーナー
nimoca,C8,341FA,伝説のすた丼屋,福岡天神店,
nimoca,C8,34A4E,新洗蔵,富士見店,
nimoca,C8,355D0,マクドナルド,博多バスターミナル店,
nimoca,C8,355D1,マクドナルド,博多バスターミナル店,
nimoca,C8,355D2,マクドナルド,博多バスターミナル店,
nimoca,C8,355D3,マクドナルド,博多バスターミナル店,
nimoca,C8,355D4,マクドナルド,博多バスターミナル店,
nimoca,C8,AB626,モスバーガー,スピナガーデン大手町店,
nimoca,C8,AB685,ローソン,博多住吉五丁目店,
nimoca,C8,AB695,ローソン,日田中央一丁目店,
nimoca,C8,AB698,ローソン,水巻駅前店,
nimoca,C8,AB6AA,ローソン,西鉄二日市駅西口店,
nimoca,C8,AB6B5,ローソン,西鉄ホテル クルーム博多店,
nimoca,C8,AB6E1,ローソン,別府上人南店,
nimoca,C8,AB6E2,ローソン,別府上人南店,
nimoca,C8,AB6EB,ローソン,福岡妙見通り店,
nimoca,C8,AB6EF,ローソン,福岡大楠三丁目店,
nimoca,C8,AB6F0,ローソン,福岡大楠三丁目店,
nimoca,C8,AB6F8,ローソン,博多南駅前店,
nimoca,C8,AB712,ローソン,福岡大橋駅前店,
nimoca,C8,AB715,ローソン,博多美野島二丁目店,
nimoca,C8,AB725,ローソン,博多駅東店,
nimoca,C8,AB729,ローソン,築上築城店,
nimoca,C8,AB72C,ローソン,みやま高田町店,
nimoca,C8,AB72D,ローソン,みやま高田町店,
nimoca,C8,AB73E,ローソン,八幡則松六丁目店,
nimoca,C8,AB73F,ローソン,八幡則松六丁目店,
nimoca,C8,AB753,ローソン,福岡警固西店,
nimoca,C8,AB754,ローソン,福岡警固西店,
nimoca,C8,AB786,ローソン,藤崎駅前店,
nimoca,C8,AB78E,ローソン,大名二丁目店,
nimoca,C8,AB78F,ローソン,大名二丁目店,
nimoca,C8,AB7A2,ローソン,福岡天神四丁目店,
nimoca,C8,AB7B7,ローソン,博多諸岡五丁目店,
nimoca,C8,AB7BA,ローソン,大分賀来北二丁目店,
nimoca,C8,AB7BB,ローソン,大分賀来北二丁目店,
nimoca,C8,AB7C1,ローソン,博多春町三丁目店,
nimoca,C8,AB7DC,ローソン,中津駅南口店,
nimoca,C8,AB7DD,ローソン,中津駅南口店,
nimoca,C8,AB7E4,ローソン,博多吉塚一丁目店,
nimoca,C8,AB7EF,ローソン,福岡清川二丁目店,
nimoca,C8,AB7F7,ローソン,別府亀川店,
nimoca,C8,AB7F8,ローソン,別府亀川店,
nimoca,C8,AB803,ローソン,比恵町店,
nimoca,C8,AB80C,ローソン,横手二丁目店,
nimoca,C8,AB80E,ローソン,西鉄福岡天神駅南口店,
nimoca,C8,AB80F,ローソン,西鉄福岡天神駅南口店,
nimoca,C8,AB810,ローソン,西鉄福岡天神駅南口店,
nimoca,C8,AB816,ローソン,博多大博町店,
nimoca,C8,AB817,ローソン,田川後藤寺店,
nimoca,C8,AB818,ローソン,田川後藤寺店,
nimoca,C8,AB823,ローソン,博多半道橋店,
nimoca,C8,AB829,ローソン,吉塚本町店,
nimoca,C8,AB82A,ローソン,吉塚本町店,
nimoca,C8,AB835,ローソン,別府上田の湯店,
nimoca,C8,AB836,ローソン,別府上田の湯店,
nimoca,C8,AB839,ローソン,別府餅ケ浜店,
nimoca,C8,AB83A,ローソン,別府餅ケ浜店,
nimoca,C8,AB843,ローソン,平尾駅前店,
nimoca,C8,AB856,ローソン,福岡東浜一丁目店,
nimoca,C8,AB857,ローソン,福岡東浜一丁目店,
nimoca,C8,AB85F,ローソン,トキハ別府店,
nimoca,C8,AB860,ローソン,トキハ別府店,
nimoca,C8,AB863,ローソン,西鉄大橋駅店,
nimoca,C8,AB864,ローソン,西小倉駅前店,
nimoca,C8,AB865,ローソン,西小倉駅前店,
nimoca,C8,AB86B,ローソン,太宰府五条二丁目店,
nimoca,C8,AB87A,ローソン,キャナルシティ博多店,
nimoca,C8,AB892,ローソン,博多中呉服町店,
nimoca,C8,AB8B8,ローソン,福岡白金一丁目店,
nimoca,C8,AB8B9,ローソン,福岡白金一丁目店,
nimoca,C8,AB8E0,ローソン,博多築港本町店,
nimoca,C8,AB8F6,ローソン,西鉄薬院駅店,
nimoca,C8,AB8F7,ローソン,西鉄薬院駅店,
nimoca,C8,AB8F9,ローソン,久留米六反畑店,
nimoca,C8,AB91C,ローソン,博多駅南一丁目店,
nimoca,C8,AB928,ローソン,千早三丁目店,
nimoca,C8,AB92D,ローソン,電気ビル北館店,
nimoca,C8,AB941,ローソン,福岡赤坂一丁目店,
nimoca,C8,AB954,ローソン,福岡今川二丁目店,
nimoca,C8,AB955,ローソン,福岡今川二丁目店,
nimoca,C8,AB956,ローソン,八幡黒崎三丁目店,
nimoca,C8,AB957,ローソン,八幡黒崎三丁目店,
nimoca,C8,AB95F,ローソン,小倉魚町二丁目店,
nimoca,C8,AB960,ローソン,小倉魚町二丁目店,
nimoca,C8,AB961,ローソン,小倉魚町二丁目店,
nimoca,C8,AB963,ローソン,博多駅大博通り店,
nimoca,C8,AB964,ローソン,博多駅大博通り店,
nimoca,C8,AB965,ローソン,博多駅大博通り店,
nimoca,C8,AB966,ローソン,天神二丁目店,
nimoca,C8,AB96A,ローソン,福岡若宮五丁目店,
nimoca,C8,AB96B,ローソン,福岡若宮五丁目店,
nimoca,C8,AB96E,ローソン,博多駅筑紫口店,
nimoca,C8,AB976,ローソン,別府新港町店,
nimoca,C8,AB977,ローソン,別府新港町店,
nimoca,C8,AB980,ローソン,高宮駅南店,
nimoca,C8,AB981,ローソン,高宮駅南店,
nimoca,C8,AB982,ローソン,大分原新町店,
nimoca,C8,AB983,ローソン,大分原新町店,
nimoca,C8,AB990,ローソン,天神一丁目店,
nimoca,C8,AB9A4,ローソン,大分松原店,
nimoca,C8,AB9A5,ローソン,大分松原店,
nimoca,C8,AB9ED,ローソン,九大学研都市駅前店,
nimoca,C8,AB9F5,ローソン,あるあるCity店,
nimoca,C8,AB9F6,ローソン,あるあるCity店,
nimoca,C8,ABA03,ローソン,小倉堺町公園店,
nimoca,C8,ABA04,ローソン,小倉堺町公園店,
nimoca,C8,ABA22,ローソン,大名店,
nimoca,C8,ABA23,ローソン,大名店,
nimoca,C8,ABA24,ローソン,麦野四丁目店,
nimoca,C8,ABA25,ローソン,笹原駅前店,
nimoca,C8,ABA26,ローソン,中央今泉店,
nimoca,C8,ABA27,ローソン,中央今泉店,
nimoca,C8,ABA2D,ローソン,博多駅西店,
nimoca,C8,ABA2E,ローソン,博多駅西店,
nimoca,C8,ABA44,ローソン,福岡百道浜一丁目店,
nimoca,C8,ABA51,ローソン,小倉富士見二丁目店,
nimoca,C8,ABA59,ローソン,春日千歳町店,
nimoca,C8,ABA5B,ローソン,香椎駅前一丁目店,
nimoca,C8,ABA5C,ローソン,筑紫通比恵町店,
nimoca,C8,ABA5E,ローソン,天神北店,
nimoca,C8,ABA64,ローソン,門司港町店,
nimoca,C8,ABA75,ローソン,南福岡駅前店,
nimoca,C8,ABA9F,ローソン,福岡西新五丁目店,
nimoca,C8,ABAA0,ローソン,福岡西新五丁目店,
nimoca,C8,ABAA2,ローソン,太宰府天満宮前店,
nimoca,C8,ABAB9,ローソン,福岡天神地下街店,
nimoca,C8,ABAC4,ローソン,渡辺通四丁目店,
nimoca,C8,ABAC5,ローソン,渡辺通四丁目店,
nimoca,C8,ABAC6,ローソン,渡辺通四丁目店,
nimoca,C8,ABAC7,ローソン,渡辺通四丁目店,
nimoca,C8,ABAE3,ローソン,博多駅明治公園店,
nimoca,C8,ABAE4,ローソン,博多駅明治公園店,
nimoca,C8,ABAE5,ローソン,博多駅明治公園店,
nimoca,C8,ABAE8,ローソン,博多千代四丁目店,
nimoca,C8,ABAF1,ローソン,長浜一丁目店,
nimoca,C8,ABAFB,ローソン,小倉駅北口店,
nimoca,C8,ABAFC,ローソン,小倉駅北口店,
nimoca,C8,ABB04,ローソン,上川端町店,
nimoca,C8,ABB0C,ローソン,吉塚五丁目店,
nimoca,C8,ABB0D,ローソン,吉塚五丁目店,
nimoca,C8,ABB10,ローソン,小倉馬借店,
nimoca,C8,ABB11,ローソン,小倉馬借店,
nimoca,C8,ABB1D,ローソン,行橋中央一丁目店,
nimoca,C8,ABB20,ローソン,小倉平和通店,
nimoca,C8,ABB21,ローソン,小倉平和通店,
nimoca,C8,ABB24,ローソン,福岡下川端町店,
nimoca,C8,ABB28,ローソン,福岡博多駅東二丁目店,
nimoca,C8,ABB29,ローソン,福岡天神親不孝通り店,
nimoca,C8,ABB2A,ローソン,福岡天神親不孝通り店,
nimoca,C8,ABB3B,ローソン,八幡前田一丁目店,
nimoca,C8,ABB3C,ローソン,八幡前田一丁目店,
nimoca,C8,ABB41,ローソン,大牟田不知火プラザ店,
nimoca,C8,ABB42,ローソン,大牟田不知火プラザ店,
nimoca,C8,ABB56,ローソン,吉塚三丁目店,
nimoca,C8,ABB57,ローソン,吉塚三丁目店,
nimoca,C8,ABB61,ローソン,八幡竹末二丁目店,
nimoca,C8,ABB62,ローソン,八幡竹末二丁目店,
nimoca,C8,ABB97,ローソン,門司小森江店,
nimoca,C8,ABBA0,ローソン,福岡大学病院店,
nimoca,C8,ABBA4,ローソン,大分浜の市二丁目店,
nimoca,C8,ABBA5,ローソン,大分浜の市二丁目店,
nimoca,C8,ABBB5,ローソン,飯塚病院店,
nimoca,C8,ABBB7,ローソン,天神南店,
nimoca,C8,ABBB8,ローソン,天神南店,
nimoca,C8,ABBB9,ローソン,天神南店,
nimoca,C8,ABBCC,ローソン,福岡博多駅前二丁目店,
nimoca,C8,ABBCD,ローソン,福岡博多駅前二丁目店,
nimoca,C8,ABBCE,ローソン,福岡博多駅前二丁目店,
nimoca,C8,ABBD6,ローソン,福岡キャナルシティ博多前店,
nimoca,C8,ABBF9,ローソン,浜の町病院店,
nimoca,C8,ABBFA,ローソン,浜の町病院店,
nimoca,C8,ABBFD,ローソン,水巻吉田西三丁目店,
nimoca,C8,ABC0B,ローソン,大牟田銀水店,
nimoca,C8,ABC0C,ローソン,大牟田銀水店,
nimoca,C8,ABC20,ローソン,柳川駅東店,
nimoca,C8,ABC21,ローソン,柳川駅東店,
nimoca,C8,ABC4E,ローソン,福岡室見二丁目店,
nimoca,C8,ABC4F,ローソン,福岡室見二丁目店,
nimoca,C8,ABC6A,ローソン,西鉄久留米駅店,
nimoca,C8,ABC7F,ローソン,博多吉塚六丁目店,
nimoca,C8,ABC8B,ローソン,福岡地行四丁目店,
nimoca,C8,ABC8C,ローソン,小倉駅南口店,
nimoca,C8,ABC8E,ローソン,小倉駅南口店,
nimoca,C8,ABC92,ローソン,博多古門戸町店,
nimoca,C8,ABCA3,ローソン,別府駅前通り店,
nimoca,C8,ABCA4,ローソン,別府駅前通り店,
nimoca,C8,ABCAB,ローソン,博多店,
nimoca,C8,ABCAC,ローソン,博多店,
nimoca,C8,ABCAD,ローソン,博多店,
nimoca,C8,ABCC4,ローソン,西鉄福岡天神駅改札内店,
nimoca,C8,ABCCC,ローソン,西鉄柳川駅店,
nimoca,C8,ABCCD,ローソン,西鉄柳川駅店,
nimoca,C8,ABD23,ローソン,福岡清川一丁目店,
nimoca,C8,ABD35,ローソン,門司西海岸二丁目店,
nimoca,C8,ABD48,ローソン,別府石垣西六丁目店,
nimoca,C8,ABD49,ローソン,別府石垣西六丁目店,
nimoca,C8,ABD53,ローソン,粕屋柚須店,
nimoca,C8,ABD58,ローソン,博多バスターミナル店,
nimoca,C8,ABD59,ローソン,博多バスターミナル店,
nimoca,C8,ABD5A,ローソン,博多バスターミナル店,
nimoca,C8,ABD5B,ローソン,博多バスターミナル店,
nimoca,C8,ABD5D,ローソン,久留米中央町店,
nimoca,C8,ABD62,ローソン,博多駅東三丁目店,
nimoca,C8,ABD65,ローソン,大野城東大利二丁目店,
nimoca,C8,ABD66,ローソン,大野城東大利二丁目店,
nimoca,C8,ABD67,ローソン,福岡大橋一丁目店,
nimoca,C8,ABD6D,ローソン,福岡赤坂門店,
nimoca,C8,ABD75,ローソン,博多東比恵三丁目店,
nimoca,C8,ABD7C,ローソン,大分荷揚町店,
nimoca,C8,ABD8D,ローソン,小倉米町二丁目店,
nimoca,C8,ABD90,ローソン,福岡市役所店,
nimoca,C8,ABD91,ローソン,福岡市役所店,
nimoca,C8,ABD92,ローソン,福岡市役所店,
nimoca,C8,ABD93,ローソン,福岡市役所店,
nimoca,C8,ABDB2,ローソン,薬院一丁目店,
nimoca,C8,ABDD9,ローソン,TNC放送会館店,
nimoca,C8,ABDED,ローソン,地行三丁目店,
nimoca,C8,ABDFD,ローソン,大分千代町四丁目店,
nimoca,C8,ABE01,ローソン,別府観光港店,
nimoca,C8,ABE02,ローソン,別府観光港店,
nimoca,C8,ABE25,ローソン,博多祇園町店,
nimoca,C8,ABE26,ローソン,博多祇園町店,
nimoca,C8,ABE2A,ローソン,オリエンタルホテル福岡店,
nimoca,C8,ABE2B,ローソン,オリエンタルホテル福岡店,
nimoca,C8,ABE2C,ローソン,オリエンタルホテル福岡店,
nimoca,C8,ABE64,ローソン,九州大学病院店,
nimoca,C8,ABE67,ローソン,九州大学病院店,
nimoca,C8,ABE8D,にしてつストア,高宮店,
nimoca,C8,ABF21,ローソン,福岡舞鶴交番前店,
nimoca,C8,ABF22,ローソン,福岡舞鶴交番前店,
nimoca,C8,ABF47,ローソン,井尻駅前店,
nimoca,C8,ABF8E,レガネット,天神,
nimoca,C8,AC05D,ローソン,西中洲店,
nimoca,C8,AC05E,ローソン,西中洲店,
nimoca,C8,AC05F,ローソン,西中洲店,
nimoca,C8,AC084,ローソン,福岡舞鶴三丁目店,
nimoca,C8,AC085,ローソン,福岡舞鶴三丁目店,
nimoca,C8,AC087,ローソン,天神ビジネスセンター店,
nimoca,C8,AC088,ローソン,天神ビジネスセンター店,
nimoca,C8,AC089,ローソン,天神ビジネスセンター店,
nimoca,C8,AC08A,ローソン,天神ビジネスセンター店,
nimoca,C8,AC0A0,セブン銀行,西鉄天神高速バスターミナル 共同出張所,
nimoca,C8,AC0D8,ローソン,福岡空港国内線店,
nimoca,C8,AC0D9,ローソン,福岡空港国内線店,
nimoca,C8,AC0DA,ローソン,福岡空港国内線店,
nimoca,C8,AC0F8,ローソン,博多駅前店,
nimoca,C8,AC0F9,ローソン,博多駅前店,
nimoca,C8,AC0FA,ローソン,博多駅前店,
nimoca,C8,AC178,セブン銀行,西日本鉄道 天神大牟田線 西鉄福岡(天神)駅 共同出張所,
nimoca,C8,AC279,レガネット,久留米タミー,
nimoca,C8,AC28F,ローソン銀行ATM,上川端町共同出張所,
nimoca,C8,AC291,ローソン銀行ATM,西中洲共同出張所,
nimoca,C8,AC292,ローソン銀行ATM,大名共同出張所,
nimoca,C8,AC293,ローソン銀行ATM,天神一丁目共同出張所,
nimoca,C8,AC294,ローソン銀行ATM,福岡天神四丁目共同出張所,
nimoca,C8,AC296,ローソン銀行ATM,天神南共同出張所,
nimoca,C8,AC29A,ローソン銀行ATM,福岡市役所共同出張所,
nimoca,C8,AC29D,ローソン銀行ATM,長浜一丁目共同出張所,
nimoca,C8,AC2AA,ローソン銀行ATM,博多駅大博通り共同出張所,
nimoca,C8,AC2BC,ローソン銀行ATM,オリエンタルホテル福岡共同出張所,
nimoca,C8,AC2D1,ローソン銀行ATM,吉塚五丁目共同出張所,
nimoca,C8,AC2D6,ローソン,博多上呉服町店,
nimoca,C8,AC2D7,ローソン,博多上呉服町店,
nimoca,C8,AC2D8,ローソン,博多上呉服町店,
nimoca,C8,AC2DF,ローソン,福岡渡辺通五丁目店,
nimoca,C8,AC2E0,ローソン,福岡渡辺通五丁目店,
nimoca,C8,AC2E6,ローソン銀行ATM,博多上呉服町共同出張所,
nimoca,C8,AC2F2,ローソン銀行ATM,福岡渡辺通五丁目共同出張所,
nimoca,C8,AC2FA,ローソン銀行ATM,小倉魚町二丁目共同出張所,
nimoca,C8,AC34B,ローソン銀行ATM,西鉄福岡天神駅南口共同出張所,
nimoca,C8,AC362,ローソン銀行ATM,博多駅西共同出張所,
nimoca,C8,AC36D,ローソン銀行ATM,大名二丁目共同出張所,
nimoca,C8,AC43D,ローソン,福岡空港国際線店,
nimoca,C8,AC43E,ローソン,福岡空港国際線店,
nimoca,C8,AC43F,ローソン,福岡空港国際線店,
nimoca,C8,AC440,ローソン,福岡空港国際線店,
nimoca,C8,AC441,ローソン,福岡空港国際線店,
nimoca,C8,AC442,ローソン,福岡空港国際線店,
nimoca,C8,AC446,ローソン銀行ATM,博多駅明治公園共同出張所,
nimoca,C8,AC470,ローソン銀行ATM,福岡空港国際線共同出張所,
nimoca,C8,AC49C,ローソン銀行ATM,福岡博多駅前二丁目共同出張所,
nimoca,C8,AC4EB,ローソン銀行ATM,博多吉塚一丁目共同出張所,
nimoca,C8,AC55E,ローソン銀行ATM,吉塚本町共同出張所,
nimoca,C8,AE872,ローソン,小城牛津店,
nimoca,C8,AE873,ローソン,小城牛津店,
nimoca,C8,AEC3C,ローソン,鳥栖駅前店,
nimoca,C8,AEC3D,ローソン,鳥栖駅前店,
nimoca,C8,AED65,ローソン,嬉野温泉店,
nimoca,C8,AEF58,ローソン,武雄小楠店,
nimoca,C8,AEF59,ローソン,武雄小楠店,
nimoca,C8,AF181,ローソン,嬉野温泉駅前店,
nimoca,C8,B54AF,ローソン,高知はりまや三丁目店,
nimoca,C8,B54B0,ローソン,高知はりまや三丁目店,
nimoca,C8,F4A09,マルチ電子マネーチャージ機,パスカワールド グリーンランド店,2階
nimoca,C8,F627D,nimocaチャージ機,レガネット朝倉街道店,
nimoca,C8,F6284,nimocaチャージ機,にしてつストアレガネット天神,
nimoca,C8,F6287,nimocaチャージ機,レガネット 久留米タミー店,
nimoca,C8,F6294,nimocaチャージ機,レガネットキュート 博多バスターミナル店,
nimoca,C8,F6295,nimocaチャージ機,レガネットキュート 赤坂門店,
nimoca,C8,F6296,nimocaチャージ機,レガネットキュート リバーウォーク店,
nimoca,C8,F629B,nimocaチャージ機,レガネットマルシェ下大利駅店,
nimoca,C8,F629C,nimocaチャージ機,レガネットキュート中洲川端店,
はやかけん,C7,326E3,ドトールコーヒーショップ,西新店,
はやかけん,C7,33454,ドトールコーヒーショップ,福岡新天町店,
はやかけん,C7,AB031,三興タクシー,,
はやかけん,C7,C3570,姪浜甘党屋,,
はやかけん,C7,C3573,ファミリーマート,メトロ博多筑紫口店,
はやかけん,C7,C3574,ファミリーマート,メトロ博多筑紫口店,
はやかけん,C7,C3575,ファミリーマート,メトロ博多筑紫口店,
はやかけん,C7,C3576,ファミリーマート,メトロ博多筑紫口店,
はやかけん,C8,02B92,紙与パーキング駅三,,
はやかけん,C8,18713,自動販売機,#福岡市地下鉄#箱崎九大前駅,構内
はやかけん,C8,1873C,福岡市営渡船,西戸崎旅客待合所,
はやかけん,C8,1873D,福岡市営渡船,志賀島旅客待合所,
はやかけん,C8,18771,自動販売機,福岡市役所,15階 食堂入口付近
はやかけん,C8,1877C,市営天神中央公園駐車場,,
はやかけん,C8,187B1,福岡市動植物園,総合案内所(正門) 入場券売り場,
