ICOCA,C7,0026,ローソン,大安寺店,
ICOCA,C7,0027,ローソン,大安寺店,
ICOCA,C7,0081,ローソン,塚本通店,
ICOCA,C7,0082,ローソン,塚本通店,
ICOCA,C7,00D1,ファミリーマート,四条河原町西店,
ICOCA,C7,00D2,ファミリーマート,四条河原町西店,
ICOCA,C7,011A,ファミリーマート,妙法寺インター店,
ICOCA,C7,0160,ローソン,JR茨木東口店,
ICOCA,C7,0161,ローソン,JR茨木東口店,
ICOCA,C7,0162,ローソン,JR茨木東口店,
ICOCA,C7,017E,ローソン,泉佐野長滝店,
ICOCA,C7,01AD,ローソン,天神橋二丁目店,
ICOCA,C7,01AE,ローソン,天神橋二丁目店,
ICOCA,C7,01AF,ローソン,天神橋二丁目店,
ICOCA,C7,01BA,セブン‐イレブン,岩国和木3丁目店,
ICOCA,C7,01DF,ローソン,金沢昭和町店,
ICOCA,C7,01FC,ローソン,嵯峨嵐山駅前店,
ICOCA,C7,0228,ローソン,JR和歌山駅前店,
ICOCA,C7,0229,ローソン,JR和歌山駅前店,
ICOCA,C7,025C,ファミリーマート,八日市東浜店,
ICOCA,C7,029D,ローソン,上野小田店,
ICOCA,C7,029E,ローソン,上野小田店,
ICOCA,C7,02BA,ローソン,打田町打田店,
ICOCA,C7,02FA,ローソン,津山昭和町店,
ICOCA,C7,033D,ローソン,岡山本町店,
ICOCA,C7,033E,ローソン,岡山本町店,
ICOCA,C7,03CD,ファミリーマート,岩国通津店,
ICOCA,C7,03CE,ファミリーマート,岩国通津店,
ICOCA,C7,03DA,ファミリーマート,東近江川合町店,
ICOCA,C7,03FD,ファミリーマート,新深江駅前店,
ICOCA,C7,0431,ローソン,北区松ヶ枝町店,
ICOCA,C7,0432,ローソン,北区松ヶ枝町店,
ICOCA,C7,0450,ファミリーマート,岩国平田店,
ICOCA,C7,0471,ローソン,伊賀平野店,
ICOCA,C7,0472,ローソン,伊賀平野店,
ICOCA,C7,048E,ファミリーマート,室津PA下り店,室津PA下り線
ICOCA,C7,048F,ファミリーマート,室津PA下り店,室津PA下り線
ICOCA,C7,0490,ファミリーマート,室津PA下り店,室津PA下り線
ICOCA,C7,0491,ファミリーマート,室津PA下り店,室津PA下り線
ICOCA,C7,04A2,ローソン,東大阪稲葉一丁目店,
ICOCA,C7,04B6,ローソン,関西国際空港店,
ICOCA,C7,0578,ファミリーマート,西脇和布店,
ICOCA,C7,05E0,ローソン,高の原中央病院店,
ICOCA,C7,05E1,ローソン,高の原中央病院店,
ICOCA,C7,061A,ファミリーマート,大阪天満宮店,
ICOCA,C7,061B,ファミリーマート,大阪天満宮店,
ICOCA,C7,061C,ファミリーマート,大阪天満宮店,
ICOCA,C7,067C,ファミリーマート+薬ヒグチ,薬ヒグチ西陣北店,
ICOCA,C7,067D,ファミリーマート+薬ヒグチ,薬ヒグチ西陣北店,
ICOCA,C7,067E,ファミリーマート+薬ヒグチ,薬ヒグチ西陣北店,
ICOCA,C7,0736,ローソン,長堀橋店,
ICOCA,C7,078A,ローソン,呉広駅前店,
ICOCA,C7,07AC,ローソン,三原駅前店,
ICOCA,C7,07B1,ローソン,美作作東店,
ICOCA,C7,07C7,ファミリーマート,寺町綾小路店,
ICOCA,C7,07FB,ローソン,金沢南町店,
ICOCA,C7,087B,ローソン,東大阪荒本駅前店,
ICOCA,C7,087C,ローソン,東大阪荒本駅前店,
ICOCA,C7,08A1,ローソン,山崎三津店,
ICOCA,C7,08A2,ローソン,山崎三津店,
ICOCA,C7,08BE,ローソン,京都駅前店,
ICOCA,C7,08CD,ファミリーマート,近鉄大和高田駅前店,
ICOCA,C7,08D4,ファミリーマート,奈良西大寺本町店,
ICOCA,C7,08ED,ファミリーマート,下沢通店,
ICOCA,C7,0904,ローソン,西明石駅店,#JR山陽新幹線/山陽本線#西明石駅構内(改札外) 新幹線高架下
ICOCA,C7,0921,ファミリーマート,長岡京調子店,
ICOCA,C7,0929,ファミリーマート,光虹ヶ浜店,
ICOCA,C7,0956,ローソン,高知朝倉駅前店,
ICOCA,C7,095E,ファミリーマート,夢前前之庄店,
ICOCA,C7,0983,ファミリーマート,阪急桂駅前店,
ICOCA,C7,09C3,ファミリーマート,八景店,
ICOCA,C7,0A14,ファミリーマート,神鉄谷上駅前店,
ICOCA,C7,0A29,ローソン,新大阪センタービル店,
ICOCA,C7,0A58,ローソン,金沢保古店,
ICOCA,C7,0A6B,ファミリーマート,御所東松本店,
ICOCA,C7,0A6C,ファミリーマート,御所東松本店,
ICOCA,C7,0A9A,ローソン,JR奈良駅前店,
ICOCA,C7,0A9B,ローソン,JR奈良駅前店,
ICOCA,C7,0AB0,ローソン,奈良学園北一丁目店,
ICOCA,C7,0AB1,ローソン,奈良学園北一丁目店,
ICOCA,C7,0AC8,ローソン,五條新町一丁目店,
ICOCA,C7,0AE8,ファミリーマート,岡山大供本町店,
ICOCA,C7,0AFE,ローソン,東山三条神宮道店,
ICOCA,C7,0B60,ローソン,江津敬川店,
ICOCA,C7,0B73,ファミリーマート,西登美ヶ丘店,
ICOCA,C7,0B80,ファミリーマート,天理三昧田町店,
ICOCA,C7,0B81,ファミリーマート,天理三昧田町店,
ICOCA,C7,0B8E,ローソン,安芸高田向原店,
ICOCA,C7,0BA5,ファミリーマート,香芝二上駅前店,
ICOCA,C7,0BB0,ローソン,八幡浜五反田店,
ICOCA,C7,0BC5,ローソン,徳島赤十字病院店,
ICOCA,C7,0BE3,ローソン,高知栄田町店,
ICOCA,C7,0C0A,ローソン,新居浜坂井町店,
ICOCA,C7,0C48,ローソン,大洲新谷室戸店,
ICOCA,C7,0C49,ローソン,大洲新谷室戸店,
ICOCA,C7,0C58,ローソン,さくら夙川駅前店,
ICOCA,C7,0C59,ローソン,さくら夙川駅前店,
ICOCA,C7,0C84,ローソン,JR宝塚駅前店,
ICOCA,C7,0C92,ローソン,江坂駅南口店,
ICOCA,C7,0CDF,ローソン,須崎西崎店,
ICOCA,C7,0D20,ローソン,宇部明神町一丁目店,
ICOCA,C7,0D23,JPローソン,広島東局店,広島東郵便局1階
ICOCA,C7,0D26,ファミリーマート,天満三丁目店,
ICOCA,C7,0D53,ローソン,岡山幸町店,
ICOCA,C7,0D54,ローソン,岡山幸町店,
ICOCA,C7,0D55,ローソン,岡山幸町店,
ICOCA,C7,0D5E,ローソン,須磨機動隊前店,
ICOCA,C7,0D5F,ローソン,須磨機動隊前店,
ICOCA,C7,0D8A,ローソン,平林南一丁目店,
ICOCA,C7,0D8B,ローソン,平林南一丁目店,
ICOCA,C7,0DB3,セラーズキタガワ,,
ICOCA,C7,0E1B,ローソン,なんば千日前通店,
ICOCA,C7,0E2A,ローソン,妙法寺駅店,
ICOCA,C7,0E72,ココカラファイン,四条烏丸店,
ICOCA,C7,0E73,ココカラファイン,四条烏丸店,
ICOCA,C7,0E74,ココカラファイン,四条烏丸店,
ICOCA,C7,0EEC,ローソン,長田片山町五丁目店,
ICOCA,C7,0EED,ローソン,長田片山町五丁目店,
ICOCA,C7,0EEE,ローソン,奈良鳥見町店,
ICOCA,C7,0EEF,ローソン,奈良鳥見町店,
ICOCA,C7,0EF1,ココカラファイン,四条河原町店,
ICOCA,C7,0EF2,ココカラファイン,四条河原町店,
ICOCA,C7,0EF3,ココカラファイン,四条河原町店,
ICOCA,C7,0EFD,イオン,登美ヶ丘店,1F 食料品と暮らしの快適・充実フロア 食料品レジ
ICOCA,C7,0F04,ローソン,奈良法華寺町店,
ICOCA,C7,0F0C,ドラッグセガミ,京阪守口駅前店,
ICOCA,C7,0F14,イオン,登美ヶ丘店,1F 食料品と暮らしの快適・充実フロア 食料品レジ
ICOCA,C7,0F3C,ローソン,浪速警察署前店,
ICOCA,C7,0F3D,ローソン,浪速警察署前店,
ICOCA,C7,0F49,ローソン,だいどう豊里駅前店,
ICOCA,C7,0F52,ローソン,金沢南町中央店,
ICOCA,C7,0F53,ローソン,金沢南町中央店,
ICOCA,C7,0F6E,ローソン,高梁駅前店,
ICOCA,C7,0F74,ローソン,岡山大元駅前店,
ICOCA,C7,0F75,ローソン,岡山大元駅前店,
ICOCA,C7,0F9E,ローソン,岡山駅前店,
ICOCA,C7,0F9F,ローソン,岡山駅前店,
ICOCA,C7,0FA0,ローソン,岡山駅前店,
ICOCA,C7,0FBC,ローソン,岩国周東下久原店,
ICOCA,C7,0FC3,ローソン,三田フラワータウン駅前店,
ICOCA,C7,1003,イオン,大日店,
ICOCA,C7,1042,ローソン,四条西小路店,
ICOCA,C7,105B,ローソン,日本橋なんさん通り店,
ICOCA,C7,105C,ローソン,日本橋なんさん通り店,
ICOCA,C7,1061,ローソン,奈良押熊町店,
ICOCA,C7,1062,ローソン,奈良押熊町店,
ICOCA,C7,106F,ローソン,JR新長田駅南店,
ICOCA,C7,1070,ローソン,JR新長田駅南店,
ICOCA,C7,108E,ファミリーマート,和泉大宮駅前店,
ICOCA,C7,109B,ローソン,伊賀上野丸之内店,
ICOCA,C7,10A0,デイリーヤマザキ,奈良尼ケ辻店,
ICOCA,C7,10A3,セブン‐イレブン,京都上七軒店,
ICOCA,C7,10A4,セブン‐イレブン,京都上七軒店,
ICOCA,C7,10A5,セブン‐イレブン,京都上七軒店,
ICOCA,C7,10CF,ローソン,西本町一丁目店,
ICOCA,C7,11A0,ココカラファイン,安来店,
ICOCA,C7,11B0,ローソン,神戸谷上東町店,
ICOCA,C7,11B1,ローソン,神戸谷上東町店,
ICOCA,C7,1209,ローソン,市立大洲病院前店,
ICOCA,C7,120A,ローソン,市立大洲病院前店,
ICOCA,C7,1236,ココカラファイン,ライフォート南ウッディタウン店,
ICOCA,C7,1237,ココカラファイン,ライフォート南ウッディタウン店,
ICOCA,C7,124F,イオン,鴻池店,
ICOCA,C7,12B3,ココカラファイン,大宮鞍馬口店,
ICOCA,C7,12B6,ローソン,JR三田駅北,
ICOCA,C7,12F6,ローソン,奈良西大寺南町店,
ICOCA,C7,12FA,ローソン,内環今福東店,
ICOCA,C7,1395,ファミリーマート,近鉄学園前駅店,
ICOCA,C7,1396,ファミリーマート,近鉄学園前駅店,
ICOCA,C7,1397,ファミリーマート,近鉄学園前駅店,
ICOCA,C7,1398,ファミリーマート,近鉄学園前駅店,
ICOCA,C7,1399,ファミリーマート,近鉄橿原神宮前駅店,
ICOCA,C7,139A,ファミリーマート,近鉄橿原神宮前駅店,
ICOCA,C7,139B,ファミリーマート,近鉄橿原神宮前駅店,
ICOCA,C7,139C,ファミリーマート,近鉄京都駅店,
ICOCA,C7,139D,ファミリーマート,近鉄京都駅店,
ICOCA,C7,139E,ファミリーマート,近鉄京都駅店,
ICOCA,C7,139F,ファミリーマート,近鉄京都駅店,
ICOCA,C7,13AC,ローソン,高知デンテツターミナル店,
ICOCA,C7,13B0,ローソン,東大阪フレスポ長田駅前店,
ICOCA,C7,13C3,ローソン,宇治木幡平尾店,
ICOCA,C7,13DC,セブン‐イレブン,津山高野店,
ICOCA,C7,145E,セブン‐イレブン,大阪東天満1丁目店,
ICOCA,C7,145F,セブン‐イレブン,大阪東天満1丁目店,
ICOCA,C7,1468,デイリーヤマザキ,宇治槇島店,
ICOCA,C7,14CC,セブン‐イレブン,姫路安富町安志店,
ICOCA,C7,1542,サークルK,和霊中町店,
ICOCA,C7,154B,ローソン,難波二丁目店,
ICOCA,C7,1560,ローソン,鶴見緑地駅前店,
ICOCA,C7,1580,サークルK,宇和島中央店,
ICOCA,C7,15CE,サークルK,宇和島伊吹町店,
ICOCA,C7,15F3,サークルK,松山宮西店,
ICOCA,C7,1603,ローソン,内子五十崎インター前店,
ICOCA,C7,1604,ローソン,内子五十崎インター前店,
ICOCA,C7,1626,サークルK,西条大町店,
ICOCA,C7,16AF,ローソン,下関川中本町店,
ICOCA,C7,16B0,ローソン,下関川中本町店,
ICOCA,C7,171B,ローソン,萩椿東平方店,
ICOCA,C7,1735,サークルK,宇和島桝形店,
ICOCA,C7,1763,ローソン,西中島六丁目店,
ICOCA,C7,17BA,ファミリーマート,近鉄西大寺駅橋上店,
ICOCA,C7,17BB,ファミリーマート,近鉄西大寺駅橋上店,
ICOCA,C7,17BC,ファミリーマート,近鉄鶴橋駅1番ホーム西店,
ICOCA,C7,17FB,セブン‐イレブン,広島舟入南3丁目店,
ICOCA,C7,183C,ローソン,西院六反田店,
ICOCA,C7,1847,ファミリーマート,近鉄八木駅1番ホーム店,近鉄八木駅1・2番線ホーム
ICOCA,C7,1848,ファミリーマート,近鉄八木駅1番ホーム店,近鉄八木駅1・2番線ホーム
ICOCA,C7,184A,ファミリーマート,近鉄八木駅3番ホーム店,
ICOCA,C7,184C,ファミリーマート,近鉄京都駅3番ホーム前店,
ICOCA,C7,184D,ファミリーマート,近鉄鶴橋駅1番ホーム東店,
ICOCA,C7,1863,ピーコックストア,千里中央店,
ICOCA,C7,1888,ローソン,三豊詫間駅前店,
ICOCA,C7,189D,ファミリーマート,近鉄西大寺駅橋上店,
ICOCA,C7,189E,ファミリーマート,近鉄西大寺駅橋上店,
ICOCA,C7,18AD,デイリーヤマザキ,上牧駅前店,
ICOCA,C7,18AF,デイリーヤマザキ,泉大津助松店,
ICOCA,C7,1932,ローソン,紀の川古和田店,
ICOCA,C7,1954,イオン,布施駅前店,B1F サービスコーナー
ICOCA,C7,1973,セブン‐イレブン,奈良芝辻町店,
ICOCA,C7,1974,セブン‐イレブン,奈良芝辻町店,
ICOCA,C7,198A,ローソン,厚狭駅前店,
ICOCA,C7,19B2,ファミリーマート,近鉄西大寺駅1番ホーム店,
ICOCA,C7,19B3,ファミリーマート,近鉄西大寺駅1番ホーム店,
ICOCA,C7,19B4,ファミリーマート,近鉄西大寺駅3番ホーム店,
ICOCA,C7,19B5,ファミリーマート,近鉄西大寺駅3番ホーム店,
ICOCA,C7,19C0,セブン‐イレブン,宇部東須恵中原店,
ICOCA,C7,19C1,セブン‐イレブン,宇部東須恵中原店,
ICOCA,C7,1A24,ローソン,近鉄奈良駅前店,
ICOCA,C7,1A25,ローソン,近鉄奈良駅前店,
ICOCA,C7,1A26,ローソン,近鉄奈良駅前店,
ICOCA,C7,1A2E,ファミリーマート,近鉄古市駅改札内橋上店,
ICOCA,C7,1A8F,ローソン,奈良芝辻町一丁目店,
ICOCA,C7,1A90,ローソン,奈良芝辻町一丁目店,
ICOCA,C7,1AE0,ローソン,阿南税務署前店,
ICOCA,C7,1AE1,ローソン,阿南税務署前店,
ICOCA,C7,1AF0,ローソン,ちより街テラス店,
ICOCA,C7,1AF1,ローソン,ちより街テラス店,
ICOCA,C7,1B01,ローソン,高松町店,
ICOCA,C7,1B02,ローソン,高松町店,
ICOCA,C7,1BB5,ファミリーマート,長浜豊公園前店,
ICOCA,C7,1BBA,ローソン,宇部中央町一丁目店,
ICOCA,C7,1BBB,ローソン,宇部中央町一丁目店,
ICOCA,C7,1BBD,ローソン,八幡浜駅前店,
ICOCA,C7,1BBE,ローソン,八幡浜駅前店,
ICOCA,C7,1BD1,セブン‐イレブン,近鉄奈良駅前店,
ICOCA,C7,1BD2,セブン‐イレブン,近鉄奈良駅前店,
ICOCA,C7,1BD4,ファミリーマート,石山駅前店,
ICOCA,C7,1BD5,ファミリーマート,石山駅前店,
ICOCA,C7,1C12,ローソン,奈良新大宮店,
ICOCA,C7,1C13,ローソン,奈良新大宮店,
ICOCA,C7,1C1D,ローソン,千日前一丁目店,
ICOCA,C7,1C1E,ローソン,千日前一丁目店,
ICOCA,C7,1C1F,ローソン,千日前一丁目店,
ICOCA,C7,1C4E,ローソン+フレンズ,山陽板宿ちか店,
ICOCA,C7,1C53,ファミリーマート,山陽姫路駅前店,山陽姫路駅高架下
ICOCA,C7,1C73,ローソン,近鉄布施駅北店,
ICOCA,C7,1C74,ローソン,近鉄布施駅北店,
ICOCA,C7,1C7D,ローソン+ドラッグシグマ,八尾本町店,
ICOCA,C7,1C7E,ローソン+ドラッグシグマ,八尾本町店,
ICOCA,C7,1C94,ローソン,大阪茶屋町店,
ICOCA,C7,1C95,ローソン,大阪茶屋町店,
ICOCA,C7,1C9D,ローソン,奈良秋篠新町店,
ICOCA,C7,1C9E,ローソン,奈良秋篠新町店,
ICOCA,C7,1D55,ローソンストア100,今出川大宮店,
ICOCA,C7,1D56,ローソンストア100,今出川大宮店,
ICOCA,C7,1D82,セブン‐イレブン,甲田町高田原店,
ICOCA,C7,1D89,ローソンストア100,天神橋三丁目店,
ICOCA,C7,1D8A,ローソンストア100,天神橋三丁目店,
ICOCA,C7,1D8B,ローソンストア100,長田水笠通店,
ICOCA,C7,1D8C,ローソンストア100,長田水笠通店,
ICOCA,C7,1D9B,ローソンストア100,円町駅前店,
ICOCA,C7,1D9C,ローソンストア100,円町駅前店,
ICOCA,C7,1DD9,ローソンストア100,俊徳道店,
ICOCA,C7,1DDA,ローソンストア100,俊徳道店,
ICOCA,C7,1E05,ローソンストア100,明石本町店,
ICOCA,C7,1E06,ローソンストア100,明石本町店,
ICOCA,C7,1E38,ローソンストア100,千本寺之内店,
ICOCA,C7,1E39,ローソンストア100,千本寺之内店,
ICOCA,C7,1E50,ローソン,新見駅前店,
ICOCA,C7,1E51,ローソン,新見駅前店,
ICOCA,C7,1E67,ローソン,江津嘉久志町店,
ICOCA,C7,1E7F,ローソン,日本橋三丁目交差点東店,
ICOCA,C7,1E82,ローソン,東大阪衣摺五丁目店,
ICOCA,C7,1E83,ローソン,東大阪衣摺五丁目店,
ICOCA,C7,1E8F,ローソン,明石魚の棚店,
ICOCA,C7,1EFC,ホリーズカフェ,イオン西大津店,
ICOCA,C7,1F30,ファミリーマート,近鉄烏森駅前店,
ICOCA,C7,1FF8,イオン,三田ウッディタウン店,食品売り場
ICOCA,C7,2006,ローソン,中土佐町久礼店,
ICOCA,C7,2024,ローソン,伊野枝川駅前店,
ICOCA,C7,2032,ローソン,四万十町中央インター店,
ICOCA,C7,2147,ローソン,奈良角振町店,
ICOCA,C7,2148,ローソン,奈良角振町店,
ICOCA,C7,221B,セブン‐イレブン,京田辺三山木店,
ICOCA,C7,221C,セブン‐イレブン,京田辺三山木店,
ICOCA,C7,2228,アンスリー,金剛店,金剛駅
ICOCA,C7,2241,ファミリーマート,南森町駅前店,
ICOCA,C7,2243,ファミリーマート,南森町駅前店,
ICOCA,C7,2251,ファミリーマート,南田辺駅前店,
ICOCA,C7,2299,ローソン,第4ビル地下2階店,
ICOCA,C7,22A2,ファミリーマート,新梅田スカイビル前,
ICOCA,C7,22AB,ファミリーマート,ドーチカ店,
ICOCA,C7,22E1,アンスリー,和歌山市駅店,南海和歌山市駅 改札階(改札内)
ICOCA,C7,22E2,アンスリー,和歌山市駅店,南海和歌山市駅 改札階(改札内)
ICOCA,C7,22E4,nasco+,なんば北口3号,
ICOCA,C7,2365,アンスリー,和泉中央店,
ICOCA,C7,23D8,ファミリーマート,近鉄高の原駅改札内橋上店,
ICOCA,C7,23D9,ファミリーマート,近鉄高の原駅改札内橋上店,
ICOCA,C7,23DA,ファミリーマート,近鉄高の原駅改札内橋上店,
ICOCA,C7,2462,ファミリーマート,天満二丁目店,
ICOCA,C7,2466,ファミリーマート,谷町一丁目店,
ICOCA,C7,24A3,ファミリーマート,近鉄富雄駅ホーム店,
ICOCA,C7,24A4,ファミリーマート,近鉄富雄駅ホーム店,
ICOCA,C7,24AF,セブン‐イレブン,大東市中垣内5丁目店,
ICOCA,C7,24B1,ファミリーマート,北梅田店,
ICOCA,C7,24B2,ファミリーマート,北梅田店,
ICOCA,C7,24B6,ローソン・ポプラ,日野根雨店,
ICOCA,C7,24B7,ローソン・ポプラ,日野根雨店,
ICOCA,C7,24C8,ファミリーマート,Uライン三宮駅東売店,
ICOCA,C7,254C,啓林堂書店,郡山店,
ICOCA,C7,254D,啓林堂書店,奈良店,2階
ICOCA,C7,254E,啓林堂書店,奈良店,1階
ICOCA,C7,2575,ファミリーマート,山王動物園前店,
ICOCA,C7,2599,ローソン・ポプラ,S鳥取ワシントンホテル店,
ICOCA,C7,25B0,ファミリーマート,与力町店,
ICOCA,C7,25DB,ファミリーマート+薬ヒグチ,薬ヒグチ天神橋二丁目店,
ICOCA,C7,25DC,ファミリーマート+薬ヒグチ,薬ヒグチ天神橋二丁目店,
ICOCA,C7,25F5,イオン,西大和店,1F サービスカウンター
ICOCA,C7,2656,セブン‐イレブン,西脇和布町店,
ICOCA,C7,26A2,サークルK,宇和島本町追手店,
ICOCA,C7,2701,ファミリーマート,東天満一丁目店,
ICOCA,C7,2702,ファミリーマート,東天満一丁目店,
ICOCA,C7,2703,ファミリーマート,東天満一丁目店,
ICOCA,C7,2749,ファミリーマート,近鉄難波駅東改札外店,
ICOCA,C7,274A,ファミリーマート,近鉄難波駅東改札外店,
ICOCA,C7,274B,ファミリーマート,近鉄学園前駅2番ホーム中央店,
ICOCA,C7,274C,ファミリーマート,近鉄学園前駅2番ホーム中央店,
ICOCA,C7,2756,ファミリーマート,近鉄難波駅東改札外店,
ICOCA,C7,2758,はなまるうどん,イオン高槻店,イオン高槻店フードコート
ICOCA,C7,278C,ファミリーマート,阪神野田店,
ICOCA,C7,27B6,ファミリーマート,西条三永一丁目店,
ICOCA,C7,27C8,ファミリーマート,大阪赤十字病院店,
ICOCA,C7,27C9,ファミリーマート,大阪赤十字病院店,
ICOCA,C7,281E,セブン‐イレブン,近鉄奈良駅北口店,
ICOCA,C7,281F,セブン‐イレブン,近鉄奈良駅北口店,
ICOCA,C7,2820,セブン‐イレブン,近鉄奈良駅北口店,
ICOCA,C7,2825,セブン‐イレブン,八日市小脇店,
ICOCA,C7,285A,セブン‐イレブン,広島京橋町店,
ICOCA,C7,2861,ファミリーマート,近鉄難波駅東改札内店,大阪難波駅東改札内コンコース
ICOCA,C7,2866,ファミリーマート,近鉄布施駅4階奈良線ホーム店,
ICOCA,C7,2893,ファミリーマート,兵庫駅前店,
ICOCA,C7,289F,ファミリーマート,JR姫路駅前店,
ICOCA,C7,28E1,セブン‐イレブン,広島紙屋町シャレオ店,
ICOCA,C7,2903,セブン‐イレブン,下関富任町店,
ICOCA,C7,290C,ファミリーマート,JR元町駅東口店,
ICOCA,C7,292C,ファミリーマート,近鉄難波駅東改札内店,大阪難波駅コンコース階改札内
ICOCA,C7,293C,スーパージャンカラ,河原町本店,
ICOCA,C7,2942,ジャンカラ(ジャンボカラオケ広場),京橋3号店,
ICOCA,C7,2949,ジャンカラ(ジャンボカラオケ広場),河原町本店,
ICOCA,C7,294E,セブン‐イレブン,宇部藤曲店,
ICOCA,C7,294F,セブン‐イレブン,宇部藤曲店,
ICOCA,C7,2952,ジャンカラ(ジャンボカラオケ広場),JR奈良店,
ICOCA,C7,2958,ジャンカラ(ジャンボカラオケ広場),近鉄奈良東向店,
ICOCA,C7,2968,ジャンカラ(ジャンボカラオケ広場),四条河原町店,
ICOCA,C7,2970,ジャンカラ(ジャンボカラオケ広場),河原町店,
ICOCA,C7,2978,ファミリーマート,大阪駅前第四ビル店,
ICOCA,C7,2979,ジャンカラ(ジャンボカラオケ広場),三条河原町店,
ICOCA,C7,299D,セブン‐イレブン,宇治黄檗公園店,
ICOCA,C7,299E,ジャンカラ(ジャンボカラオケ広場),河原町六角店,
ICOCA,C7,29A0,ジャンカラ(ジャンボカラオケ広場),西院駅前店,
ICOCA,C7,29A8,ジャンカラ(ジャンボカラオケ広場),京都駅前店,
ICOCA,C7,29AD,ファミリーマート,九条店,
ICOCA,C7,2A3E,ファミリーマート,Uライン三宮駅東売店,
ICOCA,C7,2AAB,ファミリーマート,西中島七丁目店,
ICOCA,C7,2ACE,ファミリーマート,学南町店,
ICOCA,C7,2ADF,ファミリーマート,Uライン学園都市駅売店,
ICOCA,C7,2AE2,ファミリーマート,近鉄阿部野橋駅地下中改札内店,
ICOCA,C7,2AE3,ファミリーマート,近鉄生駒駅改札内橋上店,
ICOCA,C7,2AE4,ファミリーマート,近鉄生駒駅改札内橋上店,
ICOCA,C7,2AE7,ファミリーマート,近鉄新石切駅改札内店,#近鉄#新石切駅改札内
ICOCA,C7,2AE8,ファミリーマート,近鉄新石切駅改札内店,#近鉄#新石切駅改札内
ICOCA,C7,2AEA,ファミリーマート,近鉄鶴橋駅東3階店,
ICOCA,C7,2AFC,イオン,鶴見緑地店,1階 パン売場
ICOCA,C7,2C30,イオン,東大阪店,2F サービスカウンター
ICOCA,C7,2C40,お弁当 京ざんまい,,新幹線京都駅2F改札外(ASTY京都「八条小町」内)
ICOCA,C7,2D4A,セブン‐イレブン,烏丸御池店,
ICOCA,C7,2E67,ファミリーマート,岡山錦町店,
ICOCA,C7,2E68,ファミリーマート,岡山錦町店,
ICOCA,C7,2E69,ファミリーマート,岡山錦町店,
ICOCA,C7,2E8D,ファミリーマート,新長田駅北店,
ICOCA,C7,2E8F,ファミリーマート,近鉄上本町駅地下中央改札内店,
ICOCA,C7,2E90,ファミリーマート,近鉄上本町駅地下中央改札内店,
ICOCA,C7,2E91,ファミリーマート,近鉄奈良駅改札内店,近鉄奈良駅改札階ラッチ内
ICOCA,C7,2E92,ファミリーマート,近鉄奈良駅改札内店,近鉄奈良駅改札階ラッチ内
ICOCA,C7,2F10,ファミリーマート,近鉄生駒駅改札内橋上店,
ICOCA,C7,2F13,ファミリーマート,近鉄鶴橋駅東3階店,
ICOCA,C7,2F14,ファミリーマート,近鉄奈良駅改札内店,近鉄奈良駅改札階ラッチ内
ICOCA,C7,2F45,ファミリーマート,山口嘉川店,
ICOCA,C7,2FAC,セブン‐イレブン,京都地下鉄三条京阪駅店,地下鉄三条京阪駅構内
ICOCA,C7,2FF2,ローソン,新長田駅西店,
ICOCA,C7,301B,ファミリーマート,近鉄上本町駅地下1番ホーム店,
ICOCA,C7,3030,ファミリーマート,近鉄日本橋駅改札内中央店,
ICOCA,C7,3031,ファミリーマート,近鉄日本橋駅改札内中央店,
ICOCA,C7,303A,ファミリーマート,岡山上道駅前店,
ICOCA,C7,303E,ファミリーマート,近鉄鶴橋駅3番ホーム西店,
ICOCA,C7,303F,ファミリーマート,近鉄鶴橋駅3番ホーム西店,
ICOCA,C7,305A,大垣書店,イオンモール京都五条店,書籍・CD売場
ICOCA,C7,3062,ファミリーマート,近鉄難波駅1番ホーム店,
ICOCA,C7,3063,ファミリーマート,近鉄難波駅1番ホーム店,
ICOCA,C7,3070,ファミリーマート,瀬戸町光明谷店,
ICOCA,C7,3098,ゆめマート,下関駅店,
ICOCA,C7,3099,ゆめマート,下関駅店,
ICOCA,C7,309B,ゆめマート,下関駅店,
ICOCA,C7,30A8,ドトールコーヒーショップ,JR岡山駅2階改札内店,JR岡山駅2階 在来線中央改札内
ICOCA,C7,30AF,おみやげ街道晴れの国,三好野店,JR岡山駅 在来線改札内
ICOCA,C7,30D6,ホテルルートイン,宇部,
ICOCA,C7,30D7,ホテルルートイン,東近江八日市駅前,
ICOCA,C7,3151,#レンタサイクル#駅リンくん,伊丹店,JR伊丹駅構内(1階)
ICOCA,C7,315F,奈良ホテル,ホテルショップ,
ICOCA,C7,318D,ORANGE BAR,,松山空港ターミナルビル1階 到着出口向
ICOCA,C7,319F,ローソン,S OSLなんば駅北1号店,
ICOCA,C7,31A1,ローソン,S OSL北加賀屋店,
ICOCA,C7,31A5,スターバックスコーヒー,JR新大阪アルデ店,
ICOCA,C7,31A9,洋麺屋五右衛門,新大阪店,
ICOCA,C7,31B3,#九州ラーメン#亀王,JR新大阪駅店,JR新大阪駅(改札外)2階 アルデ新大阪
ICOCA,C7,31BB,ブルーブルーエ,アルデ新大阪店,
ICOCA,C7,31C1,ユニクロ,JR新大阪店,
ICOCA,C7,31EA,ツルハドラッグ,窪川店,
ICOCA,C7,3260,エクセルシオール カフェ,ピオレ姫路店,ピオレ姫路 ヤング館 1階
ICOCA,C7,329C,銀座四川,学園前駅ビル店,ル・シエル学園駅2F
ICOCA,C7,32B8,ウェルネス,出雲駅北店,
ICOCA,C7,32C0,コミュニティ・ストア,かたたぷらっとホーム,堅田駅 1階
ICOCA,C7,32C1,コミュニティ・ストア,かたたぷらっとホーム,堅田駅 1階
ICOCA,C7,3325,餃子の王将,四条大宮店,
ICOCA,C7,3334,マダムジョイ,千田店,
ICOCA,C7,333A,マダムジョイ,江波店,
ICOCA,C7,3360,カフェ エスタシオン,博多店,JR博多駅構内(新幹線改札内) 2階コンコース
ICOCA,C7,33A7,ファミリーマート,近鉄生駒駅改札外橋上店,
ICOCA,C7,33A9,ファミリーマート,近鉄瓢箪山駅改札外橋上店,瓢箪山駅2F改札外
ICOCA,C7,33C0,ローソン,奈良法蓮町東店,
ICOCA,C7,33C4,セブン‐イレブン,萩椿東店,
ICOCA,C7,341C,ファミリーマート,東津山駅前店,
ICOCA,C7,3473,藤原模型店,,
ICOCA,C7,34EA,だるま軒,王寺下り売店,JR王寺駅 2・3番線ホーム
ICOCA,C7,34F6,551蓬莱,JR新大阪駅中央口店,アントレマルシェ内
ICOCA,C7,3502,ヴィ・ド・フランス,奈良店,JR奈良駅 ビエラ奈良2階
ICOCA,C7,3526,まねき,#山陽新幹線#姫路駅(上り),おべんとう
ICOCA,C7,353E,フレッシュベーカリー神戸屋,京橋店,JR京橋駅1階
ICOCA,C7,358A,セブン‐イレブン,京都西陣郵便局店,
ICOCA,C7,358B,セブン‐イレブン,京都西陣郵便局店,
ICOCA,C7,358C,セブン‐イレブン,京都西陣郵便局店,
ICOCA,C7,35A7,ウォンツ,三次十日市店,
ICOCA,C7,35D2,理容プラージュ,西中島店,
ICOCA,C7,360D,理容プラージュ,四条大宮店,
ICOCA,C7,3612,じゃんぱら,広島店,
ICOCA,C7,3616,じゃんぱら,大阪なんば店,
ICOCA,C7,361C,美容プラージュ,四条河原町店,
ICOCA,C7,361E,美容プラージュ,大手筋商店街通り店,
ICOCA,C7,3622,理容プラージュ,山科店,
ICOCA,C7,365E,デイリーヤマザキ,阪神出屋敷店,
ICOCA,C7,3665,セブン‐イレブン,徳島阿波おどり空港店,徳島阿波おどり空港 空港ビル1階 到着ロビー
ICOCA,C7,369A,ローソン,S OSL梅田駅上りホーム店,地下鉄御堂筋線梅田駅上りホーム
ICOCA,C7,36B0,自遊空間,奈良三条大路店,
ICOCA,C7,3745,松山観光港土産品店,,
ICOCA,C7,3876,セブン‐イレブン,大阪恵美須西1丁目店,
ICOCA,C7,3877,セブン‐イレブン,大阪恵美須西1丁目店,
ICOCA,C7,38A3,ローソン,S OSLなんば駅北2号店,
ICOCA,C7,38A4,ローソン,S OSLなんば駅北2号店,
ICOCA,C7,38AB,ローソン,なかもず駅前店,
ICOCA,C7,38BA,ファミリーマート,近鉄大久保駅店,
ICOCA,C7,38BB,ファミリーマート,近鉄大久保駅店,
ICOCA,C7,38E1,ザ・ビッグ エクスプレス,平岸店,
ICOCA,C7,38E9,マックスバリュ,通津店,
ICOCA,C7,3907,ローソン,徳島西大工町二丁目店,
ICOCA,C7,3912,Stationery AURA,新大阪駅2Fフロア アルデ新大阪内,
ICOCA,C7,392D,ヴィ・ド・フランス,MIO和歌山店,JR和歌山駅(改札外) 和歌山ミオ1階
ICOCA,C7,3935,コクミンドラッグ,和歌山ミオ店,和歌山駅
ICOCA,C7,3939,丸美商店,,和歌山MIO 本館B1F
ICOCA,C7,3955,ローソン,JR奈良駅西店,
ICOCA,C7,3956,ローソン,JR奈良駅西店,
ICOCA,C7,396B,ビックカメラ,なんば店,
ICOCA,C7,3987,ビックカメラ,なんば店,
ICOCA,C7,39AD,ビック酒販,京都店,ビックカメラJR京都店2F
ICOCA,C7,39D3,ビックカメラ,JR京都駅店,
ICOCA,C7,39D7,SKY GARDEN 300,あべのハルカス ハルカス300(展望台)58階,
ICOCA,C7,39F3,ビックドラッグ,岡山駅前店,ビックカメラ岡山駅前店1階
ICOCA,C7,3A15,ロッテリア,京都ポルタ店,京都駅前地下街ポルタ
ICOCA,C7,3A52,ソフマップ,なんば店 ザウルス1,7F
ICOCA,C7,3A59,アズナスエクスプレス・ビー,尼崎下り,
ICOCA,C7,3A5E,ソフマップ,なんば店 ザウルス1,3F PCゲームソフト・書籍・ペンタブレット
ICOCA,C7,3A73,ソフマップ,なんば店 ザウルス2,2F
ICOCA,C7,3A7F,CIAO PRESSO & LITTLE MERMAID,上本町駅店,大阪上本町駅地下(B1F)改札外(Time'sPlace上本町)
ICOCA,C7,3A8D,CAFFE CIAO PRESSO,上本町駅店,大阪上本町駅1F改札外
ICOCA,C7,3A97,PRONTO,あべの橋駅店,大阪阿部野橋駅地下改札外(Time's Place あべの)
ICOCA,C7,3AA9,CAFFE CIAO PRESSO,難波駅店,大阪難波駅改札内(Time'sPlace難波)
ICOCA,C7,3AB3,リトルマーメイド,西大寺駅店,大和西大寺駅改札内(Time'sPlace西大寺)
ICOCA,C7,3AB4,danish Bar by LITTLE MERMAID,西大寺駅店,大和西大寺駅構内改札内(Time'sPlace西大寺)
ICOCA,C7,3AB8,CAFFE CIAO PRESSO,奈良駅店,近鉄奈良駅改札外(Time'sPlace奈良)
ICOCA,C7,3ABA,CAFFE CIAO PRESSO,西大寺駅店,大和西大寺駅改札内(Time'sPlace西大寺)
ICOCA,C7,3ABB,CAFFE CIAO PRESSO,京都駅店,近鉄京都駅改札内(Time'sPlace京都)
ICOCA,C7,3ABD,CAFFE CIAO PRESSO,名古屋駅店,近鉄名古屋駅改札内 地下1階 4・5番のりば奥
ICOCA,C7,3ABE,CAFFE CIAO PRESSO,近鉄名古屋駅地上店,近鉄名古屋駅正面改札前
ICOCA,C7,3ABF,CAFFE CIAO PRESSO,四日市駅店,近鉄四日市駅改札外 南改札口横
ICOCA,C7,3AFD,セブン‐イレブン,神戸明神町店,
ICOCA,C7,3B00,モスバーガー,NAMBAなんなん店,
ICOCA,C7,3B14,フレッシュベーカリー神戸屋,スクラ三宮店,阪神三宮駅構内
ICOCA,C7,3B1E,モスバーガー,高槻今城店,
ICOCA,C7,3B50,モスバーガー,須崎店,
ICOCA,C7,3B67,モスカフェ,烏丸六角店,
ICOCA,C7,3B9C,デイリーイン,児島店,JR児島駅構内
ICOCA,C7,3BA0,モスバーガー,伏見大手筋店,
ICOCA,C7,3BB7,デイリーイン,茶屋町店,JR茶屋町駅構内
ICOCA,C7,3BDE,ハート・イン,高槻中央口店,JR高槻駅構内(改札外)
ICOCA,C7,3BDF,ハート・イン,高槻中央口店,JR高槻駅構内(改札外)
ICOCA,C7,3BE0,ハート・イン,高槻中央口店,JR高槻駅構内(改札外)
ICOCA,C7,3BE3,ハート・イン,高槻改札内店,JR高槻駅構内2階
ICOCA,C7,3BE4,ハート・イン,高槻改札内店,JR高槻駅構内2階
ICOCA,C7,3BF7,セブン‐イレブン,JR徳島駅前店,
ICOCA,C7,3C04,モスバーガー,京都二条駅前店,
ICOCA,C7,3C45,before the boom,姫路店,ビオレ姫路
ICOCA,C7,3C4A,モスバーガー,JR奈良店,JR奈良駅1F ビエラ奈良
ICOCA,C7,3C5A,ユアーズ,岡山駅店,
ICOCA,C7,3C5D,ユアーズ,岡山駅店,
ICOCA,C7,3C61,ローソン,大宇陀店,
ICOCA,C7,3C71,モスバーガー,JR下関店,
ICOCA,C7,3C7C,マックスバリュ,備前店,
ICOCA,C7,3C7F,モスバーガー,寝屋川早子町店,
ICOCA,C7,3C8F,モスバーガー,近鉄生駒店,浅田ビル
ICOCA,C7,3C96,セブン‐イレブン,クルン高岡店,
ICOCA,C7,3CAD,ファミリーマート,田原本十六面店,
ICOCA,C7,3CD1,モスバーガー,イズミヤ堀川丸太町店,
ICOCA,C7,3CE5,モスバーガー,烏丸御池店,
ICOCA,C7,3D29,ユアーズ,岡山駅店,
ICOCA,C7,3D35,ノムラテーラー,四条店,1階
ICOCA,C7,3D36,ノムラテーラー,四条店,2階
ICOCA,C7,3D37,ノムラテーラー,四条店,3階
ICOCA,C7,3D64,ファミリーマート,難波一丁目店,
ICOCA,C7,3D8A,#極みとんかつ#かつ喜,桂川店,イオンモール京都桂川2階 洛西小路レストラン街
ICOCA,C7,3DC6,くらしハウス,淡路2丁目店,
ICOCA,C7,3E02,駅膳,,
ICOCA,C7,3E0E,#カフェレスト#マスカット,,
ICOCA,C7,3E11,ローソン,近鉄富雄駅前店,
ICOCA,C7,3E1E,マックスバリュ,富雄南店,
ICOCA,C7,3E22,ポプラ,ハイウェイ彩家 白鳥パーキングエリア下り店,
ICOCA,C7,3E3C,ポプラ,新山口駅前店,
ICOCA,C7,3E3D,ポプラ,新山口駅前店,
ICOCA,C7,3E47,セブン‐イレブン,三好池田町サラダ店,
ICOCA,C7,3E48,セブン‐イレブン,三好池田町サラダ店,
ICOCA,C7,3E62,くらしハウス,大山崎駅前店,
ICOCA,C7,3E68,ローソン,S OSLなんば駅南店,
ICOCA,C7,3E91,セブン‐イレブン,周南呼坂店,
ICOCA,C7,3F06,ポプラ,南森町駅売店東店,
ICOCA,C7,3F0D,いきなり!ステーキ,曽根崎新地店,
ICOCA,C7,3FA8,ポプラ,長門仙崎店,
ICOCA,C7,3FA9,ポプラ,長門仙崎店,
ICOCA,C7,3FCE,酒のケント&業務スーパー,三条河原町店,
ICOCA,C7,3FCF,酒のケント&業務スーパー,三条河原町店,
ICOCA,C7,3FD0,酒のケント&業務スーパー,三条河原町店,
ICOCA,C7,404C,本のがんこ堂,石山駅前店,
ICOCA,C7,4070,ローソン,鈴蘭台駅西店,
ICOCA,C7,408A,パントリー,住道店,住道駅アルビ住道1階
ICOCA,C7,408B,パントリー,住道店,住道駅アルビ住道1階
ICOCA,C7,40E4,ポプラ,萩玉江駅前店,
ICOCA,C7,40E9,いよてつショップ,,松山空港ターミナルビル2階
ICOCA,C7,4110,セブン‐イレブン,ハートインJR岡山駅中央改札口店,JR岡山駅(改札外)2階 中央改札口横
ICOCA,C7,4115,セブン‐イレブン,キヨスクJR京都駅西口改札内店,
ICOCA,C7,4117,セブン‐イレブン,ハートインJR京都駅東口改札内店,地下階
ICOCA,C7,41BB,#山口のしあわせの真ん中に。#果子乃季,新山口駅店,JR新山口駅(改札外) 新幹線改札口向
ICOCA,C7,41BC,#焼きたてベーカリー#シュクルヴァン,新山口駅店,JR新山口駅(改札外) 新幹線改札口向
ICOCA,C7,4206,ダイソー,arde!新大阪店,
ICOCA,C7,4209,おみやげ街道晴れの国,,JR岡山駅 2階在来線改札内
ICOCA,C7,420E,おみやげ街道桃太郎,,JR岡山駅 2階新幹線改札内
ICOCA,C7,4215,業務スーパー,泉大津店,
ICOCA,C7,421A,すき家,JR岡山駅店,JR岡山駅(改札外) サンフェスタ岡山1階
ICOCA,C7,4233,イオン,尾道店,
ICOCA,C7,424B,551蓬莱,JR新大阪駅店,
ICOCA,C7,4264,ヴィ・ド・フランス,さんすて岡山店,JR岡山駅構内(改札外) さんすて岡山内
ICOCA,C7,427D,さんすて館,,JR岡山駅(駅ビル)さんすて岡山南館2階
ICOCA,C7,428D,ふるさとキューブ,,JR岡山駅(新幹線改札内) コンコース
ICOCA,C7,42B5,ファミリーマート,南条SA下り店,
ICOCA,C7,42C8,ファミリーマート,入善駅前店,
ICOCA,C7,42D2,旭屋書店,イオンモール奈良登美ヶ丘店,イオンモール奈良登美ヶ丘 3F
ICOCA,C7,42D6,丸亀製麺,イオンモール奈良登美ヶ丘店,イオンモール奈良登美ヶ丘 2F フードコート
ICOCA,C7,42E1,ダイソー,イオンモール奈良登美ヶ丘店,イオンモール奈良登美ヶ丘 3階
ICOCA,C7,42E5,旭屋書店,イオンモール奈良登美ヶ丘店,イオンモール奈良登美ヶ丘 3F
ICOCA,C7,4336,ファミリーマート,金沢新神田店,
ICOCA,C7,4338,ヴィ・ド・フランス,下関店,
ICOCA,C7,4339,サンマルクカフェ,山口県リピエ下関店,JR下関駅隣 リピエ下関2階
ICOCA,C7,433A,セリア,イオン防府店,イオン防府店3階
ICOCA,C7,433C,セブン‐イレブン,下関吉見店,
ICOCA,C7,4340,カフェ エスタシオン,徳山店,JR徳山駅構内(改札外) 新幹線改札前
ICOCA,C7,4342,市電ショップ,,梅小路公園市電ひろば
ICOCA,C7,435D,小山商店,貴志駅売店,和歌山電鐵
ICOCA,C7,436F,ファミリーマート,高岡戸出市野瀬店,
ICOCA,C7,4388,ドトールコーヒーショップ,JR倉敷駅店,JR倉敷駅構内(改札外) さんすて倉敷2階
ICOCA,C7,439C,カープ鳥,駅ビルスタジアム,
ICOCA,C7,439D,#尾道ラーメン#三公,,
ICOCA,C7,43A7,スターバックスコーヒー,ASSE広島店,広島駅ビルASSE 3F
ICOCA,C7,43B7,ロッテリア,アッセ広島駅店,JR広島駅構内(改札外) 在来線地下改札口前
ICOCA,C7,43B9,ドトールコーヒーショップ,ASSE広島駅店,
ICOCA,C7,4405,ひろしま駅弁,1号店,広島駅新幹線改札内2階
ICOCA,C7,4407,京都鉄道博物館,ミュージアムショップ,
ICOCA,C7,4409,京都鉄道博物館,ミュージアムショップ,
ICOCA,C7,4437,セブン‐イレブン,ハートインJR福山駅南口店,
ICOCA,C7,4440,天丼てんや,近鉄河内小阪駅店,
ICOCA,C7,4444,セブン‐イレブン,7FS奈良県庁店,
ICOCA,C7,4451,セブン‐イレブン,ハートインJR福山駅南口店,
ICOCA,C7,445A,セブン‐イレブン,ハートインJR博多駅筑紫口店,JR博多駅構内(改札外) 新幹線高架下
ICOCA,C7,449F,ローソン,奈良紀寺町店,
ICOCA,C7,44A0,ローソン,奈良紀寺町店,
ICOCA,C7,4504,ファミリーマート,黒部駅前店,
ICOCA,C7,4534,ファミリーマート,天神橋四丁目店,
ICOCA,C7,4570,セブン‐イレブン,高石東羽衣3丁目店,
ICOCA,C7,4571,セブン‐イレブン,高石東羽衣3丁目店,
ICOCA,C7,45B5,丸亀製麺,イオンモール高の原店,イオンモール高の原4階
ICOCA,C7,45F0,ジャック イン ザ ドーナッツ,イオンモール高の原店,イオンモール高の原1階
ICOCA,C7,45F1,ファミリーマート,三方五湖PA店,#舞鶴若狭自動車道#三方五湖PA 売店
ICOCA,C7,4606,セブン‐イレブン,ハートイン岡山駅在来線改札内店,
ICOCA,C7,460D,セブン‐イレブン,ハートイン岡山駅在来線改札内店,
ICOCA,C7,468F,ファミリーマート,山陽網干駅北店,
ICOCA,C7,469B,ヨドバシカメラ,梅田店,
ICOCA,C7,46C8,ヨドバシカメラ,梅田店,
ICOCA,C7,46D5,ヨドバシカメラ,梅田店,2F 文具コーナーレジ
ICOCA,C7,46DA,ヨドバシカメラ,梅田店,2F カメラコーナー 南東レジ
ICOCA,C7,46F7,セブン‐イレブン,奈良三碓2丁目店,
ICOCA,C7,46F8,セブン‐イレブン,奈良三碓2丁目店,
ICOCA,C7,46FF,ファミリーマート,南港口店,
ICOCA,C7,4703,セブン‐イレブン,ハートインJR広駅店,
ICOCA,C7,4704,ヨドバシカメラ,梅田店,
ICOCA,C7,472C,セブン‐イレブン,ハートインJR下関駅リピエ店,
ICOCA,C7,4767,丸福珈琲店,大日店,イオンモール大日2F
ICOCA,C7,4772,セブン‐イレブン,ハートインJR博多駅筑紫口店,JR博多駅(改札外) 筑紫口
ICOCA,C7,4773,セブン‐イレブン,ハートインJR博多駅筑紫口店,JR博多駅(改札外) 筑紫口
ICOCA,C7,4774,セブン‐イレブン,ハートインJR博多駅筑紫口店,JR博多駅(改札外) 筑紫口
ICOCA,C7,4775,セブン‐イレブン,ハートインJR博多駅筑紫口店,JR博多駅(改札外) 筑紫口
ICOCA,C7,4776,セブン‐イレブン,ハートインJR博多駅筑紫口店,JR博多駅(改札外) 筑紫口
ICOCA,C7,477A,セブン‐イレブン,Kiosk宇多津店,JR宇多津駅構内
ICOCA,C7,477B,ヨドバシカメラ,マルチメディア京都,B1F
ICOCA,C7,4790,ヨドバシカメラ,マルチメディア京都,B1F 文房具コーナー
ICOCA,C7,4797,カレーのチャンピオン,イオンモール久御山店,イオンモール久御山2Fフードコート内
ICOCA,C7,47CF,ヨドバシカメラ,マルチメディア京都,B1F パソコン・バッグ類売場付近
ICOCA,C7,47E3,丸亀製麺,イオンモール大日店,2F フードコート
ICOCA,C7,4812,セブン‐イレブン,京都堀川紫明店,
ICOCA,C7,489F,セブン‐イレブン,ハートインJR広駅店,
ICOCA,C7,48C8,理容プラージュ,住道店,
ICOCA,C7,48DF,ジュピター,北大路ビブレ店,北大路ビブレ1階
ICOCA,C7,48EF,HANAHIKO,,北大路ビブレ1階
ICOCA,C7,4902,フレッシュネスバーガー,北大路ビブレ店,北大路ビブレ1階
ICOCA,C7,4909,リンガーハット,北大路ビブレ店,
ICOCA,C7,4920,セブン‐イレブン,ハートインJR石山駅南口店,JR石山駅 橋上駅舎コンコース内
ICOCA,C7,496A,セブン‐イレブン,キヨスクJR徳山駅在来線改札口店,JR徳山駅構内(改札外) 在来線改札口
ICOCA,C7,4988,セブン‐イレブン,加西北条駅前店,
ICOCA,C7,49BD,セブン‐イレブン,神戸松野通店,
ICOCA,C7,49CA,セブン‐イレブン,四条麸屋町店,
ICOCA,C7,49F7,セブン‐イレブン,岡山厚生町東店,
ICOCA,C7,49F8,セブン‐イレブン,岡山厚生町東店,
ICOCA,C7,4A1B,セブン‐イレブン,野洲南桜店,
ICOCA,C7,4A24,セブン‐イレブン,西院駅南店,
ICOCA,C7,4A5B,マックスバリュ,西条御条店,
ICOCA,C7,4ACC,KOHYO,兵庫店,
ICOCA,C7,4ACF,KOHYO,兵庫店,
ICOCA,C7,4AD0,KOHYO,兵庫店,
ICOCA,C7,4AD1,KOHYO,兵庫店,
ICOCA,C7,4AD3,KOHYO,兵庫店,
ICOCA,C7,4AEB,ミスタードーナツ,イオンモール茨木ショップ,
ICOCA,C7,4AF7,KOHYO,阪急高槻店,阪急京都本線高槻市駅 ミング1F
ICOCA,C7,4AF8,KOHYO,阪急高槻店,阪急京都本線高槻市駅 ミング1F
ICOCA,C7,4AFB,セブン‐イレブン,ハートインJR広島駅在来改札内店,
ICOCA,C7,4AFE,セブン‐イレブン,キヨスクJR下関駅東口店,JR下関駅構内(改札外) 東口
ICOCA,C7,4B0D,イオン,京都桂川店,1階食料品売場
ICOCA,C7,4B17,KOHYO,南森町店,
ICOCA,C7,4B18,KOHYO,南森町店,
ICOCA,C7,4B1B,KOHYO,南森町店,
ICOCA,C7,4B1E,KOHYO,南森町店,
ICOCA,C7,4B5B,セブン‐イレブン,大阪天満橋京町店,
ICOCA,C7,4B74,セブン‐イレブン,東大阪荒本北2丁目店,
ICOCA,C7,4B75,セブン‐イレブン,東大阪荒本北2丁目店,
ICOCA,C7,4C00,セブン‐イレブン,玖珂千束店,
ICOCA,C7,4C27,セブン‐イレブン,奈良三条町店,
ICOCA,C7,4C28,セブン‐イレブン,奈良三条町店,
ICOCA,C7,4C29,セブン‐イレブン,奈良三条町店,
ICOCA,C7,4C5A,駿河屋,京都寺町店,2階フィギュアコーナー
ICOCA,C7,4CB4,セブン‐イレブン,周南築港町店,
ICOCA,C7,4CF8,セブン‐イレブン,ハートインJR山科駅前店,
ICOCA,C7,4D21,デイリーヤマザキ,京都三条店,
ICOCA,C7,4D4A,デイリーヤマザキ,関大前店,
ICOCA,C7,4D51,セブン‐イレブン,Kiosk琴平駅店,JR琴平駅構内(改札外)
ICOCA,C7,4D52,セブン‐イレブン,Kiosk琴平駅店,JR琴平駅構内(改札外)
ICOCA,C7,4D5D,セブン‐イレブン,ハートイン岡山駅新幹線改札内店,JR岡山駅(新幹線改札内) 新幹線コンコース
ICOCA,C7,4D66,セブン‐イレブン,宍粟市役所前店,
ICOCA,C7,4D67,セブン‐イレブン,宍粟市役所前店,
ICOCA,C7,4D6B,セブン‐イレブン,八日市布施店,
ICOCA,C7,4D6C,セブン‐イレブン,八日市布施店,
ICOCA,C7,4D6E,セブン‐イレブン,ハートインJR呉駅店,
ICOCA,C7,4D6F,セブン‐イレブン,ハートインJR呉駅店,
ICOCA,C7,4D70,セブン‐イレブン,ハートインJR呉駅店,
ICOCA,C7,4D71,セブン‐イレブン,ハートインJR呉駅店,
ICOCA,C7,4DB2,デイリーヤマザキ,扇町公園前店,
ICOCA,C7,4DC2,デイリーヤマザキ,高石羽衣駅前店,
ICOCA,C7,4DC3,デイリーヤマザキ,高石羽衣駅前店,
ICOCA,C7,4DD3,デイリーヤマザキ,淀川西中島店,
ICOCA,C7,4E11,ファミリーマート,小浜駅前店,
ICOCA,C7,4E1A,セブン‐イレブン,ハートインJR京都駅中央改札口店,
ICOCA,C7,4E1E,デイリーヤマザキ,近鉄奈良駅前店,
ICOCA,C7,4E1F,デイリーヤマザキ,近鉄奈良駅前店,
ICOCA,C7,4E20,デイリーヤマザキ,近鉄奈良駅前店,
ICOCA,C7,4E54,ゲーマーズ,なんば店,
ICOCA,C7,4E55,ゲーマーズ,なんば店,
ICOCA,C7,4E7B,ミニストップ,小松島町店,
ICOCA,C7,4E81,セブン‐イレブン,生駒鹿畑町店,
ICOCA,C7,4E82,セブン‐イレブン,生駒鹿畑町店,
ICOCA,C7,4E9D,ミニストップ,南船場店,
ICOCA,C7,4EA1,ミニストップ,西心斎橋2丁目店,
ICOCA,C7,4EAC,ミニストップ,谷町3丁目店,
ICOCA,C7,4EB1,ミニストップ,京都水族館前店,
ICOCA,C7,4EC4,ミニストップ,四條畷田原台店,
ICOCA,C7,4EC7,ミニストップ,奈良登美ヶ丘駅前店,
ICOCA,C7,4EC8,ミニストップ,奈良登美ヶ丘駅前店,
ICOCA,C7,4EDA,セブン‐イレブン,ハートインJR小松駅店,
ICOCA,C7,4EDE,ミニストップ,高松駅前店,
ICOCA,C7,4EE7,ツルハドラッグ,和歌山木ノ本店,
ICOCA,C7,4EF2,セブン‐イレブン,Kiosk高松駅改札口店,JR高松駅構内改札口横(改札内)
ICOCA,C7,4EF3,セブン‐イレブン,Kiosk高松駅改札口店,JR高松駅構内改札口横(改札内)
ICOCA,C7,4EF4,ミニストップ,園部町宮町店,
ICOCA,C7,4F17,セブン‐イレブン,ハートインJR近江八幡駅北口店,#JR東海道本線#近江八幡駅構内(改札外) 自由通路北口
ICOCA,C7,4F1A,セブン‐イレブン,ハートインJR彦根駅北口店,
ICOCA,C7,4F46,セブン‐イレブン,ハートインJR徳山駅新幹線口店,JR徳山駅構内(改札外) 新幹線改札口
ICOCA,C7,4F99,ミニストップ,京都木屋町店,
ICOCA,C7,4F9A,ミニストップ,京都木屋町店,
ICOCA,C7,4F9F,ミニストップ,学園大和町店,
ICOCA,C7,4FAB,ミニストップ,河内長野千代田店,
ICOCA,C7,4FB6,ミニストップ,嵐山駅前店,
ICOCA,C7,4FBA,ミニストップ,長田東1丁目店,
ICOCA,C7,4FBB,ミニストップ,長田東1丁目店,
ICOCA,C7,504E,セブン‐イレブン,ハートインJR広島駅在来改札内店,
ICOCA,C7,50B0,ロッテリア,徳島クレメントプラザ店,JR四国 徳島駅ビル 徳島クレメントプラザ地下1階
ICOCA,C7,50D1,セブン‐イレブン,キヨスク岡山駅新幹線上りホーム店,JR岡山駅(新幹線改札内) 23/24番線ホーム新大阪方
ICOCA,C7,50D2,セブン‐イレブン,キヨスク岡山駅新幹線上りホーム店,JR岡山駅(新幹線改札内) 23/24番線ホーム新大阪方
ICOCA,C7,5118,アントレマルシェ+セブンイレブン,天王寺店,
ICOCA,C7,511F,セブン‐イレブン,キヨスクJR福井駅中2階店,JR福井駅 改札内
ICOCA,C7,52C4,マックスバリュ,夢前店,
ICOCA,C7,5318,スガキヤ,りーべる王寺店,りーべる王寺東館地階フードコート
ICOCA,C7,5374,セブン‐イレブン,ハートインJR新山口駅在来改札口店,JR新山口駅(改札外) 在来線改札口横
ICOCA,C7,5375,セブン‐イレブン,ハートインJR新山口駅在来改札口店,JR新山口駅(改札外) 在来線改札口横
ICOCA,C7,53F1,イオンスタイル,堺鉄砲町,イオンモール堺鉄砲町3階
ICOCA,C7,5404,ローソン,米子糀町店,
ICOCA,C7,541A,ローソン,高槻大畑町店,
ICOCA,C7,5424,セブン‐イレブン,須崎桐間南店,
ICOCA,C7,543A,セブン‐イレブン,ハートイン博多駅新幹線改札内店,JR博多駅(新幹線改札内) 2階コンコース
ICOCA,C7,543B,セブン‐イレブン,ハートイン博多駅新幹線改札内店,JR博多駅(新幹線改札内) 2階コンコース
ICOCA,C7,559A,セブン‐イレブン,ハートインJR新大阪駅東口店,JR新大阪駅(改札外) 東西通路
ICOCA,C7,55E8,高木鮮魚店,阪急梅田店,阪急電鉄梅田駅 2階中央改札内京都線側
ICOCA,C7,569B,イオン,京橋店,1階 食品売場
ICOCA,C7,56A4,ローソン,岸辺南店,
ICOCA,C7,56F5,ローソン,西田原本駅前店,
ICOCA,C7,5710,セブン‐イレブン,四条寺町通南店,
ICOCA,C7,5713,ローソン,田辺宝来町店,
ICOCA,C7,5723,イオン,富雄店,B階 食料品と暮らしのフロアと専門店街
ICOCA,C7,5729,イオン,富雄店,B階 サービスカウンター
ICOCA,C7,575B,イオン,金剛店,南海金剛駅
ICOCA,C7,57BA,#山陽新幹線#車内販売,JR西日本フードサービスネット,大阪列車営業支店
ICOCA,C7,57C3,#山陽新幹線#車内販売,JR西日本フードサービスネット,大阪列車営業支店
ICOCA,C7,57CC,車内販売,JR西日本フードサービスネット,大阪列車営業支店
ICOCA,C7,57D3,車内販売,JR西日本フードサービスネット,大阪列車営業支店
ICOCA,C7,57E2,車内販売,JR西日本フードサービスネット,大阪列車営業支店
ICOCA,C7,57E5,#山陽新幹線#車内販売,JR西日本フードサービスネット,大阪列車営業支店
ICOCA,C7,57F4,車内販売,JR西日本フードサービスネット,岡山列車営業所
ICOCA,C7,57FB,車内販売,JR西日本フードサービスネット,岡山列車営業所
ICOCA,C7,57FC,車内販売,JR西日本フードサービスネット,岡山列車営業所
ICOCA,C7,57FD,セブン‐イレブン,ハートインJR新大阪駅南口,JR新大阪駅(改札外) 新幹線南口改札前
ICOCA,C7,5802,車内販売,JR西日本フードサービスネット,岡山列車営業所
ICOCA,C7,5809,車内販売,JR西日本フードサービスネット,広島列車営業所
ICOCA,C7,580B,さくら563号,車内販売,JR西日本フードサービスネット 広島列車営業所
ICOCA,C7,580D,車内販売,JR西日本フードサービスネット,広島列車営業所
ICOCA,C7,580F,車内販売,JR西日本フードサービスネット,広島列車営業所
ICOCA,C7,5814,車内販売,JR西日本フードサービスネット,広島列車営業所
ICOCA,C7,5815,車内販売,JR西日本フードサービスネット,広島列車営業所
ICOCA,C7,5820,#山陽新幹線#車内販売,JR西日本フードサービスネット,広島列車営業所
ICOCA,C7,5823,#山陽新幹線#車内販売,JR西日本フードサービスネット,広島列車営業所
ICOCA,C7,5824,車内販売,JR西日本フードサービスネット,広島列車営業所
ICOCA,C7,5825,車内販売,JR西日本フードサービスネット,広島列車営業所
ICOCA,C7,5827,のぞみ193号,車内販売,JR西日本フードサービスネット 広島列車営業所
ICOCA,C7,5836,車内販売,JR西日本フードサービスネット,博多列車営業支店
ICOCA,C7,5839,車内販売,JR西日本フードサービスネット,博多列車営業支店
ICOCA,C7,583F,車内販売,JR西日本フードサービスネット,博多列車営業支店
ICOCA,C7,5844,車内販売,JR西日本フードサービスネット,博多列車営業支店
ICOCA,C7,584F,#山陽新幹線#車内販売,JR西日本フードサービスネット,博多列車営業支店
ICOCA,C7,5854,車内販売,JR西日本フードサービスネット,博多列車営業支店
ICOCA,C7,585B,さくら550号,車内販売,JR西日本フードサービスネット 博多列車営業支店
ICOCA,C7,5861,のぞみ129号,車内販売,JR西日本フードサービスネット 博多列車営業支店
ICOCA,C7,5866,車内販売,JR西日本フードサービスネット,博多列車営業支店
ICOCA,C7,5867,車内販売,JR西日本フードサービスネット,博多列車営業支店
ICOCA,C7,586F,車内販売,JR西日本フードサービスネット,博多列車営業支店
ICOCA,C7,5870,#山陽新幹線#車内販売,JR西日本フードサービスネット,
ICOCA,C7,589B,セブン‐イレブン,大阪日本橋5丁目店,
ICOCA,C7,589C,セブン‐イレブン,大阪日本橋5丁目店,
ICOCA,C7,58AC,キャンドゥ,北大路ビブレ店,北大路ビブレ4階
ICOCA,C7,58AE,キャンドゥ,北大路ビブレ店,北大路ビブレ4階
ICOCA,C7,58B6,リジョイス薬局,堀川店,
ICOCA,C7,58BE,セブン‐イレブン,キヨスクJR彦根駅改札口店,
ICOCA,C7,58CA,セブン‐イレブン,キヨスクJR能登川駅改札口店,
ICOCA,C7,5901,セブン‐イレブン,キヨスクJR金沢駅在来中2階店,
ICOCA,C7,5902,セブン‐イレブン,キヨスクJR金沢駅在来中2階店,
ICOCA,C7,5925,セブン‐イレブン,キヨスクJR矢野駅店,
ICOCA,C7,5963,セブン‐イレブン,高知知寄町2丁目店,
ICOCA,C7,5993,ファミリーマート,高取清水谷店,
ICOCA,C7,599D,ファミリーマート,いかるが店,
ICOCA,C7,59CA,すき家,京阪天満橋駅西店,
ICOCA,C7,59CB,すき家,京阪天満橋駅西店,
ICOCA,C7,59E3,すき家,堺筋本町店,
ICOCA,C7,59EA,すき家,天神橋二丁目店,
ICOCA,C7,5A00,ザ・ビッグ,岩国店,
ICOCA,C7,5A05,すき家,四ツ橋駅前店,
ICOCA,C7,5A34,セブン‐イレブン,Kiosk八幡浜駅店,JR八幡浜駅(改札外)
ICOCA,C7,5A35,セブン‐イレブン,Kiosk八幡浜駅店,JR八幡浜駅(改札外)
ICOCA,C7,5A41,すき家,河原町三条店,
ICOCA,C7,5A9A,セブン‐イレブン,ハートインJR鶴橋駅1番のりば店,
ICOCA,C7,5A9B,セブン‐イレブン,ハートインJR鶴橋駅1番のりば店,
ICOCA,C7,5A9C,セブン‐イレブン,ハートインJR鶴橋駅1番のりば店,
ICOCA,C7,5AD3,すき家,烏丸押小路店,
ICOCA,C7,5AD4,すき家,烏丸押小路店,
ICOCA,C7,5ADF,すき家,百万遍店,
ICOCA,C7,5AEF,ウエルシア,ダックス京都紫野店,
ICOCA,C7,5AF0,ウエルシア,ダックス京都紫野店,
ICOCA,C7,5B14,イオン,京都桂川店,2階衣料品売場
ICOCA,C7,5B34,すき家,190号宇部西割,
ICOCA,C7,5B98,タリーズコーヒー,奈良ファミリー店,B1F フードオアシス
ICOCA,C7,5B99,そじ坊,奈良ファミリー店,B1F フードオアシス
ICOCA,C7,5BB2,セブン‐イレブン,下関稗田西町店,
ICOCA,C7,5BB4,ローソン,御坊駅前店,
ICOCA,C7,5BC3,セブン‐イレブン,玖珂八幡下店,
ICOCA,C7,5BF8,セブン‐イレブン,伏見石田大山店,
ICOCA,C7,5C06,すき家,高松寿町店,高松中央通りビル1階
ICOCA,C7,5C1D,すき家,神戸鹿の子台店,
ICOCA,C7,5C2C,すき家,烏丸七条店,
ICOCA,C7,5CC9,すき家,円町店,
ICOCA,C7,5CDE,すき家,堺IC店,
ICOCA,C7,5D00,セブン‐イレブン,キヨスクJR相生駅改札口店,#JR山陽本線/赤穂線#相生駅 構内(改札外) 在来線改札口横
ICOCA,C7,5D10,セブン‐イレブン,直江津駅前通り店,
ICOCA,C7,5D25,すき家,谷町三丁目店,
ICOCA,C7,5D3C,すき家,四条木屋町店,
ICOCA,C7,5D7E,すき家,広大前店,
ICOCA,C7,5DB4,セブン‐イレブン,Kiosk阿波池田駅店,JR阿波池田駅(改札外) 改札口横
ICOCA,C7,5DB5,セブン‐イレブン,Kiosk阿波池田駅店,JR阿波池田駅(改札外) 改札口横
ICOCA,C7,5DDD,すき家,近鉄奈良駅前店,
ICOCA,C7,5DDF,セブン‐イレブン,長居公園店,
ICOCA,C7,5DFA,アントレマルシェ,新神戸店,JR新神戸駅改札外
ICOCA,C7,5E59,ファミリーマート,近鉄宇治山田駅4番ホーム店,
ICOCA,C7,5E6D,業務スーパー,城東古市店,
ICOCA,C7,5E87,セブン‐イレブン,キヨスクJR金沢駅在来ホーム北店,JR金沢駅
ICOCA,C7,5EE9,ファミリーマート,白鷺駅前店,
ICOCA,C7,5F71,セブン‐イレブン,Kiosk徳島銘品館店,
ICOCA,C7,5F93,セブン‐イレブン,ハートインJR呉駅店,1F
ICOCA,C7,5FAB,セブン‐イレブン,キヨスクJR大阪駅7番のりば西店,
ICOCA,C7,5FDA,ローソン,二条駅前店,
ICOCA,C7,5FE2,ローソン,高知はりまや橋店,
ICOCA,C7,6014,ローソン,広島光町店,
ICOCA,C7,603D,セブン‐イレブン,キヨスクJR新神戸2番のりば西店,JR新神戸駅2番ホーム
ICOCA,C7,6074,イオン,登美ヶ丘店,2F 婦人・紳士・子供ファッションのフロア 中央レジ
ICOCA,C7,6086,イオン,登美ヶ丘店,1F 食料品と暮らしの快適・充実フロア 文具コーナーレジ
ICOCA,C7,60D6,セブン‐イレブン,周南代々木通店,
ICOCA,C7,60DE,セブン‐イレブン,大宮寺之内店,
ICOCA,C7,60DF,セブン‐イレブン,大宮寺之内店,
ICOCA,C7,60FB,セブン‐イレブン,キヨスクJR新神戸1番のりば西店,JR新神戸駅1番ホーム
ICOCA,C7,60FF,セブン‐イレブン,キヨスクJR新神戸2番のりば東店,JR新神戸駅2番ホーム
ICOCA,C7,6100,セブン‐イレブン,キヨスクJR新神戸2番のりば東店,JR新神戸駅2番ホーム
ICOCA,C7,6145,セブン‐イレブン,近鉄奈良駅西店,
ICOCA,C7,615D,マツモトキヨシ,京都三条河原町店,
ICOCA,C7,619D,ローソン,四条西院店,
ICOCA,C7,61BB,ローソン,伊丹昆陽北一丁目店,
ICOCA,C7,61D8,ローソン,烏丸錦小路店,
ICOCA,C7,62AE,セブン‐イレブン,新山口駅前店,
ICOCA,C7,62AF,セブン‐イレブン,新山口駅前店,
ICOCA,C7,62CB,ミーツ,六甲阪急店,六甲駅ビル２階
ICOCA,C7,62DA,ミーツ,住吉大社店,ショップ南海
ICOCA,C7,62E0,シルク,千本寺之内店,
ICOCA,C7,632F,ローソン,江東森下一丁目店,
ICOCA,C7,636C,アンスリー,京橋ホーム大阪方店,京阪京橋駅上りホーム東側
ICOCA,C7,63FE,ローソン,名張松崎町店,
ICOCA,C7,646F,セブン‐イレブン,白山平松町店,
ICOCA,C7,6493,阪急オアシス,南茨木店,
ICOCA,C7,64DA,阪急オアシス,茨木駅前店,1階
ICOCA,C7,6530,ファミリーマート,下関あるかぽーと店,
ICOCA,C7,658B,阪急オアシス,ときわ台店,ショッピングセンター ときわ壱番地
ICOCA,C7,65BA,デイリーヤマザキ,JR須磨海浜公園駅前店,
ICOCA,C7,65BC,阪急オアシス,えるむプラザ店,
ICOCA,C7,65BD,阪急オアシス,えるむプラザ店,
ICOCA,C7,65BE,阪急オアシス,えるむプラザ店,
ICOCA,C7,65BF,阪急オアシス,えるむプラザ店,
ICOCA,C7,65C0,阪急オアシス,えるむプラザ店,
ICOCA,C7,65C1,阪急オアシス,えるむプラザ店,
ICOCA,C7,6606,セブン‐イレブン,おみやげ楽市米子店,JR米子駅(改札外) 駅頭
ICOCA,C7,6612,セブン‐イレブン,ハートインJR米子店,JR米子駅(改札外) 駅頭
ICOCA,C7,6619,阪急オアシス,三田駅前店,三田駅前 キッピーモール1階
ICOCA,C7,6657,美容プラージュ,西院店,1階
ICOCA,C7,6692,阪急オアシス,神戸旭通店,
ICOCA,C7,66CE,セブン‐イレブン,ハートインエキエ広島店,JR広島駅構内(改札外) 在来線中央改札口向自由通路
ICOCA,C7,66EC,セブン‐イレブン,ハートインエキエ広島店,JR広島駅構内(改札外) 在来線中央改札口向自由通路
ICOCA,C7,66FA,ドトールコーヒーショップ,ディアモール店,ディアモール大阪 マーケットストリート
ICOCA,C7,6717,セブン‐イレブン,ハートインエキエ広島,
ICOCA,C7,674D,ローソン,出雲駅北店,
ICOCA,C7,6785,イオン,大和郡山店,1F サービスカウンター
ICOCA,C7,67DE,セブン‐イレブン,ハートインJR児島駅店,JR児島駅(改札外) 改札口並び
ICOCA,C7,67DF,セブン‐イレブン,ハートインJR児島駅店,JR児島駅(改札外) 改札口並び
ICOCA,C7,67E9,BLUE SKY,松山空港ゲートショップ,松山空港 2階出発ロビー(搭乗ゲート内) Aゲート前
ICOCA,C7,67F2,ファミリーマート,河原町三条店,
ICOCA,C7,6820,ホテルルートイン,大阪高石-羽衣駅前-,
ICOCA,C7,6833,デイリーヤマザキ,茨木駅前店,
ICOCA,C7,6866,ローソン,大阪国際空港店,大阪国際空港(伊丹) ターミナルビル1階リムジンバス乗場前
ICOCA,C7,6867,セブン‐イレブン,ハートインJR鳥取駅店,
ICOCA,C7,6895,セブン‐イレブン,ハートインJR富山駅店,
ICOCA,C7,68A0,セブン‐イレブン,Kiosk高知駅店,
ICOCA,C7,68B0,セブン‐イレブン,ハートインJR西明石駅西改札口店,
ICOCA,C7,68C5,サークルK,宇和島新町一丁目店,
ICOCA,C7,6902,ローソン,益田駅前店,
ICOCA,C7,6936,ポケモンセンター,オーサカ,大丸梅田店13F
ICOCA,C7,6980,セブン‐イレブン,キヨスクJR岩国駅店,JR岩国駅構内(改札外) 改札口横
ICOCA,C7,69C4,セブン‐イレブン,生駒壱分町店,
ICOCA,C7,69C5,セブン‐イレブン,生駒壱分町店,
ICOCA,C7,69D8,ファミリーマート,近鉄新田辺駅前店,新田辺駅西口1F
ICOCA,C7,69E7,セブン‐イレブン,おみやげ楽市鳥取店,
ICOCA,C7,6A17,デイリーヤマザキ,岡山東町店,
ICOCA,C7,6A2B,KOHYO,京都店,イオンモールKYOTO Sakura館1階
ICOCA,C7,6A8E,ファミリーマート,K2茶屋町西店,
ICOCA,C7,6AD0,ファミリーマート,大原古町店,
ICOCA,C7,6AFE,ケンタッキーフライドチキン,伏見大手筋店,
ICOCA,C7,6B02,ケンタッキーフライドチキン,河原町三条店,
ICOCA,C7,6B37,ケンタッキーフライドチキン,南岩国店,
ICOCA,C7,6B54,ケンタッキーフライドチキン,下関駅前店,
ICOCA,C7,6C33,サークルK,宇治駅前店,
ICOCA,C7,6DA3,サークルK,神戸上沢駅前店,
ICOCA,C7,6DC2,サークルK,アスタくにづか店,
ICOCA,C7,6DD9,サークルK,南森町店,
ICOCA,C7,6DDA,サークルK,南森町店,
ICOCA,C7,6DF2,サークルK,神戸菅原通店,
ICOCA,C7,6DF6,コーヒーショップブルースカイ,,高知空港ターミナルビル2階 出発ロビー
ICOCA,C7,6DF8,レインボー,,高知空港ターミナルビル2階  搭乗待合室内1番搭乗口前
ICOCA,C7,6DFB,ビッグサン,,高知空港ターミナルビル2階 出発ロビー
ICOCA,C7,6E03,すき家,摂津南別府店,
ICOCA,C7,6E0C,すき家,56号須崎店,
ICOCA,C7,6E14,ローソン,上市正印店,
ICOCA,C7,6E51,すき家,烏丸七条店,
ICOCA,C7,6E60,セブン‐イレブン,ハートインJR倉敷駅南口店,JR倉敷駅構内(改札外) さんすて倉敷1階
ICOCA,C7,6E61,サークルK,伊丹中野東店,
ICOCA,C7,6E7D,サークルK,南海湊駅前店,
ICOCA,C7,6EB3,ファミリーマート,柳屋琴ノ緒町店,
ICOCA,C7,6ED1,サークルK,多賀大社駅前店,
ICOCA,C7,6F09,ファミリーマート,JR久宝寺駅前店,
ICOCA,C7,6F8E,サークルK,表町二丁目店,
ICOCA,C7,6FB0,サークルK,備前西片上店,
ICOCA,C7,6FE6,サークルK,玉野玉原店,
ICOCA,C7,7059,ダイワ果園,近鉄奈良店,近鉄百貨店奈良店 地階食品売場
ICOCA,C7,706E,バジリコ,,近鉄百貨店奈良店 地階食品売場
ICOCA,C7,710A,サンクス,難波千日前店,
ICOCA,C7,713C,セブン‐イレブン,堀川丸太町店,
ICOCA,C7,7164,サンクス,堺初芝駅前店,
ICOCA,C7,71FA,ごとーち,奈良店,近鉄奈良駅改札外(Time'sPlace奈良)
ICOCA,C7,72D2,サンクス,大阪東天満店,
ICOCA,C7,72D3,サンクス,大阪東天満店,
ICOCA,C7,7305,ファミリーマート,松山空港店,松山空港ターミナルビル1階
ICOCA,C7,7306,ファミリーマート,松山空港店,松山空港ターミナルビル1階
ICOCA,C7,744A,ファミリーマート,豊浦湯玉店,
ICOCA,C7,744B,ファミリーマート,豊浦湯玉店,
ICOCA,C7,746D,セブン‐イレブン,いの新町店,
ICOCA,C7,74DC,サークルK,西院南店,
ICOCA,C7,7516,トロッコ亀岡,嵯峨野観光鉄道,嵯峨野観光線
ICOCA,C7,7523,イオン,いかるが店,
ICOCA,C7,7535,イオン,いかるが店,
ICOCA,C7,75E4,デイリーヤマザキ,徳光PA(下り)店,
ICOCA,C7,761F,ファミリーマート,大和郡山外川町店,
ICOCA,C7,7649,ツルハドラッグ,栗東安養寺店,
ICOCA,C7,764A,ファミリーマート,須崎桐間店,
ICOCA,C7,767C,セブン‐イレブン,Kiosk今治駅店,JR今治駅構内(改札外)
ICOCA,C7,7752,ファミリーマート,小浦大阪駅前第二ビル店,
ICOCA,C7,7823,イオンスタイル,茨木店,
ICOCA,C7,7829,イオンスタイル,茨木店,
ICOCA,C7,783D,セブン‐イレブン,ことでん瓦町駅店,ことでん瓦町駅2階改札内運賃精算所横
ICOCA,C7,783E,セブン‐イレブン,ことでん瓦町駅店,ことでん瓦町駅2階改札内運賃精算所横
ICOCA,C7,78E6,ドトールコーヒーショップ,なんさん通り店,
ICOCA,C7,78FA,ドトールコーヒーショップ,高松常磐町店,
ICOCA,C7,7915,ドトールコーヒーショップ,姫路みゆき通り呉服町店,
ICOCA,C7,791A,ドトールコーヒーショップ,JR六甲道店,JR東海道本線六甲道駅 プリコ(駅ビル)内
ICOCA,C7,792D,ドトールコーヒーショップ,JR加古川駅店,JR加古川駅構内(改札外) ビエラ加古川
ICOCA,C7,7931,セブン‐イレブン,安芸府中浜田店,
ICOCA,C7,7932,セブン‐イレブン,安芸府中浜田店,
ICOCA,C7,7941,ドトールコーヒーショップ,近鉄鶴橋駅店,近鉄鶴橋駅構内東3F
ICOCA,C7,7947,ドトールコーヒーショップ,京阪三条店,京阪三条駅改札付近
ICOCA,C7,794D,ドトールコーヒーショップ,JR難波駅前店,マルイト難波ビルB1F
ICOCA,C7,794F,ドトールコーヒーショップ,高松丸亀町店,
ICOCA,C7,7953,ドトールコーヒーショップ,JR福山駅店,JR福山駅 さんすて福山2番街
ICOCA,C7,7964,ドトールコーヒーショップ,大阪駅前第一ビル店,
ICOCA,C7,7965,ドトールコーヒーショップ,近鉄学園前店,
ICOCA,C7,7966,ドトールコーヒーショップ,博多駅いきいき通り店,JR博多駅(改札外) 筑紫口新幹線高架下
ICOCA,C7,7975,ドトールコーヒーショップ,難波店,
ICOCA,C7,7981,レストランクルール,大阪大学本部西学生食堂,
ICOCA,C7,798F,ファミリーマート,日本橋四丁目店,
ICOCA,C7,7990,ファミリーマート,八尾水越店,
ICOCA,C7,7991,ファミリーマート,八尾水越店,
ICOCA,C7,79A0,セブン‐イレブン,キヨスク小倉新幹線13番乗場西店,JR小倉駅構内(改札内) 新幹線13/14番ホーム
ICOCA,C7,79A4,セブン‐イレブン,キヨスクJR福井駅中2階店,
ICOCA,C7,79A5,セブン‐イレブン,キヨスクJR福井駅中2階店,
ICOCA,C7,7A00,セブン‐イレブン,神戸三宮駅北店,
ICOCA,C7,7A3A,セブン‐イレブン,Kiosk松山駅店,JR松山駅構内
ICOCA,C7,7A3B,セブン‐イレブン,Kiosk松山駅店,JR松山駅構内
ICOCA,C7,7A3C,セブン‐イレブン,Kiosk松山駅店,JR松山駅構内
ICOCA,C7,7A61,セブン‐イレブン,Kiosk松山駅店,JR松山駅構内
ICOCA,C7,7A62,セブン‐イレブン,Kiosk松山駅店,JR松山駅構内
ICOCA,C7,7A63,セブン‐イレブン,ハートインJR元町駅西口店,
ICOCA,C7,7A6A,セブン‐イレブン,ハートインJR三ノ宮駅東口店,JR三ノ宮駅東口 コンコース
ICOCA,C7,7A72,セブン‐イレブン,ハートインJR京橋駅1番のりば店,
ICOCA,C7,7A73,セブン‐イレブン,ハートインJR京橋駅1番のりば店,
ICOCA,C7,7A74,セブン‐イレブン,ハートインJR京橋駅1番のりば店,
ICOCA,C7,7A75,セブン‐イレブン,ハートインJR京橋駅1番のりば店,
ICOCA,C7,7B2A,セブン‐イレブン,神戸泉が丘店,
ICOCA,C7,7B97,ファミリーマート,津山駅前店,
ICOCA,C7,7BA9,ドトールコーヒーショップ,奈良コトモール店,
ICOCA,C7,7BAA,ドトールコーヒーショップ,近鉄橿原神宮前駅店,
ICOCA,C7,7BB9,エクセルシオール カフェ,堺筋本町店,
ICOCA,C7,7BC7,セブン‐イレブン,生駒鹿畑町店,
ICOCA,C7,7BF8,イオンスタイル,徳島,1F サービスカウンター
ICOCA,C7,7C2D,セブン‐イレブン,大阪駅前第2ビルB1店,
ICOCA,C7,7CC7,セブン‐イレブン,長門仙崎店,
ICOCA,C7,7CCE,セブン‐イレブン,三田三輪3丁目店,
ICOCA,C7,7D93,セブン‐イレブン,ハートインJR吹田駅中央口店,
ICOCA,C7,7D94,セブン‐イレブン,ハートインJR吹田駅中央口店,
ICOCA,C7,7E32,CAFFE CIAO PRESSO,淀屋橋店,ニッセイ淀屋橋イースト1階
ICOCA,C7,7E60,おみやげ処+セブン‐イレブン,おみやげ処加賀店,
ICOCA,C7,7EFE,ユニクロ,北大路ビブレ店,北大路ビブレ3階
ICOCA,C7,7F04,ファミリーマート,宮西二丁目店,
ICOCA,C7,7F16,ファミリーマート,伊予中山町店,
ICOCA,C7,7F17,ファミリーマート,伊予中山町店,
ICOCA,C7,7F4D,ファミリーマート,高知帯屋町店,
ICOCA,C7,7F4E,ファミリーマート,高知帯屋町店,
ICOCA,C7,7F4F,ファミリーマート,高知帯屋町店,
ICOCA,C7,7FC0,ファミリーマート,堀江町店,
ICOCA,C7,7FC1,ファミリーマート,堀江町店,
ICOCA,C7,80BB,ファミリーマート,高知はりまや町一丁目店,
ICOCA,C7,80D2,ファミリーマート,高松鬼無店,
ICOCA,C7,8164,ファミリーマート,米子糀町店,
ICOCA,C7,819A,ファミリーマート,坂出文京町店,
ICOCA,C7,8279,ファミリーマート,Aコープしんじ店,
ICOCA,C7,829E,ファミリーマート,寒川西店,
ICOCA,C7,82E0,セブン‐イレブン,ハートインJR新長田駅改札口店,
ICOCA,C7,830F,ファミリーマート,舞鶴大波下店,
ICOCA,C7,8346,フレスコ,山崎店,
ICOCA,C7,83F2,くすりのレデイ,東予店,
ICOCA,C7,8424,くすりのレデイ,松柏店,
ICOCA,C7,8436,くすりのレデイ,グラン北宇和島店,
ICOCA,C7,84C8,レデイ薬局,坂出中央店,
ICOCA,C7,8530,薬のヒグチ,モアーズワン店,
ICOCA,C7,8558,アンデルセン,大阪空港店,大阪国際(伊丹)空港 南ターミナルビル2階
ICOCA,C7,8565,#たこ家道頓堀#くくる,伊丹空港店,大阪国際空港(伊丹) 南ターミナル1階 ANAカウンター前
ICOCA,C7,8567,アンスリー,地下鉄淀屋橋店,
ICOCA,C7,856C,スカイプラザ,,大阪空港ターミナル 2階 セキュリティチェック前
ICOCA,C7,8594,マネケン,シャミネ松江店,JR松江駅シャミネ1階(駅ナカ)
ICOCA,C7,86C2,飴の俵屋,百番街店,JR金沢駅 金沢百番街1F あんと内
ICOCA,C7,86F2,おらが蕎麦,金沢百番街あんと店,JR金沢駅 金沢百番街1F「あんと」
ICOCA,C7,86FB,8番らーめん,金沢駅店,金沢百番街あんと1F
ICOCA,C7,8706,カフェ・アルコ スタツィオーネ,,くつろぎ館1階
ICOCA,C7,8707,吉野家,金沢百番街店,
ICOCA,C7,8729,スカイストアーズ,17G(#17),
ICOCA,C7,8738,マツモトキヨシ,プリズム福井店,
ICOCA,C7,8755,愛和食品,,AFD2005
ICOCA,C7,875D,デリカフェ・キッチン,三ノ宮,
ICOCA,C7,875E,デリカフェ・エキスプレス,新神戸,JR新神戸駅改札内
ICOCA,C7,8790,VIA BEER osaka,エキマルシェ新大阪店,
ICOCA,C7,8792,浪花そば,新大阪駅改札内,
ICOCA,C7,87A1,駅弁にぎわい,,新大阪駅
ICOCA,C7,87B0,七越,JR富山駅店,JR富山駅新幹線高架下 きときと市場・とやマルシェ
ICOCA,C7,87C2,味のなかだ,,富山駅1F きときと市場とやマルシェ
ICOCA,C7,87DE,セブン‐イレブン,ハートインJR津山駅店,
ICOCA,C7,87E6,サンエトワール,西条店,JR山陽本線西条駅構内(改札外) 中央通路
ICOCA,C7,87E7,マクドナルド,大阪駅桜橋口店,エキチカショッピングモール・クロスト
ICOCA,C7,87E8,マクドナルド,大阪駅桜橋口店,エキチカショッピングモール・クロスト
ICOCA,C7,87EA,マクドナルド,大阪駅桜橋口店,エキチカショッピングモール・クロスト
ICOCA,C7,87FA,セブン‐イレブン,ハートインJR新山口駅在来線改札口店,JR新山口駅在来線改札内
ICOCA,C7,886B,旅弁当,京都1号,京都駅在来線改札内
ICOCA,C7,8878,エスタシオンカフェ,三ノ宮,JR三ノ宮駅 東口コンコース
ICOCA,C7,887F,エスタシオンカフェ,新神戸,JR新神戸駅改札外
ICOCA,C7,888D,ロッテリア,新大阪駅店,JR新大阪駅改札外3F
ICOCA,C7,88BF,神戸ビフテキDELI,エキマルシェ新大阪,
ICOCA,C7,88C0,チャンロイ,エキマルシェ新大阪,
ICOCA,C7,88C3,野菜を食べるカレーcamp,エキマルシェ新大阪店,
ICOCA,C7,88CC,フレッシュベーカリー神戸屋,新大阪駅店,JR新大阪駅(改札外) 新幹線南口改札前
ICOCA,C7,88D3,A-1 BAKERY,JR天王寺駅店,
ICOCA,C7,88DB,ドトールコーヒーショップ,JR和歌山駅店,JR和歌山駅(改札外) 中央口みどりの窓口並
ICOCA,C7,88DD,マネケン,JR新大阪店,
ICOCA,C7,88F6,サブウェイ,JR高槻駅店,高槻駅構内「スイートプラザ」内
ICOCA,C7,88F7,ビアードパパ,JR高槻駅店,JR高槻駅構内スイーツプラザ
ICOCA,C7,88F9,御座候,姫路駅店,姫路駅改札内
ICOCA,C7,88FC,井筒屋,5号売店,JR米原駅 在来線5・6番ホーム
ICOCA,C7,88FD,ベイクショップ神戸屋,吹田店,
ICOCA,C7,8905,吉野家,JR兵庫駅店,
ICOCA,C7,8906,吉野家,JR兵庫駅店,
ICOCA,C7,890F,京都鉄道博物館,ナシ20形食堂車,プロムナード
ICOCA,C7,8925,ザ・どん,JR神戸駅店,
ICOCA,C7,892B,ビアードパパ,JR京橋駅店,JR京橋駅東西線改札内
ICOCA,C7,8935,#讃岐製麺#麦まる,神戸フードテラス店,JR神戸駅構内
ICOCA,C7,8952,淡路屋,JR新神戸駅コンコース2階売店,
ICOCA,C7,8955,ピッコロカリー,JR新大阪駅店,JR新大阪駅(改札外) 在来線東改札口近く
ICOCA,C7,8971,りくろーおじさんの店,JR新大阪駅中央口店,
ICOCA,C7,898D,キムラヤ,岡山駅地下店,JR岡山駅地下改札口横
ICOCA,C7,89CE,デイリーヤマザキ,奈良大宮店,
ICOCA,C7,8A02,加賀白山そば,小松店,小松駅構内
ICOCA,C7,8A05,カフェ エスタシオン,博多店,JR博多駅構内(新幹線改札内) 2階コンコース
ICOCA,C7,8A08,デリフランス,博多,JR博多駅
ICOCA,C7,8A09,野の葡萄,博多菜彩DELI,JR博多駅構内(改札内) 新幹線中央改札内2階コンコース
ICOCA,C7,8A10,山陽新幹線とおみやげミュージアム,,博多駅構内
ICOCA,C7,8A14,駅弁屋たい!,,新幹線博多駅改札内コンコース
ICOCA,C7,8A18,パントリー,JR高槻駅店,JR高槻駅構内
ICOCA,C7,8A19,パントリー,JR高槻駅店,JR高槻駅構内
ICOCA,C7,8A1A,パントリー,JR高槻駅店,JR高槻駅構内
ICOCA,C7,8A1B,パントリー,JR高槻駅店,JR高槻駅構内
ICOCA,C7,8A23,喜久屋書店,JR奈良駅店,ビエラ奈良 2階
ICOCA,C7,8A3F,カフェレストラン オリビエ,,ホテルグランヴィア岡山 2階
ICOCA,C7,8A45,大和ミュージアム,,
ICOCA,C7,8A4C,セブン‐イレブン,ハートインJR松江駅シャミネ店,
ICOCA,C7,8A4E,セブン‐イレブン,ハートインJR松江駅シャミネ店,
ICOCA,C7,8A51,ヴィ・ド・フランス,三田店,JR三田駅NKビル 2階
ICOCA,C7,8A54,岩国珈琲,,#JR山陽本線#岩国駅構内(改札外) 切符うりば並び
ICOCA,C7,8A56,キャンドゥ,JR兵庫駅店,
ICOCA,C7,8A74,セブン‐イレブン,ハートインJR明石駅改札口店,
ICOCA,C7,8A8A,アントレマルシェ,エキマル新大阪店,新大阪駅
ICOCA,C7,8AA5,ファミリーマート,伏見日野西風呂店,
ICOCA,C7,8ABE,セブン‐イレブン,Kiosk伊予西条駅店,JR伊予西条駅構内(改札外)
ICOCA,C7,8AD9,セブン‐イレブン,ハートインJR米子駅店,
ICOCA,C7,8ADA,セブン‐イレブン,ハートインJR米子駅店,
ICOCA,C7,8ADF,セブン‐イレブン,泉佐野上町1丁目店,
ICOCA,C7,8B33,セブン‐イレブン,Kiosk多度津駅店,JR多度津駅(改札外) 駅頭
ICOCA,C7,8B34,セブン‐イレブン,Kiosk多度津駅店,JR多度津駅(改札外) 駅頭
ICOCA,C7,8B71,セブン‐イレブン,ハートイン博多駅新幹線改札内店,#JR山陽新幹線#博多駅(改札内) 新幹線改札2階コンコース
ICOCA,C7,8B72,セブン‐イレブン,ハートイン博多駅新幹線改札内店,#JR山陽新幹線#博多駅(改札内) 新幹線改札2階コンコース
ICOCA,C7,8B73,セブン‐イレブン,ハートイン博多駅新幹線改札内店,#JR山陽新幹線#博多駅(改札内) 新幹線改札2階コンコース
ICOCA,C7,8B74,セブン‐イレブン,ハートイン博多駅新幹線改札内店,#JR山陽新幹線#博多駅(改札内) 新幹線改札2階コンコース
ICOCA,C7,8B75,セブン‐イレブン,ハートイン博多駅新幹線改札内店,#JR山陽新幹線#博多駅(改札内) 新幹線改札2階コンコース
ICOCA,C7,8BD0,わかくさ薬局,京都本店,
ICOCA,C7,8C4E,セブン‐イレブン,モノウェル万博記念公園店,
ICOCA,C7,8C7D,成城石井,近鉄丹波橋店,近鉄丹波橋駅構内改札外
ICOCA,C7,8CC4,ファミリーマート,宇治槇島町店,
ICOCA,C7,8CC5,ファミリーマート,宇治槇島町店,
ICOCA,C7,8E05,ファミリーマート,津新町店,
ICOCA,C7,8EE6,ヤマト運輸,柳馬場四条センター,
ICOCA,C7,90C8,京都国立博物館,南口窓口,
ICOCA,C7,9118,セブン‐イレブン,丸亀葭町店,
ICOCA,C7,913F,ファミリーマート,智頭町店,
ICOCA,C7,915B,セブン‐イレブン,北条土手内店,
ICOCA,C7,91A5,セブン‐イレブン,Kiosk新居浜駅店,
ICOCA,C7,91A6,セブン‐イレブン,Kiosk新居浜駅店,
ICOCA,C7,91FB,セブン‐イレブン,ハートインJR吹田駅東改札口店,
ICOCA,C7,91FD,セブン‐イレブン,ハートインJR吹田駅東改札口店,
ICOCA,C7,9229,ローソン,早島町店,
ICOCA,C7,9271,ニューヤマザキデイリーストア,住吉大社駅前店,
ICOCA,C7,92A5,おみやげ処+セブン‐イレブン,高岡店,北陸新幹線 新高岡駅コンコース
ICOCA,C7,93B9,三びきの子ぶた,,
ICOCA,C7,94F7,デイリーヤマザキ,東山三条店,
ICOCA,C7,9512,ファミリーマート,松尾大社前店,
ICOCA,C7,952F,ファミリーマート,有田川水尻店,
ICOCA,C7,9586,セブン‐イレブン,ハートインJR新三田駅前店,
ICOCA,C7,95F0,セブン‐イレブン,キヨスクJR王寺駅改札内店,
ICOCA,C7,9613,ファミリーマート,東天満店,
ICOCA,C7,9614,ファミリーマート,東天満店,
ICOCA,C7,9615,ファミリーマート,東天満店,
ICOCA,C7,968D,ファミリーマート,東天満店,
ICOCA,C7,96AA,ファミリーマート,中登美ヶ丘六丁目店,
ICOCA,C7,96AB,ファミリーマート,中登美ヶ丘六丁目店,
ICOCA,C7,96B4,セブン‐イレブン,ハートインJR三田駅南口店,
ICOCA,C7,96B5,セブン‐イレブン,ハートインJR三田駅南口店,
ICOCA,C7,96B6,セブン‐イレブン,ハートインJR三田駅南口店,
ICOCA,C7,9739,セブン‐イレブン,ハートインJR兵庫駅改札口店,
ICOCA,C7,973A,セブン‐イレブン,ハートインJR兵庫駅改札口店,
ICOCA,C7,973B,セブン‐イレブン,ハートインJR兵庫駅改札口店,
ICOCA,C7,97F5,イオン,登美ヶ丘店,1F サービスカウンター
ICOCA,C7,985E,セブン‐イレブン,姫路垣内中町店,
ICOCA,C7,98C8,セブン‐イレブン,姫路林田町下伊勢店,
ICOCA,C7,98F8,セブン‐イレブン,大阪天神橋1丁目店,
ICOCA,C7,9945,セブン‐イレブン,おみやげ街道柳井店,
ICOCA,C7,994E,セブン‐イレブン,おみやげ街道岡山店,
ICOCA,C7,994F,セブン‐イレブン,おみやげ街道岡山店,
ICOCA,C7,9950,セブン‐イレブン,Kiosk高松銘品館店,JR高松駅構内(改札外)
ICOCA,C7,9961,セブン‐イレブン,Kiosk高松銘品館店,JR高松駅構内(改札外)
ICOCA,C7,99DA,ドトールコーヒーショップ,リピエ下関店,
ICOCA,C7,9A09,セブン‐イレブン,ハートインJR新大阪駅南口店,
ICOCA,C7,9A24,セブン‐イレブン,神鉄新開地駅店,新開地駅西改札内
ICOCA,C7,9A8E,イオンスタイル,伊丹,1階 銘店
ICOCA,C7,9AC6,セブン‐イレブン,ハートインJR加古川駅改札内店,JR加古川駅構内(改札内)
ICOCA,C7,9AF7,イトーヨーカドー,六地蔵店,
ICOCA,C7,9B3A,セブン‐イレブン,アントレマルシェ大阪店,
ICOCA,C7,9B40,セブン‐イレブン,アントレマルシェ大阪店,
ICOCA,C7,9B41,セブン‐イレブン,アントレマルシェ大阪店,
ICOCA,C7,9B93,セブン‐イレブン,ハートインビエラ塚口店,
ICOCA,C7,9C84,セブン‐イレブン,天満屋DPバスステーション店,天満屋バスターミナル
ICOCA,C7,9C8D,ドトールコーヒーショップ,伏見桃山駅前店,
ICOCA,C7,9C99,ヤマト運輸,寝屋川太秦センター,
ICOCA,C7,9D32,セブン‐イレブン,キヨスクJR三田駅改札口店,
ICOCA,C7,9D7B,ダイソー,なんば戎橋店,
ICOCA,C7,9DB5,セブン‐イレブン,キヨスクJR大竹駅店,大竹駅
ICOCA,C7,9DF6,セブン‐イレブン,キヨスクJR安芸中野駅店,安芸中野駅
ICOCA,C7,9E88,セブン‐イレブン,阪急新伊丹駅前店,
ICOCA,C7,9EC4,おみやげ街道+セブン‐イレブン,おみやげ街道広島新幹線改札内東店,JR広島駅(新幹線改札内)のりかえ口正面
ICOCA,C7,9EF0,ファミリーマート,千日前通なんば店,
ICOCA,C7,9F06,セブン‐イレブン,ハートインJR元町駅東口店,
ICOCA,C7,9F44,セブン‐イレブン,おみやげ街道東広島店,JR東広島駅構内(改札外)
ICOCA,C7,9F6C,セブン‐イレブン,ハートインJR大阪駅桜橋口内店,
ICOCA,C7,9F70,セブン‐イレブン,ハートインJR大阪駅桜橋口内店,
ICOCA,C7,9F75,セブン‐イレブン,アントレマルシェ新大阪中央口店,
ICOCA,C7,9F76,セブン‐イレブン,アントレマルシェ新大阪中央口店,
ICOCA,C7,A04E,セブン‐イレブン,ハートインJR浜田駅店,
ICOCA,C7,A0AB,ファミリーマート,近鉄東生駒駅前店,
ICOCA,C7,A0AC,ファミリーマート,近鉄東生駒駅前店,
ICOCA,C7,A0CD,セブン‐イレブン,ハートインJR金沢駅店,
ICOCA,C7,A0CF,セブン‐イレブン,ハートインJR金沢駅店,
ICOCA,C7,A12C,セブン‐イレブン,ハートインJR土山駅改札内店,
ICOCA,C7,A14D,セブン‐イレブン,大阪同心北店,
ICOCA,C7,A14E,セブン‐イレブン,大阪同心北店,
ICOCA,C7,A1EE,セブン‐イレブン,キヨスク博多新幹線13番乗場店,
ICOCA,C7,A1EF,セブン‐イレブン,キヨスク博多新幹線13番乗場店,
ICOCA,C7,A20B,ファミリーマート,JR鳳駅前店,
ICOCA,C7,A20C,ファミリーマート,JR鳳駅前店,
ICOCA,C7,A459,アントレマルシェ,新神戸店,JR新神戸駅改札外
ICOCA,C7,A4F8,Green Leaves mall,松山リハビリテーション病院売店,松山リハビリテーション病院 8階
ICOCA,C7,A60F,イオンスタイル,橿原,1階 銘店・サービスカウンター
ICOCA,C7,A63D,セブン‐イレブン,キヨスクJR兵庫駅南店,
ICOCA,C7,A63E,セブン‐イレブン,キヨスクJR兵庫駅南店,
ICOCA,C7,A640,マクドナルド,JR京都駅八条口店,JR京都駅1F 八条東口前
ICOCA,C7,A65A,ツルハドラッグ,天保山マーケットプレース店,
ICOCA,C7,A65F,イオン,五條店,1階 サービスカウンター
ICOCA,C7,A66C,ファミリーマート,かわちいわふね店,
ICOCA,C7,A70A,セブン‐イレブン,キヨスクJR南岩国駅店,南岩国駅
ICOCA,C7,A74D,セブン‐イレブン,おみやげ街道新岩国店,JR新岩国駅構内(改札外) 改札口向
ICOCA,C7,A763,セブン‐イレブン,ハートインJR出雲市駅店,
ICOCA,C7,A764,セブン‐イレブン,ハートインJR出雲市駅店,
ICOCA,C7,A767,イオン,久御山店,イオンモール久御山 1階 サービスカウンター
ICOCA,C7,A7BB,セブン‐イレブン,kiosk徳島銘品館店,JR徳島駅構内 改札口外並
ICOCA,C7,A829,ヤマト運輸,玖珂センター,
ICOCA,C7,A8AF,セブン‐イレブン,ハートインJR高槻駅改札内店,
ICOCA,C7,A8B3,セブン‐イレブン,キヨスクJR東舞鶴駅改札口店,
ICOCA,C7,A8D5,ローソン,新宮駅前,
ICOCA,C7,A8F2,セブン‐イレブン,おみやげ街道新下関店,JR新下関駅構内(改札外) 改札外向
ICOCA,C7,A8FB,ファミリーマート,奈良六条西店,
ICOCA,C7,AAB8,駿河屋,神戸三宮1号店,
ICOCA,C7,AADF,セブン‐イレブン,おみやげ街道徳山新幹線改札内店,JR徳山駅構内(新幹線改札内)
ICOCA,C7,AAF6,ファミリーマート,花博記念公園前店,
ICOCA,C7,AB04,ファミリーマート,石切駅前店,
ICOCA,C7,AC07,セブン‐イレブン,大阪同心2丁目店,
ICOCA,C7,AD8B,セブン‐イレブン,岡山東中央町店,
ICOCA,C7,AE16,ローソン・ポプラ,津和野店,
ICOCA,C7,AE20,ローソン,奈良五条町店,
ICOCA,C7,AF22,セブン‐イレブン,山口由宇店,
ICOCA,C7,AF23,セブン‐イレブン,山口由宇店,
ICOCA,C7,B01D,セブン‐イレブン,広島矢野西店,
ICOCA,C7,B05A,セブン‐イレブン,kiosk徳島銘品館店,JR徳島駅構内 改札口外並び
ICOCA,C7,B05F,セブン‐イレブン,キヨスクJR厚狭駅店,
ICOCA,C7,B087,セブン‐イレブン,京都烏丸六条店,
ICOCA,C7,B11A,エレナ,えきマチ1丁目店,佐世保駅
ICOCA,C7,B191,PCワンズ,,
ICOCA,C7,B1B7,セブン‐イレブン,岡山門田屋敷4丁目店,
ICOCA,C7,B1ED,イケチュー,もず店,
ICOCA,C7,B26F,ホテルルートイン,グランティア伊賀上野 和蔵の宿,
ICOCA,C7,B294,SHRIMP KITCHEN 漣,,宇治山田駅改札外(Time'sPlaceうじやまだ)
ICOCA,C7,B295,カフェサミエール,,
ICOCA,C7,B2A9,セブン‐イレブン,水口町松尾店,
ICOCA,C7,B2B5,セブン‐イレブン,長浜高校前店,
ICOCA,C7,B2B6,三井造船生協,本部店,
ICOCA,C7,B2B9,セブン‐イレブン,東広島駅前店,
ICOCA,C7,B32D,セブン‐イレブン,加西東笠原町店,
ICOCA,C7,B358,セブン‐イレブン,多賀大社前店,
ICOCA,C7,B42E,セブン‐イレブン,JR大阪駅中央口自由連絡通路,
ICOCA,C7,B45B,ファミリーマート,奈良学園大和町店,
ICOCA,C7,B499,セブン‐イレブン,吹田関大前店,
ICOCA,C7,B598,セブン‐イレブン,京都上久世店,
ICOCA,C7,B5C9,セブン‐イレブン,ハートインJR奈良駅改札口店,
ICOCA,C7,B5CA,セブン‐イレブン,ハートインJR奈良駅改札口店,
ICOCA,C7,B5CB,セブン‐イレブン,ハートインJR奈良駅改札口店,
ICOCA,C7,B62F,セブン‐イレブン,柳井駅前店,
ICOCA,C7,B65C,セブン‐イレブン,天理杉本町店,
ICOCA,C7,B6A7,セブン‐イレブン,萩玉江店,
ICOCA,C7,B74D,ドトールコーヒーショップ,新梅田シティ店,新梅田シティ地下1階
ICOCA,C7,B7B9,セブン‐イレブン,津山大崎店,
ICOCA,C7,B7C7,セブン‐イレブン,大阪東野田町4丁目店,
ICOCA,C7,B839,セブン‐イレブン,泉南市役所前店,
ICOCA,C7,B85E,セブン‐イレブン,大阪天神橋4丁目店,
ICOCA,C7,B884,セブン‐イレブン,大阪大淀南1丁目店,
ICOCA,C7,B899,キリン堂,すずかけ台店,
ICOCA,C7,B8BE,ファミリーマート,周南入船町店,
ICOCA,C7,B8DF,ファミリーマート,奈良法蓮店,
ICOCA,C7,B9BA,セブン‐イレブン,京都平安神宮前店,
ICOCA,C7,B9F3,イオンフードスタイル,東向日店,ベーカリーレジ
ICOCA,C7,BA1E,セブン‐イレブン,神戸御屋敷通3丁目店,
ICOCA,C7,BA4D,セブン‐イレブン,京都東洞院錦店,
ICOCA,C7,BA59,セブン‐イレブン,京都桂駅東口店,
ICOCA,C7,BA9C,セブン‐イレブン,大津石山駅前店,
ICOCA,C7,BB55,ホテルルートイン,徳山駅前,
ICOCA,C7,BBF8,イズミヤ,伏見店,
ICOCA,C7,BC12,ロイヤルホスト,桜川店,
ICOCA,C7,BC1F,セブン‐イレブン,千代田三崎町白山通り店,
ICOCA,C7,BC56,セブン‐イレブン,京都堀川北大路店,
ICOCA,C7,BD3B,セブン‐イレブン,大阪天満1丁目店,
ICOCA,C7,BDA5,さち福や,cafe大阪国際空港店,大阪国際(伊丹)空港 ターミナルビル中央棟2階
ICOCA,C7,BDE9,#デイリーカナート#イズミヤ,堀川丸太町店,1階食品・消耗雑貨
ICOCA,C7,BDEA,#デイリーカナート#イズミヤ,堀川丸太町店,1階食品・消耗雑貨
ICOCA,C7,BDEB,#デイリーカナート#イズミヤ,堀川丸太町店,1階食品・消耗雑貨
ICOCA,C7,BDED,#デイリーカナート#イズミヤ,堀川丸太町店,1階食品・消耗雑貨
ICOCA,C7,BDEE,#デイリーカナート#イズミヤ,堀川丸太町店,1階食品・消耗雑貨
ICOCA,C7,BDF1,#デイリーカナート#イズミヤ,堀川丸太町店,1階食品・消耗雑貨
ICOCA,C7,BE04,KitKat Chocolatory,伊丹空港店,大阪(伊丹)空港 中央ブロック2階
ICOCA,C7,BEAF,セブン‐イレブン,加古川神野町店,
ICOCA,C7,BEE4,ハマムラ,近鉄名店街みやこみち店,
ICOCA,C7,BF53,セブン‐イレブン,大阪日本橋3丁目店,
ICOCA,C7,C043,コクミンドラッグ,兵庫駅店,
ICOCA,C7,C064,シティドラッグ,第1ビル店,大阪駅前第1ビル地下2階
ICOCA,C7,C073,セブン‐イレブン,大阪紅梅町店,
ICOCA,C7,C0DA,スターバックスコーヒー,京都Porta店,駅前地下街ポルタ
ICOCA,C7,C129,KOHYO,奈良新大宮店,サービスカウンター
ICOCA,C7,C151,セブン‐イレブン,御所小殿店,
ICOCA,C7,C15B,セブン‐イレブン,大阪南港南2丁目店,
ICOCA,C7,C1C8,ファミリーマート,兵庫駅北店,
ICOCA,C7,C248,ファミリーマート,兵庫駅北店,
ICOCA,C7,C277,セブン‐イレブン,JR奈良駅前店,
ICOCA,C7,C278,セブン‐イレブン,JR奈良駅前店,
ICOCA,C7,C293,セブン‐イレブン,福知山天津店,
ICOCA,C7,C2ED,セブン‐イレブン,山陽小野田平成町店,
ICOCA,C7,C361,コクミンドラッグ,近鉄奈良駅店,近鉄奈良駅改札階ラッチ外
ICOCA,C7,C392,ドン・キホーテ,梅田本店,
ICOCA,C7,C454,セブン‐イレブン,大阪片町店,
ICOCA,C7,C48F,セブン‐イレブン,姫路兼田店,
ICOCA,C7,C4B9,ファミリーマート,大洲新谷店,
ICOCA,C7,C4BA,ファミリーマート,大洲新谷店,
ICOCA,C7,C4C4,ファミリーマート,姫路豊富甲丘店,
ICOCA,C7,C530,セブン‐イレブン,加賀市役所前店,
ICOCA,C7,C577,ラウンドワンスタジアム,高松店,スポッチャ
ICOCA,C7,C5AB,ファミリーマート,橋本古佐田店,
ICOCA,C7,C5B1,セブン‐イレブン,東広島御薗宇新町店,
ICOCA,C7,C61B,セブン‐イレブン,三田駅南店,
ICOCA,C7,C63E,セブン‐イレブン,岩国昭和町店,
ICOCA,C7,C641,セブン‐イレブン,三田本町駅前店,
ICOCA,C7,C66F,セブン‐イレブン,香南夜須店,
ICOCA,C7,C6B6,ファミリーマート,浜田一丁目店,
ICOCA,C7,C6CF,ファミリーマート,八幡浜昭和通店,
ICOCA,C7,C6D0,ファミリーマート,八幡浜昭和通店,
ICOCA,C7,C721,セブン‐イレブン,奈良中登美ヶ丘3丁目店,
ICOCA,C7,C750,明屋書店,南岩国店,
ICOCA,C7,C7C1,ファミリーマート,金沢百坂店,
ICOCA,C7,C7D2,セブン‐イレブン,大阪駅前第3ビル店,地下1階
ICOCA,C7,C7D8,アズナスエクスプレス,阪急三番街店,阪急三番街南館2階(阪急梅田駅2階 JR連絡通路)
ICOCA,C7,C7D9,アズナスエクスプレス,阪急三番街店,阪急三番街南館2階(阪急梅田駅2階 JR連絡通路)
ICOCA,C7,C7DD,ドン・キホーテ,パウ石切店,一階
ICOCA,C7,C815,セブン‐イレブン,おみやげ街道下関改札内店,
ICOCA,C7,C82C,セブン‐イレブン,京福西院駅前店,ランフォート西院 1F
ICOCA,C7,C82D,セブン‐イレブン,京福西院駅前店,ランフォート西院 1F
ICOCA,C7,C89E,セブン‐イレブン,大津月輪店,
ICOCA,C7,C8F9,ファミリーマート,阿南富岡店,
ICOCA,C7,C904,サーバ,長田戸崎通店,
ICOCA,C7,C90A,サーバ,長田店,
ICOCA,C7,C9CD,セブン‐イレブン,広島可部南店,
ICOCA,C7,CA06,セブン‐イレブン,大阪狭山市駅前店,
ICOCA,C7,CA0B,グルメシティ,長田店,プレノ長田2階 グルメシティ長田店食料品売場
ICOCA,C7,CA1D,カフェデュモンド,JR京都駅ビル,
ICOCA,C7,CA23,ガスト,高松丸亀町店,高松丸亀町弐番街2号館2階
ICOCA,C7,CA30,ガスト,岸辺駅前店,
ICOCA,C7,CA5A,ファミリーマート,大洲若宮店,
ICOCA,C7,CA5B,ファミリーマート,大洲若宮店,
ICOCA,C7,CAE1,ファミリーマート,奈良中町店,
ICOCA,C7,CAE2,ファミリーマート,奈良中町店,
ICOCA,C7,CAFC,ガスト,香川国分寺町店,
ICOCA,C7,CB09,マックスバリュ,生駒南店,
ICOCA,C7,CB22,粉こ楽,近鉄大和西大寺駅店,近鉄大和西大寺駅改札内(Time'sPlace西大寺)
ICOCA,C7,CB35,箱夢,西大寺店,大和西大寺駅改札内(Time's Place西大寺)
ICOCA,C7,CB49,ステーキガスト,高松松縄店,
ICOCA,C7,CB91,セブン‐イレブン,萩古萩町店,
ICOCA,C7,CB93,セブン‐イレブン,東広島西条下見店,
ICOCA,C7,CC41,サンクス,神戸ひよどり越店,
ICOCA,C7,CCDA,ヘンミ文具店,,日置ビル西1階
ICOCA,C7,CD38,マックスバリュ,宮上店,
ICOCA,C7,CD55,ローソン,庄川天正店,
ICOCA,C7,CDB0,ブックオフ,奈良法華寺店,
ICOCA,C7,CDB3,ブックオフ,大和郡山小泉店,
ICOCA,C7,CDE0,ミスタードーナツ,梅田東ショップ,
ICOCA,C7,CDE1,ミスタードーナツ,梅田東ショップ,
ICOCA,C7,CDEE,ミスタードーナツ,JR高松ショップ,JR高松駅前
ICOCA,C7,CDEF,ミスタードーナツ,JR高松ショップ,JR高松駅前
ICOCA,C7,CDF5,ミスタードーナツ,岩国ショップ,岩国駅前
ICOCA,C7,CDFD,ミスタードーナツ,アルティショップ,
ICOCA,C7,CE88,マクドナルド,安芸府中店,
ICOCA,C7,CEAF,セブン‐イレブン,長浜公園町店,
ICOCA,C7,CEBE,ミスタードーナツ,和歌山駅前ショップ,
ICOCA,C7,CEC3,ミスタードーナツ,丹波の里ショップ,
ICOCA,C7,CEE8,ミスタードーナツ,八木駅前ショップ,大和八木駅高架下 近鉄八木駅名店街
ICOCA,C7,CF33,マクドナルド,槙島店,
ICOCA,C7,CF37,ミスタードーナツ,山陽板宿ショップ,山陽板宿駅西口すぐ横、板宿本通南側入口角
ICOCA,C7,CF38,ミスタードーナツ,学園前ショップ,近鉄学園前駅 ル・シエル学園前1階
ICOCA,C7,CF45,ミスタードーナツ,南彦根ショップ,
ICOCA,C7,CF4E,ミスタードーナツ,イトーヨーカ堂津久野ショップ,1階フードコート
ICOCA,C7,CF59,風の家,大和西大寺駅店,大和西大寺駅改札内(Time's Place西大寺)
ICOCA,C7,CFAB,セブン‐イレブン,加古川東神吉ウェルネス店,
ICOCA,C7,D094,ミスタードーナツ,JR広島ステーションショップ,JR広島駅構内(改札内) 在来線改札内2階跨線橋
ICOCA,C7,D14C,マクドナルド,JR野田駅前店,
ICOCA,C7,D19C,マクドナルド,京都駅前店,
ICOCA,C7,D1B1,ミスタードーナツ,奈良東ショップ,
ICOCA,C7,D1D2,ミスタードーナツ,野田ショップ,
ICOCA,C7,D1E0,ミスタードーナツ,なんばウォーク店,地下街内2番街北通り B10出口前
ICOCA,C7,D1F9,ミスタードーナツ,阪急池田ショップ,阪急池田ブランマルシェ2番館 1階
ICOCA,C7,D354,京都駅,西日本JRバス,京都バスチケットセンター
ICOCA,C7,D357,津山駅,西日本JRバス,津山バスチケットセンター
ICOCA,C7,D3D9,トイズかめた,,
ICOCA,C7,D3FA,MEGAドン・キホーテ,新世界店,
ICOCA,C7,D425,ブックオフ,東大阪吉原店,
ICOCA,C7,D429,ブックオフ,東大阪みくりや店,
ICOCA,C7,D44F,ブックオフ,高知インター店,
ICOCA,C7,D457,マクドナルド,新開地ラウンドワン店,ラウンドワン新開地店 1階
ICOCA,C7,D45C,ミスタードーナツ,広島サンモールショップ,
ICOCA,C7,D475,マクドナルド,西宮アクタ店,アクタ西宮 西館2階
ICOCA,C7,D48B,ミスタードーナツ,千里セルシーショップ,千里セルシー2階北西
ICOCA,C7,D4ED,マクドナルド,阪急伊丹駅店,阪急伊丹駅構内(改札外)
ICOCA,C7,D57C,白山そば,,
ICOCA,C7,D5F4,ダイソー,なんばなんさん通店,
ICOCA,C7,D5FE,ダイソー,心斎橋店,
ICOCA,C7,D61B,ヤマザキショップ,洛マート九条ショップ,市バス待合室内
ICOCA,C7,D6D8,マクドナルド,JR岡山駅店,JR岡山駅(改札外) さんすて岡山1階
ICOCA,C7,D789,マクドナルド,津山インター店,
ICOCA,C7,D7BF,セブン‐イレブン,大阪西中島6丁目店,
ICOCA,C7,D85F,バーミヤン,生駒白庭台,
ICOCA,C7,D873,ステーキガスト,奈良柏木店,
ICOCA,C7,D925,マクドナルド,新大阪阪急ビル店,
ICOCA,C7,D94D,マクドナルド,西鈴蘭台エネオス店,
ICOCA,C7,D9BF,サークルK,富山石動店,
ICOCA,C7,D9CD,マクドナルド,JR大阪駅桜橋口店,
ICOCA,C7,D9E3,サークルK,入善下上野店,
ICOCA,C7,DAFF,マクドナルド,キスケボックス店,
ICOCA,C7,DC4C,ローソン,高知横浜店,
ICOCA,C7,DC5D,ウエルシア,尼崎大庄店,尼崎センタープール前駅北
ICOCA,C7,DE0F,ダックス,上京堀川今出川店,
ICOCA,C7,DE15,ダックス,下京烏丸店,
ICOCA,C7,DEBA,ダックス,上京堀川今出川店,
ICOCA,C7,DF79,ドラッグセイムス,高知駅前店,
ICOCA,C7,DFA9,ドラッグセイムス,宇和島和霊店,
ICOCA,C7,E02D,アンスリー,京橋中央口店,京阪京橋駅
ICOCA,C7,E047,アンスリー,枚方店,枚方市駅前
ICOCA,C7,E05B,アンスリー S∧M,中之島店,京阪中之島駅改札外
ICOCA,C7,E083,セブン‐イレブン,山口大島橘店,
ICOCA,C7,E186,マクドナルド,27号舞鶴店,
ICOCA,C7,E187,京都水族館,ミュージアムショップ,
ICOCA,C7,E188,京都水族館,カフェ,
ICOCA,C7,E1C2,ファミリーマート,奈良大安寺店,
ICOCA,C7,E444,コメダ珈琲店,野々市矢作店,
ICOCA,C7,E45B,コメダ珈琲店,大津膳所店,
ICOCA,C7,E59F,セブン‐イレブン,伊賀平野北谷店,
ICOCA,C7,E5A0,セブン‐イレブン,伊賀平野北谷店,
ICOCA,C7,E669,エキドンキ,エキマルシェ大阪店,
ICOCA,C7,E6B9,マクドナルド,三田店,
ICOCA,C7,E748,マックスバリュ,養父店,
ICOCA,C7,E776,アルビス,エスタ店,電鉄富山駅ビル・エスタ 地下1階
ICOCA,C7,E777,アルビス,エスタ店,電鉄富山駅ビル・エスタ 地下1階
ICOCA,C7,E778,アルビス,エスタ店,電鉄富山駅ビル・エスタ 地下1階
ICOCA,C7,E970,マクドナルド,松山中央通り店,
ICOCA,C7,E98F,快活CLUB,大津膳所店,
ICOCA,C7,E9BA,マクドナルド,宇部店,
ICOCA,C7,E9BB,セブン‐イレブン,今宮戎前店,
ICOCA,C7,EB6E,アプローズ,第2ターミナルゲート店,関西空港第2ターミナル ゲート内
ICOCA,C7,EC35,カレーハウスCoCo壱番屋,高松南新町店,
ICOCA,C7,EC36,カレーハウスCoCo壱番屋,高知はりまや橋店,
ICOCA,C7,ED10,マクドナルド,8号線北町店,
ICOCA,C7,ED14,セブン‐イレブン,阪急塚口駅北店,
ICOCA,C7,ED77,快活CLUB,外環中石切店,
ICOCA,C7,EDD4,セブン‐イレブン,関西空港第2ターミナル店,
ICOCA,C7,EDEA,快活CLUB,24号奈良店,
ICOCA,C7,EDEC,快活CLUB,国道2号西宮店,
ICOCA,C7,EE30,カレーハウスCoCo壱番屋,和歌山JR駅前店,
ICOCA,C7,EE35,カレーハウスCoCo壱番屋,宇部厚南店,
ICOCA,C7,EE49,ゴダイドラッグ,網干店,
ICOCA,C7,EEB2,セブン‐イレブン,ハートインJR膳所駅改札口店,
ICOCA,C7,EEBB,セブン‐イレブン,アントレマルシェ広島店,
ICOCA,C7,F009,ファミリーマート,羽衣駅西店,
ICOCA,C7,F00A,ファミリーマート,羽衣駅西店,
ICOCA,C7,F116,オークワ,五条店,
ICOCA,C7,F12D,オークワ,尼ケ辻店,
ICOCA,C7,F1F4,ファミリーマート,財田町戸川店,
ICOCA,C7,F1F5,ファミリーマート,財田町戸川店,
ICOCA,C7,F24A,オークワ,みなべ店,
ICOCA,C7,F2A6,デイリーヤマザキ,奈良ビバリーヒルズ店,
ICOCA,C7,F2A7,デイリーヤマザキ,奈良ビバリーヒルズ店,
ICOCA,C7,F2E7,森のカフェ,ひがしむき Gardens,東向商店街
ICOCA,C7,F2EA,コミック・バスター,Shalala JR奈良駅前店,
ICOCA,C7,F2ED,セブン‐イレブン,大阪駅前第2ビル店,
ICOCA,C7,F361,オークワ,堺美原店,
ICOCA,C7,F3C8,セブン‐イレブン,神戸本多聞1丁目店,
ICOCA,C7,F430,ジョーシン,三宮1ばん館,6階
ICOCA,C7,F442,ジョーシン,三宮1ばん館,1階
ICOCA,C7,F45A,イトーヨーカドー,岡山店,
ICOCA,C7,F460,オークワ,伊賀緑ヶ丘店,
ICOCA,C7,F478,オークワ,三田店,
ICOCA,C7,F479,オークワ,三田店,
ICOCA,C7,F4B0,ロフト,京都ロフト店,ミーナ京都3階 文具売場
ICOCA,C7,F4B1,ロフト,京都ロフト店,ミーナ京都1階
ICOCA,C7,F4BA,ロフト,京都ロフト店,ミーナ京都3階 文具売場
ICOCA,C7,F4E2,とらのあな,なんば店A,3F成人向けフロア
ICOCA,C7,F4E4,とらのあな,なんば店A,2F (一般向フロア)
ICOCA,C7,F4E5,とらのあな,なんば店A,2F (一般向フロア)
ICOCA,C7,F4FC,ミラマルシェ,,魚津駅
ICOCA,C7,F620,ええもんや,新尾道駅,JR新尾道駅構内(改札外)
ICOCA,C7,F6B1,ダイソー,新京極ダイアモンドビル店,
ICOCA,C7,F6B2,ダイソー,新京極ダイアモンドビル店,
ICOCA,C7,F6B3,ダイソー,新京極ダイアモンドビル店,
ICOCA,C7,F6EB,セブン‐イレブン,神戸須磨白川店,
ICOCA,C7,F706,カレーハウスCoCo壱番屋,堀川丸太町店,
ICOCA,C7,F798,セブン‐イレブン,JR徳島駅前店,
ICOCA,C7,F79A,セブン‐イレブン,JR徳島駅前店,
ICOCA,C7,F82E,コメダ珈琲店,阿南富岡店,
ICOCA,C7,F84A,天極堂,近鉄奈良駅店,近鉄奈良駅改札外(Time's Place奈良)
ICOCA,C7,F84B,奈良祥樂,近鉄奈良駅店,近鉄奈良駅改札階ラッチ外 (Time's Place奈良)
ICOCA,C7,F850,千壽庵吉宗,近鉄奈良駅店,近鉄奈良駅改札外(Time's Place奈良)
ICOCA,C7,F89B,ローソン,松江御手船場町店,
ICOCA,C7,F8E5,ツルハドラッグ,富田店,
ICOCA,C7,F91D,ポポンデッタ,神戸ハーバーランドumie店,
ICOCA,C7,F922,セリア,神戸ハーバーランドumie店,
ICOCA,C7,FBD6,テムジン,大阪うめきた店,グランフロント大阪 北館6階
ICOCA,C7,FC46,ローソン,奈良ドリームランド前店,
ICOCA,C7,FC47,ローソン,奈良ドリームランド前店,
ICOCA,C7,FCC9,ローソン,五條住川店,
ICOCA,C7,FCCA,ローソン,五條住川店,
ICOCA,C7,FCD5,ローソン,長田神楽町店,
ICOCA,C7,FCD6,ローソン,長田神楽町店,
ICOCA,C7,FCDD,ローソン,西陣店,
ICOCA,C7,FCDE,ローソン,西陣店,
ICOCA,C7,FCE7,ローソン,東山三条店,
ICOCA,C7,FCE8,ローソン,東山三条店,
ICOCA,C7,FD4F,ローソン,新田辺駅前店,
ICOCA,C7,FD63,ローソン,奈良富雄北一丁目店,
ICOCA,C7,FD64,ローソン,奈良富雄北一丁目店,
ICOCA,C7,FD9D,ローソン,下松切山店,
ICOCA,C7,FDA3,ローソン,鳴門大麻板東店,
ICOCA,C7,FDBC,ローソン,西条駅前店,
ICOCA,C7,FDBD,ローソン,西条駅前店,
ICOCA,C7,FDC0,ローソン,八幡浜新町銀座店,
ICOCA,C7,FDC1,ローソン,八幡浜新町銀座店,
ICOCA,C7,FDC4,ファミリーマート,佐用町店,
ICOCA,C7,FDF0,ローソン,桃谷駅前店,
ICOCA,C7,FE09,ローソン,三田すずかけ台店,
ICOCA,C7,FE0A,ローソン,三田すずかけ台店,
ICOCA,C7,FE1D,ローソン,安来駅前店,
ICOCA,C7,FE22,ファミリーマート,南部海岸前店,
ICOCA,C7,FE26,ローソン,斐川荘原店,
ICOCA,C7,FE27,ローソン,斐川荘原店,
ICOCA,C7,FE90,ローソン,伊野駅前店,
ICOCA,C7,FE91,ローソン,伊野駅前店,
ICOCA,C7,FEA2,ローソン,三条大橋店,
ICOCA,C7,FEA3,ローソン,三条大橋店,
ICOCA,C7,FED9,ローソン,豊中蛍池中町三丁目店,
ICOCA,C7,FF48,ローソン,兵庫大開通二丁目店,
ICOCA,C7,FF88,ファミリーマート,水口町宮の前店,
ICOCA,C7,FFB7,ファミリーマート,御蔵店,
ICOCA,C7,FFC7,ファミリーマート,田辺栄町店,
ICOCA,C7,FFCE,ローソン,児島インター店,
ICOCA,C8,0E50,自動販売機,#京都市営地下鉄烏丸線#鞍馬口駅,ホーム北側
ICOCA,C8,0E8F,自動販売機,#近鉄京都線/京都市営地下鉄烏丸線#竹田駅,3·4番線ホーム
ICOCA,C8,117E,自動販売機,#京都市営地下鉄東西線#六地蔵駅,改札内 改札脇
ICOCA,C8,1182,自動販売機,ヨドバシカメラ マルチメディア京都,第2エントランス前
ICOCA,C8,11F4,自動販売機,#阪神電鉄本線#尼崎駅,4·5番線ホーム
ICOCA,C8,13EB,自動販売機,#阪神なんば線#今津駅,西宮方面ホーム
ICOCA,C8,1DD6,自動販売機,大和八木駅,1番ホーム 自販機コーナー内
ICOCA,C8,2728,麺家,兵庫,兵庫駅改札外
ICOCA,C8,2734,麺家,京都上がも,京都駅在来線上りホーム
ICOCA,C8,27DE,自動販売機,#JR可部/山陽本線#広島駅,1番線ホーム
ICOCA,C8,287C,麺家,新大阪上り店,新大阪駅5·6番ホーム
ICOCA,C8,2883,タイムズ,はりま勝原駅前,
ICOCA,C8,28EC,麺家,大阪みどう,JR大阪駅イーストコートミドー 1F
ICOCA,C8,28F8,麺家,三ノ宮店,
ICOCA,C8,293F,麺家,京橋外回り店,京橋駅4番のりば
ICOCA,C8,2942,麺家,京橋東西線,京橋駅1番のりば
ICOCA,C8,2943,#カレーショップ#スパイシー・マサラ,京都店,改札外側
ICOCA,C8,2949,まねき,#JR姫新/播但/山陽本線#姫路駅 在来線店上り,上りホーム
ICOCA,C8,294A,まねき,#JR姫新/播但/山陽本線#姫路駅 在来線店下り,下りホーム
ICOCA,C8,294B,マネキダイニング,,姫路駅 新幹線乗降口前(改札外)
ICOCA,C8,2A6B,麺家,大阪みどう,JR大阪駅イーストコートミドー 1F
ICOCA,C8,2AC8,松屋,住道店,
ICOCA,C8,2B43,めん処吉備,,岡山駅改札内
ICOCA,C8,2B48,麺家,山科,JR山科駅 改札外
ICOCA,C8,2B53,マネキダイニング,加古川店,JR加古川駅内
ICOCA,C8,2B5A,恵寿多,,新幹線博多駅 改札内2Fコンコース
ICOCA,C8,2BD1,自動販売機,#JR山陽本線#岩国駅,6・7番線ホーム
ICOCA,C8,2C04,麺家,西九条店,大阪環状線 西九条駅改札口横
ICOCA,C8,2C8E,あじわい処 麺,,福山駅前
ICOCA,C8,2CCB,コインロッカー,#JR北陸本線#金沢駅,金沢百番街 あんと南 D
ICOCA,C8,2D78,金沢百番街,,infomationカウンター
ICOCA,C8,2DB4,自動販売機,#JR紀勢本線#南部駅,
ICOCA,C8,2E08,自動販売機,#JRゆめ咲線#安治川口駅,自動販売機2
ICOCA,C8,2E09,自動販売機,#JRゆめ咲線#安治川口駅,自動販売機1
ICOCA,C8,2E1B,自動販売機,#JRゆめ咲線#安治川口駅,自動販売機3
ICOCA,C8,2E1C,自動販売機,#JRゆめ咲線#安治川口駅,自動販売機4
ICOCA,C8,2E24,自動販売機,#JR阪和線#杉本町駅,西口改札前
ICOCA,C8,2E75,自動販売機,#JR奈良/大和路/学園都市線#奈良駅,4・5番ホーム
ICOCA,C8,2EA6,自動販売機,#JR宝塚線#伊丹駅,上りホーム
ICOCA,C8,306F,自動販売機,#京都市営地下鉄東西線#六地蔵駅,改札外 通路
ICOCA,C8,31B9,自動販売機,つかしんにしまち,ペットワールドアミーゴ前広場
ICOCA,C8,33C4,自動販売機,ヨドバシカメラ マルチメディア京都,第2エントランス前
ICOCA,C8,36AF,自動販売機,#JR東海道本線#彦根駅,ホーム
ICOCA,C8,36B1,自動販売機,#JR琵琶湖線#米原駅,2番3番ホーム 大垣長浜寄り
ICOCA,C8,36C7,自動販売機,#JR山陰本線#円町駅,JR円町駅 1号機
ICOCA,C8,36CB,自動販売機,#JR琵琶湖線#大津駅,2番線ホーム 2号機(左)
ICOCA,C8,37C3,自動販売機,山科駅,
ICOCA,C8,37E6,自動販売機,#JR湖西線#比叡山坂本駅,改札外
ICOCA,C8,37EE,自動販売機,#JR神戸線#姫路駅,5・6番線ホーム
ICOCA,C8,383C,QBハウス,JR兵庫駅店,兵庫駅
ICOCA,C8,383F,QBハウス,JR京橋駅店,外回りホーム
ICOCA,C8,3847,QBハウス,JR大阪駅店,大阪環状線1・2番のりば連絡通路内
ICOCA,C8,3874,自動販売機,高松駅4・5番のりば,四国キヨスク新高松7号
ICOCA,C8,5A01,自動販売機,#JR紀勢本線#湯浅駅,駅舎内待合室
ICOCA,C8,5B37,自動販売機,JR京都駅,4・5番ホーム東5番ホーム側
ICOCA,C8,5B9E,自動販売機,#JR大阪環状線#天満駅,自動券売機前
ICOCA,C8,5C20,自動販売機,#JR琵琶湖線#米原駅,
ICOCA,C8,5C80,自動販売機,JR尼崎駅,南北自由連絡通路
ICOCA,C8,5CE5,自動販売機,#JR学研都市線#東寝屋川駅,
ICOCA,C8,692C,タイトーステーション,難波店,
ICOCA,C8,692D,タイトーステーション,難波店,
ICOCA,C8,6983,タイトーステーション,大阪日本橋店,
ICOCA,C8,6984,タイトーステーション,大阪日本橋店,
ICOCA,C8,6988,タイトーステーション,大阪日本橋店,
ICOCA,C8,698A,タイトーステーション,大阪日本橋店,
ICOCA,C8,6A8A,自動販売機,#舞鶴若狭自動車道#西紀サービスエリア(上り),
ICOCA,C8,6C98,自動販売機,バスチケットセンター,京都駅
ICOCA,C8,6CBE,自動販売機,祇園四条駅キリン23号機,券売機向かい
ICOCA,C8,7037,自動販売機,#浪花ひとくち餃子#餃々 三条木屋町店,店舗前
ICOCA,C8,7047,自動販売機,蛸薬師通,
ICOCA,C8,7055,自動販売機,蛸薬師通,
ICOCA,C8,77F0,自動販売機,バスチケットセンター,京都駅
ICOCA,C8,7841,タイトーステーション,梅三小路店,
ICOCA,C8,7940,自動販売機,大和西大寺駅,橋上駅舎内(5・6番のりば上りエスカレーター降り口)
ICOCA,C8,7941,自動販売機,#近鉄奈良線#奈良駅,改札階ラッチ内
ICOCA,C8,83CE,自動販売機,ヨドバシカメラ マルチメディア京都,第1エントランス前
ICOCA,C8,84FD,自動販売機,ほりせ米穀店,
ICOCA,C8,8587,自動販売機,,京都タカシマヤ 四条通側正面出入口 脇
ICOCA,C8,86D7,麺家⁺ さがの,,
ICOCA,C8,86D8,麺家⁺ さがの,,
ICOCA,C8,86DA,タイムズ,金沢駅屋上,
ICOCA,C8,86EF,七之舟入自転車駐車場,北1,
ICOCA,C8,86F0,七之舟入自転車駐車場,北2,
ICOCA,C8,8734,驛麺家,広島駅店,JR広島駅構内(改札内) 在来線改札内跨線橋
ICOCA,C8,8736,麺家,尼崎店,尼崎駅構内
ICOCA,C8,877B,博多一幸舎,エキマルシェ大阪店,
ICOCA,C8,87F5,まねき,えきそばJR元町店,
ICOCA,C8,8837,立山そば,JR富山駅構内店,富山駅改札外
ICOCA,C8,8840,タイムズ,菅原6丁目,
ICOCA,C8,889B,サニープレイス,神戸三宮駐車場4,
ICOCA,C8,88A5,麺家,草津店,草津駅
ICOCA,C8,88AE,松屋,春日井店,
ICOCA,C8,88D0,自動販売機,#JR山陰本線#松江駅,1/2番線ホーム
ICOCA,C8,88DA,松乃家,池田店,
ICOCA,C8,88ED,松屋,京橋南店,
ICOCA,C8,890C,松屋,天神橋六丁目店,
ICOCA,C8,8917,松屋,桜橋店,
ICOCA,C8,8918,松屋,桜橋店,
ICOCA,C8,891B,松屋,四条大宮駅前店,
ICOCA,C8,891C,松屋,河原町店,
ICOCA,C8,891F,松屋,南森町駅前店,
ICOCA,C8,8936,松屋,京都三条店,
ICOCA,C8,8937,松屋,難波千日前店,
ICOCA,C8,8938,松屋,京阪京橋店,
ICOCA,C8,893B,松屋,長居店,
ICOCA,C8,893C,松屋,南海難波店,
ICOCA,C8,893F,松屋,南方店,
ICOCA,C8,8941,松屋,梅田角田町店,
ICOCA,C8,8965,松乃家,瓢箪山店,
ICOCA,C8,8969,松屋,今津店,阪神今津駅1階
ICOCA,C8,896B,松屋,三宮東店,
ICOCA,C8,8976,松屋,西中島店,
ICOCA,C8,8979,松屋,京都西院店,
ICOCA,C8,897B,松屋,今出川店,
ICOCA,C8,897C,松屋,堀川丸太町店,
ICOCA,C8,8981,松屋,六地蔵店,
ICOCA,C8,8982,松屋,東寺店,
ICOCA,C8,8983,松屋,立命館大前店,
ICOCA,C8,8985,松屋,堺東店,
ICOCA,C8,8997,松屋,神戸元町店,
ICOCA,C8,8998,松屋,元町東口店,
ICOCA,C8,899A,松屋,神戸新開地店,
ICOCA,C8,89A1,松屋,天満橋店,
ICOCA,C8,89B0,麺家,天王寺店,JR天王寺駅 阪和線ホーム(1・2番のりば北側)
ICOCA,C8,89B1,麺家,天王寺店,JR天王寺駅 阪和線ホーム(1・2番のりば北側)
ICOCA,C8,89B4,松のや,大阪駅前第3ビル店,
ICOCA,C8,89B6,松屋,天理PA(上り線)店,#西名阪自動車道#天理PA(上り線)
ICOCA,C8,89B8,松のや,大和高田店,
ICOCA,C8,89B9,松屋,新大宮店,
ICOCA,C8,89E9,松屋,八尾本町店,
ICOCA,C8,89EE,松屋,千里丘店,
ICOCA,C8,89F5,松のや,だいどう豊里店,
ICOCA,C8,8A03,松屋,富田店,
ICOCA,C8,8A10,京都鉄道博物館,入館券,
ICOCA,C8,8A12,SLスチーム号,,京都鉄道博物館
ICOCA,C8,8A13,京都鉄道博物館,2階 レストラン,
ICOCA,C8,8A14,京都鉄道博物館,2階 レストラン,
ICOCA,C8,8A21,マネキダイニング,加古川店,JR加古川駅構内(改札内/改札外)
ICOCA,C8,8A52,自動販売機,レストラン菊水,四条通川端東入ル北側
ICOCA,C8,8A53,自動販売機,レストラン菊水,川端通四条上ル東側
ICOCA,C8,8A80,松乃家,なんさん通り店,ショッププランナー国際東ビル1F
ICOCA,C8,8A82,松乃家,南森町店,
ICOCA,C8,8A86,松屋,徳島駅前店,
ICOCA,C8,8AA1,松屋,金沢神谷内店,
ICOCA,C8,8ACC,円町駅自転車等駐車場,,
ICOCA,C8,8ACD,円町駅自転車等駐車場,,
ICOCA,C8,A5EF,ICOCAチャージ機,大阪国際空港(伊丹) リムジンバス乗場,リムジンバス9番乗場付近 券売機横
ICOCA,C8,A5F0,ICOCAチャージ機,大阪国際空港(伊丹) リムジンバス乗場,リムジンバス4番乗場付近 券売機横
ICOCA,C8,AA28,コインロッカー,京都鉄道博物館,入口左手
ICOCA,C8,AA2D,コインロッカー,#京阪電気鉄道京阪本線#祇園四条駅,2号機
ICOCA,C8,AA33,コインロッカー,#東海道・山陽新幹線/JR京都・福知山線#新大阪駅,3階 西階段横 U5
ICOCA,C8,AA38,コインロッカー,#東海道・山陽新幹線/JR京都・福知山線#新大阪駅,新大阪詰所 T1
ICOCA,C8,AAC1,コインロッカー,JR三ノ宮駅,東改札口南
ICOCA,C8,AE7C,オークワ,名古屋守山店,
ICOCA,C8,B5F6,エッソ エクスプレス,銀閣寺SS,
ICOCA,C8,B5F7,エッソ エクスプレス,銀閣寺SS,
ICOCA,C8,B5F8,エッソ エクスプレス,銀閣寺SS,
ICOCA,C8,B5F9,エッソ エクスプレス,銀閣寺SS,
ICOCA,C8,B5FA,エッソ エクスプレス,銀閣寺SS,
ICOCA,C8,B5FB,エッソ エクスプレス,銀閣寺SS,
ICOCA,C8,B5FC,エッソ エクスプレス,銀閣寺SS,
ICOCA,C8,B5FD,エッソ エクスプレス,銀閣寺SS,
ICOCA,C8,B869,エッソ エクスプレス,四条堀川SS,
ICOCA,C8,B86A,エッソ エクスプレス,四条堀川SS,
ICOCA,C8,B86B,エッソ エクスプレス,四条堀川SS,
ICOCA,C8,B86C,エッソ エクスプレス,四条堀川SS,
ICOCA,C8,B86D,エッソ エクスプレス,四条堀川SS,
ICOCA,C8,B86E,エッソ エクスプレス,四条堀川SS,
ICOCA,C8,B86F,エッソ エクスプレス,四条堀川SS,
ICOCA,C8,B870,エッソ エクスプレス,四条堀川SS,
ICOCA,C8,B872,エッソ エクスプレス,金閣寺SS,
ICOCA,C8,B873,エッソ エクスプレス,金閣寺SS,
ICOCA,C8,B874,エッソ エクスプレス,金閣寺SS,
ICOCA,C8,B875,エッソ エクスプレス,金閣寺SS,
ICOCA,C8,B876,エッソ エクスプレス,金閣寺SS,
ICOCA,C8,B877,エッソ エクスプレス,金閣寺SS,
ICOCA,C8,B878,エッソ エクスプレス,金閣寺SS,
ICOCA,C8,B879,エッソ エクスプレス,金閣寺SS,
ICOCA,C8,B87A,エッソ エクスプレス,金閣寺SS,
ICOCA,C8,B87B,エッソ エクスプレス,金閣寺SS,
ICOCA,C8,B87C,エッソ エクスプレス,大徳寺SS,
ICOCA,C8,B87D,エッソ エクスプレス,大徳寺SS,
ICOCA,C8,B87E,エッソ エクスプレス,大徳寺SS,
ICOCA,C8,B87F,エッソ エクスプレス,大徳寺SS,
ICOCA,C8,B880,エッソ エクスプレス,大徳寺SS,
ICOCA,C8,B881,エッソ エクスプレス,大徳寺SS,
ICOCA,C8,B882,エッソ エクスプレス,大徳寺SS,
ICOCA,C8,B883,エッソ エクスプレス,大徳寺SS,
ICOCA,C8,BDE3,オークワ,パビリオンシティ田辺店,パビリオンシティ田辺 A館1階 食料品売場セルフレジ
ICOCA,C8,BE60,オークワ,箕島店,食品売場セルフレジ
ICOCA,C8,BEB7,スーパーセンターオークワ,和泉納花店,
ICOCA,C8,BEBC,オークワ,六十谷店,セルフレジ
Kitaca,C7,0D84,島村楽器,札幌ステラプレイス店,札幌ステラプレイスイースト4階
Kitaca,C7,0DB6,万豚記,札幌店,アピア 地下1階
Kitaca,C7,0EF5,白樺山荘,札幌ら〜めん共和国店,札幌エスタ10階 札幌ら〜めん共和国
Kitaca,C7,0F3F,三省堂書店,札幌店,札幌ステラプレイス5階
Kitaca,C7,1218,ローソン,苗穂駅前店,
Kitaca,C7,14B4,サンクス,岩内八幡通店,
Kitaca,C7,14D2,サンクス,新十津川店,
Kitaca,C7,14D3,サンクス,新十津川店,
Kitaca,C7,14DD,サンクス,岩内公園通店,
Kitaca,C7,1586,サンクス,平和通4丁目店,
Kitaca,C7,15DF,サンクス,赤平店,
Kitaca,C7,1F92,セブン‐イレブン,旭川5条19丁目店,
Kitaca,C7,271B,キヨスク,手稲店,JR手稲駅
Kitaca,C7,271C,北海道四季彩館,北見店,JR北見駅
Kitaca,C7,2729,キヨスク,札幌駅西コンコース北店,JR札幌駅
Kitaca,C7,272D,キヨスク,札幌東コンコース中央店,JR札幌駅
Kitaca,C7,2732,北海道四季彩館,札幌北店,JR札幌駅
Kitaca,C7,273B,キヨスク,岩見沢店,JR岩見沢駅構内(改札外)1階
Kitaca,C7,2743,キヨスク,南千歳店,JR南千歳駅 橋上コンコース改札口横
Kitaca,C7,2746,キヨスク,苫小牧店,JR苫小牧駅構内(改札外)
Kitaca,C7,2750,ロッテリア,JR札幌店,JR札幌駅
Kitaca,C7,2751,ロッテリア,JR札幌店,JR札幌駅
Kitaca,C7,280C,茶憩夢,,JR北海道本社ビル9F 社員食堂
Kitaca,C7,2812,レフボン,JR白石店,JR白石駅構内
Kitaca,C7,282B,LITTLE MERMAID,札幌駅店,JR札幌駅
Kitaca,C7,2831,ダイソー,サツエキBRIDGE店,サツエキBridge 2F
Kitaca,C7,292F,セブン‐イレブン,滝川有明町店,
Kitaca,C7,2941,セブン‐イレブン,共和あけぼの店,
Kitaca,C7,294D,セブン‐イレブン,岩内東山店,
Kitaca,C7,2B3E,セブン‐イレブン,札幌拓北店,
Kitaca,C7,2B56,セブン‐イレブン,北海道ST千歳店,JR千歳駅
Kitaca,C7,2B57,セブン‐イレブン,北海道ST千歳店,JR千歳駅
Kitaca,C7,2B7F,セブン‐イレブン,上士幌町店,
Kitaca,C7,2BF5,セブン‐イレブン,岩見沢南町店,
Kitaca,C7,2BFD,セブン‐イレブン,東川北町店,
Kitaca,C7,2C0C,セブン‐イレブン,岩見沢東町店,
Kitaca,C7,2C19,セブン‐イレブン,留萌開運町店,
Kitaca,C7,2C1F,セブン‐イレブン,留萌沖見町店,
Kitaca,C7,2C94,セブン‐イレブン,帯広大正町店,
Kitaca,C7,2DEC,セブン‐イレブン,岩見沢1条店,
Kitaca,C7,2E4D,セブン‐イレブン,札幌南2西9店,
Kitaca,C7,301A,セブン‐イレブン,羽幌役場前店,
Kitaca,C7,305E,セブン‐イレブン,旭川豊岡3丁目店,
Kitaca,C7,3144,セブン‐イレブン,札幌北1条西5丁目店,
Kitaca,C7,3165,セブン‐イレブン,札幌南3条西6丁目店,
Kitaca,C7,34B8,セイコーマート,あさの店,
Kitaca,C7,3574,セイコーマート,つぼた店,
Kitaca,C7,36B4,セイコーマート,永山4条店,
Kitaca,C7,36B5,セイコーマート,永山4条店,
Kitaca,C7,36CA,セイコーマート,留萌本町店,
Kitaca,C7,36CB,セイコーマート,留萌本町店,
Kitaca,C7,36D6,セイコーマート,富良野山部店,
Kitaca,C7,36D7,セイコーマート,富良野山部店,
Kitaca,C7,36DE,セイコーマート,静内木場店,カリンパショッピングモール
Kitaca,C7,3700,セイコーマート,留萌沖見店,
Kitaca,C7,3702,#北海道そば#蕎麦紀行,,JR札幌駅
Kitaca,C7,3704,セイコーマート,とみいそ店,
Kitaca,C7,370B,セイコーマート,留萌元川店,
Kitaca,C7,3713,セイコーマート,よこやま羽幌店,
Kitaca,C7,3735,セイコーマート,うえだ上士幌店,
Kitaca,C7,3753,ザ・ビッグ エクスプレス,白石中央店,
Kitaca,C7,3792,北海道四季彩館,小樽店,JR小樽駅
Kitaca,C7,37A1,セイコーマート,たさか,
Kitaca,C7,37DC,セイコーマート,愛国店,
Kitaca,C7,37DD,セイコーマート,愛国店,
Kitaca,C7,37EA,セイコーマート,羽幌北大通店,
Kitaca,C7,37EC,セイコーマート,中央店,
Kitaca,C7,3803,セイコーマート,とん田東町店,
Kitaca,C7,3810,築地銀だこ,イオンモール旭川駅前店,JR旭川駅(改札外)隣接 イオンモール旭川駅前1階
Kitaca,C7,381F,デリフランス,旭川店,イオンモール旭川駅前1階
Kitaca,C7,384B,セイコーマート,国富店,
Kitaca,C7,3876,セイコーマート,富良野店,
Kitaca,C7,3879,セイコーマート,むらい苫前,
Kitaca,C7,3895,セイコーマート,深川店,
Kitaca,C7,38A2,セイコーマート,津別店,
Kitaca,C7,38AA,イオン,旭川駅前店,イオンモール旭川駅前1階
Kitaca,C7,38BC,セイコーマート,なかとんべつ店,
Kitaca,C7,38EF,セイコーマート,ニッセイ札幌ビル店,
Kitaca,C7,3900,セイコーマート,中富良野店,
Kitaca,C7,3901,セイコーマート,中富良野店,
Kitaca,C7,3918,セイコーマート,大野店,
Kitaca,C7,39A0,セイコーマート,北見駅前,
Kitaca,C7,39B0,セイコーマート,夕張南清水沢店,
Kitaca,C7,39FC,セイコーマート,夕張本町店,
Kitaca,C7,39FD,セイコーマート,夕張本町店,
Kitaca,C7,3A00,セイコーマート,東川店,
Kitaca,C7,3A01,北海道四季彩館,帯広店,JR帯広駅 改札外1階
Kitaca,C7,3A18,セイコーマート,寿都店,
Kitaca,C7,3A30,セイコーマート,三笠店,
Kitaca,C7,3A41,セイコーマート,羽幌南町店,
Kitaca,C7,3A80,セイコーマート,追分本町店,
Kitaca,C7,3A93,セイコーマート,上砂川店,
Kitaca,C7,3AA0,セイコーマート,大通バスセンター店,
Kitaca,C7,3AED,イオン,上磯店,食料品売場
Kitaca,C7,3B0C,セイコーマート,新十津川店,
Kitaca,C7,3B4F,キヨスク,旭川東店,JR旭川駅
Kitaca,C7,3B50,セイコーマート,新十津川中央店,
Kitaca,C7,3B58,セイコーマート,寿都矢追店,
Kitaca,C7,3BAC,北海道四季彩館,札幌西店,JR札幌駅
Kitaca,C7,3BB0,北海道四季彩館,札幌西店,JR札幌駅
Kitaca,C7,3BBC,タリーズコーヒー,函館駅店,JR函館駅 2階
Kitaca,C7,3BF9,セイコーマート,岩内万代店,
Kitaca,C7,3C19,セイコーマート,旭川1条通店,
Kitaca,C7,3C1A,セイコーマート,旭川1条通店,
Kitaca,C7,3C1B,セイコーマート,砂川西2条店,
Kitaca,C7,3C59,セイコーマート,大通ビッセ店,大通ビッセ
Kitaca,C7,3C73,タリーズコーヒー,札幌徳洲会病院店,札幌徳洲会病院1F
Kitaca,C7,3C77,キヨスク,新函館北斗ラッチ店,北海道キヨスク
Kitaca,C7,3C7C,セイコーマート,岩内東山店,
Kitaca,C7,3C7E,キヨスク,新函館北斗コンコース店,新函館北斗駅 改札外
Kitaca,C7,3C81,キングスイーツ,函館駅店,JR函館駅
Kitaca,C7,3C87,セイコーマート,稚内駅前店,
Kitaca,C7,3C88,セイコーマート,稚内駅前店,
Kitaca,C7,3C8B,セイコーマート,旭川台場店,
Kitaca,C7,3C90,セイコーマート,東旭川店,
Kitaca,C7,3CBE,セイコーマート,JR白石駅前店,
Kitaca,C7,3CBF,セイコーマート,JR白石駅前店,
Kitaca,C7,3D68,北海道物産,,新千歳空港国内線ターミナルビル2階
Kitaca,C7,3D77,雪印パーラー,千歳空港店,新千歳空港 国内線ターミナルビル2階
Kitaca,C7,3D98,フライヤーズ,,新千歳空港国内線ターミナルビル4階
Kitaca,C7,3DE8,#函館麺厨房#あじさい,新千歳空港店,
Kitaca,C7,3DEA,白樺山荘,新千歳空港店,
Kitaca,C7,3E2F,LeTAO,新千歳空港店,新千歳空港国内線ターミナルビル2階
Kitaca,C7,3E37,はなまるうどん,新千歳空港店,新千歳空港国内線ターミナルビル3階 フードコート
Kitaca,C7,3E4A,タリーズコーヒー,函館駅店,JR函館駅 2階
Kitaca,C7,3E4C,アニメイト,新千歳空港店,新千歳空港国内線ターミナルビル4階
Kitaca,C7,3ED2,マックスバリュエクスプレス,中の島店,
Kitaca,C7,3EF7,セブン‐イレブン,岩内万代店,
Kitaca,C7,401F,セブン‐イレブン,北斗七重浜4丁目店,
Kitaca,C7,406C,セブン‐イレブン,北海道ST帯広店,
Kitaca,C7,40F2,イトーヨーカドー,旭川店,地下1階
Kitaca,C7,41E3,ファミリーマート,市立札幌病院店,市立札幌病院
Kitaca,C7,4237,イトーヨーカドー,釧路店,地下1階 食料品売場
Kitaca,C7,42A0,セブン‐イレブン,余市大川店,
Kitaca,C7,42F3,セイコーマート,東旭川上兵村店,
Kitaca,C7,4323,車内販売,JR北海道,客室乗務員センター
Kitaca,C7,432A,北海道旅客鉄道,客室乗務員センター,
Kitaca,C7,4339,北海道旅客鉄道,客室乗務員センター,
Kitaca,C7,4344,北海道旅客鉄道,客室乗務員センター,
Kitaca,C7,4368,セブン‐イレブン,深川北光町店,
Kitaca,C7,43A9,ファミリーマート,千歳レラ店,
Kitaca,C7,442B,ファミリーマート,札幌北1条西店,
Kitaca,C7,45BE,セイコーマート,岩見沢5条店,
Kitaca,C7,45C0,セイコーマート,萩の山スキー場,
Kitaca,C7,469C,ツルハドラッグ,岩内店,
Kitaca,C7,474D,ツルハドラッグ,亀田港町店,
Kitaca,C7,483F,ツルハドラッグ,羽幌店,
Kitaca,C7,4859,ツルハドラッグ,赤平店,
Kitaca,C7,4869,ツルハドラッグ,真駒内南店,
Kitaca,C7,486A,ツルハドラッグ,平和通店,
Kitaca,C7,486C,ツルハドラッグ,平和通店,
Kitaca,C7,4892,ツルハドラッグ,北光店,
Kitaca,C7,4903,ツルハドラッグ,沼ノ端北店,
Kitaca,C7,4908,ツルハドラッグ,留萌西店,
Kitaca,C7,4A0B,ツルハドラッグ,木古内店,
Kitaca,C7,4C25,セブン‐イレブン,旭川北彩都店,
Kitaca,C7,4C80,セイコーマート,赤平東大町店,
Kitaca,C7,4C8C,ダイソー,イトーヨーカドー旭川店,
Kitaca,C7,4DCE,雪ミクスカイタウン,,新千歳空港国内線ターミナルビル
Kitaca,C7,4DCF,雪ミクスカイタウン,,新千歳空港国内線ターミナルビル
Kitaca,C7,4DD2,らーめん空,新千歳空港店,新千歳空港3階
Kitaca,C7,4EBF,アインズ,あいの里東光店,東光ストアあいの里店
Kitaca,C7,4EC1,アインズ,あいの里東光店,東光ストアあいの里店
Kitaca,C7,4F0F,ツルハドラッグ,南1条店,
Kitaca,C7,4F70,イオン,旭川駅前店,イオンモール旭川駅前1階
Kitaca,C7,4F89,キヨスク,札幌ラッチ中店,JR札幌駅
Kitaca,C7,4F8A,キヨスク,札幌ラッチ中店,JR札幌駅
Kitaca,C7,4F95,キヨスク,札幌ラッチ西店,JR札幌駅
Kitaca,C7,4F96,キヨスク,札幌ラッチ西店,JR札幌駅
Kitaca,C7,4F97,キヨスク,札幌ラッチ東店,JR札幌駅
Kitaca,C7,538E,セイコーマート,教育大駅前店,
Kitaca,C7,538F,セイコーマート,教育大駅前店,
Kitaca,C7,53BA,セイコーマート,旭川2条通店,
Kitaca,C7,53BB,セイコーマート,旭川2条通店,
Kitaca,C7,53DD,ツルハドラッグ,旭川買物公園通店,
Kitaca,C7,5430,ドトールコーヒーショップ,JR札幌駅北口店,JR札幌駅
Kitaca,C7,5431,ドトールコーヒーショップ,JR札幌駅北口店,JR札幌駅
Kitaca,C7,54AB,セブン‐イレブン,美幌美富店,
Kitaca,C7,5662,セブン‐イレブン,北海道ST函館店,
Kitaca,C7,57EA,松尾ジンギスカン,新千歳空港フードコート店,新千歳空港国内線ターミナルビル3階フードコート
Kitaca,C7,5AE2,#酔食居酒屋#山の猿,札幌アピア店,
Kitaca,C7,5B1C,杵屋,札幌駅パセオ店,パセオ 地下1階
Kitaca,C7,5BD4,札幌弘栄堂書店,パセオ西店,
Kitaca,C7,5BDA,#酔食居酒屋#鶏よ魚よ,パセオ店,パセオWEST 1F
Kitaca,C7,5C0A,韓国酒家 韓国家庭料理 吾照里,札幌エスタ店,
Kitaca,C7,5C2C,ロフト,札幌ロフト店,エスタ6階
Kitaca,C7,5C66,エスタ大食品街「生鮮市場」,,
Kitaca,C7,5C6F,和惣本家グゥー,,
Kitaca,C7,5C72,SOZAI Biennale,,
Kitaca,C7,5C73,ずんだ茶寮,札幌エスタ店,札幌エスタ 地下1階
Kitaca,C7,5C76,チャイニーズ厨房黄河,,
Kitaca,C7,5C8B,六花亭,札幌エスタ店,札幌エスタ 地下1階
Kitaca,C7,5D63,花旬庵,札幌ステラプレイス店,
Kitaca,C7,5D67,北老虎,札幌ステラプレイス店,札幌ステラプレイスセンター6階
Kitaca,C7,614E,セブン‐イレブン,札幌本通2丁目北店,
Kitaca,C7,614F,セブン‐イレブン,札幌本通2丁目北店,
Kitaca,C7,61C0,シティマーケット,北見店,
Kitaca,C7,625D,はま寿司,旭川永山店,
Kitaca,C7,6284,ファミリーマート,札幌南4条西5丁目店,
Kitaca,C7,6285,ファミリーマート,札幌南4条西5丁目店,
Kitaca,C7,62C8,ファミリーマート,札幌北1条西7丁目店,
Kitaca,C7,6408,ファミリーマート,札幌駅北口店,東カンビル 1F
Kitaca,C7,6409,ファミリーマート,札幌駅北口店,東カンビル 1F
Kitaca,C7,642C,ファミリーマート,札幌駅北口店,東カンビル 1F
Kitaca,C7,64EF,マクドナルド,札幌ヨドバシカメラ店,ヨドバシカメラマルチメディア札幌 1F
Kitaca,C7,67AC,マクドナルド,旭川宮前通店,
Kitaca,C7,6803,セイコーマート,ルートイングランド旭川店,
Kitaca,C7,6811,ファミリーマート,札幌白石本通3丁目店,
Kitaca,C7,6E75,セブン‐イレブン,上富良野栄町店,
Kitaca,C7,6E76,セブン‐イレブン,上富良野栄町店,
Kitaca,C7,6FAF,セブン‐イレブン,美瑛栄町店,
Kitaca,C7,6FB0,セブン‐イレブン,美瑛栄町店,
Kitaca,C7,7032,セブン‐イレブン,函館競馬場前店,
Kitaca,C7,7033,セブン‐イレブン,函館競馬場前店,
Kitaca,C7,721A,セブン‐イレブン,旭川5条19丁目店,
Kitaca,C7,721B,セブン‐イレブン,旭川5条19丁目店,
Kitaca,C7,7365,セブン‐イレブン,旭川永山6条店,
Kitaca,C7,7366,セブン‐イレブン,旭川永山6条店,
Kitaca,C7,74CA,セブン‐イレブン,上川風連店,
Kitaca,C7,74CB,セブン‐イレブン,上川風連店,
Kitaca,C7,753E,セブン‐イレブン,札幌南高校前店,
Kitaca,C7,753F,セブン‐イレブン,札幌南高校前店,
Kitaca,C7,765F,セブン‐イレブン,中富良野町店,
Kitaca,C7,7660,セブン‐イレブン,中富良野町店,
Kitaca,C7,76F6,セブン‐イレブン,北海道ST南小樽店,JR南小樽駅 駅舎内
Kitaca,C7,76F7,セブン‐イレブン,北海道ST南小樽店,JR南小樽駅 駅舎内
Kitaca,C7,7B65,セブン‐イレブン,函館宇賀浦町店,
Kitaca,C7,7B66,セブン‐イレブン,函館宇賀浦町店,
Kitaca,C7,7BA0,セブン‐イレブン,札幌南14条西15丁目店,
Kitaca,C7,7BA1,セブン‐イレブン,札幌南14条西15丁目店,
Kitaca,C7,7BC6,セブン‐イレブン,北海道ST旭川店,JR旭川駅(改札外) 東口改札口横
Kitaca,C7,7BC7,セブン‐イレブン,北海道ST旭川店,JR旭川駅(改札外) 東口改札口横
Kitaca,C7,7C16,セブン‐イレブン,旭川永山21丁目店,
Kitaca,C7,7C17,セブン‐イレブン,旭川永山21丁目店,
Kitaca,C7,7C38,セブン‐イレブン,富良野山部店,
Kitaca,C7,7C39,セブン‐イレブン,富良野山部店,
Kitaca,C7,7DDF,セブン‐イレブン,北海道ST東室蘭店,東室蘭駅 駅舎内(橋上駅舎2階コンコース、改札口付近)
Kitaca,C7,7DE0,セブン‐イレブン,北海道ST東室蘭店,東室蘭駅 駅舎内(橋上駅舎2階コンコース、改札口付近)
Kitaca,C7,7E6E,セブン‐イレブン,安平早来店,
Kitaca,C7,7F36,セブン‐イレブン,北海道ST JR白石店,JR白石駅
Kitaca,C7,AFF1,ホテルルートイン,旭川駅前一条通,
Kitaca,C7,AFF3,ホテルルートイン,札幌中央,
Kitaca,C7,B32E,快活CLUB,札幌狸小路店,札幌ナナイロ 6F
Kitaca,C7,B387,ミスタードーナツ,すすきのショップ,
Kitaca,C7,B45B,ブックオフ,札幌麻生駅前店,
Kitaca,C7,B49D,ミスタードーナツ,コーチャンフォー美しが丘ショップ,コーチャンフォー美しが丘店
Kitaca,C7,B4EB,ミスタードーナツ,旭川2条ショップ,
Kitaca,C7,B5A8,北海道新発見ファクトリー,,
Kitaca,C7,B7D6,LUCKY,岩内店,
Kitaca,C7,B7DA,LUCKY,岩内店,
Kitaca,C7,B8D5,ミスタードーナツ,JR札幌ショップ,JR札幌駅西コンコース
Kitaca,C7,B8D7,ミスタードーナツ,JR札幌ショップ,JR札幌駅
Kitaca,C7,B8FD,カレーハウスCoCo壱番屋,中央区すすきの店,
Kitaca,C7,B921,#BENTO CAFE#41°GARDEN,,
Kitaca,C7,BACD,ローソン,千歳駅前店,
Kitaca,C7,BAED,ローソン,釧路北大通店,
Kitaca,C7,BB10,ローソン,北見銀座通店,
Kitaca,C7,BB34,ローソン,旭川永山二丁目店,
Kitaca,C7,BB35,ローソン,旭川永山二丁目店,
Kitaca,C7,BC29,ローソン,函館深堀町店,
Kitaca,C7,BC2A,ローソン,函館深堀町店,
Kitaca,C7,BC41,ローソン,深川駅前店,
Kitaca,C7,BC42,ローソン,深川駅前店,
Kitaca,C7,BC4F,ローソン,札幌アピア店,
Kitaca,C7,BC5A,ローソン,旭川1条通七丁目店,
Kitaca,C7,BC5B,ローソン,旭川1条通七丁目店,
Kitaca,C7,BC8B,ローソン,新千歳空港到着口店,
Kitaca,C7,BC8C,ローソン,新千歳空港到着口店,
Kitaca,C7,BCDB,ローソン,中富良野町店,
Kitaca,C7,BCDC,ローソン,中富良野町店,
Kitaca,C7,BD00,ローソン,旭川2条八丁目店,
Kitaca,C7,BD01,ローソン,旭川2条八丁目店,
Kitaca,C7,BD44,ローソン,旭川1条四丁目店,
Kitaca,C7,BD45,ローソン,旭川1条四丁目店,
Kitaca,C7,BD97,ローソン,新千歳空港出発口店,新千歳空港国内線ターミナルビル2階
Kitaca,C7,BD98,ローソン,新千歳空港出発口店,新千歳空港国内線ターミナルビル2階
Kitaca,C7,BD99,ローソン,新千歳空港出発口店,新千歳空港国内線ターミナルビル2階
Kitaca,C7,BE0E,ローソン,札幌徳洲会病院店,札幌徳洲会病院1F
Kitaca,C7,BE0F,ローソン,札幌徳洲会病院店,札幌徳洲会病院1F
Kitaca,C7,BE75,ローソン,北彩都病院店,
Kitaca,C7,BE76,ローソン,北彩都病院店,
Kitaca,C7,BE9B,ローソン,北見大通西店,
Kitaca,C7,BEA0,ローソン,桑園駅東口店,桑園イーストプラザ
Kitaca,C7,BEA1,ローソン,桑園駅東口店,桑園イーストプラザ
Kitaca,C7,C289,ローソン,S帯広第一病院店,
Kitaca,C7,C28A,ローソン,S帯広第一病院店,
Kitaca,C7,C3D9,ローソン,札幌平和通三丁目店,
Kitaca,C7,C3DA,ローソン,札幌平和通三丁目店,
Kitaca,C7,C489,モスバーガー,旭川永山環状通り店,
Kitaca,C7,C4A6,モスバーガー,日本生命札幌ビル店,日本生命ビル B1F
Kitaca,C7,CB22,あいろーど厚田,,道の駅あいろーど厚田
Kitaca,C8,272B,自動販売機,#JR千歳/札沼/函館本線#札幌駅,1・2番ホーム西側
Kitaca,C8,273B,自動販売機,#JR千歳/札沼/函館本線#札幌駅,9・10番線ホーム東側
Kitaca,C8,2776,自動販売機,#JR札沼線#あいの里教育大駅,
Kitaca,C8,279A,自動販売機,#JR千歳線#新札幌駅,改札内待合室
Kitaca,C8,27B8,自動販売機,#JR千歳/札沼/函館本線#札幌駅,9・10番線ホーム
Kitaca,C8,27BB,自動販売機,#JR千歳/函館本線#白石駅,
Kitaca,C8,27DE,自動販売機,#JR千歳/札沼/函館本線#札幌駅,
Kitaca,C8,2882,コインロッカー,#JR千歳/札沼/函館本線#札幌駅,H列
Kitaca,C8,2C54,自動販売機,#JR札沼線#あいの里教育大駅,
Kitaca,C8,2E69,自動販売機,#JR千歳線#新札幌駅,
Kitaca,C8,2FCA,自動販売機,,桑園自動車学校
Kitaca,C8,3322,TSUTAYA,札幌駅西口店,サツエキBridge 2F
Kitaca,C8,3323,TSUTAYA,札幌駅西口店,サツエキBridge 2F
Kitaca,C8,3324,TSUTAYA,札幌駅西口店,サツエキBridge 2F
Kitaca,C8,3325,TSUTAYA,札幌駅西口店,サツエキBridge 2F
Kitaca,C8,3394,自動販売機,#JR札沼線#あいの里教育大駅,
Kitaca,C8,86BB,自動販売機,#JR札沼線#あいの里教育大駅,
Kitaca,C8,86D6,自動販売機,#北海道新幹線/JR函館本線#新函館北斗駅,南口1F
Kitaca,C8,8708,松屋,買物公園通店,
PASMO,C7,0D4E,セブン‐イレブン,京急ST青物横丁店,
PASMO,C7,0D61,ファミリーマート,相鉄横浜駅店,
PASMO,C7,0D62,ファミリーマート,相鉄横浜駅店,
PASMO,C7,0D63,ファミリーマート,相鉄横浜駅店,
PASMO,C7,0D64,ファミリーマート,相鉄横浜駅店,
PASMO,C7,0D83,エクセルシオール カフェ バリスタ,渋谷マークシティ店,4F
PASMO,C7,0D84,エクセルシオール カフェ バリスタ,渋谷マークシティ店,4F
PASMO,C7,0D8F,ファミリーマート,花小金井北口店,西武新宿線花小金井駅1階外
PASMO,C7,0D90,ファミリーマート,花小金井北口店,西武新宿線花小金井駅1階外
PASMO,C7,0D98,ファーストキッチン,京王フレンテ新宿3丁目店,京王フレンテ新宿3丁目 地下1F
PASMO,C7,0D9A,ファーストキッチン,京王フレンテ新宿3丁目店,京王フレンテ新宿3丁目 地下1F
PASMO,C7,0DF0,セブン‐イレブン,京急ST横浜中央改札店,京急横浜駅構内
PASMO,C7,0DF9,ドトールコーヒーショップ,初台北口店,
PASMO,C7,0DFC,セブン‐イレブン,京急ST品川下り中央店,京急品川駅構内下りホーム
PASMO,C7,0E08,マツモトキヨシ,池袋ショッピングパーク店,
PASMO,C7,0E09,マツモトキヨシ,池袋ショッピングパーク店,
PASMO,C7,0E0A,マツモトキヨシ,池袋ショッピングパーク店,
PASMO,C7,0E76,セブン‐イレブン,横浜レイディアント店,
PASMO,C7,0EAA,セブン‐イレブン,川崎小田栄1丁目店,
PASMO,C7,0EAB,セブン‐イレブン,川崎小田栄1丁目店,
PASMO,C7,0EAD,ぴょんぴょん舎 Te-su,,
PASMO,C7,0EF5,京王タクシー,,
PASMO,C7,0EFE,セブン‐イレブン,京急ST川崎中央店,京急川崎駅改札内
PASMO,C7,0F1E,セブン‐イレブン,京急ST羽田第2ターミナル店,羽田空港国内線ターミナル駅
PASMO,C7,0F60,東急ストア,戸塚東急ストア,
PASMO,C7,0F67,東急ストア,戸塚東急ストア,
PASMO,C7,0F94,白洋舍,調布サービス店,
PASMO,C7,1030,ケンタッキーフライドチキン,三鷹店,
PASMO,C7,1037,ACCESS,鬼怒川温泉売店,鬼怒川温泉駅 構内
PASMO,C7,1073,東急ストア,大岡山東急ストア,
PASMO,C7,10C0,ファミリーマート,エキア曳舟店,
PASMO,C7,10C1,ファミリーマート,エキア曳舟店,
PASMO,C7,10C2,ファミリーマート,エキア曳舟店,
PASMO,C7,11FE,京王ストアエクスプレス,明大前店,
PASMO,C7,1201,京王ストアエクスプレス,明大前店,
PASMO,C7,122C,サンクス,西麻布店,
PASMO,C7,122D,サンクス,西麻布店,
PASMO,C7,1288,ファミリーマート,京成幕張本郷駅構内店,改札外脇
PASMO,C7,1289,ファミリーマート,京成幕張本郷駅構内店,改札外脇
PASMO,C7,1292,ファミリーマート,成田空港駅店,空港第一ビルB1F
PASMO,C7,1293,ファミリーマート,成田空港駅店,空港第一ビルB1F
PASMO,C7,1294,ファミリーマート,空港第2ビル駅店,京成空港第2ビル駅(改札外) 改札口向
PASMO,C7,1295,ファミリーマート,空港第2ビル駅店,京成空港第2ビル駅(改札外) 改札口向
PASMO,C7,12B3,セブン‐イレブン,京急STみなとみらい横浜駅店,横浜駅改札内
PASMO,C7,12D7,セブン‐イレブン,京急ST三崎口店,
PASMO,C7,12D9,ファミリーマート,京成幕張本郷駅店,改札外正面
PASMO,C7,12DA,ファミリーマート,京成幕張本郷駅店,改札外正面
PASMO,C7,12DB,ファミリーマート,京成幕張本郷駅店,改札外正面
PASMO,C7,1346,プレッセプレミアム,東京ミッドタウン店,
PASMO,C7,13A9,ポンパドウル,池袋ショッピングパーク店,
PASMO,C7,13AD,東急ストア,目黒店,
PASMO,C7,1415,東急ストア,立川駅南口東急ストア,アレアレア2 (2階)
PASMO,C7,1417,東急ストア,立川駅南口東急ストア,アレアレア2 (2階)
PASMO,C7,14CB,セブン‐イレブン,京急ST横須賀中央東口店,
PASMO,C7,1506,トモニー,池袋駅B2号店,西武池袋駅 地下改札外
PASMO,C7,152B,スターバックスコーヒー,二子玉川 蔦屋家電店,一階
PASMO,C7,1595,ミスタードーナツ,池袋ショッピングパークショップ,
PASMO,C7,1601,スターバックスコーヒー,池袋ショッピングパーク北館店,
PASMO,C7,1715,東急ストア,調布とうきゅう,1階
PASMO,C7,1717,東急ストア,調布とうきゅう,1階
PASMO,C7,173E,龍盛菜館,渋谷店,
PASMO,C7,1798,ドトールコーヒーショップ,みなとみらい駅店,駅構内
PASMO,C7,17E6,無印良品,レミィ五反田,
PASMO,C7,1875,真光書店,北口本店,1F
PASMO,C7,19F8,おむすび権米衛,御茶ノ水ソラシティ店,
PASMO,C7,1A0C,#食事処#味の浜藤,東横のれん街,イートイン
PASMO,C7,1A2B,kawara CAFE&KITCHEN +PLUS,渋谷駅東急東横店,
PASMO,C7,1DD7,足立タクシー,,
PASMO,C7,1E15,SHIBUYA TSUTAYA,,6F
PASMO,C7,2562,はなまるうどん,横浜ポルタ店,横浜ポルタ B1
PASMO,C7,2677,セブン‐イレブン,京急STみなとみらい横浜南改札店,みなとみらい線横浜駅
PASMO,C7,2716,カレーショップ C&C,有楽町店,
PASMO,C7,2718,メトロス,渋谷2号売店,JR渋谷駅 中央改札向かい
PASMO,C7,2795,京急ステーションストア,花月園駅店,京急花月園前駅改札内
PASMO,C7,2797,ヴィ・ド・フランス,浅草橋店,都営浅草橋駅内
PASMO,C7,27A7,オリオン書房,上石神井店,
PASMO,C7,27B3,京急ステーションストア,能見台駅店,能見台駅 改札口横
PASMO,C7,27B8,イタリアン・トマト CafeJr.,西武拝島店,西武拝島駅(改札外) 東西通路
PASMO,C7,2848,ファミリーマート,ふじみ野駅店,
PASMO,C7,287F,#ベーカリー&カフェ#ルパ,永福町店,リトナード永福町 2階
PASMO,C7,289C,メトロス,渋谷駅半蔵門線ホーム錦糸町寄り店,
PASMO,C7,28E0,地下鉄博物館ミュージアムショップ,,
PASMO,C7,2908,御岳山駅売店,,御岳登山鉄道御岳山駅 改札前
PASMO,C7,2910,ミスターミニット,東京メトロ 六本木一丁目,
PASMO,C7,2915,サンマルクカフェ,西新宿メトロ店,
PASMO,C7,291F,天丼てんや,エキア北千住店,東武北千住駅 改札内 2階コンコース
PASMO,C7,293D,生活彩家,後楽園駅ビル店,
PASMO,C7,2943,Sweets Mode,明大前店,井の頭線下りホーム
PASMO,C7,2963,とんかつ和幸,メトロエム後楽園店,
PASMO,C7,2975,カトープレジャーグループ,日の陣/いち膳/鉄板ラッシュ!,Echika fit 永田町
PASMO,C7,2979,T-Crossing,,Echika fit永田町
PASMO,C7,298D,洋菓子のヒロタ,Echika 表参道店,
PASMO,C7,29B8,洋菓子のヒロタ,フレンテ明大前店,井の頭線下りホーム
PASMO,C7,29BC,はらドーナッツ+ジューススタンド,フレンテ明大前店,井の頭線下りホーム
PASMO,C7,29C3,東京スカイツリー,4F当日券売場,
PASMO,C7,29E8,カレーショップ C&C,渋谷店,
PASMO,C7,29EC,SKYTREE CAFE,,東京スカイツリー天望デッキフロア350
PASMO,C7,2A78,ラップドクレープ コロット,新宿京王モールアネックス店,
PASMO,C7,2A98,御岳山,御岳登山鉄道,改札口
PASMO,C7,2A9B,滝本,御岳登山鉄道,改札口
PASMO,C7,2B0C,Odakyu SHOP,町田西口店,西口改札外 改札脇
PASMO,C7,2B0D,Odakyu SHOP,町田西口店,西口改札外 改札脇
PASMO,C7,2B18,Odakyu SHOP,大和改札前店,小田急改札内
PASMO,C7,2B1D,Odakyu SHOP,新宿南口改札外店,
PASMO,C7,2B2C,Odakyu SHOP,アジュール新宿西口店,
PASMO,C7,2B2D,Odakyu SHOP,アジュール新宿西口店,
PASMO,C7,2B2E,Odakyu SHOP,アジュール新宿西口店,
PASMO,C7,2B2F,Odakyu SHOP,アジュール新宿西口店,
PASMO,C7,2B3A,駿河屋本舗,鎌倉駅店,江ノ電鎌倉駅構内
PASMO,C7,2C4F,京急ストア,追浜店,サンビーチ追浜 地下1階
PASMO,C7,2DBC,もとまちユニオン,六本木店,
PASMO,C7,2E0F,もとまちユニオン,六本木店,
PASMO,C7,2E2F,荏原交通,玉川営業所,
PASMO,C7,2F15,ポプラ,池尻大橋店,
PASMO,C7,3072,生活彩家,貿易センター ビル店,世界貿易センタービルBF
PASMO,C7,30C6,ポプラ,千葉新港店,
PASMO,C7,30C7,ポプラ,千葉新港店,
PASMO,C7,3144,セブン‐イレブン,横浜弘明寺口店,
PASMO,C7,356B,ロッテリア,アリコベール上尾店,
PASMO,C7,3570,#コンビニ#アロハ,,新百合ヶ丘総合病院1F
PASMO,C7,359B,リブレ京成,江戸川駅前店,
PASMO,C7,35CF,リブレ京成,八千代台ユアエルム店,ユアエルム八千代台店1階
PASMO,C7,35EC,ロッテリア,池袋東口店,
PASMO,C7,35F4,京樽,長津田東急コンコース,
PASMO,C7,35F5,ニックニックアーティクル,,
PASMO,C7,35F8,筑波観光鉄道,宮脇,筑波山鋼索鉄道線
PASMO,C7,3652,ココカラファイン,池尻大橋店,
PASMO,C7,3671,ココカラファイン,目黒店,
PASMO,C7,36A9,Soup Stock Tokyo,渋谷マークシティ店,
PASMO,C7,36B1,カレーショップ C&C,新線新宿店,新線新宿駅コンコース
PASMO,C7,36B6,タワーレコード,新宿店,7階
PASMO,C7,3702,ココカラファイン,目黒大橋店,
PASMO,C7,3711,ココカラファイン,千歳船橋南口店,
PASMO,C7,3721,タリーズコーヒー,芝NBFタワー店,
PASMO,C7,3787,ブックオフ,川崎モアーズ店,3F売場
PASMO,C7,37D1,大戸屋,渋谷宮益坂店,
PASMO,C7,38CA,フタバ快生堂薬局,,
PASMO,C7,38E7,渋谷KU歯科,,
PASMO,C7,399B,toks,日吉改札口,東急日吉駅改札外コンコース
PASMO,C7,39B4,toks,#東急田園都市線#渋谷駅,田園都市線渋谷駅 B2コンコース
PASMO,C7,3A2A,タリーズコーヒー,神保町店,
PASMO,C7,3A34,タリーズコーヒー,渋谷東急本店前店,
PASMO,C7,3A4F,タリーズコーヒー,横浜市立みなと赤十字病院店,
PASMO,C7,3A5E,toks,二子玉川上りホーム店,二子玉川駅上りホーム
PASMO,C7,3A73,toks,渋谷田園都市改札口,田園都市線渋谷駅B2コンコース
PASMO,C7,3A91,タリーズコーヒー,東京ドームシティ店,
PASMO,C7,3ACA,ワイン食堂,六本木店,
PASMO,C7,3B49,タリーズコーヒー,池尻大橋店,
PASMO,C7,442F,ローソン,六本木三丁目店,
PASMO,C7,4430,ローソン,六本木三丁目店,
PASMO,C7,4943,すき家,虎ノ門四丁目店,
PASMO,C7,49CA,すき家,六本木五丁目店,
PASMO,C7,4DE2,ナチュラルローソン,銀座並木通店,
PASMO,C7,4DE3,ナチュラルローソン,銀座並木通店,
PASMO,C7,534C,ローソン,西麻布三丁目店,
PASMO,C7,5A79,大戸屋,六本木一丁目店,
PASMO,C7,5D13,セブン‐イレブン,銀座地下街店,
PASMO,C7,5D14,セブン‐イレブン,銀座地下街店,
PASMO,C7,5D16,セブン‐イレブン,銀座地下街店,
PASMO,C7,6208,JPローソン,深川郵便局店,
PASMO,C7,7C4B,国際自動車,羽田営業所,
PASMO,C7,81B4,ちよだ鮨,住吉店,
PASMO,C7,81F0,アピア生鮮館,アピア地下1階,
PASMO,C7,86A1,ゴディバ,新宿駅西口店,
PASMO,C7,86A7,旧古河庭園,,
PASMO,C7,86AD,セリア,妙典店,
PASMO,C7,86B3,足利観光交流館 あし・ナビ,,足利市駅構内
PASMO,C7,86BC,METRO'S,半渋谷F売店,半蔵門線渋谷駅ホーム
PASMO,C7,86D2,Merci,#都営地下鉄大江戸線#光が丘駅,B1階改札内(トイレ横)
PASMO,C7,86D9,売店,#半蔵門線#押上駅,
PASMO,C7,86E6,キャンドゥ,新横浜プリンスペペ店,
PASMO,C7,873E,大山ケーブル,大山観光電鉄,大山鋼索線
PASMO,C7,8747,SHIBUYA TSUTAYA,,
PASMO,C7,8759,OMO KINOKUNIYA,Echika 表参道店,
PASMO,C7,8762,toks,目黒改札口店,B3コンコース
PASMO,C7,8775,コインスペース,マークシティ渋谷,渋谷マークシティ内
PASMO,C7,8776,フレッシュベーカリー神戸屋,メトロ新宿駅店,
PASMO,C7,8777,toks,代官山改札口,代官山駅改札外
PASMO,C7,8778,コクミンドラッグ,新宿メトロ店,
PASMO,C7,877D,ドーナッツプラント,有楽町店,東京国際フォーラム1FホールC
PASMO,C7,8780,#焼きたてチーズタルト専門店#PABLO,新宿店,
PASMO,C7,8785,#本家#しぶそば,,東急百貨店 東横店 西館2F
PASMO,C7,87AC,スターバックスコーヒー,西武新宿PePe店,西武新宿駅3階
PASMO,C7,87B7,メトロス,新宿駅ホーム西店,丸ノ内線新宿駅ホーム
PASMO,C7,87E3,ドトールコーヒーショップ,京王多摩センター店,京王多摩センターSC
PASMO,C7,883C,A LoT,調布上りホーム店,京王線調布駅
PASMO,C7,883D,A LoT,調布下りホーム店,京王線調布駅
PASMO,C7,8852,ロッテリア,川崎地下街アゼリア店,
PASMO,C7,886F,A LoT,渋谷第1店,京王井の頭線渋谷駅ホーム
PASMO,C7,8872,K-Shop,明大前店,改札内
PASMO,C7,8874,K-shop,渋谷店,
PASMO,C7,8876,A LoT,明大前第2店,京王明大前駅構内
PASMO,C7,8878,A LoT,明大前京王線下りホーム店,
PASMO,C7,8887,ヴィ・ド・フランス,曳舟店,
PASMO,C7,888C,#コリアンキッチン#シジャン,川崎アゼリア店,
PASMO,C7,88A2,カレーショップ C&C,新宿本店,京王線新宿駅構内 京王西口改札外・広場口改札脇
PASMO,C7,88C6,PXオリオン,みなとみらい横浜店,みなとみらい線横浜駅
PASMO,C7,88D5,天丼てんや,多摩センター店,小田急マルシェ多摩センター1F
PASMO,C7,8905,神戸屋キッチンエクスプレス,トリエ京王調布店,トリエ京王調布 A館1階
PASMO,C7,8970,京王ストアエクスプレス,調布店,
PASMO,C7,8971,京王ストアエクスプレス,調布店,
PASMO,C7,897C,文明堂,明大前店,井の頭線下りホーム
PASMO,C7,898A,#食品館#まいにちマルシェ,スーパーマーケット 共通レジ,MARK IS みなとみらいB1F
PASMO,C7,89C1,京急ストア,ハイランド店,
PASMO,C7,89D4,もとまちユニオン,六本木店,
PASMO,C7,89D5,もとまちユニオン,六本木店,
PASMO,C7,89D6,もとまちユニオン,六本木店,
PASMO,C7,8C37,#熱烈中華食堂#日高屋,柏駅東口店,JR川崎駅改札内
PASMO,C7,8DCD,ヤマト運輸,六本木3丁目センター,
PASMO,C7,93E4,デイリーヤマザキ,六本木5丁目店,
PASMO,C7,A97D,上島珈琲店,六本木テレ朝通り店,
PASMO,C7,AC08,セブン‐イレブン,東京ミッドタウン店,ミッドタウン・イーストB1F
PASMO,C7,AEC6,上島珈琲店,大船店,
PASMO,C7,AECC,ミスタードーナツ,京王八王子駅前ショップ,
PASMO,C7,AECD,ミネドラッグ,狛江店,
PASMO,C7,AED3,ミニプラ,新木場メトロピア店,
PASMO,C7,AEED,ミスタードーナツ,下北沢ショップ,
PASMO,C7,AEFB,ミスタードーナツ,藤沢駅前ショップ,
PASMO,C7,AF12,ミネドラッグ,調布店,
PASMO,C7,AF13,ミネドラッグ,調布店,
PASMO,C7,AF1E,京樽,明大前京王店,改札内コンコース
PASMO,C7,AF2B,まいばすけっと,六本木1丁目店,
PASMO,C7,AF2C,まいばすけっと,六本木1丁目店,
PASMO,C7,AF65,カレーショップ C&Cダイニング,東京ビッグサイト店,
PASMO,C7,AF7D,カレーハウスCoCo壱番屋,渋谷区桜丘町店,
PASMO,C7,AF7E,カレーハウスCoCo壱番屋,千代田区麹町店,
PASMO,C7,AF90,さくら市場館,府中フォーリス店,
PASMO,C7,AFC9,トモズ,成城コルティ店,
PASMO,C7,AFDC,モスバーガー,調布南口店,
PASMO,C7,AFEC,生鮮市場,京王八王子SC,
PASMO,C7,AFFF,ローソン,溜池山王メトロピア店,溜池山王駅改札内
PASMO,C7,B001,ローソン,神保町メトロピア店,
PASMO,C7,B01D,ローソン,新富町メトロピア店,
PASMO,C7,B033,ローソン,メトロス新木場店,有楽町線新木場駅構内
PASMO,C7,B035,ローソン,メトロス飯田橋店,東西線飯田橋駅構内
PASMO,C7,B03D,ローソン,メトロス後楽園店,後楽園駅改札内
PASMO,C7,B03E,ローソン,メトロス後楽園店,後楽園駅改札内
PASMO,C7,B043,#なんでも酒や#カクヤス,祖師ケ谷大蔵店,
PASMO,C7,B05C,カレーハウスCoCo壱番屋,プレナ幕張店,プレナ幕張
PASMO,C7,B063,ローソン,Echika池袋店,池袋駅副都心線和光市方面改札 改札外 東方向
PASMO,C7,B077,カレーハウスCoCo壱番屋,ミスターマックス新習志野店,ミスターマックス新習志野店2階
PASMO,C7,B07D,カレーハウスCoCo壱番屋,千葉中央駅東口店,
PASMO,C7,B07F,モスバーガー,千歳船橋北口点,
PASMO,C7,B0AE,足柄SA(下り線),ショッピングプラザ,#東名高速道路#足柄SA下り線
PASMO,C7,B0B2,ローソン,メトロス表参道店,
PASMO,C7,B0B3,ローソン,メトロス表参道店,
PASMO,C7,B0B9,ローソン,メトロス新宿西口店,
PASMO,C7,B0C7,ローソン,メトロス行徳店,
PASMO,C7,B0C8,ローソン,メトロス行徳店,
PASMO,C7,B0CC,コメダ珈琲店,新宿御苑前店,
PASMO,C7,B0D1,石川PA(下り),ショッピングコーナー,#中央自動車道#石川PA下り線
PASMO,C7,B0EF,SORADONKI,羽田空港店,
PASMO,C7,B125,相鉄ローゼン,センター南駅前店,
PASMO,C7,B135,コクミンドラッグ,京王モールアネックス新宿店,
PASMO,C7,B138,ダイソー,京王モールアネックス店,
PASMO,C7,B175,ローソン,飯田橋メトロピア店,
PASMO,C7,B17B,OAK plaza,1階(KITCHEN),
PASMO,C7,B1D4,NEW YORKER'S Cafe,調布北口店,
PASMO,C7,B1D9,厚木PA(外回り),ショッピングコーナー,#首都圏中央連絡自動車道#境川PA上り線
PASMO,C7,B1E2,ミネドラッグ,調布店,
PASMO,C7,B1E3,ミネドラッグ,調布店,
PASMO,C7,B1ED,ミネドラッグ,下北沢南店,
PASMO,C7,B1FA,M1プレート,海老名SA店,EXPASA海老名
PASMO,C7,B236,ポポラマーマ,フレスポ若葉台店,
PASMO,C7,B23F,ミスタードーナツ,センター北駅前ショップ,
PASMO,C7,B26C,ミスタードーナツ,花小金井南口ショップ,
PASMO,C7,B26F,Kショップガーデン,,
PASMO,C7,B283,ダイソー,フレスポ八潮店,フレスポ八潮3階 西側
PASMO,C7,B29B,ローソン,メトロス渋谷店,東急・メトロ ハチ公改札向かい 7a出口近く
PASMO,C7,B29C,ローソン,メトロス渋谷店,東急・メトロ ハチ公改札向かい 7a出口近く
PASMO,C7,B30B,ポポラマーマ,調布店,
PASMO,C7,B3A0,成城石井,下北沢西口店,
PASMO,C7,B3CD,ジーストア,アキバ,
PASMO,C7,B50E,LAWSON+toks,横浜駅店,東横線横浜駅改札外正面
PASMO,C7,B5B4,モスバーガー,渋谷道玄坂店,
PASMO,C7,B5B5,モスバーガー,渋谷道玄坂店,
PASMO,C7,B5B6,モスバーガー,渋谷道玄坂店,
PASMO,C7,B799,タリーズコーヒー,お台場デックス店,
PASMO,C7,B79B,マツモトキヨシ,デックス東京ビーチ店,
PASMO,C7,B79C,マツモトキヨシ,デックス東京ビーチ店,
PASMO,C7,B852,伊豆・三津シーパラダイス,,売店
PASMO,C7,B855,ヤマザキショップ,伊豆長岡駅店,伊豆箱根鉄道伊豆長岡駅構内
PASMO,C7,B876,カレーハウスCoCo壱番屋,吉祥寺サンロード店,
PASMO,C7,B8AD,ミネドラッグ,永山駅前タワー店,1階
PASMO,C7,B8BB,ミネドラッグ,聖蹟桜ヶ丘店,
PASMO,C7,B8E4,モスバーガー,渋谷円山町店,
PASMO,C7,B8E5,モスバーガー,渋谷円山町店,
PASMO,C7,B991,ビアードパパ,花小金井駅店,2階改札口
PASMO,C7,BA0E,カレーハウスCoCo壱番屋,東京メトロ六本木駅前店,
PASMO,C7,BA48,えびな「蔵市」,,#東名高速道路#海老名SA(下り線)
PASMO,C7,BB11,とらのあな,秋葉原店A,
PASMO,C7,BB12,とらのあな,秋葉原店A,
PASMO,C7,BB15,とらのあな,秋葉原店A,B1Fレジ
PASMO,C7,BB1A,とらのあな,秋葉原店B,2Fレジ
PASMO,C7,BB36,とらのあな,新宿店A,
PASMO,C7,BB44,とらのあな,横浜店,
PASMO,C7,BB45,とらのあな,横浜店,
PASMO,C7,BB48,とらのあな,札幌店,
PASMO,C7,BB49,とらのあな,仙台店,
PASMO,C7,BB52,とらのあな,名古屋店,1Fレジ
PASMO,C7,BB55,とらのあな,名古屋店,2Fレジ
PASMO,C7,BB57,とらのあな,名古屋店,4Fレジ
PASMO,C7,BB58,とらのあな,名古屋店,7Fレジ
PASMO,C7,BB5A,とらのあな,福岡店,
PASMO,C7,BF2E,餃子の王将,渋谷ハチ公口店,
PASMO,C7,C055,まんだらけ,コンプレックス,
PASMO,C7,C4AF,メロンブックス,大阪日本橋店,
PASMO,C7,C4B1,メロンブックス,秋葉原1号店,
PASMO,C7,C4C1,メロンブックス,新宿店,
PASMO,C7,CEC0,ドン・キホーテ,六本木店,
PASMO,C7,CEC1,ドン・キホーテ,六本木店,
PASMO,C7,CEC3,ドン・キホーテ,六本木店,
PASMO,C7,CEC5,ドン・キホーテ,六本木店,
PASMO,C7,CEC8,ドン・キホーテ,六本木店,
PASMO,C7,D4CD,幸楽苑,日本橋桜通店,
PASMO,C7,D4CE,幸楽苑,六本木店,
PASMO,C7,DEEC,ドン・キホーテ,六本木店,
PASMO,C7,E232,洋服の青山,新橋烏森口店,
PASMO,C7,F1FC,ジョナサン,牛浜店,
PASMO,C7,F241,ジョナサン,渋谷駅新南口店,東急ステイ渋谷新南口1F
PASMO,C7,F24C,ジョナサン,芝公園店,穴水ビル2F
PASMO,C7,F28B,ジョナサン,渋谷桜丘店,
PASMO,C7,FBAA,国際自動車,三鷹営業所,
PASMO,C8,1300,自動販売機,南平台ビル,
PASMO,C8,133A,自動販売機,京王コインパーク 神泉円山町,
PASMO,C8,2428,自動販売機,日交渋谷南平台ビル,1F裏口
PASMO,C8,2456,自動販売機,RUIDO K2,
PASMO,C8,2744,カレーショップ C&C,京王高幡SC店,
PASMO,C8,2748,カレーショップ C&C,フレンテ明大前店,
PASMO,C8,2749,高幡そば,明大前店,#京王線#明大前駅
PASMO,C8,276B,#名代#箱根そば,大和店,
PASMO,C8,2776,自動販売機,#小田急小田原線#秦野駅,上りホーム
PASMO,C8,2785,#名代#箱根そば,成城学園前店,成城学園前駅西口改札外南側
PASMO,C8,2786,自動販売機,#東武#久喜駅,1·2番ホーム鷲宮寄り
PASMO,C8,27B0,自動販売機,#北総鉄道#白井駅,ホーム高砂寄り
PASMO,C8,27D1,自動販売機,#京王井の頭線#神泉駅,改札外
PASMO,C8,27F2,コインロッカー,豊洲駅1,有楽町線豊洲駅6番出口付近
PASMO,C8,27F3,しぶそば,市が尾店,
PASMO,C8,27F7,自動販売機,#相鉄#湘南台駅,ホーム
PASMO,C8,2814,自動販売機,#東武鉄道#春日部駅,
PASMO,C8,281C,#名代#箱根そば,マルシェ新百合ヶ丘店,新百合ヶ丘駅中央東口改札内
PASMO,C8,2832,#名代#箱根そば,愛甲石田店,愛甲石田駅改札口前(橋上駅舎2階コンコース内)
PASMO,C8,2834,#名代#箱根そば,百合ヶ丘店,
PASMO,C8,2880,カレーショップ C&C,調布南口店,
PASMO,C8,2897,カレーショップ C&C,笹塚店,
PASMO,C8,289B,高幡そば,高幡不動駅店,#京王線#高幡不動駅改札内
PASMO,C8,28A5,自動販売機,西武スマイルパーク,西所沢駅前第二駐輪場横
PASMO,C8,28F6,自動販売機,尾山台駅,1番線ホーム
PASMO,C8,2939,自動販売機,京成東成田駅,ホーム
PASMO,C8,294D,高尾登山電鉄,山麓駅,リフト乗車券売場
PASMO,C8,295F,自動販売機,#東急大井町線#戸越公園駅,南口改札
PASMO,C8,2966,PASMOチャージ機,#御岳登山鉄道#滝本駅,
PASMO,C8,2973,自動販売機,#西武池袋線#西所沢駅,4番ホーム上(化粧室脇)
PASMO,C8,29A3,しぶそば,あざみ野店,東急田園都市線あざみ野駅改札内
PASMO,C8,29E7,タイムズ,お花茶屋駅前,
PASMO,C8,2A0B,コインロッカー,新宿西口広場,
PASMO,C8,2A2D,自動販売機,東京ビッグサイト,東3ホール前ガレリア 入り口とトイレの間
PASMO,C8,2A37,#名代#富士そば,秋葉原電気街店,
PASMO,C8,2A38,#名代#富士そば,大井町駅前店,
PASMO,C8,2A94,#名代#富士そば,千葉店,稲葉ビル1階
PASMO,C8,2ABE,#名代#富士そば,昭和通り店,
PASMO,C8,2ADA,京王れーるランド,,
PASMO,C8,2AE7,京成サイクルパーク,四ツ木駅高架下,
PASMO,C8,2B5A,自動販売機,#東武鉄道#加須駅,
PASMO,C8,2C2F,東武博物館,,
PASMO,C8,2C77,しぶそば,中央林間店,東急田園調布線 中央林間駅構内
PASMO,C8,2D33,自動販売機,#横浜市営地下鉄 ブルーライン#中田駅,
PASMO,C8,2D3D,自動販売機,#横浜市営地下鉄 ブルーライン#中田駅,
PASMO,C8,2DEC,地下鉄博物館,入館券自動券売機,
PASMO,C8,2DEE,カレーショップ C&C,Echika fit 永田町店,永田町駅改札内
PASMO,C8,2DEF,カレーショップ C&C,Echika fit 永田町店,永田町駅改札内
PASMO,C8,2E1D,リンガーハット,大門店,券売機
PASMO,C8,2E74,リンガーハット,渋谷南口店,
PASMO,C8,2F85,自動販売機,#横浜市営地下鉄 ブルーライン#中田駅,
PASMO,C8,2F9A,しぶそば,武蔵小杉店,東急武蔵小杉駅改札内
PASMO,C8,302B,自動販売機,#横浜高速鉄道 みなとみらい線#日本大通り駅,改札外
PASMO,C8,31F5,自動販売機,渋谷区立桜丘公園,
PASMO,C8,86A7,自動販売機,弥生台駅,2番線ホーム 階段わき
PASMO,C8,86AF,西武スマイルパーク,富士見台駅前第1駐輪場,
PASMO,C8,86B0,西武スマイルパーク,富士見台駅前第2駐輪場,
PASMO,C8,86B2,西武スマイルパーク,富士見台駅前第3駐輪場,
PASMO,C8,86BB,自動販売機,ゆりかもめ青海駅,改札外 4番改札側
PASMO,C8,86C4,自動販売機,#新京成新京成線#五香駅,改札内
PASMO,C8,86CF,自動販売機,#秩父鉄道秩父本線#三峰口駅,改札外
PASMO,C8,86F4,自動販売機,#西武池袋/狭山線#西所沢駅,構内
PASMO,C8,86F5,箱根そば本陣,新宿駅本店,小田急新宿駅
PASMO,C8,8752,タイムズ,プライムギャラリーみなとみらい,
PASMO,C8,8779,#名代#富士そば,三光町店,
PASMO,C8,87A0,西武スマイルパーク,東大和市駅前第1駐輪場 精算機,西武拝島線 東大和市駅前
PASMO,C8,87F4,渋谷道玄坂自転車駐車場,B/C/Dエリア,渋谷マークシティ敷地内
PASMO,C8,87F5,渋谷道玄坂自転車駐車場,Aエリア,渋谷マークシティ敷地内
PASMO,C8,8818,#名代#富士そば,国立店,国立駅北口
PASMO,C8,8838,#名代#富士そば,立川店,フロム中武1階
PASMO,C8,8844,自動販売機,横浜市交通局緑営業所内,
PASMO,C8,8865,カレーショップ C&C,多摩センター店,京王多摩センターSC
PASMO,C8,889D,自動販売機,鶴巻温泉駅,北口改札口
PASMO,C8,88AE,自動販売機,桝屋酒店,
PASMO,C8,88BE,カレーショップ C&C,秋葉原店,
PASMO,C8,88BF,カレーショップ C&C,秋葉原店,
PASMO,C8,88E2,カレーショップ C&C,フレンテ明大前店,
PASMO,C8,88E3,カレーショップ C&C,調布南口店,
PASMO,C8,8932,自動販売機,#東急東横/目黒線#日吉駅,
PASMO,C8,8946,わぉん。,ドンブリ/たちのみ,小田急新宿駅 地下コンコース
PASMO,C8,894C,カレーショップ C&C,新木場メトロピア店,
PASMO,C8,894D,カレーショップ C&C,新木場メトロピア店,
PASMO,C8,8970,えきめんや,追浜店,京急追浜駅 改札口横
PASMO,C8,8972,えきめんや,京急久里浜店,京急久里浜駅
PASMO,C8,8973,えきめん茶屋,三崎口店,京急三崎口駅
PASMO,C8,89CF,だし茶漬け えん,高田馬場メトロピア店,東京メトロ東西線 高田馬場駅コンコース
PASMO,C8,89FE,電車とバスの博物館,入館券販売機,4階エントランス
PASMO,C8,8A70,めとろ庵,新木場店,メトロ新木場駅改札内
PASMO,C8,8A92,東京都観光汽船,有明旅客ターミナル,
PASMO,C8,8A9B,#名代#箱根そば,海老名店,
PASMO,C8,8AEE,お客様駐輪場【B】,西友 花小金井店,
PASMO,C8,8B79,秩父わらじかつ亭,,西武秩父駅前温泉 祭の湯 フードコート内
PASMO,C8,8CF2,自動販売機,渋谷BEAM,1F よしもと側出口
PASMO,C8,8D56,自動販売機,渋谷TSKビル,
PASMO,C8,A5E0,PASMOチャージ機,#御岳登山鉄道#御岳山駅改札口,
PASMO,C8,A9CB,リンガーハット,渋谷道玄坂店,
SUGOCA,C7,0117,セブン‐イレブン,DR福岡西中洲ダイワロイネットホテル店,福岡西中洲ダイワロイネットホテル1階
SUGOCA,C7,012C,マクドナルド,天神ビブレ店,
SUGOCA,C7,0176,ファミリーマート,JR博多駅2ホーム店,JR博多駅(在来線改札内) 第2ホーム(3·4番線)
SUGOCA,C7,0177,ファミリーマート,JR博多駅2ホーム店,JR博多駅(在来線改札内) 第2ホーム(3·4番線)
SUGOCA,C7,03C2,吉野家,福岡空港国際ターミナル店,福岡空港国際線ターミナルビル1階 到着ロビー
SUGOCA,C7,03E6,セブン‐イレブン,博多住吉4丁目店,
SUGOCA,C7,03E7,セブン‐イレブン,博多住吉4丁目店,
SUGOCA,C7,03FD,ファミリーマート,JR和白駅前店,
SUGOCA,C7,03FE,ファミリーマート,JR和白駅前店,
SUGOCA,C7,0458,セブン‐イレブン,福岡春吉橋店,
SUGOCA,C7,0459,セブン‐イレブン,福岡春吉橋店,
SUGOCA,C7,045A,セブン‐イレブン,福岡春吉橋店,
SUGOCA,C7,087C,セブン‐イレブン,博多駅中央街店,
SUGOCA,C7,165D,マックスバリュエクスプレス,南福岡駅店,
SUGOCA,C7,1686,イオン,香椎浜店,2階靴売場
SUGOCA,C7,1698,イオン,香椎浜店,2階衣料品売場
SUGOCA,C7,170D,ラーメン凪,福岡空港店,福岡空港国内線ターミナルビル3階 ラーメン滑走路(フードコート)
SUGOCA,C7,2119,リンガーハット,長崎かじや町店,
SUGOCA,C7,2577,ドトールコーヒーショップ,福岡天神3丁目店,
SUGOCA,C7,2723,積文館書店,佐賀駅店,JR佐賀駅構内(改札外)
SUGOCA,C7,272B,しらすくじら,博多駅前店,JR博多駅筑紫口 博多デイトスアネックス2階
SUGOCA,C7,273C,吉野家,博多デイトスアネックス店,JR博多駅筑紫口 デイトスアネックス1階
SUGOCA,C7,273E,驛亭,吉塚駅店,JR吉塚駅構内(改札外)
SUGOCA,C7,275B,マツモトキヨシ,えきまち1丁目吉塚駅店,
SUGOCA,C7,27CE,Beer&Cafe 藤館,博多駅店,JR博多駅構内(改札外) 博多駅マイング横丁
SUGOCA,C7,27DD,UCCカフェプラザ,博多駅ビル店,JR博多駅構内(改札外)
SUGOCA,C7,27E5,東筑軒,若松うどん店,若松駅改札外コンコース
SUGOCA,C7,27F0,サブウェイ,ヨドバシ博多店,ヨドバシカメラ1F
SUGOCA,C7,27FF,珈琲館,JR博多駅店,JR博多駅新幹線改札内二階コンコース
SUGOCA,C7,2805,トランドール,大分駅店,JRおおいたシティ 豊後にわさき市場
SUGOCA,C7,2833,吉野家,博多駅地下街店,JR博多駅地下街
SUGOCA,C7,2834,吉野家,博多駅地下街店,JR博多駅地下街
SUGOCA,C7,2836,シアトルズベストコーヒー,博多筑紫口店,
SUGOCA,C7,2838,中央軒,待合室売店,JR鹿児島本線鳥栖駅構内(改札外) 改札口横
SUGOCA,C7,283F,うちのたまご,JR博多駅構内直売所,JR博多駅 マイング横丁(駅ビル内)
SUGOCA,C7,286F,トランドール,博多駅店,JR博多駅構内(改札外) 中央コンコース
SUGOCA,C7,2871,トランドール,博多駅店,JR博多駅構内(改札外) 中央通路
SUGOCA,C7,287A,吉野家,博多デイトスアネックス,
SUGOCA,C7,2885,シアトルズベストコーヒー,九州大学病院店,九州大学病院 新外来診療棟1階
SUGOCA,C7,28B0,サブウェイ,アミュプラザおおいた店,
SUGOCA,C7,28B6,#居酒屋#てっぺい,,
SUGOCA,C7,28B8,ロッテリア,大分駅店,JRおおいたシティ 豊後にわさき市場
SUGOCA,C7,28D3,トランドール,博多駅店,シュークランチ特設コーナー
SUGOCA,C7,28D4,トランドール,博多駅店,
SUGOCA,C7,2A5D,グレンドール,アミュプラザ鹿児島店,アミュプラザ鹿児島地下1階
SUGOCA,C7,2A7E,シアトルズベストコーヒー,佐世保店,
SUGOCA,C7,2A9C,#廻る寿司#めっけもん,鹿児島中央駅店,JR鹿児島中央駅 改札外
SUGOCA,C7,2AB7,#めしや#多幸橋本店,,JR博多駅博多口 博多駅地下街
SUGOCA,C7,2ABE,#トンカツ&カラアゲ#あかね農場,吉塚駅前店,JR吉塚駅前(西口)
SUGOCA,C7,2ABF,#博多#ビストロタケノヤ,吉塚駅前店,
SUGOCA,C7,2AC1,#定食屋#百菜 旬,JR吉塚駅前店,
SUGOCA,C7,2AC6,寿司居酒屋 竹乃屋,吉塚店,
SUGOCA,C7,2AE7,福岡大学第一食堂,,福岡大学 学而会館1階
SUGOCA,C7,2AEC,中央軒,3番ホーム売店,#JR鹿児島本線#鳥栖駅 5·6番ホーム
SUGOCA,C7,2AED,中央軒,2番ホーム売店,#JR鹿児島本線#鳥栖駅 3·4番ホーム
SUGOCA,C7,2AEE,中央軒,,#JR鹿児島本線#鳥栖駅 1·2番ホーム
SUGOCA,C7,2AF0,シアトルズベストコーヒー,JR佐世保駅店,JR佐世保駅 中央コンコース券売機横
SUGOCA,C7,2AF1,#酒蔵#友添,,
SUGOCA,C7,2AFD,ネスカフェ,博多,
SUGOCA,C7,2AFE,#麻婆豆腐・チャーハン#ロンフーダイニング,博多1番街店,JR博多駅博多口 JR博多シティ地下1階 博多1番街
SUGOCA,C7,2AFF,#カレーハウス#サンマルコ,博多1番街店,JR博多駅博多口 JR博多シティ地下1階博多1番街
SUGOCA,C7,2B00,大福うどん,博多一番街店,
SUGOCA,C7,2B39,トランドール,宮崎駅店,
SUGOCA,C7,2B3E,門司港レトロ展望室,,レトロハイマート 31階
SUGOCA,C7,2B3F,トランドール,熊本駅店,JR熊本駅構内 ラッチ内外 出入可
SUGOCA,C7,2B40,トランドール,吉塚駅店,JR吉塚駅構内(改札外) 改札口向
SUGOCA,C7,2B56,シアトルズベストコーヒー,大分中央通り店,
SUGOCA,C7,2B59,桂花ラーメン,熊本駅新幹線口店,えきマチ1丁目熊本 西館
SUGOCA,C7,2B6B,シアトルズベストコーヒー,長崎駅店,JR長崎駅改札口横(改札外)
SUGOCA,C7,2B71,シアトルズベストコーヒー,ヨドバシ博多店,ヨドバシカメラ博多店1階
SUGOCA,C7,2B78,シアトルズベストコーヒー,アミュプラザ博多店,JR博多駅構内(改札外)アミュプラザ地下1階
SUGOCA,C7,2BA2,キヨスク,鹿児島中央3号,鹿児島中央駅2階
SUGOCA,C7,2BA3,キヨスク,鹿児島中央3号,鹿児島中央駅2階
SUGOCA,C7,2BBE,トランドール,博多駅店,
SUGOCA,C7,2E9A,大福うどん,えきちか店,JR博多駅博多口 博多駅地下街
SUGOCA,C7,301A,ミニコンビ,玉名店,JR玉名駅構内
SUGOCA,C7,3025,たんやHAKATA,,JR博多駅 JR博多シティ地下1階博多一番街
SUGOCA,C7,3030,#まわる寿司#博多魚がし,博多1番街店,JR博多駅博多口 JR博多シティ地下1階 博多1番街
SUGOCA,C7,303D,中央軒,新鳥栖駅売店,
SUGOCA,C7,3040,ビアンモール,九州大学病院店,九州大学病院 新外来診療棟1階
SUGOCA,C7,3048,想夫恋,JRフレスタ久留米駅,
SUGOCA,C7,3096,東筑軒,直方駅うどん店,
SUGOCA,C7,3171,レッドキャベツ,小倉駅店,小倉駅地下
SUGOCA,C7,3194,名代ラーメン亭,博多駅地下街店,JR博多駅博多口 博多駅地下街
SUGOCA,C7,31A6,ロッテリア,佐賀駅店,佐賀駅構内(改札外)
SUGOCA,C7,31AC,#佐世保バーガー#LOG KIT,佐世保駅店,JR佐世保駅(改札外) 東口高架下
SUGOCA,C7,31EF,シアトルズベストコーヒー,JR熊本店,JR熊本駅構内(改札外) 肥後よかモン市場
SUGOCA,C7,326A,驛亭,都城駅店,JR都城駅構内(改札外)
SUGOCA,C7,3293,#生活協同組合#コープおおいた,コープ大分駅店,JRおおいたシティ 豊後にわさき市場
SUGOCA,C7,3294,#生活協同組合#コープおおいた,コープ大分駅店,JRおおいたシティ 豊後にわさき市場
SUGOCA,C7,3295,#生活協同組合#コープおおいた,コープ大分駅店,JRおおいたシティ 豊後にわさき市場
SUGOCA,C7,3296,#生活協同組合#コープおおいた,コープ大分駅店,JRおおいたシティ 豊後にわさき市場
SUGOCA,C7,3297,#生活協同組合#コープおおいた,コープ大分駅店,JRおおいたシティ 豊後にわさき市場
SUGOCA,C7,3298,#生活協同組合#コープおおいた,コープ大分駅店,JRおおいたシティ 豊後にわさき市場
SUGOCA,C7,3299,#生活協同組合#コープおおいた,コープ大分駅店,JRおおいたシティ 豊後にわさき市場
SUGOCA,C7,32A8,シアトルズベストコーヒー,JR鹿児島中央店,JR鹿児島中央駅(改札外) 2階改札前フレスタかごしま内
SUGOCA,C7,32B7,キャンドゥ,JR千早駅店,
SUGOCA,C7,32BB,大牟田うどん店,大牟田駅構内,
SUGOCA,C7,32BD,シアトルズベストコーヒー,JR吉塚店,
SUGOCA,C7,32BE,ロッテリア,吉塚駅前店,
SUGOCA,C7,32C0,シアトルズベストコーヒー,JR大分駅店,大分駅 改札口横
SUGOCA,C7,32DA,ポプラ,苅田駅前店,
SUGOCA,C7,32EE,ポプラpal,小倉浅野店,
SUGOCA,C7,32F1,ポプラ,博多駅前店,
SUGOCA,C7,32F2,ポプラ,博多駅前店,
SUGOCA,C7,32F4,ポプラ,田川川崎店,
SUGOCA,C7,32F5,ポプラ,田川川崎店,
SUGOCA,C7,32F6,ポプラ,八木山店,
SUGOCA,C7,32F7,ポプラ,八木山店,
SUGOCA,C7,32F8,ポプラ,門司葛葉店,
SUGOCA,C7,32F9,ポプラ,門司葛葉店,
SUGOCA,C7,334C,ポプラ,博多大博通り店,
SUGOCA,C7,334D,ポプラ,博多大博通り店,
SUGOCA,C7,33C9,ポプラ,東浜店,
SUGOCA,C7,33CA,ポプラ,東浜店,
SUGOCA,C7,33DE,シアトルズベストコーヒー,JR博多店,JR博多駅(改札外) 中央コンコース
SUGOCA,C7,33E4,#食事処#ニュー因幡,,JR博多駅博多口 JR博多シティ地下1階 博多一番街
SUGOCA,C7,33FD,九州鉄道記念館,,入館券発売窓口
SUGOCA,C7,3413,デイリーヤマザキ,福岡奈多店,
SUGOCA,C7,341A,別府銘品蔵,,JR別府駅 西口入口付近 B-Passage内
SUGOCA,C7,343C,#生活協同組合#コープおおいた,コープ大分駅店,JRおおいたシティ 豊後にわさき市場
SUGOCA,C7,344C,デイリーヤマザキ,大村駅前店,
SUGOCA,C7,344D,デイリーヤマザキ,大村駅前店,
SUGOCA,C7,3454,ドトールコーヒーショップ,福岡新天町店,
SUGOCA,C7,347B,デイリーヤマザキ,佐世保栄町店,
SUGOCA,C7,347C,デイリーヤマザキ,佐世保栄町店,
SUGOCA,C7,3496,デイリーヤマザキ,大分敷戸台店,
SUGOCA,C7,3497,デイリーヤマザキ,大分敷戸台店,
SUGOCA,C7,353D,デイリーヤマザキ,佐世保港インター店,
SUGOCA,C7,353E,デイリーヤマザキ,佐世保港インター店,
SUGOCA,C7,355A,デイリーヤマザキ,博多駅東店,
SUGOCA,C7,35CD,不二家,博多ステーションビル店,JR博多駅(改札外) 博多駅名店街マイング
SUGOCA,C7,369D,ビックカメラ,天神2号館,1Fレジ
SUGOCA,C7,381B,新協第一交通,本社営業所,
SUGOCA,C7,3867,第一交通,大野城営業所,
SUGOCA,C7,3891,早良第一交通,,
SUGOCA,C7,3893,福岡第一交通,那珂川営業所,
SUGOCA,C7,394E,早良第一交通,,
SUGOCA,C7,3952,福岡東第一交通,,
SUGOCA,C7,397A,新協第一交通,本社営業所,
SUGOCA,C7,398F,新協第一交通,本社営業所,
SUGOCA,C7,39A4,福岡第一交通,福岡営業所,
SUGOCA,C7,3A7A,セブン‐イレブン,博多駅前3丁目店,
SUGOCA,C7,3C75,シアトルズベストコーヒー,天神ビブレ店,
SUGOCA,C7,3F50,マックスバリュ,吉塚店,
SUGOCA,C7,41B5,イオン,長崎店,
SUGOCA,C7,41B8,イオン,長崎店,
SUGOCA,C7,4269,エアポート山形屋,彩華,鹿児島空港国内線ターミナルビル3F
SUGOCA,C7,4287,ミニストップ,博多榎田2丁目店,
SUGOCA,C7,4288,ミニストップ,博多榎田2丁目店,
SUGOCA,C7,4289,ミニストップ,博多榎田2丁目店,
SUGOCA,C7,42AC,Sky Shop,6G売店,鹿児島空港保安区域内
SUGOCA,C7,42B2,SKY TERRACE,6G喫茶,鹿児島空港保安区域内
SUGOCA,C7,435E,ミニストップ,福岡二又瀬新町店,
SUGOCA,C7,435F,ミニストップ,福岡二又瀬新町店,
SUGOCA,C7,4366,ミニストップ,博多吉塚3丁目店,
SUGOCA,C7,4367,ミニストップ,博多吉塚3丁目店,
SUGOCA,C7,43C9,ミニストップ,八幡陣原店,
SUGOCA,C7,43CA,ミニストップ,八幡陣原店,
SUGOCA,C7,43E1,ミニストップ,飯塚平塚店,
SUGOCA,C7,43E2,ミニストップ,飯塚平塚店,
SUGOCA,C7,43F1,ミニストップ,飯塚菰田西店,
SUGOCA,C7,43F2,ミニストップ,飯塚菰田西店,
SUGOCA,C7,4403,ミニストップ,篠栗尾仲店,
SUGOCA,C7,4404,ミニストップ,篠栗尾仲店,
SUGOCA,C7,4406,ミニストップ,博多駅前3丁目店,
SUGOCA,C7,4407,ミニストップ,博多駅前3丁目店,
SUGOCA,C7,440A,ミニストップ,新飯塚店,
SUGOCA,C7,440B,ミニストップ,新飯塚店,
SUGOCA,C7,4412,ミニストップ,上須恵店,
SUGOCA,C7,4413,ミニストップ,上須恵店,
SUGOCA,C7,4433,ミニストップ,福岡箱崎1丁目店,
SUGOCA,C7,4434,ミニストップ,福岡箱崎1丁目店,
SUGOCA,C7,4479,イオン,下大利店,
SUGOCA,C7,4540,BLUE SKY,9番ゲートショップ,福岡空港国内線ターミナルビル 2階搭乗ゲート内9番搭乗口付近
SUGOCA,C7,4544,BLUE SKY,8番ゲートショップ,福岡空港搭乗ゲート内 8番ゲート前
SUGOCA,C7,4545,BLUE SKY,8番ゲートショップ,福岡空港搭乗ゲート内 8番ゲート前
SUGOCA,C7,457B,#博多#ひなのやき,マイング店,JR博多駅(改札外) マイング1階
SUGOCA,C7,4597,#赤坂#うまや,博多,JR九州ホテルブラッサム福岡 地下1階
SUGOCA,C7,45AF,BLUE SKY,FUK北ゲートショップ,福岡空港国内線搭乗ゲート内 5番搭乗口付近
SUGOCA,C7,45B2,BLUE SKY,22番ゲートショップ,那覇空港搭乗ゲート内22番ゲート前
SUGOCA,C7,45DA,イオン,姶良店,イオンタウン姶良
SUGOCA,C7,46AC,ヨドバシカメラ,博多店,
SUGOCA,C7,46FB,#元祖#名島亭,JRJP博多ビル店,JRJP博多ビル地下1階
SUGOCA,C7,4711,二◯加屋 長介,JRJP博多ビル店,JRJP博多ビル地下1階 駅から三百歩横丁
SUGOCA,C7,4713,博多一口餃子 やおまん,,JRJP博多ビル地下1階 駅から三百歩横丁
SUGOCA,C7,4727,#博多もつ鍋#一慶,JRJP博多ビル店,JRJP博多ビル地下1階 駅から三百歩横丁
SUGOCA,C7,4728,しらすくじら,博多漁家磯貝,JRJP博多ビル地下1階
SUGOCA,C7,47E9,ミニストップ,福岡香椎6丁目店,
SUGOCA,C7,47EA,ミニストップ,福岡香椎6丁目店,
SUGOCA,C7,4872,ミニストップ,田川川崎店,
SUGOCA,C7,4873,ミニストップ,田川川崎店,
SUGOCA,C7,50DB,佐世保銘品蔵,,JR佐世保駅構内(改札外) 改札口向
SUGOCA,C7,50DF,熊本銘品蔵,,JR熊本駅構内 えきマチ1丁目熊本内
SUGOCA,C7,51C0,セブン‐イレブン,粕屋原町駅前店,
SUGOCA,C7,51C1,セブン‐イレブン,粕屋原町駅前店,
SUGOCA,C7,529C,キヨスク,諫早1号店,JR諫早駅構内(改札外) 1階
SUGOCA,C7,5347,セブン‐イレブン,有明竜王駅前店,
SUGOCA,C7,53A3,キヨスク,鹿児島中央3号店,JR鹿児島中央駅構内(改札外) 改札横
SUGOCA,C7,54E3,セブン‐イレブン,山田前坂店,
SUGOCA,C7,5549,セブン‐イレブン,都城北原町店,
SUGOCA,C7,55B6,キヨスク,川内店,
SUGOCA,C7,55BE,キヨスク,九幹博3号店,九幹博3号店
SUGOCA,C7,55C2,長崎銘品蔵,,アミュプラザ長崎1階
SUGOCA,C7,55C7,長崎銘品蔵,,アミュプラザ長崎1階
SUGOCA,C7,55F1,セブン‐イレブン,古賀日吉3丁目店,
SUGOCA,C7,568B,マックスバリュ,別府店,
SUGOCA,C7,5697,キヨスク,博多14号店,JR博多駅在来線3，4番のりば
SUGOCA,C7,569D,ミニキヨスク,大分,大分駅 改札内コンコース
SUGOCA,C7,56CF,セブン‐イレブン,佐世保吉岡店,
SUGOCA,C7,56E6,セブン‐イレブン,延岡幸町2丁目店,
SUGOCA,C7,5707,セブン‐イレブン,筑穂中学校前店,
SUGOCA,C7,5708,セブン‐イレブン,筑穂中学校前店,
SUGOCA,C7,584B,セブン‐イレブン,西小倉駅前店,
SUGOCA,C7,58C1,ミニストップ,田川川崎田原店,
SUGOCA,C7,58C2,ミニストップ,田川川崎田原店,
SUGOCA,C7,58E7,セブン‐イレブン,福岡天神3丁目店,
SUGOCA,C7,5902,セブン‐イレブン,博多駅前管絃ビル店,
SUGOCA,C7,5929,広島乃風,中洲店,
SUGOCA,C7,59C5,セブン‐イレブン,新富三納代店,
SUGOCA,C7,59CB,セブン‐イレブン,粕屋柚須駅前店,
SUGOCA,C7,59D4,セブン‐イレブン,行橋神田町店,
SUGOCA,C7,5A30,セブン‐イレブン,人吉下青井町店,
SUGOCA,C7,5B2E,セブン‐イレブン,福岡室住口店,
SUGOCA,C7,5B31,セブン‐イレブン,須恵中央駅前店,
SUGOCA,C7,5B32,セブン‐イレブン,須恵中央駅前店,
SUGOCA,C7,5BA0,セブン‐イレブン,高原仲町店,
SUGOCA,C7,5BD3,福岡市科学館,,
SUGOCA,C7,5BDA,セブン‐イレブン,桂川寿命店,
SUGOCA,C7,5D6F,セブン‐イレブン,佐世保山祇町店,
SUGOCA,C7,5D94,セブン‐イレブン,新宮下府4丁目店,
SUGOCA,C7,5DC9,セブン‐イレブン,別府田の湯町店,
SUGOCA,C7,5E1C,セブン‐イレブン,宮崎清水2丁目店,
SUGOCA,C7,5E54,セブン‐イレブン,日田本町店,
SUGOCA,C7,5E6F,セブン‐イレブン,宮崎旭1丁目店,
SUGOCA,C7,5F6C,セブン‐イレブン,AIM長崎空港店,
SUGOCA,C7,5F7A,セブン‐イレブン,宇土城塚町店,
SUGOCA,C7,5FBC,仙台牛たん横丁with麦とろヘルシー麺,イオンモール福岡店,イオンモール福岡1階 レストランシティ
SUGOCA,C7,5FE9,セブン‐イレブン,西鉄久留米駅西口店,
SUGOCA,C7,6120,いきなり!ステーキ,イオンモール筑紫野店,イオンモール筑紫野1階
SUGOCA,C7,6296,ガスト,東比恵店,
SUGOCA,C7,62B6,ガスト,大分森町店,
SUGOCA,C7,62B9,ガスト,佐世保駅南店,
SUGOCA,C7,6319,イオン,香椎浜店,1階食料品売場
SUGOCA,C7,633F,セブン‐イレブン,久留米御井旗崎店,
SUGOCA,C7,6989,セブン‐イレブン,佐世保俵町店,
SUGOCA,C7,6D91,セブン‐イレブン,志布志3丁目店,
SUGOCA,C7,6E63,セブン‐イレブン,熊本川尻1丁目店,
SUGOCA,C7,6EA7,吉野家,熊本駅店,JR熊本駅構内(改札外) 肥後よかモン市場
SUGOCA,C7,6FB0,キャンドゥ,JR熊本駅店,JR熊本駅構内(改札外) 肥後よかモン市場
SUGOCA,C7,6FCC,ステーションフード,,えきマチ1丁目 姪浜
SUGOCA,C7,6FCF,#おべんとうの#ヒライ,JR熊本駅店,熊本駅 肥後よかモン市場
SUGOCA,C7,7009,セブン‐イレブン,臼杵江無田店,
SUGOCA,C7,709C,セブン‐イレブン,えびの京町温泉店,
SUGOCA,C7,70EE,セブン‐イレブン,新宮中央駅北店,
SUGOCA,C7,7238,セブン‐イレブン,合志御代志店,
SUGOCA,C7,72DF,#飯と酒#いちばん,,JR博多駅博多口地下1階 博多1番街
SUGOCA,C7,7344,ドラッグイレブン,串木野店,
SUGOCA,C7,736D,ドラッグイレブン,博多駅前店,
SUGOCA,C7,7383,ドラッグイレブン,イレブン行橋店,
SUGOCA,C7,739B,ドラッグイレブン,新春日店,
SUGOCA,C7,73D8,ドラッグイレブン,森町店,
SUGOCA,C7,73D9,ドラッグイレブン,森町店,
SUGOCA,C7,7405,ドラッグイレブン,大分医大前店,
SUGOCA,C7,742B,ドラッグイレブン,下通り店,
SUGOCA,C7,7448,ドラッグイレブン,JR鹿児島中央駅店,鹿児島中央駅 九州新幹線改札横(えきマチ1丁目鹿児島)
SUGOCA,C7,7457,ドラッグイレブン,JR博多駅店,JR博多駅構内(改札外) 中央コンコース
SUGOCA,C7,7458,ドラッグイレブン,JR博多駅店,JR博多駅構内(改札外) 中央コンコース
SUGOCA,C7,7459,ドラッグイレブン,JR博多駅店,JR博多駅構内(改札外) 中央コンコース
SUGOCA,C7,746F,ドラッグイレブン,JR大分駅店,JRおおいたシティ第2駐車場 1階
SUGOCA,C7,7470,ドラッグイレブン,JR大分駅店,JRおおいたシティ第2駐車場 1階
SUGOCA,C7,74B4,ペッパーランチ,えきマチ1丁目佐世保店,JR佐世保駅 えきマチ1丁目佐世保内
SUGOCA,C7,7598,ドラッグイレブン,アミュプラザ博多店,
SUGOCA,C7,7599,リンガーハット,ゆめタウン博多店,ゆめタウン博多1階
SUGOCA,C7,7760,セブン‐イレブン,都城高崎新田店,
SUGOCA,C7,7883,玉盛スーパー,,
SUGOCA,C7,792B,ドトールコーヒーショップ,阪急塚口店,
SUGOCA,C7,7980,ファミリーマート,相生町店,
SUGOCA,C7,79B3,ワイドマート ドラッグ&フード,壱岐団地店,
SUGOCA,C7,7A1A,ファミリーマート,警固公園前,
SUGOCA,C7,7A1B,ファミリーマート,警固公園前,
SUGOCA,C7,7A1C,ファミリーマート,警固公園前,
SUGOCA,C7,7A2D,ファミリーマート,前島二丁目店,
SUGOCA,C7,7A5D,ファミリーマート,長与三根店,
SUGOCA,C7,7A78,ファミリーマート,宮崎中央通店,
SUGOCA,C7,7A79,ファミリーマート,宮崎中央通店,
SUGOCA,C7,7A7A,ファミリーマート,宮崎中央通店,
SUGOCA,C7,7A81,ファミリーマート,八代竹原店,
SUGOCA,C7,7A82,ファミリーマート,八代竹原店,
SUGOCA,C7,7AEC,ファミリーマート,佐世保駅前店,
SUGOCA,C7,7AED,ファミリーマート,佐世保駅前店,
SUGOCA,C7,7BB1,ファミリーマート,佐世保栄町店,
SUGOCA,C7,7BB2,ファミリーマート,佐世保栄町店,
SUGOCA,C7,7BB7,ファミリーマート,橘通東一丁目店,
SUGOCA,C7,7BB8,ファミリーマート,橘通東一丁目店,
SUGOCA,C7,7DF7,ファミリーマート,小林仲町店,
SUGOCA,C7,7DF8,ファミリーマート,小林仲町店,
SUGOCA,C7,7ED6,ファミリーマート,高山中央店,
SUGOCA,C7,7ED7,ファミリーマート,高山中央店,
SUGOCA,C7,7F48,ファミリーマート,牧山えい店,
SUGOCA,C7,7F49,ファミリーマート,牧山えい店,
SUGOCA,C7,7F4C,ファミリーマート,開聞仙田店,
SUGOCA,C7,7F4D,ファミリーマート,開聞仙田店,
SUGOCA,C7,7F52,ファミリーマート,頴娃別府店,
SUGOCA,C7,7F53,ファミリーマート,頴娃別府店,
SUGOCA,C7,7F97,ファミリーマート,佐世保三浦町店,
SUGOCA,C7,7FFE,ファミリーマート,武雄温泉駅前通り店,
SUGOCA,C7,8003,ファミリーマート,いぶすき山川店,
SUGOCA,C7,8004,ファミリーマート,いぶすき山川店,
SUGOCA,C7,8005,ファミリーマート,串木野須納瀬店,
SUGOCA,C7,8006,ファミリーマート,串木野須納瀬店,
SUGOCA,C7,8038,ファミリーマート,サンロード下原田店,
SUGOCA,C7,8039,ファミリーマート,サンロード下原田店,
SUGOCA,C7,80A1,ファミリーマート,松島合津店,
SUGOCA,C7,80A2,ファミリーマート,松島合津店,
SUGOCA,C7,80CA,デイリーヤマザキ,博多駅筑紫口店,
SUGOCA,C7,80CB,デイリーヤマザキ,博多駅筑紫口店,
SUGOCA,C7,80F2,ファミリーマート,本渡小松原店,
SUGOCA,C7,80F3,ファミリーマート,本渡小松原店,
SUGOCA,C7,812E,ファミリーマート,小松原二丁目店,
SUGOCA,C7,812F,ファミリーマート,小松原二丁目店,
SUGOCA,C7,8176,ファミリーマート,水俣初野店,
SUGOCA,C7,8177,ファミリーマート,水俣初野店,
SUGOCA,C7,8178,ファミリーマート,水俣百間町店,
SUGOCA,C7,81AA,リンガーハット,福岡パピオンプラザ店,
SUGOCA,C7,81C2,セブン‐イレブン,大分鴛野店,
SUGOCA,C7,8310,ファミリーマート+大賀薬局,店屋町店,
SUGOCA,C7,8336,ファミリーマート,篠栗庄店,
SUGOCA,C7,8337,ファミリーマート,篠栗庄店,
SUGOCA,C7,840A,セブン‐イレブン,古賀総合病院店,
SUGOCA,C7,8453,福岡交通,,
SUGOCA,C7,845F,福岡交通,,
SUGOCA,C7,8461,福岡交通,,
SUGOCA,C7,8466,福岡交通,,
SUGOCA,C7,8473,福岡交通,,
SUGOCA,C7,84E1,福岡交通,,
SUGOCA,C7,8508,福岡交通,,
SUGOCA,C7,869C,セブン‐イレブン,久留米市役所前店,
SUGOCA,C7,86A5,カフェ・ベローチェ,福岡国体道路店,
SUGOCA,C7,86A7,カフェ・ベローチェ,博多駅前店,
SUGOCA,C7,86A8,カフェ・ベローチェ,博多駅筑紫口店,
SUGOCA,C7,86AA,カフェ・ベローチェ,中洲川端駅前店,
SUGOCA,C7,86AC,カフェ・ベローチェ,博多呉服町店,九観呉服町ビル1階
SUGOCA,C7,86AD,カフェ・ベローチェ,博多呉服町店,九観呉服町ビル1階
SUGOCA,C7,86DA,天丼てんや,天神店,
SUGOCA,C7,86DD,#ポッポおじさんの#大分からあげ,大分駅店,JRおおいたシティ 豊後にわさき市場1F
SUGOCA,C7,86E1,クック・チャム,大分駅店,JRおおいたシティ 豊後にわさき市場
SUGOCA,C7,86E2,築地銀だこ,アミュプラザおおいた店,JRおおいたシティ 豊後にわさき市場
SUGOCA,C7,86EA,丸亀製麺,豊後にわさき市場店,JRおおいたシティ 豊後にわさき市場
SUGOCA,C7,86EC,ファミリーマート,JR行橋駅店,JR行橋駅(改札外) 改札向
SUGOCA,C7,86ED,ファミリーマート,JR行橋駅店,JR行橋駅(改札外) 改札向
SUGOCA,C7,86EF,スターバックスコーヒー,アミュプラザおおいた店,JRおおいたシティ 1F
SUGOCA,C7,8706,ポンパドウル,アミュプラザおおいた店,JRおおいたシティ アミュプラザおおいた1階
SUGOCA,C7,8707,ポンパドウル,アミュプラザおおいた店,JRおおいたシティ アミュプラザおおいた1階
SUGOCA,C7,8711,#焼きたてチーズタルト専門店#PABLO mini,アミュプラザおおいた店,
SUGOCA,C7,8715,ファミリーマート,博多駅前四丁目店,
SUGOCA,C7,8716,ファミリーマート,博多駅前四丁目店,
SUGOCA,C7,8717,ファミリーマート,博多駅前四丁目店,
SUGOCA,C7,8724,キャンドゥ,アミュプラザおおいた店,JRおおいたシティ アミュプラザおおいた1階
SUGOCA,C7,8725,キャンドゥ,アミュプラザおおいた店,JRおおいたシティ アミュプラザおおいた1階
SUGOCA,C7,8746,ファミリーマート,JR門司駅店,JR門司駅(改札外) 駅ビル1階
SUGOCA,C7,8747,ファミリーマート,JR門司駅店,JR門司駅(改札外) 駅ビル1階
SUGOCA,C7,8748,ファミリーマート,大分オアシス店,OASISひろば21 1階
SUGOCA,C7,8749,ファミリーマート,大分オアシス店,OASISひろば21 1階
SUGOCA,C7,8750,ファミリーマート,JR佐世保駅店,JR佐世保駅構内(改札外) 改札口横
SUGOCA,C7,8751,ファミリーマート,JR佐世保駅店,JR佐世保駅構内(改札外) 改札口横
SUGOCA,C7,8752,ファミリーマート,JR佐世保駅店,JR佐世保駅構内(改札外) 改札口横
SUGOCA,C7,8753,ファミリーマート,天神三丁目店,
SUGOCA,C7,8754,ファミリーマート,天神三丁目店,
SUGOCA,C7,875D,ファミリーマート,行橋安川通り店,
SUGOCA,C7,875E,ファミリーマート,行橋安川通り店,
SUGOCA,C7,8767,ファミリーマート,篠栗尾仲店,
SUGOCA,C7,8768,ファミリーマート,篠栗尾仲店,
SUGOCA,C7,8770,東急ハンズ,大分店,JRおおいたシティ アミュプラザおおいた3階
SUGOCA,C7,8773,キデイランド,アミュプラザおおいた店,JRおおいたシティ アミュプラザおおいた3階
SUGOCA,C7,8776,ポポンデッタ,アミュプラザおおいた店,アミュプラザおおいた店3階
SUGOCA,C7,8798,豚屋とん一,アミュプラザおおいた店,JRおおいたシティ アミュプラザおおいた3階 アミュのフードコート
SUGOCA,C7,879A,#龍の家#らーめん息吹,アミュプラザおおいた店,JRおおいたシティ アミュプラザおおいた3階 アミュのフードコート
SUGOCA,C7,879C,#自家製麺#杵屋麦丸,大分駅アミュプラザ店,JRおおいたシティ アミュプラザおおいた3階 アミュのフードコート
SUGOCA,C7,879D,ぼてぢゅう屋台,アミュプラザおおいた店,アミュプラザおおいた3F
SUGOCA,C7,87AC,紀伊國屋書店,アミュプラザおおいた店,JRおおいたシティ アミュプラザおおいた4階
SUGOCA,C7,87AD,紀伊國屋書店,アミュプラザおおいた店,JRおおいたシティ アミュプラザおおいた4階
SUGOCA,C7,87AF,ファミリーマート,福岡東浜店,
SUGOCA,C7,87B7,プレミアムバケット,アミュプラザおおいた店,JRおおいたシティ アミュプラザおおいた4階 アミュシティダイニング
SUGOCA,C7,87BA,#そば茶屋#吹上庵,JRおおいたシティ店,JRおおいたシティ アミュプラザおおいた4階 アミュシティダイニング
SUGOCA,C7,87C2,ファミリーマート,JR長崎駅店,
SUGOCA,C7,87C6,期間限定ショップ,,JRおおいたシティ 豊後にわさき市場
SUGOCA,C7,87E1,ぴかまつ一番,,JR博多駅 博多デイトス2階博多めん街道
SUGOCA,C7,87E3,二葉亭,博多デイトス店,JR博多駅構内 博多デイトス(駅ビル)2階
SUGOCA,C7,87E7,支那そば 月や,博多デイトス店,
SUGOCA,C7,87E8,#博多純情らーめん#Shin-Shin,博多デイトス店,JR博多駅(改札外) 博多デイトス2階博多めん街道
SUGOCA,C7,87EB,#博多名物#能古うどん,博多デイトス店,JR博多駅筑紫口 博多デイトス2階博多めん街道
SUGOCA,C7,87EE,ファミリーマート,JR宮崎駅店,JR宮崎駅構内(改札外)
SUGOCA,C7,87EF,ファミリーマート,JR宮崎駅店,JR宮崎駅構内(改札外)
SUGOCA,C7,87F3,ファミリーマート,JR鳥栖駅店,
SUGOCA,C7,8810,#博多さかなや食堂#辰悦丸,,JR博多駅(改札外) 博多デイトス1階ほろよい通り
SUGOCA,C7,8811,うちのたまごEGG&SWEETS,博多駅店,博多駅内いっぴん通りむかい
SUGOCA,C7,8815,かしわ飯源次郎,いっぴん通り店,JR博多駅筑紫口(改札外) 博多デイトス1階いっぴん通り店
SUGOCA,C7,8819,シロヤ,博多駅店,JR博多駅(改札外) 博多デイトス1階いっぴん通り
SUGOCA,C7,881F,八天堂,博多駅デイトスいっぴん通り店,JR博多駅(改札外) 博多デイトスいっぴん通り
SUGOCA,C7,8834,ミスタードーナツ,博多ステーションショップ,JR博多駅構内(改札外) アミュエスト
SUGOCA,C7,8838,上島珈琲店,アミュエスト店,JR博多駅構内(改札外) アミュエスト(駅ビル)1階
SUGOCA,C7,883E,#てんぷら割烹#かじ天,博多駅デイトス店,JR博多駅(改札外) 博多デイトス地下1階
SUGOCA,C7,883F,印度カレー,博多デイトス店,JR博多駅構内(改札外) デイトス地下1階
SUGOCA,C7,8841,肉匠 太平楽,,
SUGOCA,C7,8842,#博多三昧#まるとく食堂,,JR博多駅構内(改札外) 博多デイトス地下1階
SUGOCA,C7,8843,ファミリーマート,小倉駅南店,
SUGOCA,C7,8844,#牛たん炭焼#利久,博多デイトス店,JR博多駅筑紫口 博多デイトス地下1階
SUGOCA,C7,8845,海鮮丼 日の出,博多デイトス店,JR博多駅(改札外) デイトス地下1階
SUGOCA,C7,8847,#博多鯛めしと日本料理#石蔵,博多デイトス店,JR博多駅筑紫口 博多デイトス地下1階
SUGOCA,C7,884A,三日月屋CAFE,博多駅店,JR博多駅(改札外) 博多デイトス地下1階
SUGOCA,C7,8863,ファミリーマート,JR小倉駅店,JR小倉駅(改札外) 小倉城口1階改札口向
SUGOCA,C7,8878,コクミンドラッグ,アミュエスト博多店,
SUGOCA,C7,887E,ファミリーマート,RESOL中洲店,
SUGOCA,C7,8881,インビスクラ,,デイトスアネックス
SUGOCA,C7,8890,伊都きんぐ,博多いっぴん通店,JR博多駅構内(改札外) いっぴん通り
SUGOCA,C7,889E,ファミリーマート,新幹線博多駅店,JR博多駅構内(新幹線改札内)
SUGOCA,C7,889F,ファミリーマート,新幹線博多駅店,JR博多駅構内(新幹線改札内)
SUGOCA,C7,88A0,ファミリーマート,新幹線博多駅店,JR博多駅構内(新幹線改札内)
SUGOCA,C7,88A1,ファミリーマート,新幹線博多駅店,JR博多駅構内(新幹線改札内)
SUGOCA,C7,88A2,ファミリーマート,新幹線博多駅店,JR博多駅構内(新幹線改札内)
SUGOCA,C7,88A3,ファミリーマート,新幹線博多駅ホーム店,JR博多駅(新幹線改札内) 新幹線11·12番線ホーム新鳥栖方
SUGOCA,C7,88A4,ファミリーマート,新幹線博多駅ホーム店,JR博多駅(新幹線改札内) 新幹線11·12番線ホーム新鳥栖方
SUGOCA,C7,88AC,ファミリーマート,博多グリーンホテル店,
SUGOCA,C7,88AD,ファミリーマート,博多グリーンホテル店,
SUGOCA,C7,88AE,ファミリーマート,博多グリーンホテル店,
SUGOCA,C7,88AF,ファミリーマート,博多グリーンホテル店,
SUGOCA,C7,88BD,ファミリーマート,JR吉塚駅店,JR吉塚駅構内(改札外)
SUGOCA,C7,88BE,ファミリーマート,JR吉塚駅店,JR吉塚駅構内(改札外)
SUGOCA,C7,88BF,ファミリーマート,JR吉塚駅店,JR吉塚駅構内(改札外)
SUGOCA,C7,88C0,ファミリーマート,JR吉塚駅店,JR吉塚駅構内(改札外)
SUGOCA,C7,88C1,ファミリーマート,JR吉塚駅店,JR吉塚駅構内(改札外)
SUGOCA,C7,88CB,ファミリーマート,小倉紫川インター店,
SUGOCA,C7,88CC,ファミリーマート,小倉紫川インター店,
SUGOCA,C7,88D2,ファミリーマート,吉塚五丁目店,
SUGOCA,C7,8920,ドラッグイレブン,筥崎宮前店,
SUGOCA,C7,8921,ドラッグイレブン,筥崎宮前店,
SUGOCA,C7,892F,ファミリーマート,JR千早駅店,JR千早駅構内(改札外) 改札口横
SUGOCA,C7,8930,ファミリーマート,JR千早駅店,JR千早駅構内(改札外) 改札口横
SUGOCA,C7,8933,ファミリーマート,JR香椎駅店,JR香椎駅構内1階改札口横(改札外)
SUGOCA,C7,8934,ファミリーマート,JR香椎駅店,JR香椎駅構内1階改札口横(改札外)
SUGOCA,C7,8935,ファミリーマート,JR香椎駅店,JR香椎駅構内1階改札口横(改札外)
SUGOCA,C7,8936,ファミリーマート,JR香椎駅店,JR香椎駅構内1階改札口横(改札外)
SUGOCA,C7,893E,ファミリーマート,千早5丁目店,
SUGOCA,C7,8949,ファミリーマート,大分市役所店,大分市役所 本庁舎B1階
SUGOCA,C7,894A,ファミリーマート,大分市役所店,大分市役所 本庁舎B1階
SUGOCA,C7,894B,ファミリーマート,大分市役所店,大分市役所 本庁舎B1階
SUGOCA,C7,894C,ファミリーマート,大分市役所店,大分市役所 本庁舎B1階
SUGOCA,C7,8958,ファミリーマート,博多明治公園店,
SUGOCA,C7,8959,ファミリーマート,博多明治公園店,
SUGOCA,C7,895F,豊後酒場,アミュプラザおおいた店,JRおおいたシティ アミュプラザおおいた1F
SUGOCA,C7,8967,九州パンケーキkitchen,アミュプラザ博多店,JR博多駅博多口 アミュプラザ博多地下1階
SUGOCA,C7,8969,フルーツカフェTOKIO,,JR博多駅(改札外)JR博多シティ アミュプラザ地下1階
SUGOCA,C7,896B,Soup Stock Tokyo,アミュプラザ博多店,JR博多駅構内(改札外) アミュプラザ博多地下1階
SUGOCA,C7,8978,DEAN&DELUCA,アミュプラザ博多,JR博多駅(改札外) アミュプラザ博多地下1階
SUGOCA,C7,8995,ファミリーマート,筑穂平塚店,
SUGOCA,C7,89A9,ファミリーマート,JR二日市駅店,JR二日市駅構内(改札外)
SUGOCA,C7,89AA,ファミリーマート,JR二日市駅店,JR二日市駅構内(改札外)
SUGOCA,C7,89AB,ファミリーマート,JR二日市駅店,JR二日市駅構内(改札外)
SUGOCA,C7,89BF,ファミリーマート,JR和白駅前店,
SUGOCA,C7,89C0,ファミリーマート,JR和白駅前店,
SUGOCA,C7,89F4,ファミリーマート,博多駅中央改札口店,JR博多駅(在来線改札内) 中央通路
SUGOCA,C7,89F5,ファミリーマート,博多駅中央改札口店,JR博多駅(在来線改札内) 中央通路
SUGOCA,C7,89F6,ファミリーマート,博多駅中央改札口店,JR博多駅(在来線改札内) 中央通路
SUGOCA,C7,89F7,ファミリーマート,博多駅中央改札口店,JR博多駅(在来線改札内) 中央通路
SUGOCA,C7,89F8,ファミリーマート,博多駅中央改札口店,JR博多駅構内(在来線改札内) 中央通路
SUGOCA,C7,89F9,ファミリーマート,博多駅中央改札口店,JR博多駅(在来線改札内) 中央通路
SUGOCA,C7,89FA,ファミリーマート,JR八幡駅店,JR八幡駅(改札外) 改札口向
SUGOCA,C7,8A0B,ファミリーマート,JR大牟田駅店,
SUGOCA,C7,8A10,ファミリーマート,JR大分駅店,JR大分駅構内(改札外) 改札口向
SUGOCA,C7,8A1C,ファミリーマート,天神一丁目店,
SUGOCA,C7,8A1D,ファミリーマート,天神一丁目店,
SUGOCA,C7,8A20,ファミリーマート,福岡二又瀬新町店,
SUGOCA,C7,8A21,ファミリーマート,福岡二又瀬新町店,
SUGOCA,C7,8A2A,ポポンデッタ,アミュプラザ博多店,JR博多シティ アミュプラザ博多8階
SUGOCA,C7,8A53,ファミリーマート,博多冷泉町店,
SUGOCA,C7,8A5D,ファミリーマート,博多出来町公園前店,
SUGOCA,C7,8A73,ファミリーマート,新天町店,
SUGOCA,C7,8A75,ファミリーマート,JR福工大前駅店,
SUGOCA,C7,8A8A,ファミリーマート,JR中津駅店,
SUGOCA,C7,8A8B,ファミリーマート,JR中津駅店,
SUGOCA,C7,8A8C,ファミリーマート,唐原7丁目店,
SUGOCA,C7,8A94,ファミリーマート,九産大駅前店,
SUGOCA,C7,8AA3,ファミリーマート,JR戸畑駅店,
SUGOCA,C7,8AAC,ファミリーマート,JR久留米駅店,
SUGOCA,C7,8AD1,ファミリーマート,JR新水前寺駅前店,
SUGOCA,C7,8AD4,ファミリーマート,志免別府店,
SUGOCA,C7,8AD5,ファミリーマート,志免別府店,
SUGOCA,C7,8AD8,ファミリーマート,小倉城野駅北店,
SUGOCA,C7,8AD9,ファミリーマート,小倉城野駅北店,
SUGOCA,C7,8B25,ファミリーマート,デイトスアネックス店,博多デイトスアネックス1階
SUGOCA,C7,8B26,ファミリーマート,デイトスアネックス店,博多デイトスアネックス1階
SUGOCA,C7,8B27,ファミリーマート,デイトスアネックス店,博多デイトスアネックス1階
SUGOCA,C7,8B28,ファミリーマート,デイトスアネックス店,博多デイトスアネックス1階
SUGOCA,C7,8B34,ソルビン,博多店,JR博多駅博多口 アミュプラザ地下1階
SUGOCA,C7,8B5F,ローソン,熊本黒石店,
SUGOCA,C7,8C0B,紀伊國屋書店,鹿児島店,アミュプラザ鹿児島 本館4階
SUGOCA,C7,8C16,ポケモンストア,アミュプラザ鹿児島店,アミュプラザ鹿児島 4階
SUGOCA,C7,8C48,ファミリーマート,JR箱崎駅店,#JR鹿児島線#箱崎駅(改札外) 改札口横
SUGOCA,C7,8C49,ファミリーマート,JR箱崎駅店,#JR鹿児島線#箱崎駅(改札外) 改札口横
SUGOCA,C7,8C56,トランドール,佐賀駅店,JR佐賀駅構内(改札外) えきマチ1丁目東館
SUGOCA,C7,8C57,シアトルズベストコーヒー,JR佐賀駅店,JR佐賀駅構内(改札外) えきマチ1丁目東館
SUGOCA,C7,8C58,ファミリーマート,博多駅前住吉通店,
SUGOCA,C7,8C59,ファミリーマート,博多駅前住吉通店,
SUGOCA,C7,8C5A,ファミリーマート,博多駅前住吉通店,
SUGOCA,C7,8C5B,ファミリーマート,博多キャナル前店,
SUGOCA,C7,8C5C,ファミリーマート,博多キャナル前店,
SUGOCA,C7,8C6B,ビアードパパ,アミュプラザ小倉店,JR小倉駅(改札外) 小倉城口アミュプラザ小倉1階
SUGOCA,C7,8C74,グランドゥアムール,アミュプラザ小倉店,アミュプラザ小倉西館1階
SUGOCA,C7,8C80,ドトールコーヒーショップ,アミュプラザ小倉店,JR小倉駅(改札外)
SUGOCA,C7,8C85,ファミリーマート,福岡県庁前店,
SUGOCA,C7,8C86,ファミリーマート,福岡県庁前店,
SUGOCA,C7,8C9B,ファミリーマート,博多中洲ロマン通り店,
SUGOCA,C7,8C9C,ファミリーマート,博多中洲ロマン通り店,
SUGOCA,C7,8C9D,ファミリーマート,博多中洲ロマン通り店,
SUGOCA,C7,8C9E,ファミリーマート,八代袋町店,
SUGOCA,C7,8C9F,ファミリーマート,八代袋町店,
SUGOCA,C7,8CDC,北九州駅弁当,アミュプラザ小倉店,アミュプラザ小倉 西館B1階
SUGOCA,C7,8CE8,ファミリーマート,JR熊本駅店,JR熊本駅(改札外) えきマチ1丁目 東館1階
SUGOCA,C7,8CF2,牛たん炭焼利久,アミュプラザ小倉店,アミュプラザ小倉 西館6階
SUGOCA,C7,8CFE,ファミリーマート,博多御供所町店,
SUGOCA,C7,8D04,ファミリーマート,JR八代駅店,JR八代駅構内(改札外) 改札口横
SUGOCA,C7,8D0F,ファミリーマート,大分大学旦野原店,大分大学 旦野原キャンパス内
SUGOCA,C7,8D13,シアトルズベストコーヒー,新幹線鹿児島中央駅店,JR鹿児島中央駅(新幹線改札内) コンコース
SUGOCA,C7,8D16,トランドール,直方駅店,JR直方駅(改札外) 1階
SUGOCA,C7,8D17,トランドール,直方駅店,JR直方駅(改札外) 1階
SUGOCA,C7,8D1D,トランドール,佐世保駅店,JR佐世保駅(改札外) 改札口向
SUGOCA,C7,8D21,トランドール,行橋店,
SUGOCA,C7,8D25,ファミリーマート,JR博多シティ店,JR博多駅博多口地下街
SUGOCA,C7,8D58,ファミリーマート,博多堅粕3丁目店,
SUGOCA,C7,8D5B,ファミリーマート,博多駅東2丁目店,
SUGOCA,C7,8D5E,ファミリーマート,福岡原田一丁目店,
SUGOCA,C7,8D5F,ファミリーマート,福岡原田一丁目店,
SUGOCA,C7,8D65,ファミリーマート,博多駅筑紫口店,
SUGOCA,C7,8D74,ファミリーマート,大野城駅前店,
SUGOCA,C7,8D78,ファミリーマート,JR佐賀駅店,
SUGOCA,C7,8D7B,ファミリーマート,九州大学病院店,九州大学病院 外来診療棟1階
SUGOCA,C7,8D85,ファミリーマート,博多駅前3丁目店,
SUGOCA,C7,8D86,ファミリーマート,博多駅前3丁目店,
SUGOCA,C7,8D87,ファミリーマート,博多駅前3丁目店,
SUGOCA,C7,8D8A,ファミリーマート,博多住吉通り店,
SUGOCA,C7,8D8B,ファミリーマート,博多住吉通り店,
SUGOCA,C7,8DB0,ファミリーマート,博多駅前店,
SUGOCA,C7,8DB3,ファミリーマート,博多中洲店,
SUGOCA,C7,8DB4,ファミリーマート,博多中洲店,
SUGOCA,C7,8DBC,ファミリーマート,中呉服町店,
SUGOCA,C7,8DBD,ファミリーマート,JR唐津駅店,
SUGOCA,C7,8DE9,ファミリーマート,吉塚二千年通り店,
SUGOCA,C7,90D3,セブン‐イレブン,南島原口之津店,
SUGOCA,C7,9141,ファミリーマート,JR浦上駅店,
SUGOCA,C7,9142,ファミリーマート,JR浦上駅店,
SUGOCA,C7,9294,リンガーハット,ゆめタウン別府店,ゆめタウン別府3階 フードコート
SUGOCA,C7,9298,セブン‐イレブン,飯塚天道店,
SUGOCA,C7,929B,セブン‐イレブン,志免新屋敷北店,
SUGOCA,C7,92BB,ファミリーマート,粕屋門松店,
SUGOCA,C7,92F3,セブン‐イレブン,雲仙瑞穂店,
SUGOCA,C7,9342,デイリーヤマザキ,島原口之津店,
SUGOCA,C7,939A,ファミリーマート,藤津太良店,
SUGOCA,C7,93CC,ファミリーマート,博多駅マイング店,
SUGOCA,C7,940D,ファミリーマート,博多駅中央通路店,JR博多駅構内(改札内) 在来線中央通路 7/8番線階段下
SUGOCA,C7,9416,ファミリーマート,多の津一丁目店,
SUGOCA,C7,941B,ファミリーマート,博多駅マイング店,
SUGOCA,C7,9447,セブン‐イレブン,豊後大野三重赤嶺店,
SUGOCA,C7,9448,セブン‐イレブン,豊後大野三重赤嶺店,
SUGOCA,C7,9461,ニューヤマザキデイリーストア,アルメイダ病院店,アルメイダ病院 ブリッジ棟1階
SUGOCA,C7,952C,ファミリーマート,佐世保島瀬町店,
SUGOCA,C7,952D,ファミリーマート,佐世保島瀬町店,
SUGOCA,C7,95AD,ファミリーマート,博多東住吉店,
SUGOCA,C7,95AE,ファミリーマート,博多東住吉店,
SUGOCA,C7,95C7,セブン‐イレブン,唐津和多田用尺店,
SUGOCA,C7,97C7,ドラッグイレブン薬局,吉塚駅前店,
SUGOCA,C7,98B0,ファミリーマート,博多中洲四丁目店,
SUGOCA,C7,98B1,ファミリーマート,博多中洲四丁目店,
SUGOCA,C7,98B2,ファミリーマート,博多中洲四丁目店,
SUGOCA,C7,98BF,セブン‐イレブン,福岡土井1丁目店,
SUGOCA,C7,9BE0,セブン‐イレブン,合志三ツ石駅前店,
SUGOCA,C7,9C88,ニューヤマザキデイリーストア,臼杵駅前店,
SUGOCA,C7,9C8C,デイリーヤマザキ,佐世保桜木町店,
SUGOCA,C7,9D09,すき家,鹿児島東谷山店,
SUGOCA,C7,9D3E,すき家,博多駅前四丁目店,
SUGOCA,C7,9D3F,すき家,博多駅前四丁目店,
SUGOCA,C7,9D55,すき家,福岡渡辺通五丁目店,
SUGOCA,C7,9D56,すき家,福岡渡辺通五丁目店,
SUGOCA,C7,9D7E,すき家,博多BP店,
SUGOCA,C7,9D7F,すき家,博多BP店,
SUGOCA,C7,9DD5,すき家,久留米東町店,
SUGOCA,C7,9DDC,すき家,324号天草店,
SUGOCA,C7,9DEC,すき家,飯塚市役所前店,
SUGOCA,C7,9E19,すき家,496号行橋店,
SUGOCA,C7,9E1A,すき家,496号行橋店,
SUGOCA,C7,9E91,ファミリーマート,JR新飯塚駅店,JR新飯塚駅(改札外) 西口1階
SUGOCA,C7,9E92,ファミリーマート,JR新飯塚駅店,JR新飯塚駅(改札外) 西口1階
SUGOCA,C7,A163,コココッペ,,JR博多駅博多口 博多阪急地下1階
SUGOCA,C7,A167,100円パン,,JR博多駅博多口 博多阪急地下1階フードコート
SUGOCA,C7,A171,ユーハイム,博多阪急店,JR博多駅博多口 博多阪急地下1階
SUGOCA,C7,A178,薩摩蒸氣屋,博多阪急店,JR博多駅博多口 博多阪急地下1階
SUGOCA,C7,A198,Mini One,博多阪急店,JR博多駅博多口 博多阪急地下1階
SUGOCA,C7,A19B,#とり屋のお惣菜#鳥芳 鳥づくし,博多阪急店,JR博多駅博多口 博多阪急地下1階
SUGOCA,C7,A19F,100円パン,,JR博多駅博多口 博多阪急地下1階フードコート
SUGOCA,C7,A1AB,#柿の種専門店#かきたねキッチン,博多阪急店,JR博多駅博多口 博多阪急地下1階
SUGOCA,C7,A1B0,長崎雲仙小浜ちゃんぽん鉄蔵,,博多阪急 地下1階フードコート
SUGOCA,C7,A1BC,蜜楽饅頭,博多阪急店,JR博多駅博多口 博多阪急地下1階
SUGOCA,C7,A1BE,ドンク,博多阪急店,JR博多駅博多口 博多阪急地下1階
SUGOCA,C7,A1C0,OssY's-Kitchen,博多阪急店,JR博多駅博多口 博多阪急地下1階フードコート
SUGOCA,C7,A1C2,ジュノエスクベーグル,博多阪急店,JR博多駅博多口 博多阪急地下1階
SUGOCA,C7,A1C3,#博多天ぷら#喜水丸,博多阪急店,博多阪急 地下1階フードコート
SUGOCA,C7,A1CB,阪神名物いか焼き,,博多阪急 地下1階フードコート
SUGOCA,C7,A1DB,#ジュースバー#りんごの下,博多阪急店,JR博多駅 博多阪急地下1階
SUGOCA,C7,A1E7,うまかラーメン,博多阪急店,JR博多駅博多口 博多阪急地下1階 フードコート[博多うまか食堂]
SUGOCA,C7,A1E8,こめ丸,博多阪急店,JR博多駅博多口隣 博多阪急地下1階
SUGOCA,C7,A1F7,ウエルカムカフェ,,JR博多駅博多口隣 博多阪急1階
SUGOCA,C7,A248,セブン‐イレブン,長崎思案橋店,
SUGOCA,C7,A252,ファミリーマート,モノレール小倉駅店,
SUGOCA,C7,A351,PRONTO,アミュプラザ博多店,JR博多駅博多口隣 アミュプラザ地下1階
SUGOCA,C7,A3CF,ケンタッキーフライドチキン,JR黒崎店,JR黒崎駅(改札外)
SUGOCA,C7,A3E8,ケンタッキーフライドチキン,JR博多店,
SUGOCA,C7,A3EF,ケンタッキーフライドチキン,博多筑紫口店,
SUGOCA,C7,A3F9,ケンタッキーフライドチキン,JR行橋店,JR行橋駅(改札外) えきマチ1丁目
SUGOCA,C7,A3FC,ケンタッキーフライドチキン,JR宮崎店,えきマチイオン宮崎南館
SUGOCA,C7,A405,ケンタッキーフライドチキン,JR大分店,
SUGOCA,C7,A412,ケンタッキーフライドチキン,JR鹿児島中央店,
SUGOCA,C7,A532,セブン‐イレブン,福岡香椎駅前店,
SUGOCA,C7,A556,セブン‐イレブン,飯塚西町店,
SUGOCA,C7,A573,デイリーヤマザキ,佐世保三浦町店,
SUGOCA,C7,A785,ドトールコーヒーショップ,長崎西浜町店,
SUGOCA,C7,A7B0,ファミリーマート,有明湯江店,
SUGOCA,C7,A7EE,ドトールコーヒーショップ,鹿児島空港店,鹿児島空港国内線ターミナルビル1階
SUGOCA,C7,A7F3,ドトールコーヒーショップ,小倉魚町1丁目店,
SUGOCA,C7,A7FD,ドトールコーヒーショップ,大分駅前店,
SUGOCA,C7,A808,ファミリーマート,博多中洲大通り店,
SUGOCA,C7,A809,ファミリーマート,博多中洲大通り店,
SUGOCA,C7,A80A,ファミリーマート,博多中洲大通り店,
SUGOCA,C7,A869,ファミリーマート,博多大博通り店,
SUGOCA,C7,A86A,ファミリーマート,博多大博通り店,
SUGOCA,C7,A86B,ファミリーマート,博多大博通り店,
SUGOCA,C7,A927,ファミリーマート,博多駅前一丁目店,
SUGOCA,C7,A928,ファミリーマート,博多駅前一丁目店,
SUGOCA,C7,A964,イオン,マリナタウン店,
SUGOCA,C7,A972,ファミリーマート,中津中殿店,
SUGOCA,C7,A98A,ファミリーマート,博多駅南三丁目店,
SUGOCA,C7,A98B,ファミリーマート,博多駅南三丁目店,
SUGOCA,C7,A98E,ファミリーマート,府内町中央通り店,
SUGOCA,C7,A98F,ファミリーマート,府内町中央通り店,
SUGOCA,C7,A9BF,ファミリーマート,銘品蔵熊本駅店,
SUGOCA,C7,ABE8,ファミリーマート,飯塚柏の森店,
SUGOCA,C7,ADED,博多ステーションフード,,博多エキナカ マイング
SUGOCA,C7,ADF0,博多ステーションフード,,博多エキナカ マイング
SUGOCA,C7,ADF2,#駅の魚屋#高田屋嘉兵衛,博多駅マイング店,
SUGOCA,C7,ADF5,#駅の惣菜#エプロンさん,,JR博多駅(改札外) 博多駅マイングうまか通り
SUGOCA,C7,AE05,ファミリーマート,博多駅南1丁目店,
SUGOCA,C7,AE1B,ファミリーマート,天草南新町店,
SUGOCA,C7,AE1C,ファミリーマート,天草南新町店,
SUGOCA,C7,AE3C,ファミリーマート,豊後大野三重市場店,
SUGOCA,C7,AE3D,ファミリーマート,豊後大野三重市場店,
SUGOCA,C7,AE59,ドラッグイレブン,博多駅筑紫口店,
SUGOCA,C7,AE9D,ファミリーマート,博多駅博多口店,JR博多駅構内(改札外)中央コンコース
SUGOCA,C7,AF0B,ファミリーマート,天草本渡北店,
SUGOCA,C7,AF35,ファミリーマート,JR黒崎駅店,JR黒崎駅(改札外) 改札口向
SUGOCA,C7,AF36,ファミリーマート,JR黒崎駅店,JR黒崎駅(改札外) 改札口向
SUGOCA,C7,AF37,ファミリーマート,JR黒崎駅店,JR黒崎駅(改札外) 改札口向
SUGOCA,C7,AF38,ファミリーマート,JR黒崎駅店,JR黒崎駅(改札外) 改札口向
SUGOCA,C7,AF39,ファミリーマート,中津中殿町三丁目店,
SUGOCA,C7,AF4A,車内販売,九州旅客鉄道株式会社,サービス課
SUGOCA,C7,AF4B,車内販売,九州旅客鉄道株式会社,サービス課
SUGOCA,C7,AF4C,車内販売,九州旅客鉄道株式会社,サービス課
SUGOCA,C7,AF4F,車内販売,九州旅客鉄道株式会社,サービス課
SUGOCA,C7,AF50,ゆふいんの森,車内販売,九州旅客鉄道株式会社 サービス課
SUGOCA,C7,AF51,ゆふいんの森,車内販売,九州旅客鉄道株式会社 サービス課
SUGOCA,C7,AF55,特急あそぼーい!92号,3号車ビュッフェ「くろカフェ」,九州旅客鉄道株式会社
SUGOCA,C7,AF57,車内販売,九州旅客鉄道株式会社,サービス課
SUGOCA,C7,AF58,ゆふいんの森93号,車内販売,九州旅客鉄道株式会社 サービス課
SUGOCA,C7,AF60,車内販売,九州旅客鉄道株式会社,サービス課
SUGOCA,C7,AF7B,さくら563号,車内販売,九州旅客鉄道株式会社 サービス課
SUGOCA,C7,AF81,車内販売,九州旅客鉄道株式会社,サービス課
SUGOCA,C7,AF83,車内販売,九州旅客鉄道株式会社,サービス課
SUGOCA,C7,AF85,車内販売,九州旅客鉄道株式会社,サービス課
SUGOCA,C7,AF9C,ファミリーマート,錦町西,
SUGOCA,C7,AF9D,ファミリーマート,博多駅博多口店,JR博多駅構内(改札外) 中央コンコース
SUGOCA,C7,AFAD,ファミリーマート,大分佐賀関店,
SUGOCA,C7,AFB2,ファミリーマート,川内駅東口店,
SUGOCA,C7,AFB7,ニューヤマザキデイリーストア,東海大学熊本店,
SUGOCA,C7,AFCD,ファミリーマート,博多駅博多口店,JR博多駅構内(改札外) 中央コンコース
SUGOCA,C7,AFCE,ファミリーマート,博多駅博多口店,JR博多駅構内(改札外) 中央コンコース
SUGOCA,C7,AFCF,ファミリーマート,博多駅博多口店,JR博多駅(改札外) 中央コンコース
SUGOCA,C7,B00A,ファミリーマート,都城小松原店,
SUGOCA,C7,B035,祐徳自動車,春日営業所,
SUGOCA,C7,B03A,祐徳自動車,福岡事業部,
SUGOCA,C7,B052,祐徳自動車,福岡事業部,
SUGOCA,C7,B063,祐徳自動車,春日営業所,
SUGOCA,C7,B08F,ドトールコーヒーショップ,博多駅前通り店,
SUGOCA,C7,B0A5,セブン‐イレブン,福岡市地下鉄姪浜駅店,
SUGOCA,C7,B0DF,Wonder Fruits,博多マルイ店,
SUGOCA,C7,B118,肉焼ベンジャミン,,JR博多駅博多口隣 JRJP博多ビル地下1階 駅から三百歩横丁
SUGOCA,C7,B119,エレナ,えきマチ1丁目店,えきマチ1丁目佐世保
SUGOCA,C7,B189,ファミリーマート,志布志二丁目店,
SUGOCA,C7,B19D,セブン‐イレブン,志免御手洗1丁目店,
SUGOCA,C7,B1C3,セブン‐イレブン,熊本下通アーケード店,
SUGOCA,C7,B205,ホテルルートイン,熊本駅前,
SUGOCA,C7,B208,ホテルルートイン,博多駅南,
SUGOCA,C7,B20A,ホテルルートイン,中津駅前,
SUGOCA,C7,B20B,ホテルルートイン,大分駅前,
SUGOCA,C7,B20C,ホテルルートイン,若宮インター,
SUGOCA,C7,B20D,ホテルルートイン,那覇泊港,
SUGOCA,C7,B20E,ホテルルートイン,佐賀駅前,
SUGOCA,C7,B210,ホテルルートイン,苅田駅前,
SUGOCA,C7,B212,ホテルルートイン,宮崎,
SUGOCA,C7,B213,ホテルルートイン,行橋,
SUGOCA,C7,B215,ホテルルートイン,博多駅前,
SUGOCA,C7,B216,ホテルルートイン,鳥栖駅前,
SUGOCA,C7,B21F,ファミリーマート,サンロード中青井店,
SUGOCA,C7,B22F,ホテルルートイン,八代,
SUGOCA,C7,B230,ホテルルートイン,延岡駅前,
SUGOCA,C7,B23D,ファミリーマート,宮崎橘通店,
SUGOCA,C7,B2C6,地場産くるめ,JR久留米駅店,JR久留米駅(改札外)2階 新幹線改札口向
SUGOCA,C7,B355,セブン‐イレブン,湯布院川上店,
SUGOCA,C7,B38D,CRAFT BIT DANNY CHURROS,,天神プライムビル 1階屋外
SUGOCA,C7,B38F,コクミンドラッグ,マイング店,
SUGOCA,C7,B3A7,ファミリーマート,枕崎新町店,
SUGOCA,C7,B3A8,ファミリーマート,枕崎新町店,
SUGOCA,C7,B3B7,ファミリーマート,松崎高見店,
SUGOCA,C7,B3B8,ファミリーマート,松崎高見店,
SUGOCA,C7,B418,ドン・キホーテ,浜町店,地下一階食品館
SUGOCA,C7,B44E,#立ち食い寿司#すし将軍,新天町店,
SUGOCA,C7,B44F,#立ち食い寿司#すし将軍,西中洲店,
SUGOCA,C7,B451,ドラッグイレブン,博多駅中央街店,
SUGOCA,C7,B471,ファミリーマート,久留米田主丸店,
SUGOCA,C7,B472,ファミリーマート,久留米田主丸店,
SUGOCA,C7,B4DF,ヤマザキショップ,福岡和白病院店,福岡和白病院 1階エントランス
SUGOCA,C7,B519,デイリーヤマザキ,佐世保三川内本町店,
SUGOCA,C7,B528,カルディコーヒーファーム,マイング博多店,
SUGOCA,C7,B583,ファミリーマート,福岡天神二丁目店,
SUGOCA,C7,B5AD,ファミリーマート,福岡流通センター店,
SUGOCA,C7,B682,ファミリーマート,八幡黒崎店,
SUGOCA,C7,B683,ファミリーマート,八幡黒崎店,
SUGOCA,C7,B6BD,サンタクシー,,
SUGOCA,C7,B7E3,天神B.B.Quisine,,福岡空港国内線旅客ターミナルビル 2階フードコート
SUGOCA,C7,B7E6,博多カレー研究所「博多とんこつ あごだしカレー」,福岡空港店,福岡空港国内線ターミナルビル2階 フードコート
SUGOCA,C7,B8BF,ファミリーマート,銘品蔵久留米駅店,JR久留米駅構内(改札外) 新幹線改札向
SUGOCA,C7,B8C0,ファミリーマート,銘品蔵久留米駅店,JR久留米駅構内(改札外) 新幹線改札向
SUGOCA,C7,B906,ミスタードーナツ,佐世保京町ショップ,
SUGOCA,C7,B911,ミスタードーナツ,佐伯ショップ,トキハインダストリー佐伯店 1階フードコート
SUGOCA,C7,B91B,ミスタードーナツ,吉塚パピオンショップ,
SUGOCA,C7,B927,ミスタードーナツ,JR熊本ショップ,JR熊本駅構内(改札外) 肥後よかモン市場
SUGOCA,C7,B93B,ミスタードーナツ,JR宮崎ショップ,JR宮崎駅構内(改札外) えきマチ1丁目宮崎南館
SUGOCA,C7,B953,ミスタードーナツ,福岡中洲ショップ,
SUGOCA,C7,B956,ミスタードーナツ,門司駅前ショップ,
SUGOCA,C7,B994,ローソン,日田中央一丁目店,
SUGOCA,C7,B9DF,清流タクシー,,
SUGOCA,C7,B9EB,清流タクシー,,
SUGOCA,C7,BA1F,ミスタードーナツ,大分ステーションショップ,JR大分駅構内(改札外) JRおおいたシティ豊後にわさき市場
SUGOCA,C7,BA25,ミスタードーナツ,JR小倉ショップ,JR小倉駅 アミュプラザ小倉西館1階
SUGOCA,C7,BA3F,ミスタードーナツ,えきマチ香椎ショップ,
SUGOCA,C7,BA46,はま寿司,都城店,
SUGOCA,C7,BA4E,はま寿司,博多千代店,
SUGOCA,C7,BA5D,はま寿司,福岡曰佐店,
SUGOCA,C7,BA9F,ブックオフ,大分敷戸店,
SUGOCA,C7,BAD0,ファミリーマート,福岡渡辺通三丁目店,
SUGOCA,C7,BAD1,ファミリーマート,福岡渡辺通三丁目店,
SUGOCA,C7,BAD2,ファミリーマート,福岡天神駅通り店,
SUGOCA,C7,BAD3,ファミリーマート,福岡天神駅通り店,
SUGOCA,C7,BAE7,文化タクシー,,
SUGOCA,C7,BB10,ファミリーマート,博多榎田一丁目店,
SUGOCA,C7,BB14,ミスタードーナツ,ゆめタウン博多ショップ,ゆめタウン博多1階
SUGOCA,C7,BB87,おらが蕎麦,博多一番街店,JR博多駅博多口 地下1階博多1番街
SUGOCA,C7,BBEE,マンガ倉庫,八代店,
SUGOCA,C7,BC5F,ファミリーマート,小倉駅新幹線口店,JR小倉駅 新幹線改札口通路向
SUGOCA,C7,BC60,ファミリーマート,小倉駅新幹線口店,JR小倉駅 新幹線改札口通路向
SUGOCA,C7,BC61,ファミリーマート,小倉駅新幹線口店,JR小倉駅 新幹線改札口通路向
SUGOCA,C7,BC90,ファミリーマート,臼杵熊崎店,
SUGOCA,C7,BCA1,セブン‐イレブン,長崎岩川町店,
SUGOCA,C7,BCB2,ファミリーマート,博多豊二丁目店,
SUGOCA,C7,BCB3,ファミリーマート,博多豊二丁目店,
SUGOCA,C7,BD5B,ファミリーマート,福岡渡辺通四丁目店,
SUGOCA,C7,BD7C,ファミリーマート,福岡薬院駅北口店,
SUGOCA,C7,BD7D,ファミリーマート,福岡薬院駅北口店,
SUGOCA,C7,BD87,ホテルルートイン,佐伯駅前,
SUGOCA,C7,BE0B,ミスタードーナツ,天神国体道路ショップ,
SUGOCA,C7,BE3C,日本観光交通,,
SUGOCA,C7,BE52,日本観光交通,,
SUGOCA,C7,BE81,マクドナルド,博多ゆめタウン店,ゆめタウン博多2階フードコート
SUGOCA,C7,BE8B,マクドナルド,3号線箱崎店,
SUGOCA,C7,BEA1,マクドナルド,福岡新天町店,
SUGOCA,C7,BEA3,マクドナルド,福岡新天町店,
SUGOCA,C7,BEA9,マクドナルド,薬院駅前店,
SUGOCA,C7,BFBF,ドン・キホーテ,中洲店,
SUGOCA,C7,C013,宮崎空港ビル,西売店,2F
SUGOCA,C7,C0EA,さかな市場,筑紫口店,JR博多駅筑紫口(改札外) 新幹線高架下
SUGOCA,C7,C19D,スターバックスコーヒー,KITTE博多店,KITTE博多地下1階
SUGOCA,C7,C19E,CORDUROY Cafe,KITTE博多店,KITTE博多地下1階
SUGOCA,C7,C19F,#どんぶり居酒屋#喜水丸,KITTE博多店,KITTE博多地下1階
SUGOCA,C7,C1A0,はかた天乃,KITTE博多店,KITTE博多地下1階
SUGOCA,C7,C1A1,串カツ田中,KITTE博多店,KITTE博多地下1階
SUGOCA,C7,C1A3,ぬる燗ぞっこん離れ,,KITTE博多地下1階
SUGOCA,C7,C1A5,#博多純情ラーメン#Shin-Shin,KITTE博多店,KITTE博多地下1階
SUGOCA,C7,C1A8,#モツビストロ#天神ホルモン,KITTE博多店,KITTE博多地下1階
SUGOCA,C7,C1AA,天丼てんや,KITTE博多店,KITTE博多地下1階
SUGOCA,C7,C1AB,リンガーハット,KITTE博多店,KITTE博多地下1階
SUGOCA,C7,C1AC,ホノルルコーヒー,KITTE博多店,KITTE博多地下1階
SUGOCA,C7,C1AF,#とんかつ#新宿さぼてん,KITTE博多店,KITTE博多9階レストラン街
SUGOCA,C7,C1B1,餃子のテムジン,KITTE博多店,
SUGOCA,C7,C1B2,#創作オムライス#ポムの樹,KITTE博多店,JR博多駅博多口 KITTE博多9階レストラン
SUGOCA,C7,C1B7,#沖縄料理#あだん,,KITTE博多9階レストラン街
SUGOCA,C7,C1BC,#上海料理#梅蘭,KITTE博多店,KITTE博多9階レストラン
SUGOCA,C7,C1CE,Brioche Dorée,KITTE博多店,
SUGOCA,C7,C1D1,#久留米#大砲ラーメン,KITTE博多店,JR博多駅博多口 KITTE博多9階レストラン
SUGOCA,C7,C1F3,マクドナルド,324本渡店,
SUGOCA,C7,C1F8,銀のすぷーん,博多店,JR博多駅(改札外) 博多駅マイング名店街
SUGOCA,C7,C22E,ホテルルートイン,日田駅前,
SUGOCA,C7,C237,マクドナルド,南宮崎店,
SUGOCA,C7,C2BE,ローソン,佐世保天満町店,
SUGOCA,C7,C2BF,ローソン,佐世保天満町店,
SUGOCA,C7,C2D2,ローソン,熊本健軍三丁目店,
SUGOCA,C7,C2D3,ローソン,熊本健軍三丁目店,
SUGOCA,C7,C2D4,ローソン,南鹿児島駅前店,
SUGOCA,C7,C2D5,ローソン,南鹿児島駅前店,
SUGOCA,C7,C2DA,ローソン,指宿宮ヶ浜店,
SUGOCA,C7,C2DB,ローソン,指宿宮ヶ浜店,
SUGOCA,C7,C2E0,マクドナルド,四ヶ町店,
SUGOCA,C7,C330,マクドナルド,北熊本店,
SUGOCA,C7,C35A,ローソン,高崎町大牟田店,
SUGOCA,C7,C373,ローソン,宮崎高松町店,
SUGOCA,C7,C377,ローソン,諫早幸町店,
SUGOCA,C7,C39E,ローソン,佐世保下京町店,
SUGOCA,C7,C39F,ローソン,佐世保下京町店,
SUGOCA,C7,C3FA,ローソン,宮崎老松一丁目店,
SUGOCA,C7,C400,ローソン,宮崎内海店,
SUGOCA,C7,C417,マクドナルド,ノース天神店,
SUGOCA,C7,C425,ローソン,諫早東小路町店,
SUGOCA,C7,C426,ローソン,諫早東小路町店,
SUGOCA,C7,C42F,ローソン,諫早永昌町店,
SUGOCA,C7,C430,セブン‐イレブン,諫早永昌町店,
SUGOCA,C7,C454,ローソン,鳥栖駅前店,
SUGOCA,C7,C455,ローソン,鳥栖駅前店,
SUGOCA,C7,C472,ローソン,人吉駒井田町店,
SUGOCA,C7,C473,ローソン,人吉駒井田町店,
SUGOCA,C7,C47E,ローソン,熊本阿蘇坊中店,
SUGOCA,C7,C47F,ローソン,熊本阿蘇坊中店,
SUGOCA,C7,C4A3,マクドナルド,中山バイパス店,
SUGOCA,C7,C4AF,ローソン,都城牟田町店,
SUGOCA,C7,C4DF,マクドナルド,吉塚店,
SUGOCA,C7,C4E2,マクドナルド,吉塚店,
SUGOCA,C7,C4EC,マクドナルド,門松店,
SUGOCA,C7,C4FA,ローソン,八代大村町店,
SUGOCA,C7,C4FB,ローソン,八代大村町店,
SUGOCA,C7,C525,マクドナルド,アミュプラザ博多店,JR博多駅博多口(改札外) アミュプラザ地下1階
SUGOCA,C7,C526,マクドナルド,アミュプラザ博多店,JR博多駅博多口(改札外) アミュプラザ地下1階
SUGOCA,C7,C527,マクドナルド,アミュプラザ博多店,JR博多駅博多口(改札外) アミュプラザ地下1階
SUGOCA,C7,C528,マクドナルド,アミュプラザ博多店,JR博多駅博多口(改札外) アミュプラザ地下1階
SUGOCA,C7,C5A2,ローソン,水俣桜井町三丁目店,
SUGOCA,C7,C5A3,ローソン,水俣桜井町三丁目店,
SUGOCA,C7,C5B2,マクドナルド,佐伯店,
SUGOCA,C7,C5C5,ローソン,宮崎高千穂通店,
SUGOCA,C7,C5C6,ローソン,宮崎高千穂通店,
SUGOCA,C7,C5D7,ローソン,長崎中園町店,
SUGOCA,C7,C5E9,ローソン,国見多比良港店,
SUGOCA,C7,C5F3,ローソン,肥後大津駅南店,
SUGOCA,C7,C5F4,ローソン,肥後大津駅南店,
SUGOCA,C7,C5FA,マクドナルド,東環状博多の森店,
SUGOCA,C7,C621,ローソン,諫早小野町店,
SUGOCA,C7,C65B,ローソン,熊本菊陽町津久礼店,
SUGOCA,C7,C67B,ローソン,延岡土々呂店,
SUGOCA,C7,C683,ローソン,宮崎駅前店,
SUGOCA,C7,C6DD,マクドナルド,日田店,
SUGOCA,C7,C6F0,ローソン,串木野神村学園前店,
SUGOCA,C7,C6F1,ローソン,串木野神村学園前店,
SUGOCA,C7,C6FB,マクドナルド,空港志免店,
SUGOCA,C7,C71C,ローソン,天草南新町店,
SUGOCA,C7,C723,マクドナルド,小倉駅前店,
SUGOCA,C7,C734,ローソン,那覇空港国内線搭乗口前店,那覇空港国内線ターミナルビル2階
SUGOCA,C7,C775,マクドナルド,福岡土井店,
SUGOCA,C7,C776,ローソン,南九州頴娃町店,
SUGOCA,C7,C777,ローソン,南九州頴娃町店,
SUGOCA,C7,C790,マクドナルド,和白店,
SUGOCA,C7,C791,ローソン,枕崎桜木町店,
SUGOCA,C7,C792,ローソン,枕崎桜木町店,
SUGOCA,C7,C7D6,マクドナルド,長崎家野町店,
SUGOCA,C7,C7E3,ローソン,八代袋町店,
SUGOCA,C7,C7E4,ローソン,八代袋町店,
SUGOCA,C7,C7E6,ローソン,小林中央通り店,
SUGOCA,C7,C829,ローソン,八代黄金町店,
SUGOCA,C7,C82A,ローソン,八代黄金町店,
SUGOCA,C7,C845,マクドナルド,グラード伊集院店,
SUGOCA,C7,C847,マクドナルド,グラード伊集院店,
SUGOCA,C7,C860,ローソン,都城五十市店,
SUGOCA,C7,C895,ローソン,霧島隼人日当山店,
SUGOCA,C7,C89A,ローソン,鹿児島谷山中央一丁目店,
SUGOCA,C7,C89B,ローソン,鹿児島谷山中央一丁目店,
SUGOCA,C7,C8AC,マクドナルド,健軍店,
SUGOCA,C7,C8FD,ローソン,JRJP博多ビル店,JR博多駅隣 JRJPビル1階
SUGOCA,C7,C8FE,ローソン,JRJP博多ビル店,JR博多駅隣 JRJPビル1階
SUGOCA,C7,C8FF,ローソン,JRJP博多ビル店,JR博多駅隣 JRJPビル1階
SUGOCA,C7,C904,ニューヤマザキデイリーストア,佐世保万徳町店,
SUGOCA,C7,C90B,ファミリーマート,福岡天神西通り店,
SUGOCA,C7,C926,ローソン,鹿児島中央バスターミナル店,
SUGOCA,C7,C927,ローソン,鹿児島中央バスターミナル店,
SUGOCA,C7,C92E,ファミリーマート,諫早小野町店,
SUGOCA,C7,C938,ファミリーマート,JR博多駅1ホーム店,JR博多駅 在来線1·2番のりば
SUGOCA,C7,C939,ファミリーマート,JR博多駅1ホーム店,JR博多駅 在来線1·2番のりば
SUGOCA,C7,C93B,ドラッグイレブン,京橋店,1階レジ
SUGOCA,C7,C9FE,セブン‐イレブン,三輪山隈店,
SUGOCA,C7,CA0F,ファミリーマート,JR延岡駅店,JR延岡駅構内(改札外)
SUGOCA,C7,CA10,ファミリーマート,JR延岡駅店,
SUGOCA,C7,CA14,ファミリーマート,福岡天神二丁目店,
SUGOCA,C7,CA18,ファミリーマート,福岡渡辺通五丁目店,
SUGOCA,C7,CA19,ファミリーマート,福岡渡辺通五丁目店,
SUGOCA,C7,CA56,セブン‐イレブン,博多区役所前店,
SUGOCA,C7,CA5C,ローソン,並木坂店,
SUGOCA,C7,CC63,ファミリーマート,福岡原田3丁目店,
SUGOCA,C7,CC64,ファミリーマート,福岡原田3丁目店,
SUGOCA,C7,CC73,ローソン,諫早小船越町店,
SUGOCA,C7,CC81,枕崎ステーションホテル,,
SUGOCA,C7,CC8C,ふるさとショップ,指宿駅構内売店,JR指宿駅 改札外コンコース
SUGOCA,C7,CF43,一風堂,西通り店,
SUGOCA,C7,CF73,コメダ珈琲店,福岡天神南店,
SUGOCA,C7,D03A,長崎原爆資料館,,
SUGOCA,C7,D051,#筑豊ラーメン#山小屋,新北九州空港店,北九州空港 旅客ターミナルビル3階
SUGOCA,C7,D1C4,日本海庄や,佐世保駅前店,JR佐世保駅(改札外) 東口高架下
SUGOCA,C7,D367,モスバーガー,黒崎店,
SUGOCA,C7,D36F,モスバーガー,六本松店,
SUGOCA,C7,D38E,モスバーガー,大分三重店,
SUGOCA,C7,D395,モスバーガー,二又瀬店,
SUGOCA,C7,D3C1,モスバーガー,福岡遠賀店,
SUGOCA,C7,D3DC,モスバーガー,博多中洲店,
SUGOCA,C7,D411,モスバーガー,大分鶴崎店,
SUGOCA,C7,D412,モスバーガー,大分鶴崎店,
SUGOCA,C7,D414,セブン‐イレブン,千鳥橋店,
SUGOCA,C7,D415,セブン‐イレブン,千鳥橋店,
SUGOCA,C7,D432,モスバーガー,福岡箱崎店,
SUGOCA,C7,D437,モスバーガー,松浦公園前店,
SUGOCA,C7,D43A,モスバーガー,佐賀江北店,
SUGOCA,C7,D449,セブン‐イレブン,篠栗八木山バイパス店,
SUGOCA,C7,D44A,セブン‐イレブン,篠栗八木山バイパス店,
SUGOCA,C7,D459,モスバーガー,天草本渡店,
SUGOCA,C7,D475,モスバーガー,小倉魚町店,
SUGOCA,C7,D479,セブン‐イレブン,行橋西宮市店,
SUGOCA,C7,D47A,セブン‐イレブン,行橋西宮市店,
SUGOCA,C7,D48F,モスバーガー,宮崎橘通り店,
SUGOCA,C7,D4B0,モスバーガー,ハンズマン菊陽店,ハンズマン菊陽店 2階テラス内
SUGOCA,C7,D4C0,モスバーガー,大分駅前店,
SUGOCA,C7,D4C1,モスバーガー,大分駅前店,
SUGOCA,C7,D4CE,セブン‐イレブン,博多駅東店,
SUGOCA,C7,D4D9,モスバーガー,博多筑紫口店,博多デイトスアネックス2階
SUGOCA,C7,D4FE,いきなり!ステーキ,福岡天神店,
SUGOCA,C7,D51D,九州銘菓,佐世保五番街店,佐世保五番街1階
SUGOCA,C7,D522,築地銀だこ,させぼ五番街店,JR佐世保駅みなと口 させぼ五番街プロムナード東ゾーン1階
SUGOCA,C7,D523,はなまるうどん,させぼ五番街店,JR佐世保駅みなと口 させぼ五番街プロムナード東ゾーン
SUGOCA,C7,D524,プルネール,させぼ五番街店,JR佐世保駅みなと口 させぼ五番街1階プロムナード東ゾーン
SUGOCA,C7,D552,ViTO,させぼ五番街店,
SUGOCA,C7,D57C,モスバーガー,福岡土井店,
SUGOCA,C7,D5CD,ローソン,八代大村東店,
SUGOCA,C7,D5CE,ローソン,八代大村東店,
SUGOCA,C7,D5DA,セブン‐イレブン,八代大手町店,
SUGOCA,C7,D5DB,セブン‐イレブン,八代大手町店,
SUGOCA,C7,D5EA,いきなり!ステーキ,小倉魚町店,
SUGOCA,C7,D613,セブン‐イレブン,博多千代1丁目店,
SUGOCA,C7,D614,セブン‐イレブン,博多千代1丁目店,
SUGOCA,C7,D63D,セブン‐イレブン,須恵新原店,
SUGOCA,C7,D63E,セブン‐イレブン,須恵新原店,
SUGOCA,C7,D680,セブン‐イレブン,福岡六本松店,
SUGOCA,C7,D681,セブン‐イレブン,福岡六本松店,
SUGOCA,C7,D688,セブン‐イレブン,福岡箱崎1丁目店,
SUGOCA,C7,D689,セブン‐イレブン,福岡箱崎1丁目店,
SUGOCA,C7,D693,セブン‐イレブン,門司小森江店,
SUGOCA,C7,D694,セブン‐イレブン,門司小森江店,
SUGOCA,C7,D787,紀伊國屋書店,福岡本店,博多バスターミナル6階
SUGOCA,C7,D789,紀伊國屋書店,福岡本店,博多バスターミナル6階
SUGOCA,C7,D78A,紀伊國屋書店,福岡本店,博多バスターミナル6階
SUGOCA,C7,D7AF,#焼きたてチーズタルト専門店#PABLO,小倉京町店,
SUGOCA,C7,D7FE,ローソン,宮崎橘通西三丁目店,
SUGOCA,C7,D7FF,ローソン,宮崎橘通西三丁目店,
SUGOCA,C7,D810,セブン‐イレブン,日田玉川バイパス店,
SUGOCA,C7,D811,セブン‐イレブン,日田玉川バイパス店,
SUGOCA,C7,D814,セブン‐イレブン,阿蘇西町店,
SUGOCA,C7,D815,セブン‐イレブン,阿蘇西町店,
SUGOCA,C7,D892,モスバーガー,筑紫通り店,
SUGOCA,C7,D8CB,セブン‐イレブン,博多馬出5丁目店,
SUGOCA,C7,D8CC,セブン‐イレブン,博多馬出5丁目店,
SUGOCA,C7,D928,セブン‐イレブン,宮崎橘通東4丁目店,
SUGOCA,C7,D929,セブン‐イレブン,宮崎橘通東4丁目店,
SUGOCA,C7,D94B,セブン‐イレブン,博多駅前通店,
SUGOCA,C7,D94C,セブン‐イレブン,博多駅前通店,
SUGOCA,C7,D94D,セブン‐イレブン,博多駅前通店,
SUGOCA,C7,D9CE,いきなり!ステーキ,福岡和白店,
SUGOCA,C7,DA02,セブン‐イレブン,博多中洲5丁目店,
SUGOCA,C7,DA03,セブン‐イレブン,博多中洲5丁目店,
SUGOCA,C7,DA0E,セブン‐イレブン,博多駅前朝日ビル店,
SUGOCA,C7,DA0F,セブン‐イレブン,博多駅前朝日ビル店,
SUGOCA,C7,DA1A,セブン‐イレブン,行橋宮市町店,
SUGOCA,C7,DA1B,セブン‐イレブン,行橋宮市町店,
SUGOCA,C7,DA7D,セブン‐イレブン,福岡吉井新馬場店,
SUGOCA,C7,DA7E,セブン‐イレブン,福岡吉井新馬場店,
SUGOCA,C7,DA81,セブン‐イレブン,佐世保上京町店,
SUGOCA,C7,DA82,セブン‐イレブン,佐世保上京町店,
SUGOCA,C7,DA83,セブン‐イレブン,佐世保上京町店,
SUGOCA,C7,DB0C,セブン‐イレブン,博多駅東2丁目店,
SUGOCA,C7,DB0D,セブン‐イレブン,博多駅東2丁目店,
SUGOCA,C7,DB0E,セブン‐イレブン,博多駅東2丁目店,
SUGOCA,C7,DB24,セブン‐イレブン,博多駅南1丁目店,
SUGOCA,C7,DB25,セブン‐イレブン,博多駅南1丁目店,
SUGOCA,C7,DB26,セブン‐イレブン,博多駅南1丁目店,
SUGOCA,C7,DB5E,セブン‐イレブン,博多中洲2丁目店,
SUGOCA,C7,DB5F,セブン‐イレブン,博多中洲2丁目店,
SUGOCA,C7,DB60,セブン‐イレブン,田川川崎町役場前店,
SUGOCA,C7,DB61,セブン‐イレブン,田川川崎町役場前店,
SUGOCA,C7,DB62,セブン‐イレブン,田川川崎町役場前店,
SUGOCA,C7,DB67,モスバーガー,JR熊本店,JR熊本駅構内(改札外) 肥後よかモン市場
SUGOCA,C7,DBDE,セブン‐イレブン,博多駅前管絃ビル店,
SUGOCA,C7,DC2C,セブン‐イレブン,篠栗西店,
SUGOCA,C7,DC2D,セブン‐イレブン,篠栗西店,
SUGOCA,C7,DC62,セブン‐イレブン,西都城駅前店,
SUGOCA,C7,DC63,セブン‐イレブン,西都城駅前店,
SUGOCA,C7,DC78,セブン‐イレブン,飯塚鯰田店,
SUGOCA,C7,DC79,セブン‐イレブン,飯塚鯰田店,
SUGOCA,C7,DD84,セブン‐イレブン,島原下川尻町店,
SUGOCA,C7,DD85,セブン‐イレブン,島原下川尻町店,
SUGOCA,C7,DDE3,セブン‐イレブン,福岡春吉3丁目店,
SUGOCA,C7,DDE4,セブン‐イレブン,福岡春吉3丁目店,
SUGOCA,C7,DE17,#まわる寿司#博多魚がし,博多駅マイング博多通り店,JR博多駅(改札外) マイング博多通り
SUGOCA,C7,DE2A,#純鶏名古屋コーチン#鶏三和,博多1番街店,JR博多駅博多口 博多1番街地下1階
SUGOCA,C7,DE39,セブン‐イレブン,八幡陣原店,
SUGOCA,C7,DE3A,セブン‐イレブン,八幡陣原店,
SUGOCA,C7,DE5F,セブン‐イレブン,福岡薬院駅前店,
SUGOCA,C7,DE84,セブン‐イレブン,遠賀今古賀店,
SUGOCA,C7,DE85,セブン‐イレブン,遠賀今古賀店,
SUGOCA,C7,DEDD,セブン‐イレブン,大分駅前店,
SUGOCA,C7,DEDE,セブン‐イレブン,大分駅前店,
SUGOCA,C7,DEF1,セブン‐イレブン,別府タワー店,
SUGOCA,C7,DEF2,セブン‐イレブン,別府タワー店,
SUGOCA,C7,DF45,セブン‐イレブン,宇美町役場前店,
SUGOCA,C7,DF46,セブン‐イレブン,宇美町役場前店,
SUGOCA,C7,DFE6,セブン‐イレブン,福岡箱崎6丁目店,
SUGOCA,C7,DFE7,セブン‐イレブン,福岡箱崎6丁目店,
SUGOCA,C7,DFE8,セブン‐イレブン,福岡箱崎6丁目店,
SUGOCA,C7,DFF3,セブン‐イレブン,博多豊1丁目店,
SUGOCA,C7,DFF4,セブン‐イレブン,博多豊1丁目店,
SUGOCA,C7,E067,セブン‐イレブン,福岡天神2丁目店,
SUGOCA,C7,E068,セブン‐イレブン,福岡天神2丁目店,
SUGOCA,C7,E069,セブン‐イレブン,福岡天神2丁目店,
SUGOCA,C7,E0D7,セブン‐イレブン,博多駅前2丁目店,
SUGOCA,C7,E0D8,セブン‐イレブン,博多駅前2丁目店,
SUGOCA,C7,E0D9,セブン‐イレブン,博多駅前2丁目店,
SUGOCA,C7,E181,セブン‐イレブン,佐伯インター店,
SUGOCA,C7,E182,セブン‐イレブン,佐伯インター店,
SUGOCA,C7,E193,セブン‐イレブン,佐伯蟹田店,
SUGOCA,C7,E194,セブン‐イレブン,佐伯蟹田店,
SUGOCA,C7,E1D3,セブン‐イレブン,飯塚市役所前店,
SUGOCA,C7,E1D4,セブン‐イレブン,飯塚市役所前店,
SUGOCA,C7,E1E9,セブン‐イレブン,福岡西中洲店,
SUGOCA,C7,E1EA,セブン‐イレブン,福岡西中洲店,
SUGOCA,C7,E1FE,セブン‐イレブン,福岡千早東駅前店,
SUGOCA,C7,E1FF,セブン‐イレブン,福岡千早東駅前店,
SUGOCA,C7,E200,セブン‐イレブン,福岡千早東駅前店,
SUGOCA,C7,E265,セブン‐イレブン,宮崎広島2丁目店,
SUGOCA,C7,E266,セブン‐イレブン,宮崎広島2丁目店,
SUGOCA,C7,E267,セブン‐イレブン,宮崎広島2丁目店,
SUGOCA,C7,E26E,セブン‐イレブン,福岡原田3丁目店,
SUGOCA,C7,E26F,セブン‐イレブン,福岡原田3丁目店,
SUGOCA,C7,E3ED,セブン‐イレブン,福岡流通センター店,
SUGOCA,C7,E3EE,セブン‐イレブン,福岡流通センター店,
SUGOCA,C7,E447,セブン‐イレブン,北九州空港店,北九州空港国内線到着口外
SUGOCA,C7,E448,セブン‐イレブン,北九州空港店,北九州空港国内線到着口外
SUGOCA,C7,E49A,セブン‐イレブン,別府流川通店,
SUGOCA,C7,E49B,セブン‐イレブン,別府流川通店,
SUGOCA,C7,E4F7,セブン‐イレブン,福岡筥松1丁目店,
SUGOCA,C7,E52A,セブン‐イレブン,博多中洲3丁目店,
SUGOCA,C7,E52B,セブン‐イレブン,博多中洲3丁目店,
SUGOCA,C7,E5A7,セブン‐イレブン,博多東光2丁目店,
SUGOCA,C7,E5A8,セブン‐イレブン,博多東光2丁目店,
SUGOCA,C7,E5A9,セブン‐イレブン,博多東光2丁目店,
SUGOCA,C7,E621,セブン‐イレブン,福岡箱崎5丁目店,
SUGOCA,C7,E622,セブン‐イレブン,福岡箱崎5丁目店,
SUGOCA,C7,E6C7,セブン‐イレブン,芦北田浦店,
SUGOCA,C7,E6C8,セブン‐イレブン,芦北田浦店,
SUGOCA,C7,E701,セブン‐イレブン,天草栄町店,
SUGOCA,C7,E702,セブン‐イレブン,天草栄町店,
SUGOCA,C7,E721,セブン‐イレブン,福岡春吉大通り店,
SUGOCA,C7,E722,セブン‐イレブン,福岡春吉大通り店,
SUGOCA,C7,E8BA,セブン‐イレブン,芦北町店,
SUGOCA,C7,E8BB,セブン‐イレブン,芦北町店,
SUGOCA,C7,E9CE,セブン‐イレブン,福岡箱崎7丁目店,
SUGOCA,C7,E9CF,セブン‐イレブン,福岡箱崎7丁目店,
SUGOCA,C7,EA0C,セブン‐イレブン,福岡西鉄香椎駅前店,
SUGOCA,C7,EA0D,セブン‐イレブン,福岡西鉄香椎駅前店,
SUGOCA,C7,EA6B,セブン‐イレブン,博多吉塚1丁目店,
SUGOCA,C7,EA6C,セブン‐イレブン,博多吉塚1丁目店,
SUGOCA,C7,EAB7,セブン‐イレブン,佐伯海崎店,
SUGOCA,C7,EAB8,セブン‐イレブン,佐伯海崎店,
SUGOCA,C7,EAD6,セブン‐イレブン,指宿渡瀬通り店,
SUGOCA,C7,EAD7,セブン‐イレブン,指宿渡瀬通り店,
SUGOCA,C7,EB59,セブン‐イレブン,朝倉中央店,
SUGOCA,C7,EB5A,セブン‐イレブン,朝倉中央店,
SUGOCA,C7,EB7B,セブン‐イレブン,大分空港店,大分空港 国内線ターミナル1階
SUGOCA,C7,EB7C,セブン‐イレブン,大分空港店,大分空港 国内線ターミナル1階
SUGOCA,C7,EB8B,セブン‐イレブン,福岡筥松3丁目店,
SUGOCA,C7,EB8C,セブン‐イレブン,福岡筥松3丁目店,
SUGOCA,C7,EB99,セブン‐イレブン,行橋大橋2丁目店,
SUGOCA,C7,EB9A,セブン‐イレブン,行橋大橋2丁目店,
SUGOCA,C7,EBCE,セブン‐イレブン,福岡渡辺通駅前店,
SUGOCA,C7,EC9E,セブン‐イレブン,黒崎コムシティ店,JR黒崎駅(改札外)南口 コムシティ1階
SUGOCA,C7,EC9F,セブン‐イレブン,黒崎コムシティ店,JR黒崎駅(改札外)南口 コムシティ1階
SUGOCA,C7,ED85,セブン‐イレブン,新水俣駅前店,
SUGOCA,C7,ED86,セブン‐イレブン,新水俣駅前店,
SUGOCA,C7,EE52,セブン‐イレブン,博多筑紫通り店,
SUGOCA,C7,EE53,セブン‐イレブン,博多筑紫通り店,
SUGOCA,C7,EE63,セブン‐イレブン,宮崎広島1丁目店,
SUGOCA,C7,EECC,RAGGRUPPI AIR,福岡空港店,福岡空港国内線ターミナル1階
SUGOCA,C7,EEE5,ロイヤルフードコート,福岡空港国際線ターミナル店,福岡空港国際線ターミナル4階
SUGOCA,C7,EEFF,HAKATA 空香 DINING,,福岡空港国内線 北到着ゲート向
SUGOCA,C7,EF2B,セブン‐イレブン,博多出来町通り店,
SUGOCA,C7,EF2C,セブン‐イレブン,博多出来町通り店,
SUGOCA,C7,EF2D,セブン‐イレブン,博多出来町通り店,
SUGOCA,C7,EFDA,セブン‐イレブン,福岡二又瀬店,
SUGOCA,C7,EFDB,セブン‐イレブン,福岡二又瀬店,
SUGOCA,C7,F00F,セブン‐イレブン,久留米田主丸店,
SUGOCA,C7,F010,セブン‐イレブン,久留米田主丸店,
SUGOCA,C7,F041,セブン‐イレブン,福岡馬出1丁目店,
SUGOCA,C7,F042,セブン‐イレブン,福岡馬出1丁目店,
SUGOCA,C7,F0B7,セブン‐イレブン,筑紫野警察署前店,
SUGOCA,C7,F0B8,セブン‐イレブン,筑紫野警察署前店,
SUGOCA,C7,F156,セブン‐イレブン,大分金池町2丁目店,
SUGOCA,C7,F157,セブン‐イレブン,大分金池町2丁目店,
SUGOCA,C7,F1DE,セブン‐イレブン,下和白店,
SUGOCA,C7,F1DF,セブン‐イレブン,下和白店,
SUGOCA,C7,F276,セブン‐イレブン,博多祇園町店,
SUGOCA,C7,F277,セブン‐イレブン,博多祇園町店,
SUGOCA,C7,F2D5,セブン‐イレブン,博多千代5丁目店,
SUGOCA,C7,F2D6,セブン‐イレブン,博多千代5丁目店,
SUGOCA,C7,F2F9,セブン‐イレブン,AIM済生会福岡総合病院店,済生会福岡総合病院1階
SUGOCA,C7,F2FA,セブン‐イレブン,AIM済生会福岡総合病院店,済生会福岡総合病院1階
SUGOCA,C7,F2FB,セブン‐イレブン,AIM済生会福岡総合病院店,済生会福岡総合病院1階
SUGOCA,C7,F30D,セブン‐イレブン,うきは高見店,
SUGOCA,C7,F30E,セブン‐イレブン,うきは高見店,
SUGOCA,C7,F370,セブン‐イレブン,博多中洲大通り店,
SUGOCA,C7,F371,セブン‐イレブン,博多中洲大通り店,
SUGOCA,C7,F3A8,セブン‐イレブン,福岡高校前店,
SUGOCA,C7,F3A9,セブン‐イレブン,福岡高校前店,
SUGOCA,C7,F3B2,セブン‐イレブン,南鹿児島駅前店,
SUGOCA,C7,F3B3,セブン‐イレブン,南鹿児島駅前店,
SUGOCA,C7,F3F5,セブン‐イレブン,博多人参通り店,
SUGOCA,C7,F3F6,セブン‐イレブン,博多人参通り店,
SUGOCA,C7,F3F7,セブン‐イレブン,博多人参通り店,
SUGOCA,C7,F462,セブン‐イレブン,福岡桜坂店,
SUGOCA,C7,F463,セブン‐イレブン,福岡桜坂店,
SUGOCA,C7,F4D9,セブン‐イレブン,博多堅粕3丁目店,
SUGOCA,C7,F4DA,セブン‐イレブン,博多堅粕3丁目店,
SUGOCA,C7,F557,セブン‐イレブン,福岡那の津ふ頭店,
SUGOCA,C7,F558,セブン‐イレブン,福岡那の津ふ頭店,
SUGOCA,C7,F606,セブン‐イレブン,福岡空港国際線店,福岡空港国際線ターミナルビル1階 到着ロビー
SUGOCA,C7,F651,セブン‐イレブン,小倉東篠崎2丁目店,
SUGOCA,C7,F652,セブン‐イレブン,小倉東篠崎2丁目店,
SUGOCA,C7,F690,セブン‐イレブン,篠栗御影橋店,
SUGOCA,C7,F691,セブン‐イレブン,篠栗御影橋店,
SUGOCA,C7,F6BA,セブン‐イレブン,福岡馬出2丁目店,
SUGOCA,C7,F6BB,セブン‐イレブン,福岡馬出2丁目店,
SUGOCA,C7,F726,セブン‐イレブン,九勧博多駅前ビル店,
SUGOCA,C7,F727,セブン‐イレブン,九勧博多駅前ビル店,
SUGOCA,C7,F728,セブン‐イレブン,九勧博多駅前ビル店,
SUGOCA,C7,F757,セブン‐イレブン,佐世保島地町店,
SUGOCA,C7,F758,セブン‐イレブン,佐世保島地町店,
SUGOCA,C7,F767,セブン‐イレブン,博多東比恵1丁目店,
SUGOCA,C7,F768,セブン‐イレブン,博多東比恵1丁目店,
SUGOCA,C7,F769,セブン‐イレブン,博多東比恵1丁目店,
SUGOCA,C7,F771,セブン‐イレブン,福岡松田2丁目店,
SUGOCA,C7,F772,セブン‐イレブン,福岡松田2丁目店,
SUGOCA,C7,F786,セブン‐イレブン,博多東比恵2丁目店,
SUGOCA,C7,F787,セブン‐イレブン,博多東比恵2丁目店,
SUGOCA,C7,F864,セブン‐イレブン,福岡センタービル店,
SUGOCA,C7,F865,セブン‐イレブン,福岡センタービル店,
SUGOCA,C7,F866,セブン‐イレブン,福岡センタービル店,
SUGOCA,C7,F929,セブン‐イレブン,日田三本松2丁目店,
SUGOCA,C7,F92A,セブン‐イレブン,日田三本松2丁目店,
SUGOCA,C7,F96A,セブン‐イレブン,佐世保駅前店,
SUGOCA,C7,F96B,セブン‐イレブン,佐世保駅前店,
SUGOCA,C7,F9B5,セブン‐イレブン,行橋市役所前店,
SUGOCA,C7,F9B6,セブン‐イレブン,行橋市役所前店,
SUGOCA,C7,F9D1,セブン‐イレブン,鹿児島谷山中央2丁目店,
SUGOCA,C7,F9D2,セブン‐イレブン,鹿児島谷山中央2丁目店,
SUGOCA,C7,FA41,セブン‐イレブン,博多三井ビル店,
SUGOCA,C7,FA42,セブン‐イレブン,博多三井ビル店,
SUGOCA,C7,FA43,セブン‐イレブン,博多三井ビル店,
SUGOCA,C7,FA45,セブン‐イレブン,BiVi福岡店,
SUGOCA,C7,FACD,セブン‐イレブン,博多山王2丁目店,
SUGOCA,C7,FACE,セブン‐イレブン,博多山王2丁目店,
SUGOCA,C7,FB4E,セブン‐イレブン,西鉄紫駅前店,
SUGOCA,C7,FB93,セブン‐イレブン,福岡春吉寺町通店,
SUGOCA,C7,FB94,セブン‐イレブン,福岡春吉寺町通店,
SUGOCA,C7,FC58,セブン‐イレブン,博多榎田南店,
SUGOCA,C7,FC59,セブン‐イレブン,博多榎田南店,
SUGOCA,C7,FC7E,セブン‐イレブン,博多中比恵公園前店,
SUGOCA,C7,FCA5,セブン‐イレブン,博多区役所前店,
SUGOCA,C7,FCA6,セブン‐イレブン,博多区役所前店,
SUGOCA,C7,FCA7,セブン‐イレブン,博多区役所前店,
SUGOCA,C7,FCC5,セブン‐イレブン,天草小松原町店,
SUGOCA,C7,FCE0,セブン‐イレブン,福岡今泉1丁目店,
SUGOCA,C7,FD07,セブン‐イレブン,小倉京町2丁目店,
SUGOCA,C7,FD67,ファミリーマート,おやま県庁前店,
SUGOCA,C7,FD68,ファミリーマート,おやま県庁前店,
SUGOCA,C7,FD7A,ファミリーマート,博多駅東一丁目店,
SUGOCA,C7,FD7C,ファミリーマート,博多駅東一丁目店,
SUGOCA,C7,FD7D,ファミリーマート,博多駅東一丁目店,
SUGOCA,C7,FDAA,セブン‐イレブン,福岡空港店,福岡空港国内線ターミナルビル1階 到着口/北ゲート向
SUGOCA,C7,FDAB,セブン‐イレブン,福岡空港店,福岡空港国内線ターミナルビル1階 到着口/北ゲート向
SUGOCA,C7,FDAC,セブン‐イレブン,福岡空港店,福岡空港国内線ターミナルビル1階 到着口/北ゲート向
SUGOCA,C7,FDAF,セブン‐イレブン,飯塚鯰田上町店,
SUGOCA,C7,FDB0,セブン‐イレブン,飯塚鯰田上町店,
SUGOCA,C7,FE3B,つくしの交通,,
SUGOCA,C7,FF39,ファミリーマート,銘品蔵熊本駅新幹線口店,JR熊本駅構内(改札外) 新幹線改札口向
SUGOCA,C7,FF3A,ファミリーマート,銘品蔵熊本駅新幹線口店,JR熊本駅構内(改札外) 新幹線改札向
SUGOCA,C7,FF45,セブン‐イレブン,博多住吉橋店,
SUGOCA,C7,FF46,セブン‐イレブン,博多住吉橋店,
SUGOCA,C7,FF8E,ドラッグイレブン,茅場町店,
SUGOCA,C8,1003,自動販売機,行橋市役所,1階総合案内(右奥)
SUGOCA,C8,1093,自動販売機,#JR大村線#諫早駅,3/4番線ホーム長崎方
SUGOCA,C8,10B6,自動販売機,#JR篠栗線#筑前大分駅,
SUGOCA,C8,10C7,自動販売機,#JR佐世保線#高橋駅,改札外 駅頭
SUGOCA,C8,10C8,自動販売機,#JR佐世保線#北方駅,改札外 駅頭
SUGOCA,C8,10DC,自動販売機,#JR九州#田川後藤寺駅,1番線ホーム改札口すぐ
SUGOCA,C8,111E,自動販売機,#JR長崎本線#肥前白石駅,改札内 改札口すぐ
SUGOCA,C8,1190,自動販売機,#JR筑豊本線#若松駅,改札外 待合室
SUGOCA,C8,12C3,自動販売機,#JR鹿児島本線#水城駅,構内(改札外) 改札口横待合室
SUGOCA,C8,1302,自動販売機,#JR佐世保線/西九州線#佐世保駅,改札外 中央コンコース観光案内所並び
SUGOCA,C8,138A,自動販売機,#JR大村線#ハウステンボス駅,改札外 待合室内
SUGOCA,C8,144C,自動販売機,福岡空港,喫煙所
SUGOCA,C8,1457,自動販売機,JR博多駅,在来線改札内 北のりかえ通路
SUGOCA,C8,1594,自動販売機,#JR日豊本線#重富駅,駅舎内
SUGOCA,C8,159A,自動販売機,#JR鹿児島本線#串木野駅,駅舎外
SUGOCA,C8,159B,自動販売機,#JR鹿児島本線#伊集院駅,ホーム
SUGOCA,C8,15C4,自動販売機,#JR日豊本線/鹿児島本線/指宿枕崎線#鹿児島中央駅,3番・4番のりば(鹿児島寄り)
SUGOCA,C8,15C8,自動販売機,#JR日豊本線/鹿児島本線#鹿児島中央駅,5番・6番のりば(広木寄り)
SUGOCA,C8,160F,自動販売機,#JR宮崎空港線#宮崎空港駅,改札口横(改札外)
SUGOCA,C8,161F,自動販売機,#JR鹿児島本線#神村学園前駅,ホーム
SUGOCA,C8,1623,自動販売機,#JR鹿児島本線/肥薩線#八代駅,2·3番線ホーム
SUGOCA,C8,16A7,自動販売機,#JR九州#鹿児島中央駅,5番・6番のりば (鹿児島寄り)
SUGOCA,C8,16AA,自動販売機,#JR肥薩線#人吉駅,
SUGOCA,C8,16D1,自動販売機,#JR鹿児島本線#上熊本駅,
SUGOCA,C8,1799,自動販売機,#JR日豊本線#佐伯駅,待合室内
SUGOCA,C8,17BB,自動販売機,#JR日豊本線#蓮ヶ池駅,
SUGOCA,C8,17CC,自動販売機,#肥薩おれんじ鉄道#水俣駅,待合室
SUGOCA,C8,17CE,自動販売機,#JR日豊本線#霧島神宮駅,待合室
SUGOCA,C8,184D,自動販売機,#JR日豊本線#財光寺駅,改札外 駅頭
SUGOCA,C8,1A06,自動販売機,#九州新幹線#熊本駅,上りホーム
SUGOCA,C8,2506,自動販売機,熊本県立第二高校,売店内
SUGOCA,C8,271D,まるうまラーメン,ぷらっと博多No.1,JR博多駅 在来線1・2番のりば
SUGOCA,C8,271E,まるうまラーメン,ぷらっと博多No.3,JR博多駅 在来線5・6番線ホーム
SUGOCA,C8,271F,まるうまラーメン,吉塚駅店,JR吉塚駅構内(改札外)
SUGOCA,C8,2720,ぷらっとラーメン,小倉駅店,小倉駅 在来線5，6番のりば
SUGOCA,C8,2721,小倉ホームうどん,#JR鹿児島本線#小倉駅3·4番ホーム,
SUGOCA,C8,2781,自動販売機,#JR筑肥線#今宿駅,改札外
SUGOCA,C8,2786,自動販売機,新飯塚駅,2·3番線ホーム
SUGOCA,C8,2789,自動販売機,#JR篠栗/筑豊本線#桂川駅,駅前 改札外
SUGOCA,C8,278A,自動販売機,#JR九州#長者原駅,篠栗線 1·2番線ホーム 博多方
SUGOCA,C8,27CA,自動販売機,#JR鹿児島本線#原田駅,2·3番線ホーム中程
SUGOCA,C8,27ED,博多ホームうどん店,,博多駅 在来線3·4番のりば
SUGOCA,C8,28B8,自動販売機,#JR鹿児島本線#二日市駅,1·2番ホーム
SUGOCA,C8,28ED,コインロッカー,博多駅マイング通り1号機,
SUGOCA,C8,28F0,コインロッカー,博多駅マイング通り4号機,
SUGOCA,C8,2909,SUGOCAチャージ機,九州旅客鉄道株式会社 本社,総合受付横
SUGOCA,C8,290A,大分駅物販チャージ機,,JRおおいたシティ 豊後にわさき市場
SUGOCA,C8,290E,SUGOCAチャージ機,鹿児島中央駅,鹿児島中央駅 総合観光案内所横
SUGOCA,C8,295C,自動販売機,#JR鹿児島本線#二日市駅,改札口前(改札内)
SUGOCA,C8,29C2,自動販売機,#JR香椎線#土井駅,1番ホーム
SUGOCA,C8,2A27,自動販売機,#JR鹿児島本線#吉塚駅,改札内 1階コンコース
SUGOCA,C8,2B43,JRおおいたシティ第2駐車場,出口精算機,
SUGOCA,C8,2B5D,コインロッカー,大分駅南口駅前,上野の森口(南口)駅前広場
SUGOCA,C8,2B8C,自動販売機,JR博多駅,在来線ホーム
SUGOCA,C8,2BC2,自動販売機,#JR鹿児島本線/肥薩線#八代駅,2·3番線ホーム
SUGOCA,C8,2BD2,自動販売機,#JR鹿児島本線#伊集院駅,ホーム
SUGOCA,C8,2BDE,自動販売機,#JR鹿児島本線/肥薩線#八代駅,2·3番線ホーム
SUGOCA,C8,2C52,JRおおいたシティ第3駐車場,出口精算機,
SUGOCA,C8,2C64,コインロッカー,JR大分駅北口,
SUGOCA,C8,2DAF,自動販売機,#JR鹿児島本線#吉塚駅,2·3番線ホーム
SUGOCA,C8,2DB0,自動販売機,#JR鹿児島本線#吉塚駅,4·5番線ホーム
SUGOCA,C8,2E14,自動販売機,#JR篠栗/筑豊本線#桂川駅,2·3番線ホーム
SUGOCA,C8,2F0D,自動販売機,#島原鉄道#南島原駅,1番線 ホーム諫早方
SUGOCA,C8,3407,自動販売機,#JR九州新幹線#筑後船小屋駅,新幹線 12·13番線
SUGOCA,C8,3CB2,タイトーステーション,福岡天神店,
SUGOCA,C8,3CB8,タイトーステーション,福岡天神店,
SUGOCA,C8,4062,自動販売機,JR鳥栖駅,構内(改札内) 1/2番ホーム最博多寄り
SUGOCA,C8,418C,自動販売機,佐世保市役所,地下1階売店入口
SUGOCA,C8,86C6,自動販売機,#JR指宿枕崎線#郡元駅,駐輪場
SUGOCA,C8,86CB,自動販売機,#JR長崎本線#浦上駅,1番ホーム
SUGOCA,C8,86DF,自動販売機,#JR大村線#大村駅,2番線ホーム(諫早方面)
SUGOCA,C8,8769,JRおおいたシティ第1駐車場,事前精算機,5階 西エレベータホール
SUGOCA,C8,876D,JRおおいたシティ第1駐車場,事前精算機,6階 東エレベータホール
SUGOCA,C8,876E,JRおおいたシティ第1駐車場,事前精算機,6階 中エレベータホール
SUGOCA,C8,8775,駅レンタカー,光の森駅駐車場,
SUGOCA,C8,87C3,自動販売機,,JR早岐駅(改札内) 1·2番線 佐世保方
SUGOCA,C8,87CF,松乃家,天神北店,
SUGOCA,C8,87D0,松屋,天神店,
SUGOCA,C8,87D1,松屋,博多駅前店,
SUGOCA,C8,87D2,松屋,中洲店,
SUGOCA,C8,87D5,松屋,大名1丁目店,
SUGOCA,C8,87D6,松屋,二又瀬店,
SUGOCA,C8,87D7,松屋,吉塚店,
SUGOCA,C8,87DC,松屋,小倉駅前店,
SUGOCA,C8,87DD,松屋,小倉片野店,
SUGOCA,C8,87E8,JQパークス,武蔵塚駅前,
SUGOCA,C8,87EE,琉球村,那覇空港店,那覇空港国内線ターミナルビル4階
SUGOCA,C8,87F0,自動販売機,#JR鹿児島本線#串木野駅,駅舎外
SUGOCA,C8,881E,市営鳥栖駅東駐車場,,
SUGOCA,C8,8861,博多ホームうどん,,JR博多駅構内(在来線改札内) 3/4番線
SUGOCA,C8,887F,松屋,吉塚店,
SUGOCA,C8,8883,博多一幸舎,博多デイトス店,JR博多駅構内(改札外) 博多デイトス2階 博多めん街道
SUGOCA,C8,88A1,つじ田,福岡空港店,福岡空港国内線ターミナル 3階ラーメン滑走路(フードコート)
SUGOCA,C8,A5E1,SUGOCAチャージ機,タイトーステーション アミュプラザおおいた店,JRおおいたシティ アミュプラザおおいた4階
SUGOCA,C8,A9C9,リンガーハット,博多デイトスアネックス店,博多デイトスアネックス1階
Suica,C7,0091,セブン‐イレブン,渋谷道玄坂中央店,
Suica,C7,00A9,#個人#宇都タクシー,東京都個人タクシー協同組合,目黒第一支部
Suica,C7,01D6,新宿ピカデリー,,3Fグッズ売場
Suica,C7,01D8,新宿ピカデリー,,3Fフード・ドリンク売場
Suica,C7,01FC,ビックカメラ,AKIBA,5F
Suica,C7,01FF,ビックカメラ,AKIBA,5F
Suica,C7,027E,セブン‐イレブン,有楽町駅前店,
Suica,C7,02B4,セブン‐イレブン,虎ノ門1丁目店,
Suica,C7,02C6,セブン‐イレブン,新潟浜町店,
Suica,C7,034A,ファミリーマート,長瀞中野上店,
Suica,C7,034B,ファミリーマート,長瀞中野上店,
Suica,C7,03B9,フーディアム,下北沢,
Suica,C7,03D2,日本レストランエンタプライズ,東京弁当営業支店,
Suica,C7,03D3,セブン‐イレブン,渋谷神南小学校西店,
Suica,C7,03D4,セブン‐イレブン,渋谷神南小学校西店,
Suica,C7,03D5,セブン‐イレブン,渋谷神南小学校西店,
Suica,C7,03D6,ウエルシア,袋井諸井店,
Suica,C7,03D7,ウエルシア,袋井諸井店,
Suica,C7,03F8,駅弁屋 品川宿,品川1号売店,JR品川駅(中央改札内)
Suica,C7,0407,駅弁屋 祭,JR東京駅,在来線改札内 1階セントラルストリート
Suica,C7,0420,駅弁屋,東京22号売店,東京駅 新幹線20・21番線ホーム(中ほど)
Suica,C7,047B,駅弁屋,大宮2号売店,JR大宮駅 17・18番線ホーム(盛岡寄り)
Suica,C7,047F,駅弁屋,大宮2号売店,JR大宮駅 17・18番線ホーム(盛岡寄り)
Suica,C7,0501,マクドナルド,明治通り尾久店,
Suica,C7,0515,マクドナルド,初台店,
Suica,C7,056D,ファミリーマート,はまりん戸塚駅店,
Suica,C7,061F,セブン‐イレブン,六日町駅西店,
Suica,C7,0680,しゃぽーるーじゅ,世界貿易センタービル店,世界貿易センタービルBF
Suica,C7,070A,山田うどん,蒲田店,
Suica,C7,0747,ファミリーマート,はまりん戸塚駅店,
Suica,C7,0749,ファミリーマート,はまりん戸塚駅店,
Suica,C7,07BE,セブン‐イレブン,港区虎ノ門駅南店,
Suica,C7,07D1,Looking Glass Gifts,,東京ディズニーランドホテル1階
Suica,C7,0872,マクドナルド,JR水戸駅店,JR水戸駅構内(改札外) 駅ビル2階
Suica,C7,092C,セブン‐イレブン,西麻布3丁目六本木通り店,
Suica,C7,092E,セブン‐イレブン,西麻布3丁目六本木通り店,
Suica,C7,0937,セブン‐イレブン,仙台卸町3丁目,
Suica,C7,094D,マクドナルド,春日駅前店,春日タワー1F
Suica,C7,094E,マクドナルド,春日駅前店,春日タワー1F
Suica,C7,094F,マクドナルド,春日駅前店,春日タワー1F
Suica,C7,0A02,マルマンストア,日本橋馬喰町店,
Suica,C7,0A63,マクドナルド,京成千葉中央店,
Suica,C7,0A64,マクドナルド,京成千葉中央店,
Suica,C7,0A65,マクドナルド,京成千葉中央店,
Suica,C7,0AB9,塩尻観光センター物販店,,
Suica,C7,0AD2,マクドナルド,銚子駅前店,
Suica,C7,0AD3,マクドナルド,銚子駅前店,
Suica,C7,0AD4,マクドナルド,銚子駅前店,
Suica,C7,0AF6,デイリーヤマザキ,臨海副都心青海店,
Suica,C7,0AF7,デイリーヤマザキ,臨海副都心青海店,
Suica,C7,0AF8,デイリーヤマザキ,臨海副都心青海店,
Suica,C7,0AFF,デイリーヤマザキ,新宿3丁目店,
Suica,C7,0B00,デイリーヤマザキ,新宿3丁目店,
Suica,C7,0C4B,マクドナルド,横浜西口店,
Suica,C7,0CE3,ブックオフプラス,横浜伊勢佐木モール,3F売場
Suica,C7,0D0D,デイリーヤマザキ,松戸駅東口店,松戸駅東口前デッキ下
Suica,C7,0D52,ドラッグセイムス,牛浜店,
Suica,C7,0D71,ニューヤマザキデイリーストア,JR白山駅前店,
Suica,C7,0D7A,ライフ,京急蒲田駅前店,
Suica,C7,0E91,栄華楼,品川グランドセントラルタワー店,
Suica,C7,0EB1,サークルK,五泉木越店,
Suica,C7,0F94,セブン‐イレブン,逗子桜山3丁目店,
Suica,C7,0FDB,マクドナルド,千葉富士見町店,
Suica,C7,0FDC,マクドナルド,千葉富士見町店,
Suica,C7,0FDD,マクドナルド,千葉富士見町店,
Suica,C7,0FDE,マクドナルド,千葉富士見町店,
Suica,C7,102B,ドトールコーヒーショップ,藤沢南口店,
Suica,C7,10C5,サンマルクカフェ,ららぽーと新三郷店,三井ショッピングパークららぽーと新三郷内1階
Suica,C7,1163,サークルK,木曽上松店,
Suica,C7,117E,イオンスーパーセンター,釜石店,イオンタウン釜石
Suica,C7,11F9,あみあみ,秋葉原ラジオ会館店,
Suica,C7,11FB,NEW YORKER'S Cafe,高田馬場1丁目店,
Suica,C7,11FC,セブン‐イレブン,世田谷北沢2丁目店,
Suica,C7,12D1,マクドナルド,郡山駅西口店,
Suica,C7,12D3,タリーズコーヒー,虎ノ門桜田通り店,虎ノ門センタービル1F
Suica,C7,12E5,セブン‐イレブン,明大前すずらん通り店,
Suica,C7,1327,ファミマ!!,虎ノ門ヒルズ店,虎ノ門ヒルズ森タワー3F
Suica,C7,1342,セブン‐イレブン,渋谷駅西店,
Suica,C7,1343,セブン‐イレブン,渋谷駅西店,
Suica,C7,1344,セブン‐イレブン,渋谷駅西店,
Suica,C7,136B,セブン‐イレブン,下北沢駅南口店,
Suica,C7,13C8,イオン,茅ヶ崎中央店,1階
Suica,C7,13F9,サンクス,明大前北店,
Suica,C7,142C,セブン‐イレブン,下越加治川店,
Suica,C7,142D,セブン‐イレブン,下越加治川店,
Suica,C7,1477,ポポンデッタ,秋葉原店,2階
Suica,C7,1479,ポポンデッタ,秋葉原店,
Suica,C7,14B0,マクドナルド,代々木店,
Suica,C7,1519,天然温泉 テルマー湯,,
Suica,C7,1606,イオンスタイル,豊田,1F
Suica,C7,160E,デイリーヤマザキ,秋田南バイパス店,
Suica,C7,166A,サンクス,代々木東口店,
Suica,C7,16A5,#新潟かつ丼#政家,新潟駅南店,
Suica,C7,16B0,ブックオフ,平塚駅西口店,
Suica,C7,16DB,サンクス,盛岡上堂二丁目店,
Suica,C7,17A9,かっぱ寿司,平塚店,
Suica,C7,17D6,サンクス,横手二番町店,
Suica,C7,17D7,サンクス,横手二番町店,
Suica,C7,17E3,徳島・香川トモニ市場,,東京交通会館1階
Suica,C7,18CA,十字屋,山形店,地下食料品売場 セントラルレジ
Suica,C7,18E7,オリオン書房,アレア店,アレアレア2 (3階)
Suica,C7,18EB,オリオン書房,ノルテ店,パークアベニュー3階
Suica,C7,1909,ファミリーマート,神田駅北店,
Suica,C7,190A,ファミリーマート,神田駅北店,
Suica,C7,190B,ファミリーマート,神田駅北店,
Suica,C7,1910,ファミリーマート,東船橋駅南口店,
Suica,C7,1937,ファミリーマート,中池袋公園北店,
Suica,C7,1938,ファミリーマート,中池袋公園北店,
Suica,C7,1939,ファミリーマート,中池袋公園北店,
Suica,C7,1996,サンクス,olinas錦糸町店,
Suica,C7,19A9,イオン,みぶ店,
Suica,C7,1A59,サンクス,横手大町店,
Suica,C7,1A7C,ハードオフ,三鷹店,
Suica,C7,1AAA,DiCE,大森店,
Suica,C7,1ABF,マクドナルド,六本木ヒルズ店,
Suica,C7,1AC0,マクドナルド,六本木ヒルズ店,
Suica,C7,1AD6,サンクス,北上中央店,
Suica,C7,1AF9,マクドナルド,平塚駅南口店,
Suica,C7,1B01,サンクス,中野駅南店,
Suica,C7,1B20,イオン,与野店,
Suica,C7,1B25,イオン,与野店,
Suica,C7,1B2E,イオン,与野店,
Suica,C7,1B41,日本レストランエンタプライズ,東京列車営業支店,
Suica,C7,1BA2,日本レストランエンタプライズ,東京列車営業支店,
Suica,C7,1BD0,日本レストランエンタプライズ,東京列車営業支店,新宿営業所
Suica,C7,1BDB,日本レストランエンタプライズ,東京列車営業支店,新宿営業所
Suica,C7,1BE3,サンクス,熊谷駅南口店,
Suica,C7,1C02,日本レストランエンタプライズ,東京列車営業支店,新宿営業所
Suica,C7,1C3D,日本レストランエンタプライズ,東京列車営業支店,
Suica,C7,1C43,やまびこ131号,車内販売,日本レストランエンタプライズ 仙台列車営業支店
Suica,C7,1CB7,サンクス,弘前アプリーズ店,
Suica,C7,1CD2,日本レストランエンタプライズ,盛岡列車営業支店,
Suica,C7,1CDD,サンクス,八戸城下店,
Suica,C7,1CE0,日本レストランエンタプライズ,盛岡列車営業支店,
Suica,C7,1CEF,日本レストランエンタプライズ,盛岡列車営業支店,新青森営業所
Suica,C7,1CF0,日本レストランエンタプライズ,盛岡列車営業支店,新青森営業所
Suica,C7,1D17,日本レストランエンタプライズ,盛岡列車営業支店,新青森営業所
Suica,C7,1D2F,日本レストランエンタプライズ,いわき列車営業支店,ひたち 車内販売
Suica,C7,1D33,日本レストランエンタプライズ,いわき列車営業支店,ひたち 車内販売
Suica,C7,1D53,日本レストランエンタプライズ,秋田列車営業支店,
Suica,C7,1D58,日本レストランエンタプライズ,秋田列車営業支店,
Suica,C7,1D5D,日本レストランエンタプライズ,秋田列車営業支店,
Suica,C7,1D6B,日本レストランエンタプライズ,松本列車営業支店,
Suica,C7,1DA5,日本レストランエンタプライズ,新潟列車営業支店,
Suica,C7,1DB1,日本レストランエンタプライズ,新潟列車営業支店,
Suica,C7,1DBA,サンクス,厚木元町店,
Suica,C7,1DBE,日本レストランエンタプライズ,新潟列車営業支店,
Suica,C7,1DC5,日本レストランエンタプライズ,新潟列車営業支店,
Suica,C7,1DDA,日本レストランエンタプライズ,新潟列車営業支店,
Suica,C7,1E06,アピタ,足利店,食品売場
Suica,C7,1E07,アピタ,足利店,食品売場
Suica,C7,1E08,アピタ,足利店,食品売場
Suica,C7,1E09,アピタ,足利店,食品売場
Suica,C7,1E0A,アピタ,足利店,食品売場
Suica,C7,1F42,いい菜&ゼスト,港北店,ショッピングタウンあいたい2F
Suica,C7,1FE6,パスタ・デ・ココ,港区西新橋烏森通店,河野ビル1F
Suica,C7,2020,カレーハウスCoCo壱番屋,JR大船駅笠間口店,
Suica,C7,2031,ホテルルートイン,鴻巣,
Suica,C7,205B,ブックオフ,新潟駅南口店,
Suica,C7,20AE,カレーハウスCoCo壱番屋,深谷駅前店,
Suica,C7,20C4,MEGAドン・キホーテ,立川店,2階レジ
Suica,C7,20C9,MEGAドン・キホーテ,立川店,1階レジ
Suica,C7,20CA,MEGAドン・キホーテ,立川店,1階レジ
Suica,C7,20CB,MEGAドン・キホーテ,立川店,1階レジ
Suica,C7,20CC,MEGAドン・キホーテ,立川店,1階レジ
Suica,C7,20CD,MEGAドン・キホーテ,立川店,1階レジ
Suica,C7,20E4,釈迦堂PA(下り線),ハイウェイショップ,#中央自動車道#釈迦堂PA下り線
Suica,C7,20E5,境川PA(上り線),ハイウェイショップ,#中央自動車道#境川PA上り線
Suica,C7,21AC,トモズ,恵比寿ガーデンプレイス店,恵比寿ガーデンプレイスB1F
Suica,C7,21CD,ザ・ビッグ エクスプレス,花ノ木店,
Suica,C7,21CF,ザ・ビッグ エクスプレス,花ノ木店,
Suica,C7,21D1,ザ・ビッグ エクスプレス,花ノ木店,
Suica,C7,21D2,ザ・ビッグ エクスプレス,花ノ木店,
Suica,C7,2275,イオン,鳥羽店,1階 食料品売場レジ
Suica,C7,2304,ザ・ビッグ エクスプレス,花ノ木店,
Suica,C7,2305,ザ・ビッグ エクスプレス,花ノ木店,
Suica,C7,2409,デイリーヤマザキ,滝沢巣子ニュータウン店,
Suica,C7,240A,デイリーヤマザキ,滝沢巣子ニュータウン店,
Suica,C7,2443,ANA SKY SHOP,国内線機内販売,JA73AN
Suica,C7,2461,デイリーヤマザキ,上越市南高田駅前店,
Suica,C7,246A,ファミリーマート,有明フロンティア店,有明フロンティアビル
Suica,C7,248F,デイリーヤマザキ,駒ケ岳SA(下り)店,#中央自動車道#駒ケ岳SA(下り線)
Suica,C7,24BA,ファミリーマート,文京シビックセンター店,
Suica,C7,24BB,ファミリーマート,文京シビックセンター店,
Suica,C7,2529,第3シーサイドカフェ,,羽田空港 国内線第2ターミナル 63番ゲート付近
Suica,C7,25EE,ANA SKY SHOP,国内線機内販売,JA704A
Suica,C7,25F6,ANA SKY SHOP,国内線機内販売,
Suica,C7,25F9,ANA SKY SHOP,国内線機内販売,JA85AN
Suica,C7,2692,ANA SKY SHOP,国内線機内販売,JA359K
Suica,C7,2734,セブン‐イレブン,北坂戸駅東口店,
Suica,C7,2735,セブン‐イレブン,北坂戸駅東口店,
Suica,C7,2739,NewDays KIOSK,立川東改札外店,JR立川駅 東改札外 南口方面側
Suica,C7,273A,NewDays KIOSK,立川東改札外店,JR立川駅 東改札外 南口方面側
Suica,C7,273D,サークルK,平川平賀駅前店,
Suica,C7,2749,セブン‐イレブン,東池袋明治通り店,
Suica,C7,274B,セブン‐イレブン,須賀川駅前店,
Suica,C7,274F,ニューデイズ,大船北口,北口改札脇
Suica,C7,2754,ニューデイズ,池袋15号,JR池袋駅 1·2番線 赤羽方
Suica,C7,2780,ウエルシア,茅野本町店,
Suica,C7,2781,ファーストキッチン,日比谷シャンテ前店,
Suica,C7,27A7,KIOSK,八戸2号,八戸駅在来線構内
Suica,C7,27A8,ニューデイズ,新小岩北口,JR新小岩駅北口 改札外
Suica,C7,27A9,ニューデイズ,新小岩北口,JR新小岩駅北口 改札外
Suica,C7,27AD,ファミリーマート,中野駅南口本通り店,
Suica,C7,27AE,ファミリーマート,中野駅南口本通り店,
Suica,C7,27AF,ファミリーマート,中野駅南口本通り店,
Suica,C7,27B9,マクドナルド,105本荘店,
Suica,C7,27F7,ニューデイズ,蘇我3号,3・4番線ホーム
Suica,C7,27F8,ニューデイズ,大宮15号,JR大宮駅 北改札内 正面
Suica,C7,280B,ニューデイズ,南船橋1号,南船橋駅(改札内)コンコース
Suica,C7,2821,KIOSK,新宿北通路店,
Suica,C7,2832,KIOSK,渋谷1号,JR渋谷駅 2番線山手線内回りホーム 原宿方
Suica,C7,2897,マクドナルド,鶴岡IZMO店,
Suica,C7,28F1,ファミリーマート,初台交差点前店,
Suica,C7,2945,セイコーマート,瓜連店,
Suica,C7,2970,セイコーマート,まちだ店,
Suica,C7,2971,ファミリーマート,千葉富士見二丁目店,
Suica,C7,2972,ファミリーマート,千葉富士見二丁目店,
Suica,C7,2973,ファミリーマート,千葉富士見二丁目店,
Suica,C7,29AB,セブン‐イレブン,長瀞岩畳店,
Suica,C7,29AC,セブン‐イレブン,長瀞岩畳店,
Suica,C7,29AD,セブン‐イレブン,長瀞岩畳店,
Suica,C7,2AA4,ジュンク堂書店,立川高島屋店,立川タカシマヤ6階
Suica,C7,2AAF,セブン‐イレブン,川崎駅前南店,
Suica,C7,2AB0,セブン‐イレブン,川崎駅前南店,
Suica,C7,2AB1,セブン‐イレブン,川崎駅前南店,
Suica,C7,2ACD,saeki,たかの台食品館,
Suica,C7,2AD6,ファミリーマート,千葉弁天四丁目店,
Suica,C7,2B6F,セブン‐イレブン,芝大門1丁目店,
Suica,C7,2B94,やまや,青山1丁目店,
Suica,C7,2B9B,やまや,道玄坂上店,E・スペースタワー1F
Suica,C7,2B9C,やまや,道玄坂上店,E・スペースタワー1F
Suica,C7,2B9D,やまや,道玄坂上店,E・スペースタワー1F
Suica,C7,2B9E,やまや,道玄坂上店,E・スペースタワー1F
Suica,C7,2BA0,やまや,芝大門店,
Suica,C7,2C4E,セブン‐イレブン,明星大学 日野校,大学会館1階
Suica,C7,2C50,イタリアン・トマト CafeJr.,東大駒場店,
Suica,C7,2C95,カレーハウスCoCo壱番屋,JR蒲田駅東口店,
Suica,C7,2CBB,#釜揚げうどん#水山,新宿店,紀伊国屋ビルB1F
Suica,C7,2D52,らーめん鐵匠,タカシマヤフードメゾン新横浜店,新横浜駅
Suica,C7,2F2A,ドン・キホーテ,藤沢駅南口店,1F売場
Suica,C7,2F3B,マクドナルド,宇都宮西口店,
Suica,C7,2F43,セブン‐イレブン,銀座7丁目店,
Suica,C7,2F44,セブン‐イレブン,銀座7丁目店,
Suica,C7,2F53,ニューデイズ,大崎店,大崎駅改札内
Suica,C7,2F54,ニューデイズ,大崎店,大崎駅改札内
Suica,C7,2F61,ニューデイズ,品川,#JR東日本#品川駅高輪口 1階
Suica,C7,2F71,ファミリーマート,大通り二丁目店,
Suica,C7,2F75,ニューデイズ,甲府,甲府駅(改札内)コンコース
Suica,C7,2F85,ニューデイズ,京葉ストリート,東京駅在来線改札内 京葉ストリート
Suica,C7,2F8A,NewDaysミニ,松本1ホーム,松本駅 1番線ホーム そば店隣
Suica,C7,2F8D,NewDaysミニ,京葉1A,東京駅 京葉地下ホーム1・2番線 八丁堀方
Suica,C7,2F8F,NewDaysミニ,京葉1B,東京駅 京葉地下ホーム1・2番線 丸の内方
Suica,C7,2F91,NewDaysミニ,京葉2A,東京駅 京葉地下ホーム3・4番線 八丁堀方
Suica,C7,2F94,NewDaysミニ,京葉2B,東京駅 京葉地下3・4番線ホーム 丸の内方
Suica,C7,2FA5,ニューデイズ,大崎北口店,大崎駅改札外
Suica,C7,2FAA,NewDaysミニ,秋葉原1号,JR秋葉原駅 5番線 総武線上りホーム 中央
Suica,C7,2FC0,ニューデイズ,甲府,甲府駅(改札内)コンコース
Suica,C7,2FC2,NewDaysミニ,上野7号,JR上野駅 中2階コンコース
Suica,C7,2FC3,NewDaysミニ,上野7号,JR上野駅 中2階コンコース
Suica,C7,2FC4,NewDaysミニ,上諏訪1号,上諏訪駅(改札外)待合室内
Suica,C7,2FC7,ニューデイズ,上野入谷改札外,
Suica,C7,2FCE,NewDaysミニ,渋川店,
Suica,C7,2FD1,ニューデイズ,上野公園通路店,JR上野駅構内3階
Suica,C7,2FD2,ニューデイズ,上野不忍口,アトレ上野1F
Suica,C7,2FD3,ニューデイズ,上野不忍口,アトレ上野1F
Suica,C7,2FE6,ニューデイズ,池袋北口,池袋駅 改札外 北通路
Suica,C7,2FE7,ニューデイズ,池袋北口,池袋駅 改札外 北通路
Suica,C7,3000,NewDaysミニ,大久保1号,大久保駅 北口(改札外)
Suica,C7,3001,NewDaysミニ,大久保1号,大久保駅 北口(改札外)
Suica,C7,3003,ニューデイズ,蘇我5号,蘇我駅 5·6番線ホーム 浜野方
Suica,C7,3006,NewDaysミニ,中野8号,中野駅第3ホーム5·6番線ホーム
Suica,C7,3007,NewDaysミニ,中野8号,中野駅第3ホーム5·6番線ホーム
Suica,C7,3014,ニューデイズ,新松戸,
Suica,C7,3022,NewDaysミニ,立川6号,立川駅3·4番線ホーム(中央線上りホーム)7号車付近
Suica,C7,3028,ニューデイズ,立川店,JR立川駅(改札外)東改札横
Suica,C7,3029,ニューデイズ,立川店,JR立川駅(改札外)東改札横
Suica,C7,302A,ニューデイズ,立川店,JR立川駅(改札外)東改札横
Suica,C7,302E,ニューデイズ,郡山3号,郡山駅1F改札外
Suica,C7,302F,ニューデイズ,郡山3号,郡山駅1F改札外
Suica,C7,3033,NewDaysミニ,甲府6号,甲府駅 中央本線下り・身延線ホーム 東京方
Suica,C7,303A,NewDaysミニ,馬喰町1号,JR馬喰町駅 コンコース 西口側
Suica,C7,3041,NewDaysミニ,錦糸町5号,JR錦糸町駅1・2番線ホーム 千葉方
Suica,C7,3042,NewDaysミニ,錦糸町5号,JR錦糸町駅1・2番線ホーム 千葉方
Suica,C7,3044,NewDaysミニ,錦糸町7号,JR錦糸町駅 3・4番線ホーム千葉方
Suica,C7,3045,NewDaysミニ,亀戸1号,JR亀戸駅 北口改札内
Suica,C7,3046,NewDaysミニ,亀戸1号,JR亀戸駅 北口改札内
Suica,C7,305A,NewDaysミニ,幕張本郷1号,JR幕張本郷駅(改札外)改札口正面
Suica,C7,305B,NewDaysミニ,幕張本郷1号,JR幕張本郷駅(改札外)改札口正面
Suica,C7,30A7,ドトールコーヒーショップ,JR岡山駅店,サンフェスタ岡山内1階
Suica,C7,30B0,びっくりドンキー,小平大沼店,
Suica,C7,30DF,ニューデイズ,新青森旬味館店,JR新青森駅
Suica,C7,30E0,KIOSK,郡山12号,新幹線13番ホーム
Suica,C7,30E6,NEWDAYS+くすり,品川south店,JR東日本 品川駅構内
Suica,C7,30E7,とんとん市場,深谷店,
Suica,C7,30EA,ニューデイズ,亀戸4号,JR亀戸駅 両国方面ホーム内
Suica,C7,30EB,ニューデイズ,アトレ秋葉原1号,秋葉原駅電気街口 アトレ秋葉原1階外
Suica,C7,30EC,ニューデイズ,アトレ秋葉原1号,秋葉原駅電気街口 アトレ秋葉原1階外
Suica,C7,3108,#本場さぬきうどん#親父の製麺所,上野店,JR上野駅(改札内)
Suica,C7,310E,とんかつ 銀座梅林,秋葉原駅構内,JR秋葉原駅(改札内) Tokyo Food Bar
Suica,C7,310F,#本場さぬきうどん#親父の製麺所,Tokyo Food Bar秋葉原店,JR秋葉原駅(改札内) Tokyo Food Bar
Suica,C7,3127,ニューデイズ,川崎東口店,川崎駅東口通路脇
Suica,C7,3128,ニューデイズ,川崎東口店,川崎駅東口通路脇
Suica,C7,318D,イオン,茅ヶ崎店,1階
Suica,C7,3193,ファミリーマート,池袋大橋東店,
Suica,C7,3363,ファミリーマート,美浜ニューポート店,
Suica,C7,3368,マクドナルド,125熊谷店,
Suica,C7,3444,社食,ポーラ,
Suica,C7,3455,#酒仙蔵#吉岡屋,エスパル店,エスパル本館 地下1階
Suica,C7,345C,NewDaysミニ,高崎24号,#JR東日本#高崎駅 在来線改札内
Suica,C7,34A4,NewDaysミニ,錦糸町6号,JR錦糸町駅 3·4番線ホーム 東京方
Suica,C7,34A7,NewDaysミニ,錦糸町6号,JR錦糸町駅 3·4番線ホーム 東京方
Suica,C7,34B5,ニューデイズ,会津若松,JR会津若松駅構内 改札外
Suica,C7,34BA,NewDaysミニ,木更津1号,JR木更津駅(改札内)コンコース
Suica,C7,34BB,NewDaysミニ,木更津1号,JR木更津駅(改札内)コンコース
Suica,C7,34CC,ニューデイズ,池袋中央南店,JR池袋駅 改札内 南口コンコース
Suica,C7,34DF,ニューデイズ,松本銘品館,
Suica,C7,34F1,ニューデイズ,大宮3号,JR大宮駅 改札内 北側コンコース
Suica,C7,34F4,NewDaysミニ,大宮32号店,JR大宮駅 新幹線北口 改札内
Suica,C7,3513,NewDaysミニ,宇都宮15号,宇都宮駅在来線改札内コンコース
Suica,C7,351E,NewDaysミニ,黒磯1号,
Suica,C7,3528,NewDaysミニ,岩沼,
Suica,C7,3530,NewDaysミニ,原町,
Suica,C7,3531,NewDaysミニ,相馬,
Suica,C7,353C,セブン‐イレブン,北区昭和町店,
Suica,C7,3540,イオン,多摩平の森店,イオンモール多摩平の森 1階食品売場
Suica,C7,3569,NewDaysミニ,三河島1号店,
Suica,C7,3580,セブン‐イレブン,茅野市ちの店,
Suica,C7,3583,イオンスタイル,多摩平の森店,イオンモール多摩平の森 1階
Suica,C7,3585,ニューデイズ,取手,
Suica,C7,358E,ニューデイズ,土浦5号店,JR土浦駅 改札内
Suica,C7,3592,NewDaysミニ,水戸1号,改札外脇 コンコース
Suica,C7,3593,NewDaysミニ,水戸1号,改札外脇 コンコース
Suica,C7,3595,NewDaysミニ,水戸7号,JR水戸駅 改札内 コンコース
Suica,C7,3596,COMIC ZIN,秋葉原店,
Suica,C7,359B,NewDaysミニ,松本2ホーム,JR松本駅改札内 2・3番線ホーム
Suica,C7,35AB,ファミリーマート,新橋ゆりかもめ店,
Suica,C7,35AC,ファミリーマート,新橋ゆりかもめ店,
Suica,C7,35AD,ファミリーマート,新橋ゆりかもめ店,
Suica,C7,35AE,ファミリーマート,新橋ゆりかもめ店,
Suica,C7,35AF,ニューデイズ,鶴見,鶴見駅(改札内) 鶴見線のりかえ口前
Suica,C7,35B0,ニューデイズ,鶴見,鶴見駅(改札内) 鶴見線のりかえ口前
Suica,C7,35B6,アックス フーズマート,横手駅前店,よこてイースト
Suica,C7,35C6,NewDays KIOSK,戸塚駅上りホーム店,
Suica,C7,35C9,中合,福島店,中合福島店二番館 食品レジ
Suica,C7,35CB,NewDaysミニ,高田1号,#えちごトキめき鉄道#高田駅 駅舎内 改札外
Suica,C7,35CE,マクドナルド,140熊谷広瀬店,
Suica,C7,35DE,NewDaysミニ,熱海2号,1番線(伊東線)ホーム 東京方
Suica,C7,35E7,NewDaysミニ,柏崎,
Suica,C7,361D,NewDaysミニ,久里浜1号,久里浜駅 改札外 待合室内
Suica,C7,3623,ニューデイズ,VAL小山,JR小山駅 自由通路
Suica,C7,3626,KIOSK,仙台37号,JR仙台駅 新幹線上り13·14番線ホーム 東京方
Suica,C7,3637,KIOSK,加茂待合,#JR信越本線#加茂駅 待合室
Suica,C7,3646,イオンスタイル,ワンダーシティ店,
Suica,C7,364C,ロンドンパブ,池袋店,JR池袋駅改札内
Suica,C7,364F,Cafe Wheel Bar by PRONTO IL BAR,Tokyo Food Bar秋葉原店,JR秋葉原駅構内
Suica,C7,365D,GOOD TIMES,新宿東口店,JR新宿駅構内 東口改札外
Suica,C7,3661,ロッテリア,JR池袋駅北口店,
Suica,C7,366A,マクドナルド,熊谷駅前店,
Suica,C7,3677,ロッテリア,JR池袋駅北口店,駅構内
Suica,C7,36A4,ツルハドラッグ,渋谷センター街店,
Suica,C7,36C4,NewDaysミニ,新潟コン1号,新潟駅 改札外 万代口 コンコース
Suica,C7,36E6,NewDaysミニ,新潟コン1号,新潟駅 改札外 万代口 コンコース
Suica,C7,36E7,NewDaysミニ,新潟2F2号,改札外 東口コンコース
Suica,C7,3714,駅弁屋,新潟店,JR新潟駅(改札外) 新幹線東口改札横
Suica,C7,3718,ニューデイズ,五井,JR五井駅 改札前(橋上駅舎コンコース内)
Suica,C7,371B,売店,弁当,伊豆急下田駅
Suica,C7,371F,ニューデイズ,大船北口,北口改札脇
Suica,C7,3748,サンマルクカフェ,千葉中央銀座通り店,
Suica,C7,3796,すき家,神谷町店,
Suica,C7,3798,すき家,渋谷桜丘店,
Suica,C7,37A7,すき家,渋谷円山町店,大場ビル1F
Suica,C7,37AD,すき家,荻窪駅西口店,
Suica,C7,37B7,ダイソー,イオン市川妙典店,イオン市川妙典 3番街1階
Suica,C7,37B8,すき家,池袋サンシャイン前,
Suica,C7,37DD,ダイソー,イオン市川妙典店,イオン市川妙典 3番街1階
Suica,C7,37EA,すき家,渋谷南平台店,
Suica,C7,37EC,すき家,渋谷南平台店,
Suica,C7,37F1,すき家,新宿一丁目店,新花ビル1F
Suica,C7,381C,セブン‐イレブン,ニューシティ多摩センター店,
Suica,C7,3848,ファミリーマート,伊豆屋下目黒三丁目店,
Suica,C7,3849,ファミリーマート,伊豆屋下目黒三丁目店,
Suica,C7,389D,ファミリーマート,墨田太平三丁目店,
Suica,C7,38B7,ダイソー,五反田TOC店,
Suica,C7,390C,デイリーヤマザキ,横浜駅前店,
Suica,C7,390D,デイリーヤマザキ,横浜駅前店,
Suica,C7,390E,デイリーヤマザキ,横浜駅前店,
Suica,C7,3912,サンクス,北秋田鷹巣店,
Suica,C7,3957,セブン‐イレブン,新潟花園1丁目店,
Suica,C7,39A5,ファミリーマート,下條ひさわ店,
Suica,C7,39A6,ファミリーマート,下條ひさわ店,
Suica,C7,39D4,博多ラーメン由丸,丸の内店,国際ビル B1F
Suica,C7,39D8,ファミリーマート,三沢基地前店,
Suica,C7,3A23,セブン‐イレブン,横浜南幸2丁目店,
Suica,C7,3A24,セブン‐イレブン,横浜南幸2丁目店,
Suica,C7,3A25,セブン‐イレブン,横浜南幸2丁目店,
Suica,C7,3A3B,ファミリーマート,花輪インター店,
Suica,C7,3A3C,ファミリーマート,花輪インター店,
Suica,C7,3A53,じゃんぱら,D-Style秋葉原店,
Suica,C7,3A6C,ローソン,田端新町二丁目店,
Suica,C7,3A6F,ファミリーマート,大門駅前店,幸伸ビル1F
Suica,C7,3AB2,ローソン,宇都宮池上店,
Suica,C7,3ACD,セブン‐イレブン,岡谷市役所前店,
Suica,C7,3B0C,ローソン,甲府駅前通店,
Suica,C7,3BB7,ローソン,日立駅前店,
Suica,C7,3C0E,ファミリーマート,新津本町四丁目店,
Suica,C7,3C0F,ファミリーマート,新津本町四丁目店,
Suica,C7,3C29,ローソン,大宮宮町二丁目店,
Suica,C7,3C3E,ドトールコーヒーショップ,仙台駅店,JR東日本 仙台駅(改札外)エスパル2階
Suica,C7,3C41,もちべぇ,古川駅ピボット店,古川駅 駅正面口側1階
Suica,C7,3C68,ローソン,盛岡駅前店,
Suica,C7,3C6D,喜久水庵ずんだ茶屋,,JR仙台駅三階ずんだ小径
Suica,C7,3C71,セブン‐イレブン,浜北小松東店,
Suica,C7,3C89,ローソン,渋谷鶯谷町店,
Suica,C7,3C8F,ファミリーマート,千葉弁天店,
Suica,C7,3CAE,ドトールコーヒーショップ,千葉駅東口店,
Suica,C7,3D46,ポプラ,新薬研堀店,
Suica,C7,3D71,ファミリーマート,目黒アルコタワー店,
Suica,C7,3D74,ファミリーマート,下北沢駅前店,
Suica,C7,3D9E,ポプラ,胡店,純正ビル1階
Suica,C7,3DBA,ローソン,青森造道店,
Suica,C7,3E00,ローソン,大宮銀座店,
Suica,C7,3E17,ファミマ!!,御茶ノ水ソラシティ店,
Suica,C7,3E23,ロッテリア,仙台駅地下街エスパル店,
Suica,C7,3E25,ローソン,横須賀本町三丁目店,
Suica,C7,3E51,ローソン,下北沢駅西口店,
Suica,C7,3E52,ローソン,下北沢駅西口店,
Suica,C7,3E53,ファミリーマート,虎ノ門一丁目店,
Suica,C7,3E67,ずんだ茶寮,仙台エスパル店,仙台駅地下一階
Suica,C7,3E6E,#郷土料理#みやぎ乃,,エスパル仙台B1F
Suica,C7,3E77,ローソン,品川駅港南口店,
Suica,C7,3E89,ファミリーマート,虎ノ門二丁目店,
Suica,C7,3E9A,ファミリーマート,お台場東京ビーチ店,
Suica,C7,3EA4,ローソン,宇都宮東宿郷四丁目店,
Suica,C7,3F2A,ローソン,新潟中島店,
Suica,C7,3F2B,ローソン,新潟中島店,
Suica,C7,3F38,ローソン,円山町店,
Suica,C7,3F39,ローソン,円山町店,
Suica,C7,3F4E,ローソン,一関大町店,
Suica,C7,3F4F,ローソン,一関大町店,
Suica,C7,3F79,セブン‐イレブン,鴻巣南1丁目店,
Suica,C7,3FD0,ローソン,本郷四丁目店,
Suica,C7,3FD1,ローソン,本郷四丁目店,
Suica,C7,3FF0,ローソン,東池袋店,
Suica,C7,3FF1,ローソン,東池袋店,
Suica,C7,3FF2,ローソン,東池袋店,
Suica,C7,4016,ローソン,下北沢店,
Suica,C7,4017,ローソン,下北沢店,
Suica,C7,402B,ローソン,恵比寿南一丁目店,
Suica,C7,402C,ローソン,恵比寿南一丁目店,
Suica,C7,402D,ローソン,恵比寿南一丁目店,
Suica,C7,4062,ロッテリア,JR池袋駅北口店,改札内
Suica,C7,406C,ニューデイズ,高田馬場,
Suica,C7,4079,NewDaysミニ,水戸7号店,
Suica,C7,40A1,ローソン,南平台店,
Suica,C7,40A2,ローソン,南平台店,
Suica,C7,40A3,ローソン,南平台店,
Suica,C7,40BE,NewDaysミニ,秋葉原3号,JR秋葉原駅 昭和通り改札外
Suica,C7,40C8,ココカラファイン,新津店,ベルシティ新津内 1F
Suica,C7,40CA,ココカラファイン,新津店,ベルシティ新津内 1F
Suica,C7,40DE,ココカラファイン,クスリのコダマ五泉店,
Suica,C7,4112,ローソン,新津山谷町店,
Suica,C7,4113,ローソン,新津山谷町店,
Suica,C7,4133,ローソン,さいたま新都心けやき広場店,けやきひろば 1F
Suica,C7,4138,ローソン,久喜菖蒲工業団地店,
Suica,C7,415F,ローソン,新宿御苑駅前店,中公ビル御苑グリーンハイツ
Suica,C7,4160,ローソン,新宿御苑駅前店,中公ビル御苑グリーンハイツ
Suica,C7,4161,ローソン,新宿御苑駅前店,中公ビル御苑グリーンハイツ
Suica,C7,41AC,珈琲館,立川南口店,
Suica,C7,41C5,ローソン,横手山内店,
Suica,C7,421E,ローソン,渋谷三丁目店,
Suica,C7,4247,ローソン,道玄坂二丁目店,
Suica,C7,4248,ローソン,道玄坂二丁目店,
Suica,C7,4260,ローソン,北上駅東口店,
Suica,C7,42BE,ファミリーマート,南砺福野店,
Suica,C7,4340,ローソン,栄笠間二丁目店,
Suica,C7,44AC,上島珈琲店,MARK IS みなとみらい店,MARK IS B4階
Suica,C7,4533,セブン‐イレブン,7FS7&i本社ビル店,二番町ガーデン7階
Suica,C7,4534,セブン‐イレブン,7FS7&i本社ビル店,二番町ガーデン7階
Suica,C7,4554,ローソン,木更津祇園二丁目店,
Suica,C7,4555,ローソン,木更津祇園二丁目店,
Suica,C7,45AA,ローソン,八戸駅前店,
Suica,C7,45AB,ローソン,八戸駅前店,
Suica,C7,45C7,イトーヨーカドー,武蔵境店,地下一階
Suica,C7,45D2,ローソン,芝公園駅前店,
Suica,C7,4601,ローソン,虎ノ門駅南店,
Suica,C7,4626,ローソン,有明コロシアム前店,
Suica,C7,4630,ローソン,渋谷桜丘町南店,
Suica,C7,4692,ヨドバシカメラ,マルチメディア名古屋松坂屋店,
Suica,C7,46E3,ローソン,熊谷カジュアルタウン店,
Suica,C7,46E4,ローソン,熊谷カジュアルタウン店,
Suica,C7,4704,ファミリーマート,東向島二丁目店,
Suica,C7,471C,ヨドバシカメラ,新宿西口本店,マルチメディア館1階インターネット注文店舗受取りカウンター
Suica,C7,4737,ファミリーマート,目黒三丁目店,
Suica,C7,4738,ファミリーマート,目黒三丁目店,
Suica,C7,473A,カラオケ館,新橋店,
Suica,C7,4749,ヨドバシカメラ,新宿西口本店,携帯スマートフォン館1階
Suica,C7,4754,ヨドバシカメラ,新宿西口本店,携帯スマートフォン館地下2階クイック修理カウンター
Suica,C7,4756,カラオケ館,上野2号店,
Suica,C7,475F,ローソン,品川駅中央口店,
Suica,C7,4774,ローソン,東京流通センター店,
Suica,C7,478A,イトーヨーカドー,能見台店,
Suica,C7,47A1,カラオケ館,新橋本店,
Suica,C7,47AF,NEWDAYS+くすり,エキュート品川サウス店,JR品川駅
Suica,C7,47B0,ローソン,駒場一丁目店,
Suica,C7,47B1,ローソン,駒場一丁目店,
Suica,C7,47BB,ローソン,下目黒一丁目店,
Suica,C7,47BC,ローソン,下目黒一丁目店,
Suica,C7,47C1,ローソン,有楽町一丁目店,
Suica,C7,47D3,ローソン,品川グランパサージュ店,
Suica,C7,4801,ローソン,水沢江刺駅前店,
Suica,C7,4807,ローソン,郡山駅前店,
Suica,C7,4822,ローソン,温海鼠ヶ関店,
Suica,C7,4823,ローソン,温海鼠ヶ関店,
Suica,C7,4864,イトーヨーカドー,国領店,1階食品売場
Suica,C7,48A0,茶屋亜希子,,
Suica,C7,48A5,キリンファクトリーショップ,キリンビール 仙台工場,
Suica,C7,48B5,すき家,花小金井駅北口店,
Suica,C7,48B6,すき家,花小金井駅北口店,
Suica,C7,48E1,すき家,馬込沢駅前店,
Suica,C7,48FE,ローソン,本荘薬師堂店,
Suica,C7,492C,すき家,戸塚駅西口店,
Suica,C7,4952,すき家,幕張本郷店,鈴木本郷ビル1階
Suica,C7,4964,すき家,錦糸公園前店,
Suica,C7,4974,ビックカメラ,池袋本店,
Suica,C7,49BD,すき家,木場店,
Suica,C7,49C4,ファミリーマート,船橋藤原店,
Suica,C7,49C5,ファミリーマート,船橋藤原店,
Suica,C7,49CE,ローソン,北参道駅前店,
Suica,C7,49EA,ローソン,立川ウインズ通店,
Suica,C7,49FE,すき家,立場店,
Suica,C7,49FF,すき家,立場店,
Suica,C7,4A0C,ローソン,神泉駅前店,
Suica,C7,4A0D,ローソン,神泉駅前店,
Suica,C7,4A0E,すき家,大船駅前店,
Suica,C7,4A2A,ビックカメラ,新宿西口店,
Suica,C7,4A35,ローソン,虎ノ門琴平店,
Suica,C7,4A64,イオンリカー,調布店,
Suica,C7,4A8C,すき家,さいたま本郷町店,
Suica,C7,4AC7,ビックカメラ,浜松店,
Suica,C7,4AF8,ローソン,本千葉店,
Suica,C7,4AF9,ローソン,本千葉店,
Suica,C7,4B39,ヨドバシカメラ,千葉店,1階フロア
Suica,C7,4B56,靴下屋,ルミネ大宮2店,
Suica,C7,4B59,すき家,上大岡カミオ店,
Suica,C7,4B71,ファミリーマート,横浜都筑池辺町店,
Suica,C7,4B84,すき家,鶴岡西新斎店,
Suica,C7,4B9C,ビックカメラ,立川店,1階
Suica,C7,4BB3,ローソン,千葉作草部店,
Suica,C7,4BEA,ヨドバシカメラ,郡山店,
Suica,C7,4C2D,ヨドバシカメラ,マルチメディア仙台店,
Suica,C7,4C37,ローソン,新宿靖国通店,
Suica,C7,4C38,ローソン,新宿靖国通店,
Suica,C7,4C39,ローソン,新宿靖国通店,
Suica,C7,4C73,すき家,新潟東大通店,
Suica,C7,4C75,すき家,新潟東大通店,
Suica,C7,4C7F,ビックカメラ,藤沢店,地下1階
Suica,C7,4C81,ビックドラッグ,藤沢店,ビックカメラ藤沢店 B1F
Suica,C7,4C93,ローソン,港南中央通り店,
Suica,C7,4C96,ビックカメラ,藤沢店,6階
Suica,C7,4C9B,ローソン,文化放送メディアプラス店,文化放送メディアプラス1F
Suica,C7,4CA1,ビックカメラ,藤沢店,2階
Suica,C7,4CE2,ナチュラルローソン,渋谷神泉町店,
Suica,C7,4D4C,#インド定食#ターリー屋,新宿西口店,
Suica,C7,4DA0,#創作オムライス#ポムの樹,アクアシティお台場店,Azone 5階 西端
Suica,C7,4DE4,すき家,船橋駅南口店,
Suica,C7,4E0B,ナチュラルローソン,乃木坂店,
Suica,C7,4E0C,ナチュラルローソン,乃木坂店,
Suica,C7,4E0D,ナチュラルローソン,乃木坂店,
Suica,C7,4E0E,ナチュラルローソン,虎ノ門一丁目店,
Suica,C7,4E0F,ナチュラルローソン,虎ノ門一丁目店,
Suica,C7,4E10,ナチュラルローソン,虎ノ門一丁目店,
Suica,C7,4E1C,ビックカメラ,浜松店,MAY ONE ビックカメラ館
Suica,C7,4E1E,ビックカメラ,浜松店,MAY ONE ビックカメラ館
Suica,C7,4E20,ビック酒販,ビックカメラ浜松店,MAY ONE ビックカメラ館
Suica,C7,4E71,ソフマップ,AKIBA①号店 サブカル・モバイル館,3F
Suica,C7,4EA8,ローソン,H目黒二丁目店,
Suica,C7,4EA9,ローソン,H目黒二丁目店,
Suica,C7,4EB4,ローソン,鎌倉小町一丁目店,
Suica,C7,4ECD,ファミリーマート,渋谷明治通り店,
Suica,C7,4F03,ローソン,目黒一丁目店,
Suica,C7,4F04,ローソン,目黒一丁目店,
Suica,C7,4F05,ローソン,目黒一丁目店,
Suica,C7,4F06,ローソン,H中野二丁目店,
Suica,C7,4F07,ローソン,H中野二丁目店,
Suica,C7,4F20,ローソン,新宿三丁目北店,
Suica,C7,4F21,ローソン,新宿三丁目北店,
Suica,C7,4F22,ローソン,新宿三丁目北店,
Suica,C7,4F24,ローソン,渋谷道玄坂上店,
Suica,C7,4F25,ローソン,渋谷道玄坂上店,
Suica,C7,4F26,ローソン,渋谷道玄坂上店,
Suica,C7,4F2D,ローソン,H初台一丁目店,
Suica,C7,4F2E,ローソン,H初台一丁目店,
Suica,C7,4F2F,ローソン,H初台一丁目店,
Suica,C7,4F42,ローソン,H桜丘町店,
Suica,C7,4F43,ローソン,H桜丘町店,
Suica,C7,4F44,ローソン,H桜丘町店,
Suica,C7,4FB6,ローソン,小山駅西口店,
Suica,C7,4FB7,ローソン,小山駅西口店,
Suica,C7,4FCC,ローソン,熊谷駅北口店,
Suica,C7,4FCD,ローソン,熊谷駅北口店,
Suica,C7,4FCE,ローソン,熊谷駅北口店,
Suica,C7,4FF2,ローソン,新潟駅オレンジガーデン店,CoCoLo新潟 中央
Suica,C7,4FF3,ローソン,新潟駅オレンジガーデン店,CoCoLo新潟 中央
Suica,C7,503D,ナチュラルローソン,ヒューリックみなとみらい店,ヒューリックみなとみらい2Fコレットマーレ
Suica,C7,504D,NewDaysミニ,四ツ谷2,四ッ谷駅
Suica,C7,5081,ローソン,渋谷区井の頭通店,
Suica,C7,5082,ローソン,渋谷区井の頭通店,
Suica,C7,5083,ローソン,渋谷区井の頭通店,
Suica,C7,5084,ローソン,渋谷区井の頭通店,
Suica,C7,5085,ローソン,渋谷区井の頭通店,
Suica,C7,508A,ローソン,千駄ヶ谷五丁目店,
Suica,C7,508B,ローソン,千駄ヶ谷五丁目店,
Suica,C7,508C,ローソン,千駄ヶ谷五丁目店,
Suica,C7,5094,ファミリーマート,渋谷東急本店前店,
Suica,C7,5095,ファミリーマート,渋谷東急本店前店,
Suica,C7,5096,ファミリーマート,渋谷東急本店前店,
Suica,C7,5097,ファミリーマート,渋谷東急本店前店,
Suica,C7,50DD,ローソン,渋谷警察署南店,
Suica,C7,50DE,ローソン,渋谷警察署南店,
Suica,C7,50DF,ローソン,渋谷警察署南店,
Suica,C7,50EB,ローソン,大館御成町二丁目店,
Suica,C7,5100,ローソン,由利本荘表尾崎町店,
Suica,C7,5115,ローソン,石巻東中里二丁目店,
Suica,C7,5227,ローソン,丘の上パティオ店,
Suica,C7,52CC,ファミリーマート,K2銀座八丁目店,
Suica,C7,52CE,スポーツ居酒屋KITEN!,,
Suica,C7,52E0,ローソン,東京日本橋店,
Suica,C7,52F4,ヤマザキショップ,八木山あだち店,
Suica,C7,52FB,キーズカフェ,秋葉原店,
Suica,C7,531C,ローソン,渋谷三丁目明治通り店,
Suica,C7,5327,未来屋書店,守山店,イオン守山2F
Suica,C7,532C,ローソン,茅場町駅前店,
Suica,C7,532D,ローソン,前橋三俣駅前店,
Suica,C7,5341,ローソン,渋谷ランブリングストリート店,
Suica,C7,5342,ローソン,渋谷ランブリングストリート店,
Suica,C7,5373,ローソン,蒲田駅東店,
Suica,C7,5374,ローソン,蒲田駅東店,
Suica,C7,53B2,ローソン,中田駅前店,
Suica,C7,53B3,ローソン,中田駅前店,
Suica,C7,53B4,ローソン,中田駅前店,
Suica,C7,53D5,ローソン,ヨコハマパルナード店,
Suica,C7,53D6,ローソン,ヨコハマパルナード店,
Suica,C7,53F7,ドスパラ,横浜駅前店,
Suica,C7,53FA,ドスパラ,横浜駅前店,
Suica,C7,5408,ドスパラ,パーツ館,1階 DIYパーツ
Suica,C7,5420,ローソン,水戸桜川1丁目店,
Suica,C7,5441,ローソン,宇都宮駅西口店,
Suica,C7,5442,ローソン,宇都宮駅西口店,
Suica,C7,5443,ローソン,宇都宮駅西口店,
Suica,C7,5455,ローソン,茂原公園前店,
Suica,C7,5456,ローソン,茂原公園前店,
Suica,C7,54B0,ローソン,松本石芝店,
Suica,C7,54B1,ローソン,松本石芝店,
Suica,C7,55BF,SHIROBACO,,
Suica,C7,55C4,ローソン,飛田給駅南口店,
Suica,C7,55C5,ローソン,飛田給駅南口店,
Suica,C7,55C6,ローソン,飛田給駅南口店,
Suica,C7,55E3,ローソン,秋田新屋日吉町店,
Suica,C7,5604,ローソン,城端町野田店,
Suica,C7,5608,サンドラッグ,CVS四谷三丁目店,
Suica,C7,562F,カラオケ館,新橋本店,
Suica,C7,565B,ローソン,葛西ターミナル店,
Suica,C7,565E,ローソン,行徳支所前店,
Suica,C7,56DC,ローソン,上野一丁目店,
Suica,C7,56EA,セブン‐イレブン,福生牛浜駅東店,
Suica,C7,56EB,セブン‐イレブン,福生牛浜駅東店,
Suica,C7,56EF,ローソン,お台場店,
Suica,C7,5718,マイアミガーデン,横浜駅西口五番街店,
Suica,C7,5728,ローソン,虎ノ門一丁目店,
Suica,C7,5736,ローソン,国際展示場駅前店,
Suica,C7,5737,ローソン,国際展示場駅前店,
Suica,C7,5738,ローソン,国際展示場駅前店,
Suica,C7,574D,ローソン,市谷仲之町店,
Suica,C7,574E,ローソン,市谷仲之町店,
Suica,C7,5873,ファミリーマート,長与嬉里郷店,
Suica,C7,589E,ローソン,伊勢原見附島店,
Suica,C7,591F,イトーヨーカドー,アリオ松本店,地下1階
Suica,C7,5927,イトーヨーカドー,アリオ松本店,地下1階
Suica,C7,5958,ローソン,池袋駅東店,
Suica,C7,5959,ローソン,池袋駅東店,
Suica,C7,595A,ローソン,池袋駅東店,
Suica,C7,5975,ヤマト運輸,千葉栄町センター,
Suica,C7,5A45,ローソン,郡山並木一丁目店,
Suica,C7,5A7A,マイアミガーデン,浜松町店,世界貿易センタービルBF
Suica,C7,5AEB,すき家,新木場駅南店,
Suica,C7,5B5A,すき家,千歳船橋駅前店,
Suica,C7,5B63,すき家,目黒三丁目店,
Suica,C7,5BD2,ダイソー,マックスバリュ徳川明倫店,
Suica,C7,5BE3,ローソン,目黒大鳥神社前店,
Suica,C7,5BE4,ローソン,目黒大鳥神社前店,
Suica,C7,5BE5,ローソン,目黒大鳥神社前店,
Suica,C7,5CB1,ローソン,大宮アルシェ店,
Suica,C7,5CB4,ローソン,大宮アルシェ店,
Suica,C7,5CD0,ヤマト運輸,茂原緑ヶ丘センター,
Suica,C7,5CF0,すき家,2国姫路市川橋店,
Suica,C7,5D19,東栄興業,世田谷営業所,
Suica,C7,5D36,鎌倉豊島屋,大船ルミネウィング店,
Suica,C7,5DE9,ユニクロ,大船ルミネウィング店,
Suica,C7,5E00,ナチュラルローソン,虎ノ門桜田通り店,
Suica,C7,5E0D,ヒルママーケットプレイス,本牧店,
Suica,C7,5E5B,セブン‐イレブン,渋谷桜丘東店,
Suica,C7,5EBD,デイリーヤマザキ,渋谷宇田川町店,
Suica,C7,5ED1,ケンタッキーフライドチキン,銀座INZ店,銀座INZ1
Suica,C7,5EEB,ローソン,岩沼中央三丁目店,
Suica,C7,5FEA,ローソン,緑上山一丁目店,
Suica,C7,6026,ピーシーデポ,スマートライフ港北本店,
Suica,C7,608C,野菜を食べるカレーcamp express,池袋店,
Suica,C7,609F,デイリーヤマザキ,下越亀田早通店,
Suica,C7,610E,ランチパックcafé,池袋店,JR池袋駅 北口改札外
Suica,C7,6117,ローソン,北上和賀町店,
Suica,C7,6124,デイリーヤマザキ,仙台空港店,
Suica,C7,612A,駅弁屋 頂,JR新宿駅 改札内 南口コンコース,
Suica,C7,612B,日本レストランエンタプライズ,JR白河研修センター売店,生活サービス棟1階
Suica,C7,612D,駅弁屋,八王子店,JR八王子駅 改札内コンコース
Suica,C7,6138,ローソン,坂元駅前店,
Suica,C7,61A9,ローソン,成田国際空港第3旅客ターミナルビル店,ジェットスター改札前
Suica,C7,61AA,ローソン,成田国際空港第3旅客ターミナルビル店,ジェットスター改札前
Suica,C7,61AB,ローソン,成田国際空港第3旅客ターミナルビル店,ジェットスター改札前
Suica,C7,6266,ローソン,行田宮本店,
Suica,C7,62DE,リンガーハット,イオンモール東浦店,
Suica,C7,6306,パルメナーラ,イオンモール東浦店,
Suica,C7,6330,PRONTO,東京ビッグサイト店,
Suica,C7,6335,ローソン,東京ビッグサイトエントランス店,
Suica,C7,6492,ファミリーマート,としまエコミューゼタウン店,
Suica,C7,64D6,ローソン,千代田富士見二丁目店,
Suica,C7,64F8,ローソン,新宿御苑中央店,
Suica,C7,64F9,ローソン,新宿御苑中央店,
Suica,C7,64FA,ローソン,新宿御苑中央店,
Suica,C7,64FB,ローソン,新宿御苑中央店,
Suica,C7,65B4,新鮮館,阿佐ヶ谷ダイヤ街 1階,
Suica,C7,65CE,セブン‐イレブン,茂原新小轡店,
Suica,C7,65FF,ファミリーマート+ミヤモトドラッグ,御成門店,
Suica,C7,6606,ニューデイズ,大宮東口,JR大宮駅 東西自由通路
Suica,C7,6642,セブン‐イレブン,渋谷初台1丁目店,
Suica,C7,6668,ローソンストア100,花小金井店,
Suica,C7,6672,すき家,新習志野店,JR京葉線高架下
Suica,C7,66BC,ローソンストア100,業平店,
Suica,C7,6704,すき家,1国横浜久保店,
Suica,C7,6753,アカシア,,新潟空港ターミナルビル2階
Suica,C7,6757,エアリウムプラザ,,新潟空港ターミナルビル1階
Suica,C7,675B,すき家,渋谷桜丘店,
Suica,C7,6761,すき家,渋谷円山町店,大場ビル1F
Suica,C7,6816,ローソンストア100,国立北店,
Suica,C7,6838,ローソンストア100,墨田太平店,
Suica,C7,6890,セブン‐イレブン,キヨスクJR糸魚川駅店,
Suica,C7,689F,池田快生堂薬局,,
Suica,C7,69B9,セブン‐イレブン,九段南靖国通り店,
Suica,C7,69CB,セブン‐イレブン,渋谷3丁目明治通り店,IPSEシブヤ
Suica,C7,69D2,ローソン,渋谷センター街西店,
Suica,C7,69D3,ローソン,渋谷センター街西店,
Suica,C7,69D4,ローソン,渋谷センター街西店,
Suica,C7,6A5D,ローソン,S籠原駅北口店,JR籠原駅(改札外) 東口駅頭
Suica,C7,6A5E,ローソン,S籠原駅北口店,JR籠原駅(改札外) 東口駅頭
Suica,C7,6AB0,ローソン,春日駅前店,
Suica,C7,6AB1,ローソン,春日駅前店,
Suica,C7,6AB2,ローソン,春日駅前店,
Suica,C7,6ACF,ローソン,高畠中央店,
Suica,C7,6AD0,ローソン,高畠中央店,
Suica,C7,6AE1,ローソン,上山駅前店,
Suica,C7,6AE2,ローソン,上山駅前店,
Suica,C7,6AE5,セブン‐イレブン,諏訪湖畔店,
Suica,C7,6AEA,ローソン,山形八日町店,
Suica,C7,6AF5,ファミリーマート,日吉駅前店,
Suica,C7,6D0D,ローソン,富谷あけの平二丁目店,
Suica,C7,6D6A,ファミリーマート,泉中央駅店,泉中央駅 改札口前
Suica,C7,6D7F,ケンタッキーフライドチキン,千葉店,
Suica,C7,6D80,ケンタッキーフライドチキン,千葉店,
Suica,C7,6D8B,ローソン,横浜南幸二丁目店,
Suica,C7,6D8C,ローソン,横浜南幸二丁目店,
Suica,C7,6E50,イトーヨーカドー,大船店,
Suica,C7,6E51,セブン‐イレブン,アリコベール上尾店,
Suica,C7,6E93,#香港飲茶楼#ル・パルク,,東京ビッグサイト 東ガレリア3階
Suica,C7,6EEB,TOKYO TOWER OFFICIAL SHOP,THE SKY,東京タワー メインデッキ2階
Suica,C7,6F37,#上信越自動車道#佐久平PAハイウェイショップ,上り店,
Suica,C7,70E5,セブン‐イレブン,函館五稜郭病院前店,
Suica,C7,70E6,セブン‐イレブン,函館五稜郭病院前店,
Suica,C7,71C2,ファミリーマート,安曇野明科店,
Suica,C7,7300,カラオケ館,新橋外堀通り店,
Suica,C7,7360,ドトールコーヒーショップ,新橋銀座口店,
Suica,C7,736A,ドトールコーヒーショップ,浜松町1丁目店,FA小林ビル 1F
Suica,C7,7370,ドトールコーヒーショップ,千葉銀座通り店,千葉銀座第一ビル1F
Suica,C7,7394,ドトールコーヒーショップ,虎ノ門2丁目店,末広ビル 1F
Suica,C7,739D,ドトールコーヒーショップ,渋谷桜丘店,
Suica,C7,73A7,ドトールコーヒーショップ,羽田空港店,東京モノレール羽田空港第1ビル駅 地下1階コンコース
Suica,C7,73BD,NewDaysミニ,鶴岡,JR鶴岡駅(改札外) 構内
Suica,C7,7574,セブン‐イレブン,鴻巣赤見台店,
Suica,C7,7575,セブン‐イレブン,鴻巣赤見台店,
Suica,C7,75A6,セブン‐イレブン,さいたま吉敷町4丁目店,
Suica,C7,75A7,セブン‐イレブン,さいたま吉敷町4丁目店,
Suica,C7,7602,サンマルクカフェ,東京都新木場駅店,りんかい線新木場駅
Suica,C7,7633,ニューデイズ,ペリエ千葉改札内南,JR千葉駅(改札内)1·2番線階段横
Suica,C7,7634,ニューデイズ,ペリエ千葉改札外店,JR千葉駅(改札外)中央改札横
Suica,C7,7665,ドトールコーヒーショップ,東池袋1丁目店,
Suica,C7,768E,築地食堂源ちゃん,東京ビッグサイト店,東展示棟2階 東2ホール付近
Suica,C7,768F,築地食堂源ちゃん,東京ビッグサイト店,東展示棟2階 東2ホール付近
Suica,C7,7692,フードコート&ビアー Eat iT!,東京ビッグサイト店,東京国際展示場 管理会議棟 1F
Suica,C7,76C0,ドトールコーヒーショップ,新宿1丁目南店,
Suica,C7,76D3,ドトールコーヒーショップ,衣笠店,
Suica,C7,76DA,ドトールコーヒーショップ,西日暮里店,太陽ビル1階
Suica,C7,770C,ドトールコーヒーショップ,平塚ユーユー駅前館店,1F
Suica,C7,773B,ドトールコーヒーショップ,立川駅南口駅前店,
Suica,C7,776B,ドトールコーヒーショップ,麹町四番町店,
Suica,C7,7774,クスリのアオキ,館林栄町店,館林駅西口
Suica,C7,778A,ドトールコーヒーショップ,長岡東口店,E・PLAZA1階
Suica,C7,778F,ドトールコーヒーショップ,国際展示場駅店,
Suica,C7,77AC,ドトールコーヒーショップ,金町北口店,
Suica,C7,77CB,ドトールコーヒーショップ,池袋60階通り店,池袋ロクマルビル2F
Suica,C7,78BA,セブン‐イレブン,千葉駅前大通り店,
Suica,C7,78C1,ファミリーマート,渋谷三丁目店,
Suica,C7,791D,ドトールコーヒーショップ,神戸さんちか店,神戸さんちか地下街
Suica,C7,79CA,マックスバリュ,小坂店,
Suica,C7,79D4,NewDaysミニ,浦佐1号,浦佐駅 改札外 コンコース
Suica,C7,79D6,NewDaysミニ,新白河1,新白河駅改札外
Suica,C7,79D8,NewDaysミニ,燕三条1号,燕三条駅 改札外コンコース
Suica,C7,79E0,ニューデイズ,モノレール千葉店,モノレール千葉駅(改札外)中央改札口横
Suica,C7,79E5,ニューデイズ,赤湯,赤湯駅 1F待合室内
Suica,C7,79EC,ニューデイズ,エスパル郡山,
Suica,C7,79EE,NewDaysミニ,直江津1,
Suica,C7,79F0,NewDaysミニ,郡山8号,JR郡山駅 新幹線コンコース
Suica,C7,79FA,ニューデイズ,一ノ関駅西口,
Suica,C7,79FD,NewDaysミニ,一関6号,一ノ関駅構内
Suica,C7,7A02,ニューデイズ,大曲店,
Suica,C7,7A78,バースデイ,サニーモール西葛西店,
Suica,C7,7AC9,鉄道博物館,,ミニ運転列車
Suica,C7,7B2C,ローソン・スリーエフ,千葉栄町店,
Suica,C7,7B2D,ローソン・スリーエフ,千葉栄町店,
Suica,C7,7B78,ダイソー,アルカキット錦糸町店,アルカキット錦糸町 7階
Suica,C7,7B79,ダイソー,アルカキット錦糸町店,アルカキット錦糸町 7階
Suica,C7,7C79,セブン‐イレブン,渋谷円山町店,
Suica,C7,7C7A,セブン‐イレブン,渋谷円山町店,
Suica,C7,7D86,ココカラファイン,としまエコミューゼタウン店,
Suica,C7,7DCD,NewDaysミニ,品川11号,中央改札内 改札脇
Suica,C7,7E4C,大地館,JR盛岡駅,コンコース
Suica,C7,7F12,セブン‐イレブン,千葉栄町店,
Suica,C7,7F13,セブン‐イレブン,千葉栄町店,
Suica,C7,7F1A,セブン‐イレブン,7FSビッグサイト店,東京国際展示場イベントプラザ
Suica,C7,7F2E,ファミリーマート,渋谷道玄坂店,
Suica,C7,7F2F,ファミリーマート,渋谷道玄坂店,
Suica,C7,7F30,ファミリーマート,渋谷道玄坂店,
Suica,C7,7F99,イオン,浜松西店,
Suica,C7,7FA5,大戸屋,中野北口店,
Suica,C7,8009,タリーズコーヒー,郡山駅店,エスパル郡山1F
Suica,C7,800B,湖穂里,,JR郡山駅 2階
Suica,C7,800E,とんかつ和幸,和幸エキナカ郡山駅店,JR東北本線郡山駅構内(改札外) S-PAL(駅ビル)2階
Suica,C7,800F,ドトールコーヒーショップ,郡山駅店,JR東北本線郡山駅構内(改札外) S-PAL郡山2階
Suica,C7,8011,美味餐庁,,エスパル郡山2階
Suica,C7,8016,#喜多方の味#蔵小町,,エスパル郡山 1F FOOD BAZAAR内
Suica,C7,802B,コメダ珈琲店,イオン名古屋東店,イオン名古屋東 1F
Suica,C7,807D,オーケー,西寺尾店,
Suica,C7,80C6,デイリーヤマザキ,諏訪湖岸通り店,
Suica,C7,8150,セブン‐イレブン,銚子笠上町店,
Suica,C7,8151,セブン‐イレブン,銚子笠上町店,
Suica,C7,8199,ドトールコーヒーショップ,蒲田東口店,
Suica,C7,819C,千曲観光,#上信越自動車道#東部湯の丸SA(下り線),ショッピングコーナー
Suica,C7,81AB,ドトールコーヒーショップ,いわき駅ビル店,JRいわき駅 いわき駅ビル 4階
Suica,C7,81B4,天丼てんや,大船店,
Suica,C7,81CC,エクセルシオール カフェ,中野サンモール店,
Suica,C7,81CD,エクセルシオール カフェ,中野サンモール店,
Suica,C7,81E3,エクセルシオール カフェ,御成門駅前店,
Suica,C7,81E4,エクセルシオール カフェ,御成門駅前店,
Suica,C7,81EA,エクセルシオール カフェ,渋谷桜丘店,
Suica,C7,81EB,エクセルシオール カフェ,渋谷桜丘店,
Suica,C7,81EF,AKIHABARAゲーマーズ,本店,1F
Suica,C7,81F0,エクセルシオール カフェ,麹町店,
Suica,C7,81F5,エクセルシオール カフェ,虎ノ門店,TOTO虎ノ門ビル
Suica,C7,81F8,AKIHABARAゲーマーズ,本店,5F
Suica,C7,81FB,AKIHABARAゲーマーズ,本店,4F
Suica,C7,81FD,AKIHABARAゲーマーズ,本店,4F
Suica,C7,8200,AKIHABARAゲーマーズ,本店,1F
Suica,C7,8204,AKIHABARAゲーマーズ,本店,1F
Suica,C7,8206,ゲーマーズ,新宿店,
Suica,C7,8215,エクセルシオール カフェ,秋葉原中央通り店,
Suica,C7,8219,エクセルシオール カフェ,秋葉原ダイビル店,秋葉原ダイビル1，2F
Suica,C7,8235,エクセルシオール カフェ,新橋2丁目店,
Suica,C7,8279,ファミリーマート,道玄坂二丁目店,
Suica,C7,8285,ゲーマーズ,横浜店,2階
Suica,C7,8286,ゲーマーズ,横浜店,3階
Suica,C7,8289,ゲーマーズ,大宮店,
Suica,C7,8312,セブン‐イレブン,南浦和駅西口店,ユーエスビル 1F
Suica,C7,8337,マクドナルド,上大岡カミオ店,上大岡駅前 カミオ1階
Suica,C7,833F,ミニストップ,浜松鹿谷町店,
Suica,C7,8340,マクドナルド,横浜ベイサイドマリーナプラザ店,
Suica,C7,83BC,ニューデイズ,亀戸店,JR亀戸駅 北口改札外脇
Suica,C7,83D5,セブン‐イレブン,文京神田明神下店,
Suica,C7,83D6,セブン‐イレブン,文京神田明神下店,
Suica,C7,8452,ミニストップ,九段南1丁目店,
Suica,C7,8455,セブン‐イレブン,弘前ショッピングプラザシティ店,
Suica,C7,8456,イオンスーパーセンター,栗原志波姫店,
Suica,C7,847A,セブン‐イレブン,小平武道館前店,
Suica,C7,847C,セブン‐イレブン,小平武道館前店,
Suica,C7,847E,セブン‐イレブン,下目黒1丁目店,
Suica,C7,84FF,ミニストップ,イオンレイクタウン店,
Suica,C7,8507,デイリーヤマザキ,神泉店,#京王#神泉駅
Suica,C7,8508,デイリーヤマザキ,神泉店,#京王#神泉駅
Suica,C7,8509,デイリーヤマザキ,神泉店,#京王#神泉駅
Suica,C7,850A,デイリーヤマザキ,神泉店,#京王#神泉駅
Suica,C7,850B,デイリーヤマザキ,柏崎駅前1丁目店,
Suica,C7,852D,ニューデイズ,戸塚地下,JR戸塚駅 地下改札外脇
Suica,C7,852F,ニューデイズ,戸塚地下,JR戸塚駅 地下改札外脇
Suica,C7,85C7,アベイル,サニーモール西葛西店,
Suica,C7,85D1,ミニストップ,道玄坂2丁目店,
Suica,C7,8698,ミニストップ,春日井西本町店,
Suica,C7,86F1,マツモトキヨシ,新潟駅ビルCoCoLo東店,
Suica,C7,86FA,セブン‐イレブン,南浦和文化通り店,
Suica,C7,86FB,大阪屋,CoCoLo万代店,新潟駅のれん街
Suica,C7,86FF,マルエドラッグ,新里店,
Suica,C7,8707,ジュピター,新潟店,CoCoLo万代1階
Suica,C7,8709,吉野家,CoCoLo新潟店,万代口地階
Suica,C7,8710,マツモトキヨシ,新潟駅ビルCoCoLo東店,
Suica,C7,8711,ファミリーマート,立川郵便局前店,
Suica,C7,8713,ヴィ・ド・フランス,新潟店,JR新潟駅(改札外) 新幹線コンコース2階
Suica,C7,8719,亜麺坊,新潟店,新潟駅新幹線コンコース
Suica,C7,8724,マルエツ,柏駅東口店,
Suica,C7,8725,ヤスダヨーグルトショップ,新潟駅ビルCoCoLo南館店,JR新潟駅(改札外) CoCoLo南館3階
Suica,C7,872A,モスバーガー,新潟駅店,JR新潟駅(改札外) CoCoLo南館3階
Suica,C7,8737,ファミリーマート,道玄坂二丁目店,
Suica,C7,874D,ミニストップ,駿河湾沼津SA上り店,
Suica,C7,8794,ファミリーマート,目黒神泉町店,
Suica,C7,8795,ファミリーマート,目黒神泉町店,
Suica,C7,8796,ファミリーマート,目黒神泉町店,
Suica,C7,8797,ファミリーマート,目黒神泉町店,
Suica,C7,883E,ミニストップ,市原潤井戸店,
Suica,C7,8873,アコレ,検見川浜PIA店,ショッピングセンター・ピア 1F
Suica,C7,88A4,西八王子ロンロン,市場館,
Suica,C7,892C,ミニストップ,壬生おもちゃのまち店,
Suica,C7,892F,ドトールコーヒーショップ,エスパル福島店,エスパル福島1階
Suica,C7,8976,ヴィ・ド・フランス,郡山店,エスパル郡山1F
Suica,C7,89A5,ロッテリア,郡山エスパル店,エスパル郡山2F
Suica,C7,89AF,ミニストップ,弘前土手町店,
Suica,C7,89D2,一風堂,ラスカ茅ヶ崎店,2F
Suica,C7,8A13,ニューデイズ,五反田,JR五反田駅改札外正面
Suica,C7,8A14,ニューデイズ,五反田,JR五反田駅改札外正面
Suica,C7,8A15,ニューデイズ,五反田,JR五反田駅改札外正面
Suica,C7,8A16,ニューデイズ,五反田,JR五反田駅改札外正面
Suica,C7,8A17,ニューデイズ,三鷹店,三鷹駅 改札外コンコース
Suica,C7,8A2E,セブン‐イレブン,いわき小川町店,
Suica,C7,8A55,セブン‐イレブン,藤島バイパス店,
Suica,C7,8A56,セブン‐イレブン,藤島バイパス店,
Suica,C7,8A7F,セブン‐イレブン,郡山駅前店,
Suica,C7,8A84,ニューデイズ,茅野,茅野駅改札外
Suica,C7,8A8F,越後川口SA(上り線),ショッピングコーナー,
Suica,C7,8A90,越後川口SA(上り線),ショッピングコーナー,
Suica,C7,8A91,越後川口SA(上り線),ショッピングコーナー,
Suica,C7,8AB9,セブン‐イレブン,鶴岡西心斎町店,
Suica,C7,8ABA,セブン‐イレブン,鶴岡西心斎町店,
Suica,C7,8ACD,エクセルシオール カフェ,品川イーストワンタワー店,
Suica,C7,8B16,ニューデイズ,新宿店,JR新宿駅 東口改札外
Suica,C7,8B31,ニューデイズ,東京テレポート店,
Suica,C7,8B32,ニューデイズ,東京テレポート店,
Suica,C7,8B33,ニューデイズ,東京テレポート店,
Suica,C7,8B3E,ローソン,上野中央通店,
Suica,C7,8B46,#大衆食堂#半田屋,いわき駅ビル店,いわき駅ビル4F
Suica,C7,8B6F,ニューデイズ,上越妙高,
Suica,C7,8BB0,セブン‐イレブン,いわき赤井店,
Suica,C7,8BBB,鉄道博物館,ミュージアムショップ,鉄道博物館 1階
Suica,C7,8BBD,鉄道博物館,ミュージアムショップ,鉄道博物館 2階
Suica,C7,8BD4,ニューデイズ,飯山,
Suica,C7,8BF4,セブン‐イレブン,目黒駒場1丁目店,
Suica,C7,8BF5,セブン‐イレブン,目黒駒場1丁目店,
Suica,C7,8BF6,ニューデイズ,横手,横手駅 東口駅外
Suica,C7,8BFB,ニューデイズ,長野,改札外
Suica,C7,8BFD,セブン‐イレブン,渋谷セルリアンタワー店,セルリアンタワー2F
Suica,C7,8BFE,セブン‐イレブン,渋谷セルリアンタワー店,セルリアンタワー2F
Suica,C7,8BFF,セブン‐イレブン,渋谷セルリアンタワー店,セルリアンタワー2F
Suica,C7,8C22,ニューデイズ,蘇我,JR蘇我駅(改札内)ディラ蘇我内
Suica,C7,8C27,サークルK,清水にしくぼ店,
Suica,C7,8C54,ピボット,古川店,古川駅1階(高架下) 古川駅食品館
Suica,C7,8C55,ピボット,古川店,古川駅1階(高架下) 古川駅食品館
Suica,C7,8C56,ピボット,古川店,古川駅1階(高架下) 古川駅食品館
Suica,C7,8C57,ピボット,古川店,古川駅1階(高架下) 古川駅食品館
Suica,C7,8C58,ピボット,古川駅,古川駅1階(高架下) 古川駅食品館
Suica,C7,8C69,#郷土料理#一會庵,,JR会津若松駅構内 改札外
Suica,C7,8C7D,Panini KITCHEN ロイヤルベーカリー,,#関越自動車道#上里SA(上り線)
Suica,C7,8C7F,ロイヤル,上里SA売店,#関越自動車道#上里SA(上り線)
Suica,C7,8C83,ミニストップ,新宿花園通り店,
Suica,C7,8C84,ミニストップ,新宿花園通り店,
Suica,C7,8C85,ミニストップ,新宿花園通り店,
Suica,C7,8C94,売店,甲府駅ホーム,
Suica,C7,8C99,マックスバリュ,山形駅西口店,
Suica,C7,8C9C,マックスバリュ,山形駅西口店,
Suica,C7,8CAF,ニューデイズ,新宿南口中央店,JR新宿駅 南口改札内 コンコース中央
Suica,C7,8CB4,ニューデイズ,湯河原店,湯河原駅(改札外)
Suica,C7,8CBE,NewDays KIOSK,ecute上野公園通路店,JR上野駅改札内
Suica,C7,8CBF,NewDays KIOSK,ecute上野公園通路店,JR上野駅改札内
Suica,C7,8CCC,ニューデイズ,川崎店,川崎駅 改札内コンコース 東海道線ホーム側
Suica,C7,8CCD,ニューデイズ,川崎店,川崎駅 改札内コンコース 東海道線ホーム側
Suica,C7,8CCE,ニューデイズ,川崎店,川崎駅 改札内コンコース 東海道線ホーム側
Suica,C7,8CEB,ローソン,横浜鴨居町店,
Suica,C7,8CEC,ローソン,横浜鴨居町店,
Suica,C7,8CF1,ニューデイズ,盛岡22号,盛岡駅 新幹線改札内
Suica,C7,8CFB,KIOSK,大原1号,JR大原駅(改札外)
Suica,C7,8D05,ニューデイズ,熊谷,JR熊谷駅(改札外)コンコース
Suica,C7,8D06,ニューデイズ,熊谷,JR熊谷駅(改札外)コンコース
Suica,C7,8D07,ニューデイズ,熊谷,JR熊谷駅(改札外)コンコース
Suica,C7,8D09,ミニストップ,北坂戸駅前店,
Suica,C7,8D0A,ミニストップ,北坂戸駅前店,
Suica,C7,8D20,ニューデイズ,平塚,JR平塚駅 東口改札外南側
Suica,C7,8D28,NewDaysミニ,長野2号,JR長野駅 改札外 自由通路
Suica,C7,8D3F,ニューデイズ,上尾店,改札外
Suica,C7,8D41,ニューデイズ,さいたま新都心,改札外 横(橋上東口側)
Suica,C7,8D50,ニューデイズ,青森東口待合,JR青森駅
Suica,C7,8D8A,サンマルクカフェ,千葉県千葉駅前店,塚本大千葉ビルディング1階
Suica,C7,8D9D,ローソン,仙台榴ヶ岡三丁目店,
Suica,C7,8DA4,KINOKUNIYA Bakery,中野駅店,JR中野駅改札内
Suica,C7,8DA7,ローソン,日本橋茅場町一丁目店,
Suica,C7,8DA8,ローソン,日本橋茅場町一丁目店,
Suica,C7,8DA9,ローソン,日本橋茅場町一丁目店,
Suica,C7,8DCE,政ichi,,デュオレール小淵沢
Suica,C7,8DF9,ミニストップ,若柳川北店,
Suica,C7,8E15,ニューデイズ,Dila小山店,JR小山駅 在来線改札内
Suica,C7,8E27,ぽっぷらっぷ,,本八戸駅
Suica,C7,8E45,ミニストップ,名古屋廿軒家店,
Suica,C7,8E8F,ミニストップ,吉根店,
Suica,C7,8EB3,ローソン,利府森郷店,
Suica,C7,8F50,おみやげ処やまがた,,山形駅
Suica,C7,8F51,サンマルクカフェ,渋谷道玄坂店,
Suica,C7,8F61,THE 3RD CAFE by Standard Coffee,,虎ノ門ヒルズ森タワー3F
Suica,C7,8F63,ぐるっと遊,宮古駅店,宮古駅
Suica,C7,8F88,ヤマト運輸,北馬込センター,
Suica,C7,8F8E,ニューデイズ,茂原,JR茂原駅(改札外)改札口横
Suica,C7,8F8F,ニューデイズ,茂原,JR茂原駅(改札外)改札口横
Suica,C7,8F93,ニューデイズ,成田,JR成田駅(改札外)改札口正面
Suica,C7,8FAD,膳まい,上野中央連絡通路店,
Suica,C7,8FB1,ニューデイズ,りんかい新木場店,りんかい線新木場駅改札内
Suica,C7,8FB4,NewDaysミニ,村上,JR村上駅(改札外) 待合室横
Suica,C7,8FB7,ギフトガーデン,水戸店,改札内
Suica,C7,8FBE,JR東日本フードビジネス ほぉーバル,神田店,JR神田駅 南口改札内
Suica,C7,9019,ミニストップ,多摩センター駅前店,マグレブビル1F
Suica,C7,9036,ミニストップ,渋谷桜丘店,
Suica,C7,9044,ニューデイズ,新宿東口店,
Suica,C7,9045,ニューデイズ,新宿東口店,
Suica,C7,9056,NewDays KIOSK,浜松町駅南口改札内店,JR浜松町駅南口改札内コンコース
Suica,C7,905B,ミニストップ,鉄道博物館前店,
Suica,C7,905C,ミニストップ,鉄道博物館前店,
Suica,C7,9060,ミニストップ,浅草橋1丁目店,浅草橋大興ビル
Suica,C7,9086,小割烹 おはし,あきはばらりびんぐ,
Suica,C7,90EC,ミニストップ,千葉新港店,
Suica,C7,912C,ユニクロ,大船ルミネウィング店,
Suica,C7,916E,サミット,テラスモール湘南台,
Suica,C7,918A,グリンデルベルグ,JR宇都宮駅中店,JR宇都宮駅構内(改札外) 宇都宮パセオ2階とちぎグランマルシェ内
Suica,C7,921A,ファミリーマート,虎ノ門愛宕下通り店,
Suica,C7,921B,ファミリーマート,虎ノ門愛宕下通り店,
Suica,C7,921C,ファミリーマート,虎ノ門愛宕下通り店,
Suica,C7,9246,ベックスコーヒーショップ,水戸店,JR水戸駅構内(改札内)
Suica,C7,9296,ファス,大塚駅店,atre vie OTSUKA 2階
Suica,C7,92C9,アズリーフ,東京店,JR東京駅 京葉八重洲地下改札内
Suica,C7,92F0,イオン,白子店,白子ショッピングタウンサンズ1階 イオン白子店食料品売場
Suica,C7,9348,ホテルルートイン,熊谷,
Suica,C7,938B,ラップドクレープコロット,JR東京駅八重洲口店,JR東京駅一番街内
Suica,C7,93A6,Soup Stock Tokyo,Dila大崎店,JR大崎駅北口改札内
Suica,C7,944F,セブン‐イレブン,品川イーストワンタワー店,
Suica,C7,946B,横浜ブルク13,,
Suica,C7,94AD,ファミリーマート,千駄ヶ谷五丁目店,
Suica,C7,94CE,イオンスタイル,常滑店,
Suica,C7,94FB,ニューデイズ,米沢,米沢駅改札外
Suica,C7,94FF,ニューデイズ,新庄店,
Suica,C7,9504,ニューデイズ,仙台,JR仙台駅 改札内 2階在来線コンコース
Suica,C7,9524,ベックスコーヒーショップ,長野店,JR長野駅構内(改札外)
Suica,C7,9527,ロフト,千葉ロフト店,そごう千葉店8階
Suica,C7,9530,マックスバリュ,成田富里店,1階食料品売場
Suica,C7,9532,サンエトワール,一ノ関駅店,
Suica,C7,9534,ドトールコーヒーショップ,青森駅店,JR青森駅
Suica,C7,9535,サンマルクカフェ,千葉県千葉C-one店,
Suica,C7,9575,ファミリーマート,駒ヶ岳SA上り店,サービスエリア建物内
Suica,C7,957A,ファミリーマート,梓川SA上り店,
Suica,C7,95B1,不二家,イオンタウン成田富里店,
Suica,C7,95DC,セブン‐イレブン,渋谷代々木1丁目店,
Suica,C7,95FF,ハニーズバー,新橋店,JR新橋駅(改札外) 烏森口改札向
Suica,C7,9605,オアシス@akiba,,区営有料公衆トイレ
Suica,C7,960D,セブン‐イレブン,北八王子駅西口店,
Suica,C7,960E,セブン‐イレブン,北八王子駅西口店,
Suica,C7,960F,セブン‐イレブン,北八王子駅西口店,
Suica,C7,9660,イトーヨーカドー,丸大長岡店,
Suica,C7,9672,マザー牧場 milk bar,アトレ秋葉原1店,アトレ秋葉原1 1階 北口出入口横
Suica,C7,9687,三省堂書店,アトレ秋葉原1店,アトレ秋葉原1 2階
Suica,C7,9688,三省堂書店,アトレ秋葉原1店,アトレ秋葉原1 2階
Suica,C7,968B,トレニアート,アトレ秋葉原1,アトレ秋葉原1 2階
Suica,C7,9692,スターバックスコーヒー,アトレ秋葉原1店,3階
Suica,C7,969C,つがる路,,JR青森駅
Suica,C7,96A7,東京カレー屋名店会,アトレ秋葉原店,JR秋葉原駅 アトレ秋葉原1 1階
Suica,C7,970B,ドトールコーヒーショップ,アトレ上野店,
Suica,C7,9720,イオンスタイル,御嶽山駅前店,1階食品売場
Suica,C7,9721,ファーストキッチン・ウェンディーズ,下北沢店,
Suica,C7,97C5,MEGAドン・キホーテ,渋谷本店,1F
Suica,C7,97F8,ファミリーマート,鶴岡錦町店,
Suica,C7,9857,成城石井,アトレ目黒2店,
Suica,C7,9895,カフェ・マレット,,新杵屋2階
Suica,C7,98B6,フレスコ,ベンガベンガ登戸店,
Suica,C7,98E2,イトーヨーカドー,小山店,1階食料品売場
Suica,C7,990D,セブン‐イレブン,中野桃園店,ピースフル桃ヶ丘 1F
Suica,C7,990E,セブン‐イレブン,中野桃園店,ピースフル桃ヶ丘 1F
Suica,C7,990F,セブン‐イレブン,中野桃園店,ピースフル桃ヶ丘 1F
Suica,C7,9969,デリフランス,大井町店,JR大井町駅 アトレ大井町1階
Suica,C7,996F,天丼てんや,サンシャインシティ店,池袋サンシャインアルパB1
Suica,C7,99A3,セブン‐イレブン,木更津下郡店,
Suica,C7,99A4,セブン‐イレブン,木更津下郡店,
Suica,C7,99AA,天丼てんや,赤坂見附店,
Suica,C7,99CF,JR東日本リテールネット,千葉支店,催事販売用
Suica,C7,9A30,ホテル メトロポリタン エドモント,,フロント
Suica,C7,9ADD,タリーズコーヒー,秋葉原UDX店,アキバ・イチ1F 外側
Suica,C7,9B08,小山せんべい,JR新青森駅,あおもり旬味館1階
Suica,C7,9B5A,タリーズコーヒー,大塚店,
Suica,C7,9B60,タリーズコーヒー,市ヶ谷店,
Suica,C7,9B6C,イオン,名取店,3階文具売り場
Suica,C7,9B81,セブン‐イレブン,秩父黒谷店,
Suica,C7,9B82,セブン‐イレブン,秩父黒谷店,
Suica,C7,9C1E,ニューデイズ,代々木店,代々木駅 西口改札外
Suica,C7,9C1F,ニューデイズ,代々木店,代々木駅 西口改札外
Suica,C7,9C25,ニューデイズ,茅ヶ崎,
Suica,C7,9C29,ニューデイズ,石和温泉,石和温泉駅(改札外)自由通路
Suica,C7,9C2A,ニューデイズ,石和温泉,石和温泉駅(改札外)自由通路
Suica,C7,9C2B,ニューデイズ,水道橋東口店,水道橋駅 東口改札外
Suica,C7,9C60,タリーズコーヒー,浜松町駅北口店,浜松町スクエア1F
Suica,C7,9C73,ロッテリア,ペリエ西千葉FS店,西千葉駅(改札外)ペリエ西千葉店内
Suica,C7,9C74,ロッテリア,ペリエ西千葉FS店,西千葉駅(改札外)ペリエ西千葉店内
Suica,C7,9C7F,NewDays KIOSK,大宮駅新幹線下りホーム北店,JR大宮駅 新幹線17・18番線ホーム 盛岡方
Suica,C7,9C8C,NewDays KIOSK,仙台駅新幹線下りホーム1号店,新幹線下り(11・12番線)ホーム 盛岡方
Suica,C7,9C8F,NewDays KIOSK,新宿駅南口改札内店,JR新宿駅 南口改札内 コンコース
Suica,C7,9C90,NewDays KIOSK,新宿南口改札内店,
Suica,C7,9CA2,NewDays KIOSK,秋葉原駅6番線ホーム西店,JR秋葉原駅 6番線 総武下りホーム 中野方
Suica,C7,9CA7,ロッテリア,アルカード茂原FS店,アルカード茂原内
Suica,C7,9CAB,キッチンうおすけ,,アルカード茂原内
Suica,C7,9CAE,ニューデイズ,仙台新幹線南改札内,JR仙台駅 3階 南改札内
Suica,C7,9CBC,NewDays KIOSK,池袋駅東口店,JR池袋駅 改札外 東口1F
Suica,C7,9CBE,NewDays KIOSK,逗子駅1番線ホーム店,
Suica,C7,9CC7,越後川口SA(下り線),ショッピングコーナー,#関越自動車道#越後川口SA(下り線)
Suica,C7,9E9C,サブウェイ,松戸駅西口店,
Suica,C7,9ED9,ウィカフェ ダ プロント イル バール,エキュート大宮店,大宮駅構内
Suica,C7,9F30,青森ふるさとショップ アイモリー,,ねぶたの家 ワ・ラッセ
Suica,C7,9F3E,カフェアート,,東京都美術館内
Suica,C7,9F40,レストラン ミューズ,,東京都美術館内
Suica,C7,9F49,セブン‐イレブン,鶴岡宝田1丁目店,
Suica,C7,9F4A,セブン‐イレブン,鶴岡宝田1丁目店,
Suica,C7,9F5A,ベッカーズ,飯田橋東口店,
Suica,C7,9F5F,ベッカーズ,赤羽店,
Suica,C7,9F62,ベッカーズ,藤沢店,
Suica,C7,9F73,フェザン,,盛岡駅
Suica,C7,9F75,NewDays KIOSK,新宿東口改札外店,JR新宿駅 東口改札外 B1左階段下
Suica,C7,9F76,NewDays KIOSK,新宿南口改札脇店,JR新宿駅 南口改札外脇
Suica,C7,9F7A,NewDays KIOSK,池袋南通路店,JR池袋駅 改札外 南通路中央
Suica,C7,9F8A,NewDays KIOSK,池袋埼京線ホーム店,JR池袋駅 埼京線3·4番線ホーム 新宿方
Suica,C7,9F8B,NewDays KIOSK,池袋駅北通路店,JR池袋駅 改札外 北通路改札正面
Suica,C7,9F92,NewDays KIOSK,八王子駅改札内店,JR八王子駅 改札内コンコース
Suica,C7,9F93,NewDays KIOSK,八王子駅改札内店,JR八王子駅 改札内コンコース
Suica,C7,9FA0,NewDays KIOSK,上尾改札内店,改札内コンコース 1番ホーム行き階段脇
Suica,C7,9FA1,NewDays KIOSK,上尾改札内店,改札内コンコース 1番ホーム行き階段脇
Suica,C7,9FA6,ニューデイズ,蘇我,蘇我駅(改札内)コンコース
Suica,C7,9FB6,ベッカーズ,西船橋店,JR西船橋駅改札内
Suica,C7,9FC0,ベッカーズ,ホテルメッツ津田沼店,
Suica,C7,9FC5,ベッカーズ,舞浜店,舞浜駅(改札外)南口外
Suica,C7,9FC6,ベッカーズ,舞浜店,舞浜駅(改札外)南口外
Suica,C7,A016,駅弁屋 匠,上野店,エキュート上野
Suica,C7,A017,駅弁屋 匠,上野店,エキュート上野
Suica,C7,A01A,ブックオフ,SUPER BAZAAR 西友大森店,
Suica,C7,A047,膳まい,エキュート上野,
Suica,C7,A065,ちいさなバーム・ツリー,JR品川駅店,
Suica,C7,A114,イオン,市川妙典店,1階
Suica,C7,A18C,JINS,グランデュオ立川店,グランデュオ立川6階
Suica,C7,A193,カルディコーヒーファーム,グランデュオ立川店,グランデュオ立川6階
Suica,C7,A1A5,陳建一麻婆豆腐店,グランデュオ立川店,グランデュオ立川7階
Suica,C7,A1B6,カフェ・ド・クリエ,グランデュオ立川店,グランデュオ立川8F
Suica,C7,A1C4,マツモトキヨシ,弘前駅ビルアプリーズ店,
Suica,C7,A1D3,キャンドゥ,弘前駅ビル店,アプリーズ3階
Suica,C7,A237,サンマルクカフェ,春日駅前店,
Suica,C7,A274,ANA FESTA,53番ゲートギフトショップ,
Suica,C7,A28E,ハニーズバー,立川店,JR立川駅(改札内) 中央線3/4番線東京方階段下
Suica,C7,A294,ハニーズバー,神田店,JR神田駅西口・南口(改札内)
Suica,C7,A297,ハニーズバー,大塚店,JR山手線大塚駅構内(改札内)
Suica,C7,A29F,ファミリーマート,五所川原駅前店,
Suica,C7,A2A5,ハニーズバー,舞浜ホーム店,舞浜駅1・2番線ホーム中程
Suica,C7,A2A8,イオン,東鷲宮店,1階 売場
Suica,C7,A2AB,イオン,仙台店,地下2階食料品売り場
Suica,C7,A2F5,イトーヨーカドー,食品館立石店,
Suica,C7,A31D,ホテルルートイン,東京蒲田,-あやめ橋-
Suica,C7,A33C,セブン‐イレブン,北の丸スクエア店,
Suica,C7,A354,ファミリーマート,由利本荘岩城店,
Suica,C7,A396,タリーズコーヒー,代々木駅北口店,
Suica,C7,A397,タリーズコーヒー,代々木駅北口店,
Suica,C7,A3B5,ハニーズバー,恵比寿東口店,JR恵比寿駅東口改札内
Suica,C7,A414,イオン,茅ヶ崎中央店,1階
Suica,C7,A421,マザー牧場,山の上売店,
Suica,C7,A43C,イトーヨーカドー,若葉台店,
Suica,C7,A458,ベックスコーヒーショップ,蘇我店,蘇我駅(改札内)コンコース
Suica,C7,A459,ほんのり屋,蘇我店,JR蘇我駅 改札内 Dila蘇我
Suica,C7,A45A,まいばすけっと,下目黒2丁目店,
Suica,C7,A476,イトーヨーカドー,丸大柏崎店,地下1階食品レジ
Suica,C7,A485,BAKE,仙台店,JR仙台駅2F 在来線改札内
Suica,C7,A48D,まいばすけっと,神泉駅前店,
Suica,C7,A494,リトルマーメイド,蘇我店,JR蘇我駅(改札内) Dila蘇我
Suica,C7,A4AA,カレー香房,Eat iT!,東京ビッグサイト会議棟1F
Suica,C7,A4BA,ファミリーマート,本間美術館前店,
Suica,C7,A4BB,ファミリーマート,本間美術館前店,
Suica,C7,A4C4,NewDays KIOSK,上野駅広小路口,
Suica,C7,A4CB,NewDays KIOSK,池袋中央通路,JR池袋駅構内 改札外中央通路
Suica,C7,A4D0,NewDays KIOSK,大月駅店,大月駅3番線
Suica,C7,A4DF,NewDays KIOSK,品川駅山手線ホーム北店,山手線ホーム中央
Suica,C7,A4E2,NewDays KIOSK,西日暮里改札外店,JR西日暮里駅(改札外)コンコース
Suica,C7,A4E5,セブン‐イレブン,秋田牛島東3丁目店,
Suica,C7,A4EA,NewDays KIOSK,大曲駅待合室店,
Suica,C7,A4F2,タニタカフェ,有楽町店,ルミネストリート JR有楽町銀座口
Suica,C7,A4FF,NewDays KIOSK,新橋駅汐留口店,JR新橋駅 汐留口広場
Suica,C7,A500,NewDays KIOSK,新橋駅汐留口店,JR新橋駅 汐留口広場
Suica,C7,A501,NewDays KIOSK,渋谷駅1番線ホーム店,JR渋谷駅 1番線ホーム 恵比寿方
Suica,C7,A503,NewDays KIOSK,赤羽駅3番線ホーム店,JR赤羽駅 3·4番線ホーム 大宮方
Suica,C7,A508,NewDays KIOSK,酒田駅店,#JR酒田駅#改札外待合室脇
Suica,C7,A50F,ニューデイズ,横浜北口店,
Suica,C7,A518,NewDays KIOSK,茅野駅店,茅野駅(改札外)コンコース
Suica,C7,A555,イオン,東久留米店,
Suica,C7,A55E,ベックスコーヒーショップ,横浜中央口店,#JR東日本#横浜駅 中央南改札内
Suica,C7,A560,ベックスコーヒーショップ,宇都宮店,宇都宮駅新幹線改札横
Suica,C7,A564,ベックスコーヒーショップ,小山店,JR小山駅 在来線改札内
Suica,C7,A568,ベックスコーヒーショップ,池袋西口店,JR池袋駅 西口脇
Suica,C7,A569,ベックスコーヒーショップ,取手店,JR東日本取手駅東口改札外
Suica,C7,A56F,ベックスコーヒーショップ,大宮北口店,
Suica,C7,A571,イオンリカー,千歳船橋店,
Suica,C7,A573,ベックスコーヒーショップ,大崎店,JR大崎駅南改札ディラ大崎内
Suica,C7,A576,ベックスコーヒーショップ,大宮新幹線店,大宮駅新幹線改札内待合室
Suica,C7,A57C,セブン‐イレブン,虎ノ門駅前店,
Suica,C7,A57E,ベックスコーヒーショップ,横浜北口店,JR横浜駅北改札内
Suica,C7,A580,ベックスコーヒーショップ,川越店,JR川越駅(改札内)コンコース奥
Suica,C7,A581,レストランクラウン,,センチュリー三田ビル10F
Suica,C7,A58B,ベックスコーヒーショップ,新木場店,JR新木場駅ホーム中程
Suica,C7,A596,ベックスコーヒーショップ,立川店,JR立川駅東改札外
Suica,C7,A5A8,ベックスコーヒーショップ,王子店,#JR東日本#王子駅 北口改札外 びゅうプラザ脇
Suica,C7,A5AA,ベックスコーヒーショップ,品川店,JR品川駅改札内
Suica,C7,A5AE,紀ノ國屋,インターナショナル,
Suica,C7,A5B0,ニューデイズ,宇都宮中央店,宇都宮駅改札外正面パセオ内 2Fとちぎマルシェ
Suica,C7,A5D6,common_cafe,千葉駅ナカ店,JR千葉駅(改札内)ペリエ千葉3階コンコース
Suica,C7,A5DA,ベックスコーヒーショップ,エキュート赤羽店,JR赤羽駅改札内
Suica,C7,A5DD,ベックスコーヒーショップ,中野店,JR中野駅改札内北口改札寄り
Suica,C7,A616,ベルズクレープ,舞浜店,JR舞浜駅 南口改札外 ディズニーランド方面
Suica,C7,A61D,ベックスコーヒーショップ,舞浜店,JR舞浜駅 南口改札外 ディズニーランド方面
Suica,C7,A621,ドン・キホーテ,ピカソ能見台駅前店,
Suica,C7,A625,エディーズ・ブレッドカフェ,池袋店,JR池袋駅構内
Suica,C7,A65D,セブン‐イレブン,飯山本町店,
Suica,C7,A698,UP CAFE,エキュート上野店,
Suica,C7,A69D,サブウェイ,青山一丁目ツインビル店,
Suica,C7,A69E,ドリップマニア,横浜リフレスタ店,JR横浜駅中央北改札内コンコースRefresta内
Suica,C7,A6B1,FOUNDRY,エキュート品川店,JR品川駅構内(改札内) エキュート品川
Suica,C7,A6B2,デイリーヤマザキ,八戸十三日町店,
Suica,C7,A6B8,デイリーヤマザキ,蟹田店,
Suica,C7,A71F,ドトールコーヒーショップ,千葉駅東口店,ペリエ千葉ストリート2(改札外)路面店
Suica,C7,A741,セブン‐イレブン,渋谷道玄坂2丁目店,
Suica,C7,A7A1,サークルK,塩尻桔梗町店,
Suica,C7,A7A6,HOKUO,エキュート立川店,JR立川駅(改札内)東改札内乗換通路
Suica,C7,A7CC,セブン‐イレブン,渋谷桜丘店,
Suica,C7,A7FD,ニューデイズ,ペリエ千葉改札外店,JR千葉駅(改札外)中央改札横
Suica,C7,A7FE,ニューデイズ,ペリエ千葉改札外店,JR千葉駅(改札外)中央改札横
Suica,C7,A7FF,ニューデイズ,ペリエ千葉改札外店,JR千葉駅(改札外)中央改札横
Suica,C7,A800,ニューデイズ,ペリエ千葉改札内西,JR千葉駅(改札内) 3階コンコース
Suica,C7,A801,ニューデイズ,ペリエ千葉改札内西,JR千葉駅(改札内) 3階コンコース
Suica,C7,A802,ニューデイズ,ペリエ千葉改札内南,JR千葉駅(改札内)1·2番線階段横
Suica,C7,A803,ニューデイズ,ペリエ千葉改札内南,JR千葉駅(改札内)1·2番線階段横
Suica,C7,A804,ニューデイズ,ペリエ千葉改札内南,JR千葉駅(改札内)1·2番線階段横
Suica,C7,A80B,NewDays KIOSK,品川北改札内店,北改札内コンコース
Suica,C7,A80D,ニューデイズ,飯田橋東口,JR飯田橋駅 東口改札内
Suica,C7,A80E,ニューデイズ,飯田橋東口,JR飯田橋駅 東口改札内
Suica,C7,A81F,NewDays KIOSK,浜松町北口改札外店,
Suica,C7,A820,NewDays KIOSK,上野中央改札外,JR上野駅 中央改札外 コンコース脇
Suica,C7,A821,NewDays KIOSK,上野中央改札外,JR上野駅 中央改札外 コンコース脇
Suica,C7,A836,NewDays KIOSK,川崎改札外店,
Suica,C7,A837,NewDays KIOSK,川崎駅改札内店,
Suica,C7,A838,NewDays KIOSK,川崎駅改札内店,
Suica,C7,A83A,NewDays KIOSK,上野駅中央改札内店,JR上野駅 中央改札内 正面
Suica,C7,A840,NewDays KIOSK,天王台駅改札外店,JR天王台駅 改札外コンコース
Suica,C7,A842,NewDays KIOSK,南浦和駅改札内店,JR南浦和駅 改札内 コンコース
Suica,C7,A855,ニューデイズ,錦糸町2号,JR錦糸町駅 南口改札外
Suica,C7,A858,ニューデイズ,新宿店,JR新宿駅 東口改札外
Suica,C7,A85A,ニューデイズ,大崎店,大崎駅改札内
Suica,C7,A89C,イトーヨーカドー,直江津店,1階食品レジ
Suica,C7,A89E,イトーヨーカドー,直江津店,1階食品レジ
Suica,C7,A8B2,CAFFÈ SOLARE,海浜幕張駅店,改札内
Suica,C7,A8BF,ハンバーグ ストロング,,秋葉原アキバ・イチ 2F
Suica,C7,A939,A-FACTORY,,
Suica,C7,A969,ベッカーズ,アトレ大船店,
Suica,C7,A98A,#菓匠#松榮堂,盛岡駅ビルフェザン店,
Suica,C7,A9CB,セブン‐イレブン,国分寺光町1丁目店,
Suica,C7,A9D3,ファミリーマート,吉祥寺パークロード店,吉祥寺ピアット1階
Suica,C7,A9D5,京樽,,フェザン本館BF
Suica,C7,A9E1,くすりSTATION,大崎店,大崎駅改札内 Dila大崎
Suica,C7,A9EF,ファミリーマート,市原古市場店,
Suica,C7,AA04,ファミリーマート,郡山中町店,
Suica,C7,AA05,Air BIC CAMERA,羽田空港国際線ターミナル店,羽田空港国際線旅客ターミナル2F
Suica,C7,AA29,こぶしのはな,,フェザン本館BF
Suica,C7,AA2D,セブン‐イレブン,品川駅港南口店,オリックス品川ビル1F
Suica,C7,AA48,モリバコーヒー,渋谷円山町店,
Suica,C7,AA49,モリバコーヒー,渋谷円山町店,
Suica,C7,AAC4,とんかつまい泉,ペリエ千葉エキナカ店,JR千葉駅(改札内)ペリエ千葉3階
Suica,C7,AAC8,サルテリア,,ペリエ千葉エキナカ3F (JR千葉駅改札内)
Suica,C7,AACC,カワシマパン,,JR千葉駅(改札内)ペリエ千葉エキナカ3F
Suica,C7,AAD5,惣菜暖簾 山正,ペリエ千葉店,ペリエ千葉エキナカ3F(JR千葉駅改札内)
Suica,C7,AAE1,マツモトキヨシ,ペリエ千葉エキナカ店,ペリエ千葉3階
Suica,C7,AAE7,こめらく ニッポンのお茶漬け日和。,ペリエ千葉エキナカ店,JR千葉駅(改札内)ペリエ千葉エキナカ3F
Suica,C7,AAE8,一得餃子房,ペリエ千葉エキナカ店,ペリエ千葉エキナカ3F
Suica,C7,AAE9,駅弁屋 踊,ペリエ千葉店,JR千葉駅(改札内)3階コンコース
Suica,C7,AAEA,unau cafe&kitchen,ペリエ千葉エキナカ店,ペリエ千葉エキナカ3F
Suica,C7,AAF3,成田ゆめ牧場 Cows Stand,ペリエ千葉エキナカ店,ペリエ千葉エキナカ3F
Suica,C7,AB2E,駅の駅あおもり,,
Suica,C7,AB3D,ごまそば高田屋,リエール藤沢店,リエール藤沢2F
Suica,C7,AB47,安積PA上りショッピングコーナー,,#東北自動車道#安積PA上り線
Suica,C7,AB4D,ニューデイズ,池袋西口,JR池袋駅 改札外 中央通路 西口階段脇
Suica,C7,AB56,VIE DE FRANCE,羽田空港店,
Suica,C7,AB5F,ニューデイズ,中野北口,
Suica,C7,AB69,ニューデイズ,東京八重洲中央,東京駅在来線改札内 八重洲中央口への通路沿い
Suica,C7,AB6A,NewDaysミニ,新潟コン1号,新潟駅 改札外 万代口 コンコース
Suica,C7,AB73,ニューデイズ,宇都宮7号,宇都宮駅在来線改札脇
Suica,C7,AB78,くすりSTATION,新宿南口店,JR新宿駅構内 (南口改札内)
Suica,C7,AB89,崎陽軒,横浜駅中央店,JR横浜駅構内(改札外) 中央通路
Suica,C7,ABAE,NewDays KIOSK,新橋駅汐留口店,JR新橋駅 汐留口広場
Suica,C7,ABC8,ニューデイズ,品川中央,品川駅 北改札外 正面券売機脇
Suica,C7,ABC9,ニューデイズ,品川中央,品川駅 北改札外 正面券売機脇
Suica,C7,ABD8,NewDays KIOSK,渋谷中央改札内店,JR渋谷駅 中央改札内コンコース
Suica,C7,ABDC,ニューデイズ,新小平,新小平駅
Suica,C7,ABF4,NewDaysミニ,仙台10号店,仙台駅 2F
Suica,C7,AC08,まいばすけっと,目黒太鼓橋店,
Suica,C7,AC4C,サンマルクカフェ,浅草橋東口店,
Suica,C7,AC4D,サンマルクカフェ,両国西口店,
Suica,C7,AC4E,TRAINIART TOKYO,グランスタ店,
Suica,C7,AC59,ニューデイズ,モノレール千葉店,モノレール千葉駅(改札外)中央改札口横
Suica,C7,AC5C,ニューデイズ,新木場2号,新木場駅 1・2番線ホーム蘇我方
Suica,C7,AC71,セブン‐イレブン,豊島東池袋5丁目店,
Suica,C7,AC92,モスバーガー,深谷駅前店,
Suica,C7,ACA6,モスバーガー,秋葉原末広町店,
Suica,C7,ACA7,コミュニティ・ストア,渋谷 まつもと店,
Suica,C7,ACA8,コミュニティ・ストア,渋谷 まつもと店,
Suica,C7,ACB3,モスバーガー,芝大門店,
Suica,C7,ACB7,モスカフェ,西銀座店,
Suica,C7,ACB8,モスカフェ,西銀座店,
Suica,C7,ACC1,鉄道博物館,運転士体験教室,鉄道博物館2階
Suica,C7,ACDC,NewDaysミニ,高崎21号店,高崎駅新幹線改札内
Suica,C7,ACE5,ニューデイズ,南浦和,JR南浦和駅 改札外 正面
Suica,C7,ACE7,ニューデイズ,Dila小山店,JR小山駅 在来線改札内
Suica,C7,ACEE,ニューデイズ,川越中央,JR川越駅改札内
Suica,C7,ACF0,BLUE SKY,22番ゲートショップ,羽田空港第1ターミナル 搭乗ゲート内22番ゲート付近
Suica,C7,AD00,ニューデイズ,新宿南口中央店,JR新宿駅 南口改札内 コンコース中央
Suica,C7,AD02,モスバーガー,熊谷駅店,JR熊谷駅構内(改札外) コンコース
Suica,C7,AD07,ニューデイズ,上野中央口,JR上野駅 中央改札内・脇
Suica,C7,AD15,ニューデイズ,エキュート赤羽店,
Suica,C7,AD16,NewDaysミニ,赤羽2号,JR赤羽駅 南口改札内
Suica,C7,AD1C,NewDaysミニ,舞浜3号,舞浜駅改札内
Suica,C7,AD4F,スターバックスコーヒー,JR秋葉原駅ラチ内店,総武線6番線ホーム 乗換連絡通路脇
Suica,C7,AD58,セブン‐イレブン,銚子犬吠埼店,
Suica,C7,AD59,セブン‐イレブン,銚子犬吠埼店,
Suica,C7,AD7F,登利平,イーサイト高崎店,イーサイト高崎2階Sopra Deli内
Suica,C7,AD85,モスバーガー,目黒大鳥神社前店,
Suica,C7,AD89,THE CAMP CAFE&GRILL,,Arena CITTA' 1F
Suica,C7,ADCB,NewDays KIOSK,池袋北通路店,JR池袋駅 改札外 北通路 改札正面
Suica,C7,ADD9,ニューデイズ,舞浜店,ホテルドリームゲート舞浜
Suica,C7,ADDA,ニューデイズ,舞浜店,ホテルドリームゲート舞浜
Suica,C7,ADDB,NEWDAYS+くすり,エキュート品川サウス店,JR品川駅
Suica,C7,ADDF,ニューデイズ,品川,#JR東日本#品川駅高輪口 1階
Suica,C7,ADEC,ニューデイズ,エキュート上野 公園通路,
Suica,C7,ADF0,ニューデイズ,東船橋店,東船橋駅改札外
Suica,C7,ADF6,モスバーガー,橋本3丁目店,
Suica,C7,ADF7,NewDays KIOSK,ecute品川south店,
Suica,C7,ADF8,NewDays KIOSK,品川駅山手線ホーム北店,山手線ホーム中央
Suica,C7,AE00,ニューデイズ,浜松町店,浜松町駅北口改札外
Suica,C7,AE07,セブン‐イレブン,目黒行人坂店,
Suica,C7,AE08,セブン‐イレブン,目黒行人坂店,
Suica,C7,AE09,セブン‐イレブン,目黒行人坂店,
Suica,C7,AE15,ニューデイズ,宇都宮中央店,宇都宮駅改札外正面パセオ内 2Fとちぎマルシェ
Suica,C7,AE18,ニューデイズ,エキュート赤羽店,JR赤羽駅 北口改札内
Suica,C7,AE1A,ニューデイズ,大崎南口店,大崎駅改札内
Suica,C7,AE1B,ニューデイズ,大崎南口店,大崎駅改札内
Suica,C7,AE37,セブン‐イレブン,中野駅北口店,
Suica,C7,AE38,#難波千日前#釜たけうどん,八重洲北口店,東京駅改札外 1Fキッチンストリート
Suica,C7,AE3C,セブン‐イレブン,船橋本町1丁目店,
Suica,C7,AE57,築地竹若,東京駅GRANSTA店,
Suica,C7,AE5A,セブン‐イレブン,渋谷宇田川町北店,
Suica,C7,AE5B,セブン‐イレブン,渋谷宇田川町北店,
Suica,C7,AE5C,セブン‐イレブン,渋谷宇田川町北店,
Suica,C7,AE5E,モスバーガー,荒川遊園前店,
Suica,C7,AE8D,ニューデイズ,池袋西口,JR池袋駅 改札外 中央通路 西口階段脇
Suica,C7,AE8E,ニューデイズ,池袋西口,JR池袋駅 改札外 中央通路 西口階段脇
Suica,C7,AEC0,タリーズコーヒー,ペリエ千葉ストリート2店,JR千葉駅(改札外)
Suica,C7,AEC1,タリーズコーヒー,ペリエ千葉ストリート2店,JR千葉駅(改札外)
Suica,C7,AEC9,日本交通,千住営業所,
Suica,C7,AED6,日本レストランエンタプライズ,パラダイスカフェ,生活サービス棟3階
Suica,C7,AF01,ニューデイズ,池袋北口店,池袋駅改札外北通路
Suica,C7,AF13,ニューデイズ,品川中央,品川駅 北改札外 正面券売機脇
Suica,C7,AF3A,ローソン,渋谷南平台店,
Suica,C7,AF5F,銘品館,,高崎駅新幹線改札内
Suica,C7,AF80,ローソン,渋谷南平台店,
Suica,C7,AFC2,フィットケアデポ,菅田店,
Suica,C7,AFD4,セブン‐イレブン,東京ドームシティミーツポート店,
Suica,C7,B018,ニューデイズ,上野中央口,JR上野駅 中央改札内
Suica,C7,B022,NewDays KIOSK,渋谷駅1番線ホーム北店,JR渋谷駅山手線外回りホーム
Suica,C7,B029,NewDays KIOSK,横浜駅中央通路店,JR横浜駅 改札外中央通路
Suica,C7,B03A,ニューデイズ,新潟在来線改札内,新潟駅在来線高架コンコース
Suica,C7,B03B,ニューデイズ,新潟在来線改札内,新潟駅在来線高架コンコース
Suica,C7,B093,#長野道#みどり湖PA(下り線),ショッピングコーナー,
Suica,C7,B0A0,ワイズマート,ペリエ西船橋店,西船橋駅改札外1F
Suica,C7,B120,NEWDAYS+くすり,エキュート品川サウス店,品川駅改札内
Suica,C7,B176,JR千葉支社 社員食堂,,2階
Suica,C7,B239,横濱フランセ,シァル鶴見店,
Suica,C7,B255,中川コロナシネマワールド,,
Suica,C7,B2FA,セブン‐イレブン,調布飛田給駅北口店,
Suica,C7,B322,セブン‐イレブン,熊谷佐谷田店,
Suica,C7,B323,セブン‐イレブン,熊谷佐谷田店,
Suica,C7,B327,ギフトガーデン,品川南店,JR品川駅 改札内新幹線南乗換前
Suica,C7,B333,デイリーヤマザキ,浦和美園駅店,改札内
Suica,C7,B390,セブン‐イレブン,長瀞中野上店,
Suica,C7,B391,セブン‐イレブン,長瀞中野上店,
Suica,C7,B392,セブン‐イレブン,長瀞中野上店,
Suica,C7,B39C,ローソン,中野サンモール店,
Suica,C7,B3C0,餃子 照井,福島駅東口店,JR福島駅東口 外高架下
Suica,C7,B404,ファミリーマート,女川中央店,
Suica,C7,B418,ファミリーマート,中野三丁目店,
Suica,C7,B419,ファミリーマート,中野三丁目店,
Suica,C7,B41A,ファミリーマート,中野三丁目店,
Suica,C7,B436,ヴィ・ド・フランス,山形店,JR山形駅駅ビル S-PAL山形1階
Suica,C7,B4A0,ニューデイズ,海浜幕張中央店,海浜幕張駅(改札内)
Suica,C7,B4A1,ニューデイズ,海浜幕張中央店,海浜幕張駅(改札内)
Suica,C7,B4A3,ニューデイズ,海浜幕張北口駅ナカ,海浜幕張駅(改札外)北口
Suica,C7,B4A7,ニューデイズ,浦和改札内店,
Suica,C7,B4A9,ニューデイズ,新宿南口店,JR新宿駅 改札内 南口コンコース
Suica,C7,B4B3,ニューデイズ,海浜幕張中央店,海浜幕張駅(改札内)
Suica,C7,B4B7,NewDaysミニ,安房鴨川1号,安房鴨川駅(改札外)
Suica,C7,B4BF,ニューデイズ,中野南口,
Suica,C7,B4C3,ニューデイズ,渋谷中央口,JR渋谷駅 改札内埼京線連絡通路
Suica,C7,B4CC,ニューデイズ,船橋店,
Suica,C7,B4D6,膳まい,東京南口店,JR東京駅(改札内) 東海道新幹線南のりかえ口横
Suica,C7,B4EA,セブン‐イレブン,上越新光町店,
Suica,C7,B517,築地玉寿司,錦糸町テルミナ店,テルミナ5階中ほど北側
Suica,C7,B548,天丼てんや,錦糸町テルミナ2店,
Suica,C7,B54D,セブン‐イレブン,東池袋1丁目店,
Suica,C7,B54E,セブン‐イレブン,東池袋1丁目店,
Suica,C7,B54F,セブン‐イレブン,東池袋1丁目店,
Suica,C7,B550,セブン‐イレブン,東池袋1丁目店,
Suica,C7,B551,セブン‐イレブン,東池袋1丁目店,
Suica,C7,B5E7,ドトールコーヒーショップ,秋田トピコ店,
Suica,C7,B606,はなまるうどん,秋田トピコ店,JR秋田県構内(改札外) 秋田トピコ1階
Suica,C7,B637,セブン‐イレブン,横浜日吉1丁目店,
Suica,C7,B652,成城石井,御茶ノ水ソラシティ店,
Suica,C7,B667,ファミリーマート,上諏訪駅前店,
Suica,C7,B6A1,セブン‐イレブン,六本木ティーキューブ店,
Suica,C7,B6AB,東大生協,カフェテリア若葉,駒場食堂部(1F)
Suica,C7,B6AC,東大生協,カフェテリア若葉,駒場食堂部(1F)
Suica,C7,B6AD,東大生協,カフェテリア若葉,駒場食堂部(1F)
Suica,C7,B6AE,東大生協,カフェテリア若葉,駒場食堂部(1F)
Suica,C7,B6AF,東大生協,カフェテリア若葉,駒場食堂部(1F)
Suica,C7,B6B0,東大生協,カフェテリア若葉,駒場食堂部(1F)
Suica,C7,B6C6,太陽のトマト麺,錦糸町本店,
Suica,C7,B704,天下一品,神楽坂店,
Suica,C7,B710,ファミリーマート,道玄坂上店,
Suica,C7,B711,ファミリーマート,道玄坂上店,
Suica,C7,B712,ファミリーマート,道玄坂上店,
Suica,C7,B713,ファミリーマート,道玄坂上店,
Suica,C7,B74E,イオン,諏訪店,
Suica,C7,B759,Fa-So-La SKY mini,成田空港第1ターミナル北ウイング1階 到着口横,
Suica,C7,B76F,ドトールコーヒーショップ,成田空港第2ターミナルビル店,JR&京成成田空港第2ビル駅(改札外) 改札内向
Suica,C7,B794,ツルハドラッグ,若柳川北店,
Suica,C7,B796,ニューデイズ,戸塚地下,JR戸塚駅 地下改札外脇
Suica,C7,B7E5,ファミリーマート,都筑加賀原店,
Suica,C7,B81A,ステーショナリー 万年堂,千葉ショッピングセンター(C-ONE)内,
Suica,C7,B84D,タリーズコーヒー,海浜幕張店,
Suica,C7,B861,東大生協,銀杏・メトロ食堂,東京大学本郷キャンパス 法文2号館B1階
Suica,C7,B870,東大生協,駒場書籍部,
Suica,C7,B875,東大生協,駒場購買部,
Suica,C7,B876,東大生協,駒場購買部,
Suica,C7,B87C,セブン‐イレブン,代々木イースト店,
Suica,C7,B888,セブン‐イレブン,千葉富士見店,
Suica,C7,B889,セブン‐イレブン,千葉富士見店,
Suica,C7,B8E7,セブン‐イレブン,ling若葉台団地ふれあい広場店,ショッピングタウンわかば内
Suica,C7,B8F2,芳林堂書店,イーサイト上尾店,
Suica,C7,B954,ファミリーマート,大野高坂駅西口店,
Suica,C7,B974,タリーズコーヒー,高崎モントレー店,高崎モントレー4階
Suica,C7,BA48,セブン‐イレブン,外神田2丁目妻恋坂店,
Suica,C7,BA49,セブン‐イレブン,外神田2丁目妻恋坂店,
Suica,C7,BA4A,セブン‐イレブン,外神田2丁目妻恋坂店,
Suica,C7,BA58,セブン‐イレブン,茅場町駅前店,
Suica,C7,BAB2,たいらや,足利店,
Suica,C7,BAB3,たいらや,足利店,
Suica,C7,BAB4,たいらや,足利店,
Suica,C7,BAB5,たいらや,足利店,
Suica,C7,BAB6,たいらや,足利店,
Suica,C7,BAB7,たいらや,足利店,
Suica,C7,BABD,築地寿司清,グランスタ店,JR東京駅在来線改札内地下1階
Suica,C7,BABE,NewDaysミニ,目黒2号,JR目黒駅ホーム五反田方
Suica,C7,BABF,NewDaysミニ,目黒2号,JR目黒駅ホーム五反田方
Suica,C7,BB19,おみやげ処 あさか野,,郡山駅2F改札外
Suica,C7,BB1C,#おみやげ処#新白河,,新白河駅改札外
Suica,C7,BB28,セブン‐イレブン,東船橋4丁目店,
Suica,C7,BB29,セブン‐イレブン,東船橋4丁目店,
Suica,C7,BB2D,セブン‐イレブン,目黒柳通り店,
Suica,C7,BB2E,セブン‐イレブン,目黒柳通り店,
Suica,C7,BB55,ファミリーマート,セレオ甲府店,
Suica,C7,BB58,ファミリーマート,大鳥神社前店,
Suica,C7,BB59,ファミリーマート,大鳥神社前店,
Suica,C7,BB9E,ニューデイズ,桜木町北改札店,JR桜木町駅改札内(北改札脇)
Suica,C7,BBB1,ニューデイズ,大宮31号,JR大宮駅 新幹線南乗換え口(改札内)
Suica,C7,BBBB,NewDaysミニ,両国8号,JR両国駅(改札外)
Suica,C7,BBBC,ニューデイズ,新習志野店,新習志野駅(改札外)コンコース
Suica,C7,BBCA,NewDaysミニ,館山1号,JR館山駅構内(改札外)
Suica,C7,BC63,NewDaysミニ,錦糸町4号,JR錦糸町駅1・2番線ホーム 秋葉原・新宿方
Suica,C7,BC64,ニューデイズ,横浜中央,横浜駅 中央自由通路 京浜急行改札脇
Suica,C7,BC65,NEWDAYS+くすり,エキュート品川サウス店,品川駅改札内
Suica,C7,BCDA,セブン‐イレブン,鹿沼奈佐原店,
Suica,C7,BCDB,セブン‐イレブン,鹿沼奈佐原店,
Suica,C7,BCF0,セブン‐イレブン,新潟女池西店,
Suica,C7,BCF1,セブン‐イレブン,新潟女池西店,
Suica,C7,BD05,上島珈琲店,横浜北幸店,
Suica,C7,BD1D,カフェ珈琲館,渋谷店,
Suica,C7,BD3B,東急ハンズ,ららぽーと横浜店,
Suica,C7,BD3C,セブン‐イレブン,弁天町店,
Suica,C7,BD3D,セブン‐イレブン,弁天町店,
Suica,C7,BD60,サンマルクカフェ,品川インターシティ店,
Suica,C7,BD79,セブン‐イレブン,新潟山二ツ店,
Suica,C7,BD7A,セブン‐イレブン,新潟山二ツ店,
Suica,C7,BEBA,セブン‐イレブン,渋谷道玄坂1丁目店,
Suica,C7,BF1F,セブン‐イレブン,千葉公園駅前店,
Suica,C7,BF2D,ファミリーマート,新宿通り店,
Suica,C7,BF2E,ファミリーマート,新宿通り店,
Suica,C7,BF2F,ファミリーマート,新宿通り店,
Suica,C7,C068,セブン‐イレブン,東金北之幸谷店,
Suica,C7,C130,ミスタードーナツ,イオン横須賀久里浜ショップ,イオン横須賀久里浜ショッピングセンター 1階
Suica,C7,C147,セブン‐イレブン,会津志田浜店,
Suica,C7,C1AB,デイリーヤマザキ,JR栗橋駅東口店,
Suica,C7,C1EC,ファミリーマート,牛田関屋駅前店,
Suica,C7,C220,上島珈琲店,八重洲地下街店,八重洲地下街地下1階(外堀地下2番通り)
Suica,C7,C224,ファミリーマート,小牛田素山町店,
Suica,C7,C235,ファミリーマート,お茶の水店,
Suica,C7,C236,ファミリーマート,お茶の水店,
Suica,C7,C237,ファミリーマート,お茶の水店,
Suica,C7,C24E,食品館あおば,聖蹟桜ヶ丘店,
Suica,C7,C255,食品館あおば,自由が丘店,
Suica,C7,C256,食品館あおば,自由が丘店,
Suica,C7,C257,食品館あおば,自由が丘店,
Suica,C7,C258,食品館あおば,自由が丘店,
Suica,C7,C259,食品館あおば,自由が丘店,
Suica,C7,C25E,ファミリーマート,山野学苑店,
Suica,C7,C273,セブン‐イレブン,飯山木島店,
Suica,C7,C29C,ファミリーマート,代々木駅前店,
Suica,C7,C29D,ファミリーマート,代々木駅前店,
Suica,C7,C29E,ファミリーマート,代々木駅前店,
Suica,C7,C2B7,デイリーヤマザキ,木更津駅前店,
Suica,C7,C2B8,デイリーヤマザキ,木更津駅前店,
Suica,C7,C301,ファミリーマート,歌舞伎町広場前店,
Suica,C7,C302,ファミリーマート,歌舞伎町広場前店,
Suica,C7,C303,ファミリーマート,歌舞伎町広場前店,
Suica,C7,C30D,セブン‐イレブン,青梅御岳店,
Suica,C7,C30E,セブン‐イレブン,青梅御岳店,
Suica,C7,C30F,セブン‐イレブン,青梅御岳店,
Suica,C7,C363,ファミリーマート,立川郵便局前店,
Suica,C7,C365,ファミリーマート,立川郵便局前店,
Suica,C7,C3DC,京樽,千歳烏山店,ペリエ千葉地下1階
Suica,C7,C433,ホテルルートイン,千葉,
Suica,C7,C44F,ホテルルートイン,鶴岡インター,
Suica,C7,C456,ファミリーマート,拝島駅南口店,
Suica,C7,C458,ファミリーマート,サクマ新木場駅店,
Suica,C7,C459,ファミリーマート,サクマ新木場駅店,
Suica,C7,C45A,ファミリーマート,サクマ新木場駅店,
Suica,C7,C45B,ファミリーマート,サクマ新木場駅店,
Suica,C7,C467,セブン‐イレブン,渋谷並木橋店,渋谷プロパティータワー
Suica,C7,C478,セブン‐イレブン,西桐生駅前店,
Suica,C7,C49C,ファミリーマート,新橋二丁目店,新橋藤ビル
Suica,C7,C49D,ファミリーマート,新橋二丁目店,新橋藤ビル
Suica,C7,C49E,ファミリーマート,新橋二丁目店,新橋藤ビル
Suica,C7,C49F,ホテルルートイン,深谷駅前,
Suica,C7,C4A2,デイリーヤマザキ,勝浦駅前店,
Suica,C7,C4A3,デイリーヤマザキ,勝浦駅前店,
Suica,C7,C4AE,ホテルルートイン,大曲駅前,
Suica,C7,C4B0,ファミリーマート,鶴見駅東口店,
Suica,C7,C4CD,セブン‐イレブン,由利本荘鶴沼店,
Suica,C7,C4FD,ファミリーマート,藤が丘駅南口店,
Suica,C7,C500,デイリーヤマザキ,新津駅前店,
Suica,C7,C511,ホテルルートイン,由利本荘,
Suica,C7,C52A,セブン‐イレブン,滝根神俣店,
Suica,C7,C541,デイリーヤマザキ,JR新発田駅店,新発田駅 駅舎内
Suica,C7,C566,マツモトキヨシ,プラーレ松戸店,プラーレ松戸 5F
Suica,C7,C56F,ファミリーマート,代々木四丁目店,
Suica,C7,C57E,ファミリーマート,K2新宿駅西店,
Suica,C7,C5B0,ファミリーマート,小塚屋藤沢駅南店,
Suica,C7,C5EE,ロイヤルホスト,秋葉原店,
Suica,C7,C5F3,デイリーヤマザキ,JR亀田駅店,
Suica,C7,C5F4,デイリーヤマザキ,JR亀田駅店,
Suica,C7,C61A,デイリーヤマザキ,江東豊洲駅前店,
Suica,C7,C61B,デイリーヤマザキ,江東豊洲駅前店,
Suica,C7,C629,セブン‐イレブン,東武曳舟駅前店,
Suica,C7,C62A,セブン‐イレブン,東武曳舟駅前店,
Suica,C7,C63D,ロイヤルホスト,目黒店,
Suica,C7,C650,ロイヤルホスト,道玄坂店,道玄坂センタービル3F
Suica,C7,C652,ロイヤルホスト,味の素スタジアム店,
Suica,C7,C658,ロイヤルホスト,九段下店,
Suica,C7,C69D,ローソン,S調布東京スタジアム前店,
Suica,C7,C69E,ローソン,S調布東京スタジアム前店,
Suica,C7,C69F,ローソン,S調布東京スタジアム前店,
Suica,C7,C6E4,#稲庭饂飩#無限堂,秋田空港店,秋田空港ターミナルビル2階
Suica,C7,C6EA,ファミリーマート,南新宿駅前店,
Suica,C7,C6EB,ファミリーマート,南新宿駅前店,
Suica,C7,C6EC,ファミリーマート,南新宿駅前店,
Suica,C7,C6EE,デイリーヤマザキ,江東有明3丁目店,
Suica,C7,C6EF,デイリーヤマザキ,江東有明3丁目店,
Suica,C7,C6F0,デイリーヤマザキ,江東有明3丁目店,
Suica,C7,C6FB,デイリーヤマザキ,パシフィコ横浜店,パシフィコ横浜 展示ホール1階 南端
Suica,C7,C6FC,デイリーヤマザキ,パシフィコ横浜店,パシフィコ横浜 展示ホール1階 南端
Suica,C7,C6FD,デイリーヤマザキ,パシフィコ横浜店,パシフィコ横浜 展示ホール1階 南端
Suica,C7,C6FE,デイリーヤマザキ,パシフィコ横浜店,パシフィコ横浜 展示ホール1階 南端
Suica,C7,C6FF,デイリーヤマザキ,パシフィコ横浜店,パシフィコ横浜 展示ホール1階 南端
Suica,C7,C726,ローソン,下北沢駅南西口店,
Suica,C7,C727,ローソン,下北沢駅南西口店,
Suica,C7,C73B,デイリーヤマザキ,美浜新港店,
Suica,C7,C74E,デイリーヤマザキ,新横浜駅前店,
Suica,C7,C790,ファミリーマート,B.Sガレリア店,
Suica,C7,C7D4,ファミリーマート,新宿京王モールアネックス店,
Suica,C7,C7E3,ファミリーマート,東陽町駅前店,
Suica,C7,C7F2,ファミリーマート,国立駅北店,
Suica,C7,C849,セブン‐イレブン,目黒青葉台3丁目店,
Suica,C7,C886,ファミリーマート,熊谷駅北口店,
Suica,C7,C887,ファミリーマート,熊谷駅北口店,
Suica,C7,C897,ファミリーマート,中池袋公園前店,
Suica,C7,C898,ファミリーマート,中池袋公園前店,
Suica,C7,C899,ファミリーマート,中池袋公園前店,
Suica,C7,C95D,セブン‐イレブン,石越駅前店,
Suica,C7,C96E,クア・アイナ,越谷レイクタウン店,イオンレイクタウンKAZE3階
Suica,C7,C99C,ファミリーマート,渋谷宇田川交番前店,
Suica,C7,C99D,ファミリーマート,渋谷宇田川交番前店,
Suica,C7,C99E,ファミリーマート,渋谷宇田川交番前店,
Suica,C7,C99F,ファミリーマート,渋谷宇田川交番前店,
Suica,C7,C9A0,ファミリーマート,渋谷宇田川交番前店,
Suica,C7,C9A4,ファミリーマート,横浜南幸二丁目店,
Suica,C7,C9A5,ファミリーマート,横浜南幸二丁目店,
Suica,C7,C9A6,ファミリーマート,横浜南幸二丁目店,
Suica,C7,C9C4,ほっかほっか亭,松戸本町店,
Suica,C7,C9CD,ファミリーマート,山梨市駅前店,
Suica,C7,CA14,ファミリーマート,九段北一丁目店,
Suica,C7,CA37,ファミリーマート,芝公園一丁目店,
Suica,C7,CA38,ファミリーマート,芝公園一丁目店,
Suica,C7,CA39,ファミリーマート,芝公園一丁目店,
Suica,C7,CA3A,ファミリーマート,芝公園一丁目店,
Suica,C7,CA96,セブン‐イレブン,上越五智1丁目店,
Suica,C7,CAA6,ドン・キホーテ,秋葉原店,2階
Suica,C7,CAC5,ファミリーマート,秋葉原昭和通り店,
Suica,C7,CAC6,ファミリーマート,秋葉原昭和通り店,
Suica,C7,CAC7,ファミリーマート,秋葉原昭和通り店,
Suica,C7,CAE4,ファミリーマート,京王プレッソイン茅場町店,
Suica,C7,CAFE,ファミリーマート,福生志茂店,
Suica,C7,CB4C,セブン‐イレブン,千葉幸町2丁目店,
Suica,C7,CD33,ファミリーマート,五泉中野橋店,
Suica,C7,CD3A,セブン‐イレブン,豊島南池袋1丁目店,
Suica,C7,CD40,ファミリーマート,深谷人見店,
Suica,C7,CDD3,ファミリーマート,外神田三丁目店,
Suica,C7,CE38,ファミリーマート,豊洲四丁目店,
Suica,C7,CEA8,築地食堂源ちゃん,両国江戸NOREN店,JR両国駅西口 旧駅舎
Suica,C7,CF0F,ドン・キホーテ,行徳駅前店,
Suica,C7,CF10,ドン・キホーテ,行徳駅前店,
Suica,C7,CF11,ドン・キホーテ,行徳駅前店,
Suica,C7,CF16,ファミリーマート,深谷駅前店,
Suica,C7,CF17,ファミリーマート,深谷駅前店,
Suica,C7,CF18,ファミリーマート,深谷駅前店,
Suica,C7,CF2F,銀座コージーコーナー,調布北口店,
Suica,C7,CFAE,ファミリーマート,新宿天神町店,
Suica,C7,CFD7,イオンスタイル,碑文谷,1階食品売場
Suica,C7,CFF5,ファミリーマート,赤坂九丁目店,
Suica,C7,D03C,オーケー,藤沢店,1階
Suica,C7,D03E,オーケー,藤沢店,1階
Suica,C7,D047,オーケー,藤沢店,2階売場
Suica,C7,D059,セブン‐イレブン,上目黒1丁目店,
Suica,C7,D05A,セブン‐イレブン,上目黒1丁目店,
Suica,C7,D05B,セブン‐イレブン,上目黒1丁目店,
Suica,C7,D087,ファミリーマート,六本木三丁目店,
Suica,C7,D088,ファミリーマート,六本木三丁目店,
Suica,C7,D090,ファミリーマート,福生北田園店,
Suica,C7,D0BB,セブン‐イレブン,甲府朝気3丁目店,
Suica,C7,D0DA,セブン‐イレブン,花巻西大通り1丁目店,
Suica,C7,D0E7,ファミリーマート,六本木東店,
Suica,C7,D106,セブン‐イレブン,新潟古田店,
Suica,C7,D107,セブン‐イレブン,新潟古田店,
Suica,C7,D168,#保険調剤#エース薬局,,新宿西口小田急エース南館
Suica,C7,D208,デイリーヤマザキ,籠原駅前店,
Suica,C7,D209,デイリーヤマザキ,籠原駅前店,
Suica,C7,D24D,ファミリーマート,大宮駅西口店,
Suica,C7,D285,ファミリーマート,日医大多摩永山病院店,
Suica,C7,D286,ファミリーマート,日医大多摩永山病院店,
Suica,C7,D28C,ローソン・スリーエフ,浅草橋店,浅草橋ヒューリックホール1F
Suica,C7,D28D,ローソン・スリーエフ,浅草橋店,浅草橋ヒューリックホール1F
Suica,C7,D28E,ローソン・スリーエフ,浅草橋店,浅草橋ヒューリックホール1F
Suica,C7,D293,ファミリーマート,六本木駅前店,
Suica,C7,D2CC,デイリーヤマザキ,新習志野駅前店,
Suica,C7,D2CD,デイリーヤマザキ,新習志野駅前店,
Suica,C7,D2CE,デイリーヤマザキ,新習志野駅前店,
Suica,C7,D329,ファミリーマート,三崎口店,
Suica,C7,D333,セブン‐イレブン,新庄下金沢町店,
Suica,C7,D35D,ファミリーマート,大宮駅前店,
Suica,C7,D35E,ファミリーマート,大宮駅前店,
Suica,C7,D3A7,ファミリーマート,新宿要通り店,
Suica,C7,D3A8,ファミリーマート,新宿要通り店,
Suica,C7,D3A9,ファミリーマート,新宿要通り店,
Suica,C7,D3AA,ファミリーマート,新宿要通り店,
Suica,C7,D477,ファミリーマート,調布天文台通り店,
Suica,C7,D478,ファミリーマート,調布天文台通り店,
Suica,C7,D487,ファミリーマート,千葉栄町南通り店,
Suica,C7,D48B,ファミリーマート,千葉医療センター店,国立病院機構千葉医療センター2階
Suica,C7,D48C,ファミリーマート,千葉医療センター店,国立病院機構千葉医療センター2階
Suica,C7,D4A3,#フレッシュストア#ヤオミネ,,腰越電車通り中央
Suica,C7,D4CB,幸楽苑,道玄坂店,
Suica,C7,D4D6,ファミリーマート,初台駅北口店,
Suica,C7,D533,ファミリーマート,新宿京王モール店,
Suica,C7,D549,ファミリーマート,新茂原店,
Suica,C7,D585,セブン‐イレブン,有楽町イトシア店,
Suica,C7,D599,ファミリーマート,歌舞伎町セントラルロード店,第6ポールスタービル1F
Suica,C7,D59A,ファミリーマート,歌舞伎町セントラルロード店,第6ポールスタービル1F
Suica,C7,D59B,ファミリーマート,歌舞伎町セントラルロード店,第6ポールスタービル1F
Suica,C7,D5A7,駅弁屋,品川店,JR品川駅構内エキュート品川
Suica,C7,D5B7,ファミリーマート,品川グランパサージュ店,
Suica,C7,D5C9,駅弁屋,品川店,JR品川駅構内エキュート品川
Suica,C7,D5D6,ファミリーマート,渋谷円山町店,
Suica,C7,D5D7,ファミリーマート,渋谷円山町店,
Suica,C7,D5F9,神田鐵道倶楽部,,JR神田駅(北口改札外)
Suica,C7,D61D,駅弁屋 祭,グランスタ店,東京駅在来線改札内1階 中央通路南側
Suica,C7,D623,駅弁屋 祭,グランスタ店,東京駅在来線改札内1階 中央通路南側
Suica,C7,D629,駅弁屋 祭,グランスタ店,東京駅在来線改札内1階 中央通路南側
Suica,C7,D62B,ファミリーマート,四谷区民センター前店,
Suica,C7,D62C,ファミリーマート,四谷区民センター前店,
Suica,C7,D630,ファミリーマート,渋谷松濤一丁目店,
Suica,C7,D631,セブン‐イレブン,新宿駅西店,
Suica,C7,D638,駅弁屋 祭,グランスタ店,東京駅在来線改札内1階 中央通路南側
Suica,C7,D659,ファミリーマート,道玄坂中央店,
Suica,C7,D65C,日本レストランエンタプライズ,新宿弁当営業支店 大宮営業所,大宮駅改札外コンコース
Suica,C7,D680,NewDays KIOSK,仙台駅新幹線上りホーム2号店,上りホーム(13·14番線)中央 盛岡方
Suica,C7,D683,セブン‐イレブン,中越松代店,
Suica,C7,D690,駅弁屋,新幹線南改札口店,JR仙台駅構内
Suica,C7,D698,駅弁屋 祭,仙台駅店,JR仙台駅(改札外) 2階コンコース
Suica,C7,D6BD,ファミリーマート,乃木坂駅前店,
Suica,C7,D6C8,ファミリーマート,渋谷一丁目店,マトリクスツービル1F
Suica,C7,D6D2,ファミリーマート,新潟八千代二丁目サテライト店,万代シテイバスセンター1F
Suica,C7,D7AC,ユニクロ,新宿東口店,1階
Suica,C7,D7BF,BOOKSルーエ,,
Suica,C7,D840,ドン・キホーテ,大宮東口店,3F売場
Suica,C7,D85A,ファミリーマート,那須黒田原店,
Suica,C7,D866,ユニクロ,吉祥寺店,6階 メンズ
Suica,C7,D893,マツモトキヨシ,西船橋店,
Suica,C7,D90B,ファミリーマート,神田神保町二丁目店,
Suica,C7,D911,ローソン,松本駅前店,
Suica,C7,D928,セブン‐イレブン,下諏訪一ッ浜店,
Suica,C7,D935,ロフト,千葉ロフト店,そごう千葉店8階
Suica,C7,DA55,コメダ珈琲店,新木場駅前店,2F
Suica,C7,DAAD,セブン‐イレブン,世田谷下北沢駅前店,
Suica,C7,DAAE,セブン‐イレブン,世田谷下北沢駅前店,
Suica,C7,DAB1,セブン‐イレブン,武蔵五日市駅前店,
Suica,C7,DAB2,セブン‐イレブン,武蔵五日市駅前店,
Suica,C7,DAE9,ローソン・スリーエフ,成田ニュータウン北店,
Suica,C7,DB12,セブン‐イレブン,新潟白山駅前店,
Suica,C7,DC4D,セブン‐イレブン,妙高関山店,
Suica,C7,DC51,セブン‐イレブン,石川南町店,
Suica,C7,DCB5,ファミリーマート,バスタ新宿店,
Suica,C7,DD32,ヤックスドラッグ,柏光ヶ丘店,
Suica,C7,DDFD,ファミリーマート,サンプラザ北店,
Suica,C7,DE06,ファミリーマート,渋谷桜丘町店,
Suica,C7,DE0C,カレーハウスCoCo壱番屋,豊洲センタービル店,
Suica,C7,DE45,ファミリーマート,荒川東尾久店,
Suica,C7,DEAE,セブン‐イレブン,気仙沼三日町店,
Suica,C7,DF07,ファミリーマート,中野五丁目店,ビジネスハイツ中野
Suica,C7,DF18,ファーストキッチン,代々木駅前店,
Suica,C7,DF19,セブン‐イレブン,長野南石堂町店,
Suica,C7,E00B,ファミリーマート,千葉弁天二丁目店,
Suica,C7,E00C,ファミリーマート,千葉弁天二丁目店,
Suica,C7,E05C,セブン‐イレブン,水戸駅南口店,
Suica,C7,E0FF,ヤックスドラッグ,椿森薬局2号店,椿森ビル1階
Suica,C7,E142,ファミリーマート,渋谷ガーデンフロント店,渋谷ガーデンフロントアネックス
Suica,C7,E178,ブックオフ,渋谷センター街店,2F売場
Suica,C7,E18C,ブックオフ,飯田橋駅東口店,1F売場
Suica,C7,E18D,ブックオフ,飯田橋駅東口店,3F売場
Suica,C7,E19C,ブックオフ,SUPER BAZAAR Luz湘南辻堂,
Suica,C7,E19E,セブン‐イレブン,豊洲駅前店,
Suica,C7,E19F,ファミリーマート,南宇都宮店,
Suica,C7,E1AD,ブックオフ,上野広小路店,3階売場
Suica,C7,E1B2,ブックオフ,大森駅東口店,1階売場
Suica,C7,E1B6,ドトールコーヒーショップ,新宿駅構内ルミネ店,JR新宿駅改札内 南口コンコース
Suica,C7,E1B7,ドトールコーヒーショップ,新宿駅構内ルミネ店,JR新宿駅改札内 南口コンコース
Suica,C7,E1B9,ドトールコーヒーショップ,横浜駅店,JR横浜駅構内(改札外) 中央コンコース
Suica,C7,E1BA,ブックオフ,SUPER BAZAAR 町田中央通り店(本・ソフト館),
Suica,C7,E1C6,ファミリーマート,関内弁天通り店,
Suica,C7,E1CB,コメダ珈琲店,渋谷道玄坂上店,アパホテル〈渋谷道玄坂上〉2F
Suica,C7,E1E0,ファミリーマート,スバル桜丘246店,
Suica,C7,E1E1,ファミリーマート,スバル桜丘246店,
Suica,C7,E1E2,ファミリーマート,スバル桜丘246店,
Suica,C7,E22D,ファミリーマート,目黒駅北店,
Suica,C7,E22E,ファミリーマート,目黒駅北店,
Suica,C7,E262,TOHOシネマズ,日本橋,コンセ
Suica,C7,E2D3,ブックオフ,鎌倉大船店,本・CD売場
Suica,C7,E2D7,ファミリーマート,ホテルマイステイズ御茶ノ水店,
Suica,C7,E2D8,ファミリーマート,ホテルマイステイズ御茶ノ水店,
Suica,C7,E2D9,ファミリーマート,ホテルマイステイズ御茶ノ水店,
Suica,C7,E2DE,ブックオフ,秋葉原駅前店,2F売場
Suica,C7,E2E9,まいばすけっと,駒場東大前駅前店,
Suica,C7,E30D,ファミリーマート,天王台駅前店,
Suica,C7,E33B,ファミリーマート,鈴木錦糸町店,
Suica,C7,E343,ファミリーマート,天王台駅柴崎台店,
Suica,C7,E34D,ブックオフ,花小金井店,
Suica,C7,E392,有隣堂,藤沢店,2階
Suica,C7,E397,有隣堂,藤沢店,5階
Suica,C7,E3CB,ファミリーマート,中野駅南店,
Suica,C7,E3CC,ファミリーマート,中野駅南店,
Suica,C7,E3CD,ファミリーマート,中野駅南店,
Suica,C7,E3E9,ファミリーマート,一番町店,
Suica,C7,E40A,ファミリーマート,千葉中央一丁目店,
Suica,C7,E40B,ファミリーマート,千葉中央一丁目店,
Suica,C7,E44C,Bonna,新宿中村屋,B1
Suica,C7,E491,セブン‐イレブン,松本双葉店,
Suica,C7,E4F6,ブックオフ,横浜ビブレ店,CD・DVD売場
Suica,C7,E503,ブックオフプラス,大宮ラクーン,本・ゲーム売場
Suica,C7,E529,ファミリーマート,目黒一丁目店,
Suica,C7,E52A,ファミリーマート,目黒一丁目店,
Suica,C7,E52B,ファミリーマート,目黒一丁目店,
Suica,C7,E544,ファミリーマート,有楽町駅前店,
Suica,C7,E545,ファミリーマート,有楽町駅前店,
Suica,C7,E546,ファミリーマート,有楽町駅前店,
Suica,C7,E548,ファミリーマート,有楽町駅前店,
Suica,C7,E57D,ファミリーマート,世田谷松原一丁目店,
Suica,C7,E57E,ファミリーマート,世田谷松原一丁目店,
Suica,C7,E587,セブン‐イレブン,北上駅東口店,
Suica,C7,E594,ファミリーマート,宇都宮市文化会館前店,
Suica,C7,E5C2,ファミリーマート,東池袋セイコービル店,
Suica,C7,E5F2,KYリカー,湘南台駅前店,
Suica,C7,E5F3,KYリカー,湘南台駅前店,
Suica,C7,E636,ファミリーマート,新宿御苑駅前店,
Suica,C7,E68A,ファミリーマート,浅草橋駅前店,
Suica,C7,E68B,ファミリーマート,浅草橋駅前店,
Suica,C7,E68C,ファミリーマート,浅草橋駅前店,
Suica,C7,E68D,ブックオフ,横浜東戸塚店,
Suica,C7,E6A3,ファミリーマート,芝大門店,
Suica,C7,E6A4,ファミリーマート,芝大門店,
Suica,C7,E6A9,ファミリーマート,虎ノ門霞ヶ関店,
Suica,C7,E6CD,セブン‐イレブン,篠ノ井布施高田店,
Suica,C7,E6CE,セブン‐イレブン,篠ノ井布施高田店,
Suica,C7,E73C,セブン‐イレブン,新潟東明2丁目店,
Suica,C7,E73D,セブン‐イレブン,新潟東明2丁目店,
Suica,C7,E786,ファミリーマート,三田桜田通り店,
Suica,C7,E787,ファミリーマート,三田桜田通り店,
Suica,C7,E788,ファミリーマート,三田桜田通り店,
Suica,C7,E7B3,ファミリーマート,東山三丁目店,
Suica,C7,E7B4,ファミリーマート,東山三丁目店,
Suica,C7,E814,ファミリーマート,世田谷廻沢店,
Suica,C7,E815,ファミリーマート,世田谷廻沢店,
Suica,C7,E839,ミスタードーナツ,秋葉原ショップ,
Suica,C7,E850,ミスタードーナツ,谷川瀬ショップ,
Suica,C7,E881,セブン‐イレブン,村上山居町店,
Suica,C7,E882,セブン‐イレブン,村上山居町店,
Suica,C7,E894,ファミリーマート,アトレ目黒店,
Suica,C7,E8AA,ミスタードーナツ,大船駅前ショップ,
Suica,C7,E8B5,ミスタードーナツ,中野ショップ,
Suica,C7,E8C9,ファミリーマート,北上横川目店,
Suica,C7,E8D8,ファミリーマート,芝公園店,
Suica,C7,E90C,ファミリーマート,上諏訪駅西店,
Suica,C7,E933,いろはにほへと,浜松町店,世界貿易センタービルB1
Suica,C7,E95E,ファミリーマート,山形鶴岡美咲町店,
Suica,C7,E95F,ファミリーマート,山形鶴岡美咲町店,
Suica,C7,E977,ブックオフ,藤沢駅北口店,
Suica,C7,E97B,セブン‐イレブン,仙台駅東口店,
Suica,C7,E991,セブン‐イレブン,千葉今井店,
Suica,C7,E992,セブン‐イレブン,千葉今井店,
Suica,C7,EA84,ファミリーマート,青森小柳店,
Suica,C7,EA85,ファミリーマート,青森小柳店,
Suica,C7,EAE7,ファミリーマート,東池袋一丁目店,
Suica,C7,EAE8,ファミリーマート,東池袋一丁目店,
Suica,C7,EAE9,ファミリーマート,東池袋一丁目店,
Suica,C7,EAEF,ファミリーマート,新宿靖国通り店,
Suica,C7,EAF0,ファミリーマート,新宿靖国通り店,
Suica,C7,EAF1,ファミリーマート,新宿靖国通り店,
Suica,C7,EAF2,ファミリーマート,新宿靖国通り店,
Suica,C7,EAF3,ファミリーマート,新宿靖国通り店,
Suica,C7,EB2E,ファミリーマート,芝増上寺前店,
Suica,C7,EB3F,ファミマ!!,芝パーク店,ダヴィンチ芝パークビルA館1F
Suica,C7,EB64,ファミリーマート,池袋駅東店,
Suica,C7,EB65,ファミリーマート,池袋駅東店,
Suica,C7,EB66,ファミリーマート,池袋駅東店,
Suica,C7,EB7C,ファミリーマート,サンシャイン通り南店,
Suica,C7,EB7D,ファミリーマート,サンシャイン通り南店,
Suica,C7,EB7E,ファミリーマート,サンシャイン通り南店,
Suica,C7,EB7F,ファミリーマート,サンシャイン通り南店,
Suica,C7,EB80,ファミリーマート,HPS浜松町モノレール店,
Suica,C7,EB81,ファミリーマート,HPS浜松町モノレール店,
Suica,C7,EB82,ファミリーマート,HPS浜松町モノレール店,
Suica,C7,EB83,ファミリーマート,HPS浜松町モノレール店,
Suica,C7,EB8F,はま寿司,大和つきみ野店,
Suica,C7,EBD3,ファミリーマート,メトロ新橋駅店,新橋センタープレイス
Suica,C7,EBD4,ファミリーマート,メトロ新橋駅店,新橋センタープレイス
Suica,C7,EBD5,ファミリーマート,メトロ新橋駅店,新橋センタープレイス
Suica,C7,EBF2,ブックオフ,茅ヶ崎北口店,1F売場
Suica,C7,EBF3,ブックオフ,茅ヶ崎北口店,2F売場
Suica,C7,EC33,世田谷餃子,,
Suica,C7,EC36,ファミリーマート,千葉駅北口店,
Suica,C7,EC37,ファミリーマート,八戸廿六日町店,
Suica,C7,EC4B,やまや,JR茨木駅前店,
Suica,C7,EC53,セブン‐イレブン,渋谷道玄坂店,
Suica,C7,EC99,ブックオフ,平塚四之宮店,1F売場
Suica,C7,EC9A,ブックオフ,平塚四之宮店,2F売場
Suica,C7,ECA9,ブックオフ,寒川大曲店,
Suica,C7,ECAD,ブックオフ,平塚豊田店,
Suica,C7,ED00,アマンド,六本木店,
Suica,C7,ED4E,ファミリーマート,茨城水戸駅前,
Suica,C7,ED52,セリア,ヴィーナスフォート店,
Suica,C7,ED66,セブン‐イレブン,代々木駅北口店,
Suica,C7,ED67,セブン‐イレブン,代々木駅北口店,
Suica,C7,ED68,セブン‐イレブン,代々木駅北口店,
Suica,C7,ED69,紅虎餃子房,ヴィーナスフォート店,
Suica,C7,ED72,Cobara-Hetta,ヴィーナスフォート店,
Suica,C7,ED75,まめもの,,
Suica,C7,ED8F,スターバックスコーヒー,ヴィーナスフォートグランド店,
Suica,C7,EE08,#秋田空港おみやげ広場#あ・えーる,,秋田空港 2階手荷物検査場前
Suica,C7,EE09,ローソン,前橋上泉町店,
Suica,C7,EE0A,ローソン,前橋上泉町店,
Suica,C7,EEB8,ローソン・スリーエフ,飛田給スタジアム通店,
Suica,C7,EEB9,ローソン・スリーエフ,飛田給スタジアム通店,
Suica,C7,EF49,バーミヤン,鴨居店,
Suica,C7,EF63,ガスト,秋葉原駅前店,電気街口側
Suica,C7,EF71,夢庵,小田原駅前店,
Suica,C7,EFC5,セブン‐イレブン,浅草橋駅東口店,
Suica,C7,F0C5,夢庵,横浜片倉店,
Suica,C7,F156,ファミリーマート,西麻布三丁目店,
Suica,C7,F19F,ファミリーマート,道玄坂センタービル店,道玄坂センタービル1F
Suica,C7,F1A0,ファミリーマート,道玄坂センタービル店,道玄坂センタービル1F
Suica,C7,F1A1,ファミリーマート,道玄坂センタービル店,道玄坂センタービル1F
Suica,C7,F1A8,ファミリーマート,渋谷109前店,
Suica,C7,F1A9,ファミリーマート,渋谷109前店,
Suica,C7,F1AA,ファミリーマート,渋谷109前店,
Suica,C7,F1AB,ファミリーマート,渋谷109前店,
Suica,C7,F1D1,ファミリーマート,代々木一丁目店,
Suica,C7,F1D3,セブン‐イレブン,港区乃木坂駅前店,
Suica,C7,F23A,ファミリーマート,世界貿易センター店,
Suica,C7,F240,ファミリーマート,六本木一丁目店,
Suica,C7,F327,ツルハドラッグ,弘前駅前店,
Suica,C7,F352,しゃぶ葉,新横浜店,
Suica,C7,F386,ダイソー,アルカキット錦糸町店,アルカキット錦糸町 7階
Suica,C7,F387,ダイソー,アルカキット錦糸町店,アルカキット錦糸町 7階
Suica,C7,F388,ダイソー,アルカキット錦糸町店,アルカキット錦糸町 7階
Suica,C7,F389,ダイソー,アルカキット錦糸町店,アルカキット錦糸町 7階
Suica,C7,F38B,ダイソー,アルカキット錦糸町店,アルカキット錦糸町 7階
Suica,C7,F38C,ダイソー,アルカキット錦糸町店,アルカキット錦糸町 7階
Suica,C7,F38D,ダイソー,渋谷センター街店,
Suica,C7,F38E,ダイソー,渋谷センター街店,
Suica,C7,F3B5,ダイソー,吉祥寺サンロード店,
Suica,C7,F40B,ダイソー,横浜駅前西口店,
Suica,C7,F40D,ダイソー,横浜駅前西口店,
Suica,C7,F411,ダイソー,アクロス東神奈川店,
Suica,C7,F429,イトーヨーカドー,松戸店,
Suica,C7,F4A9,セブン‐イレブン,渋谷南平台町店,
Suica,C7,F4F8,マックスバリュ,浜松助信店,
Suica,C7,F541,ファミリーマート,下北沢駅南店,
Suica,C7,F542,ファミリーマート,下北沢駅南店,
Suica,C7,F580,サミット,藤沢駅北口店,
Suica,C7,F601,クリスピー・クリーム・ドーナツ,有楽町イトシア店,
Suica,C7,F658,コトブキヤ,秋葉原館,1階
Suica,C7,F659,コトブキヤ,秋葉原館,
Suica,C7,F83C,セブン‐イレブン,浅草橋駅西口店,
Suica,C7,F83D,セブン‐イレブン,浅草橋駅西口店,
Suica,C7,F83E,セブン‐イレブン,浅草橋駅西口店,
Suica,C7,F926,マツモトキヨシ,渋谷Part1店,1階
Suica,C7,F927,マツモトキヨシ,渋谷Part1店,1階
Suica,C7,F932,ファミリーマート,渋谷マークシティ店,渋谷マークシティ4階
Suica,C7,F933,ファミリーマート,渋谷マークシティ店,渋谷マークシティ4階
Suica,C7,F934,ファミリーマート,渋谷マークシティ店,渋谷マークシティ4階
Suica,C7,F935,ファミリーマート,渋谷マークシティ店,渋谷マークシティ4階
Suica,C7,F936,ファミリーマート,渋谷マークシティ店,渋谷マークシティ4階
Suica,C7,F945,マツモトキヨシ,有楽町二丁目店,
Suica,C7,F9F1,ツルハドラッグ,甲府朝気店,
Suica,C7,FA3E,ツルハドラッグ,南陽三間通店,
Suica,C7,FA5F,ファミリーマート,サンリオピューロランド前店,
Suica,C7,FACD,マツモトキヨシ,有楽町イトシアプラザ店,
Suica,C7,FAE2,セブン‐イレブン,新宿御苑前本通り店,
Suica,C7,FAE3,セブン‐イレブン,新宿御苑前本通り店,
Suica,C7,FAE4,セブン‐イレブン,新宿御苑前本通り店,
Suica,C7,FBD0,ツルハドラッグ,むつ大平店,
Suica,C7,FC19,ツルハドラッグ,石巻中里店,
Suica,C7,FC95,ツルハドラッグ,横手寿町店,
Suica,C7,FCBB,セブン‐イレブン,神田錦町千代田通り店,
Suica,C7,FCBC,セブン‐イレブン,神田錦町千代田通り店,
Suica,C7,FE32,ツルハドラッグ,淵野辺駅前店,
Suica,C7,FE77,ウエルシア,宇都宮花房店,
Suica,C7,FEB5,ファミリーマート,銚子駅前店,
Suica,C7,FEB6,ファミリーマート,銚子駅前店,
Suica,C7,FEB7,ファミリーマート,銚子駅前店,
Suica,C7,FEC9,ウエルシア,宇都宮双葉店,
Suica,C7,FECC,ウエルシア,世田谷千歳台二丁目店,
Suica,C7,FF18,ウエルシア,町田境川店,
Suica,C8,0132,自動販売機,#JR信越本線#亀田駅,待合室内(改札内)
Suica,C8,06A1,自動販売機,#JR両毛線#佐野駅,ホーム高崎方1番線側
Suica,C8,06BF,自動販売機,#JR総武/外房線#千葉駅,乗務員統合詰所
Suica,C8,07EE,自動販売機,下諏訪駅,待合室
Suica,C8,0D1A,自動販売機,JR東日本川崎発電所,事務棟内
Suica,C8,0DAD,自動販売機,南平台今井ビル,
Suica,C8,0DFD,自動販売機,浜松駅バスターミナル,第二待合室
Suica,C8,0F65,自動販売機,JR千葉総合研修センター1階,(屋外)
Suica,C8,0F66,自動販売機,JR東日本千葉支社2階,
Suica,C8,0F9C,自動販売機,西国立駅,1番ホーム
Suica,C8,104D,自動販売機,#JR総武本線#八日市場駅,(改札内)跨線橋横
Suica,C8,104F,自動販売機,#JR外房線#本納駅,改札外
Suica,C8,1054,自動販売機,,
Suica,C8,105B,自動販売機,#JR東金線#大網駅,3・4番線ホーム
Suica,C8,10D2,自動販売機,桝屋酒店,
Suica,C8,1908,自動販売機,渋谷橋本ビル,とらふぐ亭裏
Suica,C8,2119,自動販売機,アライアンスビル渋谷壱番館,
Suica,C8,21D7,自動販売機,三愛 東新潟店,敷地内
Suica,C8,22E3,ファミリーマート,品川グランパサージュ店,
Suica,C8,26CF,自動販売機,#JR総武/外房線#千葉駅,西改札正面(改札外)
Suica,C8,26DF,自動販売機,館山乗務員宿泊所,1階
Suica,C8,272C,自動販売機,京葉車両センター庁舎,1階
Suica,C8,2756,自動販売機,木更津運輸区,1階
Suica,C8,2807,自動販売機,#JR磐越西/羽越/信越本線#新津駅,2·3番線ホーム 新潟方 3番線側
Suica,C8,2834,そば処,ブナの森店,新青森駅構内
Suica,C8,284D,#蕎麦処#さがみ茶屋,藤沢店,JR藤沢駅構内
Suica,C8,2850,らーめん直久,川崎店,JR川崎駅改札内
Suica,C8,29A2,そば処はやて,フェザン店,盛岡駅
Suica,C8,29AB,そば処あさか,郡山店,郡山駅構内
Suica,C8,29F3,やなぎ庵,,新潟駅構内万代口
Suica,C8,2ADF,華らんたん,大崎店,大崎駅
Suica,C8,2BA9,シェフズキッチン カレー厨房,大崎店,JR大崎駅改札内 Dila大崎内
Suica,C8,2C2B,自動販売機,#JR磐越西/羽越/信越本線#新津駅,2·3番線ホーム 新潟方 2番線側
Suica,C8,2C31,自動販売機,#JR水郡線#常陸大宮駅,常陸大宮駅構内(改札外) 駅頭
Suica,C8,2C3F,自動販売機,#JR総武本線#八日市場駅,(改札外)本屋入口横
Suica,C8,2C83,自動販売機,#JR東日本#杉田駅,入口外
Suica,C8,2CC4,自動販売機,#JR東日本#高崎駅,2·4番線ホーム 上野方3号車付近
Suica,C8,2CF3,自動販売機,#JR信越本線#越後石山駅,1番線(新潟方面)ホーム 亀田方
Suica,C8,2CF4,自動販売機,#JR信越本線#越後石山駅,1番線(新潟方面)ホーム 新潟方
Suica,C8,2DA9,自動販売機,#JR東日本#新潟駅,CoCoLo新潟 中央 NSG学びステーション/情報サロン向かい(通路隅)
Suica,C8,2DAA,自動販売機,#JR東日本#新潟駅,CoCoLo新潟 中央 NSG学びステーション/情報サロン向かい(通路隅)
Suica,C8,2DAB,自動販売機,#JR東日本#新潟駅,新潟駅前交番脇2コインロッカー横
Suica,C8,2DB2,自動販売機,#JR信越本線#矢代田駅,改札内 待合室脇
Suica,C8,2ECB,自動販売機,#JR奥羽本線#弘前駅,1番ホーム
Suica,C8,2EE4,熱海そば,JR熱海駅,4·5番線(東海道線上り)ホーム
Suica,C8,2F20,自動販売機,#JR五能/奥羽本線#東能代駅,2·3番線ホーム
Suica,C8,2F56,自動販売機,#JR東北本線#福島駅,1番ホーム改札そば
Suica,C8,2F73,自動販売機,#JR磐越西/羽越/信越本線#新津駅,2·3番線ホーム 長岡方 2番線側
Suica,C8,2F74,自動販売機,#JR磐越西/羽越/信越本線#新津駅,西口 駅建物外
Suica,C8,2F75,自動販売機,#JR磐越西/羽越/信越本線#新津駅,4·5番線ホーム 長岡方 4番線側
Suica,C8,2F76,自動販売機,#JR磐越西/羽越/信越本線#新津駅,NewDays脇(改札外)
Suica,C8,2F77,自動販売機,#JR磐越西/羽越/信越本線#新津駅,4·5番ホーム 新潟方
Suica,C8,2F9A,自動販売機,JR上野駅,
Suica,C8,2FA1,自動販売機,#JR中央本線#小淵沢駅,改札外 待合室内
Suica,C8,2FA9,自動販売機,#JR信越本線#矢代田駅,改札外(駅建物内)
Suica,C8,2FAE,自動販売機,#JR中央本線#相模湖駅,改札口前待合所
Suica,C8,2FD1,自動販売機,幕張車両センター,2階
Suica,C8,2FD5,自動販売機,#JR外房線#本納駅,改札内3番線ホーム
Suica,C8,32CC,エキュート立川,駐輪場,南口駅前広場前
Suica,C8,3523,カップ飲料自販機,宇都宮駅,9・10番ホーム
Suica,C8,38D7,ファミリーマート,渋谷マークシティ店,渋谷マークシティ4階
Suica,C8,39F8,コインロッカー,#JR総武/山手線/京浜東北線#秋葉原駅,総武線中二階
Suica,C8,3C1B,#麺処#新白河,,新白河駅構内
Suica,C8,3C22,自動販売機,#JR東金線#成東駅,改札内 1番線ホーム改札口横
Suica,C8,3D9D,コインロッカー,#JR青梅/南武/中央東線#立川駅,立川東口改札内 5・6番線側 壁ぎわ
Suica,C8,3E5E,#立ちそば処#杜,,仙台駅2階中央口改札内
Suica,C8,3F34,自動販売機,#JR信越本線#亀田駅,待合室内(改札内)
Suica,C8,4072,コインロッカー,仙台駅,JR仙台駅 2階
Suica,C8,4241,Suicaインターネットサービス,Suicaポケット,受取り/支払い
Suica,C8,4253,コインロッカー,JR郡山駅,1F 195 St.
Suica,C8,4292,自動販売機,#JR磐越西/羽越/信越本線#新津駅,改札横待合室(改札内) カップ式
Suica,C8,4323,菜のはな,,JR一ノ関駅(改札外) 西口待合室内
Suica,C8,4363,#そば処#新田毎,秋葉原店,JR秋葉原駅6番線ホーム
Suica,C8,436A,瑞巌寺,,
Suica,C8,43EC,コインロッカー,JR大船駅,北改札脇
Suica,C8,4481,#立ちそば処#鷹,,米沢駅構内
Suica,C8,452E,コインロッカー,舞浜駅,E-2
Suica,C8,45C0,コインロッカー,蘇我駅,改札外 券売機前
Suica,C8,45D1,SL中華つけ麺,木更津西口店,JR木更津駅(改札外) 西口駅外
Suica,C8,4607,爽亭,JR上野駅7・8番線ホーム,
Suica,C8,4609,爽亭,JR池袋駅中央口(改札内),
Suica,C8,460B,爽亭,JR熱海駅伊東線ホーム,伊東線1番ホーム
Suica,C8,4645,タイムズ,アルカード茂原,JR茂原駅高架下
Suica,C8,46CA,鉄道博物館,正面入口,入館チケット販売機
Suica,C8,46D0,鉄道博物館,,入館チケット販売機
Suica,C8,4951,鉄道博物館,,
Suica,C8,4974,コインロッカー,東京駅,
Suica,C8,497E,コインロッカー,東京駅,南のりかえ広場 中洲 6号機
Suica,C8,499D,コインロッカー,JR新宿駅甲州街道改札内,新南Bエリア35号機
Suica,C8,49E7,Suicaチャージ機,,ガーラ湯沢スキー場
Suica,C8,49E8,Suicaチャージ機,,越後湯沢駅 改札外
Suica,C8,49E9,Suicaチャージ機,テルミナ1,5階 西側エレベーター付近
Suica,C8,4AB8,コインロッカー,長野駅ビル1階A,ステーションビルMIDORI
Suica,C8,4AE2,やよい軒,千葉シーワン店,C-One Cブロック
Suica,C8,52A9,自動販売機,千葉印刷,
Suica,C8,5596,自動販売機,德力ビル,
Suica,C8,559C,自動販売機,德力ビル,
Suica,C8,55D6,自動販売機,千葉印刷,
Suica,C8,5B11,自動販売機,#JR東日本#新潟駅,8·9番線ホーム
Suica,C8,5B17,自動販売機,#JR東日本#新潟駅,新潟駅前交番脇2コインロッカー横
Suica,C8,5B26,自動販売機,#JR磐越西/羽越/信越本線#新津駅,2・3番線ホーム 長岡方 3番線側
Suica,C8,5B2B,自動販売機,#JR東日本#新潟駅,8·9番線ホーム
Suica,C8,5B58,自動販売機,#JR利府線#利府駅,利府駅(改札外)コンコース
Suica,C8,5C0C,自動販売機,#JR磐越西/羽越/信越本線#新津駅,1番線ホーム
Suica,C8,5CD9,自動販売機,#JR中央東線#東京駅,中央線ホーム上
Suica,C8,5E43,自動販売機,WonderREX茂原店,店外駐車場
Suica,C8,6173,自動販売機,#東北/山形/秋田/北海道/上越/北陸新幹線#上野駅,新幹線ホーム
Suica,C8,619A,自動販売機,岩井駅,改札外
Suica,C8,61A1,自動販売機,#JR東日本#池袋駅,構内 NEWDAYS池袋中央南口脇
Suica,C8,61B1,自動販売機,#JR中央東線#荻窪駅,改札内 3・4番線ホーム 5号車付近
Suica,C8,626E,自動販売機,#JR京葉線#千葉みなと駅,改札内コンコース
Suica,C8,629E,自動販売機,#JR外房線#勝浦駅,南口ロータリー 動輪モニュメント横
Suica,C8,62EB,自動販売機,成田保線技術センター,1階
Suica,C8,62F3,自動販売機,#JR京葉線#東京駅,京葉地下3階コンコース
Suica,C8,6331,自動販売機,幕張車両センター,1階
Suica,C8,635B,自動販売機,#JR京葉線#舞浜駅,1·2番線ホーム待合室横
Suica,C8,63B7,自動販売機,東京電車区丸の内地区乗務員詰所1,
Suica,C8,63E1,自動販売機,#JR高崎/東北本線#上野駅,14·15番ホーム
Suica,C8,641B,自動販売機,JR錦糸町駅,1·2番線ホーム 新宿方階段裏 北側
Suica,C8,64DD,自動販売機,#JR京葉線#舞浜駅,舞浜駅1·2番線ホーム東京寄
Suica,C8,6BEF,自動販売機,渋谷たばこ商業協同組合,(株)エイコー前
Suica,C8,7437,QBハウス,荻窪駅店,JR荻窪駅 西口
Suica,C8,743F,QBハウス,大宮西口,大宮駅構内(改札内)地下
Suica,C8,74EB,QBハウス,浮間舟渡駅,
Suica,C8,7516,自動販売機,#JR外房線#勝浦駅,コンコース改札口横(改札外)
Suica,C8,7573,自動販売機,#JR総武/外房線#千葉駅,3·4番線ホーム 東京方
Suica,C8,759F,自動販売機,#JR成田線#成田駅,改札内 待合室向かい
Suica,C8,75C4,自動販売機,#JR東北本線#久喜駅,
Suica,C8,75DB,自動販売機,#JR東日本#新潟駅,8·9番線ホーム
Suica,C8,75DC,自動販売機,#JR東日本#新潟駅,8·9番線ホーム
Suica,C8,75DD,自動販売機,#JR東日本#新潟駅,CoCoLo新潟万代出入口脇(新潟駅東側連絡通路エスカレーター前)
Suica,C8,76A6,自動販売機,JR小山駅,在来線南寄り乗り換え階段
Suica,C8,770E,自動販売機,#JR信越本線#亀田駅,ホーム上
Suica,C8,78D1,自動販売機,リパーク 渋谷桜丘町第3,
Suica,C8,7EE8,自動販売機,オリナス錦糸町,1階 トイレ付近
Suica,C8,839A,自動販売機,蘇我運輸区京葉派出所,
Suica,C8,839B,自動販売機,蘇我運輸区京葉派出所,
Suica,C8,83A7,自動販売機,#JR吾妻線#川原湯温泉駅,入口前
Suica,C8,86F4,常盤軒,品川22号そば店,JR品川駅 1・2番ホーム 大崎方階段下
Suica,C8,86F6,常盤軒,品川26号そば店,JR品川駅 13・14番線ホーム 階段下 3号車付近
Suica,C8,877D,そば処,JR北千住駅1番線ホーム店,JR北千住駅 1番線ホーム 11号車付近
Suica,C8,87AF,松屋,熊谷店,
Suica,C8,889A,そばいち,神田店,神田駅JR北口改札内
Suica,C8,88F8,そばいち,エキュート赤羽店,
Suica,C8,88F9,そばいち,ペリエ海浜幕張店,JR海浜幕張駅(改札外)ペリエ海浜幕張
Suica,C8,88FA,そばいち,Tokyo Food Bar秋葉原店,JR秋葉原駅(改札内) Tokyo Food Bar
Suica,C8,88FB,そばいち,Tokyo Food Bar秋葉原店,JR秋葉原駅(改札内) Tokyo Food Bar
Suica,C8,88FC,いろり庵きらく,秋葉原店,JR秋葉原駅昭和通口改札脇
Suica,C8,88FE,東京じゃんがら,秋葉原店,JR秋葉原駅改札内
Suica,C8,8906,いろり庵きらく,東京京葉店,JR東京駅(改札内)京葉線コンコース地下1階
Suica,C8,8907,いろり庵きらく,東京京葉店,JR東京駅(改札内)京葉線コンコース地下1階
Suica,C8,8908,TOKYO豚骨BASE MADE by 博多一風堂,ecute品川サウス店,名古屋・驛麺通り
Suica,C8,891F,#そば処#燕三条庵,燕三条駅改札外,
Suica,C8,8922,やなぎ庵,,新潟駅構内万代口
Suica,C8,8932,いろり庵きらく,シャポー船橋店,
Suica,C8,8935,いろり庵きらく,Dila拝島店,JR拝島駅(改札内)
Suica,C8,8936,いろり庵きらく,Dila拝島店,JR拝島駅(改札内) 改札口横
Suica,C8,8937,いろり庵きらく,八王子店,JR八王子駅 改札内
Suica,C8,8938,いろり庵きらく,八王子店,JR八王子駅 改札内
Suica,C8,8944,横浜労災病院駐車場,,
Suica,C8,89DF,かのや,新橋店,
Suica,C8,89E0,かのや,新橋店,
Suica,C8,8A02,カレーステーション,平塚店,JR平塚駅 東改札口 改札内
Suica,C8,8A3E,松屋,国分寺南口店,
Suica,C8,8A59,松屋,東池袋店,
Suica,C8,8A5E,松屋,巣鴨店,
Suica,C8,8A68,松屋,渋谷道玄坂上店,
Suica,C8,8A6A,松屋,渋谷桜丘店,
Suica,C8,8A70,松屋,新宿南口店,
Suica,C8,8A74,松屋,新宿靖国通り店,
Suica,C8,8A86,松屋,市ヶ谷店,
Suica,C8,8AA7,松屋,立川店,
Suica,C8,8AAB,松屋,立川曙橋店,
Suica,C8,8AE5,松屋,船橋南口店,
Suica,C8,8AE6,松屋,船橋南口店,
Suica,C8,8AE9,松屋,赤羽東口店,
Suica,C8,8B18,松屋,明大前店,
Suica,C8,8B26,松屋,代々木上原店,代々木上原上原駅 横
Suica,C8,8B27,松屋,代々木八幡店,
Suica,C8,8B37,松屋,芝大門店,
Suica,C8,8B48,松屋,西蒲田店,
Suica,C8,8B5B,松屋,水道橋店,
Suica,C8,8B5E,松屋,神田須田町店,
Suica,C8,8B62,松屋,秋葉原店,
Suica,C8,8B64,松屋,上野店,
Suica,C8,8B8B,自動販売機,渋谷後藤ビル,JUNK CAFE TOKYO前
Suica,C8,8B95,松屋,錦糸町北口店,
Suica,C8,8BC2,松屋,横浜南幸店,
Suica,C8,8BC8,松屋,横浜店,相鉄ムービル1F
Suica,C8,8BD0,松屋,二俣川店,
Suica,C8,8BD9,松屋,中山店,
Suica,C8,8BDA,松屋,鴨居店,
Suica,C8,8BDB,松屋,あざみ野店,
Suica,C8,8BE2,松屋,川崎店,
Suica,C8,8BEE,松屋,大船店,
Suica,C8,8BF3,松屋,踊場店,
Suica,C8,8BF4,松屋,戸塚店,
Suica,C8,8BF5,松屋,大船駅前店,
Suica,C8,8BF6,松屋,藤沢南口店,
Suica,C8,8BFD,松屋,小田原店,
Suica,C8,8BFF,松屋,茅ヶ崎店,
Suica,C8,8C0E,松屋,千葉店,
Suica,C8,8C0F,松屋,東船橋店,
Suica,C8,8C1D,松屋,蘇我店,
Suica,C8,8C40,松のや,立川北口店,
Suica,C8,8C54,松屋,麻布台1丁目店,
Suica,C8,8C6A,いろり庵きらく,戸塚店,JR戸塚駅(改札内)地下
Suica,C8,8C84,NPC24H,浦和美園第2パーキング,出口精算機
Suica,C8,8CF1,大江戸そば,上野店,9，10番ホーム
Suica,C8,8CFD,いろり庵きらく,宇都宮店,JR宇都宮駅(改札外)コンコース
Suica,C8,8D12,松屋,横浜西口店,
Suica,C8,8D55,いろり庵きらく,南船橋店,JR南船橋駅(改札内)
Suica,C8,8D6B,松屋,松本駅前店,
Suica,C8,8D7A,松乃家,方南町店,
Suica,C8,8D7B,チキン亭,西新宿店,
Suica,C8,8D88,松乃家,横浜店,
Suica,C8,8D89,松乃家,伊勢佐木町店,
Suica,C8,8D94,丶松,立川北口店,
Suica,C8,8DA1,松のや,江戸川橋店,
Suica,C8,8DD2,松乃家,勝どき店,
Suica,C8,8DDB,松乃家,千歳船橋店,
Suica,C8,8DE3,松乃家,茅ヶ崎店,
Suica,C8,8DE9,松屋,東戸塚東口店,
Suica,C8,8E23,野洲そば,宇都宮4号店,宇都宮駅7，8番ホーム
Suica,C8,8E27,そば処中山道,大宮8·9番線ホーム店,大宮駅 在来線8·9番のりば
Suica,C8,8E2B,清流そば,立川駅5・6番線ホーム店,立川駅5・6番線(中央線下り)ホーム 7号車付近
Suica,C8,8EAF,いろり庵きらく,甲府店,
Suica,C8,8EB0,いろり庵きらく,蘇我店,JR蘇我駅(改札内) Dila蘇我内
Suica,C8,8EB1,奥多摩そば,南武ホーム店,立川駅改札内 7・8番線ホーム 3号車付近
Suica,C8,8EC0,駅そば,大宮,大宮駅構内京浜ホーム
Suica,C8,8F16,いろり庵きらく,nonowa武蔵境店,
Suica,C8,8F28,武蔵野うどん こぶし,ecute立川店,
Suica,C8,8F2C,いろり庵きらく,西日暮里店,JR西日暮里駅(改札内)コンコース
Suica,C8,8F4F,あじさい茶屋,新習志野店,新習志野駅(改札外)南口外
Suica,C8,8F51,湾岸そば,新木場店,JR新木場駅(改札内)コンコース
Suica,C8,8F53,大江戸そば,錦糸町西店,JR錦糸町駅(改札内) 総武快速線ホーム東京方
Suica,C8,8F84,濱そば,川崎店,JR川崎駅 京浜東北線ホーム
Suica,C8,8FB3,そばいち,ペリエ千葉店,千葉駅ナカ
Suica,C8,9022,源太郎そば,春日店,掛布ビル 1F
Suica,C8,902C,#駅そば#しらかみ庵,秋田駅,(改札外)中央改札前
Suica,C8,909F,自動販売機,#JR東日本#新潟駅,8・9番線ホーム
Suica,C8,90B5,松屋,代々木店,
Suica,C8,90B8,松屋,新橋3丁目店,
Suica,C8,90D4,松屋,市ヶ谷店,
Suica,C8,90EC,弥生軒,8号店,JR我孫子駅1·2番線 取手方
Suica,C8,9106,#そば処#八甲田,,青森駅 東口改札外
Suica,C8,911B,あずみ,熊谷店,JR熊谷駅構内(改札内) 2階コンコース
Suica,C8,911C,あずみ,大崎店,JR大崎駅改札内
Suica,C8,911D,あずみ,大崎店,JR大崎駅改札内
Suica,C8,911E,あずみ,国際展示場駅店,国際展示場駅改札外
Suica,C8,911F,あずみ,国際展示場駅店,国際展示場駅改札外
Suica,C8,914D,二八そば あずみ,ペリエ西船橋店,西船橋駅改札外2F
Suica,C8,92A3,自動販売機,#JR外房線#上総一ノ宮駅,本屋入口(改札外)
Suica,C8,92FA,自動販売機,#JR東日本#新潟駅,CoCoLo南 宝くじ売り場新潟駅チャンスセンター横
Suica,C8,92FC,自動販売機,#JR外房線#土気駅,改札階コンコース
Suica,C8,9304,自動販売機,#JR東日本#鶴見駅,改札内 改札階 エスカレーター近く
Suica,C8,A533,自動販売機,JR東京駅,20·21番線ホーム南端付近
Suica,C8,A537,自動販売機,#東北/山形/秋田/北海道/上越/北陸新幹線#東京駅,20·21番線ホーム
Suica,C8,A58D,自動販売機,#JR仙石線#野蒜駅,改札外
Suica,C8,A5BA,自動販売機,千葉現業ビル1階ロビー,
Suica,C8,A5F1,自動販売機,#JR青梅/南武/中央東線#立川駅,7·8番線ホーム 西寄り
Suica,C8,A63B,自動販売機,フクダ電子アリーナ(千葉市蘇我球技場),Iゲート
Suica,C8,A64A,自動販売機,#JR京葉線#東京駅,京葉地下3階コンコース
Suica,C8,A6A0,自動販売機,#JR根岸線#桜木町駅,改札内 南改札口付近
Suica,C8,A701,自動販売機,#JR京葉線#新習志野駅,2·3番線ホーム南船橋側
Suica,C8,A753,自動販売機,#JR総武線#両国駅,改札外すぐ
Suica,C8,A77C,自動販売機,#東北/山形/秋田/北海道/上越/北陸新幹線#大宮駅,17·18番ホーム盛岡側
Suica,C8,A80A,ローソン,文化放送メディアプラス店,文化放送メディアプラス1F
Suica,C8,A83B,自動販売機,#JR東日本#川崎駅,ホーム
Suica,C8,A885,自動販売機,#JR東日本#一ノ関駅,東口改札内
Suica,C8,A892,自動販売機,#JR東日本#新橋駅,1·2番線下通路
Suica,C8,A8A2,自動販売機,#JR信越本線#亀田駅,ホーム上
Suica,C8,A8E9,ファミリーマート,渋谷マークシティ店,渋谷マークシティ4階
Suica,C8,A8EA,ファミリーマート,渋谷マークシティ店,渋谷マークシティ4階
Suica,C8,AA08,コインロッカー,#JR京浜東北/山手線#有楽町駅,銀座口改札外ロッカー2号 (東京ステーションサービス)
Suica,C8,AA0C,コインロッカー,JR上野駅,不忍池口(改札内)コンコース
Suica,C8,AA2C,コインロッカー,仙台駅2階交番脇【A】,JR仙台駅2階
Suica,C8,AA2D,コインロッカー,仙台駅,JR仙台駅
Suica,C8,AA56,コインロッカー,#JR東北本線/東北新幹線#盛岡駅,わんこロード(改札外2F)
Suica,C8,AA59,コインロッカー,#JR京浜東北線/東急池上・多摩川線#蒲田駅,南口改札外
Suica,C8,AA66,コインロッカー,#JR総武/山手線/京浜東北線#秋葉原駅,中層階
Suica,C8,AAF5,やよい軒,錦糸町北口店,
Suica,C8,ACF9,自動販売機,#JR総武/東金線#成東駅,改札内 改札口横
Suica,C8,ACFA,自動販売機,#JR内房線#五井駅,1·2番線ホーム 中央階段南側
Suica,C8,ACFC,自動販売機,#JR外房線#上総一ノ宮駅,上総一ノ宮駅(改札外)駅舎入口横
Suica,C8,AD28,自動販売機,丸の内車掌区,丸の内車掌区内入口横
Suica,C8,B24C,ニンテンドーeショップ,,
Suica,C8,B2AC,ニンテンドーeショップ,,
Suica,C8,B2BD,ニンテンドーeショップ,,
Suica,C8,B2D5,ニンテンドーeショップ,,
Suica,C8,B2D8,ニンテンドーeショップ,,
Suica,C8,B2EE,ニンテンドーeショップ,,
Suica,C8,B2EF,ニンテンドーeショップ,,
Suica,C8,B3DE,自動販売機,リパーク 渋谷桜丘町第3,
Suica,C8,BEA6,ゼネラル エクスプレス,シンエネ八幡山SS,
Suica,C8,BEA7,ゼネラル エクスプレス,シンエネ八幡山SS,
Suica,C8,BEA8,ゼネラル エクスプレス,シンエネ八幡山SS,
Suica,C8,BEA9,ゼネラル エクスプレス,シンエネ八幡山SS,
Suica,C8,BEAA,ゼネラル エクスプレス,シンエネ八幡山SS,
Suica,C8,BEAB,ゼネラル エクスプレス,シンエネ八幡山SS,
Suica,C8,BEAC,ゼネラル エクスプレス,シンエネ八幡山SS,
Suica,C8,BEAD,ゼネラル エクスプレス,シンエネ八幡山SS,
Suica,C8,BEAE,ゼネラル エクスプレス,シンエネ八幡山SS,
Suica,C8,BEAF,ゼネラル エクスプレス,シンエネ八幡山SS,
Suica,C8,BEB0,ゼネラル エクスプレス,シンエネ八幡山SS,
Suica,C8,BEB1,ゼネラル エクスプレス,シンエネ八幡山SS,
Suica,C8,BEB2,ゼネラル エクスプレス,シンエネ八幡山SS,
Suica,C8,BEB3,ゼネラル エクスプレス,シンエネ八幡山SS,
Suica,C8,C145,自動販売機,東京港フェリー埠頭ターミナルビル,2階
Suica,C8,C950,自動販売機,#JR東日本#平塚駅,1·2番線ホーム熱海方(15両編成3号車付近)
Suica,C8,C969,自動販売機,#JR東海道本線#平塚駅,2·3番線ホーム15号車付近
Suica,C8,C9C3,自動販売機,#JR東海道本線#藤沢駅,東京寄り
Suica,C8,CA02,自動販売機,#JR横須賀線#衣笠駅,ホーム
Suica,C8,CB62,自動販売機,蘇我運輸区,2階
Suica,C8,CB93,自動販売機,#JR成田線#成田駅,2·3番ホーム酒々井側自販機
Suica,C8,CC5E,自動販売機,#JR東日本#小牛田駅,3，4番ホーム待合室内
Suica,C8,CD0E,自動販売機,#JR東海道本線/横須賀線#大船駅 3·4番線ホーム12号車付近,acure
Suica,C8,CD1B,自動販売機,#JR総武本線#東船橋駅,
Suica,C8,CD49,自動販売機,十日市場駅,ホーム3号車付近
Suica,C8,CD91,自動販売機,#JR総武/山手線/京浜東北線#秋葉原駅,5番線ホーム 4号車付近 エレベーター脇
Suica,C8,CDD9,自動販売機,#JR常磐/東海道本線#上野駅,9·10番線ホーム
Suica,C8,CE27,自動販売機,#JR中央本線#中野駅,新宿方面列車入線ホーム
Suica,C8,CE69,自動販売機,#JR横須賀線#西大井駅,2番線ホーム
Suica,C8,D299,自動販売機,タイムズ蘇我駅西口敷地内,
Suica,C8,D584,自動販売機,浜松駅バスターミナル,4のりば前(第一待合室横)
Suica,C8,D585,自動販売機,浜松駅バスターミナル,13のりば前(第二待合室横)
Suica,C8,D590,自動販売機,浜松駅バスターミナル,第一待合室
Suica,C8,D82B,自動販売機,浜松駅バスターミナル,第二待合室横(13のりば前)
Suica,C8,D82C,自動販売機,浜松駅バスターミナル,第一待合室横(3のりば前)
Suica,C8,DB53,自動販売機,#JR山手線#恵比寿駅,3·4番線ホーム中央付近
Suica,C8,DBA9,自動販売機,#JR京浜東北/横須賀/東海道線#横浜駅,5·6番ホーム中央付近
Suica,C8,DBD8,自動販売機,#JR両毛線#前橋駅,2·3番線ホーム高崎側
Suica,C8,DC0B,自動販売機,#JR外房線#勝浦駅,2·3番線ホーム
Suica,C8,DC10,自動販売機,#JR総武/外房線#千葉駅,3·4番線ホーム 本千葉寄り
Suica,C8,DC34,自動販売機,木更津統合庁舎,1階
Suica,C8,DC46,自動販売機,#JR外房線/東金線#大網駅,JR大網駅 2番線ホーム エレベーター付近
Suica,C8,DC47,自動販売機,#JR外房線#大原駅,1番線スロープ横
Suica,C8,DC52,自動販売機,鉄道博物館,3階ビューデッキ
Suica,C8,DC53,自動販売機,#JR東日本#友部駅,2·3番線 ホーム南寄り
Suica,C8,DDE1,自動販売機,#東北/山形/秋田/北海道/上越/北陸新幹線#大宮駅,13·14番ホーム盛岡側
Suica,C8,DF5B,自動販売機,#JR外房線#大原駅,1番線ホーム跨線橋下
Suica,C8,E2AA,自動販売機,,センチュリー21 三巧商事 建物脇
Suica,C8,E66E,自動販売機,万代シテイバスセンター,1F バスターミナル 3番乗り場前
Suica,C8,EADC,自動販売機,#JR東日本#郡山駅,2，4番ホームエスカレーター前
Suica,C8,EB46,自動販売機,#JR総武線#新小岩駅,緩行線ホーム東京側
Suica,C8,EB75,自動販売機,万代シテイバスセンター,"1F バスターミナル ""おにぎりの寿屋"" 斜め向かい"
Suica,C8,EE68,タイトーステーション,新宿南口ゲームワールド店,
Suica,C8,EE6F,Hey(HIROSE ENTERTAINMENT YARD),4階,クイズマジックアカデミー
Suica,C8,EE7B,Hey(HIROSE ENTERTAINMENT YARD),,プリパラ
Suica,C8,EE87,タイトーステーション,秋葉原店,
Suica,C8,EEC0,タイトーステーション,大宮店,
Suica,C8,EEC2,タイトーステーション,船橋店,
Suica,C8,EEC4,タイトーステーション,船橋店,
Suica,C8,EEC8,タイトーステーション,船橋店,
Suica,C8,EF2F,タイトーステーション,上野アメ横店,
Suica,C8,F241,自動販売機,#JR東海道本線#根府川駅,2·3番線ホーム
Suica,C8,F24C,自動販売機,#JR磐越西/羽越/信越本線#新津駅,1番線ホーム
Suica,C8,F29B,自動販売機,東京モノレール昭和島総合センター,社員食堂内
Suica,C8,F3C8,自動販売機,ヴェラハイツ道玄坂,
Suica,C8,F3E0,自動販売機,#JR総武本線#東船橋駅,
Suica,C8,F414,自動販売機,#仙台空港アクセス線/JR常磐/東北本線#名取駅,2·3番ホーム北側
Suica,C8,F772,自動販売機,#JR東日本#新潟駅,東こ線橋万代口側階段下
Suica,C8,F779,自動販売機,JR東日本総合研修センター研修棟5階,
Suica,C8,F7A1,自動販売機,酒井屋,
TOICA,C7,0D8B,サークルK,黒川店,
TOICA,C7,105E,ローソン,大曽根駅前店,
TOICA,C7,1371,デイリーヤマザキ,神岡殿町店,
TOICA,C7,1374,デイリーヤマザキ,神岡本町店,
TOICA,C7,13BC,デイリーヤマザキ,古川幸栄店,
TOICA,C7,1446,デイリーヤマザキ,阿智PA(上り)店,
TOICA,C7,1465,デイリーヤマザキ,高山花川店,
TOICA,C7,14AA,ローソン,各務原鵜沼東町店,
TOICA,C7,156B,サークルK,モール街店,
TOICA,C7,156C,サークルK,モール街店,
TOICA,C7,1696,サークルK,浜松中田島店,
TOICA,C7,1697,サークルK,浜松中田島店,
TOICA,C7,16D5,サークルK,袋井愛野駅北店,
TOICA,C7,172E,サークルK,掛川横須賀店,
TOICA,C7,1795,サークルK,白山家城店,
TOICA,C7,18D1,サークルK,高山昭和町店,
TOICA,C7,18D9,サークルK,津栄町二丁目店,
TOICA,C7,191B,サークルK,岐阜駅前店,
TOICA,C7,19E2,サークルK,四日市三重団地店,
TOICA,C7,1A8F,サークルK,大垣林町店,
TOICA,C7,1AF1,サンクス,浜松アクト通り店,
TOICA,C7,233D,ローソン,名駅太閤通口店,
TOICA,C7,2745,ファミリーマート,勝川駅北店,
TOICA,C7,27A8,ギフトキヨスク,名古屋南待合店,
TOICA,C7,27B1,ベルマートキヨスク,静岡5号,
TOICA,C7,27B6,キヨスク,浜松2号,浜松駅構内
TOICA,C7,27D1,キヨスク,名古屋幹線上りホーム(511号),新幹線上りホーム(14・15番線)新大阪方ホーム4号車付近
TOICA,C7,27E3,ベルマートキヨスク,太閤南口店,
TOICA,C7,27E5,ギフトキヨスク,名古屋幹北,名古屋駅 新幹線北改札口脇
TOICA,C7,27E7,ギフトキヨスク,名古屋幹北,名古屋駅 新幹線北改札口脇
TOICA,C7,27EB,ギフトキヨスク,名古屋北待合,名古屋駅 新幹線北待合室
TOICA,C7,2801,ベルマート,広小路口,
TOICA,C7,2803,ベルマート,桜通口店,JR名古屋駅構内
TOICA,C7,280F,ベルマートキヨスク,名古屋駅東海上りホーム,JR名古屋駅1・2番線ホーム
TOICA,C7,2826,ベルマート,新大阪上りホーム,
TOICA,C7,288C,ジオオーガニックカフェ,東京駅店,JR東京駅(東海道新幹線改札内)
TOICA,C7,2895,スターバックスコーヒー,JR有楽町駅京橋口店,
TOICA,C7,28E1,ベルマートキヨスク,金山東海道店,金山駅東海道本線ホーム
TOICA,C7,28E3,ベルマート,金山中央店,JR金山駅中央本線ホーム
TOICA,C7,28EC,キヨスク,米原501号店,米原駅 新幹線改札内待合室
TOICA,C7,28F0,ベルマートキヨスク,大曽根店,JR大曽根駅改札外 北口改札付近
TOICA,C7,28F2,ベルマートキヨスク,大曽根南口店,南口改札前
TOICA,C7,2903,ギフトキヨスク,三島,三島駅 北口新幹線改札口脇(待合室入口付近)
TOICA,C7,291F,ベルマート,一宮中央,
TOICA,C7,2922,ベルマート,一宮改札内,尾張一宮駅 改札口内2階
TOICA,C7,2929,ベルマートキヨスク,沼津店,
TOICA,C7,292B,キヨスク,沼津北口(2号),北口改札前
TOICA,C7,2933,ベルマート,菊川,菊川駅 改札口脇
TOICA,C7,2968,ベルマートキヨスク,春日井,JR春日井駅2F 改札外 改札口前
TOICA,C7,2978,ベルマート,岡崎,JR岡崎駅 改札口横
TOICA,C7,297D,ベルマートキヨスク,蒲郡,蒲郡駅改札口前
TOICA,C7,297E,ベルマートキヨスク,恵那,JR恵那駅 改札外
TOICA,C7,2990,ギフトステーション,名古屋,名古屋駅中央コンコース
TOICA,C7,2991,キヨスク,稲沢,稲沢駅改札口脇
TOICA,C7,29FD,ベルマート,高山店,JR高山駅橋上駅舎 2階コンコース内
TOICA,C7,2A00,キヨスク,木曽福島,木曽福島駅 待合室内
TOICA,C7,2A0C,ベルマート,金山店,JR金山駅改札外
TOICA,C7,2A10,リニア・鉄道館,ミュージアムショップ,
TOICA,C7,2BCC,みかわの郷,豊橋駅ビル カルミア店,1F北館
TOICA,C7,2BD8,ボンとらや,豊橋駅ビル カルミア店,2F南館
TOICA,C7,2BDF,デリカステーション,新横浜駅,3·4番線(下り)ホーム 13号車付近
TOICA,C7,2BE1,デリカステーション,新横浜東口コンコース,
TOICA,C7,2BF8,デリカステーション,東京南コンコース,
TOICA,C7,2BF9,デリカステーション,東京南コンコース,
TOICA,C7,2BFD,ジェイアール東海パッセンジャーズ,東京旬菜中央1店,東京駅新幹線改札内
TOICA,C7,2C00,ジェイアール東海パッセンジャーズ,東京旬菜中央1店,東京駅新幹線改札内
TOICA,C7,2C18,デリカステーション,名古屋下り09,名古屋駅16·17番線(下り)ホーム
TOICA,C7,2C30,デリカステーション,名古屋コンコース,名古屋駅太閤通口
TOICA,C7,2C36,デリカステーション,京都駅,11・12番線(上り)ホーム 5号車付近
TOICA,C7,2C3E,デリカステーション,京都コンコース,京都駅 新幹線中央口改札内
TOICA,C7,2C3F,デリカステーション,京都コンコース,京都駅 新幹線中央口改札内
TOICA,C7,2C48,ジェイアール東海パッセンジャーズ,プラザ新大阪06,新幹線新大阪駅23·24番線ホーム 6号車付近
TOICA,C7,2C4C,デリカステーション,新大阪下り06,新幹線新大阪駅21·22番ホーム6号車付近
TOICA,C7,2C54,デリカステーション,新大阪コンコース中央,新幹線新大阪駅構内
TOICA,C7,2C56,旬菜,乗換店,新大阪駅
TOICA,C7,2C6D,谷島屋,エキマチ店,MAY ONE EKIMACHI EAST
TOICA,C7,2CAA,#元祖 浜松ぎょうざ#石松,JR浜松駅店,MAY ONE EKIMACHI WEST 1F
TOICA,C7,2CAC,スターバックスコーヒー,浜松 メイワン エキマチウエスト店,
TOICA,C7,2D58,フィットケアエクスプレス,新横浜駅ビル店,
TOICA,C7,2D60,丸亀製麺,キュービックプラザ新横浜店,
TOICA,C7,2D68,崎陽軒,キュービックプラザ新横浜店,
TOICA,C7,2D82,ユニクロ,キュービックプラザ新横浜店,
TOICA,C7,2D87,三省堂書店,新横浜店,キュービックプラザ新横浜8階
TOICA,C7,2D89,ロフト,新横浜ロフト店,キュービックプラザ新横浜7階
TOICA,C7,2D8A,ロフト,新横浜ロフト店,キュービックプラザ新横浜7階
TOICA,C7,2D8B,ロフト,新横浜ロフト店,キュービックプラザ新横浜7階
TOICA,C7,2D91,三省堂書店,新横浜店,キュービックプラザ新横浜8階
TOICA,C7,2DA2,フィットケアエクスプレス,新横浜駅ビル店,
TOICA,C7,2DA4,フィットケアエクスプレス,新横浜駅ビル店,
TOICA,C7,2DA5,フィットケアエクスプレス,新横浜駅ビル店,
TOICA,C7,2DA6,フィットケアエクスプレス,新横浜駅ビル店,
TOICA,C7,2DC6,デリカステーション,京都コンコース,京都駅 新幹線中央口改札内
TOICA,C7,2F58,ヤマト運輸,稲沢福島センター,
TOICA,C7,3583,セブン‐イレブン,浜松駅南店,
TOICA,C7,3584,セブン‐イレブン,浜松駅南店,
TOICA,C7,3585,セブン‐イレブン,浜松駅南店,
TOICA,C7,361F,セブン‐イレブン,浜松伊左地北店,
TOICA,C7,3828,カラオケバンバン,伊保店,
TOICA,C7,386C,ファミリーマート,新城大野店,
TOICA,C7,3928,セブン‐イレブン,浜松曳馬5丁目店,
TOICA,C7,395F,セブン‐イレブン,名古屋廿軒家店,
TOICA,C7,39C0,カラオケバンバン,浜松佐鳴台店,
TOICA,C7,3A5F,セブン‐イレブン,浜松和地山2丁目店,
TOICA,C7,3B3B,セブン‐イレブン,春日井高森台店,
TOICA,C7,3B6A,ユニクロ,アピタ稲沢店,
TOICA,C7,3C59,ファミリーマート,知多新知小学校南店,
TOICA,C7,3CB8,セブン‐イレブン,名古屋大森1丁目店,
TOICA,C7,3CC4,セブン‐イレブン,NBS中部大学キャンパスプラザ店,中部大学春日井キャンパス キャンパスプラザ1階
TOICA,C7,3D87,ローソン,韮山町南條店,
TOICA,C7,3DBA,セブン‐イレブン,静岡呉服町通り店,
TOICA,C7,3DD5,ビックカメラ,名古屋JRゲートタワー店,10Fレジ
TOICA,C7,3E0D,ファミリーマート,名古屋東大曽根店,
TOICA,C7,3E21,セブン‐イレブン,浜松三方原南店,
TOICA,C7,3E7E,セブン‐イレブン,長久手蟹原店,
TOICA,C7,3EF7,ファミリーマート,瑞穂新瑞橋店,
TOICA,C7,3FD5,セブン‐イレブン,日進野方町稲荷店,
TOICA,C7,4063,セブン‐イレブン,名古屋広小路長者町店,
TOICA,C7,407B,セブン‐イレブン,関市下有知店,
TOICA,C7,4097,セブン‐イレブン,小幡中3丁目店,
TOICA,C7,4109,デイリーヤマザキ,金城ふ頭店,
TOICA,C7,41CD,ユニクロ,星が丘テラス店,星が丘テラスWEST棟2階
TOICA,C7,421F,ガスト,大曽根店,
TOICA,C7,42AD,サークルK,浜松旭町店,
TOICA,C7,444A,セブン‐イレブン,名古屋桜通錦1丁目店,
TOICA,C7,463D,セブン‐イレブン,名古屋中新店,
TOICA,C7,4722,バースデイ,長泉店,
TOICA,C7,490D,セブン‐イレブン,稲沢船橋町店,
TOICA,C7,4912,デイリーヤマザキ,大桑野尻,
TOICA,C7,492C,セブン‐イレブン,浜松駅西店,
TOICA,C7,492E,セブン‐イレブン,浜松駅西店,
TOICA,C7,4C8A,セブン‐イレブン,菰野町大羽根園店,
TOICA,C7,4E5C,リンガーハット,名古屋小幡店,
TOICA,C7,5025,ファミリーマート,ゆめが丘西口店,
TOICA,C7,5026,ファミリーマート,ゆめが丘西口店,
TOICA,C7,5066,ファミリーマート,桑名増田店,
TOICA,C7,5067,ファミリーマート,桑名増田店,
TOICA,C7,508B,ファミリーマート,牧之原SA店,
TOICA,C7,508D,ファミリーマート,牧之原SA店,
TOICA,C7,51F0,アピタ,稲沢店,A館食品レジ
TOICA,C7,51F1,アピタ,稲沢店,A館食品レジ
TOICA,C7,521E,くまざわ書店,アピタ稲沢店,2F
TOICA,C7,5224,アピタ,稲沢店,A館銘店レジ
TOICA,C7,5228,ジーユー,アピタ稲沢店,
TOICA,C7,53EF,ファミリーマート,静岡大坪南店,
TOICA,C7,5401,ファミリーマート,静岡呉服町店,
TOICA,C7,5408,ファミリーマート,浜松白鳥店,
TOICA,C7,5516,成城石井 SELECT,名古屋駅太閤口店,
TOICA,C7,551D,#すごい煮干ラーメン#凪,,名古屋・驛麺通り
TOICA,C7,5520,#名古屋らーめん#なご家,,名古屋・驛麺通り
TOICA,C7,553B,あんぱんや,JR名古屋駅,名古屋駅構内 タワーズ通り
TOICA,C7,553C,一風堂,名古屋驛麺通り店,名古屋・驛麺通り
TOICA,C7,553F,#東京らーめん#いな世,,名古屋・驛麺通り
TOICA,C7,5550,エクセルシオール カフェ,アスティ岐阜店,JR岐阜駅構内 アスティ岐阜2F
TOICA,C7,5586,モスバーガー,アスティ一宮店,JR尾張一宮駅構内 アスティ一宮1F
TOICA,C7,5588,スターバックスコーヒー,ASTY一宮店,
TOICA,C7,56A8,アピタ,大垣店,
TOICA,C7,56AC,アピタ,大垣店,
TOICA,C7,57F3,ファミリーマート,松阪湊町店,
TOICA,C7,59C7,ファミリーマート,近鉄伊勢市駅4番ホーム店,近鉄伊勢市駅改札内4番ホーム
TOICA,C7,59D7,アピタ,中津川店,
TOICA,C7,5AE2,サークルK,大垣藤江町店,
TOICA,C7,5B08,イトーヨーカドー,沼津店,地下1階食料品売場
TOICA,C7,5B0D,イトーヨーカドー,沼津店,1階
TOICA,C7,5C2E,ファミリーマート,近鉄賢島駅改札外店,
TOICA,C7,5D05,ココカラファイン,渋見店,
TOICA,C7,5E4A,ココカラファイン,西伊豆仁科店,
TOICA,C7,609D,ファミリーマート,浜松アクトシティ店,
TOICA,C7,63B0,セブン‐イレブン,浜松白鳥町店,
TOICA,C7,6401,ファミリーマート,熱海駅前店,
TOICA,C7,6417,ファミリーマート,磐田駅前店,
TOICA,C7,6F21,ファミリーマート,静岡城東町店,
TOICA,C7,6F22,ファミリーマート,静岡城東町店,
TOICA,C7,722B,デイリーヤマザキ,静岡伝馬町通り店,
TOICA,C7,732D,ファミリーマート,静岡パルシェ店,静岡パルシェ食彩館
TOICA,C7,732E,ファミリーマート,静岡パルシェ店,静岡パルシェ食彩館
TOICA,C7,73FC,セブン‐イレブン,浜北宮口店,
TOICA,C7,7401,セブン‐イレブン,稲沢横野店,
TOICA,C7,7405,セブン‐イレブン,浜北根堅店,
TOICA,C7,75DE,ファミリーマート,尾鷲北インター店,
TOICA,C7,75E0,ファミリーマート,鈴鹿住吉四丁目店,
TOICA,C7,76AD,ローソンストア100,東海加木屋店,
TOICA,C7,770C,ローソン,各務原蘇原中央町店,
TOICA,C7,7722,ファミリーマート,浜松上西店,
TOICA,C7,7723,ファミリーマート,浜松上西店,
TOICA,C7,7791,デイリーヤマザキ,高山丹生川店,
TOICA,C7,7A0E,セブン‐イレブン,稲沢千代西町店,
TOICA,C7,7B1B,ジェイアール東海パッセンジャーズ,ワゴンサービス,
TOICA,C7,7B23,ひかり482号,ワゴンサービス,ジェイアール東海パッセンジャーズ
TOICA,C7,7B8C,ジェイアール東海パッセンジャーズ,ワゴンサービス,
TOICA,C7,7B9A,ジェイアール東海パッセンジャーズ,ワゴンサービス,
TOICA,C7,7BB7,ジェイアール東海パッセンジャーズ,,
TOICA,C7,7BDA,ジェイアール東海パッセンジャーズ,ワゴンサービス,東京列車営業支店
TOICA,C7,7C32,ジェイアール東海パッセンジャーズ,ワゴンサービス,
TOICA,C7,7C62,のぞみ401号,ワゴンサービス,ジェイアール東海パッセンジャーズ
TOICA,C7,7C6B,ジェイアール東海パッセンジャーズ,ワゴンサービス,東海道新幹線車内販売
TOICA,C7,7C89,ひかり481号,ワゴンサービス,ジェイアール東海パッセンジャーズ
TOICA,C7,7C92,のぞみ55号,ワゴンサービス,ジェイアール東海パッセンジャーズ
TOICA,C7,7C9C,ジェイアール東海パッセンジャーズ,ワゴンサービス,
TOICA,C7,7CA2,ジェイアール東海パッセンジャーズ,ワゴンサービス,
TOICA,C7,7CCC,ジェイアール東海パッセンジャーズ,ワゴンサービス,
TOICA,C7,7CCF,ジェイアール東海パッセンジャーズ,ワゴンサービス,
TOICA,C7,7DCB,すき家,伊賀上野店,
TOICA,C7,7DD4,すき家,守山森宮店,
TOICA,C7,7F76,すき家,蒲郡三谷北通店,
TOICA,C7,7FB3,すき家,港区小割通店,
TOICA,C7,806C,セブン‐イレブン,春日井篠木7丁目店,
TOICA,C7,80BB,デイリーヤマザキ,瀬戸しなの店,
TOICA,C7,85A4,ドトールコーヒーショップ,新幹線新大阪駅店,
TOICA,C7,85E8,デイリーヤマザキ,木曽山口店,
TOICA,C7,86A5,ベルマート,京都東口,京都駅 新幹線八条東口改札外
TOICA,C7,86AC,Kiosk,グランドショップ京都,京都駅新幹線改札内
TOICA,C7,86AD,Kiosk,グランドショップ京都,京都駅新幹線改札内
TOICA,C7,86B7,ギフトキヨスク,新大阪4号,
TOICA,C7,86BA,ベルマート,八重洲南,JR東京駅 八重洲南口改札外
TOICA,C7,86F7,キヨスク,品川2号,JR品川駅新幹線コンコース
TOICA,C7,8702,ギフトキヨスク,新横浜東,新横浜駅 新幹線東改札内
TOICA,C7,8703,グランドキヨスク,新横浜,JR新横浜駅 在来線北口改札・新幹線東口改札 改札外
TOICA,C7,8705,グランドキヨスク,新横浜,JR新横浜駅 在来線北口改札・新幹線東口改札 改札外
TOICA,C7,8706,グランドキヨスク,新横浜,JR新横浜駅 在来線北口改札・新幹線東口改札 改札外
TOICA,C7,870C,キヨスク,小田原221号店,
TOICA,C7,8711,キヨスク,新横浜下りホーム3号,東海道新幹線下りホーム6号車付近
TOICA,C7,8712,キヨスク,新横浜下りホーム3号,東海道新幹線下りホーム6号車付近
TOICA,C7,8716,キヨスク,新横浜在来,JR新横浜駅在来線コンコース
TOICA,C7,8718,キヨスク,新横浜西待合,
TOICA,C7,8747,ドトールコーヒーショップ,大垣アピオ店,
TOICA,C7,8766,桃中軒,三島駅南口駅前売店,JR三島駅南口
TOICA,C7,877F,espressamente illy,京都駅店,ASTY京都
TOICA,C7,8792,マツモトキヨシ,京都駅八条口店,
TOICA,C7,8798,ドンク,京都駅店,
TOICA,C7,8799,ドンク,京都駅店,
TOICA,C7,879C,ジューサーバー,新幹線新大阪駅店,#東海道/山陽新幹線#新幹線新大阪駅改札内
TOICA,C7,879D,らーめん しおじ,,#東海道/山陽新幹線#新幹線新大阪駅改札内
TOICA,C7,87FB,東華軒,熱海駅売店,熱海駅新幹線改札内コンコース
TOICA,C7,88A5,レストランヨコオ,大阪のれんめぐり店,新大阪駅新幹線改札内
TOICA,C7,88D9,ジェイアール東海パッセンジャーズ,東京旬菜813店,JR東京駅東海道新幹線改札内 16·17番線ホーム13号車付近
TOICA,C7,88E8,デリカステーション,品川中央,新幹線北のりかえ口改札内
TOICA,C7,88EC,デリカステーション,品川南コンコース,新幹線南のりかえ口改札内
TOICA,C7,8905,デリカステーション,名古屋南,新幹線南口・南乗換口改札内 待合室
TOICA,C7,8915,デリカステーション,リニア鉄道館,2F
TOICA,C7,8923,デリカステーション,新大阪下り13,新大阪駅21·22番ホーム 11号車停止位置付近
TOICA,C7,8A08,スターバックスコーヒー,JR名古屋駅 太閤通南口店,
TOICA,C7,8A09,#スパゲッティハウス#チャオ,JR名古屋駅新幹線口,名古屋駅 うまいもん通り内
TOICA,C7,8A0D,#中国台湾料理#味仙,JR名古屋駅店,名古屋駅内 うまいもん通り内
TOICA,C7,8DF8,セブン‐イレブン,美濃加茂山手町店,
TOICA,C7,8E11,サークルK,伊賀青山町店,
TOICA,C7,8ECD,ファミリーマート,静岡インター通り店,
TOICA,C7,8F08,セブン‐イレブン,名古屋如意店,
TOICA,C7,8F64,セブン‐イレブン,亀山東御幸町店,
TOICA,C7,90C9,レイクウォーク岡谷,アピタ岡谷店,
TOICA,C7,91FC,ヤマザキショップ,NTT東日本伊豆病院店,
TOICA,C7,9787,ファミリーマート,大王あぜな店,
TOICA,C7,982B,ファミリーマート,伊賀上野あかもん店,
TOICA,C7,982C,ファミリーマート,伊賀上野あかもん店,
TOICA,C7,989B,ファミリーマート,鷲津駅前店,
TOICA,C7,992B,ファミリーマート,浜松常盤町店,
TOICA,C7,992C,ファミリーマート,浜松常盤町店,
TOICA,C7,9931,ファミリーマート,浜松舘山寺温泉店,
TOICA,C7,9AAD,ファミリーマート,牧之原SA店,牧之原SA上り線
TOICA,C7,9C06,セブン‐イレブン,浜松上島3丁目店,上島駅南
TOICA,C7,9C88,セブン‐イレブン,Kiosk八幡浜店,
TOICA,C7,9D56,ファミリーマート,浜松高林店,
TOICA,C7,9D57,ファミリーマート,浜松高林店,
TOICA,C7,AC1A,ファミリーマート,浜松高林四丁目店,
TOICA,C7,B742,ブックオフプラス,浜北店,
TOICA,C7,B817,海鮮めし家,牧原鮮魚店,ラグーナフェスティバルマーケット 1F
TOICA,C7,BA8B,喫茶むらやま,エスカ店,エスカ地下街
TOICA,C7,BCD0,コメダ珈琲店,磐田今之浦店,
TOICA,C7,BF74,上島珈琲店,NEOPASA駿河湾沼津下り店,#新東名高速道路#ネオパーサ駿河湾沼津SA下り
TOICA,C7,BF8E,セブン‐イレブン,袋井北浅羽店,
TOICA,C7,BF8F,セブン‐イレブン,袋井北浅羽店,
TOICA,C7,BFB7,セブン‐イレブン,豊田市亀首町店,
TOICA,C7,BFB8,セブン‐イレブン,豊田市亀首町店,
TOICA,C7,BFD6,山法師,やまと温泉やすらぎ館内,
TOICA,C7,C097,セブン‐イレブン,名古屋椿町店,
TOICA,C7,C1D2,ローソン,大曽根駅前店,
TOICA,C7,C23D,ローソン,椿町店,
TOICA,C7,C319,ローソン,上前津駅南店,
TOICA,C7,C378,ローソン,豊田田籾町店,
TOICA,C7,C379,ローソン,豊田田籾町店,
TOICA,C7,C428,ローソン,新浜松駅前店,
TOICA,C7,C429,ローソン,新浜松駅前店,
TOICA,C7,C42A,ローソン,新浜松駅前店,
TOICA,C7,C43F,ローソン,守山長栄店,
TOICA,C7,C459,ローソン,JR大垣駅北口店,
TOICA,C7,C45A,ローソン,JR大垣駅北口店,
TOICA,C7,C462,ローソン,浜松雄踏山崎店,
TOICA,C7,C623,ローソン,浜松高林二丁目店,
TOICA,C7,C624,ローソン,浜松高林二丁目店,
TOICA,C7,C789,ローソン,一宮萩原町西御堂店,
TOICA,C7,C7B9,ローソン,錦袋町通店,
TOICA,C7,C7BA,ローソン,錦袋町通店,
TOICA,C7,C915,ローソンストア100,黒川駅前店,
TOICA,C7,C98A,ローソンストア100,名鉄喜多山駅前店,
TOICA,C7,C992,JPローソン,KITTE名古屋2F店,
TOICA,C7,C9C7,JPローソン,KITTE名古屋1F店,
TOICA,C7,C9C8,JPローソン,KITTE名古屋1F店,
TOICA,C7,C9F9,セブン‐イレブン,春日井勝川町10丁目店,
TOICA,C7,CA14,ローソン,袋井浅羽店,
TOICA,C7,CACD,ラグーナテンボス,ラグナシア チケットブース,
TOICA,C7,CBB7,#炭焼きレストラン#さわやか,長泉店,
TOICA,C7,CBFE,#炭焼きレストラン#さわやか,浜松中田店,
TOICA,C7,CBFF,#炭焼きレストラン#さわやか,細江本店,
TOICA,C7,CC09,#炭焼きレストラン#さわやか,浜松高塚店,
TOICA,C7,CC14,#炭焼きレストラン#さわやか,浜松鴨江店,
TOICA,C7,CC81,ジャンカラ(ジャンボカラオケ広場),浜松駅前店,
TOICA,C7,CEC6,デリフランス,浜松,浜松駅メイワンウエスト
TOICA,C7,CF55,想吃担担面,ユニモール店,
TOICA,C7,CF8F,まぐろ小屋本店,ユニモール店,
TOICA,C7,CF90,博多一口ちびまる餃子,ユニモール店,
TOICA,C7,CFDB,掛川スーパー,浅羽店,
TOICA,C7,CFDC,掛川スーパー,浅羽店,
TOICA,C7,CFDD,掛川スーパー,浅羽店,
TOICA,C7,D000,ローソン,JRゲートタワー店,
TOICA,C7,D001,ローソン,JRゲートタワー店,
TOICA,C7,D002,ローソン,JRゲートタワー店,
TOICA,C7,D0D7,三省堂書店,名古屋本店,タカシマヤ ゲートタワーモール 8F
TOICA,C7,D30C,モスバーガー,一宮妙興寺店,
TOICA,C7,D7F8,セブン‐イレブン,浜松有楽街店,
TOICA,C7,D8AB,ユニクロ,キュービックプラザ新横浜店,
TOICA,C7,DAA7,セブン‐イレブン,名古屋椿町南店,
TOICA,C7,DEA5,スギ薬局,藤岡店,
TOICA,C7,DEDD,セブン‐イレブン,名古屋松葉町1丁目店,
TOICA,C7,E128,ギフトキヨスク,三島,北口新幹線改札口脇(待合室入口付近)
TOICA,C7,E134,ベルマートキヨスク,沼津,JR沼津駅南口改札外
TOICA,C7,E135,ベルマートキヨスク,三島北口,
TOICA,C7,E136,ベルマートキヨスク,三島南口,
TOICA,C7,E161,キヨスク,品川1号,新幹線北のりかえ口改札内
TOICA,C7,E164,グランドキヨスク,品川,新幹線北のりかえ口改札内
TOICA,C7,E16A,キヨスク,品川3号,新幹線南のりかえ口改札内
TOICA,C7,E176,ギフトキヨスク,静岡幹線,静岡駅 新幹線改札内
TOICA,C7,E189,ベルマートキヨスク,豊橋店,豊橋駅 在来線改札口脇
TOICA,C7,E18E,キヨスク,豊橋幹線待合室(552号),豊橋駅 新幹線改札内
TOICA,C7,E191,EKINAKA SWEETS,,JR豊橋駅 在来線改札内
TOICA,C7,E1EE,ベルマートキヨスク,新大阪乗換口,新大阪駅構内 新幹線改札内コンコース改札口脇
TOICA,C7,E22C,キヨスク,名古屋幹線下りホーム(516号),新幹線下りホーム(16·17番線)新大阪方12号車付近
TOICA,C7,E26A,ベルマートキヨスク,笠寺,笠寺駅
TOICA,C7,E278,キヨスク,米原橋上(501号),東海道新幹線米原駅 橋上駅舎内
TOICA,C7,E27D,ギフトキヨスク,名古屋桜通口,
TOICA,C7,E285,ベルマートキヨスク,広小路口,
TOICA,C7,EB40,セブン‐イレブン,富士山静岡空港店,静岡空港国内線搭乗ゲート内
TOICA,C8,118A,自動販売機,#中央自動車道#神坂PA下り線,屋外
TOICA,C8,1378,自動販売機,#東海北陸自動車道#関SA,売店・トイレ間、建物外
TOICA,C8,14C6,自動販売機,愛知電機株式会社,制御機器工場1F
TOICA,C8,27E2,自動販売機,#東海道新幹線#名古屋駅,新幹線 16・17番ホーム
TOICA,C8,27E6,自動販売機,#東海道新幹線#名古屋駅,新幹線上りホーム13号車付近
TOICA,C8,27F8,自動販売機,#東海道新幹線#静岡駅,5番ホーム 上り
TOICA,C8,2803,自動販売機,#JR東海道本線#静岡駅,在来2Fコンコース パルシェ東館改札口脇
TOICA,C8,284C,自動販売機,#東海道/山陽新幹線#新大阪駅,新幹線ホーム
TOICA,C8,2882,自動販売機,豊橋駅,
TOICA,C8,2884,自動販売機,#東海道新幹線#豊橋駅,東京方面ホーム
TOICA,C8,288B,自動販売機,#東海道新幹線#豊橋駅,大阪方面ホーム
TOICA,C8,2892,自動販売機,#JR東海道本線#枇杷島駅,改札外自由通路
TOICA,C8,28E5,自動販売機,#JR東海道本線#三河大塚駅,駅舎外 出入口脇
TOICA,C8,2940,自動販売機,#東海道新幹線#岐阜羽島駅,0/1番線6号車付近
TOICA,C8,2944,スパイシー・マサラ,JR京都駅構内,
TOICA,C8,2958,自動販売機,#JR東海道本線#岡崎駅,豊橋方面ホーム
TOICA,C8,295F,自動販売機,#東海道新幹線#掛川駅,5番ホーム 掛川駅下り10号車右
TOICA,C8,2979,自動販売機,#JR東海道本線#稲沢駅,売店横
TOICA,C8,297F,自動販売機,#JR東海道本線#稲沢駅,ホーム
TOICA,C8,29B4,自動販売機,#JR東海道本線#三河塩津駅,待合
TOICA,C8,29BE,自動販売機,#JR東海道本線#沼津駅,1/2番線ホーム
TOICA,C8,29E3,ベルマート,中央ホーム,名古屋 中央線ホーム(7・8番線)
TOICA,C8,2A21,コインロッカー,名古屋駅広小路口,
TOICA,C8,2A23,コインロッカー,名古屋駅中央北口,
TOICA,C8,2A93,自動販売機,#JR東海道線#名古屋駅,上り(1/2番)ホーム 金山方
TOICA,C8,2ADF,自動販売機,#JR中央西線#千種駅,ホーム
TOICA,C8,2AE2,リニア・鉄道館,入場券,
TOICA,C8,2AE7,勝川駅東自転車駐車場,第4ゲート,
TOICA,C8,2B26,リニア・鉄道館,,
TOICA,C8,2BA0,グル麺,名古屋上り,名古屋駅新幹線14・15番線ホーム
TOICA,C8,2BA1,グル麺,名古屋上り,名古屋駅新幹線14・15番線ホーム
TOICA,C8,2BF2,#名代きしめん#住よし,#東海道新幹線#名古屋駅 上りホーム店,
TOICA,C8,2BF3,#名代きしめん#住よし,#東海道新幹線#名古屋駅 下りホーム店,
TOICA,C8,2BF4,#名代きしめん#住よし,#東海道新幹線#名古屋駅 下りホーム店,
TOICA,C8,2C21,#名代きしめん#住よし,JR名古屋駅1・2番ホーム店,金山方面寄り
TOICA,C8,2C22,#名代きしめん#住よし,3番,JR名古屋駅3・4番ホーム
TOICA,C8,2C24,#麺亭#憩,JR名古屋駅5・6番ホーム店,大阪方
TOICA,C8,2C26,#名代きしめん#住よし,JR名古屋駅10・11番ホーム店,金山方面寄り
TOICA,C8,2C27,#めん処#爽亭,岐阜羽島店,JR岐阜羽島駅(改札外)
TOICA,C8,2C7B,尾張一宮駅自家用車整理場,,
TOICA,C8,2C95,壺屋,,在来線改札内フードテラス
TOICA,C8,2CBF,羽島こうか,東駐車場,事前精算機
TOICA,C8,2CE0,#名代きしめん#住よし,JR名古屋駅7・8番ホーム店,
TOICA,C8,2CF2,コインロッカー,#JR高山/東海道本線#岐阜駅,
TOICA,C8,2CF6,自動販売機,豊田合成アリーナ,
TOICA,C8,2CF7,自動販売機,豊田合成アリーナ,
TOICA,C8,3080,QBハウス,アスティ静岡,
TOICA,C8,3249,自動販売機,#JR東海#名古屋駅,14·15番線ホーム(東海道新幹線上り東京方面)13号車付近
TOICA,C8,8809,自動販売機,#JR中央本線#古虎渓駅,改札外
TOICA,C8,8828,自動販売機,#JR東海道本線#沼津駅,1/2番線ホーム
TOICA,C8,8883,松屋,大津通錦店,
TOICA,C8,8884,松屋,金山店,
TOICA,C8,88A2,松屋,豊田十塚店,
TOICA,C8,88DD,Curry&Beer Bar WAVE,,名古屋うまいもん通り
TOICA,C8,8902,自動販売機,#東海道新幹線#新大阪駅,新幹線改札内 21·22番線ホーム 京都方
TOICA,C8,B64C,エッソ エクスプレス,稲沢市役所前SS,
manaca,C7,0D5B,サークルK,地下鉄金山店,
manaca,C7,0E49,サークルK,野跡二丁目店,
manaca,C7,0E9D,カルディコーヒーファーム,金山店,
manaca,C7,0EEA,サークルK,守山大森店,
manaca,C7,0F3B,サークルK,日進駅店,#名古屋鉄道豊田線#日進駅 高架下
manaca,C7,0F76,サークルK,守山小六町店,
manaca,C7,0FC4,サークルK,港稲永店,
manaca,C7,1021,サークルK,ミニ名古屋本山店,名古屋市営地下鉄本山駅 地下二階 改札内 東山線名城線間連絡通路
manaca,C7,106E,サークルK,守山小幡常燈店,
manaca,C7,1098,ピアゴ,ラ フーズコア正保店,
manaca,C7,1099,サークルK,稲沢天池店,
manaca,C7,131B,アピタ,千代田橋店,3階 お勘定場②
manaca,C7,131D,デイリーヤマザキ,錦3丁目店,
manaca,C7,134C,アピタ,千代田橋店,1F 食料品売場
manaca,C7,146E,ファミリーマート,恵那峡SA上り店,
manaca,C7,1475,ファミリーマート,ひるがの高原SA店,#東海北陸道#ひるがの高原SA 上り線
manaca,C7,1553,ファミリーマート,広小路新栄町店,
manaca,C7,155F,ピアゴ,西城店,1F スーパーマーケット
manaca,C7,15AB,ファミリーマート エスタシオ,栄町駅店,名鉄栄町駅 地下1階(改札階)改札外 きっぷ売場南側
manaca,C7,15CE,サークルK,中村笈瀬通店,
manaca,C7,1699,ファミリーマート,美濃大矢田店,
manaca,C7,16CD,ファミリーマート,大治西條店,
manaca,C7,16D0,ファミリーマート,稲沢大塚店,
manaca,C7,16EF,サブウェイ,御殿場駅前店,BE-ONEビル1階
manaca,C7,16FD,ピアゴ,守山店,1F食料品コーナー
manaca,C7,1737,サークルK,守山喜多山店,
manaca,C7,1738,サークルK,守山喜多山店,
manaca,C7,1771,サークルK,森下駅前店,
manaca,C7,178A,サークルK,東山線星ヶ丘駅店,名古屋市営地下鉄 星ヶ丘駅 B1F 改札外 西改札口前
manaca,C7,17E7,ファミリーマート,地下鉄伏見駅北店,
manaca,C7,180E,ファミリーマート,東山線名古屋駅店,
manaca,C7,180F,ファミリーマート,東山線名古屋駅店,
manaca,C7,1810,ファミリーマート,東山線名古屋駅店,
manaca,C7,1812,ファミリーマート,近鉄名古屋駅地下改札内中央店,
manaca,C7,1813,ファミリーマート,近鉄名古屋駅4番ホーム南店,
manaca,C7,192E,ファミリーマート,近鉄名古屋駅4番ホーム北店,
manaca,C7,195F,ファミリーマート,近鉄名古屋駅1番ホーム前店,
manaca,C7,1963,ファミリーマート,近鉄名古屋駅1番ホーム前店,
manaca,C7,19B0,ココカラファイン,アクロスプラザ稲沢店,
manaca,C7,1A69,ファミリーマート エスタシオ,栄町駅店,名鉄栄町駅 地下1階(改札階)改札外 きっぷ売場南側
manaca,C7,1AA8,ファミリーマート エスタシオ,太田川駅店,
manaca,C7,1D31,ファミリーマート,港知多店,
manaca,C7,1D40,ファミリーマート,大森五丁目店,
manaca,C7,1D41,ファミリーマート,大森五丁目店,
manaca,C7,1D57,ファミリーマート,尾張旭桜ヶ丘店,
manaca,C7,1D5E,ファミリーマート,高山駅前店,
manaca,C7,1D5F,ファミリーマート,高山駅前店,
manaca,C7,1D6D,ファミリーマート,守山苗代店,
manaca,C7,1D73,ファミリーマート,守山城南町店,
manaca,C7,1DA5,ファミリーマート エスタシオ,名鉄一宮駅店,名鉄一宮駅構内(改札外)
manaca,C7,1E29,ファミリーマート エスタシオ,豊田市駅店,
manaca,C7,1E55,ファミリーマート,守山高島町店,
manaca,C7,1E78,ファミリーマート,セントレアホテルプラザ店,中部国際空港内
manaca,C7,1EE6,ファミリーマート,名東山の手店,
manaca,C7,1EED,ファミリーマート エスタシオ,名鉄名古屋駅上りホーム店,名鉄名古屋改札内
manaca,C7,1FA0,ファミリーマート,守山大牧町店,
manaca,C7,1FA1,ファミリーマート,守山大牧町店,
manaca,C7,2285,ファミリーマート エスタシオ,名鉄金山駅上りホーム店,
manaca,C7,2384,ファミリーマート エスタシオ,名鉄金山駅改札内店,
manaca,C7,2563,ファミリーマート,大森駅南店,
manaca,C7,2564,ファミリーマート,大森駅南店,
manaca,C7,2736,ファミリーマート,パルティせと店,パルティせと1階 南側
manaca,C7,2737,オアシス21バスターミナルショップ,,
manaca,C7,274F,コンパル,メイチカ店,
manaca,C7,276E,モスバーガー,池下店,
manaca,C7,2774,スギ薬局,金山駅前店,
manaca,C7,2777,カフェ ローシャ,サンクレア池下,地下1階
manaca,C7,2779,セブン‐イレブン,名古屋地下鉄野並駅店,
manaca,C7,2795,ビックカメラ,名古屋駅西店,1階
manaca,C7,279F,サンコス,小牧店,名鉄小牧線 小牧駅 B1F 改札外 改札前
manaca,C7,294E,ファミリーマート エスタシオ,東岡崎駅店,
manaca,C7,2953,サンマルクカフェ,栄セントラルパーク店,セントラルパーク地下街
manaca,C7,298C,ロッテリア,名古屋セントラルパーク店,
manaca,C7,2A1A,名鉄病院,1号館 2階 会計,
manaca,C7,2A22,ファミリーマート,守山小幡南店,
manaca,C7,2A23,ファミリーマート,守山小幡南店,
manaca,C7,2A2E,ドトールコーヒーショップ,大名古屋ビルヂング店,
manaca,C7,2A8A,ファミリーマート,旭三郷駅前店,
manaca,C7,2A8C,ファミリーマート,名鉄イン浜松町店,
manaca,C7,2A8D,ファミリーマート,名鉄イン浜松町店,
manaca,C7,2AA7,イタリアン・トマト CafeJr.,名鉄一宮駅店,
manaca,C7,2AF6,ニトリ,名鉄名古屋駅前店,
manaca,C7,348C,ファミリーマート,名鉄名古屋駅下りホーム店,名鉄名古屋駅下りホーム
manaca,C7,348D,ファミリーマート,名鉄名古屋駅下りホーム店,名鉄名古屋駅下りホーム
manaca,C7,3584,掛川遠州屋,新東名 掛川PA下り線,新東名高速道路 下り 掛川PA 内
manaca,C7,3592,ファミリーマート,川島PA店,#東海北陸道#川島PA(下り線)
manaca,C7,35A2,カフェ・ド・クリエ,オアシス21店,
manaca,C7,35A3,カフェ・ド・クリエ,オアシス21店,
manaca,C7,35BD,バスターミナルショップ,,オアシス21
manaca,C7,37A3,ラの壱,金山駅店,
manaca,C7,37A9,ドトールコーヒーショップ,名鉄金山店,ミュープラット金山
manaca,C7,37BA,ファミリーマート,尾張旭西の野東店,
manaca,C7,37BB,ファミリーマート,尾張旭西の野東店,
manaca,C7,37E2,名鉄海上観光船,師崎営業所,
manaca,C7,3823,ファミリーマート,犬山善師野店,
manaca,C7,386C,ヤマザキショップ,高山濃飛バスセンター売店,
manaca,C7,386D,ロフト,名駅ロフト店,名鉄バスターミナルビル(メンズ館)5階
manaca,C7,38DD,ニパチ,栄広小路店,
manaca,C7,3918,覚王山 吉芋,名古屋駅店,
manaca,C7,3A61,スガキヤ,刈谷バロー店,バロー刈谷1F
manaca,C7,3A85,ファミリーマート,小幡中一丁目店,
manaca,C7,3A86,ファミリーマート,小幡中一丁目店,
manaca,C7,3B15,スガキヤ,稲沢ヨシヅヤ,
manaca,C7,3BE4,ファミリーマート,三河豊田駅前店,
manaca,C7,3C0E,成城石井,アスナル金山店,
manaca,C7,3C0F,成城石井,アスナル金山店,
manaca,C7,3C10,成城石井,アスナル金山店,
manaca,C7,3C32,ファミリーマート,瑞浪陶町店,
manaca,C7,3C33,ファミリーマート,瑞浪陶町店,
manaca,C7,3CFF,ファミリーマート,名古屋医療センター店,独立行政法人 国立病院機構 名古屋医療センター 中病棟 1階
manaca,C7,3D00,ファミリーマート,名古屋医療センター店,独立行政法人 国立病院機構 名古屋医療センター 中病棟 1階
manaca,C7,3D01,ファミリーマート,名古屋医療センター店,独立行政法人 国立病院機構 名古屋医療センター 中病棟 1階
manaca,C7,3EDE,ファミリーマート,菱池店,
manaca,C7,3EDF,ファミリーマート,菱池店,
manaca,C7,3F07,ファミリーマート エスタシオ,小幡駅店,名鉄瀬戸線 小幡駅2F 改札前 (改札外)
manaca,C7,3F08,ファミリーマート エスタシオ,小幡駅店,名鉄瀬戸線 小幡駅2F 改札前 (改札外)
manaca,C7,3F16,ファミリーマート エスタシオ,小幡駅店,名鉄瀬戸線 小幡駅2F 改札前 (改札外)
manaca,C7,3F5B,ファミリーマート,稲沢国府宮店,
manaca,C7,40BB,ファミリーマート,尾張一宮PA店,#名神高速道路#尾張一宮PA(下り線)
manaca,C7,40BC,ファミリーマート,尾張一宮PA店,#名神高速道路#尾張一宮PA(下り線)
manaca,C7,43A5,ファミリーマート,春日井松河戸町店,
manaca,C7,43A6,ファミリーマート,春日井松河戸町店,
manaca,C7,4A7C,ビックカメラ,名古屋駅西店,4階
manaca,C7,86A5,レトロでんしゃ館,,
manaca,C7,86BD,名古屋城,名古屋市市民経済局,名古屋城総合事務所
manaca,C7,86C5,東山動植物園,正門入場券販売所①,
manaca,C7,86E5,北鉄金沢駅,北陸鉄道,北鉄駅前センター
manaca,C7,AECE,鎌倉文庫,アクロス小幡店,アクロス小幡 2F
manaca,C7,AF43,ミスタードーナツ,黒川ショップ,
manaca,C7,AF79,正文館書店,本店,
manaca,C7,AF83,上海湯包小館,アスナル金山店,アスナル金山1F
manaca,C7,B059,ダイソー,名古屋栄スカイル店,メルサ7階
manaca,C7,B05A,ダイソー,名古屋栄スカイル店,メルサ7階
manaca,C7,B05B,ダイソー,名古屋栄スカイル店,メルサ7階
manaca,C7,B05C,ダイソー,名古屋栄スカイル店,メルサ7階
manaca,C7,B05D,ダイソー,名古屋栄スカイル店,メルサ7階
manaca,C7,B0BB,小牧コロナシネマワールド,,2Fシネマフロア チケットコーナー
manaca,C7,B0BF,IT-CAT,小牧店,1F
manaca,C7,B0CD,カレーハウスCoCo壱番屋,守山小幡店,
manaca,C7,B0CE,カレーハウスCoCo壱番屋,守山区大森店,
manaca,C7,B137,MEGAドン・キホーテ,千種香流店,1F
manaca,C7,B16B,豆天狗,セントレア店,
manaca,C7,B19A,カレーハウスCoCo壱番屋,セントレア店,
manaca,C7,B1E5,鎌倉文庫,アクロス小幡店,アクロス小幡 2階
manaca,C7,B210,モスバーガー,池下店,
manaca,C7,B238,ローソン,S名古屋地下鉄丸の内駅店,
manaca,C7,B239,ローソン,S名古屋地下鉄丸の内駅店,
manaca,C7,B27E,マツモトキヨシ,エスカ店,
manaca,C7,B478,遠鉄マルシェ,,NEOPASA浜松 上り
manaca,C7,B47D,遠鉄マルシェ,,NEOPASA浜松 下り
manaca,C7,B48D,養老名鉄レストラン,,#名神高速道路#養老SA 下り線
manaca,C7,B4D5,パレマルシェ,名鉄岐阜,
manaca,C7,B4D6,パレマルシェ,名鉄岐阜,
manaca,C7,B6D3,長浜神田館,#北陸自動車道#神田PA(下り線),ショッピングコーナー
manaca,C7,B6FA,奥伊勢PA(下り線),ショッピングコーナー,#紀勢自動車道#奥伊勢PA下り線
manaca,C7,B719,#元祖 浜松ぎょうざ#石松,新東名店,浜松SA(上り線)
manaca,C7,B7A2,ステーキの店 黒煉瓦,浜松SA(下り線),NEOPASA浜松
manaca,C7,B8A8,ドラッグスギヤマ,千代田店,
manaca,C7,B9E1,ドラッグスギヤマ,名鉄名古屋一番ホーム店,名鉄名古屋駅改札内
manaca,C7,BCB8,オークワ,ラフレ初生店,
manaca,C7,BCBC,オークワ,ラフレ初生店,
manaca,C8,0D44,自動販売機,#名鉄瀬戸線#小幡駅,1番ホーム
manaca,C8,0D4B,自動販売機,#名鉄瀬戸線#小幡駅,2番ホーム
manaca,C8,0DB9,自動販売機,#名鉄津島/尾西線#津島駅,ホーム
manaca,C8,0DFB,自動販売機,#名鉄#名古屋駅,西改札口外 エスカレーター横
manaca,C8,0E04,自動販売機,#名鉄#堀田駅,上りホーム
manaca,C8,0E25,自動販売機,#名鉄犬山/小牧/広見線#犬山駅,1F 改札内側 5・6番線ホーム
manaca,C8,0E53,自動販売機,#名鉄広見線#新可児駅,改札内 2・3番線ホーム
manaca,C8,0E67,自動販売機,#名古屋市営地下鉄 名城線#大曽根駅,東改札口前 改札外
manaca,C8,0EAC,自動販売機,#名古屋市営地下鉄 東山線#東山公園駅,B2F ホーム
manaca,C8,0F19,自動販売機,#名古屋市営地下鉄 桜通線#吹上駅,B3F ホーム
manaca,C8,0F2A,自動販売機,#名古屋市営地下鉄 名城線#西高蔵駅,B1F 改札内 改札前
manaca,C8,0F7F,自動販売機,#豊橋鉄道 渥美線#新豊橋駅,改札内 ホーム
manaca,C8,164C,自動販売機,#名古屋市営地下鉄 名城線#東別院駅,B1F 北改札口改札外 横
manaca,C8,17A2,自動販売機,アピタ稲沢店,3F B館立体駐車場 エスカレーター側出入口
manaca,C8,1912,自動販売機,GEO 名古屋守山店,1F 階段横
manaca,C8,19AC,自動販売機,ケーズデンキ新守山店,2F
manaca,C8,1B31,自動販売機,名古屋市営金城ふ頭駐車場,
manaca,C8,1F61,自動販売機,#名鉄#豊田本町駅,駅構内
manaca,C8,20D4,自動販売機,県営名古屋空港,制限エリア内 搭乗口
manaca,C8,2129,自動販売機,フードショップ八百重 谷熊店前,
manaca,C8,219E,自動販売機,SMBCパーク栄,店舗外西側
manaca,C8,21E4,自動販売機,ケーヨーデーツー アクロスプラザ稲沢店前,
manaca,C8,230C,自動販売機,#名鉄三河線#梅坪駅,改札外 改札前
manaca,C8,2411,自動販売機,#名鉄瀬戸線#尾張旭駅,1F 改札内 3・4番線ホーム
manaca,C8,2522,自動販売機,#名鉄尾西線#森上駅,改札外
manaca,C8,2692,自動販売機,#名鉄瀬戸線#小幡駅,2番ホーム 栄町側端
manaca,C8,2721,自動販売機,#名鉄瀬戸線#印場駅,1F 改札内 2番線ホーム
manaca,C8,2725,自動販売機,#新東名高速道路#長篠設楽原PA(上り線),建物外 北東角
manaca,C8,275A,名鉄協商パーキング,国府宮駅前,
manaca,C8,2760,パーク500,,
manaca,C8,2767,名鉄協商パーキング,藤が丘effe,
manaca,C8,279B,鶴舞第3自転車駐車場,鶴舞第3料金徴収機①,
manaca,C8,27B2,コインロッカー,名古屋駅西改札口,名古屋駅 西改札外口 付近
manaca,C8,27B6,QBハウス,Do!栄店,名古屋市営地下鉄名城線右回りホーム
manaca,C8,27B7,名鉄協商パーキング,清洲駅前,
manaca,C8,27E2,名鉄協商パーキング,木田駅前,
manaca,C8,27FA,大同大学学生食堂「タイヨウ」,,大同大学B棟 食堂券売機
manaca,C8,2836,現金チャージ機,,成城石井 アスナル金山店
manaca,C8,2837,現金チャージ機,,名鉄百貨店 本店 本館7階
manaca,C8,284C,自動販売機,道の駅 立田ふれあいの里,
manaca,C8,29F0,QBハウス,名鉄名古屋店,
manaca,C8,2A23,QBハウス,金山駅店,
manaca,C8,2A5E,自動販売機,#名鉄尾西線#森上駅,改札外
manaca,C8,2A73,自動販売機,#名鉄津島線#木田駅,南口改札外
manaca,C8,2F5B,自動販売機,#中央自動車道#虎渓山PA,ハイウェイショッブ虎渓山 客席北側
manaca,C8,2FF3,自動販売機,NEOPASA浜松 (下り),
manaca,C8,3065,自動販売機,#紀勢自動車#奥伊勢PA(下り線),売店建物内
manaca,C8,30A2,自動販売機,#名鉄瀬戸線#小幡駅,2階 改札外 自動販売機コーナー
manaca,C8,317F,自動販売機,#名鉄瀬戸線#小幡駅,1F 改札内 2番線ホーム
manaca,C8,32E8,自動販売機,名古屋医療センター,病棟 7F食堂
manaca,C8,3353,自動販売機,#名鉄瀬戸線#東大手駅,南側出入口 地上階 前
manaca,C8,33D0,自動販売機,#名鉄名古屋本線#中京競馬場前駅,コンコース階(改札内)
manaca,C8,35C2,自動販売機,飛騨金山ぬく森の里温泉 道の駅 かれん,グランド横トイレ 駐車場側
manaca,C8,3932,自動販売機,名鉄協商パーキング 豊田松ヶ枝町,
manaca,C8,39F4,QBハウス,エスカ店,
manaca,C8,86AC,ミュースターステーション,名鉄名古屋駅2,中央入口 券売機横
manaca,C8,86AD,ミュースターステーション,金山駅,名鉄金山駅 西口 券売機横
manaca,C8,86AE,ミュースターステーション,,栄町駅
manaca,C8,86AF,MAYパーク,桜通 北 第1,(黄色)
manaca,C8,86B1,MAYパーク,桜通 南 第2,(水色)
manaca,C8,86B3,MAYパーク,桜通 北 第4,(水色)
manaca,C8,86B4,MAYパーク,桜通 北 第5,(黄色)
manaca,C8,86B5,MAYパーク,桜通 南 第3,(水色)
manaca,C8,86B6,MAYパーク,名駅4 第1,(黄色)
manaca,C8,86B7,MAYパーク,名駅4 第2,(水色)
manaca,C8,86B8,MAYパーク,桜通 北 第6,(黄色)
manaca,C8,86B9,MAYパーク,桜通 南 第4,(黄色)
manaca,C8,86C2,MAYパーク,錦通 北 第1-A,(黄色)
manaca,C8,86C5,MAYパーク,錦通 北 第2-B,(黄色)
manaca,C8,86C7,MAYパーク,錦通 北 第4,(黄色)
manaca,C8,86C8,MAYパーク,錦通 南 第1,(黄色)
manaca,C8,86CD,MAYパーク,桜通 北 第2,(水色)
manaca,C8,86CE,MAYパーク,笹島 東 第1,(水色)
manaca,C8,86D0,MAYパーク,笹島 東 第2,(黄色)
manaca,C8,86D1,MAYパーク,椿町 中 第1,(黄色)
manaca,C8,86D3,MAYパーク,椿町 西 第1,(水色)
manaca,C8,86D8,MAYパーク,椿町 西 第7,(水色)
manaca,C8,86E4,ミュースターステーション,栄生駅,名鉄病院口 券売機横
manaca,C8,86E5,MAYパーク,名駅4 第3-A,(黄色)
manaca,C8,86E6,MAYパーク,名駅4 第3-B,(黄色)
manaca,C8,86E7,MAYパーク,名駅4 第3-C,(黄色)
manaca,C8,86E8,MAYパーク,泥江通 西 第1,(水色)
manaca,C8,86EA,MAYパーク,泥江通 南 第1,(水色)
manaca,C8,86F4,MAYパーク,笹島 南 第1,(黄色)
manaca,C8,86F5,MAYパーク,太閤通 北 第1,(水色)
manaca,C8,86F6,MAYパーク,太閤通 北 第2,(黄色)
manaca,C8,86F7,MAYパーク,太閤通 北 第3,(水色)
manaca,C8,86F8,MAYパーク,太閤通 北 第4,(水色)
manaca,C8,86F9,MAYパーク,太閤通 北 第5-A,(黄色)
manaca,C8,86FA,MAYパーク,太閤通 北 第5-B,(黄色)
manaca,C8,86FB,MAYパーク,太閤通 北 第6,(水色)
manaca,C8,86FD,MAYパーク,太閤通 南 第1-B8,(黄色)
manaca,C8,86FE,MAYパーク,太閤通 南 第2,(水色)
manaca,C8,86FF,MAYパーク,太閤通 南 第3,(黄色)
manaca,C8,8700,MAYパーク,名駅2 東 第1-A,(黄色)
manaca,C8,8701,MAYパーク,名駅2 東 第1-B,(黄色)
manaca,C8,8702,MAYパーク,名駅2 西 第1,(黄色)
manaca,C8,8703,MAYパーク,名駅2 西 第2,(黄色)
manaca,C8,8704,MAYパーク,名駅2 西 第3,(黄色)
manaca,C8,8705,MAYパーク,名駅2 東 第2-A,(黄色)
manaca,C8,870A,MAYパーク,名駅2 西 第4-B,(黄色)
manaca,C8,879C,でらチャリ,栄ステーション,
manaca,C8,879D,でらチャリ,ナディアパークステーション,
manaca,C8,8845,MAYパーク,泥江通 北 第1B,
manaca,C8,8848,MAYパーク,椿町 南 第2,
manaca,C8,8849,MAYパーク,椿町 北 第1,
manaca,C8,AEA1,スーパーセンターオークワ,テラスゲート土岐店,
nimoca,C7,0F15,ソラリアプラザ,,
nimoca,C7,104A,セリア,エマックス・クルメ店,
nimoca,C7,1072,鮨金,エマックス店,西鉄久留米駅
nimoca,C7,1075,セリア,エマックス・クルメ店,
nimoca,C7,1094,ViTO,天神ソラリアステージ店,
nimoca,C7,10F8,西鉄イン,黒崎,
nimoca,C7,10FB,西鉄リゾートイン別府,,
nimoca,C7,1416,にしてつストア,宇美店,
nimoca,C7,1426,雑貨館インキューブ,久留米店,西鉄久留米駅 エマックス・クルメ
nimoca,C7,1463,にしてつストア,有田店,
nimoca,C7,1464,にしてつストア,有田店,
nimoca,C7,1641,ローソン,小倉駅北口店,
nimoca,C7,1855,かしいかえん,正面ゲート入園券売り場,
nimoca,C7,19DF,福岡金文堂,本店,
nimoca,C7,1A7C,名代ラーメン亭,天神店,天神ビブレ地下1階
nimoca,C7,1AAC,TSUTAYA,天神駅前福岡ビル店,
nimoca,C7,1AAE,TSUTAYA,天神駅前福岡ビル店,2階
nimoca,C7,1C14,福岡西鉄タクシー,本社事業所,
nimoca,C7,1CFC,FLAp Kitchen,7番ゲート店,福岡空港搭乗ゲート内 7番搭乗口横
nimoca,C7,1D9E,エアポートカフェ AZUL,,大分空港ターミナルビル 2階
nimoca,C7,1DFE,#石窯パンの家#グラティエ,コムシティ黒崎店,JR黒崎駅(改札外)南口 コムシティ
nimoca,C7,1E29,プチ・ミロ,,
nimoca,C7,1F03,吉野家,大分竹町店,
nimoca,C7,1F73,ヴィ・ド・フランス,新天神地下街店,
nimoca,C7,1FC5,積文館書店,天神地下街店,
nimoca,C7,1FDA,ヴィ・ド・フランス,天神地下街店,福岡市天神地下街 地下3号
nimoca,C7,20C4,マックスバリュ,くらし館 国府店,
nimoca,C7,20DF,#にしてつストア#レガネットキュート,赤坂門店,
nimoca,C7,20E6,銀座バッカーナ ジョイア,博多店,
nimoca,C7,20ED,モスバーガー,博多バスターミナル店,博多バスターミナル地下1階
nimoca,C7,2197,ローソン,S大分県庁店,大分県庁本館1階
nimoca,C7,21E6,#インストアベーカリー#ジョアン,福岡ジョアン店,福岡三越 地下2階
nimoca,C7,221C,#旬魚旬菜夢花#夢花げんき堂,,博多バスターミナル8階
nimoca,C7,224A,#からあげ専門店#いっぽん,博多店,
nimoca,C7,22CB,雑貨館インキューブ,チャチャタウン小倉店,チャチャタウン小倉 1階
nimoca,C7,23A3,岩田屋,本店,本館B1階 食品集中レジ
nimoca,C7,2458,アニメガ・リミテッドストア,福岡パルコ店,福岡パルコ 本館増床部7階
nimoca,C7,249E,ビアードパパ,西鉄福岡(天神)駅店,ソラリアステージ2階改札前
nimoca,C7,24D1,草八,天神店,福岡市中央区天神 天神ビブレ地下1階
nimoca,C7,2521,極東ファディ,カフェファディ天神店,西鉄福岡(天神)駅 ソラリアステージ地下1階
nimoca,C7,2553,ドトールコーヒーショップ,西鉄福岡駅店,西鉄福岡(天神)駅(改札外) ソラリアステージ2階
nimoca,C7,2563,九州国立博物館,,
nimoca,C7,2582,#まんぷく食堂#ぎおん亭,博多バスターミナル店,
nimoca,C7,2583,やりうどん,久留米店,
nimoca,C7,25E6,グリーンリーブスモール,新別府病院売店,新別府病院 1階
nimoca,C7,269C,#元気すし#黒ちゃん,,博多バスターミナル8階
nimoca,C7,26A4,ヴィ・ド・フランス,博多バスターミナル店,博多バスターミナル地下1階
nimoca,C7,2831,西新パレスボウル,,
nimoca,C7,28B3,マクドナルド,博多バスターミナル店,博多バスターミナル2階
nimoca,C7,28B4,マクドナルド,博多バスターミナル店,博多バスターミナル2階
nimoca,C7,28B5,マクドナルド,博多バスターミナル店,博多バスターミナル2階
nimoca,C7,28B6,マクドナルド,博多バスターミナル店,博多バスターミナル2階
nimoca,C7,28B7,マクドナルド,博多バスターミナル店,博多バスターミナル2階
nimoca,C7,2981,大賀薬局,博多バスターミナル店,博多バスターミナル1階
nimoca,C7,2982,大賀薬局,博多バスターミナル店,博多バスターミナル1階
nimoca,C7,2A3E,#博多#西通りプリン,西通り店,
nimoca,C7,37C5,タリーズコーヒー,福岡徳洲会病院店,
nimoca,C7,38A8,しらすくじら 磯貝 天ぷら,博多バスターミナル店,博多バスターミナル8階
nimoca,C7,876E,にしてつストア,大橋店,西鉄大橋駅名店街 地下1階
nimoca,C7,8770,#にしてつストア#レガネットマルシェ,四箇田店,
nimoca,C7,87AE,にしてつストア,久留米タミー店,
nimoca,C7,87B7,にしてつストア,久留米タミー店,
nimoca,C7,87E7,#にしてつストア#レガネットキュート,リバーウォーク店,リバーウォーク北九州
nimoca,C7,8801,博多ステーションフード,,
nimoca,C7,8803,にしてつストア,竹下店,
nimoca,C7,8873,にしてつストア,レガネット天神,ソラリアステージB1
nimoca,C7,88B1,神戸屋ブレッズ,福岡パルコ店,福岡パルコ地下1階
nimoca,C7,88B3,北野エース,福岡パルコ店,
nimoca,C7,88B7,ベーべの気持ち,福岡パルコ店,福岡パルコ地下1階
nimoca,C7,88D7,スイーツパラダイス,福岡パルコ店,福岡パルコ 本館6階
nimoca,C7,88D8,三匹の黒豚by南州牧場,,西鉄福岡(天神)駅 福岡PARCO本館地下1階
nimoca,C7,8944,バンテルン,西鉄久留米駅店,西鉄久留米バスセンター1階
nimoca,C7,8955,#にしてつストア#レガネットキュート,博多バスターミナル店,博多バスターミナル地下1階
nimoca,C7,8956,#にしてつストア#レガネットキュート,博多バスターミナル店,博多バスターミナル地下1階
nimoca,C7,B05D,フードウェイ,佐賀大和店,
nimoca,C7,B085,ミスタードーナツ,西鉄久留米ショップ,西鉄久留米駅(改札外) 1階バスセンター
nimoca,C7,B090,ミスタードーナツ,西鉄薬院ショップ,西鉄大牟田線薬院駅構内(改札外)
nimoca,C7,B091,ミスタードーナツ,福岡天神ショップ,西鉄福岡(天神)駅(改札外) ソラリアステージM2階
nimoca,C7,B092,ミスタードーナツ,福岡天神ショップ,西鉄福岡(天神)駅(改札外) ソラリアステージM2階
nimoca,C7,B093,ミスタードーナツ,福岡天神ショップ,西鉄福岡(天神)駅(改札外) ソラリアステージM2階
nimoca,C7,B094,ミスタードーナツ,福岡天神ショップ,西鉄福岡(天神)駅(改札外) ソラリアステージM2階
nimoca,C7,B16D,ダイソー,博多バスターミナル店,
nimoca,C7,B17B,ダイソー,天神MMT店,
nimoca,C7,B1ED,ドラッグコスモス,天神大丸前店,
nimoca,C7,B25B,カレーハウスCoCo壱番屋,福岡門松店,
nimoca,C7,B25D,カレーハウスCoCo壱番屋,早岐JR駅前店,
nimoca,C7,B28F,アペテイートカフェ,博多駅マイング店,JR博多駅(改札外) 博多エキナカマイング
nimoca,C7,B290,アペテイートカフェ,博多駅マイング店,JR博多駅(改札外) 博多エキナカマイング
nimoca,C7,B2B2,パーム,,宮崎空港ビル1階 到着出口横
nimoca,C7,B2B3,宮崎ラーメン 響,宮崎空港店,宮崎空港ビル1階 到着出口横
nimoca,C7,B2B4,カフェカンナ,,宮崎空港 空港ビル2階
nimoca,C7,B2BD,ウィング・ウエスト,,宮崎空港2階 搭乗エリア内9番搭乗口前
nimoca,C7,B2BE,ウィング・ウエスト,,宮崎空港2階 搭乗エリア内9番搭乗口前
nimoca,C7,B2BF,ウィング・イースト,,宮崎空港2F搭乗待合室
nimoca,C7,B2C0,ウィングイースト,,宮崎空港2F搭乗待合室
nimoca,C7,B2CD,カレーハウスCoCo壱番屋,コスモタウン佐伯店,
nimoca,C7,B2D0,カレーハウスCoCo壱番屋,博多区住吉店,
nimoca,C7,B306,カレーハウスCoCo壱番屋,中央区六本松店,
nimoca,C7,B342,カレーハウスCoCo壱番屋,中央区今泉店,
nimoca,C7,B344,カレーハウスCoCo壱番屋,東区二又瀬店,
nimoca,C7,B353,カレーハウスCoCo壱番屋,博多区中洲店,
nimoca,C7,B36E,カレーハウスCoCo壱番屋,博多区筑紫通り店,
nimoca,C7,B371,カレーハウスCoCo壱番屋,中央区西中洲店,
nimoca,C7,B377,カレーハウスCoCo壱番屋,東区名島店,
nimoca,C7,B388,カレーハウスCoCo壱番屋,飯塚柏の森店,
nimoca,C7,B3BD,カレーハウスCoCo壱番屋,アクロスガーデン千鳥橋店,
nimoca,C7,B41A,ローソン,福岡篠栗駅前店,
nimoca,C7,B41B,ローソン,福岡篠栗駅前店,
nimoca,C7,B432,ローソン,セントラーザ博多店,
nimoca,C7,B433,ローソン,セントラーザ博多店,
nimoca,C7,B434,ローソン,セントラーザ博多店,
nimoca,C7,B439,ローソン,博多駅東店,
nimoca,C7,B43A,ローソン,博多駅東店,
nimoca,C7,B43D,ローソン,久留米大手町店,
nimoca,C7,B43E,ローソン,久留米大手町店,
nimoca,C7,B4CC,ローソン,箱崎九大前店,
nimoca,C7,B4CD,ローソン,箱崎九大前店,
nimoca,C7,B4FC,ローソン,六本松店,
nimoca,C7,B4FD,ローソン,六本松店,
nimoca,C7,B500,ローソン,門司港町店,
nimoca,C7,B501,ローソン,門司港町店,
nimoca,C7,B504,ローソン,中洲大通り店,
nimoca,C7,B505,ローソン,中洲大通り店,
nimoca,C7,B507,ローソン,筑紫通東光寺店,
nimoca,C7,B508,ローソン,筑紫通東光寺店,
nimoca,C7,B51B,ローソン,香椎駅前一丁目店,
nimoca,C7,B51C,ローソン,香椎駅前一丁目店,
nimoca,C7,B542,ローソン,若宮インター店,
nimoca,C7,B543,ローソン,若宮インター店,
nimoca,C7,B56C,ローソン,長者原店,
nimoca,C7,B56D,ローソン,長者原店,
nimoca,C7,B573,ローソン,行橋中央一丁目店,
nimoca,C7,B574,ローソン,行橋中央一丁目店,
nimoca,C7,B586,ローソン,空港前二丁目店,
nimoca,C7,B587,ローソン,空港前二丁目店,
nimoca,C7,B58E,ローソン,店屋町店,
nimoca,C7,B58F,ローソン,店屋町店,
nimoca,C7,B590,ローソン,店屋町店,
nimoca,C7,B594,ローソン,天神一丁目店,
nimoca,C7,B59A,ローソン,臼杵祗園店,
nimoca,C7,B59B,ローソン,臼杵祗園店,
nimoca,C7,B5AA,ローソン,吉塚五丁目店,
nimoca,C7,B5AB,ローソン,吉塚五丁目店,
nimoca,C7,B5AE,ローソン,博多祇園町店,
nimoca,C7,B5AF,ローソン,博多祇園町店,
nimoca,C7,B602,ローソン,長浜一丁目店,
nimoca,C7,B603,ローソン,長浜一丁目店,
nimoca,C7,B613,ローソン,博多千代四丁目店,
nimoca,C7,B614,ローソン,博多千代四丁目店,
nimoca,C7,B615,ローソン,博多千代四丁目店,
nimoca,C7,B62C,ローソン,大分医科大学前店,
nimoca,C7,B62D,ローソン,大分医科大学前店,
nimoca,C7,B63A,ローソン,八幡黒崎三丁目店,
nimoca,C7,B63B,ローソン,八幡黒崎三丁目店,
nimoca,C7,B644,ローソン,博多駅明治公園店,
nimoca,C7,B645,ローソン,博多駅明治公園店,
nimoca,C7,B646,ローソン,博多駅明治公園店,
nimoca,C7,B649,ローソン,九重野上店,
nimoca,C7,B64A,ローソン,九重野上店,
nimoca,C7,B699,ローソン,湯布院中央店,
nimoca,C7,B69A,ローソン,湯布院中央店,
nimoca,C7,B6A4,ローソン,苅田京町一丁目店,
nimoca,C7,B6A5,ローソン,苅田京町一丁目店,
nimoca,C7,B6B5,ローソン,福岡市役所店,
nimoca,C7,B6B6,ローソン,福岡市役所店,
nimoca,C7,B6B7,ローソン,福岡市役所店,
nimoca,C7,B6B8,ローソン,福岡市役所店,
nimoca,C7,B6BB,ローソン,都府楼南五丁目店,
nimoca,C7,B6BC,ローソン,都府楼南五丁目店,
nimoca,C7,B6D5,ローソン,電気ビル北館店,
nimoca,C7,B6D6,ローソン,電気ビル北館店,
nimoca,C7,B6D7,ローソン,電気ビル北館店,
nimoca,C7,B6F3,ローソン,博多キャナルシティ博多前店,
nimoca,C7,B6F4,ローソン,博多キャナルシティ博多前店,
nimoca,C7,B6F5,ローソン,博多キャナルシティ博多前店,
nimoca,C7,B6F6,ローソン,日田十二町店,
nimoca,C7,B6F7,ローソン,日田十二町店,
nimoca,C7,B6FE,ローソン,西鉄福岡天神店,
nimoca,C7,B6FF,ローソン,西鉄福岡天神店,
nimoca,C7,B700,ローソン,西鉄福岡天神店,
nimoca,C7,B70A,ローソン,箱崎宮前店,
nimoca,C7,B70B,ローソン,箱崎宮前店,
nimoca,C7,B70F,ローソン,吉塚本町店,
nimoca,C7,B710,ローソン,吉塚本町店,
nimoca,C7,B716,ローソン,博多東比恵三丁目店,
nimoca,C7,B717,ローソン,博多東比恵三丁目店,
nimoca,C7,B718,ローソン,博多東比恵三丁目店,
nimoca,C7,B734,ローソン,博多駅南一丁目店,
nimoca,C7,B735,ローソン,博多駅南一丁目店,
nimoca,C7,B736,ローソン,博多駅南一丁目店,
nimoca,C7,B73D,ローソン,福岡魁誠高校前店,
nimoca,C7,B73E,ローソン,福岡魁誠高校前店,
nimoca,C7,B741,ローソン,福岡博多駅前二丁目店,
nimoca,C7,B742,ローソン,福岡博多駅前二丁目店,
nimoca,C7,B743,ローソン,福岡博多駅前二丁目店,
nimoca,C7,B74E,ローソン,大分竹町通り店,
nimoca,C7,B74F,ローソン,大分竹町通り店,
nimoca,C7,B75E,ローソン,天神協和ビル店,
nimoca,C7,B75F,ローソン,天神協和ビル店,
nimoca,C7,B785,ローソン,天神南店,
nimoca,C7,B786,ローソン,天神南店,
nimoca,C7,B793,ローソン,飯塚病院店,
nimoca,C7,B794,ローソン,飯塚病院店,
nimoca,C7,B7A3,ローソン,博多バスターミナル店,JR博多駅博多口 博多バスターミナル2階
nimoca,C7,B7A4,ローソン,博多バスターミナル店,JR博多駅博多口 博多バスターミナル2階
nimoca,C7,B7A5,ローソン,博多バスターミナル店,JR博多駅博多口 博多バスターミナル2階
nimoca,C7,B7A6,ローソン,博多バスターミナル店,JR博多駅博多口 博多バスターミナル2階
nimoca,C7,B7AD,ローソン,三重総合高校前店,
nimoca,C7,B7AE,ローソン,三重総合高校前店,
nimoca,C7,B7AF,ローソン,大分浜の市二丁目店,
nimoca,C7,B7B0,ローソン,大分浜の市二丁目店,
nimoca,C7,B7B5,ローソン,福岡大学病院店,福岡大学病院 テナント棟1階
nimoca,C7,B7E7,Roast Beef & Steak ANZU,福岡空港店,フードコート
nimoca,C7,B7F2,ローソン,佐伯コスモタウン店,
nimoca,C7,B7F3,ローソン,佐伯コスモタウン店,
nimoca,C7,B80A,ローソン,福岡馬出五丁目店,
nimoca,C7,B80B,ローソン,福岡馬出五丁目店,
nimoca,C7,B813,ローソン,臼杵市浜店,
nimoca,C7,B814,ローソン,臼杵市浜店,
nimoca,C7,B819,ローソン,福岡香椎駅前店,
nimoca,C7,B81A,ローソン,福岡香椎駅前店,
nimoca,C7,B83D,RED BROOKLYN,,福岡空港国内線ターミナル2階北 フードタイムス内
nimoca,C7,B841,ローソン,門司西海岸二丁目店,
nimoca,C7,B842,ローソン,門司西海岸二丁目店,
nimoca,C7,B862,ローソン,空港北ユニバ通り店,
nimoca,C7,B863,ローソン,空港北ユニバ通り店,
nimoca,C7,B880,ローソン,あるあるCity店,JR小倉駅北口 あるあるcity内
nimoca,C7,B881,ローソン,あるあるCity店,JR小倉駅北口 あるあるcity内
nimoca,C7,B88F,ローソン,二日市中央店,
nimoca,C7,B890,ローソン,二日市中央店,
nimoca,C7,B8C9,ローソン,吉塚三丁目店,
nimoca,C7,B8CA,ローソン,吉塚三丁目店,
nimoca,C7,B8F8,ローソン,臼杵江無田店,
nimoca,C7,B8F9,ローソン,臼杵江無田店,
nimoca,C7,B907,ローソン,西鉄ホテルクルーム博多店,
nimoca,C7,B908,ローソン,西鉄ホテルクルーム博多店,
nimoca,C7,B920,ローソン,西鉄天神高速バスターミナル,
nimoca,C7,B947,ローソン,小郡市役所前店,
nimoca,C7,B948,ローソン,小郡市役所前店,
nimoca,C7,B972,ローソン,西鉄飯塚バスターミナル店,
nimoca,C7,B973,ローソン,西鉄飯塚バスターミナル店,
nimoca,C7,B987,ローソン,福岡博多駅東二丁目店,
nimoca,C7,B988,ローソン,福岡博多駅東二丁目店,
nimoca,C7,B98A,ローソン,福岡下川端町店,
nimoca,C7,B98B,ローソン,福岡下川端町店,
nimoca,C7,B9B6,ローソン,西鉄久留米バスセンター店,西鉄久留米駅(改札外) 1階バスセンター
nimoca,C7,B9B7,ローソン,西鉄久留米バスセンター店,西鉄久留米駅(改札外) 1階バスセンター
nimoca,C7,B9E0,ローソン,大分駅前店,
nimoca,C7,B9E1,ローソン,大分駅前店,
nimoca,C7,B9F9,ローソン,西鉄薬院駅店,西鉄薬院駅(改札外) 南口改札前
nimoca,C7,B9FA,ローソン,西鉄薬院駅店,西鉄薬院駅(改札外) 南口改札前
nimoca,C7,BA5C,フードウェイ,アクロスプラザ大分駅南店,KCA・アクロスプラザ大分駅南1階
nimoca,C7,BA5D,フードウェイ,アクロスプラザ大分駅南店,KCA・アクロスプラザ大分駅南1階
nimoca,C7,BA5F,フードウェイ,アクロスプラザ大分駅南店,KCA・アクロスプラザ大分駅南1階
nimoca,C7,BB9D,博多やりうどん,福岡店,西鉄福岡(天神)駅 2階コンコース
nimoca,C7,BBB3,ローソン,博多店,
nimoca,C7,BBB4,ローソン,博多店,
nimoca,C7,BBB5,ローソン,博多店,
nimoca,C7,BC0F,モスバーガー,薬院店,
nimoca,C7,BC15,モスバーガー,天神北店,
nimoca,C7,BC16,モスバーガー,西鉄久留米駅前店,
nimoca,C7,BC85,ローソン,博多吉塚一丁目店,
nimoca,C7,BCB3,ローソン,中津駅南口店,
nimoca,C7,BCC2,ローソン,竹田すごう店,道の駅すごう 駐車場内
nimoca,C7,BCE9,光華楼,エマックス店,西鉄久留米駅(改札外) 駅ビル2階エマックス
nimoca,C7,BD2F,THE CITY BAKERY,天神福岡,西鉄福岡(天神)駅 ソラリアプラザ地下2階
nimoca,C7,BD39,ドトールコーヒーショップ,天神ソラリア店,西鉄福岡(天神)駅 ソラリアプラザ地下1階
nimoca,C7,BDA9,#博多おだいとこ#まま魚,,西鉄福岡(天神)駅 ソラリアプラザ6階
nimoca,C7,BDC0,#博多とんかつ処#かつ心,,西鉄福岡(天神)駅 ソラリアステージ地下2階
nimoca,C7,BDC2,ドトールコーヒーショップ,天神ソラリアステージ店,西鉄福岡(天神)駅 ソラリアステージ
nimoca,C7,BDC3,#博多鶏ソバ#華味鳥,ソラリアステージ店,西鉄福岡(天神)駅 ソラリアステージ地下2階
nimoca,C7,BDC6,#鯛めしと和食#石蔵,天神店,西鉄福岡(天神)駅 ソラリアステージ地下2階
nimoca,C7,BDC9,竹乃屋,ソラリアステージ店,西鉄福岡(天神)駅(改札外) ソラリアステージ地下2階
nimoca,C7,BDCC,#ごはんや#牛心,,西鉄福岡(天神)駅 ソラリアステージ地下2階
nimoca,C7,BDCD,#名物ちんめん#あま太郎,,西鉄福岡(天神)駅 ソラリアステージ地下2階
nimoca,C7,BDCE,#博多海鮮食堂#魚吉,,西鉄福岡(天神)駅 ソラリアステージ地下2階
nimoca,C7,BDCF,#菊正宗#おみき茶屋,,西鉄福岡(天神)駅 ソラリアステージ地下2階
nimoca,C7,BDD2,趙乃家,ソラリアステージ店,西鉄福岡(天神)駅 ソラリアステージ地下2階
nimoca,C7,BDD6,Brioche Dorée,天神ソラリアステージ店,西鉄福岡(天神)駅 天神ソラリアステージ地下1階
nimoca,C7,BE31,デイリーヤマザキ,福岡天神コア店,
nimoca,C7,BEA2,ローソン,博多中呉服町店,
nimoca,C7,BEA3,ローソン,博多中呉服町店,
nimoca,C7,BF5A,福岡金文堂,本店,
nimoca,C7,BF5C,ローソン,西鉄バス直方店,
nimoca,C7,BF5D,ローソン,西鉄バス直方店,
nimoca,C7,C48B,ヴィ・ド・フランス,大橋店,西鉄大橋駅 大橋西鉄名店街
nimoca,C7,C495,ビアードパパ,西鉄大橋駅店,西鉄大橋駅 大橋西鉄名店街
nimoca,C7,C49D,キャンドゥ,西鉄大橋名店街店,西鉄大橋駅 大橋西鉄名店街地下1階
nimoca,C7,DBB8,セブン‐イレブン,福岡天神3丁目店,
nimoca,C7,DBB9,セブン‐イレブン,福岡天神3丁目店,
nimoca,C7,EEDD,ドトールコーヒーショップ,福岡空港国内線ゲート内店,福岡空港国内線ターミナルビル2階 搭乗ゲート内4番搭乗口付近
nimoca,C7,EEFE,SOLAE,南到着店,福岡空港国内線ターミナルビル1階 南到着出口外
nimoca,C7,FDAA,セブン‐イレブン,福岡空港店,福岡空港 北到着ゲート前
nimoca,C8,1518,自動販売機,鹿児島中央ターミナルビル,2階
nimoca,C8,2769,自動販売機,#西鉄大牟田線#下大利駅,上りホーム
nimoca,C8,2776,自動販売機,#西鉄天神大牟田線#西鉄久留米駅,
nimoca,C8,2967,nimocaチャージ機,福岡銀行本店営業部・親和銀行福岡営業部 天神地下街プラザ出張所,天神地下街1番街・北広場前
nimoca,C8,2969,#にしてつストア#レガネットキュート,赤坂門店,
nimoca,C8,296A,nimocaチャージ機,博多バスターミナル(地下1階) レガネットキュート内,
nimoca,C8,29A6,リンガーハット,コムシティ黒崎店,JR黒崎駅(改札外)南口 コムシティ
nimoca,C8,29DF,nimocaチャージ機,福岡銀行天神町支店,福岡銀行天神町支店 1階ATMコーナー
nimoca,C8,29EB,nimocaチャージ機,大分バス総合案内所,トキハ本店1階
nimoca,C8,2A05,nimocaチャージ機,ソラリアプラザ6階,ソラリアプラザ6階 ソラリア西鉄ホテルロビー前
nimoca,C8,2A06,nimocaチャージ機,西鉄グランドホテル,西鉄グランドホテル 1階フロント近く
nimoca,C8,2A09,nimocaチャージ機,西鉄天神高速バスターミナル,降車場
nimoca,C8,2A0A,nimocaチャージ機,西鉄天神高速バスターミナル,3階券売機横
nimoca,C8,2A0E,nimocaチャージ機,西鉄インフォメーションセンター,西鉄福岡(天神)駅 ソラリアステージ1階南側
nimoca,C8,2A10,nimocaチャージ機,福岡ビル,福岡ビル1階
nimoca,C8,2A13,nimocaチャージ機,博多バスターミナル1階,JR博多駅博多口隣 博多バスターミナル1階総合案内所横
nimoca,C8,2A14,nimocaチャージ機,エマックス・クルメ,2階
nimoca,C8,2A15,nimocaチャージ機,大橋西鉄名店街 北側休憩コーナー横,西鉄大橋駅(高架下) 大橋西鉄名店街
nimoca,C8,2A19,nimocaチャージ機,宮崎交通 宮崎駅バスセンター,JR宮崎駅西口
nimoca,C8,2A21,nimocaチャージ機,井筒屋 小倉店,本館東口1階
nimoca,C8,2A22,nimocaチャージ機,レガネットマルシェ薬院店,店舗入口
nimoca,C8,2C96,自動販売機,福岡市役所,10階エレベーター横
nimoca,C8,2F6F,自動販売機,福岡空港,4番搭乗口前喫煙所内
nimoca,C8,87FF,福岡徳洲会病院,駐車場,
nimoca,C8,A5EB,nimocaチャージ機,,天神コア 1階
nimoca,C8,A5ED,nimocaチャージ機,,博多バスターミナル3階
nimoca,C8,A5F1,nimocaチャージ機,,福岡パルコ本館5階 エレベーター横
nimoca,C8,A5F3,nimocaチャージ機,にしてつストア レガネット天神,ソラリアステージビル B1階
nimoca,C8,A5F7,nimocaチャージ機,レガネット大橋,
nimoca,C8,A5F8,nimocaチャージ機,ソラリアステージ地下2階(南),ソラリアステージ地下2階 南エスカレーターそば
nimoca,C8,A5F9,nimocaチャージ機,ソラリアステージ,地下2階 北エスカレーターそば
nimoca,C8,A5FA,nimocaチャージ機,ソラリアプラザ1階,ソラリアプラザ1階インフォメーション
nimoca,C8,A5FB,nimocaチャージ機,西鉄天神高速バスターミナル,3階インフォメーション横
nimoca,C8,A5FE,nimocaチャージ機,ソラリアステージ,M2階 エスカレーターそば
はやかけん,C7,2747,やりうどん,姪浜店,
はやかけん,C7,3453,ドトールコーヒーショップ,天神駅店,#福岡市営地下鉄#天神駅(改札外) 東口改札口そば
はやかけん,C7,3456,ドトールコーヒーショップ,地下鉄博多駅筑紫口店,#福岡市営地下鉄#博多駅筑紫口改札前(改札外)
はやかけん,C7,3457,ドトールコーヒーショップ,地下鉄博多駅博多口店,
はやかけん,C7,8C42,ファミリーマート,天神駅店,#福岡市営地下鉄#天神駅構内(改札外) 中央改札口近く
はやかけん,C7,9C7D,セブン‐イレブン,福岡室住団地北店,
はやかけん,C7,A347,PRONTO,福岡電気ビル北館店,
はやかけん,C7,B08E,ドトールコーヒーショップ,博多呉服町店,
はやかけん,C7,B920,ミスタードーナツ,木の葉モール橋本ショプ,
はやかけん,C7,D3D0,ファミリーマート,メトロ博多筑紫口店,#福岡市営地下鉄#博多駅構内(改札外)
はやかけん,C7,E5FF,セブン‐イレブン,福岡市地下鉄博多駅店,#福岡市営地下鉄#博多駅構内(改札外)
はやかけん,C7,E601,セブン‐イレブン,福岡市地下鉄博多駅店,#福岡市営地下鉄#博多駅構内(改札外)
はやかけん,C7,E602,セブン‐イレブン,福岡市地下鉄博多駅店,#福岡市営地下鉄#博多駅構内(改札外)
はやかけん,C8,2761,自動販売機,地下鉄天神駅 東口改札外,
はやかけん,C8,27FE,コインロッカー,地下鉄博多駅 博多口1F,
はやかけん,C8,2B92,紙与パーキング駅三,,
はやかけん,C8,873D,福岡市営渡船,志賀島旅客待合所,
はやかけん,C8,8771,自動販売機,,福岡市役所15階 食堂入口付近
